job_id,parameters,merge,solver,losing_region_states,reason,loss_summary,certificate_file,result_file
threads_n02_b01_saturated_offers_fine_lazy,"{""B"": 1, ""group"": ""fine"", ""n"": 2, ""regime"": ""saturated_offers""}",none,lazy,8,"The checked discovered-state losing certificate contains 8 states (0 unsafe) and 8/8 initial states; its stored root buckets retain every adversarial outcome and identify the outcomes in this certificate (local closure evidence, not a unique causal explanation).","{""initial_examples"": [{""enabled_action_buckets"": [{""action"": ""arrival"", ""controllable"": false, ""outcomes"": 1, ""outcomes_in_certificate_region"": 1, ""unsafe_outcome_examples"": [], ""unsafe_outcomes"": 0, ""update"": false}], ""pending"": [""rho_1"", ""rho_2""], ""physical"": [[""OLD"", ""I_q0""], [""OLD"", ""I""]], ""safe"": true, ""testers"": {}}, {""enabled_action_buckets"": [{""action"": ""arrival"", ""controllable"": false, ""outcomes"": 1, ""outcomes_in_certificate_region"": 1, ""unsafe_outcome_examples"": [], ""unsafe_outcomes"": 0, ""update"": false}, {""action"": ""dispatch_1"", ""controllable"": true, ""outcomes"": 1, ""outcomes_in_certificate_region"": 1, ""unsafe_outcome_examples"": [], ""unsafe_outcomes"": 0, ""update"": false}, {""action"": ""dispatch_2"", ""controllable"": true, ""outcomes"": 1, ""outcomes_in_certificate_region"": 1, ""unsafe_outcome_examples"": [], ""unsafe_outcomes"": 0, ""update"": false}], ""pending"": [""rho_1"", ""rho_2""], ""physical"": [[""OLD"", ""I_q1""], [""OLD"", ""I""]], ""safe"": true, ""testers"": {}}, {""enabled_action_buckets"": [{""action"": ""arrival"", ""controllable"": false, ""outcomes"": 1, ""outcomes_in_certificate_region"": 1, ""unsafe_outcome_examples"": [], ""unsafe_outcomes"": 0, ""update"": false}, {""action"": ""finish_1"", ""controllable"": false, ""outcomes"": 1, ""outcomes_in_certificate_region"": 1, ""unsafe_outcome_examples"": [], ""unsafe_outcomes"": 0, ""update"": false}], ""pending"": [""rho_1"", ""rho_2""], ""physical"": [[""OLD"", ""B_q0""], [""OLD"", ""I""]], ""safe"": true, ""testers"": {}}], ""initial_examples_limit"": 3, ""initial_states"": 8, ""losing_initial_states"": 8, ""region_states"": 8, ""safe_region_states"": 8, ""scope"": ""checked discovered-state losing certificate; sampled local root closure evidence, not a unique whole-game causal explanation"", ""unsafe_region_states"": 0}",raw/series/threads_n02_b01_saturated_offers_fine_lazy/certificate.json,raw/series/threads_n02_b01_saturated_offers_fine_lazy/result.json
threads_n02_b01_saturated_offers_e1merged_lazy,"{""B"": 1, ""group"": ""fine"", ""n"": 2, ""regime"": ""saturated_offers""}",transfers,lazy,8,"The checked discovered-state losing certificate contains 8 states (0 unsafe) and 8/8 initial states; its stored root buckets retain every adversarial outcome and identify the outcomes in this certificate (local closure evidence, not a unique causal explanation).","{""initial_examples"": [{""enabled_action_buckets"": [{""action"": ""arrival"", ""controllable"": false, ""outcomes"": 1, ""outcomes_in_certificate_region"": 1, ""unsafe_outcome_examples"": [], ""unsafe_outcomes"": 0, ""update"": false}], ""pending"": [""ablation.merge.transfers""], ""physical"": [[""OLD"", ""I_q0""], [""OLD"", ""I""]], ""safe"": true, ""testers"": {}}, {""enabled_action_buckets"": [{""action"": ""arrival"", ""controllable"": false, ""outcomes"": 1, ""outcomes_in_certificate_region"": 1, ""unsafe_outcome_examples"": [], ""unsafe_outcomes"": 0, ""update"": false}, {""action"": ""dispatch_1"", ""controllable"": true, ""outcomes"": 1, ""outcomes_in_certificate_region"": 1, ""unsafe_outcome_examples"": [], ""unsafe_outcomes"": 0, ""update"": false}, {""action"": ""dispatch_2"", ""controllable"": true, ""outcomes"": 1, ""outcomes_in_certificate_region"": 1, ""unsafe_outcome_examples"": [], ""unsafe_outcomes"": 0, ""update"": false}], ""pending"": [""ablation.merge.transfers""], ""physical"": [[""OLD"", ""I_q1""], [""OLD"", ""I""]], ""safe"": true, ""testers"": {}}, {""enabled_action_buckets"": [{""action"": ""arrival"", ""controllable"": false, ""outcomes"": 1, ""outcomes_in_certificate_region"": 1, ""unsafe_outcome_examples"": [], ""unsafe_outcomes"": 0, ""update"": false}, {""action"": ""finish_1"", ""controllable"": false, ""outcomes"": 1, ""outcomes_in_certificate_region"": 1, ""unsafe_outcome_examples"": [], ""unsafe_outcomes"": 0, ""update"": false}], ""pending"": [""ablation.merge.transfers""], ""physical"": [[""OLD"", ""B_q0""], [""OLD"", ""I""]], ""safe"": true, ""testers"": {}}], ""initial_examples_limit"": 3, ""initial_states"": 8, ""losing_initial_states"": 8, ""region_states"": 8, ""safe_region_states"": 8, ""scope"": ""checked discovered-state losing certificate; sampled local root closure evidence, not a unique whole-game causal explanation"", ""unsafe_region_states"": 0}",raw/series/threads_n02_b01_saturated_offers_e1merged_lazy/certificate.json,raw/series/threads_n02_b01_saturated_offers_e1merged_lazy/result.json
threads_n02_b01_saturated_offers_generated_all_lazy,"{""B"": 1, ""group"": ""all"", ""n"": 2, ""regime"": ""saturated_offers""}",none,lazy,8,"The checked discovered-state losing certificate contains 8 states (0 unsafe) and 8/8 initial states; its stored root buckets retain every adversarial outcome and identify the outcomes in this certificate (local closure evidence, not a unique causal explanation).","{""initial_examples"": [{""enabled_action_buckets"": [{""action"": ""arrival"", ""controllable"": false, ""outcomes"": 1, ""outcomes_in_certificate_region"": 1, ""unsafe_outcome_examples"": [], ""unsafe_outcomes"": 0, ""update"": false}], ""pending"": [""ablation.merge.transfers""], ""physical"": [[""OLD"", ""I_q0""], [""OLD"", ""I""]], ""safe"": true, ""testers"": {}}, {""enabled_action_buckets"": [{""action"": ""arrival"", ""controllable"": false, ""outcomes"": 1, ""outcomes_in_certificate_region"": 1, ""unsafe_outcome_examples"": [], ""unsafe_outcomes"": 0, ""update"": false}, {""action"": ""dispatch_1"", ""controllable"": true, ""outcomes"": 1, ""outcomes_in_certificate_region"": 1, ""unsafe_outcome_examples"": [], ""unsafe_outcomes"": 0, ""update"": false}, {""action"": ""dispatch_2"", ""controllable"": true, ""outcomes"": 1, ""outcomes_in_certificate_region"": 1, ""unsafe_outcome_examples"": [], ""unsafe_outcomes"": 0, ""update"": false}], ""pending"": [""ablation.merge.transfers""], ""physical"": [[""OLD"", ""I_q1""], [""OLD"", ""I""]], ""safe"": true, ""testers"": {}}, {""enabled_action_buckets"": [{""action"": ""arrival"", ""controllable"": false, ""outcomes"": 1, ""outcomes_in_certificate_region"": 1, ""unsafe_outcome_examples"": [], ""unsafe_outcomes"": 0, ""update"": false}, {""action"": ""finish_1"", ""controllable"": false, ""outcomes"": 1, ""outcomes_in_certificate_region"": 1, ""unsafe_outcome_examples"": [], ""unsafe_outcomes"": 0, ""update"": false}], ""pending"": [""ablation.merge.transfers""], ""physical"": [[""OLD"", ""B_q0""], [""OLD"", ""I""]], ""safe"": true, ""testers"": {}}], ""initial_examples_limit"": 3, ""initial_states"": 8, ""losing_initial_states"": 8, ""region_states"": 8, ""safe_region_states"": 8, ""scope"": ""checked discovered-state losing certificate; sampled local root closure evidence, not a unique whole-game causal explanation"", ""unsafe_region_states"": 0}",raw/series/threads_n02_b01_saturated_offers_generated_all_lazy/certificate.json,raw/series/threads_n02_b01_saturated_offers_generated_all_lazy/result.json
threads_n02_b01_saturated_offers_fine_df,"{""B"": 1, ""group"": ""fine"", ""n"": 2, ""regime"": ""saturated_offers""}",none,direct_full,8,"The checked discovered-state losing certificate contains 8 states (0 unsafe) and 8/8 initial states; its stored root buckets retain every adversarial outcome and identify the outcomes in this certificate (local closure evidence, not a unique causal explanation).","{""initial_examples"": [{""enabled_action_buckets"": [{""action"": ""arrival"", ""controllable"": false, ""outcomes"": 1, ""outcomes_in_certificate_region"": 1, ""unsafe_outcome_examples"": [], ""unsafe_outcomes"": 0, ""update"": false}], ""pending"": [""rho_1"", ""rho_2""], ""physical"": [[""OLD"", ""I_q0""], [""OLD"", ""I""]], ""safe"": true, ""testers"": {}}, {""enabled_action_buckets"": [{""action"": ""arrival"", ""controllable"": false, ""outcomes"": 1, ""outcomes_in_certificate_region"": 1, ""unsafe_outcome_examples"": [], ""unsafe_outcomes"": 0, ""update"": false}, {""action"": ""dispatch_1"", ""controllable"": true, ""outcomes"": 1, ""outcomes_in_certificate_region"": 1, ""unsafe_outcome_examples"": [], ""unsafe_outcomes"": 0, ""update"": false}, {""action"": ""dispatch_2"", ""controllable"": true, ""outcomes"": 1, ""outcomes_in_certificate_region"": 1, ""unsafe_outcome_examples"": [], ""unsafe_outcomes"": 0, ""update"": false}], ""pending"": [""rho_1"", ""rho_2""], ""physical"": [[""OLD"", ""I_q1""], [""OLD"", ""I""]], ""safe"": true, ""testers"": {}}, {""enabled_action_buckets"": [{""action"": ""arrival"", ""controllable"": false, ""outcomes"": 1, ""outcomes_in_certificate_region"": 1, ""unsafe_outcome_examples"": [], ""unsafe_outcomes"": 0, ""update"": false}, {""action"": ""finish_1"", ""controllable"": false, ""outcomes"": 1, ""outcomes_in_certificate_region"": 1, ""unsafe_outcome_examples"": [], ""unsafe_outcomes"": 0, ""update"": false}], ""pending"": [""rho_1"", ""rho_2""], ""physical"": [[""OLD"", ""B_q0""], [""OLD"", ""I""]], ""safe"": true, ""testers"": {}}], ""initial_examples_limit"": 3, ""initial_states"": 8, ""losing_initial_states"": 8, ""region_states"": 8, ""safe_region_states"": 8, ""scope"": ""checked discovered-state losing certificate; sampled local root closure evidence, not a unique whole-game causal explanation"", ""unsafe_region_states"": 0}",raw/series/threads_n02_b01_saturated_offers_fine_df/certificate.json,raw/series/threads_n02_b01_saturated_offers_fine_df/result.json
threads_n02_b02_saturated_offers_fine_lazy,"{""B"": 2, ""group"": ""fine"", ""n"": 2, ""regime"": ""saturated_offers""}",none,lazy,12,"The checked discovered-state losing certificate contains 12 states (0 unsafe) and 12/12 initial states; its stored root buckets retain every adversarial outcome and identify the outcomes in this certificate (local closure evidence, not a unique causal explanation).","{""initial_examples"": [{""enabled_action_buckets"": [{""action"": ""arrival"", ""controllable"": false, ""outcomes"": 1, ""outcomes_in_certificate_region"": 1, ""unsafe_outcome_examples"": [], ""unsafe_outcomes"": 0, ""update"": false}], ""pending"": [""rho_1"", ""rho_2""], ""physical"": [[""OLD"", ""I_q0""], [""OLD"", ""I""]], ""safe"": true, ""testers"": {}}, {""enabled_action_buckets"": [{""action"": ""arrival"", ""controllable"": false, ""outcomes"": 1, ""outcomes_in_certificate_region"": 1, ""unsafe_outcome_examples"": [], ""unsafe_outcomes"": 0, ""update"": false}, {""action"": ""dispatch_1"", ""controllable"": true, ""outcomes"": 1, ""outcomes_in_certificate_region"": 1, ""unsafe_outcome_examples"": [], ""unsafe_outcomes"": 0, ""update"": false}, {""action"": ""dispatch_2"", ""controllable"": true, ""outcomes"": 1, ""outcomes_in_certificate_region"": 1, ""unsafe_outcome_examples"": [], ""unsafe_outcomes"": 0, ""update"": false}], ""pending"": [""rho_1"", ""rho_2""], ""physical"": [[""OLD"", ""I_q1""], [""OLD"", ""I""]], ""safe"": true, ""testers"": {}}, {""enabled_action_buckets"": [{""action"": ""arrival"", ""controllable"": false, ""outcomes"": 1, ""outcomes_in_certificate_region"": 1, ""unsafe_outcome_examples"": [], ""unsafe_outcomes"": 0, ""update"": false}, {""action"": ""dispatch_1"", ""controllable"": true, ""outcomes"": 1, ""outcomes_in_certificate_region"": 1, ""unsafe_outcome_examples"": [], ""unsafe_outcomes"": 0, ""update"": false}, {""action"": ""dispatch_2"", ""controllable"": true, ""outcomes"": 1, ""outcomes_in_certificate_region"": 1, ""unsafe_outcome_examples"": [], ""unsafe_outcomes"": 0, ""update"": false}], ""pending"": [""rho_1"", ""rho_2""], ""physical"": [[""OLD"", ""I_q2""], [""OLD"", ""I""]], ""safe"": true, ""testers"": {}}], ""initial_examples_limit"": 3, ""initial_states"": 12, ""losing_initial_states"": 12, ""region_states"": 12, ""safe_region_states"": 12, ""scope"": ""checked discovered-state losing certificate; sampled local root closure evidence, not a unique whole-game causal explanation"", ""unsafe_region_states"": 0}",raw/series/threads_n02_b02_saturated_offers_fine_lazy/certificate.json,raw/series/threads_n02_b02_saturated_offers_fine_lazy/result.json
threads_n02_b02_saturated_offers_e1merged_lazy,"{""B"": 2, ""group"": ""fine"", ""n"": 2, ""regime"": ""saturated_offers""}",transfers,lazy,12,"The checked discovered-state losing certificate contains 12 states (0 unsafe) and 12/12 initial states; its stored root buckets retain every adversarial outcome and identify the outcomes in this certificate (local closure evidence, not a unique causal explanation).","{""initial_examples"": [{""enabled_action_buckets"": [{""action"": ""arrival"", ""controllable"": false, ""outcomes"": 1, ""outcomes_in_certificate_region"": 1, ""unsafe_outcome_examples"": [], ""unsafe_outcomes"": 0, ""update"": false}], ""pending"": [""ablation.merge.transfers""], ""physical"": [[""OLD"", ""I_q0""], [""OLD"", ""I""]], ""safe"": true, ""testers"": {}}, {""enabled_action_buckets"": [{""action"": ""arrival"", ""controllable"": false, ""outcomes"": 1, ""outcomes_in_certificate_region"": 1, ""unsafe_outcome_examples"": [], ""unsafe_outcomes"": 0, ""update"": false}, {""action"": ""dispatch_1"", ""controllable"": true, ""outcomes"": 1, ""outcomes_in_certificate_region"": 1, ""unsafe_outcome_examples"": [], ""unsafe_outcomes"": 0, ""update"": false}, {""action"": ""dispatch_2"", ""controllable"": true, ""outcomes"": 1, ""outcomes_in_certificate_region"": 1, ""unsafe_outcome_examples"": [], ""unsafe_outcomes"": 0, ""update"": false}], ""pending"": [""ablation.merge.transfers""], ""physical"": [[""OLD"", ""I_q1""], [""OLD"", ""I""]], ""safe"": true, ""testers"": {}}, {""enabled_action_buckets"": [{""action"": ""arrival"", ""controllable"": false, ""outcomes"": 1, ""outcomes_in_certificate_region"": 1, ""unsafe_outcome_examples"": [], ""unsafe_outcomes"": 0, ""update"": false}, {""action"": ""dispatch_1"", ""controllable"": true, ""outcomes"": 1, ""outcomes_in_certificate_region"": 1, ""unsafe_outcome_examples"": [], ""unsafe_outcomes"": 0, ""update"": false}, {""action"": ""dispatch_2"", ""controllable"": true, ""outcomes"": 1, ""outcomes_in_certificate_region"": 1, ""unsafe_outcome_examples"": [], ""unsafe_outcomes"": 0, ""update"": false}], ""pending"": [""ablation.merge.transfers""], ""physical"": [[""OLD"", ""I_q2""], [""OLD"", ""I""]], ""safe"": true, ""testers"": {}}], ""initial_examples_limit"": 3, ""initial_states"": 12, ""losing_initial_states"": 12, ""region_states"": 12, ""safe_region_states"": 12, ""scope"": ""checked discovered-state losing certificate; sampled local root closure evidence, not a unique whole-game causal explanation"", ""unsafe_region_states"": 0}",raw/series/threads_n02_b02_saturated_offers_e1merged_lazy/certificate.json,raw/series/threads_n02_b02_saturated_offers_e1merged_lazy/result.json
threads_n02_b02_saturated_offers_generated_all_lazy,"{""B"": 2, ""group"": ""all"", ""n"": 2, ""regime"": ""saturated_offers""}",none,lazy,12,"The checked discovered-state losing certificate contains 12 states (0 unsafe) and 12/12 initial states; its stored root buckets retain every adversarial outcome and identify the outcomes in this certificate (local closure evidence, not a unique causal explanation).","{""initial_examples"": [{""enabled_action_buckets"": [{""action"": ""arrival"", ""controllable"": false, ""outcomes"": 1, ""outcomes_in_certificate_region"": 1, ""unsafe_outcome_examples"": [], ""unsafe_outcomes"": 0, ""update"": false}], ""pending"": [""ablation.merge.transfers""], ""physical"": [[""OLD"", ""I_q0""], [""OLD"", ""I""]], ""safe"": true, ""testers"": {}}, {""enabled_action_buckets"": [{""action"": ""arrival"", ""controllable"": false, ""outcomes"": 1, ""outcomes_in_certificate_region"": 1, ""unsafe_outcome_examples"": [], ""unsafe_outcomes"": 0, ""update"": false}, {""action"": ""dispatch_1"", ""controllable"": true, ""outcomes"": 1, ""outcomes_in_certificate_region"": 1, ""unsafe_outcome_examples"": [], ""unsafe_outcomes"": 0, ""update"": false}, {""action"": ""dispatch_2"", ""controllable"": true, ""outcomes"": 1, ""outcomes_in_certificate_region"": 1, ""unsafe_outcome_examples"": [], ""unsafe_outcomes"": 0, ""update"": false}], ""pending"": [""ablation.merge.transfers""], ""physical"": [[""OLD"", ""I_q1""], [""OLD"", ""I""]], ""safe"": true, ""testers"": {}}, {""enabled_action_buckets"": [{""action"": ""arrival"", ""controllable"": false, ""outcomes"": 1, ""outcomes_in_certificate_region"": 1, ""unsafe_outcome_examples"": [], ""unsafe_outcomes"": 0, ""update"": false}, {""action"": ""dispatch_1"", ""controllable"": true, ""outcomes"": 1, ""outcomes_in_certificate_region"": 1, ""unsafe_outcome_examples"": [], ""unsafe_outcomes"": 0, ""update"": false}, {""action"": ""dispatch_2"", ""controllable"": true, ""outcomes"": 1, ""outcomes_in_certificate_region"": 1, ""unsafe_outcome_examples"": [], ""unsafe_outcomes"": 0, ""update"": false}], ""pending"": [""ablation.merge.transfers""], ""physical"": [[""OLD"", ""I_q2""], [""OLD"", ""I""]], ""safe"": true, ""testers"": {}}], ""initial_examples_limit"": 3, ""initial_states"": 12, ""losing_initial_states"": 12, ""region_states"": 12, ""safe_region_states"": 12, ""scope"": ""checked discovered-state losing certificate; sampled local root closure evidence, not a unique whole-game causal explanation"", ""unsafe_region_states"": 0}",raw/series/threads_n02_b02_saturated_offers_generated_all_lazy/certificate.json,raw/series/threads_n02_b02_saturated_offers_generated_all_lazy/result.json
threads_n02_b02_saturated_offers_fine_df,"{""B"": 2, ""group"": ""fine"", ""n"": 2, ""regime"": ""saturated_offers""}",none,direct_full,12,"The checked discovered-state losing certificate contains 12 states (0 unsafe) and 12/12 initial states; its stored root buckets retain every adversarial outcome and identify the outcomes in this certificate (local closure evidence, not a unique causal explanation).","{""initial_examples"": [{""enabled_action_buckets"": [{""action"": ""arrival"", ""controllable"": false, ""outcomes"": 1, ""outcomes_in_certificate_region"": 1, ""unsafe_outcome_examples"": [], ""unsafe_outcomes"": 0, ""update"": false}], ""pending"": [""rho_1"", ""rho_2""], ""physical"": [[""OLD"", ""I_q0""], [""OLD"", ""I""]], ""safe"": true, ""testers"": {}}, {""enabled_action_buckets"": [{""action"": ""arrival"", ""controllable"": false, ""outcomes"": 1, ""outcomes_in_certificate_region"": 1, ""unsafe_outcome_examples"": [], ""unsafe_outcomes"": 0, ""update"": false}, {""action"": ""dispatch_1"", ""controllable"": true, ""outcomes"": 1, ""outcomes_in_certificate_region"": 1, ""unsafe_outcome_examples"": [], ""unsafe_outcomes"": 0, ""update"": false}, {""action"": ""dispatch_2"", ""controllable"": true, ""outcomes"": 1, ""outcomes_in_certificate_region"": 1, ""unsafe_outcome_examples"": [], ""unsafe_outcomes"": 0, ""update"": false}], ""pending"": [""rho_1"", ""rho_2""], ""physical"": [[""OLD"", ""I_q1""], [""OLD"", ""I""]], ""safe"": true, ""testers"": {}}, {""enabled_action_buckets"": [{""action"": ""arrival"", ""controllable"": false, ""outcomes"": 1, ""outcomes_in_certificate_region"": 1, ""unsafe_outcome_examples"": [], ""unsafe_outcomes"": 0, ""update"": false}, {""action"": ""dispatch_1"", ""controllable"": true, ""outcomes"": 1, ""outcomes_in_certificate_region"": 1, ""unsafe_outcome_examples"": [], ""unsafe_outcomes"": 0, ""update"": false}, {""action"": ""dispatch_2"", ""controllable"": true, ""outcomes"": 1, ""outcomes_in_certificate_region"": 1, ""unsafe_outcome_examples"": [], ""unsafe_outcomes"": 0, ""update"": false}], ""pending"": [""rho_1"", ""rho_2""], ""physical"": [[""OLD"", ""I_q2""], [""OLD"", ""I""]], ""safe"": true, ""testers"": {}}], ""initial_examples_limit"": 3, ""initial_states"": 12, ""losing_initial_states"": 12, ""region_states"": 12, ""safe_region_states"": 12, ""scope"": ""checked discovered-state losing certificate; sampled local root closure evidence, not a unique whole-game causal explanation"", ""unsafe_region_states"": 0}",raw/series/threads_n02_b02_saturated_offers_fine_df/certificate.json,raw/series/threads_n02_b02_saturated_offers_fine_df/result.json
threads_n03_b01_saturated_offers_fine_lazy,"{""B"": 1, ""group"": ""fine"", ""n"": 3, ""regime"": ""saturated_offers""}",none,lazy,16,"The checked discovered-state losing certificate contains 16 states (0 unsafe) and 16/16 initial states; its stored root buckets retain every adversarial outcome and identify the outcomes in this certificate (local closure evidence, not a unique causal explanation).","{""initial_examples"": [{""enabled_action_buckets"": [{""action"": ""arrival"", ""controllable"": false, ""outcomes"": 1, ""outcomes_in_certificate_region"": 1, ""unsafe_outcome_examples"": [], ""unsafe_outcomes"": 0, ""update"": false}], ""pending"": [""rho_1"", ""rho_2"", ""rho_3""], ""physical"": [[""OLD"", ""I_q0""], [""OLD"", ""I""], [""OLD"", ""I""]], ""safe"": true, ""testers"": {}}, {""enabled_action_buckets"": [{""action"": ""arrival"", ""controllable"": false, ""outcomes"": 1, ""outcomes_in_certificate_region"": 1, ""unsafe_outcome_examples"": [], ""unsafe_outcomes"": 0, ""update"": false}, {""action"": ""dispatch_1"", ""controllable"": true, ""outcomes"": 1, ""outcomes_in_certificate_region"": 1, ""unsafe_outcome_examples"": [], ""unsafe_outcomes"": 0, ""update"": false}, {""action"": ""dispatch_2"", ""controllable"": true, ""outcomes"": 1, ""outcomes_in_certificate_region"": 1, ""unsafe_outcome_examples"": [], ""unsafe_outcomes"": 0, ""update"": false}, {""action"": ""dispatch_3"", ""controllable"": true, ""outcomes"": 1, ""outcomes_in_certificate_region"": 1, ""unsafe_outcome_examples"": [], ""unsafe_outcomes"": 0, ""update"": false}], ""pending"": [""rho_1"", ""rho_2"", ""rho_3""], ""physical"": [[""OLD"", ""I_q1""], [""OLD"", ""I""], [""OLD"", ""I""]], ""safe"": true, ""testers"": {}}, {""enabled_action_buckets"": [{""action"": ""arrival"", ""controllable"": false, ""outcomes"": 1, ""outcomes_in_certificate_region"": 1, ""unsafe_outcome_examples"": [], ""unsafe_outcomes"": 0, ""update"": false}, {""action"": ""finish_1"", ""controllable"": false, ""outcomes"": 1, ""outcomes_in_certificate_region"": 1, ""unsafe_outcome_examples"": [], ""unsafe_outcomes"": 0, ""update"": false}], ""pending"": [""rho_1"", ""rho_2"", ""rho_3""], ""physical"": [[""OLD"", ""B_q0""], [""OLD"", ""I""], [""OLD"", ""I""]], ""safe"": true, ""testers"": {}}], ""initial_examples_limit"": 3, ""initial_states"": 16, ""losing_initial_states"": 16, ""region_states"": 16, ""safe_region_states"": 16, ""scope"": ""checked discovered-state losing certificate; sampled local root closure evidence, not a unique whole-game causal explanation"", ""unsafe_region_states"": 0}",raw/series/threads_n03_b01_saturated_offers_fine_lazy/certificate.json,raw/series/threads_n03_b01_saturated_offers_fine_lazy/result.json
threads_n03_b01_saturated_offers_e1merged_lazy,"{""B"": 1, ""group"": ""fine"", ""n"": 3, ""regime"": ""saturated_offers""}",transfers,lazy,16,"The checked discovered-state losing certificate contains 16 states (0 unsafe) and 16/16 initial states; its stored root buckets retain every adversarial outcome and identify the outcomes in this certificate (local closure evidence, not a unique causal explanation).","{""initial_examples"": [{""enabled_action_buckets"": [{""action"": ""arrival"", ""controllable"": false, ""outcomes"": 1, ""outcomes_in_certificate_region"": 1, ""unsafe_outcome_examples"": [], ""unsafe_outcomes"": 0, ""update"": false}], ""pending"": [""ablation.merge.transfers""], ""physical"": [[""OLD"", ""I_q0""], [""OLD"", ""I""], [""OLD"", ""I""]], ""safe"": true, ""testers"": {}}, {""enabled_action_buckets"": [{""action"": ""arrival"", ""controllable"": false, ""outcomes"": 1, ""outcomes_in_certificate_region"": 1, ""unsafe_outcome_examples"": [], ""unsafe_outcomes"": 0, ""update"": false}, {""action"": ""dispatch_1"", ""controllable"": true, ""outcomes"": 1, ""outcomes_in_certificate_region"": 1, ""unsafe_outcome_examples"": [], ""unsafe_outcomes"": 0, ""update"": false}, {""action"": ""dispatch_2"", ""controllable"": true, ""outcomes"": 1, ""outcomes_in_certificate_region"": 1, ""unsafe_outcome_examples"": [], ""unsafe_outcomes"": 0, ""update"": false}, {""action"": ""dispatch_3"", ""controllable"": true, ""outcomes"": 1, ""outcomes_in_certificate_region"": 1, ""unsafe_outcome_examples"": [], ""unsafe_outcomes"": 0, ""update"": false}], ""pending"": [""ablation.merge.transfers""], ""physical"": [[""OLD"", ""I_q1""], [""OLD"", ""I""], [""OLD"", ""I""]], ""safe"": true, ""testers"": {}}, {""enabled_action_buckets"": [{""action"": ""arrival"", ""controllable"": false, ""outcomes"": 1, ""outcomes_in_certificate_region"": 1, ""unsafe_outcome_examples"": [], ""unsafe_outcomes"": 0, ""update"": false}, {""action"": ""finish_1"", ""controllable"": false, ""outcomes"": 1, ""outcomes_in_certificate_region"": 1, ""unsafe_outcome_examples"": [], ""unsafe_outcomes"": 0, ""update"": false}], ""pending"": [""ablation.merge.transfers""], ""physical"": [[""OLD"", ""B_q0""], [""OLD"", ""I""], [""OLD"", ""I""]], ""safe"": true, ""testers"": {}}], ""initial_examples_limit"": 3, ""initial_states"": 16, ""losing_initial_states"": 16, ""region_states"": 16, ""safe_region_states"": 16, ""scope"": ""checked discovered-state losing certificate; sampled local root closure evidence, not a unique whole-game causal explanation"", ""unsafe_region_states"": 0}",raw/series/threads_n03_b01_saturated_offers_e1merged_lazy/certificate.json,raw/series/threads_n03_b01_saturated_offers_e1merged_lazy/result.json
threads_n03_b01_saturated_offers_generated_all_lazy,"{""B"": 1, ""group"": ""all"", ""n"": 3, ""regime"": ""saturated_offers""}",none,lazy,16,"The checked discovered-state losing certificate contains 16 states (0 unsafe) and 16/16 initial states; its stored root buckets retain every adversarial outcome and identify the outcomes in this certificate (local closure evidence, not a unique causal explanation).","{""initial_examples"": [{""enabled_action_buckets"": [{""action"": ""arrival"", ""controllable"": false, ""outcomes"": 1, ""outcomes_in_certificate_region"": 1, ""unsafe_outcome_examples"": [], ""unsafe_outcomes"": 0, ""update"": false}], ""pending"": [""ablation.merge.transfers""], ""physical"": [[""OLD"", ""I_q0""], [""OLD"", ""I""], [""OLD"", ""I""]], ""safe"": true, ""testers"": {}}, {""enabled_action_buckets"": [{""action"": ""arrival"", ""controllable"": false, ""outcomes"": 1, ""outcomes_in_certificate_region"": 1, ""unsafe_outcome_examples"": [], ""unsafe_outcomes"": 0, ""update"": false}, {""action"": ""dispatch_1"", ""controllable"": true, ""outcomes"": 1, ""outcomes_in_certificate_region"": 1, ""unsafe_outcome_examples"": [], ""unsafe_outcomes"": 0, ""update"": false}, {""action"": ""dispatch_2"", ""controllable"": true, ""outcomes"": 1, ""outcomes_in_certificate_region"": 1, ""unsafe_outcome_examples"": [], ""unsafe_outcomes"": 0, ""update"": false}, {""action"": ""dispatch_3"", ""controllable"": true, ""outcomes"": 1, ""outcomes_in_certificate_region"": 1, ""unsafe_outcome_examples"": [], ""unsafe_outcomes"": 0, ""update"": false}], ""pending"": [""ablation.merge.transfers""], ""physical"": [[""OLD"", ""I_q1""], [""OLD"", ""I""], [""OLD"", ""I""]], ""safe"": true, ""testers"": {}}, {""enabled_action_buckets"": [{""action"": ""arrival"", ""controllable"": false, ""outcomes"": 1, ""outcomes_in_certificate_region"": 1, ""unsafe_outcome_examples"": [], ""unsafe_outcomes"": 0, ""update"": false}, {""action"": ""finish_1"", ""controllable"": false, ""outcomes"": 1, ""outcomes_in_certificate_region"": 1, ""unsafe_outcome_examples"": [], ""unsafe_outcomes"": 0, ""update"": false}], ""pending"": [""ablation.merge.transfers""], ""physical"": [[""OLD"", ""B_q0""], [""OLD"", ""I""], [""OLD"", ""I""]], ""safe"": true, ""testers"": {}}], ""initial_examples_limit"": 3, ""initial_states"": 16, ""losing_initial_states"": 16, ""region_states"": 16, ""safe_region_states"": 16, ""scope"": ""checked discovered-state losing certificate; sampled local root closure evidence, not a unique whole-game causal explanation"", ""unsafe_region_states"": 0}",raw/series/threads_n03_b01_saturated_offers_generated_all_lazy/certificate.json,raw/series/threads_n03_b01_saturated_offers_generated_all_lazy/result.json
threads_n03_b01_saturated_offers_fine_df,"{""B"": 1, ""group"": ""fine"", ""n"": 3, ""regime"": ""saturated_offers""}",none,direct_full,16,"The checked discovered-state losing certificate contains 16 states (0 unsafe) and 16/16 initial states; its stored root buckets retain every adversarial outcome and identify the outcomes in this certificate (local closure evidence, not a unique causal explanation).","{""initial_examples"": [{""enabled_action_buckets"": [{""action"": ""arrival"", ""controllable"": false, ""outcomes"": 1, ""outcomes_in_certificate_region"": 1, ""unsafe_outcome_examples"": [], ""unsafe_outcomes"": 0, ""update"": false}], ""pending"": [""rho_1"", ""rho_2"", ""rho_3""], ""physical"": [[""OLD"", ""I_q0""], [""OLD"", ""I""], [""OLD"", ""I""]], ""safe"": true, ""testers"": {}}, {""enabled_action_buckets"": [{""action"": ""arrival"", ""controllable"": false, ""outcomes"": 1, ""outcomes_in_certificate_region"": 1, ""unsafe_outcome_examples"": [], ""unsafe_outcomes"": 0, ""update"": false}, {""action"": ""dispatch_1"", ""controllable"": true, ""outcomes"": 1, ""outcomes_in_certificate_region"": 1, ""unsafe_outcome_examples"": [], ""unsafe_outcomes"": 0, ""update"": false}, {""action"": ""dispatch_2"", ""controllable"": true, ""outcomes"": 1, ""outcomes_in_certificate_region"": 1, ""unsafe_outcome_examples"": [], ""unsafe_outcomes"": 0, ""update"": false}, {""action"": ""dispatch_3"", ""controllable"": true, ""outcomes"": 1, ""outcomes_in_certificate_region"": 1, ""unsafe_outcome_examples"": [], ""unsafe_outcomes"": 0, ""update"": false}], ""pending"": [""rho_1"", ""rho_2"", ""rho_3""], ""physical"": [[""OLD"", ""I_q1""], [""OLD"", ""I""], [""OLD"", ""I""]], ""safe"": true, ""testers"": {}}, {""enabled_action_buckets"": [{""action"": ""arrival"", ""controllable"": false, ""outcomes"": 1, ""outcomes_in_certificate_region"": 1, ""unsafe_outcome_examples"": [], ""unsafe_outcomes"": 0, ""update"": false}, {""action"": ""finish_1"", ""controllable"": false, ""outcomes"": 1, ""outcomes_in_certificate_region"": 1, ""unsafe_outcome_examples"": [], ""unsafe_outcomes"": 0, ""update"": false}], ""pending"": [""rho_1"", ""rho_2"", ""rho_3""], ""physical"": [[""OLD"", ""B_q0""], [""OLD"", ""I""], [""OLD"", ""I""]], ""safe"": true, ""testers"": {}}], ""initial_examples_limit"": 3, ""initial_states"": 16, ""losing_initial_states"": 16, ""region_states"": 16, ""safe_region_states"": 16, ""scope"": ""checked discovered-state losing certificate; sampled local root closure evidence, not a unique whole-game causal explanation"", ""unsafe_region_states"": 0}",raw/series/threads_n03_b01_saturated_offers_fine_df/certificate.json,raw/series/threads_n03_b01_saturated_offers_fine_df/result.json
threads_n03_b02_saturated_offers_fine_lazy,"{""B"": 2, ""group"": ""fine"", ""n"": 3, ""regime"": ""saturated_offers""}",none,lazy,24,"The checked discovered-state losing certificate contains 24 states (0 unsafe) and 24/24 initial states; its stored root buckets retain every adversarial outcome and identify the outcomes in this certificate (local closure evidence, not a unique causal explanation).","{""initial_examples"": [{""enabled_action_buckets"": [{""action"": ""arrival"", ""controllable"": false, ""outcomes"": 1, ""outcomes_in_certificate_region"": 1, ""unsafe_outcome_examples"": [], ""unsafe_outcomes"": 0, ""update"": false}], ""pending"": [""rho_1"", ""rho_2"", ""rho_3""], ""physical"": [[""OLD"", ""I_q0""], [""OLD"", ""I""], [""OLD"", ""I""]], ""safe"": true, ""testers"": {}}, {""enabled_action_buckets"": [{""action"": ""arrival"", ""controllable"": false, ""outcomes"": 1, ""outcomes_in_certificate_region"": 1, ""unsafe_outcome_examples"": [], ""unsafe_outcomes"": 0, ""update"": false}, {""action"": ""dispatch_1"", ""controllable"": true, ""outcomes"": 1, ""outcomes_in_certificate_region"": 1, ""unsafe_outcome_examples"": [], ""unsafe_outcomes"": 0, ""update"": false}, {""action"": ""dispatch_2"", ""controllable"": true, ""outcomes"": 1, ""outcomes_in_certificate_region"": 1, ""unsafe_outcome_examples"": [], ""unsafe_outcomes"": 0, ""update"": false}, {""action"": ""dispatch_3"", ""controllable"": true, ""outcomes"": 1, ""outcomes_in_certificate_region"": 1, ""unsafe_outcome_examples"": [], ""unsafe_outcomes"": 0, ""update"": false}], ""pending"": [""rho_1"", ""rho_2"", ""rho_3""], ""physical"": [[""OLD"", ""I_q1""], [""OLD"", ""I""], [""OLD"", ""I""]], ""safe"": true, ""testers"": {}}, {""enabled_action_buckets"": [{""action"": ""arrival"", ""controllable"": false, ""outcomes"": 1, ""outcomes_in_certificate_region"": 1, ""unsafe_outcome_examples"": [], ""unsafe_outcomes"": 0, ""update"": false}, {""action"": ""dispatch_1"", ""controllable"": true, ""outcomes"": 1, ""outcomes_in_certificate_region"": 1, ""unsafe_outcome_examples"": [], ""unsafe_outcomes"": 0, ""update"": false}, {""action"": ""dispatch_2"", ""controllable"": true, ""outcomes"": 1, ""outcomes_in_certificate_region"": 1, ""unsafe_outcome_examples"": [], ""unsafe_outcomes"": 0, ""update"": false}, {""action"": ""dispatch_3"", ""controllable"": true, ""outcomes"": 1, ""outcomes_in_certificate_region"": 1, ""unsafe_outcome_examples"": [], ""unsafe_outcomes"": 0, ""update"": false}], ""pending"": [""rho_1"", ""rho_2"", ""rho_3""], ""physical"": [[""OLD"", ""I_q2""], [""OLD"", ""I""], [""OLD"", ""I""]], ""safe"": true, ""testers"": {}}], ""initial_examples_limit"": 3, ""initial_states"": 24, ""losing_initial_states"": 24, ""region_states"": 24, ""safe_region_states"": 24, ""scope"": ""checked discovered-state losing certificate; sampled local root closure evidence, not a unique whole-game causal explanation"", ""unsafe_region_states"": 0}",raw/series/threads_n03_b02_saturated_offers_fine_lazy/certificate.json,raw/series/threads_n03_b02_saturated_offers_fine_lazy/result.json
threads_n03_b02_saturated_offers_e1merged_lazy,"{""B"": 2, ""group"": ""fine"", ""n"": 3, ""regime"": ""saturated_offers""}",transfers,lazy,24,"The checked discovered-state losing certificate contains 24 states (0 unsafe) and 24/24 initial states; its stored root buckets retain every adversarial outcome and identify the outcomes in this certificate (local closure evidence, not a unique causal explanation).","{""initial_examples"": [{""enabled_action_buckets"": [{""action"": ""arrival"", ""controllable"": false, ""outcomes"": 1, ""outcomes_in_certificate_region"": 1, ""unsafe_outcome_examples"": [], ""unsafe_outcomes"": 0, ""update"": false}], ""pending"": [""ablation.merge.transfers""], ""physical"": [[""OLD"", ""I_q0""], [""OLD"", ""I""], [""OLD"", ""I""]], ""safe"": true, ""testers"": {}}, {""enabled_action_buckets"": [{""action"": ""arrival"", ""controllable"": false, ""outcomes"": 1, ""outcomes_in_certificate_region"": 1, ""unsafe_outcome_examples"": [], ""unsafe_outcomes"": 0, ""update"": false}, {""action"": ""dispatch_1"", ""controllable"": true, ""outcomes"": 1, ""outcomes_in_certificate_region"": 1, ""unsafe_outcome_examples"": [], ""unsafe_outcomes"": 0, ""update"": false}, {""action"": ""dispatch_2"", ""controllable"": true, ""outcomes"": 1, ""outcomes_in_certificate_region"": 1, ""unsafe_outcome_examples"": [], ""unsafe_outcomes"": 0, ""update"": false}, {""action"": ""dispatch_3"", ""controllable"": true, ""outcomes"": 1, ""outcomes_in_certificate_region"": 1, ""unsafe_outcome_examples"": [], ""unsafe_outcomes"": 0, ""update"": false}], ""pending"": [""ablation.merge.transfers""], ""physical"": [[""OLD"", ""I_q1""], [""OLD"", ""I""], [""OLD"", ""I""]], ""safe"": true, ""testers"": {}}, {""enabled_action_buckets"": [{""action"": ""arrival"", ""controllable"": false, ""outcomes"": 1, ""outcomes_in_certificate_region"": 1, ""unsafe_outcome_examples"": [], ""unsafe_outcomes"": 0, ""update"": false}, {""action"": ""dispatch_1"", ""controllable"": true, ""outcomes"": 1, ""outcomes_in_certificate_region"": 1, ""unsafe_outcome_examples"": [], ""unsafe_outcomes"": 0, ""update"": false}, {""action"": ""dispatch_2"", ""controllable"": true, ""outcomes"": 1, ""outcomes_in_certificate_region"": 1, ""unsafe_outcome_examples"": [], ""unsafe_outcomes"": 0, ""update"": false}, {""action"": ""dispatch_3"", ""controllable"": true, ""outcomes"": 1, ""outcomes_in_certificate_region"": 1, ""unsafe_outcome_examples"": [], ""unsafe_outcomes"": 0, ""update"": false}], ""pending"": [""ablation.merge.transfers""], ""physical"": [[""OLD"", ""I_q2""], [""OLD"", ""I""], [""OLD"", ""I""]], ""safe"": true, ""testers"": {}}], ""initial_examples_limit"": 3, ""initial_states"": 24, ""losing_initial_states"": 24, ""region_states"": 24, ""safe_region_states"": 24, ""scope"": ""checked discovered-state losing certificate; sampled local root closure evidence, not a unique whole-game causal explanation"", ""unsafe_region_states"": 0}",raw/series/threads_n03_b02_saturated_offers_e1merged_lazy/certificate.json,raw/series/threads_n03_b02_saturated_offers_e1merged_lazy/result.json
threads_n03_b02_saturated_offers_generated_all_lazy,"{""B"": 2, ""group"": ""all"", ""n"": 3, ""regime"": ""saturated_offers""}",none,lazy,24,"The checked discovered-state losing certificate contains 24 states (0 unsafe) and 24/24 initial states; its stored root buckets retain every adversarial outcome and identify the outcomes in this certificate (local closure evidence, not a unique causal explanation).","{""initial_examples"": [{""enabled_action_buckets"": [{""action"": ""arrival"", ""controllable"": false, ""outcomes"": 1, ""outcomes_in_certificate_region"": 1, ""unsafe_outcome_examples"": [], ""unsafe_outcomes"": 0, ""update"": false}], ""pending"": [""ablation.merge.transfers""], ""physical"": [[""OLD"", ""I_q0""], [""OLD"", ""I""], [""OLD"", ""I""]], ""safe"": true, ""testers"": {}}, {""enabled_action_buckets"": [{""action"": ""arrival"", ""controllable"": false, ""outcomes"": 1, ""outcomes_in_certificate_region"": 1, ""unsafe_outcome_examples"": [], ""unsafe_outcomes"": 0, ""update"": false}, {""action"": ""dispatch_1"", ""controllable"": true, ""outcomes"": 1, ""outcomes_in_certificate_region"": 1, ""unsafe_outcome_examples"": [], ""unsafe_outcomes"": 0, ""update"": false}, {""action"": ""dispatch_2"", ""controllable"": true, ""outcomes"": 1, ""outcomes_in_certificate_region"": 1, ""unsafe_outcome_examples"": [], ""unsafe_outcomes"": 0, ""update"": false}, {""action"": ""dispatch_3"", ""controllable"": true, ""outcomes"": 1, ""outcomes_in_certificate_region"": 1, ""unsafe_outcome_examples"": [], ""unsafe_outcomes"": 0, ""update"": false}], ""pending"": [""ablation.merge.transfers""], ""physical"": [[""OLD"", ""I_q1""], [""OLD"", ""I""], [""OLD"", ""I""]], ""safe"": true, ""testers"": {}}, {""enabled_action_buckets"": [{""action"": ""arrival"", ""controllable"": false, ""outcomes"": 1, ""outcomes_in_certificate_region"": 1, ""unsafe_outcome_examples"": [], ""unsafe_outcomes"": 0, ""update"": false}, {""action"": ""dispatch_1"", ""controllable"": true, ""outcomes"": 1, ""outcomes_in_certificate_region"": 1, ""unsafe_outcome_examples"": [], ""unsafe_outcomes"": 0, ""update"": false}, {""action"": ""dispatch_2"", ""controllable"": true, ""outcomes"": 1, ""outcomes_in_certificate_region"": 1, ""unsafe_outcome_examples"": [], ""unsafe_outcomes"": 0, ""update"": false}, {""action"": ""dispatch_3"", ""controllable"": true, ""outcomes"": 1, ""outcomes_in_certificate_region"": 1, ""unsafe_outcome_examples"": [], ""unsafe_outcomes"": 0, ""update"": false}], ""pending"": [""ablation.merge.transfers""], ""physical"": [[""OLD"", ""I_q2""], [""OLD"", ""I""], [""OLD"", ""I""]], ""safe"": true, ""testers"": {}}], ""initial_examples_limit"": 3, ""initial_states"": 24, ""losing_initial_states"": 24, ""region_states"": 24, ""safe_region_states"": 24, ""scope"": ""checked discovered-state losing certificate; sampled local root closure evidence, not a unique whole-game causal explanation"", ""unsafe_region_states"": 0}",raw/series/threads_n03_b02_saturated_offers_generated_all_lazy/certificate.json,raw/series/threads_n03_b02_saturated_offers_generated_all_lazy/result.json
threads_n03_b02_saturated_offers_fine_df,"{""B"": 2, ""group"": ""fine"", ""n"": 3, ""regime"": ""saturated_offers""}",none,direct_full,24,"The checked discovered-state losing certificate contains 24 states (0 unsafe) and 24/24 initial states; its stored root buckets retain every adversarial outcome and identify the outcomes in this certificate (local closure evidence, not a unique causal explanation).","{""initial_examples"": [{""enabled_action_buckets"": [{""action"": ""arrival"", ""controllable"": false, ""outcomes"": 1, ""outcomes_in_certificate_region"": 1, ""unsafe_outcome_examples"": [], ""unsafe_outcomes"": 0, ""update"": false}], ""pending"": [""rho_1"", ""rho_2"", ""rho_3""], ""physical"": [[""OLD"", ""I_q0""], [""OLD"", ""I""], [""OLD"", ""I""]], ""safe"": true, ""testers"": {}}, {""enabled_action_buckets"": [{""action"": ""arrival"", ""controllable"": false, ""outcomes"": 1, ""outcomes_in_certificate_region"": 1, ""unsafe_outcome_examples"": [], ""unsafe_outcomes"": 0, ""update"": false}, {""action"": ""dispatch_1"", ""controllable"": true, ""outcomes"": 1, ""outcomes_in_certificate_region"": 1, ""unsafe_outcome_examples"": [], ""unsafe_outcomes"": 0, ""update"": false}, {""action"": ""dispatch_2"", ""controllable"": true, ""outcomes"": 1, ""outcomes_in_certificate_region"": 1, ""unsafe_outcome_examples"": [], ""unsafe_outcomes"": 0, ""update"": false}, {""action"": ""dispatch_3"", ""controllable"": true, ""outcomes"": 1, ""outcomes_in_certificate_region"": 1, ""unsafe_outcome_examples"": [], ""unsafe_outcomes"": 0, ""update"": false}], ""pending"": [""rho_1"", ""rho_2"", ""rho_3""], ""physical"": [[""OLD"", ""I_q1""], [""OLD"", ""I""], [""OLD"", ""I""]], ""safe"": true, ""testers"": {}}, {""enabled_action_buckets"": [{""action"": ""arrival"", ""controllable"": false, ""outcomes"": 1, ""outcomes_in_certificate_region"": 1, ""unsafe_outcome_examples"": [], ""unsafe_outcomes"": 0, ""update"": false}, {""action"": ""dispatch_1"", ""controllable"": true, ""outcomes"": 1, ""outcomes_in_certificate_region"": 1, ""unsafe_outcome_examples"": [], ""unsafe_outcomes"": 0, ""update"": false}, {""action"": ""dispatch_2"", ""controllable"": true, ""outcomes"": 1, ""outcomes_in_certificate_region"": 1, ""unsafe_outcome_examples"": [], ""unsafe_outcomes"": 0, ""update"": false}, {""action"": ""dispatch_3"", ""controllable"": true, ""outcomes"": 1, ""outcomes_in_certificate_region"": 1, ""unsafe_outcome_examples"": [], ""unsafe_outcomes"": 0, ""update"": false}], ""pending"": [""rho_1"", ""rho_2"", ""rho_3""], ""physical"": [[""OLD"", ""I_q2""], [""OLD"", ""I""], [""OLD"", ""I""]], ""safe"": true, ""testers"": {}}], ""initial_examples_limit"": 3, ""initial_states"": 24, ""losing_initial_states"": 24, ""region_states"": 24, ""safe_region_states"": 24, ""scope"": ""checked discovered-state losing certificate; sampled local root closure evidence, not a unique whole-game causal explanation"", ""unsafe_region_states"": 0}",raw/series/threads_n03_b02_saturated_offers_fine_df/certificate.json,raw/series/threads_n03_b02_saturated_offers_fine_df/result.json
threads_n04_b01_saturated_offers_fine_lazy,"{""B"": 1, ""group"": ""fine"", ""n"": 4, ""regime"": ""saturated_offers""}",none,lazy,32,"The checked discovered-state losing certificate contains 32 states (0 unsafe) and 32/32 initial states; its stored root buckets retain every adversarial outcome and identify the outcomes in this certificate (local closure evidence, not a unique causal explanation).","{""initial_examples"": [{""enabled_action_buckets"": [{""action"": ""arrival"", ""controllable"": false, ""outcomes"": 1, ""outcomes_in_certificate_region"": 1, ""unsafe_outcome_examples"": [], ""unsafe_outcomes"": 0, ""update"": false}], ""pending"": [""rho_1"", ""rho_2"", ""rho_3"", ""rho_4""], ""physical"": [[""OLD"", ""I_q0""], [""OLD"", ""I""], [""OLD"", ""I""], [""OLD"", ""I""]], ""safe"": true, ""testers"": {}}, {""enabled_action_buckets"": [{""action"": ""arrival"", ""controllable"": false, ""outcomes"": 1, ""outcomes_in_certificate_region"": 1, ""unsafe_outcome_examples"": [], ""unsafe_outcomes"": 0, ""update"": false}, {""action"": ""dispatch_1"", ""controllable"": true, ""outcomes"": 1, ""outcomes_in_certificate_region"": 1, ""unsafe_outcome_examples"": [], ""unsafe_outcomes"": 0, ""update"": false}, {""action"": ""dispatch_2"", ""controllable"": true, ""outcomes"": 1, ""outcomes_in_certificate_region"": 1, ""unsafe_outcome_examples"": [], ""unsafe_outcomes"": 0, ""update"": false}, {""action"": ""dispatch_3"", ""controllable"": true, ""outcomes"": 1, ""outcomes_in_certificate_region"": 1, ""unsafe_outcome_examples"": [], ""unsafe_outcomes"": 0, ""update"": false}, {""action"": ""dispatch_4"", ""controllable"": true, ""outcomes"": 1, ""outcomes_in_certificate_region"": 1, ""unsafe_outcome_examples"": [], ""unsafe_outcomes"": 0, ""update"": false}], ""pending"": [""rho_1"", ""rho_2"", ""rho_3"", ""rho_4""], ""physical"": [[""OLD"", ""I_q1""], [""OLD"", ""I""], [""OLD"", ""I""], [""OLD"", ""I""]], ""safe"": true, ""testers"": {}}, {""enabled_action_buckets"": [{""action"": ""arrival"", ""controllable"": false, ""outcomes"": 1, ""outcomes_in_certificate_region"": 1, ""unsafe_outcome_examples"": [], ""unsafe_outcomes"": 0, ""update"": false}, {""action"": ""finish_1"", ""controllable"": false, ""outcomes"": 1, ""outcomes_in_certificate_region"": 1, ""unsafe_outcome_examples"": [], ""unsafe_outcomes"": 0, ""update"": false}], ""pending"": [""rho_1"", ""rho_2"", ""rho_3"", ""rho_4""], ""physical"": [[""OLD"", ""B_q0""], [""OLD"", ""I""], [""OLD"", ""I""], [""OLD"", ""I""]], ""safe"": true, ""testers"": {}}], ""initial_examples_limit"": 3, ""initial_states"": 32, ""losing_initial_states"": 32, ""region_states"": 32, ""safe_region_states"": 32, ""scope"": ""checked discovered-state losing certificate; sampled local root closure evidence, not a unique whole-game causal explanation"", ""unsafe_region_states"": 0}",raw/series/threads_n04_b01_saturated_offers_fine_lazy/certificate.json,raw/series/threads_n04_b01_saturated_offers_fine_lazy/result.json
threads_n04_b01_saturated_offers_e1merged_lazy,"{""B"": 1, ""group"": ""fine"", ""n"": 4, ""regime"": ""saturated_offers""}",transfers,lazy,32,"The checked discovered-state losing certificate contains 32 states (0 unsafe) and 32/32 initial states; its stored root buckets retain every adversarial outcome and identify the outcomes in this certificate (local closure evidence, not a unique causal explanation).","{""initial_examples"": [{""enabled_action_buckets"": [{""action"": ""arrival"", ""controllable"": false, ""outcomes"": 1, ""outcomes_in_certificate_region"": 1, ""unsafe_outcome_examples"": [], ""unsafe_outcomes"": 0, ""update"": false}], ""pending"": [""ablation.merge.transfers""], ""physical"": [[""OLD"", ""I_q0""], [""OLD"", ""I""], [""OLD"", ""I""], [""OLD"", ""I""]], ""safe"": true, ""testers"": {}}, {""enabled_action_buckets"": [{""action"": ""arrival"", ""controllable"": false, ""outcomes"": 1, ""outcomes_in_certificate_region"": 1, ""unsafe_outcome_examples"": [], ""unsafe_outcomes"": 0, ""update"": false}, {""action"": ""dispatch_1"", ""controllable"": true, ""outcomes"": 1, ""outcomes_in_certificate_region"": 1, ""unsafe_outcome_examples"": [], ""unsafe_outcomes"": 0, ""update"": false}, {""action"": ""dispatch_2"", ""controllable"": true, ""outcomes"": 1, ""outcomes_in_certificate_region"": 1, ""unsafe_outcome_examples"": [], ""unsafe_outcomes"": 0, ""update"": false}, {""action"": ""dispatch_3"", ""controllable"": true, ""outcomes"": 1, ""outcomes_in_certificate_region"": 1, ""unsafe_outcome_examples"": [], ""unsafe_outcomes"": 0, ""update"": false}, {""action"": ""dispatch_4"", ""controllable"": true, ""outcomes"": 1, ""outcomes_in_certificate_region"": 1, ""unsafe_outcome_examples"": [], ""unsafe_outcomes"": 0, ""update"": false}], ""pending"": [""ablation.merge.transfers""], ""physical"": [[""OLD"", ""I_q1""], [""OLD"", ""I""], [""OLD"", ""I""], [""OLD"", ""I""]], ""safe"": true, ""testers"": {}}, {""enabled_action_buckets"": [{""action"": ""arrival"", ""controllable"": false, ""outcomes"": 1, ""outcomes_in_certificate_region"": 1, ""unsafe_outcome_examples"": [], ""unsafe_outcomes"": 0, ""update"": false}, {""action"": ""finish_1"", ""controllable"": false, ""outcomes"": 1, ""outcomes_in_certificate_region"": 1, ""unsafe_outcome_examples"": [], ""unsafe_outcomes"": 0, ""update"": false}], ""pending"": [""ablation.merge.transfers""], ""physical"": [[""OLD"", ""B_q0""], [""OLD"", ""I""], [""OLD"", ""I""], [""OLD"", ""I""]], ""safe"": true, ""testers"": {}}], ""initial_examples_limit"": 3, ""initial_states"": 32, ""losing_initial_states"": 32, ""region_states"": 32, ""safe_region_states"": 32, ""scope"": ""checked discovered-state losing certificate; sampled local root closure evidence, not a unique whole-game causal explanation"", ""unsafe_region_states"": 0}",raw/series/threads_n04_b01_saturated_offers_e1merged_lazy/certificate.json,raw/series/threads_n04_b01_saturated_offers_e1merged_lazy/result.json
threads_n04_b01_saturated_offers_generated_all_lazy,"{""B"": 1, ""group"": ""all"", ""n"": 4, ""regime"": ""saturated_offers""}",none,lazy,32,"The checked discovered-state losing certificate contains 32 states (0 unsafe) and 32/32 initial states; its stored root buckets retain every adversarial outcome and identify the outcomes in this certificate (local closure evidence, not a unique causal explanation).","{""initial_examples"": [{""enabled_action_buckets"": [{""action"": ""arrival"", ""controllable"": false, ""outcomes"": 1, ""outcomes_in_certificate_region"": 1, ""unsafe_outcome_examples"": [], ""unsafe_outcomes"": 0, ""update"": false}], ""pending"": [""ablation.merge.transfers""], ""physical"": [[""OLD"", ""I_q0""], [""OLD"", ""I""], [""OLD"", ""I""], [""OLD"", ""I""]], ""safe"": true, ""testers"": {}}, {""enabled_action_buckets"": [{""action"": ""arrival"", ""controllable"": false, ""outcomes"": 1, ""outcomes_in_certificate_region"": 1, ""unsafe_outcome_examples"": [], ""unsafe_outcomes"": 0, ""update"": false}, {""action"": ""dispatch_1"", ""controllable"": true, ""outcomes"": 1, ""outcomes_in_certificate_region"": 1, ""unsafe_outcome_examples"": [], ""unsafe_outcomes"": 0, ""update"": false}, {""action"": ""dispatch_2"", ""controllable"": true, ""outcomes"": 1, ""outcomes_in_certificate_region"": 1, ""unsafe_outcome_examples"": [], ""unsafe_outcomes"": 0, ""update"": false}, {""action"": ""dispatch_3"", ""controllable"": true, ""outcomes"": 1, ""outcomes_in_certificate_region"": 1, ""unsafe_outcome_examples"": [], ""unsafe_outcomes"": 0, ""update"": false}, {""action"": ""dispatch_4"", ""controllable"": true, ""outcomes"": 1, ""outcomes_in_certificate_region"": 1, ""unsafe_outcome_examples"": [], ""unsafe_outcomes"": 0, ""update"": false}], ""pending"": [""ablation.merge.transfers""], ""physical"": [[""OLD"", ""I_q1""], [""OLD"", ""I""], [""OLD"", ""I""], [""OLD"", ""I""]], ""safe"": true, ""testers"": {}}, {""enabled_action_buckets"": [{""action"": ""arrival"", ""controllable"": false, ""outcomes"": 1, ""outcomes_in_certificate_region"": 1, ""unsafe_outcome_examples"": [], ""unsafe_outcomes"": 0, ""update"": false}, {""action"": ""finish_1"", ""controllable"": false, ""outcomes"": 1, ""outcomes_in_certificate_region"": 1, ""unsafe_outcome_examples"": [], ""unsafe_outcomes"": 0, ""update"": false}], ""pending"": [""ablation.merge.transfers""], ""physical"": [[""OLD"", ""B_q0""], [""OLD"", ""I""], [""OLD"", ""I""], [""OLD"", ""I""]], ""safe"": true, ""testers"": {}}], ""initial_examples_limit"": 3, ""initial_states"": 32, ""losing_initial_states"": 32, ""region_states"": 32, ""safe_region_states"": 32, ""scope"": ""checked discovered-state losing certificate; sampled local root closure evidence, not a unique whole-game causal explanation"", ""unsafe_region_states"": 0}",raw/series/threads_n04_b01_saturated_offers_generated_all_lazy/certificate.json,raw/series/threads_n04_b01_saturated_offers_generated_all_lazy/result.json
threads_n04_b01_saturated_offers_fine_df,"{""B"": 1, ""group"": ""fine"", ""n"": 4, ""regime"": ""saturated_offers""}",none,direct_full,32,"The checked discovered-state losing certificate contains 32 states (0 unsafe) and 32/32 initial states; its stored root buckets retain every adversarial outcome and identify the outcomes in this certificate (local closure evidence, not a unique causal explanation).","{""initial_examples"": [{""enabled_action_buckets"": [{""action"": ""arrival"", ""controllable"": false, ""outcomes"": 1, ""outcomes_in_certificate_region"": 1, ""unsafe_outcome_examples"": [], ""unsafe_outcomes"": 0, ""update"": false}], ""pending"": [""rho_1"", ""rho_2"", ""rho_3"", ""rho_4""], ""physical"": [[""OLD"", ""I_q0""], [""OLD"", ""I""], [""OLD"", ""I""], [""OLD"", ""I""]], ""safe"": true, ""testers"": {}}, {""enabled_action_buckets"": [{""action"": ""arrival"", ""controllable"": false, ""outcomes"": 1, ""outcomes_in_certificate_region"": 1, ""unsafe_outcome_examples"": [], ""unsafe_outcomes"": 0, ""update"": false}, {""action"": ""dispatch_1"", ""controllable"": true, ""outcomes"": 1, ""outcomes_in_certificate_region"": 1, ""unsafe_outcome_examples"": [], ""unsafe_outcomes"": 0, ""update"": false}, {""action"": ""dispatch_2"", ""controllable"": true, ""outcomes"": 1, ""outcomes_in_certificate_region"": 1, ""unsafe_outcome_examples"": [], ""unsafe_outcomes"": 0, ""update"": false}, {""action"": ""dispatch_3"", ""controllable"": true, ""outcomes"": 1, ""outcomes_in_certificate_region"": 1, ""unsafe_outcome_examples"": [], ""unsafe_outcomes"": 0, ""update"": false}, {""action"": ""dispatch_4"", ""controllable"": true, ""outcomes"": 1, ""outcomes_in_certificate_region"": 1, ""unsafe_outcome_examples"": [], ""unsafe_outcomes"": 0, ""update"": false}], ""pending"": [""rho_1"", ""rho_2"", ""rho_3"", ""rho_4""], ""physical"": [[""OLD"", ""I_q1""], [""OLD"", ""I""], [""OLD"", ""I""], [""OLD"", ""I""]], ""safe"": true, ""testers"": {}}, {""enabled_action_buckets"": [{""action"": ""arrival"", ""controllable"": false, ""outcomes"": 1, ""outcomes_in_certificate_region"": 1, ""unsafe_outcome_examples"": [], ""unsafe_outcomes"": 0, ""update"": false}, {""action"": ""finish_1"", ""controllable"": false, ""outcomes"": 1, ""outcomes_in_certificate_region"": 1, ""unsafe_outcome_examples"": [], ""unsafe_outcomes"": 0, ""update"": false}], ""pending"": [""rho_1"", ""rho_2"", ""rho_3"", ""rho_4""], ""physical"": [[""OLD"", ""B_q0""], [""OLD"", ""I""], [""OLD"", ""I""], [""OLD"", ""I""]], ""safe"": true, ""testers"": {}}], ""initial_examples_limit"": 3, ""initial_states"": 32, ""losing_initial_states"": 32, ""region_states"": 32, ""safe_region_states"": 32, ""scope"": ""checked discovered-state losing certificate; sampled local root closure evidence, not a unique whole-game causal explanation"", ""unsafe_region_states"": 0}",raw/series/threads_n04_b01_saturated_offers_fine_df/certificate.json,raw/series/threads_n04_b01_saturated_offers_fine_df/result.json
threads_n04_b02_saturated_offers_fine_lazy,"{""B"": 2, ""group"": ""fine"", ""n"": 4, ""regime"": ""saturated_offers""}",none,lazy,48,"The checked discovered-state losing certificate contains 48 states (0 unsafe) and 48/48 initial states; its stored root buckets retain every adversarial outcome and identify the outcomes in this certificate (local closure evidence, not a unique causal explanation).","{""initial_examples"": [{""enabled_action_buckets"": [{""action"": ""arrival"", ""controllable"": false, ""outcomes"": 1, ""outcomes_in_certificate_region"": 1, ""unsafe_outcome_examples"": [], ""unsafe_outcomes"": 0, ""update"": false}], ""pending"": [""rho_1"", ""rho_2"", ""rho_3"", ""rho_4""], ""physical"": [[""OLD"", ""I_q0""], [""OLD"", ""I""], [""OLD"", ""I""], [""OLD"", ""I""]], ""safe"": true, ""testers"": {}}, {""enabled_action_buckets"": [{""action"": ""arrival"", ""controllable"": false, ""outcomes"": 1, ""outcomes_in_certificate_region"": 1, ""unsafe_outcome_examples"": [], ""unsafe_outcomes"": 0, ""update"": false}, {""action"": ""dispatch_1"", ""controllable"": true, ""outcomes"": 1, ""outcomes_in_certificate_region"": 1, ""unsafe_outcome_examples"": [], ""unsafe_outcomes"": 0, ""update"": false}, {""action"": ""dispatch_2"", ""controllable"": true, ""outcomes"": 1, ""outcomes_in_certificate_region"": 1, ""unsafe_outcome_examples"": [], ""unsafe_outcomes"": 0, ""update"": false}, {""action"": ""dispatch_3"", ""controllable"": true, ""outcomes"": 1, ""outcomes_in_certificate_region"": 1, ""unsafe_outcome_examples"": [], ""unsafe_outcomes"": 0, ""update"": false}, {""action"": ""dispatch_4"", ""controllable"": true, ""outcomes"": 1, ""outcomes_in_certificate_region"": 1, ""unsafe_outcome_examples"": [], ""unsafe_outcomes"": 0, ""update"": false}], ""pending"": [""rho_1"", ""rho_2"", ""rho_3"", ""rho_4""], ""physical"": [[""OLD"", ""I_q1""], [""OLD"", ""I""], [""OLD"", ""I""], [""OLD"", ""I""]], ""safe"": true, ""testers"": {}}, {""enabled_action_buckets"": [{""action"": ""arrival"", ""controllable"": false, ""outcomes"": 1, ""outcomes_in_certificate_region"": 1, ""unsafe_outcome_examples"": [], ""unsafe_outcomes"": 0, ""update"": false}, {""action"": ""dispatch_1"", ""controllable"": true, ""outcomes"": 1, ""outcomes_in_certificate_region"": 1, ""unsafe_outcome_examples"": [], ""unsafe_outcomes"": 0, ""update"": false}, {""action"": ""dispatch_2"", ""controllable"": true, ""outcomes"": 1, ""outcomes_in_certificate_region"": 1, ""unsafe_outcome_examples"": [], ""unsafe_outcomes"": 0, ""update"": false}, {""action"": ""dispatch_3"", ""controllable"": true, ""outcomes"": 1, ""outcomes_in_certificate_region"": 1, ""unsafe_outcome_examples"": [], ""unsafe_outcomes"": 0, ""update"": false}, {""action"": ""dispatch_4"", ""controllable"": true, ""outcomes"": 1, ""outcomes_in_certificate_region"": 1, ""unsafe_outcome_examples"": [], ""unsafe_outcomes"": 0, ""update"": false}], ""pending"": [""rho_1"", ""rho_2"", ""rho_3"", ""rho_4""], ""physical"": [[""OLD"", ""I_q2""], [""OLD"", ""I""], [""OLD"", ""I""], [""OLD"", ""I""]], ""safe"": true, ""testers"": {}}], ""initial_examples_limit"": 3, ""initial_states"": 48, ""losing_initial_states"": 48, ""region_states"": 48, ""safe_region_states"": 48, ""scope"": ""checked discovered-state losing certificate; sampled local root closure evidence, not a unique whole-game causal explanation"", ""unsafe_region_states"": 0}",raw/series/threads_n04_b02_saturated_offers_fine_lazy/certificate.json,raw/series/threads_n04_b02_saturated_offers_fine_lazy/result.json
threads_n04_b02_saturated_offers_e1merged_lazy,"{""B"": 2, ""group"": ""fine"", ""n"": 4, ""regime"": ""saturated_offers""}",transfers,lazy,48,"The checked discovered-state losing certificate contains 48 states (0 unsafe) and 48/48 initial states; its stored root buckets retain every adversarial outcome and identify the outcomes in this certificate (local closure evidence, not a unique causal explanation).","{""initial_examples"": [{""enabled_action_buckets"": [{""action"": ""arrival"", ""controllable"": false, ""outcomes"": 1, ""outcomes_in_certificate_region"": 1, ""unsafe_outcome_examples"": [], ""unsafe_outcomes"": 0, ""update"": false}], ""pending"": [""ablation.merge.transfers""], ""physical"": [[""OLD"", ""I_q0""], [""OLD"", ""I""], [""OLD"", ""I""], [""OLD"", ""I""]], ""safe"": true, ""testers"": {}}, {""enabled_action_buckets"": [{""action"": ""arrival"", ""controllable"": false, ""outcomes"": 1, ""outcomes_in_certificate_region"": 1, ""unsafe_outcome_examples"": [], ""unsafe_outcomes"": 0, ""update"": false}, {""action"": ""dispatch_1"", ""controllable"": true, ""outcomes"": 1, ""outcomes_in_certificate_region"": 1, ""unsafe_outcome_examples"": [], ""unsafe_outcomes"": 0, ""update"": false}, {""action"": ""dispatch_2"", ""controllable"": true, ""outcomes"": 1, ""outcomes_in_certificate_region"": 1, ""unsafe_outcome_examples"": [], ""unsafe_outcomes"": 0, ""update"": false}, {""action"": ""dispatch_3"", ""controllable"": true, ""outcomes"": 1, ""outcomes_in_certificate_region"": 1, ""unsafe_outcome_examples"": [], ""unsafe_outcomes"": 0, ""update"": false}, {""action"": ""dispatch_4"", ""controllable"": true, ""outcomes"": 1, ""outcomes_in_certificate_region"": 1, ""unsafe_outcome_examples"": [], ""unsafe_outcomes"": 0, ""update"": false}], ""pending"": [""ablation.merge.transfers""], ""physical"": [[""OLD"", ""I_q1""], [""OLD"", ""I""], [""OLD"", ""I""], [""OLD"", ""I""]], ""safe"": true, ""testers"": {}}, {""enabled_action_buckets"": [{""action"": ""arrival"", ""controllable"": false, ""outcomes"": 1, ""outcomes_in_certificate_region"": 1, ""unsafe_outcome_examples"": [], ""unsafe_outcomes"": 0, ""update"": false}, {""action"": ""dispatch_1"", ""controllable"": true, ""outcomes"": 1, ""outcomes_in_certificate_region"": 1, ""unsafe_outcome_examples"": [], ""unsafe_outcomes"": 0, ""update"": false}, {""action"": ""dispatch_2"", ""controllable"": true, ""outcomes"": 1, ""outcomes_in_certificate_region"": 1, ""unsafe_outcome_examples"": [], ""unsafe_outcomes"": 0, ""update"": false}, {""action"": ""dispatch_3"", ""controllable"": true, ""outcomes"": 1, ""outcomes_in_certificate_region"": 1, ""unsafe_outcome_examples"": [], ""unsafe_outcomes"": 0, ""update"": false}, {""action"": ""dispatch_4"", ""controllable"": true, ""outcomes"": 1, ""outcomes_in_certificate_region"": 1, ""unsafe_outcome_examples"": [], ""unsafe_outcomes"": 0, ""update"": false}], ""pending"": [""ablation.merge.transfers""], ""physical"": [[""OLD"", ""I_q2""], [""OLD"", ""I""], [""OLD"", ""I""], [""OLD"", ""I""]], ""safe"": true, ""testers"": {}}], ""initial_examples_limit"": 3, ""initial_states"": 48, ""losing_initial_states"": 48, ""region_states"": 48, ""safe_region_states"": 48, ""scope"": ""checked discovered-state losing certificate; sampled local root closure evidence, not a unique whole-game causal explanation"", ""unsafe_region_states"": 0}",raw/series/threads_n04_b02_saturated_offers_e1merged_lazy/certificate.json,raw/series/threads_n04_b02_saturated_offers_e1merged_lazy/result.json
threads_n04_b02_saturated_offers_generated_all_lazy,"{""B"": 2, ""group"": ""all"", ""n"": 4, ""regime"": ""saturated_offers""}",none,lazy,48,"The checked discovered-state losing certificate contains 48 states (0 unsafe) and 48/48 initial states; its stored root buckets retain every adversarial outcome and identify the outcomes in this certificate (local closure evidence, not a unique causal explanation).","{""initial_examples"": [{""enabled_action_buckets"": [{""action"": ""arrival"", ""controllable"": false, ""outcomes"": 1, ""outcomes_in_certificate_region"": 1, ""unsafe_outcome_examples"": [], ""unsafe_outcomes"": 0, ""update"": false}], ""pending"": [""ablation.merge.transfers""], ""physical"": [[""OLD"", ""I_q0""], [""OLD"", ""I""], [""OLD"", ""I""], [""OLD"", ""I""]], ""safe"": true, ""testers"": {}}, {""enabled_action_buckets"": [{""action"": ""arrival"", ""controllable"": false, ""outcomes"": 1, ""outcomes_in_certificate_region"": 1, ""unsafe_outcome_examples"": [], ""unsafe_outcomes"": 0, ""update"": false}, {""action"": ""dispatch_1"", ""controllable"": true, ""outcomes"": 1, ""outcomes_in_certificate_region"": 1, ""unsafe_outcome_examples"": [], ""unsafe_outcomes"": 0, ""update"": false}, {""action"": ""dispatch_2"", ""controllable"": true, ""outcomes"": 1, ""outcomes_in_certificate_region"": 1, ""unsafe_outcome_examples"": [], ""unsafe_outcomes"": 0, ""update"": false}, {""action"": ""dispatch_3"", ""controllable"": true, ""outcomes"": 1, ""outcomes_in_certificate_region"": 1, ""unsafe_outcome_examples"": [], ""unsafe_outcomes"": 0, ""update"": false}, {""action"": ""dispatch_4"", ""controllable"": true, ""outcomes"": 1, ""outcomes_in_certificate_region"": 1, ""unsafe_outcome_examples"": [], ""unsafe_outcomes"": 0, ""update"": false}], ""pending"": [""ablation.merge.transfers""], ""physical"": [[""OLD"", ""I_q1""], [""OLD"", ""I""], [""OLD"", ""I""], [""OLD"", ""I""]], ""safe"": true, ""testers"": {}}, {""enabled_action_buckets"": [{""action"": ""arrival"", ""controllable"": false, ""outcomes"": 1, ""outcomes_in_certificate_region"": 1, ""unsafe_outcome_examples"": [], ""unsafe_outcomes"": 0, ""update"": false}, {""action"": ""dispatch_1"", ""controllable"": true, ""outcomes"": 1, ""outcomes_in_certificate_region"": 1, ""unsafe_outcome_examples"": [], ""unsafe_outcomes"": 0, ""update"": false}, {""action"": ""dispatch_2"", ""controllable"": true, ""outcomes"": 1, ""outcomes_in_certificate_region"": 1, ""unsafe_outcome_examples"": [], ""unsafe_outcomes"": 0, ""update"": false}, {""action"": ""dispatch_3"", ""controllable"": true, ""outcomes"": 1, ""outcomes_in_certificate_region"": 1, ""unsafe_outcome_examples"": [], ""unsafe_outcomes"": 0, ""update"": false}, {""action"": ""dispatch_4"", ""controllable"": true, ""outcomes"": 1, ""outcomes_in_certificate_region"": 1, ""unsafe_outcome_examples"": [], ""unsafe_outcomes"": 0, ""update"": false}], ""pending"": [""ablation.merge.transfers""], ""physical"": [[""OLD"", ""I_q2""], [""OLD"", ""I""], [""OLD"", ""I""], [""OLD"", ""I""]], ""safe"": true, ""testers"": {}}], ""initial_examples_limit"": 3, ""initial_states"": 48, ""losing_initial_states"": 48, ""region_states"": 48, ""safe_region_states"": 48, ""scope"": ""checked discovered-state losing certificate; sampled local root closure evidence, not a unique whole-game causal explanation"", ""unsafe_region_states"": 0}",raw/series/threads_n04_b02_saturated_offers_generated_all_lazy/certificate.json,raw/series/threads_n04_b02_saturated_offers_generated_all_lazy/result.json
threads_n04_b02_saturated_offers_fine_df,"{""B"": 2, ""group"": ""fine"", ""n"": 4, ""regime"": ""saturated_offers""}",none,direct_full,48,"The checked discovered-state losing certificate contains 48 states (0 unsafe) and 48/48 initial states; its stored root buckets retain every adversarial outcome and identify the outcomes in this certificate (local closure evidence, not a unique causal explanation).","{""initial_examples"": [{""enabled_action_buckets"": [{""action"": ""arrival"", ""controllable"": false, ""outcomes"": 1, ""outcomes_in_certificate_region"": 1, ""unsafe_outcome_examples"": [], ""unsafe_outcomes"": 0, ""update"": false}], ""pending"": [""rho_1"", ""rho_2"", ""rho_3"", ""rho_4""], ""physical"": [[""OLD"", ""I_q0""], [""OLD"", ""I""], [""OLD"", ""I""], [""OLD"", ""I""]], ""safe"": true, ""testers"": {}}, {""enabled_action_buckets"": [{""action"": ""arrival"", ""controllable"": false, ""outcomes"": 1, ""outcomes_in_certificate_region"": 1, ""unsafe_outcome_examples"": [], ""unsafe_outcomes"": 0, ""update"": false}, {""action"": ""dispatch_1"", ""controllable"": true, ""outcomes"": 1, ""outcomes_in_certificate_region"": 1, ""unsafe_outcome_examples"": [], ""unsafe_outcomes"": 0, ""update"": false}, {""action"": ""dispatch_2"", ""controllable"": true, ""outcomes"": 1, ""outcomes_in_certificate_region"": 1, ""unsafe_outcome_examples"": [], ""unsafe_outcomes"": 0, ""update"": false}, {""action"": ""dispatch_3"", ""controllable"": true, ""outcomes"": 1, ""outcomes_in_certificate_region"": 1, ""unsafe_outcome_examples"": [], ""unsafe_outcomes"": 0, ""update"": false}, {""action"": ""dispatch_4"", ""controllable"": true, ""outcomes"": 1, ""outcomes_in_certificate_region"": 1, ""unsafe_outcome_examples"": [], ""unsafe_outcomes"": 0, ""update"": false}], ""pending"": [""rho_1"", ""rho_2"", ""rho_3"", ""rho_4""], ""physical"": [[""OLD"", ""I_q1""], [""OLD"", ""I""], [""OLD"", ""I""], [""OLD"", ""I""]], ""safe"": true, ""testers"": {}}, {""enabled_action_buckets"": [{""action"": ""arrival"", ""controllable"": false, ""outcomes"": 1, ""outcomes_in_certificate_region"": 1, ""unsafe_outcome_examples"": [], ""unsafe_outcomes"": 0, ""update"": false}, {""action"": ""dispatch_1"", ""controllable"": true, ""outcomes"": 1, ""outcomes_in_certificate_region"": 1, ""unsafe_outcome_examples"": [], ""unsafe_outcomes"": 0, ""update"": false}, {""action"": ""dispatch_2"", ""controllable"": true, ""outcomes"": 1, ""outcomes_in_certificate_region"": 1, ""unsafe_outcome_examples"": [], ""unsafe_outcomes"": 0, ""update"": false}, {""action"": ""dispatch_3"", ""controllable"": true, ""outcomes"": 1, ""outcomes_in_certificate_region"": 1, ""unsafe_outcome_examples"": [], ""unsafe_outcomes"": 0, ""update"": false}, {""action"": ""dispatch_4"", ""controllable"": true, ""outcomes"": 1, ""outcomes_in_certificate_region"": 1, ""unsafe_outcome_examples"": [], ""unsafe_outcomes"": 0, ""update"": false}], ""pending"": [""rho_1"", ""rho_2"", ""rho_3"", ""rho_4""], ""physical"": [[""OLD"", ""I_q2""], [""OLD"", ""I""], [""OLD"", ""I""], [""OLD"", ""I""]], ""safe"": true, ""testers"": {}}], ""initial_examples_limit"": 3, ""initial_states"": 48, ""losing_initial_states"": 48, ""region_states"": 48, ""safe_region_states"": 48, ""scope"": ""checked discovered-state losing certificate; sampled local root closure evidence, not a unique whole-game causal explanation"", ""unsafe_region_states"": 0}",raw/series/threads_n04_b02_saturated_offers_fine_df/certificate.json,raw/series/threads_n04_b02_saturated_offers_fine_df/result.json
threads_n05_b01_saturated_offers_fine_lazy,"{""B"": 1, ""group"": ""fine"", ""n"": 5, ""regime"": ""saturated_offers""}",none,lazy,64,"The checked discovered-state losing certificate contains 64 states (0 unsafe) and 64/64 initial states; its stored root buckets retain every adversarial outcome and identify the outcomes in this certificate (local closure evidence, not a unique causal explanation).","{""initial_examples"": [{""enabled_action_buckets"": [{""action"": ""arrival"", ""controllable"": false, ""outcomes"": 1, ""outcomes_in_certificate_region"": 1, ""unsafe_outcome_examples"": [], ""unsafe_outcomes"": 0, ""update"": false}], ""pending"": [""rho_1"", ""rho_2"", ""rho_3"", ""rho_4"", ""rho_5""], ""physical"": [[""OLD"", ""I_q0""], [""OLD"", ""I""], [""OLD"", ""I""], [""OLD"", ""I""], [""OLD"", ""I""]], ""safe"": true, ""testers"": {}}, {""enabled_action_buckets"": [{""action"": ""arrival"", ""controllable"": false, ""outcomes"": 1, ""outcomes_in_certificate_region"": 1, ""unsafe_outcome_examples"": [], ""unsafe_outcomes"": 0, ""update"": false}, {""action"": ""dispatch_1"", ""controllable"": true, ""outcomes"": 1, ""outcomes_in_certificate_region"": 1, ""unsafe_outcome_examples"": [], ""unsafe_outcomes"": 0, ""update"": false}, {""action"": ""dispatch_2"", ""controllable"": true, ""outcomes"": 1, ""outcomes_in_certificate_region"": 1, ""unsafe_outcome_examples"": [], ""unsafe_outcomes"": 0, ""update"": false}, {""action"": ""dispatch_3"", ""controllable"": true, ""outcomes"": 1, ""outcomes_in_certificate_region"": 1, ""unsafe_outcome_examples"": [], ""unsafe_outcomes"": 0, ""update"": false}, {""action"": ""dispatch_4"", ""controllable"": true, ""outcomes"": 1, ""outcomes_in_certificate_region"": 1, ""unsafe_outcome_examples"": [], ""unsafe_outcomes"": 0, ""update"": false}, {""action"": ""dispatch_5"", ""controllable"": true, ""outcomes"": 1, ""outcomes_in_certificate_region"": 1, ""unsafe_outcome_examples"": [], ""unsafe_outcomes"": 0, ""update"": false}], ""pending"": [""rho_1"", ""rho_2"", ""rho_3"", ""rho_4"", ""rho_5""], ""physical"": [[""OLD"", ""I_q1""], [""OLD"", ""I""], [""OLD"", ""I""], [""OLD"", ""I""], [""OLD"", ""I""]], ""safe"": true, ""testers"": {}}, {""enabled_action_buckets"": [{""action"": ""arrival"", ""controllable"": false, ""outcomes"": 1, ""outcomes_in_certificate_region"": 1, ""unsafe_outcome_examples"": [], ""unsafe_outcomes"": 0, ""update"": false}, {""action"": ""finish_1"", ""controllable"": false, ""outcomes"": 1, ""outcomes_in_certificate_region"": 1, ""unsafe_outcome_examples"": [], ""unsafe_outcomes"": 0, ""update"": false}], ""pending"": [""rho_1"", ""rho_2"", ""rho_3"", ""rho_4"", ""rho_5""], ""physical"": [[""OLD"", ""B_q0""], [""OLD"", ""I""], [""OLD"", ""I""], [""OLD"", ""I""], [""OLD"", ""I""]], ""safe"": true, ""testers"": {}}], ""initial_examples_limit"": 3, ""initial_states"": 64, ""losing_initial_states"": 64, ""region_states"": 64, ""safe_region_states"": 64, ""scope"": ""checked discovered-state losing certificate; sampled local root closure evidence, not a unique whole-game causal explanation"", ""unsafe_region_states"": 0}",raw/series/threads_n05_b01_saturated_offers_fine_lazy/certificate.json,raw/series/threads_n05_b01_saturated_offers_fine_lazy/result.json
threads_n05_b01_saturated_offers_e1merged_lazy,"{""B"": 1, ""group"": ""fine"", ""n"": 5, ""regime"": ""saturated_offers""}",transfers,lazy,64,"The checked discovered-state losing certificate contains 64 states (0 unsafe) and 64/64 initial states; its stored root buckets retain every adversarial outcome and identify the outcomes in this certificate (local closure evidence, not a unique causal explanation).","{""initial_examples"": [{""enabled_action_buckets"": [{""action"": ""arrival"", ""controllable"": false, ""outcomes"": 1, ""outcomes_in_certificate_region"": 1, ""unsafe_outcome_examples"": [], ""unsafe_outcomes"": 0, ""update"": false}], ""pending"": [""ablation.merge.transfers""], ""physical"": [[""OLD"", ""I_q0""], [""OLD"", ""I""], [""OLD"", ""I""], [""OLD"", ""I""], [""OLD"", ""I""]], ""safe"": true, ""testers"": {}}, {""enabled_action_buckets"": [{""action"": ""arrival"", ""controllable"": false, ""outcomes"": 1, ""outcomes_in_certificate_region"": 1, ""unsafe_outcome_examples"": [], ""unsafe_outcomes"": 0, ""update"": false}, {""action"": ""dispatch_1"", ""controllable"": true, ""outcomes"": 1, ""outcomes_in_certificate_region"": 1, ""unsafe_outcome_examples"": [], ""unsafe_outcomes"": 0, ""update"": false}, {""action"": ""dispatch_2"", ""controllable"": true, ""outcomes"": 1, ""outcomes_in_certificate_region"": 1, ""unsafe_outcome_examples"": [], ""unsafe_outcomes"": 0, ""update"": false}, {""action"": ""dispatch_3"", ""controllable"": true, ""outcomes"": 1, ""outcomes_in_certificate_region"": 1, ""unsafe_outcome_examples"": [], ""unsafe_outcomes"": 0, ""update"": false}, {""action"": ""dispatch_4"", ""controllable"": true, ""outcomes"": 1, ""outcomes_in_certificate_region"": 1, ""unsafe_outcome_examples"": [], ""unsafe_outcomes"": 0, ""update"": false}, {""action"": ""dispatch_5"", ""controllable"": true, ""outcomes"": 1, ""outcomes_in_certificate_region"": 1, ""unsafe_outcome_examples"": [], ""unsafe_outcomes"": 0, ""update"": false}], ""pending"": [""ablation.merge.transfers""], ""physical"": [[""OLD"", ""I_q1""], [""OLD"", ""I""], [""OLD"", ""I""], [""OLD"", ""I""], [""OLD"", ""I""]], ""safe"": true, ""testers"": {}}, {""enabled_action_buckets"": [{""action"": ""arrival"", ""controllable"": false, ""outcomes"": 1, ""outcomes_in_certificate_region"": 1, ""unsafe_outcome_examples"": [], ""unsafe_outcomes"": 0, ""update"": false}, {""action"": ""finish_1"", ""controllable"": false, ""outcomes"": 1, ""outcomes_in_certificate_region"": 1, ""unsafe_outcome_examples"": [], ""unsafe_outcomes"": 0, ""update"": false}], ""pending"": [""ablation.merge.transfers""], ""physical"": [[""OLD"", ""B_q0""], [""OLD"", ""I""], [""OLD"", ""I""], [""OLD"", ""I""], [""OLD"", ""I""]], ""safe"": true, ""testers"": {}}], ""initial_examples_limit"": 3, ""initial_states"": 64, ""losing_initial_states"": 64, ""region_states"": 64, ""safe_region_states"": 64, ""scope"": ""checked discovered-state losing certificate; sampled local root closure evidence, not a unique whole-game causal explanation"", ""unsafe_region_states"": 0}",raw/series/threads_n05_b01_saturated_offers_e1merged_lazy/certificate.json,raw/series/threads_n05_b01_saturated_offers_e1merged_lazy/result.json
threads_n05_b01_saturated_offers_generated_all_lazy,"{""B"": 1, ""group"": ""all"", ""n"": 5, ""regime"": ""saturated_offers""}",none,lazy,64,"The checked discovered-state losing certificate contains 64 states (0 unsafe) and 64/64 initial states; its stored root buckets retain every adversarial outcome and identify the outcomes in this certificate (local closure evidence, not a unique causal explanation).","{""initial_examples"": [{""enabled_action_buckets"": [{""action"": ""arrival"", ""controllable"": false, ""outcomes"": 1, ""outcomes_in_certificate_region"": 1, ""unsafe_outcome_examples"": [], ""unsafe_outcomes"": 0, ""update"": false}], ""pending"": [""ablation.merge.transfers""], ""physical"": [[""OLD"", ""I_q0""], [""OLD"", ""I""], [""OLD"", ""I""], [""OLD"", ""I""], [""OLD"", ""I""]], ""safe"": true, ""testers"": {}}, {""enabled_action_buckets"": [{""action"": ""arrival"", ""controllable"": false, ""outcomes"": 1, ""outcomes_in_certificate_region"": 1, ""unsafe_outcome_examples"": [], ""unsafe_outcomes"": 0, ""update"": false}, {""action"": ""dispatch_1"", ""controllable"": true, ""outcomes"": 1, ""outcomes_in_certificate_region"": 1, ""unsafe_outcome_examples"": [], ""unsafe_outcomes"": 0, ""update"": false}, {""action"": ""dispatch_2"", ""controllable"": true, ""outcomes"": 1, ""outcomes_in_certificate_region"": 1, ""unsafe_outcome_examples"": [], ""unsafe_outcomes"": 0, ""update"": false}, {""action"": ""dispatch_3"", ""controllable"": true, ""outcomes"": 1, ""outcomes_in_certificate_region"": 1, ""unsafe_outcome_examples"": [], ""unsafe_outcomes"": 0, ""update"": false}, {""action"": ""dispatch_4"", ""controllable"": true, ""outcomes"": 1, ""outcomes_in_certificate_region"": 1, ""unsafe_outcome_examples"": [], ""unsafe_outcomes"": 0, ""update"": false}, {""action"": ""dispatch_5"", ""controllable"": true, ""outcomes"": 1, ""outcomes_in_certificate_region"": 1, ""unsafe_outcome_examples"": [], ""unsafe_outcomes"": 0, ""update"": false}], ""pending"": [""ablation.merge.transfers""], ""physical"": [[""OLD"", ""I_q1""], [""OLD"", ""I""], [""OLD"", ""I""], [""OLD"", ""I""], [""OLD"", ""I""]], ""safe"": true, ""testers"": {}}, {""enabled_action_buckets"": [{""action"": ""arrival"", ""controllable"": false, ""outcomes"": 1, ""outcomes_in_certificate_region"": 1, ""unsafe_outcome_examples"": [], ""unsafe_outcomes"": 0, ""update"": false}, {""action"": ""finish_1"", ""controllable"": false, ""outcomes"": 1, ""outcomes_in_certificate_region"": 1, ""unsafe_outcome_examples"": [], ""unsafe_outcomes"": 0, ""update"": false}], ""pending"": [""ablation.merge.transfers""], ""physical"": [[""OLD"", ""B_q0""], [""OLD"", ""I""], [""OLD"", ""I""], [""OLD"", ""I""], [""OLD"", ""I""]], ""safe"": true, ""testers"": {}}], ""initial_examples_limit"": 3, ""initial_states"": 64, ""losing_initial_states"": 64, ""region_states"": 64, ""safe_region_states"": 64, ""scope"": ""checked discovered-state losing certificate; sampled local root closure evidence, not a unique whole-game causal explanation"", ""unsafe_region_states"": 0}",raw/series/threads_n05_b01_saturated_offers_generated_all_lazy/certificate.json,raw/series/threads_n05_b01_saturated_offers_generated_all_lazy/result.json
threads_n05_b01_saturated_offers_fine_df,"{""B"": 1, ""group"": ""fine"", ""n"": 5, ""regime"": ""saturated_offers""}",none,direct_full,64,"The checked discovered-state losing certificate contains 64 states (0 unsafe) and 64/64 initial states; its stored root buckets retain every adversarial outcome and identify the outcomes in this certificate (local closure evidence, not a unique causal explanation).","{""initial_examples"": [{""enabled_action_buckets"": [{""action"": ""arrival"", ""controllable"": false, ""outcomes"": 1, ""outcomes_in_certificate_region"": 1, ""unsafe_outcome_examples"": [], ""unsafe_outcomes"": 0, ""update"": false}], ""pending"": [""rho_1"", ""rho_2"", ""rho_3"", ""rho_4"", ""rho_5""], ""physical"": [[""OLD"", ""I_q0""], [""OLD"", ""I""], [""OLD"", ""I""], [""OLD"", ""I""], [""OLD"", ""I""]], ""safe"": true, ""testers"": {}}, {""enabled_action_buckets"": [{""action"": ""arrival"", ""controllable"": false, ""outcomes"": 1, ""outcomes_in_certificate_region"": 1, ""unsafe_outcome_examples"": [], ""unsafe_outcomes"": 0, ""update"": false}, {""action"": ""dispatch_1"", ""controllable"": true, ""outcomes"": 1, ""outcomes_in_certificate_region"": 1, ""unsafe_outcome_examples"": [], ""unsafe_outcomes"": 0, ""update"": false}, {""action"": ""dispatch_2"", ""controllable"": true, ""outcomes"": 1, ""outcomes_in_certificate_region"": 1, ""unsafe_outcome_examples"": [], ""unsafe_outcomes"": 0, ""update"": false}, {""action"": ""dispatch_3"", ""controllable"": true, ""outcomes"": 1, ""outcomes_in_certificate_region"": 1, ""unsafe_outcome_examples"": [], ""unsafe_outcomes"": 0, ""update"": false}, {""action"": ""dispatch_4"", ""controllable"": true, ""outcomes"": 1, ""outcomes_in_certificate_region"": 1, ""unsafe_outcome_examples"": [], ""unsafe_outcomes"": 0, ""update"": false}, {""action"": ""dispatch_5"", ""controllable"": true, ""outcomes"": 1, ""outcomes_in_certificate_region"": 1, ""unsafe_outcome_examples"": [], ""unsafe_outcomes"": 0, ""update"": false}], ""pending"": [""rho_1"", ""rho_2"", ""rho_3"", ""rho_4"", ""rho_5""], ""physical"": [[""OLD"", ""I_q1""], [""OLD"", ""I""], [""OLD"", ""I""], [""OLD"", ""I""], [""OLD"", ""I""]], ""safe"": true, ""testers"": {}}, {""enabled_action_buckets"": [{""action"": ""arrival"", ""controllable"": false, ""outcomes"": 1, ""outcomes_in_certificate_region"": 1, ""unsafe_outcome_examples"": [], ""unsafe_outcomes"": 0, ""update"": false}, {""action"": ""finish_1"", ""controllable"": false, ""outcomes"": 1, ""outcomes_in_certificate_region"": 1, ""unsafe_outcome_examples"": [], ""unsafe_outcomes"": 0, ""update"": false}], ""pending"": [""rho_1"", ""rho_2"", ""rho_3"", ""rho_4"", ""rho_5""], ""physical"": [[""OLD"", ""B_q0""], [""OLD"", ""I""], [""OLD"", ""I""], [""OLD"", ""I""], [""OLD"", ""I""]], ""safe"": true, ""testers"": {}}], ""initial_examples_limit"": 3, ""initial_states"": 64, ""losing_initial_states"": 64, ""region_states"": 64, ""safe_region_states"": 64, ""scope"": ""checked discovered-state losing certificate; sampled local root closure evidence, not a unique whole-game causal explanation"", ""unsafe_region_states"": 0}",raw/series/threads_n05_b01_saturated_offers_fine_df/certificate.json,raw/series/threads_n05_b01_saturated_offers_fine_df/result.json
threads_n05_b02_saturated_offers_fine_lazy,"{""B"": 2, ""group"": ""fine"", ""n"": 5, ""regime"": ""saturated_offers""}",none,lazy,96,"The checked discovered-state losing certificate contains 96 states (0 unsafe) and 96/96 initial states; its stored root buckets retain every adversarial outcome and identify the outcomes in this certificate (local closure evidence, not a unique causal explanation).","{""initial_examples"": [{""enabled_action_buckets"": [{""action"": ""arrival"", ""controllable"": false, ""outcomes"": 1, ""outcomes_in_certificate_region"": 1, ""unsafe_outcome_examples"": [], ""unsafe_outcomes"": 0, ""update"": false}], ""pending"": [""rho_1"", ""rho_2"", ""rho_3"", ""rho_4"", ""rho_5""], ""physical"": [[""OLD"", ""I_q0""], [""OLD"", ""I""], [""OLD"", ""I""], [""OLD"", ""I""], [""OLD"", ""I""]], ""safe"": true, ""testers"": {}}, {""enabled_action_buckets"": [{""action"": ""arrival"", ""controllable"": false, ""outcomes"": 1, ""outcomes_in_certificate_region"": 1, ""unsafe_outcome_examples"": [], ""unsafe_outcomes"": 0, ""update"": false}, {""action"": ""dispatch_1"", ""controllable"": true, ""outcomes"": 1, ""outcomes_in_certificate_region"": 1, ""unsafe_outcome_examples"": [], ""unsafe_outcomes"": 0, ""update"": false}, {""action"": ""dispatch_2"", ""controllable"": true, ""outcomes"": 1, ""outcomes_in_certificate_region"": 1, ""unsafe_outcome_examples"": [], ""unsafe_outcomes"": 0, ""update"": false}, {""action"": ""dispatch_3"", ""controllable"": true, ""outcomes"": 1, ""outcomes_in_certificate_region"": 1, ""unsafe_outcome_examples"": [], ""unsafe_outcomes"": 0, ""update"": false}, {""action"": ""dispatch_4"", ""controllable"": true, ""outcomes"": 1, ""outcomes_in_certificate_region"": 1, ""unsafe_outcome_examples"": [], ""unsafe_outcomes"": 0, ""update"": false}, {""action"": ""dispatch_5"", ""controllable"": true, ""outcomes"": 1, ""outcomes_in_certificate_region"": 1, ""unsafe_outcome_examples"": [], ""unsafe_outcomes"": 0, ""update"": false}], ""pending"": [""rho_1"", ""rho_2"", ""rho_3"", ""rho_4"", ""rho_5""], ""physical"": [[""OLD"", ""I_q1""], [""OLD"", ""I""], [""OLD"", ""I""], [""OLD"", ""I""], [""OLD"", ""I""]], ""safe"": true, ""testers"": {}}, {""enabled_action_buckets"": [{""action"": ""arrival"", ""controllable"": false, ""outcomes"": 1, ""outcomes_in_certificate_region"": 1, ""unsafe_outcome_examples"": [], ""unsafe_outcomes"": 0, ""update"": false}, {""action"": ""dispatch_1"", ""controllable"": true, ""outcomes"": 1, ""outcomes_in_certificate_region"": 1, ""unsafe_outcome_examples"": [], ""unsafe_outcomes"": 0, ""update"": false}, {""action"": ""dispatch_2"", ""controllable"": true, ""outcomes"": 1, ""outcomes_in_certificate_region"": 1, ""unsafe_outcome_examples"": [], ""unsafe_outcomes"": 0, ""update"": false}, {""action"": ""dispatch_3"", ""controllable"": true, ""outcomes"": 1, ""outcomes_in_certificate_region"": 1, ""unsafe_outcome_examples"": [], ""unsafe_outcomes"": 0, ""update"": false}, {""action"": ""dispatch_4"", ""controllable"": true, ""outcomes"": 1, ""outcomes_in_certificate_region"": 1, ""unsafe_outcome_examples"": [], ""unsafe_outcomes"": 0, ""update"": false}, {""action"": ""dispatch_5"", ""controllable"": true, ""outcomes"": 1, ""outcomes_in_certificate_region"": 1, ""unsafe_outcome_examples"": [], ""unsafe_outcomes"": 0, ""update"": false}], ""pending"": [""rho_1"", ""rho_2"", ""rho_3"", ""rho_4"", ""rho_5""], ""physical"": [[""OLD"", ""I_q2""], [""OLD"", ""I""], [""OLD"", ""I""], [""OLD"", ""I""], [""OLD"", ""I""]], ""safe"": true, ""testers"": {}}], ""initial_examples_limit"": 3, ""initial_states"": 96, ""losing_initial_states"": 96, ""region_states"": 96, ""safe_region_states"": 96, ""scope"": ""checked discovered-state losing certificate; sampled local root closure evidence, not a unique whole-game causal explanation"", ""unsafe_region_states"": 0}",raw/series/threads_n05_b02_saturated_offers_fine_lazy/certificate.json,raw/series/threads_n05_b02_saturated_offers_fine_lazy/result.json
threads_n05_b02_saturated_offers_e1merged_lazy,"{""B"": 2, ""group"": ""fine"", ""n"": 5, ""regime"": ""saturated_offers""}",transfers,lazy,96,"The checked discovered-state losing certificate contains 96 states (0 unsafe) and 96/96 initial states; its stored root buckets retain every adversarial outcome and identify the outcomes in this certificate (local closure evidence, not a unique causal explanation).","{""initial_examples"": [{""enabled_action_buckets"": [{""action"": ""arrival"", ""controllable"": false, ""outcomes"": 1, ""outcomes_in_certificate_region"": 1, ""unsafe_outcome_examples"": [], ""unsafe_outcomes"": 0, ""update"": false}], ""pending"": [""ablation.merge.transfers""], ""physical"": [[""OLD"", ""I_q0""], [""OLD"", ""I""], [""OLD"", ""I""], [""OLD"", ""I""], [""OLD"", ""I""]], ""safe"": true, ""testers"": {}}, {""enabled_action_buckets"": [{""action"": ""arrival"", ""controllable"": false, ""outcomes"": 1, ""outcomes_in_certificate_region"": 1, ""unsafe_outcome_examples"": [], ""unsafe_outcomes"": 0, ""update"": false}, {""action"": ""dispatch_1"", ""controllable"": true, ""outcomes"": 1, ""outcomes_in_certificate_region"": 1, ""unsafe_outcome_examples"": [], ""unsafe_outcomes"": 0, ""update"": false}, {""action"": ""dispatch_2"", ""controllable"": true, ""outcomes"": 1, ""outcomes_in_certificate_region"": 1, ""unsafe_outcome_examples"": [], ""unsafe_outcomes"": 0, ""update"": false}, {""action"": ""dispatch_3"", ""controllable"": true, ""outcomes"": 1, ""outcomes_in_certificate_region"": 1, ""unsafe_outcome_examples"": [], ""unsafe_outcomes"": 0, ""update"": false}, {""action"": ""dispatch_4"", ""controllable"": true, ""outcomes"": 1, ""outcomes_in_certificate_region"": 1, ""unsafe_outcome_examples"": [], ""unsafe_outcomes"": 0, ""update"": false}, {""action"": ""dispatch_5"", ""controllable"": true, ""outcomes"": 1, ""outcomes_in_certificate_region"": 1, ""unsafe_outcome_examples"": [], ""unsafe_outcomes"": 0, ""update"": false}], ""pending"": [""ablation.merge.transfers""], ""physical"": [[""OLD"", ""I_q1""], [""OLD"", ""I""], [""OLD"", ""I""], [""OLD"", ""I""], [""OLD"", ""I""]], ""safe"": true, ""testers"": {}}, {""enabled_action_buckets"": [{""action"": ""arrival"", ""controllable"": false, ""outcomes"": 1, ""outcomes_in_certificate_region"": 1, ""unsafe_outcome_examples"": [], ""unsafe_outcomes"": 0, ""update"": false}, {""action"": ""dispatch_1"", ""controllable"": true, ""outcomes"": 1, ""outcomes_in_certificate_region"": 1, ""unsafe_outcome_examples"": [], ""unsafe_outcomes"": 0, ""update"": false}, {""action"": ""dispatch_2"", ""controllable"": true, ""outcomes"": 1, ""outcomes_in_certificate_region"": 1, ""unsafe_outcome_examples"": [], ""unsafe_outcomes"": 0, ""update"": false}, {""action"": ""dispatch_3"", ""controllable"": true, ""outcomes"": 1, ""outcomes_in_certificate_region"": 1, ""unsafe_outcome_examples"": [], ""unsafe_outcomes"": 0, ""update"": false}, {""action"": ""dispatch_4"", ""controllable"": true, ""outcomes"": 1, ""outcomes_in_certificate_region"": 1, ""unsafe_outcome_examples"": [], ""unsafe_outcomes"": 0, ""update"": false}, {""action"": ""dispatch_5"", ""controllable"": true, ""outcomes"": 1, ""outcomes_in_certificate_region"": 1, ""unsafe_outcome_examples"": [], ""unsafe_outcomes"": 0, ""update"": false}], ""pending"": [""ablation.merge.transfers""], ""physical"": [[""OLD"", ""I_q2""], [""OLD"", ""I""], [""OLD"", ""I""], [""OLD"", ""I""], [""OLD"", ""I""]], ""safe"": true, ""testers"": {}}], ""initial_examples_limit"": 3, ""initial_states"": 96, ""losing_initial_states"": 96, ""region_states"": 96, ""safe_region_states"": 96, ""scope"": ""checked discovered-state losing certificate; sampled local root closure evidence, not a unique whole-game causal explanation"", ""unsafe_region_states"": 0}",raw/series/threads_n05_b02_saturated_offers_e1merged_lazy/certificate.json,raw/series/threads_n05_b02_saturated_offers_e1merged_lazy/result.json
threads_n05_b02_saturated_offers_generated_all_lazy,"{""B"": 2, ""group"": ""all"", ""n"": 5, ""regime"": ""saturated_offers""}",none,lazy,96,"The checked discovered-state losing certificate contains 96 states (0 unsafe) and 96/96 initial states; its stored root buckets retain every adversarial outcome and identify the outcomes in this certificate (local closure evidence, not a unique causal explanation).","{""initial_examples"": [{""enabled_action_buckets"": [{""action"": ""arrival"", ""controllable"": false, ""outcomes"": 1, ""outcomes_in_certificate_region"": 1, ""unsafe_outcome_examples"": [], ""unsafe_outcomes"": 0, ""update"": false}], ""pending"": [""ablation.merge.transfers""], ""physical"": [[""OLD"", ""I_q0""], [""OLD"", ""I""], [""OLD"", ""I""], [""OLD"", ""I""], [""OLD"", ""I""]], ""safe"": true, ""testers"": {}}, {""enabled_action_buckets"": [{""action"": ""arrival"", ""controllable"": false, ""outcomes"": 1, ""outcomes_in_certificate_region"": 1, ""unsafe_outcome_examples"": [], ""unsafe_outcomes"": 0, ""update"": false}, {""action"": ""dispatch_1"", ""controllable"": true, ""outcomes"": 1, ""outcomes_in_certificate_region"": 1, ""unsafe_outcome_examples"": [], ""unsafe_outcomes"": 0, ""update"": false}, {""action"": ""dispatch_2"", ""controllable"": true, ""outcomes"": 1, ""outcomes_in_certificate_region"": 1, ""unsafe_outcome_examples"": [], ""unsafe_outcomes"": 0, ""update"": false}, {""action"": ""dispatch_3"", ""controllable"": true, ""outcomes"": 1, ""outcomes_in_certificate_region"": 1, ""unsafe_outcome_examples"": [], ""unsafe_outcomes"": 0, ""update"": false}, {""action"": ""dispatch_4"", ""controllable"": true, ""outcomes"": 1, ""outcomes_in_certificate_region"": 1, ""unsafe_outcome_examples"": [], ""unsafe_outcomes"": 0, ""update"": false}, {""action"": ""dispatch_5"", ""controllable"": true, ""outcomes"": 1, ""outcomes_in_certificate_region"": 1, ""unsafe_outcome_examples"": [], ""unsafe_outcomes"": 0, ""update"": false}], ""pending"": [""ablation.merge.transfers""], ""physical"": [[""OLD"", ""I_q1""], [""OLD"", ""I""], [""OLD"", ""I""], [""OLD"", ""I""], [""OLD"", ""I""]], ""safe"": true, ""testers"": {}}, {""enabled_action_buckets"": [{""action"": ""arrival"", ""controllable"": false, ""outcomes"": 1, ""outcomes_in_certificate_region"": 1, ""unsafe_outcome_examples"": [], ""unsafe_outcomes"": 0, ""update"": false}, {""action"": ""dispatch_1"", ""controllable"": true, ""outcomes"": 1, ""outcomes_in_certificate_region"": 1, ""unsafe_outcome_examples"": [], ""unsafe_outcomes"": 0, ""update"": false}, {""action"": ""dispatch_2"", ""controllable"": true, ""outcomes"": 1, ""outcomes_in_certificate_region"": 1, ""unsafe_outcome_examples"": [], ""unsafe_outcomes"": 0, ""update"": false}, {""action"": ""dispatch_3"", ""controllable"": true, ""outcomes"": 1, ""outcomes_in_certificate_region"": 1, ""unsafe_outcome_examples"": [], ""unsafe_outcomes"": 0, ""update"": false}, {""action"": ""dispatch_4"", ""controllable"": true, ""outcomes"": 1, ""outcomes_in_certificate_region"": 1, ""unsafe_outcome_examples"": [], ""unsafe_outcomes"": 0, ""update"": false}, {""action"": ""dispatch_5"", ""controllable"": true, ""outcomes"": 1, ""outcomes_in_certificate_region"": 1, ""unsafe_outcome_examples"": [], ""unsafe_outcomes"": 0, ""update"": false}], ""pending"": [""ablation.merge.transfers""], ""physical"": [[""OLD"", ""I_q2""], [""OLD"", ""I""], [""OLD"", ""I""], [""OLD"", ""I""], [""OLD"", ""I""]], ""safe"": true, ""testers"": {}}], ""initial_examples_limit"": 3, ""initial_states"": 96, ""losing_initial_states"": 96, ""region_states"": 96, ""safe_region_states"": 96, ""scope"": ""checked discovered-state losing certificate; sampled local root closure evidence, not a unique whole-game causal explanation"", ""unsafe_region_states"": 0}",raw/series/threads_n05_b02_saturated_offers_generated_all_lazy/certificate.json,raw/series/threads_n05_b02_saturated_offers_generated_all_lazy/result.json
threads_n05_b02_saturated_offers_fine_df,"{""B"": 2, ""group"": ""fine"", ""n"": 5, ""regime"": ""saturated_offers""}",none,direct_full,96,"The checked discovered-state losing certificate contains 96 states (0 unsafe) and 96/96 initial states; its stored root buckets retain every adversarial outcome and identify the outcomes in this certificate (local closure evidence, not a unique causal explanation).","{""initial_examples"": [{""enabled_action_buckets"": [{""action"": ""arrival"", ""controllable"": false, ""outcomes"": 1, ""outcomes_in_certificate_region"": 1, ""unsafe_outcome_examples"": [], ""unsafe_outcomes"": 0, ""update"": false}], ""pending"": [""rho_1"", ""rho_2"", ""rho_3"", ""rho_4"", ""rho_5""], ""physical"": [[""OLD"", ""I_q0""], [""OLD"", ""I""], [""OLD"", ""I""], [""OLD"", ""I""], [""OLD"", ""I""]], ""safe"": true, ""testers"": {}}, {""enabled_action_buckets"": [{""action"": ""arrival"", ""controllable"": false, ""outcomes"": 1, ""outcomes_in_certificate_region"": 1, ""unsafe_outcome_examples"": [], ""unsafe_outcomes"": 0, ""update"": false}, {""action"": ""dispatch_1"", ""controllable"": true, ""outcomes"": 1, ""outcomes_in_certificate_region"": 1, ""unsafe_outcome_examples"": [], ""unsafe_outcomes"": 0, ""update"": false}, {""action"": ""dispatch_2"", ""controllable"": true, ""outcomes"": 1, ""outcomes_in_certificate_region"": 1, ""unsafe_outcome_examples"": [], ""unsafe_outcomes"": 0, ""update"": false}, {""action"": ""dispatch_3"", ""controllable"": true, ""outcomes"": 1, ""outcomes_in_certificate_region"": 1, ""unsafe_outcome_examples"": [], ""unsafe_outcomes"": 0, ""update"": false}, {""action"": ""dispatch_4"", ""controllable"": true, ""outcomes"": 1, ""outcomes_in_certificate_region"": 1, ""unsafe_outcome_examples"": [], ""unsafe_outcomes"": 0, ""update"": false}, {""action"": ""dispatch_5"", ""controllable"": true, ""outcomes"": 1, ""outcomes_in_certificate_region"": 1, ""unsafe_outcome_examples"": [], ""unsafe_outcomes"": 0, ""update"": false}], ""pending"": [""rho_1"", ""rho_2"", ""rho_3"", ""rho_4"", ""rho_5""], ""physical"": [[""OLD"", ""I_q1""], [""OLD"", ""I""], [""OLD"", ""I""], [""OLD"", ""I""], [""OLD"", ""I""]], ""safe"": true, ""testers"": {}}, {""enabled_action_buckets"": [{""action"": ""arrival"", ""controllable"": false, ""outcomes"": 1, ""outcomes_in_certificate_region"": 1, ""unsafe_outcome_examples"": [], ""unsafe_outcomes"": 0, ""update"": false}, {""action"": ""dispatch_1"", ""controllable"": true, ""outcomes"": 1, ""outcomes_in_certificate_region"": 1, ""unsafe_outcome_examples"": [], ""unsafe_outcomes"": 0, ""update"": false}, {""action"": ""dispatch_2"", ""controllable"": true, ""outcomes"": 1, ""outcomes_in_certificate_region"": 1, ""unsafe_outcome_examples"": [], ""unsafe_outcomes"": 0, ""update"": false}, {""action"": ""dispatch_3"", ""controllable"": true, ""outcomes"": 1, ""outcomes_in_certificate_region"": 1, ""unsafe_outcome_examples"": [], ""unsafe_outcomes"": 0, ""update"": false}, {""action"": ""dispatch_4"", ""controllable"": true, ""outcomes"": 1, ""outcomes_in_certificate_region"": 1, ""unsafe_outcome_examples"": [], ""unsafe_outcomes"": 0, ""update"": false}, {""action"": ""dispatch_5"", ""controllable"": true, ""outcomes"": 1, ""outcomes_in_certificate_region"": 1, ""unsafe_outcome_examples"": [], ""unsafe_outcomes"": 0, ""update"": false}], ""pending"": [""rho_1"", ""rho_2"", ""rho_3"", ""rho_4"", ""rho_5""], ""physical"": [[""OLD"", ""I_q2""], [""OLD"", ""I""], [""OLD"", ""I""], [""OLD"", ""I""], [""OLD"", ""I""]], ""safe"": true, ""testers"": {}}], ""initial_examples_limit"": 3, ""initial_states"": 96, ""losing_initial_states"": 96, ""region_states"": 96, ""safe_region_states"": 96, ""scope"": ""checked discovered-state losing certificate; sampled local root closure evidence, not a unique whole-game causal explanation"", ""unsafe_region_states"": 0}",raw/series/threads_n05_b02_saturated_offers_fine_df/certificate.json,raw/series/threads_n05_b02_saturated_offers_fine_df/result.json
threads_n06_b01_saturated_offers_fine_lazy,"{""B"": 1, ""group"": ""fine"", ""n"": 6, ""regime"": ""saturated_offers""}",none,lazy,128,"The checked discovered-state losing certificate contains 128 states (0 unsafe) and 128/128 initial states; its stored root buckets retain every adversarial outcome and identify the outcomes in this certificate (local closure evidence, not a unique causal explanation).","{""initial_examples"": [{""enabled_action_buckets"": [{""action"": ""arrival"", ""controllable"": false, ""outcomes"": 1, ""outcomes_in_certificate_region"": 1, ""unsafe_outcome_examples"": [], ""unsafe_outcomes"": 0, ""update"": false}], ""pending"": [""rho_1"", ""rho_2"", ""rho_3"", ""rho_4"", ""rho_5"", ""rho_6""], ""physical"": [[""OLD"", ""I_q0""], [""OLD"", ""I""], [""OLD"", ""I""], [""OLD"", ""I""], [""OLD"", ""I""], [""OLD"", ""I""]], ""safe"": true, ""testers"": {}}, {""enabled_action_buckets"": [{""action"": ""arrival"", ""controllable"": false, ""outcomes"": 1, ""outcomes_in_certificate_region"": 1, ""unsafe_outcome_examples"": [], ""unsafe_outcomes"": 0, ""update"": false}, {""action"": ""dispatch_1"", ""controllable"": true, ""outcomes"": 1, ""outcomes_in_certificate_region"": 1, ""unsafe_outcome_examples"": [], ""unsafe_outcomes"": 0, ""update"": false}, {""action"": ""dispatch_2"", ""controllable"": true, ""outcomes"": 1, ""outcomes_in_certificate_region"": 1, ""unsafe_outcome_examples"": [], ""unsafe_outcomes"": 0, ""update"": false}, {""action"": ""dispatch_3"", ""controllable"": true, ""outcomes"": 1, ""outcomes_in_certificate_region"": 1, ""unsafe_outcome_examples"": [], ""unsafe_outcomes"": 0, ""update"": false}, {""action"": ""dispatch_4"", ""controllable"": true, ""outcomes"": 1, ""outcomes_in_certificate_region"": 1, ""unsafe_outcome_examples"": [], ""unsafe_outcomes"": 0, ""update"": false}, {""action"": ""dispatch_5"", ""controllable"": true, ""outcomes"": 1, ""outcomes_in_certificate_region"": 1, ""unsafe_outcome_examples"": [], ""unsafe_outcomes"": 0, ""update"": false}, {""action"": ""dispatch_6"", ""controllable"": true, ""outcomes"": 1, ""outcomes_in_certificate_region"": 1, ""unsafe_outcome_examples"": [], ""unsafe_outcomes"": 0, ""update"": false}], ""pending"": [""rho_1"", ""rho_2"", ""rho_3"", ""rho_4"", ""rho_5"", ""rho_6""], ""physical"": [[""OLD"", ""I_q1""], [""OLD"", ""I""], [""OLD"", ""I""], [""OLD"", ""I""], [""OLD"", ""I""], [""OLD"", ""I""]], ""safe"": true, ""testers"": {}}, {""enabled_action_buckets"": [{""action"": ""arrival"", ""controllable"": false, ""outcomes"": 1, ""outcomes_in_certificate_region"": 1, ""unsafe_outcome_examples"": [], ""unsafe_outcomes"": 0, ""update"": false}, {""action"": ""finish_1"", ""controllable"": false, ""outcomes"": 1, ""outcomes_in_certificate_region"": 1, ""unsafe_outcome_examples"": [], ""unsafe_outcomes"": 0, ""update"": false}], ""pending"": [""rho_1"", ""rho_2"", ""rho_3"", ""rho_4"", ""rho_5"", ""rho_6""], ""physical"": [[""OLD"", ""B_q0""], [""OLD"", ""I""], [""OLD"", ""I""], [""OLD"", ""I""], [""OLD"", ""I""], [""OLD"", ""I""]], ""safe"": true, ""testers"": {}}], ""initial_examples_limit"": 3, ""initial_states"": 128, ""losing_initial_states"": 128, ""region_states"": 128, ""safe_region_states"": 128, ""scope"": ""checked discovered-state losing certificate; sampled local root closure evidence, not a unique whole-game causal explanation"", ""unsafe_region_states"": 0}",raw/series/threads_n06_b01_saturated_offers_fine_lazy/certificate.json,raw/series/threads_n06_b01_saturated_offers_fine_lazy/result.json
threads_n06_b01_saturated_offers_e1merged_lazy,"{""B"": 1, ""group"": ""fine"", ""n"": 6, ""regime"": ""saturated_offers""}",transfers,lazy,128,"The checked discovered-state losing certificate contains 128 states (0 unsafe) and 128/128 initial states; its stored root buckets retain every adversarial outcome and identify the outcomes in this certificate (local closure evidence, not a unique causal explanation).","{""initial_examples"": [{""enabled_action_buckets"": [{""action"": ""arrival"", ""controllable"": false, ""outcomes"": 1, ""outcomes_in_certificate_region"": 1, ""unsafe_outcome_examples"": [], ""unsafe_outcomes"": 0, ""update"": false}], ""pending"": [""ablation.merge.transfers""], ""physical"": [[""OLD"", ""I_q0""], [""OLD"", ""I""], [""OLD"", ""I""], [""OLD"", ""I""], [""OLD"", ""I""], [""OLD"", ""I""]], ""safe"": true, ""testers"": {}}, {""enabled_action_buckets"": [{""action"": ""arrival"", ""controllable"": false, ""outcomes"": 1, ""outcomes_in_certificate_region"": 1, ""unsafe_outcome_examples"": [], ""unsafe_outcomes"": 0, ""update"": false}, {""action"": ""dispatch_1"", ""controllable"": true, ""outcomes"": 1, ""outcomes_in_certificate_region"": 1, ""unsafe_outcome_examples"": [], ""unsafe_outcomes"": 0, ""update"": false}, {""action"": ""dispatch_2"", ""controllable"": true, ""outcomes"": 1, ""outcomes_in_certificate_region"": 1, ""unsafe_outcome_examples"": [], ""unsafe_outcomes"": 0, ""update"": false}, {""action"": ""dispatch_3"", ""controllable"": true, ""outcomes"": 1, ""outcomes_in_certificate_region"": 1, ""unsafe_outcome_examples"": [], ""unsafe_outcomes"": 0, ""update"": false}, {""action"": ""dispatch_4"", ""controllable"": true, ""outcomes"": 1, ""outcomes_in_certificate_region"": 1, ""unsafe_outcome_examples"": [], ""unsafe_outcomes"": 0, ""update"": false}, {""action"": ""dispatch_5"", ""controllable"": true, ""outcomes"": 1, ""outcomes_in_certificate_region"": 1, ""unsafe_outcome_examples"": [], ""unsafe_outcomes"": 0, ""update"": false}, {""action"": ""dispatch_6"", ""controllable"": true, ""outcomes"": 1, ""outcomes_in_certificate_region"": 1, ""unsafe_outcome_examples"": [], ""unsafe_outcomes"": 0, ""update"": false}], ""pending"": [""ablation.merge.transfers""], ""physical"": [[""OLD"", ""I_q1""], [""OLD"", ""I""], [""OLD"", ""I""], [""OLD"", ""I""], [""OLD"", ""I""], [""OLD"", ""I""]], ""safe"": true, ""testers"": {}}, {""enabled_action_buckets"": [{""action"": ""arrival"", ""controllable"": false, ""outcomes"": 1, ""outcomes_in_certificate_region"": 1, ""unsafe_outcome_examples"": [], ""unsafe_outcomes"": 0, ""update"": false}, {""action"": ""finish_1"", ""controllable"": false, ""outcomes"": 1, ""outcomes_in_certificate_region"": 1, ""unsafe_outcome_examples"": [], ""unsafe_outcomes"": 0, ""update"": false}], ""pending"": [""ablation.merge.transfers""], ""physical"": [[""OLD"", ""B_q0""], [""OLD"", ""I""], [""OLD"", ""I""], [""OLD"", ""I""], [""OLD"", ""I""], [""OLD"", ""I""]], ""safe"": true, ""testers"": {}}], ""initial_examples_limit"": 3, ""initial_states"": 128, ""losing_initial_states"": 128, ""region_states"": 128, ""safe_region_states"": 128, ""scope"": ""checked discovered-state losing certificate; sampled local root closure evidence, not a unique whole-game causal explanation"", ""unsafe_region_states"": 0}",raw/series/threads_n06_b01_saturated_offers_e1merged_lazy/certificate.json,raw/series/threads_n06_b01_saturated_offers_e1merged_lazy/result.json
threads_n06_b01_saturated_offers_generated_all_lazy,"{""B"": 1, ""group"": ""all"", ""n"": 6, ""regime"": ""saturated_offers""}",none,lazy,128,"The checked discovered-state losing certificate contains 128 states (0 unsafe) and 128/128 initial states; its stored root buckets retain every adversarial outcome and identify the outcomes in this certificate (local closure evidence, not a unique causal explanation).","{""initial_examples"": [{""enabled_action_buckets"": [{""action"": ""arrival"", ""controllable"": false, ""outcomes"": 1, ""outcomes_in_certificate_region"": 1, ""unsafe_outcome_examples"": [], ""unsafe_outcomes"": 0, ""update"": false}], ""pending"": [""ablation.merge.transfers""], ""physical"": [[""OLD"", ""I_q0""], [""OLD"", ""I""], [""OLD"", ""I""], [""OLD"", ""I""], [""OLD"", ""I""], [""OLD"", ""I""]], ""safe"": true, ""testers"": {}}, {""enabled_action_buckets"": [{""action"": ""arrival"", ""controllable"": false, ""outcomes"": 1, ""outcomes_in_certificate_region"": 1, ""unsafe_outcome_examples"": [], ""unsafe_outcomes"": 0, ""update"": false}, {""action"": ""dispatch_1"", ""controllable"": true, ""outcomes"": 1, ""outcomes_in_certificate_region"": 1, ""unsafe_outcome_examples"": [], ""unsafe_outcomes"": 0, ""update"": false}, {""action"": ""dispatch_2"", ""controllable"": true, ""outcomes"": 1, ""outcomes_in_certificate_region"": 1, ""unsafe_outcome_examples"": [], ""unsafe_outcomes"": 0, ""update"": false}, {""action"": ""dispatch_3"", ""controllable"": true, ""outcomes"": 1, ""outcomes_in_certificate_region"": 1, ""unsafe_outcome_examples"": [], ""unsafe_outcomes"": 0, ""update"": false}, {""action"": ""dispatch_4"", ""controllable"": true, ""outcomes"": 1, ""outcomes_in_certificate_region"": 1, ""unsafe_outcome_examples"": [], ""unsafe_outcomes"": 0, ""update"": false}, {""action"": ""dispatch_5"", ""controllable"": true, ""outcomes"": 1, ""outcomes_in_certificate_region"": 1, ""unsafe_outcome_examples"": [], ""unsafe_outcomes"": 0, ""update"": false}, {""action"": ""dispatch_6"", ""controllable"": true, ""outcomes"": 1, ""outcomes_in_certificate_region"": 1, ""unsafe_outcome_examples"": [], ""unsafe_outcomes"": 0, ""update"": false}], ""pending"": [""ablation.merge.transfers""], ""physical"": [[""OLD"", ""I_q1""], [""OLD"", ""I""], [""OLD"", ""I""], [""OLD"", ""I""], [""OLD"", ""I""], [""OLD"", ""I""]], ""safe"": true, ""testers"": {}}, {""enabled_action_buckets"": [{""action"": ""arrival"", ""controllable"": false, ""outcomes"": 1, ""outcomes_in_certificate_region"": 1, ""unsafe_outcome_examples"": [], ""unsafe_outcomes"": 0, ""update"": false}, {""action"": ""finish_1"", ""controllable"": false, ""outcomes"": 1, ""outcomes_in_certificate_region"": 1, ""unsafe_outcome_examples"": [], ""unsafe_outcomes"": 0, ""update"": false}], ""pending"": [""ablation.merge.transfers""], ""physical"": [[""OLD"", ""B_q0""], [""OLD"", ""I""], [""OLD"", ""I""], [""OLD"", ""I""], [""OLD"", ""I""], [""OLD"", ""I""]], ""safe"": true, ""testers"": {}}], ""initial_examples_limit"": 3, ""initial_states"": 128, ""losing_initial_states"": 128, ""region_states"": 128, ""safe_region_states"": 128, ""scope"": ""checked discovered-state losing certificate; sampled local root closure evidence, not a unique whole-game causal explanation"", ""unsafe_region_states"": 0}",raw/series/threads_n06_b01_saturated_offers_generated_all_lazy/certificate.json,raw/series/threads_n06_b01_saturated_offers_generated_all_lazy/result.json
threads_n06_b01_saturated_offers_fine_df,"{""B"": 1, ""group"": ""fine"", ""n"": 6, ""regime"": ""saturated_offers""}",none,direct_full,128,"The checked discovered-state losing certificate contains 128 states (0 unsafe) and 128/128 initial states; its stored root buckets retain every adversarial outcome and identify the outcomes in this certificate (local closure evidence, not a unique causal explanation).","{""initial_examples"": [{""enabled_action_buckets"": [{""action"": ""arrival"", ""controllable"": false, ""outcomes"": 1, ""outcomes_in_certificate_region"": 1, ""unsafe_outcome_examples"": [], ""unsafe_outcomes"": 0, ""update"": false}], ""pending"": [""rho_1"", ""rho_2"", ""rho_3"", ""rho_4"", ""rho_5"", ""rho_6""], ""physical"": [[""OLD"", ""I_q0""], [""OLD"", ""I""], [""OLD"", ""I""], [""OLD"", ""I""], [""OLD"", ""I""], [""OLD"", ""I""]], ""safe"": true, ""testers"": {}}, {""enabled_action_buckets"": [{""action"": ""arrival"", ""controllable"": false, ""outcomes"": 1, ""outcomes_in_certificate_region"": 1, ""unsafe_outcome_examples"": [], ""unsafe_outcomes"": 0, ""update"": false}, {""action"": ""dispatch_1"", ""controllable"": true, ""outcomes"": 1, ""outcomes_in_certificate_region"": 1, ""unsafe_outcome_examples"": [], ""unsafe_outcomes"": 0, ""update"": false}, {""action"": ""dispatch_2"", ""controllable"": true, ""outcomes"": 1, ""outcomes_in_certificate_region"": 1, ""unsafe_outcome_examples"": [], ""unsafe_outcomes"": 0, ""update"": false}, {""action"": ""dispatch_3"", ""controllable"": true, ""outcomes"": 1, ""outcomes_in_certificate_region"": 1, ""unsafe_outcome_examples"": [], ""unsafe_outcomes"": 0, ""update"": false}, {""action"": ""dispatch_4"", ""controllable"": true, ""outcomes"": 1, ""outcomes_in_certificate_region"": 1, ""unsafe_outcome_examples"": [], ""unsafe_outcomes"": 0, ""update"": false}, {""action"": ""dispatch_5"", ""controllable"": true, ""outcomes"": 1, ""outcomes_in_certificate_region"": 1, ""unsafe_outcome_examples"": [], ""unsafe_outcomes"": 0, ""update"": false}, {""action"": ""dispatch_6"", ""controllable"": true, ""outcomes"": 1, ""outcomes_in_certificate_region"": 1, ""unsafe_outcome_examples"": [], ""unsafe_outcomes"": 0, ""update"": false}], ""pending"": [""rho_1"", ""rho_2"", ""rho_3"", ""rho_4"", ""rho_5"", ""rho_6""], ""physical"": [[""OLD"", ""I_q1""], [""OLD"", ""I""], [""OLD"", ""I""], [""OLD"", ""I""], [""OLD"", ""I""], [""OLD"", ""I""]], ""safe"": true, ""testers"": {}}, {""enabled_action_buckets"": [{""action"": ""arrival"", ""controllable"": false, ""outcomes"": 1, ""outcomes_in_certificate_region"": 1, ""unsafe_outcome_examples"": [], ""unsafe_outcomes"": 0, ""update"": false}, {""action"": ""finish_1"", ""controllable"": false, ""outcomes"": 1, ""outcomes_in_certificate_region"": 1, ""unsafe_outcome_examples"": [], ""unsafe_outcomes"": 0, ""update"": false}], ""pending"": [""rho_1"", ""rho_2"", ""rho_3"", ""rho_4"", ""rho_5"", ""rho_6""], ""physical"": [[""OLD"", ""B_q0""], [""OLD"", ""I""], [""OLD"", ""I""], [""OLD"", ""I""], [""OLD"", ""I""], [""OLD"", ""I""]], ""safe"": true, ""testers"": {}}], ""initial_examples_limit"": 3, ""initial_states"": 128, ""losing_initial_states"": 128, ""region_states"": 128, ""safe_region_states"": 128, ""scope"": ""checked discovered-state losing certificate; sampled local root closure evidence, not a unique whole-game causal explanation"", ""unsafe_region_states"": 0}",raw/series/threads_n06_b01_saturated_offers_fine_df/certificate.json,raw/series/threads_n06_b01_saturated_offers_fine_df/result.json
threads_n06_b02_saturated_offers_fine_lazy,"{""B"": 2, ""group"": ""fine"", ""n"": 6, ""regime"": ""saturated_offers""}",none,lazy,192,"The checked discovered-state losing certificate contains 192 states (0 unsafe) and 192/192 initial states; its stored root buckets retain every adversarial outcome and identify the outcomes in this certificate (local closure evidence, not a unique causal explanation).","{""initial_examples"": [{""enabled_action_buckets"": [{""action"": ""arrival"", ""controllable"": false, ""outcomes"": 1, ""outcomes_in_certificate_region"": 1, ""unsafe_outcome_examples"": [], ""unsafe_outcomes"": 0, ""update"": false}], ""pending"": [""rho_1"", ""rho_2"", ""rho_3"", ""rho_4"", ""rho_5"", ""rho_6""], ""physical"": [[""OLD"", ""I_q0""], [""OLD"", ""I""], [""OLD"", ""I""], [""OLD"", ""I""], [""OLD"", ""I""], [""OLD"", ""I""]], ""safe"": true, ""testers"": {}}, {""enabled_action_buckets"": [{""action"": ""arrival"", ""controllable"": false, ""outcomes"": 1, ""outcomes_in_certificate_region"": 1, ""unsafe_outcome_examples"": [], ""unsafe_outcomes"": 0, ""update"": false}, {""action"": ""dispatch_1"", ""controllable"": true, ""outcomes"": 1, ""outcomes_in_certificate_region"": 1, ""unsafe_outcome_examples"": [], ""unsafe_outcomes"": 0, ""update"": false}, {""action"": ""dispatch_2"", ""controllable"": true, ""outcomes"": 1, ""outcomes_in_certificate_region"": 1, ""unsafe_outcome_examples"": [], ""unsafe_outcomes"": 0, ""update"": false}, {""action"": ""dispatch_3"", ""controllable"": true, ""outcomes"": 1, ""outcomes_in_certificate_region"": 1, ""unsafe_outcome_examples"": [], ""unsafe_outcomes"": 0, ""update"": false}, {""action"": ""dispatch_4"", ""controllable"": true, ""outcomes"": 1, ""outcomes_in_certificate_region"": 1, ""unsafe_outcome_examples"": [], ""unsafe_outcomes"": 0, ""update"": false}, {""action"": ""dispatch_5"", ""controllable"": true, ""outcomes"": 1, ""outcomes_in_certificate_region"": 1, ""unsafe_outcome_examples"": [], ""unsafe_outcomes"": 0, ""update"": false}, {""action"": ""dispatch_6"", ""controllable"": true, ""outcomes"": 1, ""outcomes_in_certificate_region"": 1, ""unsafe_outcome_examples"": [], ""unsafe_outcomes"": 0, ""update"": false}], ""pending"": [""rho_1"", ""rho_2"", ""rho_3"", ""rho_4"", ""rho_5"", ""rho_6""], ""physical"": [[""OLD"", ""I_q1""], [""OLD"", ""I""], [""OLD"", ""I""], [""OLD"", ""I""], [""OLD"", ""I""], [""OLD"", ""I""]], ""safe"": true, ""testers"": {}}, {""enabled_action_buckets"": [{""action"": ""arrival"", ""controllable"": false, ""outcomes"": 1, ""outcomes_in_certificate_region"": 1, ""unsafe_outcome_examples"": [], ""unsafe_outcomes"": 0, ""update"": false}, {""action"": ""dispatch_1"", ""controllable"": true, ""outcomes"": 1, ""outcomes_in_certificate_region"": 1, ""unsafe_outcome_examples"": [], ""unsafe_outcomes"": 0, ""update"": false}, {""action"": ""dispatch_2"", ""controllable"": true, ""outcomes"": 1, ""outcomes_in_certificate_region"": 1, ""unsafe_outcome_examples"": [], ""unsafe_outcomes"": 0, ""update"": false}, {""action"": ""dispatch_3"", ""controllable"": true, ""outcomes"": 1, ""outcomes_in_certificate_region"": 1, ""unsafe_outcome_examples"": [], ""unsafe_outcomes"": 0, ""update"": false}, {""action"": ""dispatch_4"", ""controllable"": true, ""outcomes"": 1, ""outcomes_in_certificate_region"": 1, ""unsafe_outcome_examples"": [], ""unsafe_outcomes"": 0, ""update"": false}, {""action"": ""dispatch_5"", ""controllable"": true, ""outcomes"": 1, ""outcomes_in_certificate_region"": 1, ""unsafe_outcome_examples"": [], ""unsafe_outcomes"": 0, ""update"": false}, {""action"": ""dispatch_6"", ""controllable"": true, ""outcomes"": 1, ""outcomes_in_certificate_region"": 1, ""unsafe_outcome_examples"": [], ""unsafe_outcomes"": 0, ""update"": false}], ""pending"": [""rho_1"", ""rho_2"", ""rho_3"", ""rho_4"", ""rho_5"", ""rho_6""], ""physical"": [[""OLD"", ""I_q2""], [""OLD"", ""I""], [""OLD"", ""I""], [""OLD"", ""I""], [""OLD"", ""I""], [""OLD"", ""I""]], ""safe"": true, ""testers"": {}}], ""initial_examples_limit"": 3, ""initial_states"": 192, ""losing_initial_states"": 192, ""region_states"": 192, ""safe_region_states"": 192, ""scope"": ""checked discovered-state losing certificate; sampled local root closure evidence, not a unique whole-game causal explanation"", ""unsafe_region_states"": 0}",raw/series/threads_n06_b02_saturated_offers_fine_lazy/certificate.json,raw/series/threads_n06_b02_saturated_offers_fine_lazy/result.json
threads_n06_b02_saturated_offers_e1merged_lazy,"{""B"": 2, ""group"": ""fine"", ""n"": 6, ""regime"": ""saturated_offers""}",transfers,lazy,192,"The checked discovered-state losing certificate contains 192 states (0 unsafe) and 192/192 initial states; its stored root buckets retain every adversarial outcome and identify the outcomes in this certificate (local closure evidence, not a unique causal explanation).","{""initial_examples"": [{""enabled_action_buckets"": [{""action"": ""arrival"", ""controllable"": false, ""outcomes"": 1, ""outcomes_in_certificate_region"": 1, ""unsafe_outcome_examples"": [], ""unsafe_outcomes"": 0, ""update"": false}], ""pending"": [""ablation.merge.transfers""], ""physical"": [[""OLD"", ""I_q0""], [""OLD"", ""I""], [""OLD"", ""I""], [""OLD"", ""I""], [""OLD"", ""I""], [""OLD"", ""I""]], ""safe"": true, ""testers"": {}}, {""enabled_action_buckets"": [{""action"": ""arrival"", ""controllable"": false, ""outcomes"": 1, ""outcomes_in_certificate_region"": 1, ""unsafe_outcome_examples"": [], ""unsafe_outcomes"": 0, ""update"": false}, {""action"": ""dispatch_1"", ""controllable"": true, ""outcomes"": 1, ""outcomes_in_certificate_region"": 1, ""unsafe_outcome_examples"": [], ""unsafe_outcomes"": 0, ""update"": false}, {""action"": ""dispatch_2"", ""controllable"": true, ""outcomes"": 1, ""outcomes_in_certificate_region"": 1, ""unsafe_outcome_examples"": [], ""unsafe_outcomes"": 0, ""update"": false}, {""action"": ""dispatch_3"", ""controllable"": true, ""outcomes"": 1, ""outcomes_in_certificate_region"": 1, ""unsafe_outcome_examples"": [], ""unsafe_outcomes"": 0, ""update"": false}, {""action"": ""dispatch_4"", ""controllable"": true, ""outcomes"": 1, ""outcomes_in_certificate_region"": 1, ""unsafe_outcome_examples"": [], ""unsafe_outcomes"": 0, ""update"": false}, {""action"": ""dispatch_5"", ""controllable"": true, ""outcomes"": 1, ""outcomes_in_certificate_region"": 1, ""unsafe_outcome_examples"": [], ""unsafe_outcomes"": 0, ""update"": false}, {""action"": ""dispatch_6"", ""controllable"": true, ""outcomes"": 1, ""outcomes_in_certificate_region"": 1, ""unsafe_outcome_examples"": [], ""unsafe_outcomes"": 0, ""update"": false}], ""pending"": [""ablation.merge.transfers""], ""physical"": [[""OLD"", ""I_q1""], [""OLD"", ""I""], [""OLD"", ""I""], [""OLD"", ""I""], [""OLD"", ""I""], [""OLD"", ""I""]], ""safe"": true, ""testers"": {}}, {""enabled_action_buckets"": [{""action"": ""arrival"", ""controllable"": false, ""outcomes"": 1, ""outcomes_in_certificate_region"": 1, ""unsafe_outcome_examples"": [], ""unsafe_outcomes"": 0, ""update"": false}, {""action"": ""dispatch_1"", ""controllable"": true, ""outcomes"": 1, ""outcomes_in_certificate_region"": 1, ""unsafe_outcome_examples"": [], ""unsafe_outcomes"": 0, ""update"": false}, {""action"": ""dispatch_2"", ""controllable"": true, ""outcomes"": 1, ""outcomes_in_certificate_region"": 1, ""unsafe_outcome_examples"": [], ""unsafe_outcomes"": 0, ""update"": false}, {""action"": ""dispatch_3"", ""controllable"": true, ""outcomes"": 1, ""outcomes_in_certificate_region"": 1, ""unsafe_outcome_examples"": [], ""unsafe_outcomes"": 0, ""update"": false}, {""action"": ""dispatch_4"", ""controllable"": true, ""outcomes"": 1, ""outcomes_in_certificate_region"": 1, ""unsafe_outcome_examples"": [], ""unsafe_outcomes"": 0, ""update"": false}, {""action"": ""dispatch_5"", ""controllable"": true, ""outcomes"": 1, ""outcomes_in_certificate_region"": 1, ""unsafe_outcome_examples"": [], ""unsafe_outcomes"": 0, ""update"": false}, {""action"": ""dispatch_6"", ""controllable"": true, ""outcomes"": 1, ""outcomes_in_certificate_region"": 1, ""unsafe_outcome_examples"": [], ""unsafe_outcomes"": 0, ""update"": false}], ""pending"": [""ablation.merge.transfers""], ""physical"": [[""OLD"", ""I_q2""], [""OLD"", ""I""], [""OLD"", ""I""], [""OLD"", ""I""], [""OLD"", ""I""], [""OLD"", ""I""]], ""safe"": true, ""testers"": {}}], ""initial_examples_limit"": 3, ""initial_states"": 192, ""losing_initial_states"": 192, ""region_states"": 192, ""safe_region_states"": 192, ""scope"": ""checked discovered-state losing certificate; sampled local root closure evidence, not a unique whole-game causal explanation"", ""unsafe_region_states"": 0}",raw/series/threads_n06_b02_saturated_offers_e1merged_lazy/certificate.json,raw/series/threads_n06_b02_saturated_offers_e1merged_lazy/result.json
threads_n06_b02_saturated_offers_generated_all_lazy,"{""B"": 2, ""group"": ""all"", ""n"": 6, ""regime"": ""saturated_offers""}",none,lazy,192,"The checked discovered-state losing certificate contains 192 states (0 unsafe) and 192/192 initial states; its stored root buckets retain every adversarial outcome and identify the outcomes in this certificate (local closure evidence, not a unique causal explanation).","{""initial_examples"": [{""enabled_action_buckets"": [{""action"": ""arrival"", ""controllable"": false, ""outcomes"": 1, ""outcomes_in_certificate_region"": 1, ""unsafe_outcome_examples"": [], ""unsafe_outcomes"": 0, ""update"": false}], ""pending"": [""ablation.merge.transfers""], ""physical"": [[""OLD"", ""I_q0""], [""OLD"", ""I""], [""OLD"", ""I""], [""OLD"", ""I""], [""OLD"", ""I""], [""OLD"", ""I""]], ""safe"": true, ""testers"": {}}, {""enabled_action_buckets"": [{""action"": ""arrival"", ""controllable"": false, ""outcomes"": 1, ""outcomes_in_certificate_region"": 1, ""unsafe_outcome_examples"": [], ""unsafe_outcomes"": 0, ""update"": false}, {""action"": ""dispatch_1"", ""controllable"": true, ""outcomes"": 1, ""outcomes_in_certificate_region"": 1, ""unsafe_outcome_examples"": [], ""unsafe_outcomes"": 0, ""update"": false}, {""action"": ""dispatch_2"", ""controllable"": true, ""outcomes"": 1, ""outcomes_in_certificate_region"": 1, ""unsafe_outcome_examples"": [], ""unsafe_outcomes"": 0, ""update"": false}, {""action"": ""dispatch_3"", ""controllable"": true, ""outcomes"": 1, ""outcomes_in_certificate_region"": 1, ""unsafe_outcome_examples"": [], ""unsafe_outcomes"": 0, ""update"": false}, {""action"": ""dispatch_4"", ""controllable"": true, ""outcomes"": 1, ""outcomes_in_certificate_region"": 1, ""unsafe_outcome_examples"": [], ""unsafe_outcomes"": 0, ""update"": false}, {""action"": ""dispatch_5"", ""controllable"": true, ""outcomes"": 1, ""outcomes_in_certificate_region"": 1, ""unsafe_outcome_examples"": [], ""unsafe_outcomes"": 0, ""update"": false}, {""action"": ""dispatch_6"", ""controllable"": true, ""outcomes"": 1, ""outcomes_in_certificate_region"": 1, ""unsafe_outcome_examples"": [], ""unsafe_outcomes"": 0, ""update"": false}], ""pending"": [""ablation.merge.transfers""], ""physical"": [[""OLD"", ""I_q1""], [""OLD"", ""I""], [""OLD"", ""I""], [""OLD"", ""I""], [""OLD"", ""I""], [""OLD"", ""I""]], ""safe"": true, ""testers"": {}}, {""enabled_action_buckets"": [{""action"": ""arrival"", ""controllable"": false, ""outcomes"": 1, ""outcomes_in_certificate_region"": 1, ""unsafe_outcome_examples"": [], ""unsafe_outcomes"": 0, ""update"": false}, {""action"": ""dispatch_1"", ""controllable"": true, ""outcomes"": 1, ""outcomes_in_certificate_region"": 1, ""unsafe_outcome_examples"": [], ""unsafe_outcomes"": 0, ""update"": false}, {""action"": ""dispatch_2"", ""controllable"": true, ""outcomes"": 1, ""outcomes_in_certificate_region"": 1, ""unsafe_outcome_examples"": [], ""unsafe_outcomes"": 0, ""update"": false}, {""action"": ""dispatch_3"", ""controllable"": true, ""outcomes"": 1, ""outcomes_in_certificate_region"": 1, ""unsafe_outcome_examples"": [], ""unsafe_outcomes"": 0, ""update"": false}, {""action"": ""dispatch_4"", ""controllable"": true, ""outcomes"": 1, ""outcomes_in_certificate_region"": 1, ""unsafe_outcome_examples"": [], ""unsafe_outcomes"": 0, ""update"": false}, {""action"": ""dispatch_5"", ""controllable"": true, ""outcomes"": 1, ""outcomes_in_certificate_region"": 1, ""unsafe_outcome_examples"": [], ""unsafe_outcomes"": 0, ""update"": false}, {""action"": ""dispatch_6"", ""controllable"": true, ""outcomes"": 1, ""outcomes_in_certificate_region"": 1, ""unsafe_outcome_examples"": [], ""unsafe_outcomes"": 0, ""update"": false}], ""pending"": [""ablation.merge.transfers""], ""physical"": [[""OLD"", ""I_q2""], [""OLD"", ""I""], [""OLD"", ""I""], [""OLD"", ""I""], [""OLD"", ""I""], [""OLD"", ""I""]], ""safe"": true, ""testers"": {}}], ""initial_examples_limit"": 3, ""initial_states"": 192, ""losing_initial_states"": 192, ""region_states"": 192, ""safe_region_states"": 192, ""scope"": ""checked discovered-state losing certificate; sampled local root closure evidence, not a unique whole-game causal explanation"", ""unsafe_region_states"": 0}",raw/series/threads_n06_b02_saturated_offers_generated_all_lazy/certificate.json,raw/series/threads_n06_b02_saturated_offers_generated_all_lazy/result.json
threads_n06_b02_saturated_offers_fine_df,"{""B"": 2, ""group"": ""fine"", ""n"": 6, ""regime"": ""saturated_offers""}",none,direct_full,192,"The checked discovered-state losing certificate contains 192 states (0 unsafe) and 192/192 initial states; its stored root buckets retain every adversarial outcome and identify the outcomes in this certificate (local closure evidence, not a unique causal explanation).","{""initial_examples"": [{""enabled_action_buckets"": [{""action"": ""arrival"", ""controllable"": false, ""outcomes"": 1, ""outcomes_in_certificate_region"": 1, ""unsafe_outcome_examples"": [], ""unsafe_outcomes"": 0, ""update"": false}], ""pending"": [""rho_1"", ""rho_2"", ""rho_3"", ""rho_4"", ""rho_5"", ""rho_6""], ""physical"": [[""OLD"", ""I_q0""], [""OLD"", ""I""], [""OLD"", ""I""], [""OLD"", ""I""], [""OLD"", ""I""], [""OLD"", ""I""]], ""safe"": true, ""testers"": {}}, {""enabled_action_buckets"": [{""action"": ""arrival"", ""controllable"": false, ""outcomes"": 1, ""outcomes_in_certificate_region"": 1, ""unsafe_outcome_examples"": [], ""unsafe_outcomes"": 0, ""update"": false}, {""action"": ""dispatch_1"", ""controllable"": true, ""outcomes"": 1, ""outcomes_in_certificate_region"": 1, ""unsafe_outcome_examples"": [], ""unsafe_outcomes"": 0, ""update"": false}, {""action"": ""dispatch_2"", ""controllable"": true, ""outcomes"": 1, ""outcomes_in_certificate_region"": 1, ""unsafe_outcome_examples"": [], ""unsafe_outcomes"": 0, ""update"": false}, {""action"": ""dispatch_3"", ""controllable"": true, ""outcomes"": 1, ""outcomes_in_certificate_region"": 1, ""unsafe_outcome_examples"": [], ""unsafe_outcomes"": 0, ""update"": false}, {""action"": ""dispatch_4"", ""controllable"": true, ""outcomes"": 1, ""outcomes_in_certificate_region"": 1, ""unsafe_outcome_examples"": [], ""unsafe_outcomes"": 0, ""update"": false}, {""action"": ""dispatch_5"", ""controllable"": true, ""outcomes"": 1, ""outcomes_in_certificate_region"": 1, ""unsafe_outcome_examples"": [], ""unsafe_outcomes"": 0, ""update"": false}, {""action"": ""dispatch_6"", ""controllable"": true, ""outcomes"": 1, ""outcomes_in_certificate_region"": 1, ""unsafe_outcome_examples"": [], ""unsafe_outcomes"": 0, ""update"": false}], ""pending"": [""rho_1"", ""rho_2"", ""rho_3"", ""rho_4"", ""rho_5"", ""rho_6""], ""physical"": [[""OLD"", ""I_q1""], [""OLD"", ""I""], [""OLD"", ""I""], [""OLD"", ""I""], [""OLD"", ""I""], [""OLD"", ""I""]], ""safe"": true, ""testers"": {}}, {""enabled_action_buckets"": [{""action"": ""arrival"", ""controllable"": false, ""outcomes"": 1, ""outcomes_in_certificate_region"": 1, ""unsafe_outcome_examples"": [], ""unsafe_outcomes"": 0, ""update"": false}, {""action"": ""dispatch_1"", ""controllable"": true, ""outcomes"": 1, ""outcomes_in_certificate_region"": 1, ""unsafe_outcome_examples"": [], ""unsafe_outcomes"": 0, ""update"": false}, {""action"": ""dispatch_2"", ""controllable"": true, ""outcomes"": 1, ""outcomes_in_certificate_region"": 1, ""unsafe_outcome_examples"": [], ""unsafe_outcomes"": 0, ""update"": false}, {""action"": ""dispatch_3"", ""controllable"": true, ""outcomes"": 1, ""outcomes_in_certificate_region"": 1, ""unsafe_outcome_examples"": [], ""unsafe_outcomes"": 0, ""update"": false}, {""action"": ""dispatch_4"", ""controllable"": true, ""outcomes"": 1, ""outcomes_in_certificate_region"": 1, ""unsafe_outcome_examples"": [], ""unsafe_outcomes"": 0, ""update"": false}, {""action"": ""dispatch_5"", ""controllable"": true, ""outcomes"": 1, ""outcomes_in_certificate_region"": 1, ""unsafe_outcome_examples"": [], ""unsafe_outcomes"": 0, ""update"": false}, {""action"": ""dispatch_6"", ""controllable"": true, ""outcomes"": 1, ""outcomes_in_certificate_region"": 1, ""unsafe_outcome_examples"": [], ""unsafe_outcomes"": 0, ""update"": false}], ""pending"": [""rho_1"", ""rho_2"", ""rho_3"", ""rho_4"", ""rho_5"", ""rho_6""], ""physical"": [[""OLD"", ""I_q2""], [""OLD"", ""I""], [""OLD"", ""I""], [""OLD"", ""I""], [""OLD"", ""I""], [""OLD"", ""I""]], ""safe"": true, ""testers"": {}}], ""initial_examples_limit"": 3, ""initial_states"": 192, ""losing_initial_states"": 192, ""region_states"": 192, ""safe_region_states"": 192, ""scope"": ""checked discovered-state losing certificate; sampled local root closure evidence, not a unique whole-game causal explanation"", ""unsafe_region_states"": 0}",raw/series/threads_n06_b02_saturated_offers_fine_df/certificate.json,raw/series/threads_n06_b02_saturated_offers_fine_df/result.json
