job_id,block_id,global_order_index,model_id,model_family,model_factors,model_planned_repetitions,target_id,target_name,method_id,analysis_role,repetition,method_order_index,process_status,completed,metric_row_index,mode,result,solver_status,verification_status,run_verified,failure_reason,section,metric_key,metric_label,value,unit,formula,metric_schema_version,metric_description_id,section_readable_ja,metric_readable_ja,metric_category,artifact,phase,action,event,stat
surveillance__r1__rep01__direct_full,surveillance__r1__rep01,7,surveillance,,,,r1,UPDATE_CONTROLLER_OTF_FG_R1,direct_full,same_problem_comparator,1,0,OOM,True,0,Revised OTF-DUCS,OUT_OF_MEMORY,OOM,unverified,false,Java heap space,Run,mode,mode,Revised OTF-DUCS,text,,2026-07-23,metric.mode.md_119301f4da1e9450,実行情報,mode,その他,,,,,mode
surveillance__r1__rep01__direct_full,surveillance__r1__rep01,7,surveillance,,,,r1,UPDATE_CONTROLLER_OTF_FG_R1,direct_full,same_problem_comparator,1,0,OOM,True,1,Revised OTF-DUCS,OUT_OF_MEMORY,OOM,unverified,false,Java heap space,Run,result,result,OUT_OF_MEMORY,text,,2026-07-23,metric.result.md_e33889763e9441ae,実行情報,result,その他,,,,,result
surveillance__r1__rep01__direct_full,surveillance__r1__rep01,7,surveillance,,,,r1,UPDATE_CONTROLLER_OTF_FG_R1,direct_full,same_problem_comparator,1,0,OOM,True,2,Revised OTF-DUCS,OUT_OF_MEMORY,OOM,unverified,false,Java heap space,Run,solver_status,solver status,OOM,text,,2026-07-23,metric.solver_status.md_30f6a3b0cbda4da6,実行情報,solver status,その他,,,,,solver status
surveillance__r1__rep01__direct_full,surveillance__r1__rep01,7,surveillance,,,,r1,UPDATE_CONTROLLER_OTF_FG_R1,direct_full,same_problem_comparator,1,0,OOM,True,3,Revised OTF-DUCS,OUT_OF_MEMORY,OOM,unverified,false,Java heap space,Run,verification_status,verification status,unverified,text,,2026-07-23,metric.verification_status.md_e87a8d7360839024,実行情報,verification status,その他,,,,,verification status
surveillance__r1__rep01__direct_full,surveillance__r1__rep01,7,surveillance,,,,r1,UPDATE_CONTROLLER_OTF_FG_R1,direct_full,same_problem_comparator,1,0,OOM,True,4,Revised OTF-DUCS,OUT_OF_MEMORY,OOM,unverified,false,Java heap space,Run,run_verified,run verified,false,boolean,,2026-07-23,metric.boolean.md_6313e127a8d73bd6,実行情報,boolean,その他,,,,,boolean
surveillance__r1__rep01__direct_full,surveillance__r1__rep01,7,surveillance,,,,r1,UPDATE_CONTROLLER_OTF_FG_R1,direct_full,same_problem_comparator,1,0,OOM,True,5,Revised OTF-DUCS,OUT_OF_MEMORY,OOM,unverified,false,Java heap space,Run,failure_reason,failure reason,Java heap space,text,,2026-07-23,metric.failure_reason.md_013d7d27e16ab465,実行情報,failure reason,その他,,,,,failure reason
surveillance__r1__rep01__direct_full,surveillance__r1__rep01,7,surveillance,,,,r1,UPDATE_CONTROLLER_OTF_FG_R1,direct_full,same_problem_comparator,1,0,OOM,True,6,Revised OTF-DUCS,OUT_OF_MEMORY,OOM,unverified,false,Java heap space,メモリ使用量チェックポイント,auto_36bd60e5_current_heap,合成開始時 / 現在ヒープ,6692984,B,,2026-07-23,memory.b.md_0abb824e30c686df,メモリ使用量,B,メモリ,,,,,B
surveillance__r1__rep01__direct_full,surveillance__r1__rep01,7,surveillance,,,,r1,UPDATE_CONTROLLER_OTF_FG_R1,direct_full,same_problem_comparator,1,0,OOM,True,7,Revised OTF-DUCS,OUT_OF_MEMORY,OOM,unverified,false,Java heap space,メモリ使用量チェックポイント,auto_36bd60e5_peak_heap,合成開始時 / ピークヒープ,6692984,B,,2026-07-23,memory.b.md_7054bc0f5c347ac8,メモリ使用量,B,メモリ,,,,,B
surveillance__r1__rep01__direct_full,surveillance__r1__rep01,7,surveillance,,,,r1,UPDATE_CONTROLLER_OTF_FG_R1,direct_full,same_problem_comparator,1,0,OOM,True,8,Revised OTF-DUCS,OUT_OF_MEMORY,OOM,unverified,false,Java heap space,メモリ使用量チェックポイント,auto_36bd60e5_delta_from_start,合成開始時 / 開始時からの増減,0,B,,2026-07-23,memory.b.md_390fc6fc93c1a051,メモリ使用量,B,メモリ,,,,,B
surveillance__r1__rep01__direct_full,surveillance__r1__rep01,7,surveillance,,,,r1,UPDATE_CONTROLLER_OTF_FG_R1,direct_full,same_problem_comparator,1,0,OOM,True,9,Revised OTF-DUCS,OUT_OF_MEMORY,OOM,unverified,false,Java heap space,メモリ使用量チェックポイント,auto_36bd60e5_delta_from_previous,合成開始時 / 直前からの増減,0,B,,2026-07-23,memory.b.md_14978d10995a6fd7,メモリ使用量,B,メモリ,,,,,B
surveillance__r1__rep01__direct_full,surveillance__r1__rep01,7,surveillance,,,,r1,UPDATE_CONTROLLER_OTF_FG_R1,direct_full,same_problem_comparator,1,0,OOM,True,10,Revised OTF-DUCS,OUT_OF_MEMORY,OOM,unverified,false,Java heap space,共通 / HPWindow,parse_time,構文解析時間,100,ms,,2026-07-23,time.time.md_cd0a7dcdaf375231,共通処理: GUI/全体計測,時間,時間,,,,,時間
surveillance__r1__rep01__direct_full,surveillance__r1__rep01,7,surveillance,,,,r1,UPDATE_CONTROLLER_OTF_FG_R1,direct_full,same_problem_comparator,1,0,OOM,True,11,Revised OTF-DUCS,OUT_OF_MEMORY,OOM,unverified,false,Java heap space,UpdatingControllersDefinition,old_controller_synthesis_time,Old Controller 合成時間,273,ms,,2026-07-23,time.time.md_1eb94856dacb260d,入力準備: 更新コントローラ定義の構築,旧コントローラ / 時間,時間,旧コントローラ,,,,時間
surveillance__r1__rep01__direct_full,surveillance__r1__rep01,7,surveillance,,,,r1,UPDATE_CONTROLLER_OTF_FG_R1,direct_full,same_problem_comparator,1,0,OOM,True,12,Revised OTF-DUCS,OUT_OF_MEMORY,OOM,unverified,false,Java heap space,入力規模 / 事前合成,old_controller_states,Old Controller / States,56,states,,2026-07-23,states.states.md_840c98cfc0b8e7ed,入力規模: 事前合成されたコントローラ,旧コントローラ / 状態数,状態数,旧コントローラ,,,,状態数
surveillance__r1__rep01__direct_full,surveillance__r1__rep01,7,surveillance,,,,r1,UPDATE_CONTROLLER_OTF_FG_R1,direct_full,same_problem_comparator,1,0,OOM,True,13,Revised OTF-DUCS,OUT_OF_MEMORY,OOM,unverified,false,Java heap space,入力規模 / 事前合成,old_controller_transitions,Old Controller / Transitions,111,transitions,,2026-07-23,transitions.transitions.md_f1234914b27df5d8,入力規模: 事前合成されたコントローラ,旧コントローラ / 遷移数,遷移数,旧コントローラ,,,,遷移数
surveillance__r1__rep01__direct_full,surveillance__r1__rep01,7,surveillance,,,,r1,UPDATE_CONTROLLER_OTF_FG_R1,direct_full,same_problem_comparator,1,0,OOM,True,14,Revised OTF-DUCS,OUT_OF_MEMORY,OOM,unverified,false,Java heap space,入力規模 / 事前合成,old_controller_count_time,Old Controller / CountTime,0,ms,,2026-07-23,time.count_time.md_c321c1331468401f,入力規模: 事前合成されたコントローラ,旧コントローラ / 評価用カウント時間,時間,旧コントローラ,,,,評価用カウント時間
surveillance__r1__rep01__direct_full,surveillance__r1__rep01,7,surveillance,,,,r1,UPDATE_CONTROLLER_OTF_FG_R1,direct_full,same_problem_comparator,1,0,OOM,True,15,Revised OTF-DUCS,OUT_OF_MEMORY,OOM,unverified,false,Java heap space,メモリ使用量チェックポイント,auto_459fabee_current_heap,Old Controller 合成後 / 現在ヒープ,12623880,B,,2026-07-23,memory.b.md_4c5f341258a94edb,メモリ使用量,旧コントローラ / B,メモリ,旧コントローラ,,,,B
surveillance__r1__rep01__direct_full,surveillance__r1__rep01,7,surveillance,,,,r1,UPDATE_CONTROLLER_OTF_FG_R1,direct_full,same_problem_comparator,1,0,OOM,True,16,Revised OTF-DUCS,OUT_OF_MEMORY,OOM,unverified,false,Java heap space,メモリ使用量チェックポイント,auto_459fabee_peak_heap,Old Controller 合成後 / ピークヒープ,35754888,B,,2026-07-23,memory.b.md_48c22221afaa3697,メモリ使用量,旧コントローラ / B,メモリ,旧コントローラ,,,,B
surveillance__r1__rep01__direct_full,surveillance__r1__rep01,7,surveillance,,,,r1,UPDATE_CONTROLLER_OTF_FG_R1,direct_full,same_problem_comparator,1,0,OOM,True,17,Revised OTF-DUCS,OUT_OF_MEMORY,OOM,unverified,false,Java heap space,メモリ使用量チェックポイント,auto_459fabee_delta_from_start,Old Controller 合成後 / 開始時からの増減,5930896,B,,2026-07-23,memory.b.md_d2dcce3b0b37396d,メモリ使用量,旧コントローラ / B,メモリ,旧コントローラ,,,,B
surveillance__r1__rep01__direct_full,surveillance__r1__rep01,7,surveillance,,,,r1,UPDATE_CONTROLLER_OTF_FG_R1,direct_full,same_problem_comparator,1,0,OOM,True,18,Revised OTF-DUCS,OUT_OF_MEMORY,OOM,unverified,false,Java heap space,メモリ使用量チェックポイント,auto_459fabee_delta_from_previous,Old Controller 合成後 / 直前からの増減,5930896,B,,2026-07-23,memory.b.md_c26ccb82099794fe,メモリ使用量,旧コントローラ / B,メモリ,旧コントローラ,,,,B
surveillance__r1__rep01__direct_full,surveillance__r1__rep01,7,surveillance,,,,r1,UPDATE_CONTROLLER_OTF_FG_R1,direct_full,same_problem_comparator,1,0,OOM,True,19,Revised OTF-DUCS,OUT_OF_MEMORY,OOM,unverified,false,Java heap space,UpdatingControllersDefinition,goal_and_controllable_set_time,Goal 定義と controllable action 集合生成時間,2,ms,,2026-07-23,time.time.md_ec8db379ca37477f,入力準備: 更新コントローラ定義の構築,時間,時間,,,,,時間
surveillance__r1__rep01__direct_full,surveillance__r1__rep01,7,surveillance,,,,r1,UPDATE_CONTROLLER_OTF_FG_R1,direct_full,same_problem_comparator,1,0,OOM,True,20,Revised OTF-DUCS,OUT_OF_MEMORY,OOM,unverified,false,Java heap space,UpdatingControllersDefinition,mapping_component_generation_time,Mapping Environment Component 合成時間,5,ms,,2026-07-23,time.time.md_5b9b5e3aed50345f,入力準備: 更新コントローラ定義の構築,時間,時間,,,,,時間
surveillance__r1__rep01__direct_full,surveillance__r1__rep01,7,surveillance,,,,r1,UPDATE_CONTROLLER_OTF_FG_R1,direct_full,same_problem_comparator,1,0,OOM,True,21,Revised OTF-DUCS,OUT_OF_MEMORY,OOM,unverified,false,Java heap space,メモリ使用量チェックポイント,auto_88189484_current_heap,Mapping Environment Component 生成後 / 現在ヒープ,12623880,B,,2026-07-23,memory.b.md_1d5fd5a69a5447ab,メモリ使用量,B,メモリ,,,,,B
surveillance__r1__rep01__direct_full,surveillance__r1__rep01,7,surveillance,,,,r1,UPDATE_CONTROLLER_OTF_FG_R1,direct_full,same_problem_comparator,1,0,OOM,True,22,Revised OTF-DUCS,OUT_OF_MEMORY,OOM,unverified,false,Java heap space,メモリ使用量チェックポイント,auto_88189484_peak_heap,Mapping Environment Component 生成後 / ピークヒープ,35754888,B,,2026-07-23,memory.b.md_f23dc06b77761646,メモリ使用量,B,メモリ,,,,,B
surveillance__r1__rep01__direct_full,surveillance__r1__rep01,7,surveillance,,,,r1,UPDATE_CONTROLLER_OTF_FG_R1,direct_full,same_problem_comparator,1,0,OOM,True,23,Revised OTF-DUCS,OUT_OF_MEMORY,OOM,unverified,false,Java heap space,メモリ使用量チェックポイント,auto_88189484_delta_from_start,Mapping Environment Component 生成後 / 開始時からの増減,5930896,B,,2026-07-23,memory.b.md_bd63007e82140f49,メモリ使用量,B,メモリ,,,,,B
surveillance__r1__rep01__direct_full,surveillance__r1__rep01,7,surveillance,,,,r1,UPDATE_CONTROLLER_OTF_FG_R1,direct_full,same_problem_comparator,1,0,OOM,True,24,Revised OTF-DUCS,OUT_OF_MEMORY,OOM,unverified,false,Java heap space,メモリ使用量チェックポイント,auto_88189484_delta_from_previous,Mapping Environment Component 生成後 / 直前からの増減,0,B,,2026-07-23,memory.b.md_978e1477778158db,メモリ使用量,B,メモリ,,,,,B
surveillance__r1__rep01__direct_full,surveillance__r1__rep01,7,surveillance,,,,r1,UPDATE_CONTROLLER_OTF_FG_R1,direct_full,same_problem_comparator,1,0,OOM,True,25,Revised OTF-DUCS,OUT_OF_MEMORY,OOM,unverified,false,Java heap space,入力規模 / 事前合成,new_controller_states,New Controller / States,68,states,,2026-07-23,states.states.md_6a2484ea78256c92,入力規模: 事前合成されたコントローラ,新コントローラ / 状態数,状態数,新コントローラ,,,,状態数
surveillance__r1__rep01__direct_full,surveillance__r1__rep01,7,surveillance,,,,r1,UPDATE_CONTROLLER_OTF_FG_R1,direct_full,same_problem_comparator,1,0,OOM,True,26,Revised OTF-DUCS,OUT_OF_MEMORY,OOM,unverified,false,Java heap space,入力規模 / 事前合成,new_controller_transitions,New Controller / Transitions,140,transitions,,2026-07-23,transitions.transitions.md_3f8699aa38dfd104,入力規模: 事前合成されたコントローラ,新コントローラ / 遷移数,遷移数,新コントローラ,,,,遷移数
surveillance__r1__rep01__direct_full,surveillance__r1__rep01,7,surveillance,,,,r1,UPDATE_CONTROLLER_OTF_FG_R1,direct_full,same_problem_comparator,1,0,OOM,True,27,Revised OTF-DUCS,OUT_OF_MEMORY,OOM,unverified,false,Java heap space,入力規模 / 事前合成,new_controller_count_time,New Controller / CountTime,0,ms,,2026-07-23,time.count_time.md_d17675f3fb7eceb5,入力規模: 事前合成されたコントローラ,新コントローラ / 評価用カウント時間,時間,新コントローラ,,,,評価用カウント時間
surveillance__r1__rep01__direct_full,surveillance__r1__rep01,7,surveillance,,,,r1,UPDATE_CONTROLLER_OTF_FG_R1,direct_full,same_problem_comparator,1,0,OOM,True,28,Revised OTF-DUCS,OUT_OF_MEMORY,OOM,unverified,false,Java heap space,UpdatingControllersDefinition,new_controller_synthesis_time,New Controller 合成時間,203,ms,,2026-07-23,time.time.md_92c3dad3e9fa5116,入力準備: 更新コントローラ定義の構築,新コントローラ / 時間,時間,新コントローラ,,,,時間
surveillance__r1__rep01__direct_full,surveillance__r1__rep01,7,surveillance,,,,r1,UPDATE_CONTROLLER_OTF_FG_R1,direct_full,same_problem_comparator,1,0,OOM,True,29,Revised OTF-DUCS,OUT_OF_MEMORY,OOM,unverified,false,Java heap space,メモリ使用量チェックポイント,auto_a3c2f55_current_heap,New Controller 合成後 / 現在ヒープ,14870336,B,,2026-07-23,memory.b.md_a7cfbdf2bdbb2707,メモリ使用量,新コントローラ / B,メモリ,新コントローラ,,,,B
surveillance__r1__rep01__direct_full,surveillance__r1__rep01,7,surveillance,,,,r1,UPDATE_CONTROLLER_OTF_FG_R1,direct_full,same_problem_comparator,1,0,OOM,True,30,Revised OTF-DUCS,OUT_OF_MEMORY,OOM,unverified,false,Java heap space,メモリ使用量チェックポイント,auto_a3c2f55_peak_heap,New Controller 合成後 / ピークヒープ,38007992,B,,2026-07-23,memory.b.md_68c3513e460e25ea,メモリ使用量,新コントローラ / B,メモリ,新コントローラ,,,,B
surveillance__r1__rep01__direct_full,surveillance__r1__rep01,7,surveillance,,,,r1,UPDATE_CONTROLLER_OTF_FG_R1,direct_full,same_problem_comparator,1,0,OOM,True,31,Revised OTF-DUCS,OUT_OF_MEMORY,OOM,unverified,false,Java heap space,メモリ使用量チェックポイント,auto_a3c2f55_delta_from_start,New Controller 合成後 / 開始時からの増減,8177352,B,,2026-07-23,memory.b.md_76d44a57e2e32d9c,メモリ使用量,新コントローラ / B,メモリ,新コントローラ,,,,B
surveillance__r1__rep01__direct_full,surveillance__r1__rep01,7,surveillance,,,,r1,UPDATE_CONTROLLER_OTF_FG_R1,direct_full,same_problem_comparator,1,0,OOM,True,32,Revised OTF-DUCS,OUT_OF_MEMORY,OOM,unverified,false,Java heap space,メモリ使用量チェックポイント,auto_a3c2f55_delta_from_previous,New Controller 合成後 / 直前からの増減,2246456,B,,2026-07-23,memory.b.md_3857784990ba71e7,メモリ使用量,新コントローラ / B,メモリ,新コントローラ,,,,B
surveillance__r1__rep01__direct_full,surveillance__r1__rep01,7,surveillance,,,,r1,UPDATE_CONTROLLER_OTF_FG_R1,direct_full,same_problem_comparator,1,0,OOM,True,33,Revised OTF-DUCS,OUT_OF_MEMORY,OOM,unverified,false,Java heap space,UpdatingControllersDefinition,auto_3b032819,Old Safety の tester 変換時間,0,ms,,2026-07-23,time.time.md_0f54dfc9a0b0934a,入力準備: 更新コントローラ定義の構築,時間,時間,,,,,時間
surveillance__r1__rep01__direct_full,surveillance__r1__rep01,7,surveillance,,,,r1,UPDATE_CONTROLLER_OTF_FG_R1,direct_full,same_problem_comparator,1,0,OOM,True,34,Revised OTF-DUCS,OUT_OF_MEMORY,OOM,unverified,false,Java heap space,UpdatingControllersDefinition,auto_33934240,New Safety の tester 変換時間,0,ms,,2026-07-23,time.time.md_e7576ce5c588620d,入力準備: 更新コントローラ定義の構築,時間,時間,,,,,時間
surveillance__r1__rep01__direct_full,surveillance__r1__rep01,7,surveillance,,,,r1,UPDATE_CONTROLLER_OTF_FG_R1,direct_full,same_problem_comparator,1,0,OOM,True,35,Revised OTF-DUCS,OUT_OF_MEMORY,OOM,unverified,false,Java heap space,UpdatingControllersDefinition,auto_a60cfe26,Transition Requirement の tester 変換時間,130,ms,,2026-07-23,time.time.md_96bd6ce3123e88af,入力準備: 更新コントローラ定義の構築,時間,時間,,,,,時間
surveillance__r1__rep01__direct_full,surveillance__r1__rep01,7,surveillance,,,,r1,UPDATE_CONTROLLER_OTF_FG_R1,direct_full,same_problem_comparator,1,0,OOM,True,36,Revised OTF-DUCS,OUT_OF_MEMORY,OOM,unverified,false,Java heap space,UpdatingControllersDefinition,safety_tester_conversion_total_time,Safety の tester 変換全体時間,131,ms,,2026-07-23,time.time.md_04a91c316c90a6da,入力準備: 更新コントローラ定義の構築,時間,時間,,,,,時間
surveillance__r1__rep01__direct_full,surveillance__r1__rep01,7,surveillance,,,,r1,UPDATE_CONTROLLER_OTF_FG_R1,direct_full,same_problem_comparator,1,0,OOM,True,37,Revised OTF-DUCS,OUT_OF_MEMORY,OOM,unverified,false,Java heap space,UpdatingControllersDefinition,new_safety_fluent_extraction_time,New Safety から Fluent を抽出する時間,9,ms,,2026-07-23,time.time.md_569b3fe40f7e15ac,入力準備: 更新コントローラ定義の構築,時間,時間,,,,,時間
surveillance__r1__rep01__direct_full,surveillance__r1__rep01,7,surveillance,,,,r1,UPDATE_CONTROLLER_OTF_FG_R1,direct_full,same_problem_comparator,1,0,OOM,True,38,Revised OTF-DUCS,OUT_OF_MEMORY,OOM,unverified,false,Java heap space,入力規模,otf_new_safety_fluents,OTF-DUC new safety fluent 数（重複排除後）,16,個,,2026-07-23,metric.value.md_801e349f57842f18,入力規模,個,その他,,,,,個
surveillance__r1__rep01__direct_full,surveillance__r1__rep01,7,surveillance,,,,r1,UPDATE_CONTROLLER_OTF_FG_R1,direct_full,same_problem_comparator,1,0,OOM,True,39,Revised OTF-DUCS,OUT_OF_MEMORY,OOM,unverified,false,Java heap space,メモリ使用量チェックポイント,auto_c3e56a04_current_heap,New Safety Fluent 抽出後 / 現在ヒープ,14295456,B,,2026-07-23,memory.b.md_8b62ab3a23adc51c,メモリ使用量,B,メモリ,,,,,B
surveillance__r1__rep01__direct_full,surveillance__r1__rep01,7,surveillance,,,,r1,UPDATE_CONTROLLER_OTF_FG_R1,direct_full,same_problem_comparator,1,0,OOM,True,40,Revised OTF-DUCS,OUT_OF_MEMORY,OOM,unverified,false,Java heap space,メモリ使用量チェックポイント,auto_c3e56a04_peak_heap,New Safety Fluent 抽出後 / ピークヒープ,38007992,B,,2026-07-23,memory.b.md_95c50f68e879ee56,メモリ使用量,B,メモリ,,,,,B
surveillance__r1__rep01__direct_full,surveillance__r1__rep01,7,surveillance,,,,r1,UPDATE_CONTROLLER_OTF_FG_R1,direct_full,same_problem_comparator,1,0,OOM,True,41,Revised OTF-DUCS,OUT_OF_MEMORY,OOM,unverified,false,Java heap space,メモリ使用量チェックポイント,auto_c3e56a04_delta_from_start,New Safety Fluent 抽出後 / 開始時からの増減,7602472,B,,2026-07-23,memory.b.md_ece12149df47ed5c,メモリ使用量,B,メモリ,,,,,B
surveillance__r1__rep01__direct_full,surveillance__r1__rep01,7,surveillance,,,,r1,UPDATE_CONTROLLER_OTF_FG_R1,direct_full,same_problem_comparator,1,0,OOM,True,42,Revised OTF-DUCS,OUT_OF_MEMORY,OOM,unverified,false,Java heap space,メモリ使用量チェックポイント,auto_c3e56a04_delta_from_previous,New Safety Fluent 抽出後 / 直前からの増減,-574880,B,,2026-07-23,memory.b.md_dd64e6181f146c96,メモリ使用量,B,メモリ,,,,,B
surveillance__r1__rep01__direct_full,surveillance__r1__rep01,7,surveillance,,,,r1,UPDATE_CONTROLLER_OTF_FG_R1,direct_full,same_problem_comparator,1,0,OOM,True,43,Revised OTF-DUCS,OUT_OF_MEMORY,OOM,unverified,false,Java heap space,UpdatingControllersDefinition,definition_prepare_total_time,compose の全体実行時間,640,ms,,2026-07-23,time.time.md_0722ee85dfddec93,入力準備: 更新コントローラ定義の構築,時間,時間,,,,,時間
surveillance__r1__rep01__direct_full,surveillance__r1__rep01,7,surveillance,,,,r1,UPDATE_CONTROLLER_OTF_FG_R1,direct_full,same_problem_comparator,1,0,OOM,True,44,Revised OTF-DUCS,OUT_OF_MEMORY,OOM,unverified,false,Java heap space,入力規模,input_old_env_components,old env component 数,2,個,,2026-07-23,metric.value.md_81ddce3018ec18c3,入力規模,個,その他,,,,,個
surveillance__r1__rep01__direct_full,surveillance__r1__rep01,7,surveillance,,,,r1,UPDATE_CONTROLLER_OTF_FG_R1,direct_full,same_problem_comparator,1,0,OOM,True,45,Revised OTF-DUCS,OUT_OF_MEMORY,OOM,unverified,false,Java heap space,入力規模,input_new_env_components,new env component 数,2,個,,2026-07-23,metric.value.md_9d3edb6c1e274d15,入力規模,個,その他,,,,,個
surveillance__r1__rep01__direct_full,surveillance__r1__rep01,7,surveillance,,,,r1,UPDATE_CONTROLLER_OTF_FG_R1,direct_full,same_problem_comparator,1,0,OOM,True,46,Revised OTF-DUCS,OUT_OF_MEMORY,OOM,unverified,false,Java heap space,入力規模,input_map_relations,map relation 数,2,個,,2026-07-23,metric.value.md_b62fe282481c055b,入力規模,個,その他,,,,,個
surveillance__r1__rep01__direct_full,surveillance__r1__rep01,7,surveillance,,,,r1,UPDATE_CONTROLLER_OTF_FG_R1,direct_full,same_problem_comparator,1,0,OOM,True,47,Revised OTF-DUCS,OUT_OF_MEMORY,OOM,unverified,false,Java heap space,入力規模,input_mapping_components,mapping component 数,2,個,,2026-07-23,metric.value.md_a9196d7ad9000b90,入力規模,個,その他,,,,,個
surveillance__r1__rep01__direct_full,surveillance__r1__rep01,7,surveillance,,,,r1,UPDATE_CONTROLLER_OTF_FG_R1,direct_full,same_problem_comparator,1,0,OOM,True,48,Revised OTF-DUCS,OUT_OF_MEMORY,OOM,unverified,false,Java heap space,入力規模 / Old Environment Component,input_old_env_component_0_states,Old Environment Component[0] MISSION / States,5,states,,2026-07-23,states.states.md_b820da7c61bf832a,入力規模 / Old Environment Component,状態数,状態数,,,,,状態数
surveillance__r1__rep01__direct_full,surveillance__r1__rep01,7,surveillance,,,,r1,UPDATE_CONTROLLER_OTF_FG_R1,direct_full,same_problem_comparator,1,0,OOM,True,49,Revised OTF-DUCS,OUT_OF_MEMORY,OOM,unverified,false,Java heap space,入力規模 / Old Environment Component,input_old_env_component_0_transitions,Old Environment Component[0] MISSION / Transitions,15,transitions,,2026-07-23,transitions.transitions.md_1d96e9c2dcc4fdc0,入力規模 / Old Environment Component,遷移数,遷移数,,,,,遷移数
surveillance__r1__rep01__direct_full,surveillance__r1__rep01,7,surveillance,,,,r1,UPDATE_CONTROLLER_OTF_FG_R1,direct_full,same_problem_comparator,1,0,OOM,True,50,Revised OTF-DUCS,OUT_OF_MEMORY,OOM,unverified,false,Java heap space,入力規模 / Old Environment Component,input_old_env_component_0_count_time,Old Environment Component[0] MISSION / CountTime,0,ms,,2026-07-23,time.count_time.md_48aac268ff88ec59,入力規模 / Old Environment Component,評価用カウント時間,時間,,,,,評価用カウント時間
surveillance__r1__rep01__direct_full,surveillance__r1__rep01,7,surveillance,,,,r1,UPDATE_CONTROLLER_OTF_FG_R1,direct_full,same_problem_comparator,1,0,OOM,True,51,Revised OTF-DUCS,OUT_OF_MEMORY,OOM,unverified,false,Java heap space,入力規模 / Old Environment Component,input_old_env_component_1_states,Old Environment Component[1] BATTERY_COUNTER / States,11,states,,2026-07-23,states.states.md_eae2c34025c6fb40,入力規模 / Old Environment Component,状態数,状態数,,,,,状態数
surveillance__r1__rep01__direct_full,surveillance__r1__rep01,7,surveillance,,,,r1,UPDATE_CONTROLLER_OTF_FG_R1,direct_full,same_problem_comparator,1,0,OOM,True,52,Revised OTF-DUCS,OUT_OF_MEMORY,OOM,unverified,false,Java heap space,入力規模 / Old Environment Component,input_old_env_component_1_transitions,Old Environment Component[1] BATTERY_COUNTER / Transitions,72,transitions,,2026-07-23,transitions.transitions.md_109ddb7daf8486d4,入力規模 / Old Environment Component,遷移数,遷移数,,,,,遷移数
surveillance__r1__rep01__direct_full,surveillance__r1__rep01,7,surveillance,,,,r1,UPDATE_CONTROLLER_OTF_FG_R1,direct_full,same_problem_comparator,1,0,OOM,True,53,Revised OTF-DUCS,OUT_OF_MEMORY,OOM,unverified,false,Java heap space,入力規模 / Old Environment Component,input_old_env_component_1_count_time,Old Environment Component[1] BATTERY_COUNTER / CountTime,0,ms,,2026-07-23,time.count_time.md_1b3fc3364323f433,入力規模 / Old Environment Component,評価用カウント時間,時間,,,,,評価用カウント時間
surveillance__r1__rep01__direct_full,surveillance__r1__rep01,7,surveillance,,,,r1,UPDATE_CONTROLLER_OTF_FG_R1,direct_full,same_problem_comparator,1,0,OOM,True,54,Revised OTF-DUCS,OUT_OF_MEMORY,OOM,unverified,false,Java heap space,入力規模 / New Environment Component,input_new_env_component_0_states,New Environment Component[0] NEW_MISSION / States,5,states,,2026-07-23,states.states.md_7782b90fd300add9,入力規模 / New Environment Component,状態数,状態数,,,,,状態数
surveillance__r1__rep01__direct_full,surveillance__r1__rep01,7,surveillance,,,,r1,UPDATE_CONTROLLER_OTF_FG_R1,direct_full,same_problem_comparator,1,0,OOM,True,55,Revised OTF-DUCS,OUT_OF_MEMORY,OOM,unverified,false,Java heap space,入力規模 / New Environment Component,input_new_env_component_0_transitions,New Environment Component[0] NEW_MISSION / Transitions,16,transitions,,2026-07-23,transitions.transitions.md_3f0c494a25aab74b,入力規模 / New Environment Component,遷移数,遷移数,,,,,遷移数
surveillance__r1__rep01__direct_full,surveillance__r1__rep01,7,surveillance,,,,r1,UPDATE_CONTROLLER_OTF_FG_R1,direct_full,same_problem_comparator,1,0,OOM,True,56,Revised OTF-DUCS,OUT_OF_MEMORY,OOM,unverified,false,Java heap space,入力規模 / New Environment Component,input_new_env_component_0_count_time,New Environment Component[0] NEW_MISSION / CountTime,0,ms,,2026-07-23,time.count_time.md_3e4d3216dbab68e5,入力規模 / New Environment Component,評価用カウント時間,時間,,,,,評価用カウント時間
surveillance__r1__rep01__direct_full,surveillance__r1__rep01,7,surveillance,,,,r1,UPDATE_CONTROLLER_OTF_FG_R1,direct_full,same_problem_comparator,1,0,OOM,True,57,Revised OTF-DUCS,OUT_OF_MEMORY,OOM,unverified,false,Java heap space,入力規模 / New Environment Component,input_new_env_component_1_states,New Environment Component[1] NEW_BATTERY_COUNTER / States,11,states,,2026-07-23,states.states.md_704171283aaa7c0f,入力規模 / New Environment Component,状態数,状態数,,,,,状態数
surveillance__r1__rep01__direct_full,surveillance__r1__rep01,7,surveillance,,,,r1,UPDATE_CONTROLLER_OTF_FG_R1,direct_full,same_problem_comparator,1,0,OOM,True,58,Revised OTF-DUCS,OUT_OF_MEMORY,OOM,unverified,false,Java heap space,入力規模 / New Environment Component,input_new_env_component_1_transitions,New Environment Component[1] NEW_BATTERY_COUNTER / Transitions,82,transitions,,2026-07-23,transitions.transitions.md_e8a06755c79c7a3e,入力規模 / New Environment Component,遷移数,遷移数,,,,,遷移数
surveillance__r1__rep01__direct_full,surveillance__r1__rep01,7,surveillance,,,,r1,UPDATE_CONTROLLER_OTF_FG_R1,direct_full,same_problem_comparator,1,0,OOM,True,59,Revised OTF-DUCS,OUT_OF_MEMORY,OOM,unverified,false,Java heap space,入力規模 / New Environment Component,input_new_env_component_1_count_time,New Environment Component[1] NEW_BATTERY_COUNTER / CountTime,0,ms,,2026-07-23,time.count_time.md_db4db9946f8e1959,入力規模 / New Environment Component,評価用カウント時間,時間,,,,,評価用カウント時間
surveillance__r1__rep01__direct_full,surveillance__r1__rep01,7,surveillance,,,,r1,UPDATE_CONTROLLER_OTF_FG_R1,direct_full,same_problem_comparator,1,0,OOM,True,60,Revised OTF-DUCS,OUT_OF_MEMORY,OOM,unverified,false,Java heap space,入力規模 / Mapping Environment Component,input_mapping_component_0_states,Mapping Environment Component[0] MAP_MISSION_NEW_MISSION / States,10,states,,2026-07-23,states.states.md_a6600bd80cc16e1f,入力規模 / Mapping Environment Component,状態数,状態数,,,,,状態数
surveillance__r1__rep01__direct_full,surveillance__r1__rep01,7,surveillance,,,,r1,UPDATE_CONTROLLER_OTF_FG_R1,direct_full,same_problem_comparator,1,0,OOM,True,61,Revised OTF-DUCS,OUT_OF_MEMORY,OOM,unverified,false,Java heap space,入力規模 / Mapping Environment Component,input_mapping_component_0_transitions,Mapping Environment Component[0] MAP_MISSION_NEW_MISSION / Transitions,36,transitions,,2026-07-23,transitions.transitions.md_ccfa712798ac4178,入力規模 / Mapping Environment Component,遷移数,遷移数,,,,,遷移数
surveillance__r1__rep01__direct_full,surveillance__r1__rep01,7,surveillance,,,,r1,UPDATE_CONTROLLER_OTF_FG_R1,direct_full,same_problem_comparator,1,0,OOM,True,62,Revised OTF-DUCS,OUT_OF_MEMORY,OOM,unverified,false,Java heap space,入力規模 / Mapping Environment Component,input_mapping_component_0_count_time,Mapping Environment Component[0] MAP_MISSION_NEW_MISSION / CountTime,0,ms,,2026-07-23,time.count_time.md_f52c9adeec5bf93b,入力規模 / Mapping Environment Component,評価用カウント時間,時間,,,,,評価用カウント時間
surveillance__r1__rep01__direct_full,surveillance__r1__rep01,7,surveillance,,,,r1,UPDATE_CONTROLLER_OTF_FG_R1,direct_full,same_problem_comparator,1,0,OOM,True,63,Revised OTF-DUCS,OUT_OF_MEMORY,OOM,unverified,false,Java heap space,入力規模 / Mapping Environment Component,input_mapping_component_1_states,Mapping Environment Component[1] MAP_BATTERY_COUNTER_NEW_BATTERY_COUNTER / States,22,states,,2026-07-23,states.states.md_8d6a48cc02709af1,入力規模 / Mapping Environment Component,状態数,状態数,,,,,状態数
surveillance__r1__rep01__direct_full,surveillance__r1__rep01,7,surveillance,,,,r1,UPDATE_CONTROLLER_OTF_FG_R1,direct_full,same_problem_comparator,1,0,OOM,True,64,Revised OTF-DUCS,OUT_OF_MEMORY,OOM,unverified,false,Java heap space,入力規模 / Mapping Environment Component,input_mapping_component_1_transitions,Mapping Environment Component[1] MAP_BATTERY_COUNTER_NEW_BATTERY_COUNTER / Transitions,165,transitions,,2026-07-23,transitions.transitions.md_610a9691286c4eab,入力規模 / Mapping Environment Component,遷移数,遷移数,,,,,遷移数
surveillance__r1__rep01__direct_full,surveillance__r1__rep01,7,surveillance,,,,r1,UPDATE_CONTROLLER_OTF_FG_R1,direct_full,same_problem_comparator,1,0,OOM,True,65,Revised OTF-DUCS,OUT_OF_MEMORY,OOM,unverified,false,Java heap space,入力規模 / Mapping Environment Component,input_mapping_component_1_count_time,Mapping Environment Component[1] MAP_BATTERY_COUNTER_NEW_BATTERY_COUNTER / CountTime,0,ms,,2026-07-23,time.count_time.md_b591e7ad4989608b,入力規模 / Mapping Environment Component,評価用カウント時間,時間,,,,,評価用カウント時間
surveillance__r1__rep01__direct_full,surveillance__r1__rep01,7,surveillance,,,,r1,UPDATE_CONTROLLER_OTF_FG_R1,direct_full,same_problem_comparator,1,0,OOM,True,66,Revised OTF-DUCS,OUT_OF_MEMORY,OOM,unverified,false,Java heap space,入力規模,input_mapping_component_states_total,mapping component 状態数合計,32,states,,2026-07-23,states.states.md_ff910336634a449d,入力規模,状態数,状態数,,,,,状態数
surveillance__r1__rep01__direct_full,surveillance__r1__rep01,7,surveillance,,,,r1,UPDATE_CONTROLLER_OTF_FG_R1,direct_full,same_problem_comparator,1,0,OOM,True,67,Revised OTF-DUCS,OUT_OF_MEMORY,OOM,unverified,false,Java heap space,入力規模,input_mapping_component_transitions_total,mapping component 遷移数合計,201,transitions,,2026-07-23,transitions.transitions.md_560d11a6213a0734,入力規模,遷移数,遷移数,,,,,遷移数
surveillance__r1__rep01__direct_full,surveillance__r1__rep01,7,surveillance,,,,r1,UPDATE_CONTROLLER_OTF_FG_R1,direct_full,same_problem_comparator,1,0,OOM,True,68,Revised OTF-DUCS,OUT_OF_MEMORY,OOM,unverified,false,Java heap space,入力規模,input_mapping_component_states_max,mapping component 最大状態数,22,states,,2026-07-23,states.states.md_1fee82a0a3a3bbaf,入力規模,状態数,状態数,,,,,状態数
surveillance__r1__rep01__direct_full,surveillance__r1__rep01,7,surveillance,,,,r1,UPDATE_CONTROLLER_OTF_FG_R1,direct_full,same_problem_comparator,1,0,OOM,True,69,Revised OTF-DUCS,OUT_OF_MEMORY,OOM,unverified,false,Java heap space,入力規模,input_mapping_component_transitions_max,mapping component 最大遷移数,165,transitions,,2026-07-23,transitions.transitions.md_7cb4c482f6ffa3ff,入力規模,遷移数,遷移数,,,,,遷移数
surveillance__r1__rep01__direct_full,surveillance__r1__rep01,7,surveillance,,,,r1,UPDATE_CONTROLLER_OTF_FG_R1,direct_full,same_problem_comparator,1,0,OOM,True,70,Revised OTF-DUCS,OUT_OF_MEMORY,OOM,unverified,false,Java heap space,入力規模,input_old_safety,old safety 数,7,個,,2026-07-23,metric.value.md_cb0000c7bbca63a8,入力規模,個,その他,,,,,個
surveillance__r1__rep01__direct_full,surveillance__r1__rep01,7,surveillance,,,,r1,UPDATE_CONTROLLER_OTF_FG_R1,direct_full,same_problem_comparator,1,0,OOM,True,71,Revised OTF-DUCS,OUT_OF_MEMORY,OOM,unverified,false,Java heap space,入力規模,input_new_safety,new safety 数,7,個,,2026-07-23,metric.value.md_f3286458d5632a94,入力規模,個,その他,,,,,個
surveillance__r1__rep01__direct_full,surveillance__r1__rep01,7,surveillance,,,,r1,UPDATE_CONTROLLER_OTF_FG_R1,direct_full,same_problem_comparator,1,0,OOM,True,72,Revised OTF-DUCS,OUT_OF_MEMORY,OOM,unverified,false,Java heap space,入力規模,input_transition_requirements,transition requirement 数,7,個,,2026-07-23,transitions.value.md_883a0a1d3a28a09e,入力規模,個,遷移数,,,,,個
surveillance__r1__rep01__direct_full,surveillance__r1__rep01,7,surveillance,,,,r1,UPDATE_CONTROLLER_OTF_FG_R1,direct_full,same_problem_comparator,1,0,OOM,True,73,Revised OTF-DUCS,OUT_OF_MEMORY,OOM,unverified,false,Java heap space,入力規模,input_controllable_actions,controllable action 数,26,個,,2026-07-23,metric.value.md_73b39be905540c9e,入力規模,個,その他,,,,,個
surveillance__r1__rep01__direct_full,surveillance__r1__rep01,7,surveillance,,,,r1,UPDATE_CONTROLLER_OTF_FG_R1,direct_full,same_problem_comparator,1,0,OOM,True,74,Revised OTF-DUCS,OUT_OF_MEMORY,OOM,unverified,false,Java heap space,入力規模,input_total_actions,全 action 数（controllable + uncontrollable）,50,個,,2026-07-23,metric.value.md_52380e42d2dc7d38,入力規模,個,その他,,,,,個
surveillance__r1__rep01__direct_full,surveillance__r1__rep01,7,surveillance,,,,r1,UPDATE_CONTROLLER_OTF_FG_R1,direct_full,same_problem_comparator,1,0,OOM,True,75,Revised OTF-DUCS,OUT_OF_MEMORY,OOM,unverified,false,Java heap space,入力規模,input_uncontrollable_actions,uncontrollable action 数,24,個,,2026-07-23,metric.value.md_eacff12a3a165127,入力規模,個,その他,,,,,個
surveillance__r1__rep01__direct_full,surveillance__r1__rep01,7,surveillance,,,,r1,UPDATE_CONTROLLER_OTF_FG_R1,direct_full,same_problem_comparator,1,0,OOM,True,76,Revised OTF-DUCS,OUT_OF_MEMORY,OOM,unverified,false,Java heap space,UpdatingControllersDefinition,input_scale_summary_time,入力規模集計時間,6,ms,,2026-07-23,time.time.md_dad7f7c531d10f97,入力準備: 更新コントローラ定義の構築,時間,時間,,,,,時間
surveillance__r1__rep01__direct_full,surveillance__r1__rep01,7,surveillance,,,,r1,UPDATE_CONTROLLER_OTF_FG_R1,direct_full,same_problem_comparator,1,0,OOM,True,77,Revised OTF-DUCS,OUT_OF_MEMORY,OOM,unverified,false,Java heap space,メモリ使用量チェックポイント,auto_e1170e2d_current_heap,UpdatingControllersDefinition compose 後 / 現在ヒープ,14295456,B,,2026-07-23,memory.b.md_c3d229d63eb01d94,メモリ使用量,B,メモリ,,,,,B
surveillance__r1__rep01__direct_full,surveillance__r1__rep01,7,surveillance,,,,r1,UPDATE_CONTROLLER_OTF_FG_R1,direct_full,same_problem_comparator,1,0,OOM,True,78,Revised OTF-DUCS,OUT_OF_MEMORY,OOM,unverified,false,Java heap space,メモリ使用量チェックポイント,auto_e1170e2d_peak_heap,UpdatingControllersDefinition compose 後 / ピークヒープ,38007992,B,,2026-07-23,memory.b.md_a75213ca9637c330,メモリ使用量,B,メモリ,,,,,B
surveillance__r1__rep01__direct_full,surveillance__r1__rep01,7,surveillance,,,,r1,UPDATE_CONTROLLER_OTF_FG_R1,direct_full,same_problem_comparator,1,0,OOM,True,79,Revised OTF-DUCS,OUT_OF_MEMORY,OOM,unverified,false,Java heap space,メモリ使用量チェックポイント,auto_e1170e2d_delta_from_start,UpdatingControllersDefinition compose 後 / 開始時からの増減,7602472,B,,2026-07-23,memory.b.md_07ad1e2154c8d4ee,メモリ使用量,B,メモリ,,,,,B
surveillance__r1__rep01__direct_full,surveillance__r1__rep01,7,surveillance,,,,r1,UPDATE_CONTROLLER_OTF_FG_R1,direct_full,same_problem_comparator,1,0,OOM,True,80,Revised OTF-DUCS,OUT_OF_MEMORY,OOM,unverified,false,Java heap space,メモリ使用量チェックポイント,auto_e1170e2d_delta_from_previous,UpdatingControllersDefinition compose 後 / 直前からの増減,0,B,,2026-07-23,memory.b.md_6bd01a42b4123dda,メモリ使用量,B,メモリ,,,,,B
surveillance__r1__rep01__direct_full,surveillance__r1__rep01,7,surveillance,,,,r1,UPDATE_CONTROLLER_OTF_FG_R1,direct_full,same_problem_comparator,1,0,OOM,True,81,Revised OTF-DUCS,OUT_OF_MEMORY,OOM,unverified,false,Java heap space,UpdatingControllersDefinition,traditional_gr_goal_generation_time,Traditional DUC grGoal 生成時間,0,ms,,2026-07-23,time.time.md_72fd7f0ad2d20789,入力準備: 更新コントローラ定義の構築,時間,時間,,,,,時間
surveillance__r1__rep01__direct_full,surveillance__r1__rep01,7,surveillance,,,,r1,UPDATE_CONTROLLER_OTF_FG_R1,direct_full,same_problem_comparator,1,0,OOM,True,82,Revised OTF-DUCS,OUT_OF_MEMORY,OOM,unverified,false,Java heap space,UpdatingControllersDefinition,traditional_safety_goal_generation_time,Traditional DUC safetyGoal 生成時間,0,ms,,2026-07-23,time.time.md_c395dbe6aa1fc490,入力準備: 更新コントローラ定義の構築,時間,時間,,,,,時間
surveillance__r1__rep01__direct_full,surveillance__r1__rep01,7,surveillance,,,,r1,UPDATE_CONTROLLER_OTF_FG_R1,direct_full,same_problem_comparator,1,0,OOM,True,83,Revised OTF-DUCS,OUT_OF_MEMORY,OOM,unverified,false,Java heap space,UpdatingControllersDefinition,traditional_mapping_parallel_composition_time,Traditional DUC Mapping Environment Component 並列合成時間,0,ms,,2026-07-23,time.time.md_5604dd5be055aff2,入力準備: 更新コントローラ定義の構築,時間,時間,,,,,時間
surveillance__r1__rep01__direct_full,surveillance__r1__rep01,7,surveillance,,,,r1,UPDATE_CONTROLLER_OTF_FG_R1,direct_full,same_problem_comparator,1,0,OOM,True,84,Revised OTF-DUCS,OUT_OF_MEMORY,OOM,unverified,false,Java heap space,Revised Identity,revised_input_target,Updating-controller target,UpdCont_OTF_FG_R1,text,,2026-07-23,metric.updating_controller_target.md_58f40ec7d7589112,Revised Identity,Updating-controller target,その他,,,,,Updating-controller target
surveillance__r1__rep01__direct_full,surveillance__r1__rep01,7,surveillance,,,,r1,UPDATE_CONTROLLER_OTF_FG_R1,direct_full,same_problem_comparator,1,0,OOM,True,85,Revised OTF-DUCS,OUT_OF_MEMORY,OOM,unverified,false,Java heap space,Revised Identity,revised_method_id,Method ID,Direct-Full,text,,2026-07-23,metric.method_id.md_24bcf44c2cd8d46d,Revised Identity,Method ID,その他,,,,,Method ID
surveillance__r1__rep01__direct_full,surveillance__r1__rep01,7,surveillance,,,,r1,UPDATE_CONTROLLER_OTF_FG_R1,direct_full,same_problem_comparator,1,0,OOM,True,86,Revised OTF-DUCS,OUT_OF_MEMORY,OOM,unverified,false,Java heap space,Revised Identity,revised_representation,Representation,direct_canonical_configuration,text,,2026-07-23,metric.representation.md_daacfacb0e8655b8,Revised Identity,Representation,その他,,,,,Representation
surveillance__r1__rep01__direct_full,surveillance__r1__rep01,7,surveillance,,,,r1,UPDATE_CONTROLLER_OTF_FG_R1,direct_full,same_problem_comparator,1,0,OOM,True,87,Revised OTF-DUCS,OUT_OF_MEMORY,OOM,unverified,false,Java heap space,Revised Identity,revised_schedule,Exploration schedule,exhaustive_reachable_game_then_explicit_fixed_point,text,,2026-07-23,metric.exploration_schedule.md_06b71edf6142f4ad,Revised Identity,Exploration schedule,その他,,,,,Exploration schedule
surveillance__r1__rep01__direct_full,surveillance__r1__rep01,7,surveillance,,,,r1,UPDATE_CONTROLLER_OTF_FG_R1,direct_full,same_problem_comparator,1,0,OOM,True,88,Revised OTF-DUCS,OUT_OF_MEMORY,OOM,unverified,false,Java heap space,Revised Identity,revised_controllable_action_order,Controllable action exploration order,endpoint_guided,text,,2026-07-23,metric.controllable_action_exploration_order.md_610ff3094a0cabbd,Revised Identity,Controllable action exploration order,その他,,,,,Controllable action exploration order
surveillance__r1__rep01__direct_full,surveillance__r1__rep01,7,surveillance,,,,r1,UPDATE_CONTROLLER_OTF_FG_R1,direct_full,same_problem_comparator,1,0,OOM,True,89,Revised OTF-DUCS,OUT_OF_MEMORY,OOM,unverified,false,Java heap space,Revised Identity,revised_generic_baseline_hint_api_used,Generic-baseline state-dependent hint API used,not_applicable,text,,2026-07-23,states.generic_baseline_state_dependent_hint_api_used.md_d5f21673b9ba0b33,Revised Identity,Generic-baseline state-dependent hint API used,状態数,,,,,Generic-baseline state-dependent hint API used
surveillance__r1__rep01__direct_full,surveillance__r1__rep01,7,surveillance,,,,r1,UPDATE_CONTROLLER_OTF_FG_R1,direct_full,same_problem_comparator,1,0,OOM,True,90,Revised OTF-DUCS,OUT_OF_MEMORY,OOM,unverified,false,Java heap space,Revised Identity,revised_implementation_variant,Implementation variant,revised_direct_full_v1,text,,2026-07-23,metric.implementation_variant.md_cdefe31b25aa2af8,Revised Identity,Implementation variant,その他,,,,,Implementation variant
surveillance__r1__rep01__direct_full,surveillance__r1__rep01,7,surveillance,,,,r1,UPDATE_CONTROLLER_OTF_FG_R1,direct_full,same_problem_comparator,1,0,OOM,True,91,Revised OTF-DUCS,OUT_OF_MEMORY,OOM,unverified,false,Java heap space,Revised Identity,revised_build_commit_id,Build commit ID,jar-sha256-fbdc25f58d5441ed906d408a94b7414c9d9c3ed35e2ebce22d9751729967ba07,text,,2026-07-23,metric.build_commit_id.md_139b1b168b26f937,Revised Identity,Build commit ID,その他,,,,,Build commit ID
surveillance__r1__rep01__direct_full,surveillance__r1__rep01,7,surveillance,,,,r1,UPDATE_CONTROLLER_OTF_FG_R1,direct_full,same_problem_comparator,1,0,OOM,True,92,Revised OTF-DUCS,OUT_OF_MEMORY,OOM,unverified,false,Java heap space,Revised Identity,revised_objective,Synthesis objective,strong_finite_completion,text,,2026-07-23,metric.synthesis_objective.md_4c367205a81240c3,Revised Identity,Synthesis objective,その他,,,,,Synthesis objective
surveillance__r1__rep01__direct_full,surveillance__r1__rep01,7,surveillance,,,,r1,UPDATE_CONTROLLER_OTF_FG_R1,direct_full,same_problem_comparator,1,0,OOM,True,93,Revised OTF-DUCS,OUT_OF_MEMORY,OOM,unverified,false,Java heap space,Revised Identity,revised_scheduler_semantics,Scheduler semantics,all_maximal_traces_no_fairness,text,,2026-07-23,metric.scheduler_semantics.md_c655c3680295c743,Revised Identity,Scheduler semantics,その他,,,,,Scheduler semantics
surveillance__r1__rep01__direct_full,surveillance__r1__rep01,7,surveillance,,,,r1,UPDATE_CONTROLLER_OTF_FG_R1,direct_full,same_problem_comparator,1,0,OOM,True,94,Revised OTF-DUCS,OUT_OF_MEMORY,OOM,unverified,false,Java heap space,Revised Identity,revised_update_policy_restriction,Update-policy restriction,full_fg,text,,2026-07-23,metric.update_policy_restriction.md_42f8995bf876731a,Revised Identity,Update-policy restriction,その他,,,,,Update-policy restriction
surveillance__r1__rep01__direct_full,surveillance__r1__rep01,7,surveillance,,,,r1,UPDATE_CONTROLLER_OTF_FG_R1,direct_full,same_problem_comparator,1,0,OOM,True,95,Revised OTF-DUCS,OUT_OF_MEMORY,OOM,unverified,false,Java heap space,Revised Identity,revised_nondeterminism_semantics,Nondeterministic transfer semantics,all_outcomes_adversarial,text,,2026-07-23,metric.min_value.md_11dca28da8602877,Revised Identity,最小値,その他,,,,,最小値
surveillance__r1__rep01__direct_full,surveillance__r1__rep01,7,surveillance,,,,r1,UPDATE_CONTROLLER_OTF_FG_R1,direct_full,same_problem_comparator,1,0,OOM,True,96,Revised OTF-DUCS,OUT_OF_MEMORY,OOM,unverified,false,Java heap space,Revised Completeness,revised_traditional_objective_compatibility,Traditional DUCS objective compatibility,not_established,text,Traditional implementation uses a GR(1) progress objective; this implementation requires a decreasing rank on every retained edge.,2026-07-23,metric.traditional_ducs_objective_compatibility.md_90b0da70b1726ccd,Revised Completeness,Traditional DUCS objective compatibility,その他,,,,,Traditional DUCS objective compatibility
surveillance__r1__rep01__direct_full,surveillance__r1__rep01,7,surveillance,,,,r1,UPDATE_CONTROLLER_OTF_FG_R1,direct_full,same_problem_comparator,1,0,OOM,True,97,Revised OTF-DUCS,OUT_OF_MEMORY,OOM,unverified,false,Java heap space,Revised Identity,revised_java_version,Java version,17.0.20.1,text,,2026-07-23,metric.java_version.md_465354c93ce99156,Revised Identity,Java version,その他,,,,,Java version
surveillance__r1__rep01__direct_full,surveillance__r1__rep01,7,surveillance,,,,r1,UPDATE_CONTROLLER_OTF_FG_R1,direct_full,same_problem_comparator,1,0,OOM,True,98,Revised OTF-DUCS,OUT_OF_MEMORY,OOM,unverified,false,Java heap space,Revised Identity,revised_jvm_name,JVM name,OpenJDK 64-Bit Server VM,text,,2026-07-23,metric.jvm_name.md_31a122a0e6f050af,Revised Identity,JVM name,その他,,,,,JVM name
surveillance__r1__rep01__direct_full,surveillance__r1__rep01,7,surveillance,,,,r1,UPDATE_CONTROLLER_OTF_FG_R1,direct_full,same_problem_comparator,1,0,OOM,True,99,Revised OTF-DUCS,OUT_OF_MEMORY,OOM,unverified,false,Java heap space,Revised Identity,revised_jvm_vendor,JVM vendor,Eclipse Adoptium,text,,2026-07-23,metric.jvm_vendor.md_0148008d87f17f3d,Revised Identity,JVM vendor,その他,,,,,JVM vendor
surveillance__r1__rep01__direct_full,surveillance__r1__rep01,7,surveillance,,,,r1,UPDATE_CONTROLLER_OTF_FG_R1,direct_full,same_problem_comparator,1,0,OOM,True,100,Revised OTF-DUCS,OUT_OF_MEMORY,OOM,unverified,false,Java heap space,Revised Identity,revised_jvm_arguments,JVM arguments,-Djava.awt.headless=true -Dmtsa.build.commit=jar-sha256-fbdc25f58d5441ed906d408a94b7414c9d9c3ed35e2ebce22d9751729967ba07 -Dmtsa.evaluation.enabled=true -Dmtsa.otf.controllableActionOrder=endpoint_guided -Dmtsa.otf.guidedQueryLimit=0 -Dmtsa.otf.guidedStateLimit=0 -Dmtsa.otf.lazyControllableBuckets=false -Dmtsa.revised.otf.independentVerification=false -Dmtsa.revised.otf.solver=direct_full -Xmx200g,text,,2026-07-23,metric.jvm_arguments.md_7a867a5506ebd771,Revised Identity,JVM arguments,その他,,,,,JVM arguments
surveillance__r1__rep01__direct_full,surveillance__r1__rep01,7,surveillance,,,,r1,UPDATE_CONTROLLER_OTF_FG_R1,direct_full,same_problem_comparator,1,0,OOM,True,101,Revised OTF-DUCS,OUT_OF_MEMORY,OOM,unverified,false,Java heap space,Revised Identity,revised_os_name,Operating system,Windows 10,text,,2026-07-23,metric.operating_system.md_7888aa1a02dd017b,Revised Identity,Operating system,その他,,,,,Operating system
surveillance__r1__rep01__direct_full,surveillance__r1__rep01,7,surveillance,,,,r1,UPDATE_CONTROLLER_OTF_FG_R1,direct_full,same_problem_comparator,1,0,OOM,True,102,Revised OTF-DUCS,OUT_OF_MEMORY,OOM,unverified,false,Java heap space,Revised Identity,revised_os_version,Operating-system version,10.0,text,,2026-07-23,metric.operating_system_version.md_61f6b6177335d036,Revised Identity,Operating-system version,その他,,,,,Operating-system version
surveillance__r1__rep01__direct_full,surveillance__r1__rep01,7,surveillance,,,,r1,UPDATE_CONTROLLER_OTF_FG_R1,direct_full,same_problem_comparator,1,0,OOM,True,103,Revised OTF-DUCS,OUT_OF_MEMORY,OOM,unverified,false,Java heap space,Revised Identity,revised_os_arch,Operating-system architecture,amd64,text,,2026-07-23,metric.operating_system_architecture.md_818f5679a80fe8d0,Revised Identity,Operating-system architecture,その他,,,,,Operating-system architecture
surveillance__r1__rep01__direct_full,surveillance__r1__rep01,7,surveillance,,,,r1,UPDATE_CONTROLLER_OTF_FG_R1,direct_full,same_problem_comparator,1,0,OOM,True,104,Revised OTF-DUCS,OUT_OF_MEMORY,OOM,unverified,false,Java heap space,Revised Identity,revised_available_processors,Available processors,24,processors,,2026-07-23,metric.processors.md_dc93f3dbf9340f8a,Revised Identity,processors,その他,,,,,processors
surveillance__r1__rep01__direct_full,surveillance__r1__rep01,7,surveillance,,,,r1,UPDATE_CONTROLLER_OTF_FG_R1,direct_full,same_problem_comparator,1,0,OOM,True,105,Revised OTF-DUCS,OUT_OF_MEMORY,OOM,unverified,false,Java heap space,Revised Identity,revised_solver_thread_count,Solver thread count,1,threads,,2026-07-23,metric.threads.md_20c9f654783f9e6d,Revised Identity,threads,その他,,,,,threads
surveillance__r1__rep01__direct_full,surveillance__r1__rep01,7,surveillance,,,,r1,UPDATE_CONTROLLER_OTF_FG_R1,direct_full,same_problem_comparator,1,0,OOM,True,106,Revised OTF-DUCS,OUT_OF_MEMORY,OOM,unverified,false,Java heap space,Revised Identity,revised_jvm_max_heap_bytes,JVM maximum heap,214748364800,B,,2026-07-23,metric.max_value.md_994c525fe4668e28,Revised Identity,最大値,その他,,,,,最大値
surveillance__r1__rep01__direct_full,surveillance__r1__rep01,7,surveillance,,,,r1,UPDATE_CONTROLLER_OTF_FG_R1,direct_full,same_problem_comparator,1,0,OOM,True,107,Revised OTF-DUCS,OUT_OF_MEMORY,OOM,unverified,false,Java heap space,Revised Identity,revised_guided_state_limit,Guided-search state limit,0,states,,2026-07-23,states.states.md_abe6fa36608d49d1,Revised Identity,states,状態数,,,,,states
surveillance__r1__rep01__direct_full,surveillance__r1__rep01,7,surveillance,,,,r1,UPDATE_CONTROLLER_OTF_FG_R1,direct_full,same_problem_comparator,1,0,OOM,True,108,Revised OTF-DUCS,OUT_OF_MEMORY,OOM,unverified,false,Java heap space,Revised Identity,revised_guided_query_limit,Guided-search oracle-query limit,0,calls,,2026-07-23,metric.calls.md_51cb0e923e784201,Revised Identity,calls,その他,,,,,calls
surveillance__r1__rep01__direct_full,surveillance__r1__rep01,7,surveillance,,,,r1,UPDATE_CONTROLLER_OTF_FG_R1,direct_full,same_problem_comparator,1,0,OOM,True,109,Revised OTF-DUCS,OUT_OF_MEMORY,OOM,unverified,false,Java heap space,Revised Identity,revised_physical_closure_limit,Activation physical-closure limit,2000000,states,,2026-07-23,states.states.md_7871dc425c88c2ba,Revised Identity,states,状態数,,,,,states
surveillance__r1__rep01__direct_full,surveillance__r1__rep01,7,surveillance,,,,r1,UPDATE_CONTROLLER_OTF_FG_R1,direct_full,same_problem_comparator,1,0,OOM,True,110,Revised OTF-DUCS,OUT_OF_MEMORY,OOM,unverified,false,Java heap space,Revised Correctness,revised_input_contract_status,FG-DUCS input contract status,valid,text,,2026-07-23,metric.fg_ducs_input_contract_status.md_9f333b65eb4478bf,Revised Correctness,FG-DUCS input contract status,その他,,,,,FG-DUCS input contract status
surveillance__r1__rep01__direct_full,surveillance__r1__rep01,7,surveillance,,,,r1,UPDATE_CONTROLLER_OTF_FG_R1,direct_full,same_problem_comparator,1,0,OOM,True,111,Revised OTF-DUCS,OUT_OF_MEMORY,OOM,unverified,false,Java heap space,Revised Time / Memory,revised_preparation_time,Representation and endpoint preparation time,1079.689,ms,,2026-07-23,time.time.md_da7f16aa1a91bfe0,Revised Time / Memory,時間,時間,,,,,時間
surveillance__r1__rep01__direct_full,surveillance__r1__rep01,7,surveillance,,,,r1,UPDATE_CONTROLLER_OTF_FG_R1,direct_full,same_problem_comparator,1,0,OOM,True,112,Revised OTF-DUCS,OUT_OF_MEMORY,OOM,unverified,false,Java heap space,Revised Workload / Input,revised_component_count,Component count,2,components,,2026-07-23,metric.components.md_6ea9dd7bf80e1247,Revised Workload / Input,components,その他,,,,,components
surveillance__r1__rep01__direct_full,surveillance__r1__rep01,7,surveillance,,,,r1,UPDATE_CONTROLLER_OTF_FG_R1,direct_full,same_problem_comparator,1,0,OOM,True,113,Revised OTF-DUCS,OUT_OF_MEMORY,OOM,unverified,false,Java heap space,Revised Workload / Input,revised_old_component_states_total,Old component states total,16,states,,2026-07-23,states.states.md_d2b8164628cd3f11,Revised Workload / Input,状態数,状態数,,,,,状態数
surveillance__r1__rep01__direct_full,surveillance__r1__rep01,7,surveillance,,,,r1,UPDATE_CONTROLLER_OTF_FG_R1,direct_full,same_problem_comparator,1,0,OOM,True,114,Revised OTF-DUCS,OUT_OF_MEMORY,OOM,unverified,false,Java heap space,Revised Workload / Input,revised_old_component_transitions_total,Old component transitions total,87,transitions,,2026-07-23,transitions.transitions.md_a4ebbf15d245b863,Revised Workload / Input,遷移数,遷移数,,,,,遷移数
surveillance__r1__rep01__direct_full,surveillance__r1__rep01,7,surveillance,,,,r1,UPDATE_CONTROLLER_OTF_FG_R1,direct_full,same_problem_comparator,1,0,OOM,True,115,Revised OTF-DUCS,OUT_OF_MEMORY,OOM,unverified,false,Java heap space,Revised Workload / Input,revised_new_component_states_total,New component states total,16,states,,2026-07-23,states.states.md_df02f5e5fe34a18d,Revised Workload / Input,状態数,状態数,,,,,状態数
surveillance__r1__rep01__direct_full,surveillance__r1__rep01,7,surveillance,,,,r1,UPDATE_CONTROLLER_OTF_FG_R1,direct_full,same_problem_comparator,1,0,OOM,True,116,Revised OTF-DUCS,OUT_OF_MEMORY,OOM,unverified,false,Java heap space,Revised Workload / Input,revised_new_component_transitions_total,New component transitions total,98,transitions,,2026-07-23,transitions.transitions.md_5da23b644448ae0e,Revised Workload / Input,遷移数,遷移数,,,,,遷移数
surveillance__r1__rep01__direct_full,surveillance__r1__rep01,7,surveillance,,,,r1,UPDATE_CONTROLLER_OTF_FG_R1,direct_full,same_problem_comparator,1,0,OOM,True,117,Revised OTF-DUCS,OUT_OF_MEMORY,OOM,unverified,false,Java heap space,Revised Workload / Input,revised_old_component_0_states,Old component 0 states,5,states,,2026-07-23,states.states.md_d129a04e318ed9bd,Revised Workload / Input,状態数,状態数,,,,,状態数
surveillance__r1__rep01__direct_full,surveillance__r1__rep01,7,surveillance,,,,r1,UPDATE_CONTROLLER_OTF_FG_R1,direct_full,same_problem_comparator,1,0,OOM,True,118,Revised OTF-DUCS,OUT_OF_MEMORY,OOM,unverified,false,Java heap space,Revised Workload / Input,revised_old_component_0_transitions,Old component 0 transitions,15,transitions,,2026-07-23,transitions.transitions.md_86f12bed61425b46,Revised Workload / Input,遷移数,遷移数,,,,,遷移数
surveillance__r1__rep01__direct_full,surveillance__r1__rep01,7,surveillance,,,,r1,UPDATE_CONTROLLER_OTF_FG_R1,direct_full,same_problem_comparator,1,0,OOM,True,119,Revised OTF-DUCS,OUT_OF_MEMORY,OOM,unverified,false,Java heap space,Revised Workload / Input,revised_new_component_0_states,New component 0 states,5,states,,2026-07-23,states.states.md_70ab31e16e8305b5,Revised Workload / Input,状態数,状態数,,,,,状態数
surveillance__r1__rep01__direct_full,surveillance__r1__rep01,7,surveillance,,,,r1,UPDATE_CONTROLLER_OTF_FG_R1,direct_full,same_problem_comparator,1,0,OOM,True,120,Revised OTF-DUCS,OUT_OF_MEMORY,OOM,unverified,false,Java heap space,Revised Workload / Input,revised_new_component_0_transitions,New component 0 transitions,16,transitions,,2026-07-23,transitions.transitions.md_516425458123b204,Revised Workload / Input,遷移数,遷移数,,,,,遷移数
surveillance__r1__rep01__direct_full,surveillance__r1__rep01,7,surveillance,,,,r1,UPDATE_CONTROLLER_OTF_FG_R1,direct_full,same_problem_comparator,1,0,OOM,True,121,Revised OTF-DUCS,OUT_OF_MEMORY,OOM,unverified,false,Java heap space,Revised Workload / Input,revised_old_component_1_states,Old component 1 states,11,states,,2026-07-23,states.states.md_d0fa5760fb5366ef,Revised Workload / Input,状態数,状態数,,,,,状態数
surveillance__r1__rep01__direct_full,surveillance__r1__rep01,7,surveillance,,,,r1,UPDATE_CONTROLLER_OTF_FG_R1,direct_full,same_problem_comparator,1,0,OOM,True,122,Revised OTF-DUCS,OUT_OF_MEMORY,OOM,unverified,false,Java heap space,Revised Workload / Input,revised_old_component_1_transitions,Old component 1 transitions,72,transitions,,2026-07-23,transitions.transitions.md_cf97552e9f66af34,Revised Workload / Input,遷移数,遷移数,,,,,遷移数
surveillance__r1__rep01__direct_full,surveillance__r1__rep01,7,surveillance,,,,r1,UPDATE_CONTROLLER_OTF_FG_R1,direct_full,same_problem_comparator,1,0,OOM,True,123,Revised OTF-DUCS,OUT_OF_MEMORY,OOM,unverified,false,Java heap space,Revised Workload / Input,revised_new_component_1_states,New component 1 states,11,states,,2026-07-23,states.states.md_9696fa5da6b21b1b,Revised Workload / Input,状態数,状態数,,,,,状態数
surveillance__r1__rep01__direct_full,surveillance__r1__rep01,7,surveillance,,,,r1,UPDATE_CONTROLLER_OTF_FG_R1,direct_full,same_problem_comparator,1,0,OOM,True,124,Revised OTF-DUCS,OUT_OF_MEMORY,OOM,unverified,false,Java heap space,Revised Workload / Input,revised_new_component_1_transitions,New component 1 transitions,82,transitions,,2026-07-23,transitions.transitions.md_68c09c28de7fc9f5,Revised Workload / Input,遷移数,遷移数,,,,,遷移数
surveillance__r1__rep01__direct_full,surveillance__r1__rep01,7,surveillance,,,,r1,UPDATE_CONTROLLER_OTF_FG_R1,direct_full,same_problem_comparator,1,0,OOM,True,125,Revised OTF-DUCS,OUT_OF_MEMORY,OOM,unverified,false,Java heap space,Revised Workload / Input,revised_old_requirement_count,Old requirement count,7,requirements,,2026-07-23,metric.requirements.md_04455b48a4c3c618,Revised Workload / Input,requirements,その他,,,,,requirements
surveillance__r1__rep01__direct_full,surveillance__r1__rep01,7,surveillance,,,,r1,UPDATE_CONTROLLER_OTF_FG_R1,direct_full,same_problem_comparator,1,0,OOM,True,126,Revised OTF-DUCS,OUT_OF_MEMORY,OOM,unverified,false,Java heap space,Revised Workload / Input,revised_new_requirement_count,New requirement count,7,requirements,,2026-07-23,metric.requirements.md_9f7444108ba7f099,Revised Workload / Input,requirements,その他,,,,,requirements
surveillance__r1__rep01__direct_full,surveillance__r1__rep01,7,surveillance,,,,r1,UPDATE_CONTROLLER_OTF_FG_R1,direct_full,same_problem_comparator,1,0,OOM,True,127,Revised OTF-DUCS,OUT_OF_MEMORY,OOM,unverified,false,Java heap space,Revised Workload / Input,revised_update_requirement_count,Update-time requirement count,7,requirements,,2026-07-23,time.requirements.md_76c48988eec0eff4,Revised Workload / Input,requirements,時間,,,,,requirements
surveillance__r1__rep01__direct_full,surveillance__r1__rep01,7,surveillance,,,,r1,UPDATE_CONTROLLER_OTF_FG_R1,direct_full,same_problem_comparator,1,0,OOM,True,128,Revised OTF-DUCS,OUT_OF_MEMORY,OOM,unverified,false,Java heap space,Revised Workload / Input,revised_tester_states_total,Tester states total,69,states,,2026-07-23,states.states.md_fef00bb7a0d61c6c,Revised Workload / Input,状態数,状態数,,,,,状態数
surveillance__r1__rep01__direct_full,surveillance__r1__rep01,7,surveillance,,,,r1,UPDATE_CONTROLLER_OTF_FG_R1,direct_full,same_problem_comparator,1,0,OOM,True,129,Revised OTF-DUCS,OUT_OF_MEMORY,OOM,unverified,false,Java heap space,Revised Workload / Input,revised_tester_transitions_total,Tester transitions total,641,transitions,,2026-07-23,transitions.transitions.md_13573e978d037edb,Revised Workload / Input,遷移数,遷移数,,,,,遷移数
surveillance__r1__rep01__direct_full,surveillance__r1__rep01,7,surveillance,,,,r1,UPDATE_CONTROLLER_OTF_FG_R1,direct_full,same_problem_comparator,1,0,OOM,True,130,Revised OTF-DUCS,OUT_OF_MEMORY,OOM,unverified,false,Java heap space,Revised Workload / Input,revised_activation_domain_entries_total,Activation-domain entries total,50153,entries,,2026-07-23,metric.entries.md_7f7caa21c92aaee0,Revised Workload / Input,entries,その他,,,,,entries
surveillance__r1__rep01__direct_full,surveillance__r1__rep01,7,surveillance,,,,r1,UPDATE_CONTROLLER_OTF_FG_R1,direct_full,same_problem_comparator,1,0,OOM,True,131,Revised OTF-DUCS,OUT_OF_MEMORY,OOM,unverified,false,Java heap space,Revised Workload / Input,revised_normal_action_count,Normal action count,14,actions,,2026-07-23,metric.actions.md_2c111be47852e420,Revised Workload / Input,actions,その他,,,,,actions
surveillance__r1__rep01__direct_full,surveillance__r1__rep01,7,surveillance,,,,r1,UPDATE_CONTROLLER_OTF_FG_R1,direct_full,same_problem_comparator,1,0,OOM,True,132,Revised OTF-DUCS,OUT_OF_MEMORY,OOM,unverified,false,Java heap space,Revised Workload / Input,revised_controllable_normal_action_count,Controllable normal action count,9,actions,,2026-07-23,metric.actions.md_8037f04a70b33dbe,Revised Workload / Input,actions,その他,,,,,actions
surveillance__r1__rep01__direct_full,surveillance__r1__rep01,7,surveillance,,,,r1,UPDATE_CONTROLLER_OTF_FG_R1,direct_full,same_problem_comparator,1,0,OOM,True,133,Revised OTF-DUCS,OUT_OF_MEMORY,OOM,unverified,false,Java heap space,Revised Workload / Input,revised_uncontrollable_normal_action_count,Uncontrollable normal action count,5,actions,,2026-07-23,metric.actions.md_f44fa071b63159f7,Revised Workload / Input,actions,その他,,,,,actions
surveillance__r1__rep01__direct_full,surveillance__r1__rep01,7,surveillance,,,,r1,UPDATE_CONTROLLER_OTF_FG_R1,direct_full,same_problem_comparator,1,0,OOM,True,134,Revised OTF-DUCS,OUT_OF_MEMORY,OOM,unverified,false,Java heap space,Revised Workload / Input,revised_update_action_count,Update action count,16,actions,,2026-07-23,metric.actions.md_864bfb47f1c2f73e,Revised Workload / Input,actions,その他,,,,,actions
surveillance__r1__rep01__direct_full,surveillance__r1__rep01,7,surveillance,,,,r1,UPDATE_CONTROLLER_OTF_FG_R1,direct_full,same_problem_comparator,1,0,OOM,True,135,Revised OTF-DUCS,OUT_OF_MEMORY,OOM,unverified,false,Java heap space,Revised Workload / Input,revised_stop_action_count,Stop-old action count,7,actions,,2026-07-23,metric.actions.md_798f052018f3dd07,Revised Workload / Input,actions,その他,,,,,actions
surveillance__r1__rep01__direct_full,surveillance__r1__rep01,7,surveillance,,,,r1,UPDATE_CONTROLLER_OTF_FG_R1,direct_full,same_problem_comparator,1,0,OOM,True,136,Revised OTF-DUCS,OUT_OF_MEMORY,OOM,unverified,false,Java heap space,Revised Workload / Input,revised_reconfigure_action_count,Reconfigure action count,2,actions,,2026-07-23,metric.actions.md_16221ad0c6ea3514,Revised Workload / Input,actions,その他,,,,,actions
surveillance__r1__rep01__direct_full,surveillance__r1__rep01,7,surveillance,,,,r1,UPDATE_CONTROLLER_OTF_FG_R1,direct_full,same_problem_comparator,1,0,OOM,True,137,Revised OTF-DUCS,OUT_OF_MEMORY,OOM,unverified,false,Java heap space,Revised Workload / Input,revised_start_action_count,Start-new action count,7,actions,,2026-07-23,metric.actions.md_52063f91264608ab,Revised Workload / Input,actions,その他,,,,,actions
surveillance__r1__rep01__direct_full,surveillance__r1__rep01,7,surveillance,,,,r1,UPDATE_CONTROLLER_OTF_FG_R1,direct_full,same_problem_comparator,1,0,OOM,True,138,Revised OTF-DUCS,OUT_OF_MEMORY,OOM,unverified,false,Java heap space,Revised Workload / Input,revised_transfer_relation_edges_total,Transfer-relation edges total,16,relation_edges,,2026-07-23,metric.relation_edges.md_8b49403886bb8026,Revised Workload / Input,relation_edges,その他,,,,,relation_edges
surveillance__r1__rep01__direct_full,surveillance__r1__rep01,7,surveillance,,,,r1,UPDATE_CONTROLLER_OTF_FG_R1,direct_full,same_problem_comparator,1,0,OOM,True,139,Revised OTF-DUCS,OUT_OF_MEMORY,OOM,unverified,false,Java heap space,Revised Workload / Input,revised_transfer_relation_max_fan_out,Transfer-relation maximum fan-out,1,targets/source,,2026-07-23,metric.max_value.md_df9a8558ede9b69c,Revised Workload / Input,最大値,その他,,,,,最大値
surveillance__r1__rep01__direct_full,surveillance__r1__rep01,7,surveillance,,,,r1,UPDATE_CONTROLLER_OTF_FG_R1,direct_full,same_problem_comparator,1,0,OOM,True,140,Revised OTF-DUCS,OUT_OF_MEMORY,OOM,unverified,false,Java heap space,Revised Workload / Input,revised_transfer_relation_nondeterministic_sources,Transfer sources with multiple targets,0,sources,,2026-07-23,metric.min_value.md_8fa4603431775dfe,Revised Workload / Input,最小値,その他,,,,,最小値
surveillance__r1__rep01__direct_full,surveillance__r1__rep01,7,surveillance,,,,r1,UPDATE_CONTROLLER_OTF_FG_R1,direct_full,same_problem_comparator,1,0,OOM,True,141,Revised OTF-DUCS,OUT_OF_MEMORY,OOM,unverified,false,Java heap space,Revised Workload / Input,revised_precedence_transitive_edges,Precedence edges (transitive closure),0,edges,,2026-07-23,metric.edges.md_27373c013ec1c911,Revised Workload / Input,edges,その他,,,,,edges
surveillance__r1__rep01__direct_full,surveillance__r1__rep01,7,surveillance,,,,r1,UPDATE_CONTROLLER_OTF_FG_R1,direct_full,same_problem_comparator,1,0,OOM,True,142,Revised OTF-DUCS,OUT_OF_MEMORY,OOM,unverified,false,Java heap space,Revised Workload / Input,revised_precedence_density,Precedence density,0.000000,ratio,"|transitive precedence relation| / (K*(K-1)/2), with 0 for K<2.",2026-07-23,rate.ratio.md_6aa0211039e5baa0,Revised Workload / Input,ratio,割合,,,,,ratio
surveillance__r1__rep01__direct_full,surveillance__r1__rep01,7,surveillance,,,,r1,UPDATE_CONTROLLER_OTF_FG_R1,direct_full,same_problem_comparator,1,0,OOM,True,143,Revised OTF-DUCS,OUT_OF_MEMORY,OOM,unverified,false,Java heap space,Revised Completeness,revised_dependency_metrics_availability,Component-requirement dependency metrics,unsupported_no_dependency_relation_in_input,text,,2026-07-23,metric.component_requirement_dependency_metrics.md_15a934ee8c846ef5,Revised Completeness,Component-requirement dependency metrics,その他,,,,,Component-requirement dependency metrics
surveillance__r1__rep01__direct_full,surveillance__r1__rep01,7,surveillance,,,,r1,UPDATE_CONTROLLER_OTF_FG_R1,direct_full,same_problem_comparator,1,0,OOM,True,144,Revised OTF-DUCS,OUT_OF_MEMORY,OOM,unverified,false,Java heap space,Revised Workload / Input,revised_initial_endpoint_embeddings,Initial endpoint embeddings,112,states,,2026-07-23,states.states.md_2ea256920982595c,Revised Workload / Input,states,状態数,,,,,states
surveillance__r1__rep01__direct_full,surveillance__r1__rep01,7,surveillance,,,,r1,UPDATE_CONTROLLER_OTF_FG_R1,direct_full,same_problem_comparator,1,0,OOM,True,145,Revised OTF-DUCS,OUT_OF_MEMORY,OOM,unverified,false,Java heap space,Revised Workload / Input,revised_new_endpoint_signatures,New endpoint signatures,107,states,,2026-07-23,states.states.md_6666559d81c8b704,Revised Workload / Input,states,状態数,,,,,states
surveillance__r1__rep01__direct_full,surveillance__r1__rep01,7,surveillance,,,,r1,UPDATE_CONTROLLER_OTF_FG_R1,direct_full,same_problem_comparator,1,0,OOM,True,146,Revised OTF-DUCS,OUT_OF_MEMORY,OOM,unverified,false,Java heap space,Revised Workload / Input,revised_reachable_physical_states_for_activation,Reachable physical states used for activation,8761,states,,2026-07-23,states.reachable_states.md_2f4a0f6f53614f4f,Revised Workload / Input,到達可能状態数,状態数,,,,,到達可能状態数
surveillance__r1__rep01__direct_full,surveillance__r1__rep01,7,surveillance,,,,r1,UPDATE_CONTROLLER_OTF_FG_R1,direct_full,same_problem_comparator,1,0,OOM,True,147,Revised OTF-DUCS,OUT_OF_MEMORY,OOM,unverified,false,Java heap space,Revised Completeness,revised_endpoint_coverage_complete,Exhaustive old/new endpoint coverage,true,boolean,,2026-07-23,metric.boolean.md_decc8f135ca2ca19,Revised Completeness,boolean,その他,,,,,boolean
surveillance__r1__rep01__direct_full,surveillance__r1__rep01,7,surveillance,,,,r1,UPDATE_CONTROLLER_OTF_FG_R1,direct_full,same_problem_comparator,1,0,OOM,True,148,Revised OTF-DUCS,OUT_OF_MEMORY,OOM,unverified,false,Java heap space,Revised Correctness,revised_internal_input_validation,Internal input validation,passed,text,"FineGrainedUpdateProblem construction validates namespaces, testers, activation languages, precedence, and endpoint coverage.",2026-07-23,metric.internal_input_validation.md_1c01f01f1de59096,Revised Correctness,Internal input validation,その他,,,,,Internal input validation
surveillance__r1__rep01__direct_full,surveillance__r1__rep01,7,surveillance,,,,r1,UPDATE_CONTROLLER_OTF_FG_R1,direct_full,same_problem_comparator,1,0,OOM,True,149,Revised OTF-DUCS,OUT_OF_MEMORY,OOM,unverified,false,Java heap space,Revised Correctness,revised_independent_input_checker_status,Independent input checker status,not_run,text,,2026-07-23,metric.independent_input_checker_status.md_da9c43e2070a4650,Revised Correctness,Independent input checker status,その他,,,,,Independent input checker status
surveillance__r1__rep01__direct_full,surveillance__r1__rep01,7,surveillance,,,,r1,UPDATE_CONTROLLER_OTF_FG_R1,direct_full,same_problem_comparator,1,0,OOM,True,150,Revised OTF-DUCS,OUT_OF_MEMORY,OOM,unverified,false,Java heap space,Revised Capability / Restriction,revised_update_policy_restriction_interpretation,Update-policy restriction interpretation,unrestricted_fine_grained_update_choices,text,,2026-07-23,metric.update_policy_restriction_interpretation.md_53c434a719536f0d,Revised Capability / Restriction,Update-policy restriction interpretation,その他,,,,,Update-policy restriction interpretation
surveillance__r1__rep01__direct_full,surveillance__r1__rep01,7,surveillance,,,,r1,UPDATE_CONTROLLER_OTF_FG_R1,direct_full,same_problem_comparator,1,0,OOM,True,151,Revised OTF-DUCS,OUT_OF_MEMORY,OOM,unverified,false,Java heap space,Revised Capability / Restriction,revised_update_policy_restriction_scope,Restricted semantic scope,same_states_and_successors_controller_discipline,text,"The comparison uses the same FG-DUCS states and successor relations. It removes controller choices; in a contiguous block, an enabled uncontrollable event outside the block makes the discipline fail.",2026-07-23,metric.restricted_semantic_scope.md_779dd1fb39614612,Revised Capability / Restriction,Restricted semantic scope,その他,,,,,Restricted semantic scope
surveillance__r1__rep01__direct_full,surveillance__r1__rep01,7,surveillance,,,,r1,UPDATE_CONTROLLER_OTF_FG_R1,direct_full,same_problem_comparator,1,0,OOM,True,152,Revised OTF-DUCS,OUT_OF_MEMORY,OOM,unverified,false,Java heap space,Revised Capability / Restriction,revised_update_policy_uncontrollables_preserved,All uncontrollable actions preserved,true,boolean,A restriction cannot suppress an uncontrollable normal event and never removes an adversarial outcome.,2026-07-23,metric.boolean.md_e48105ddfbe58a31,Revised Capability / Restriction,boolean,その他,,,,,boolean
surveillance__r1__rep01__direct_full,surveillance__r1__rep01,7,surveillance,,,,r1,UPDATE_CONTROLLER_OTF_FG_R1,direct_full,same_problem_comparator,1,0,OOM,True,153,Revised OTF-DUCS,OUT_OF_MEMORY,OOM,unverified,false,Java heap space,Revised Capability / Restriction,revised_update_policy_same_input,Same validated FG-DUCS input,true,boolean,,2026-07-23,metric.boolean.md_124e50f1bf79ccb6,Revised Capability / Restriction,boolean,その他,,,,,boolean
surveillance__r1__rep01__direct_full,surveillance__r1__rep01,7,surveillance,,,,r1,UPDATE_CONTROLLER_OTF_FG_R1,direct_full,same_problem_comparator,1,0,OOM,True,154,Revised OTF-DUCS,OUT_OF_MEMORY,OOM,unverified,false,Java heap space,Revised Capability / Restriction,revised_update_policy_formal_comparator_correspondence,Correspondence to a paper comparison restriction,unrestricted_fg_ducs,text,,2026-07-23,metric.correspondence_to_a_paper_comparison_restriction.md_e7aa420acaafe9fe,Revised Capability / Restriction,Correspondence to a paper comparison restriction,その他,,,,,Correspondence to a paper comparison restriction
surveillance__r1__rep01__direct_full,surveillance__r1__rep01,7,surveillance,,,,r1,UPDATE_CONTROLLER_OTF_FG_R1,direct_full,same_problem_comparator,1,0,OOM,True,155,Revised OTF-DUCS,OUT_OF_MEMORY,OOM,unverified,false,Java heap space,Revised Capability / Restriction,revised_update_policy_static_uninterrupted_block_precondition,Static uninterrupted-block precondition,not_applicable,text,"For contiguous-transfer/update and requirement-block modes, false means an enabled uncontrollable event outside the active block makes that state losing; such an event is never suppressed.",2026-07-23,metric.static_uninterrupted_block_precondition.md_1aff6a0405de2bdb,Revised Capability / Restriction,Static uninterrupted-block precondition,その他,,,,,Static uninterrupted-block precondition
surveillance__r1__rep01__direct_full,surveillance__r1__rep01,7,surveillance,,,,r1,UPDATE_CONTROLLER_OTF_FG_R1,direct_full,same_problem_comparator,1,0,OOM,True,156,Revised OTF-DUCS,OUT_OF_MEMORY,OOM,unverified,false,Java heap space,Revised Capability / Restriction,revised_update_policy_transfer_action_count,Reconfiguration actions in restricted group,2,actions,,2026-07-23,metric.actions.md_19a0af67c1e61c68,Revised Capability / Restriction,actions,その他,,,,,actions
surveillance__r1__rep01__direct_full,surveillance__r1__rep01,7,surveillance,,,,r1,UPDATE_CONTROLLER_OTF_FG_R1,direct_full,same_problem_comparator,1,0,OOM,True,157,Revised OTF-DUCS,OUT_OF_MEMORY,OOM,unverified,false,Java heap space,Revised Capability / Restriction,revised_update_policy_requirement_action_count,Requirement-switch actions in restricted group,14,actions,,2026-07-23,metric.actions.md_cdb32535a8a0ce63,Revised Capability / Restriction,actions,その他,,,,,actions
surveillance__r1__rep01__direct_full,surveillance__r1__rep01,7,surveillance,,,,r1,UPDATE_CONTROLLER_OTF_FG_R1,direct_full,same_problem_comparator,1,0,OOM,True,158,Revised OTF-DUCS,OUT_OF_MEMORY,OOM,unverified,false,Java heap space,Revised Capability / Restriction,revised_update_policy_fixed_sequence,Precedence-respecting fixed update sequence,stopOldSpec_P_ALWAYS_FLY_HIGH>stopOldSpec_P_BATTERY_SAFETY_OLD>stopOldSpec_P_DETECTED_ACTIONS>stopOldSpec_P_DONT_PICTURE_TWICE>stopOldSpec_P_DONT_SCAN_TWICE>stopOldSpec_P_HIGH_PRIORITY_TO_MISSION>stopOldSpec_P_HOW_TO_MOVE>reconfigure_BATTERY_COUNTER>reconfigure_MISSION>startNewSpec_P_ALWAYS_FLY_LOW>startNewSpec_P_BATTERY_SAFETY_NEW>startNewSpec_P_DONT_SCAN_TWICE>startNewSpec_P_FOLLOWING_ACTIONS>startNewSpec_P_HIGH_PRIORITY_TO_MISSION>startNewSpec_P_NEW_HOW_TO_MOVE>startNewSpec_P_NO_FOLLOW_BEFORE_SCAN,text,Recorded for reproducibility; enforced only in fixed_update_order mode. This does not fix normal controllable actions and is not the paper's observation-independent fixed-script comparator.,2026-07-23,metric.precedence_respecting_fixed_update_sequence.md_9a20b6c86d55a0f5,Revised Capability / Restriction,Precedence-respecting fixed update sequence,その他,,,,,Precedence-respecting fixed update sequence
surveillance__r1__rep01__direct_full,surveillance__r1__rep01,7,surveillance,,,,r1,UPDATE_CONTROLLER_OTF_FG_R1,direct_full,same_problem_comparator,1,0,OOM,True,159,Revised OTF-DUCS,OUT_OF_MEMORY,OOM,unverified,false,Java heap space,失敗時メモリ,auto_77bbf4ca,現在のヒープ使用量,11020352,B,,2026-07-23,memory.b.md_eedd9a02080d2a47,失敗時メモリ,B,メモリ,,,,,B
surveillance__r1__rep01__direct_full,surveillance__r1__rep01,7,surveillance,,,,r1,UPDATE_CONTROLLER_OTF_FG_R1,direct_full,same_problem_comparator,1,0,OOM,True,160,Revised OTF-DUCS,OUT_OF_MEMORY,OOM,unverified,false,Java heap space,失敗時メモリ,auto_628cb6cd,ピークヒープ使用量,227665022064,B,,2026-07-23,memory.b.md_6a540d3e1b06764c,失敗時メモリ,B,メモリ,,,,,B
surveillance__r1__rep01__direct_full,surveillance__r1__rep01,7,surveillance,,,,r1,UPDATE_CONTROLLER_OTF_FG_R1,direct_full,same_problem_comparator,1,0,OOM,True,161,Revised OTF-DUCS,OUT_OF_MEMORY,OOM,unverified,false,Java heap space,失敗時メモリ,auto_93d57a34,JVM 最大ヒープ,214748364800,B,,2026-07-23,memory.b.md_08422c7bbdc540e2,失敗時メモリ,B,メモリ,,,,,B
surveillance__r1__rep01__direct_full,surveillance__r1__rep01,7,surveillance,,,,r1,UPDATE_CONTROLLER_OTF_FG_R1,direct_full,same_problem_comparator,1,0,OOM,True,162,Revised OTF-DUCS,OUT_OF_MEMORY,OOM,unverified,false,Java heap space,失敗時メモリ,auto_953f2cf3,JVM totalMemory,234881024,B,,2026-07-23,memory.b.md_4f71760ff439f304,失敗時メモリ,B,メモリ,,,,,B
surveillance__r1__rep01__direct_full,surveillance__r1__rep01,7,surveillance,,,,r1,UPDATE_CONTROLLER_OTF_FG_R1,direct_full,same_problem_comparator,1,0,OOM,True,163,Revised OTF-DUCS,OUT_OF_MEMORY,OOM,unverified,false,Java heap space,失敗時メモリ,auto_deec693f,JVM freeMemory,221847416,B,,2026-07-23,memory.b.md_2092b0b1aae85fc4,失敗時メモリ,B,メモリ,,,,,B
surveillance__r1__rep01__direct_full,surveillance__r1__rep01,7,surveillance,,,,r1,UPDATE_CONTROLLER_OTF_FG_R1,direct_full,same_problem_comparator,1,0,OOM,True,164,Revised OTF-DUCS,OUT_OF_MEMORY,OOM,unverified,false,Java heap space,共通 / HPWindow,total_time,合成ボタンを押してから合成完了までの時間,5252574,ms,,2026-07-23,time.time.md_08e0b5ae6a5691f2,共通処理: GUI/全体計測,時間,時間,,,,,時間
surveillance__r1__rep01__direct_full,surveillance__r1__rep01,7,surveillance,,,,r1,UPDATE_CONTROLLER_OTF_FG_R1,direct_full,same_problem_comparator,1,0,OOM,True,165,Revised OTF-DUCS,OUT_OF_MEMORY,OOM,unverified,false,Java heap space,共通 / HPWindow,compile_if_change_total_time,compileIfChange 全体時間（参考）,5252223,ms,,2026-07-23,time.time.md_4be3eaae565910a4,共通処理: GUI/全体計測,時間,時間,,,,,時間
surveillance__r1__rep01__direct_full,surveillance__r1__rep01,7,surveillance,,,,r1,UPDATE_CONTROLLER_OTF_FG_R1,direct_full,same_problem_comparator,1,0,OOM,True,166,Revised OTF-DUCS,OUT_OF_MEMORY,OOM,unverified,false,Java heap space,共通 / HPWindow,update_controller_generation_time,update controller 生成時間,0,ms,,2026-07-23,time.time.md_ae877d3289a1c470,共通処理: GUI/全体計測,時間,時間,,,,,時間
surveillance__r1__rep01__direct_full,surveillance__r1__rep01,7,surveillance,,,,r1,UPDATE_CONTROLLER_OTF_FG_R1,direct_full,same_problem_comparator,1,0,OOM,True,167,Revised OTF-DUCS,OUT_OF_MEMORY,OOM,unverified,false,Java heap space,共通 / HPWindow,controller_synthesis_related_time,コントローラ合成時間,0,ms,,2026-07-23,time.time.md_698154c8c19a6a48,共通処理: GUI/全体計測,時間,時間,,,,,時間
surveillance__r1__rep01__direct_full,surveillance__r1__rep01,7,surveillance,,,,r1,UPDATE_CONTROLLER_OTF_FG_R1,direct_full,same_problem_comparator,1,0,OOM,True,168,Revised OTF-DUCS,OUT_OF_MEMORY,OOM,unverified,false,Java heap space,共通 / HPWindow,controller_draw_time,コントローラ描画時間,0,ms,,2026-07-23,time.time.md_bb895fce6603a5d6,共通処理: GUI/全体計測,時間,時間,,,,,時間
surveillance__r1__rep01__direct_full,surveillance__r1__rep01,7,surveillance,,,,r1,UPDATE_CONTROLLER_OTF_FG_R1,direct_full,same_problem_comparator,1,0,OOM,True,169,Revised OTF-DUCS,OUT_OF_MEMORY,OOM,unverified,false,Java heap space,共通 / HPWindow,controller_synthesis_base_memory,コントローラ合成のベースラインメモリ,6692984,B,,2026-07-23,memory.b.md_3ab68ddb7e92dc40,共通処理: GUI/全体計測,B,メモリ,,,,,B
surveillance__r1__rep01__direct_full,surveillance__r1__rep01,7,surveillance,,,,r1,UPDATE_CONTROLLER_OTF_FG_R1,direct_full,same_problem_comparator,1,0,OOM,True,170,Revised OTF-DUCS,OUT_OF_MEMORY,OOM,unverified,false,Java heap space,共通 / HPWindow,controller_synthesis_peak_memory,コントローラ合成全体のピークメモリ,227665022064,B,,2026-07-23,memory.b.md_9050f85f9d9ce9db,共通処理: GUI/全体計測,B,メモリ,,,,,B
surveillance__r1__rep01__direct_full,surveillance__r1__rep01,7,surveillance,,,,r1,UPDATE_CONTROLLER_OTF_FG_R1,direct_full,same_problem_comparator,1,0,OOM,True,171,Revised OTF-DUCS,OUT_OF_MEMORY,OOM,unverified,false,Java heap space,共通 / HPWindow,controller_synthesis_memory_increase,コントローラ合成により増えたメモリ,227658329080,B,,2026-07-23,memory.b.md_7ca77181c6132832,共通処理: GUI/全体計測,B,メモリ,,,,,B
surveillance__r1__rep01__direct_full,surveillance__r1__rep01,7,surveillance,,,,r1,UPDATE_CONTROLLER_OTF_FG_R1,direct_full,same_problem_comparator,1,0,OOM,True,172,Revised OTF-DUCS,OUT_OF_MEMORY,OOM,unverified,false,Java heap space,メモリ使用量チェックポイント,auto_3660d981_current_heap,合成終了時 / 現在ヒープ,11020352,B,,2026-07-23,memory.b.md_5c4876a33facc9af,メモリ使用量,B,メモリ,,,,,B
surveillance__r1__rep01__direct_full,surveillance__r1__rep01,7,surveillance,,,,r1,UPDATE_CONTROLLER_OTF_FG_R1,direct_full,same_problem_comparator,1,0,OOM,True,173,Revised OTF-DUCS,OUT_OF_MEMORY,OOM,unverified,false,Java heap space,メモリ使用量チェックポイント,auto_3660d981_peak_heap,合成終了時 / ピークヒープ,227665022064,B,,2026-07-23,memory.b.md_58fe994d9e682f49,メモリ使用量,B,メモリ,,,,,B
surveillance__r1__rep01__direct_full,surveillance__r1__rep01,7,surveillance,,,,r1,UPDATE_CONTROLLER_OTF_FG_R1,direct_full,same_problem_comparator,1,0,OOM,True,174,Revised OTF-DUCS,OUT_OF_MEMORY,OOM,unverified,false,Java heap space,メモリ使用量チェックポイント,auto_3660d981_delta_from_start,合成終了時 / 開始時からの増減,4327368,B,,2026-07-23,memory.b.md_764af3acd45ed7bf,メモリ使用量,B,メモリ,,,,,B
surveillance__r1__rep01__direct_full,surveillance__r1__rep01,7,surveillance,,,,r1,UPDATE_CONTROLLER_OTF_FG_R1,direct_full,same_problem_comparator,1,0,OOM,True,175,Revised OTF-DUCS,OUT_OF_MEMORY,OOM,unverified,false,Java heap space,メモリ使用量チェックポイント,auto_3660d981_delta_from_previous,合成終了時 / 直前からの増減,-3275104,B,,2026-07-23,memory.b.md_cadb1c07f62cd4ec,メモリ使用量,B,メモリ,,,,,B
surveillance__r1__rep01__direct_full,surveillance__r1__rep01,7,surveillance,,,,r1,UPDATE_CONTROLLER_OTF_FG_R1,direct_full,same_problem_comparator,1,0,OOM,True,176,Revised OTF-DUCS,OUT_OF_MEMORY,OOM,unverified,false,Java heap space,Evaluation Summary,state_transition_count_overhead_total,State/transition count overhead total,0,ms,,2026-07-23,time.time.md_b3b236c3f86923ad,評価サマリ,時間,時間,,,,,時間
surveillance__r1__rep01__direct_full,surveillance__r1__rep01,7,surveillance,,,,r1,UPDATE_CONTROLLER_OTF_FG_R1,direct_full,same_problem_comparator,1,0,OOM,True,177,Revised OTF-DUCS,OUT_OF_MEMORY,OOM,unverified,false,Java heap space,評価出力時間,evaluation_output_header_time,評価ヘッダ出力時間,2,ms,EVALUATION ヘッダ、手法、結果、カウントオーバーヘッド行を Output に出す時間。,2026-07-23,time.time.md_4c1ca747bff3a449,評価出力時間,時間,時間,,,,,時間
surveillance__r1__rep01__direct_full,surveillance__r1__rep01,7,surveillance,,,,r1,UPDATE_CONTROLLER_OTF_FG_R1,direct_full,same_problem_comparator,1,0,OOM,True,178,Revised OTF-DUCS,OUT_OF_MEMORY,OOM,unverified,false,Java heap space,評価出力時間,evaluation_output_detailed_report_time,詳細評価レポート出力時間,1,ms,詳細評価レポート本文を Output に出す時間。デフォルトでは省略メッセージのみ。,2026-07-23,time.time.md_ca01752a4ccab7fe,評価出力時間,時間,時間,,,,,時間
surveillance__r1__rep01__direct_full,surveillance__r1__rep01,7,surveillance,,,,r1,UPDATE_CONTROLLER_OTF_FG_R1,direct_full,same_problem_comparator,1,0,OOM,True,179,Revised OTF-DUCS,OUT_OF_MEMORY,OOM,unverified,false,Java heap space,評価出力準備時間,evaluation_output_summary_time,評価サマリ構築時間,3,ms,EVALUATION SUMMARY 本文をメモリ上に構築し、派生metricsを登録する時間。CSV後のOutputへの再生時間は含まない。,2026-07-23,time.time.md_9ecceb76391dadbb,評価出力準備時間,時間,時間,,,,,時間
surveillance__r1__rep01__direct_full,surveillance__r1__rep01,7,surveillance,,,,r1,UPDATE_CONTROLLER_OTF_FG_R1,direct_full,same_problem_comparator,1,0,OOM,True,180,Revised OTF-DUCS,OUT_OF_MEMORY,OOM,unverified,false,Java heap space,評価出力準備・出力時間,evaluation_output_overhead_before_csv,評価準備・出力時間（CSV出力前、SUMMARY再生除外）,6,ms,評価ヘッダ出力時間 + 詳細評価レポート出力時間 + 評価サマリ構築時間。CSV出力時間はCSV出力後に別途記録し、SUMMARYのOutput再生時間は含まない。,2026-07-23,time.time.md_3425d69908884bb8,評価出力準備・出力時間,時間,時間,,,,,時間
surveillance__r1__rep01__direct_full,surveillance__r1__rep01,7,surveillance,,,,r1,UPDATE_CONTROLLER_OTF_FG_R1,direct_full,same_problem_comparator,1,0,OOM,True,181,Revised OTF-DUCS,OUT_OF_MEMORY,OOM,unverified,false,Java heap space,評価用カウント時間 / 関数スコープ別,definition_prepare_total_time_scope_count_overhead_time,UpdatingControllersDefinition / compose の全体実行時間 / 評価用カウント時間,0,ms,この関数スコープが開いている間に、状態数・遷移数などの評価用カウントとして加算された時間。,2026-07-23,time.count_time.md_faff0746180a7ae9,評価用カウント時間 / 関数スコープ別,評価用カウント時間,時間,,,,,評価用カウント時間
surveillance__r1__rep01__direct_full,surveillance__r1__rep01,7,surveillance,,,,r1,UPDATE_CONTROLLER_OTF_FG_R1,direct_full,same_problem_comparator,1,0,OOM,True,182,Revised OTF-DUCS,OUT_OF_MEMORY,OOM,unverified,false,Java heap space,評価用カウント時間 / 関数スコープ別,definition_prepare_total_time_time_without_scope_count_overhead,UpdatingControllersDefinition / compose の全体実行時間 / 評価用カウント時間除外後,640,ms,definition_prepare_total_time - definition_prepare_total_time_scope_count_overhead_time,2026-07-23,time.time.md_b52e85d1bb22b32c,評価用カウント時間 / 関数スコープ別,時間,時間,,,,,時間
surveillance__r1__rep01__direct_full,surveillance__r1__rep01,7,surveillance,,,,r1,UPDATE_CONTROLLER_OTF_FG_R1,direct_full,same_problem_comparator,1,0,OOM,True,183,Revised OTF-DUCS,OUT_OF_MEMORY,OOM,unverified,false,Java heap space,評価用カウント時間 / 関数スコープ別,input_scale_summary_time_scope_count_overhead_time,UpdatingControllersDefinition / 入力規模集計時間 / 評価用カウント時間,0,ms,この関数スコープが開いている間に、状態数・遷移数などの評価用カウントとして加算された時間。,2026-07-23,time.count_time.md_b71ee0f74f85682d,評価用カウント時間 / 関数スコープ別,評価用カウント時間,時間,,,,,評価用カウント時間
surveillance__r1__rep01__direct_full,surveillance__r1__rep01,7,surveillance,,,,r1,UPDATE_CONTROLLER_OTF_FG_R1,direct_full,same_problem_comparator,1,0,OOM,True,184,Revised OTF-DUCS,OUT_OF_MEMORY,OOM,unverified,false,Java heap space,評価用カウント時間 / 関数スコープ別,input_scale_summary_time_time_without_scope_count_overhead,UpdatingControllersDefinition / 入力規模集計時間 / 評価用カウント時間除外後,6,ms,input_scale_summary_time - input_scale_summary_time_scope_count_overhead_time,2026-07-23,time.time.md_2312f147b4433658,評価用カウント時間 / 関数スコープ別,時間,時間,,,,,時間
surveillance__r1__rep01__direct_full,surveillance__r1__rep01,7,surveillance,,,,r1,UPDATE_CONTROLLER_OTF_FG_R1,direct_full,same_problem_comparator,1,0,OOM,True,185,Revised OTF-DUCS,OUT_OF_MEMORY,OOM,unverified,false,Java heap space,評価出力時間,evaluation_output_data_csv_time,評価CSV出力時間,54,ms,EVALUATION DATA CSV を Output に出す時間。末尾の追加計測行自身はほぼ含まない。,2026-07-23,time.time.md_8a527c219c4a5fcb,評価出力時間,時間,時間,,,,,時間
surveillance__r1__rep01__direct_full,surveillance__r1__rep01,7,surveillance,,,,r1,UPDATE_CONTROLLER_OTF_FG_R1,direct_full,same_problem_comparator,1,0,OOM,True,186,Revised OTF-DUCS,OUT_OF_MEMORY,OOM,unverified,false,Java heap space,評価出力準備・出力時間,evaluation_output_overhead_total_including_csv,評価準備・出力時間合計（CSV含む、SUMMARY再生除外）,60,ms,評価ヘッダ出力時間 + 詳細評価レポート出力時間 + 評価サマリ構築時間 + 評価CSV出力時間。SUMMARYのOutput再生時間は含まない。,2026-07-23,time.time.md_c37b195292ceae08,評価出力準備・出力時間,時間,時間,,,,,時間
workflow__r2__rep01__direct_full,workflow__r2__rep01,8,workflow,,,,r2,UPDATE_CONTROLLER_OTF_FG_R2,direct_full,same_problem_comparator,1,0,SUCCESS,True,0,Revised OTF-DUCS,SUCCESS,realizable,unverified,false,,Run,mode,mode,Revised OTF-DUCS,text,,2026-07-23,metric.mode.md_119301f4da1e9450,実行情報,mode,その他,,,,,mode
workflow__r2__rep01__direct_full,workflow__r2__rep01,8,workflow,,,,r2,UPDATE_CONTROLLER_OTF_FG_R2,direct_full,same_problem_comparator,1,0,SUCCESS,True,1,Revised OTF-DUCS,SUCCESS,realizable,unverified,false,,Run,result,result,SUCCESS,text,,2026-07-23,metric.result.md_e33889763e9441ae,実行情報,result,その他,,,,,result
workflow__r2__rep01__direct_full,workflow__r2__rep01,8,workflow,,,,r2,UPDATE_CONTROLLER_OTF_FG_R2,direct_full,same_problem_comparator,1,0,SUCCESS,True,2,Revised OTF-DUCS,SUCCESS,realizable,unverified,false,,Run,solver_status,solver status,realizable,text,,2026-07-23,metric.solver_status.md_30f6a3b0cbda4da6,実行情報,solver status,その他,,,,,solver status
workflow__r2__rep01__direct_full,workflow__r2__rep01,8,workflow,,,,r2,UPDATE_CONTROLLER_OTF_FG_R2,direct_full,same_problem_comparator,1,0,SUCCESS,True,3,Revised OTF-DUCS,SUCCESS,realizable,unverified,false,,Run,verification_status,verification status,unverified,text,,2026-07-23,metric.verification_status.md_e87a8d7360839024,実行情報,verification status,その他,,,,,verification status
workflow__r2__rep01__direct_full,workflow__r2__rep01,8,workflow,,,,r2,UPDATE_CONTROLLER_OTF_FG_R2,direct_full,same_problem_comparator,1,0,SUCCESS,True,4,Revised OTF-DUCS,SUCCESS,realizable,unverified,false,,Run,run_verified,run verified,false,boolean,,2026-07-23,metric.boolean.md_6313e127a8d73bd6,実行情報,boolean,その他,,,,,boolean
workflow__r2__rep01__direct_full,workflow__r2__rep01,8,workflow,,,,r2,UPDATE_CONTROLLER_OTF_FG_R2,direct_full,same_problem_comparator,1,0,SUCCESS,True,5,Revised OTF-DUCS,SUCCESS,realizable,unverified,false,,Run,failure_reason,failure reason,,text,,2026-07-23,metric.failure_reason.md_013d7d27e16ab465,実行情報,failure reason,その他,,,,,failure reason
workflow__r2__rep01__direct_full,workflow__r2__rep01,8,workflow,,,,r2,UPDATE_CONTROLLER_OTF_FG_R2,direct_full,same_problem_comparator,1,0,SUCCESS,True,6,Revised OTF-DUCS,SUCCESS,realizable,unverified,false,,メモリ使用量チェックポイント,auto_36bd60e5_current_heap,合成開始時 / 現在ヒープ,6692976,B,,2026-07-23,memory.b.md_0abb824e30c686df,メモリ使用量,B,メモリ,,,,,B
workflow__r2__rep01__direct_full,workflow__r2__rep01,8,workflow,,,,r2,UPDATE_CONTROLLER_OTF_FG_R2,direct_full,same_problem_comparator,1,0,SUCCESS,True,7,Revised OTF-DUCS,SUCCESS,realizable,unverified,false,,メモリ使用量チェックポイント,auto_36bd60e5_peak_heap,合成開始時 / ピークヒープ,6692976,B,,2026-07-23,memory.b.md_7054bc0f5c347ac8,メモリ使用量,B,メモリ,,,,,B
workflow__r2__rep01__direct_full,workflow__r2__rep01,8,workflow,,,,r2,UPDATE_CONTROLLER_OTF_FG_R2,direct_full,same_problem_comparator,1,0,SUCCESS,True,8,Revised OTF-DUCS,SUCCESS,realizable,unverified,false,,メモリ使用量チェックポイント,auto_36bd60e5_delta_from_start,合成開始時 / 開始時からの増減,0,B,,2026-07-23,memory.b.md_390fc6fc93c1a051,メモリ使用量,B,メモリ,,,,,B
workflow__r2__rep01__direct_full,workflow__r2__rep01,8,workflow,,,,r2,UPDATE_CONTROLLER_OTF_FG_R2,direct_full,same_problem_comparator,1,0,SUCCESS,True,9,Revised OTF-DUCS,SUCCESS,realizable,unverified,false,,メモリ使用量チェックポイント,auto_36bd60e5_delta_from_previous,合成開始時 / 直前からの増減,0,B,,2026-07-23,memory.b.md_14978d10995a6fd7,メモリ使用量,B,メモリ,,,,,B
workflow__r2__rep01__direct_full,workflow__r2__rep01,8,workflow,,,,r2,UPDATE_CONTROLLER_OTF_FG_R2,direct_full,same_problem_comparator,1,0,SUCCESS,True,10,Revised OTF-DUCS,SUCCESS,realizable,unverified,false,,共通 / HPWindow,parse_time,構文解析時間,93,ms,,2026-07-23,time.time.md_cd0a7dcdaf375231,共通処理: GUI/全体計測,時間,時間,,,,,時間
workflow__r2__rep01__direct_full,workflow__r2__rep01,8,workflow,,,,r2,UPDATE_CONTROLLER_OTF_FG_R2,direct_full,same_problem_comparator,1,0,SUCCESS,True,11,Revised OTF-DUCS,SUCCESS,realizable,unverified,false,,UpdatingControllersDefinition,old_controller_synthesis_time,Old Controller 合成時間,267,ms,,2026-07-23,time.time.md_1eb94856dacb260d,入力準備: 更新コントローラ定義の構築,旧コントローラ / 時間,時間,旧コントローラ,,,,時間
workflow__r2__rep01__direct_full,workflow__r2__rep01,8,workflow,,,,r2,UPDATE_CONTROLLER_OTF_FG_R2,direct_full,same_problem_comparator,1,0,SUCCESS,True,12,Revised OTF-DUCS,SUCCESS,realizable,unverified,false,,入力規模 / 事前合成,old_controller_states,Old Controller / States,22,states,,2026-07-23,states.states.md_840c98cfc0b8e7ed,入力規模: 事前合成されたコントローラ,旧コントローラ / 状態数,状態数,旧コントローラ,,,,状態数
workflow__r2__rep01__direct_full,workflow__r2__rep01,8,workflow,,,,r2,UPDATE_CONTROLLER_OTF_FG_R2,direct_full,same_problem_comparator,1,0,SUCCESS,True,13,Revised OTF-DUCS,SUCCESS,realizable,unverified,false,,入力規模 / 事前合成,old_controller_transitions,Old Controller / Transitions,31,transitions,,2026-07-23,transitions.transitions.md_f1234914b27df5d8,入力規模: 事前合成されたコントローラ,旧コントローラ / 遷移数,遷移数,旧コントローラ,,,,遷移数
workflow__r2__rep01__direct_full,workflow__r2__rep01,8,workflow,,,,r2,UPDATE_CONTROLLER_OTF_FG_R2,direct_full,same_problem_comparator,1,0,SUCCESS,True,14,Revised OTF-DUCS,SUCCESS,realizable,unverified,false,,入力規模 / 事前合成,old_controller_count_time,Old Controller / CountTime,0,ms,,2026-07-23,time.count_time.md_c321c1331468401f,入力規模: 事前合成されたコントローラ,旧コントローラ / 評価用カウント時間,時間,旧コントローラ,,,,評価用カウント時間
workflow__r2__rep01__direct_full,workflow__r2__rep01,8,workflow,,,,r2,UPDATE_CONTROLLER_OTF_FG_R2,direct_full,same_problem_comparator,1,0,SUCCESS,True,15,Revised OTF-DUCS,SUCCESS,realizable,unverified,false,,メモリ使用量チェックポイント,auto_459fabee_current_heap,Old Controller 合成後 / 現在ヒープ,13280616,B,,2026-07-23,memory.b.md_4c5f341258a94edb,メモリ使用量,旧コントローラ / B,メモリ,旧コントローラ,,,,B
workflow__r2__rep01__direct_full,workflow__r2__rep01,8,workflow,,,,r2,UPDATE_CONTROLLER_OTF_FG_R2,direct_full,same_problem_comparator,1,0,SUCCESS,True,16,Revised OTF-DUCS,SUCCESS,realizable,unverified,false,,メモリ使用量チェックポイント,auto_459fabee_peak_heap,Old Controller 合成後 / ピークヒープ,26540448,B,,2026-07-23,memory.b.md_48c22221afaa3697,メモリ使用量,旧コントローラ / B,メモリ,旧コントローラ,,,,B
workflow__r2__rep01__direct_full,workflow__r2__rep01,8,workflow,,,,r2,UPDATE_CONTROLLER_OTF_FG_R2,direct_full,same_problem_comparator,1,0,SUCCESS,True,17,Revised OTF-DUCS,SUCCESS,realizable,unverified,false,,メモリ使用量チェックポイント,auto_459fabee_delta_from_start,Old Controller 合成後 / 開始時からの増減,6587640,B,,2026-07-23,memory.b.md_d2dcce3b0b37396d,メモリ使用量,旧コントローラ / B,メモリ,旧コントローラ,,,,B
workflow__r2__rep01__direct_full,workflow__r2__rep01,8,workflow,,,,r2,UPDATE_CONTROLLER_OTF_FG_R2,direct_full,same_problem_comparator,1,0,SUCCESS,True,18,Revised OTF-DUCS,SUCCESS,realizable,unverified,false,,メモリ使用量チェックポイント,auto_459fabee_delta_from_previous,Old Controller 合成後 / 直前からの増減,6587640,B,,2026-07-23,memory.b.md_c26ccb82099794fe,メモリ使用量,旧コントローラ / B,メモリ,旧コントローラ,,,,B
workflow__r2__rep01__direct_full,workflow__r2__rep01,8,workflow,,,,r2,UPDATE_CONTROLLER_OTF_FG_R2,direct_full,same_problem_comparator,1,0,SUCCESS,True,19,Revised OTF-DUCS,SUCCESS,realizable,unverified,false,,UpdatingControllersDefinition,goal_and_controllable_set_time,Goal 定義と controllable action 集合生成時間,3,ms,,2026-07-23,time.time.md_ec8db379ca37477f,入力準備: 更新コントローラ定義の構築,時間,時間,,,,,時間
workflow__r2__rep01__direct_full,workflow__r2__rep01,8,workflow,,,,r2,UPDATE_CONTROLLER_OTF_FG_R2,direct_full,same_problem_comparator,1,0,SUCCESS,True,20,Revised OTF-DUCS,SUCCESS,realizable,unverified,false,,UpdatingControllersDefinition,mapping_component_generation_time,Mapping Environment Component 合成時間,3,ms,,2026-07-23,time.time.md_5b9b5e3aed50345f,入力準備: 更新コントローラ定義の構築,時間,時間,,,,,時間
workflow__r2__rep01__direct_full,workflow__r2__rep01,8,workflow,,,,r2,UPDATE_CONTROLLER_OTF_FG_R2,direct_full,same_problem_comparator,1,0,SUCCESS,True,21,Revised OTF-DUCS,SUCCESS,realizable,unverified,false,,メモリ使用量チェックポイント,auto_88189484_current_heap,Mapping Environment Component 生成後 / 現在ヒープ,13280616,B,,2026-07-23,memory.b.md_1d5fd5a69a5447ab,メモリ使用量,B,メモリ,,,,,B
workflow__r2__rep01__direct_full,workflow__r2__rep01,8,workflow,,,,r2,UPDATE_CONTROLLER_OTF_FG_R2,direct_full,same_problem_comparator,1,0,SUCCESS,True,22,Revised OTF-DUCS,SUCCESS,realizable,unverified,false,,メモリ使用量チェックポイント,auto_88189484_peak_heap,Mapping Environment Component 生成後 / ピークヒープ,26540448,B,,2026-07-23,memory.b.md_f23dc06b77761646,メモリ使用量,B,メモリ,,,,,B
workflow__r2__rep01__direct_full,workflow__r2__rep01,8,workflow,,,,r2,UPDATE_CONTROLLER_OTF_FG_R2,direct_full,same_problem_comparator,1,0,SUCCESS,True,23,Revised OTF-DUCS,SUCCESS,realizable,unverified,false,,メモリ使用量チェックポイント,auto_88189484_delta_from_start,Mapping Environment Component 生成後 / 開始時からの増減,6587640,B,,2026-07-23,memory.b.md_bd63007e82140f49,メモリ使用量,B,メモリ,,,,,B
workflow__r2__rep01__direct_full,workflow__r2__rep01,8,workflow,,,,r2,UPDATE_CONTROLLER_OTF_FG_R2,direct_full,same_problem_comparator,1,0,SUCCESS,True,24,Revised OTF-DUCS,SUCCESS,realizable,unverified,false,,メモリ使用量チェックポイント,auto_88189484_delta_from_previous,Mapping Environment Component 生成後 / 直前からの増減,0,B,,2026-07-23,memory.b.md_978e1477778158db,メモリ使用量,B,メモリ,,,,,B
workflow__r2__rep01__direct_full,workflow__r2__rep01,8,workflow,,,,r2,UPDATE_CONTROLLER_OTF_FG_R2,direct_full,same_problem_comparator,1,0,SUCCESS,True,25,Revised OTF-DUCS,SUCCESS,realizable,unverified,false,,入力規模 / 事前合成,new_controller_states,New Controller / States,18,states,,2026-07-23,states.states.md_6a2484ea78256c92,入力規模: 事前合成されたコントローラ,新コントローラ / 状態数,状態数,新コントローラ,,,,状態数
workflow__r2__rep01__direct_full,workflow__r2__rep01,8,workflow,,,,r2,UPDATE_CONTROLLER_OTF_FG_R2,direct_full,same_problem_comparator,1,0,SUCCESS,True,26,Revised OTF-DUCS,SUCCESS,realizable,unverified,false,,入力規模 / 事前合成,new_controller_transitions,New Controller / Transitions,23,transitions,,2026-07-23,transitions.transitions.md_3f8699aa38dfd104,入力規模: 事前合成されたコントローラ,新コントローラ / 遷移数,遷移数,新コントローラ,,,,遷移数
workflow__r2__rep01__direct_full,workflow__r2__rep01,8,workflow,,,,r2,UPDATE_CONTROLLER_OTF_FG_R2,direct_full,same_problem_comparator,1,0,SUCCESS,True,27,Revised OTF-DUCS,SUCCESS,realizable,unverified,false,,入力規模 / 事前合成,new_controller_count_time,New Controller / CountTime,0,ms,,2026-07-23,time.count_time.md_d17675f3fb7eceb5,入力規模: 事前合成されたコントローラ,新コントローラ / 評価用カウント時間,時間,新コントローラ,,,,評価用カウント時間
workflow__r2__rep01__direct_full,workflow__r2__rep01,8,workflow,,,,r2,UPDATE_CONTROLLER_OTF_FG_R2,direct_full,same_problem_comparator,1,0,SUCCESS,True,28,Revised OTF-DUCS,SUCCESS,realizable,unverified,false,,UpdatingControllersDefinition,new_controller_synthesis_time,New Controller 合成時間,87,ms,,2026-07-23,time.time.md_92c3dad3e9fa5116,入力準備: 更新コントローラ定義の構築,新コントローラ / 時間,時間,新コントローラ,,,,時間
workflow__r2__rep01__direct_full,workflow__r2__rep01,8,workflow,,,,r2,UPDATE_CONTROLLER_OTF_FG_R2,direct_full,same_problem_comparator,1,0,SUCCESS,True,29,Revised OTF-DUCS,SUCCESS,realizable,unverified,false,,メモリ使用量チェックポイント,auto_a3c2f55_current_heap,New Controller 合成後 / 現在ヒープ,15164264,B,,2026-07-23,memory.b.md_a7cfbdf2bdbb2707,メモリ使用量,新コントローラ / B,メモリ,新コントローラ,,,,B
workflow__r2__rep01__direct_full,workflow__r2__rep01,8,workflow,,,,r2,UPDATE_CONTROLLER_OTF_FG_R2,direct_full,same_problem_comparator,1,0,SUCCESS,True,30,Revised OTF-DUCS,SUCCESS,realizable,unverified,false,,メモリ使用量チェックポイント,auto_a3c2f55_peak_heap,New Controller 合成後 / ピークヒープ,28424096,B,,2026-07-23,memory.b.md_68c3513e460e25ea,メモリ使用量,新コントローラ / B,メモリ,新コントローラ,,,,B
workflow__r2__rep01__direct_full,workflow__r2__rep01,8,workflow,,,,r2,UPDATE_CONTROLLER_OTF_FG_R2,direct_full,same_problem_comparator,1,0,SUCCESS,True,31,Revised OTF-DUCS,SUCCESS,realizable,unverified,false,,メモリ使用量チェックポイント,auto_a3c2f55_delta_from_start,New Controller 合成後 / 開始時からの増減,8471288,B,,2026-07-23,memory.b.md_76d44a57e2e32d9c,メモリ使用量,新コントローラ / B,メモリ,新コントローラ,,,,B
workflow__r2__rep01__direct_full,workflow__r2__rep01,8,workflow,,,,r2,UPDATE_CONTROLLER_OTF_FG_R2,direct_full,same_problem_comparator,1,0,SUCCESS,True,32,Revised OTF-DUCS,SUCCESS,realizable,unverified,false,,メモリ使用量チェックポイント,auto_a3c2f55_delta_from_previous,New Controller 合成後 / 直前からの増減,1883648,B,,2026-07-23,memory.b.md_3857784990ba71e7,メモリ使用量,新コントローラ / B,メモリ,新コントローラ,,,,B
workflow__r2__rep01__direct_full,workflow__r2__rep01,8,workflow,,,,r2,UPDATE_CONTROLLER_OTF_FG_R2,direct_full,same_problem_comparator,1,0,SUCCESS,True,33,Revised OTF-DUCS,SUCCESS,realizable,unverified,false,,UpdatingControllersDefinition,auto_3b032819,Old Safety の tester 変換時間,1,ms,,2026-07-23,time.time.md_0f54dfc9a0b0934a,入力準備: 更新コントローラ定義の構築,時間,時間,,,,,時間
workflow__r2__rep01__direct_full,workflow__r2__rep01,8,workflow,,,,r2,UPDATE_CONTROLLER_OTF_FG_R2,direct_full,same_problem_comparator,1,0,SUCCESS,True,34,Revised OTF-DUCS,SUCCESS,realizable,unverified,false,,UpdatingControllersDefinition,auto_33934240,New Safety の tester 変換時間,0,ms,,2026-07-23,time.time.md_e7576ce5c588620d,入力準備: 更新コントローラ定義の構築,時間,時間,,,,,時間
workflow__r2__rep01__direct_full,workflow__r2__rep01,8,workflow,,,,r2,UPDATE_CONTROLLER_OTF_FG_R2,direct_full,same_problem_comparator,1,0,SUCCESS,True,35,Revised OTF-DUCS,SUCCESS,realizable,unverified,false,,UpdatingControllersDefinition,auto_a60cfe26,Transition Requirement の tester 変換時間,204,ms,,2026-07-23,time.time.md_96bd6ce3123e88af,入力準備: 更新コントローラ定義の構築,時間,時間,,,,,時間
workflow__r2__rep01__direct_full,workflow__r2__rep01,8,workflow,,,,r2,UPDATE_CONTROLLER_OTF_FG_R2,direct_full,same_problem_comparator,1,0,SUCCESS,True,36,Revised OTF-DUCS,SUCCESS,realizable,unverified,false,,UpdatingControllersDefinition,safety_tester_conversion_total_time,Safety の tester 変換全体時間,205,ms,,2026-07-23,time.time.md_04a91c316c90a6da,入力準備: 更新コントローラ定義の構築,時間,時間,,,,,時間
workflow__r2__rep01__direct_full,workflow__r2__rep01,8,workflow,,,,r2,UPDATE_CONTROLLER_OTF_FG_R2,direct_full,same_problem_comparator,1,0,SUCCESS,True,37,Revised OTF-DUCS,SUCCESS,realizable,unverified,false,,UpdatingControllersDefinition,new_safety_fluent_extraction_time,New Safety から Fluent を抽出する時間,12,ms,,2026-07-23,time.time.md_569b3fe40f7e15ac,入力準備: 更新コントローラ定義の構築,時間,時間,,,,,時間
workflow__r2__rep01__direct_full,workflow__r2__rep01,8,workflow,,,,r2,UPDATE_CONTROLLER_OTF_FG_R2,direct_full,same_problem_comparator,1,0,SUCCESS,True,38,Revised OTF-DUCS,SUCCESS,realizable,unverified,false,,入力規模,otf_new_safety_fluents,OTF-DUC new safety fluent 数（重複排除後）,14,個,,2026-07-23,metric.value.md_801e349f57842f18,入力規模,個,その他,,,,,個
workflow__r2__rep01__direct_full,workflow__r2__rep01,8,workflow,,,,r2,UPDATE_CONTROLLER_OTF_FG_R2,direct_full,same_problem_comparator,1,0,SUCCESS,True,39,Revised OTF-DUCS,SUCCESS,realizable,unverified,false,,メモリ使用量チェックポイント,auto_c3e56a04_current_heap,New Safety Fluent 抽出後 / 現在ヒープ,15697880,B,,2026-07-23,memory.b.md_8b62ab3a23adc51c,メモリ使用量,B,メモリ,,,,,B
workflow__r2__rep01__direct_full,workflow__r2__rep01,8,workflow,,,,r2,UPDATE_CONTROLLER_OTF_FG_R2,direct_full,same_problem_comparator,1,0,SUCCESS,True,40,Revised OTF-DUCS,SUCCESS,realizable,unverified,false,,メモリ使用量チェックポイント,auto_c3e56a04_peak_heap,New Safety Fluent 抽出後 / ピークヒープ,28957712,B,,2026-07-23,memory.b.md_95c50f68e879ee56,メモリ使用量,B,メモリ,,,,,B
workflow__r2__rep01__direct_full,workflow__r2__rep01,8,workflow,,,,r2,UPDATE_CONTROLLER_OTF_FG_R2,direct_full,same_problem_comparator,1,0,SUCCESS,True,41,Revised OTF-DUCS,SUCCESS,realizable,unverified,false,,メモリ使用量チェックポイント,auto_c3e56a04_delta_from_start,New Safety Fluent 抽出後 / 開始時からの増減,9004904,B,,2026-07-23,memory.b.md_ece12149df47ed5c,メモリ使用量,B,メモリ,,,,,B
workflow__r2__rep01__direct_full,workflow__r2__rep01,8,workflow,,,,r2,UPDATE_CONTROLLER_OTF_FG_R2,direct_full,same_problem_comparator,1,0,SUCCESS,True,42,Revised OTF-DUCS,SUCCESS,realizable,unverified,false,,メモリ使用量チェックポイント,auto_c3e56a04_delta_from_previous,New Safety Fluent 抽出後 / 直前からの増減,533616,B,,2026-07-23,memory.b.md_dd64e6181f146c96,メモリ使用量,B,メモリ,,,,,B
workflow__r2__rep01__direct_full,workflow__r2__rep01,8,workflow,,,,r2,UPDATE_CONTROLLER_OTF_FG_R2,direct_full,same_problem_comparator,1,0,SUCCESS,True,43,Revised OTF-DUCS,SUCCESS,realizable,unverified,false,,UpdatingControllersDefinition,definition_prepare_total_time,compose の全体実行時間,589,ms,,2026-07-23,time.time.md_0722ee85dfddec93,入力準備: 更新コントローラ定義の構築,時間,時間,,,,,時間
workflow__r2__rep01__direct_full,workflow__r2__rep01,8,workflow,,,,r2,UPDATE_CONTROLLER_OTF_FG_R2,direct_full,same_problem_comparator,1,0,SUCCESS,True,44,Revised OTF-DUCS,SUCCESS,realizable,unverified,false,,入力規模,input_old_env_components,old env component 数,5,個,,2026-07-23,metric.value.md_81ddce3018ec18c3,入力規模,個,その他,,,,,個
workflow__r2__rep01__direct_full,workflow__r2__rep01,8,workflow,,,,r2,UPDATE_CONTROLLER_OTF_FG_R2,direct_full,same_problem_comparator,1,0,SUCCESS,True,45,Revised OTF-DUCS,SUCCESS,realizable,unverified,false,,入力規模,input_new_env_components,new env component 数,5,個,,2026-07-23,metric.value.md_9d3edb6c1e274d15,入力規模,個,その他,,,,,個
workflow__r2__rep01__direct_full,workflow__r2__rep01,8,workflow,,,,r2,UPDATE_CONTROLLER_OTF_FG_R2,direct_full,same_problem_comparator,1,0,SUCCESS,True,46,Revised OTF-DUCS,SUCCESS,realizable,unverified,false,,入力規模,input_map_relations,map relation 数,5,個,,2026-07-23,metric.value.md_b62fe282481c055b,入力規模,個,その他,,,,,個
workflow__r2__rep01__direct_full,workflow__r2__rep01,8,workflow,,,,r2,UPDATE_CONTROLLER_OTF_FG_R2,direct_full,same_problem_comparator,1,0,SUCCESS,True,47,Revised OTF-DUCS,SUCCESS,realizable,unverified,false,,入力規模,input_mapping_components,mapping component 数,5,個,,2026-07-23,metric.value.md_a9196d7ad9000b90,入力規模,個,その他,,,,,個
workflow__r2__rep01__direct_full,workflow__r2__rep01,8,workflow,,,,r2,UPDATE_CONTROLLER_OTF_FG_R2,direct_full,same_problem_comparator,1,0,SUCCESS,True,48,Revised OTF-DUCS,SUCCESS,realizable,unverified,false,,入力規模 / Old Environment Component,input_old_env_component_0_states,Old Environment Component[0] ENTRY_OLD / States,4,states,,2026-07-23,states.states.md_5569326d37521b89,入力規模 / Old Environment Component,状態数,状態数,,,,,状態数
workflow__r2__rep01__direct_full,workflow__r2__rep01,8,workflow,,,,r2,UPDATE_CONTROLLER_OTF_FG_R2,direct_full,same_problem_comparator,1,0,SUCCESS,True,49,Revised OTF-DUCS,SUCCESS,realizable,unverified,false,,入力規模 / Old Environment Component,input_old_env_component_0_transitions,Old Environment Component[0] ENTRY_OLD / Transitions,15,transitions,,2026-07-23,transitions.transitions.md_2ed8259e77eff31b,入力規模 / Old Environment Component,遷移数,遷移数,,,,,遷移数
workflow__r2__rep01__direct_full,workflow__r2__rep01,8,workflow,,,,r2,UPDATE_CONTROLLER_OTF_FG_R2,direct_full,same_problem_comparator,1,0,SUCCESS,True,50,Revised OTF-DUCS,SUCCESS,realizable,unverified,false,,入力規模 / Old Environment Component,input_old_env_component_0_count_time,Old Environment Component[0] ENTRY_OLD / CountTime,0,ms,,2026-07-23,time.count_time.md_88365b860bdcb216,入力規模 / Old Environment Component,評価用カウント時間,時間,,,,,評価用カウント時間
workflow__r2__rep01__direct_full,workflow__r2__rep01,8,workflow,,,,r2,UPDATE_CONTROLLER_OTF_FG_R2,direct_full,same_problem_comparator,1,0,SUCCESS,True,51,Revised OTF-DUCS,SUCCESS,realizable,unverified,false,,入力規模 / Old Environment Component,input_old_env_component_1_states,Old Environment Component[1] INVENTORY_OLD / States,2,states,,2026-07-23,states.states.md_a3d83b4f66f786f3,入力規模 / Old Environment Component,状態数,状態数,,,,,状態数
workflow__r2__rep01__direct_full,workflow__r2__rep01,8,workflow,,,,r2,UPDATE_CONTROLLER_OTF_FG_R2,direct_full,same_problem_comparator,1,0,SUCCESS,True,52,Revised OTF-DUCS,SUCCESS,realizable,unverified,false,,入力規模 / Old Environment Component,input_old_env_component_1_transitions,Old Environment Component[1] INVENTORY_OLD / Transitions,2,transitions,,2026-07-23,transitions.transitions.md_1d947b86b931bc5c,入力規模 / Old Environment Component,遷移数,遷移数,,,,,遷移数
workflow__r2__rep01__direct_full,workflow__r2__rep01,8,workflow,,,,r2,UPDATE_CONTROLLER_OTF_FG_R2,direct_full,same_problem_comparator,1,0,SUCCESS,True,53,Revised OTF-DUCS,SUCCESS,realizable,unverified,false,,入力規模 / Old Environment Component,input_old_env_component_1_count_time,Old Environment Component[1] INVENTORY_OLD / CountTime,0,ms,,2026-07-23,time.count_time.md_0f31065541108121,入力規模 / Old Environment Component,評価用カウント時間,時間,,,,,評価用カウント時間
workflow__r2__rep01__direct_full,workflow__r2__rep01,8,workflow,,,,r2,UPDATE_CONTROLLER_OTF_FG_R2,direct_full,same_problem_comparator,1,0,SUCCESS,True,54,Revised OTF-DUCS,SUCCESS,realizable,unverified,false,,入力規模 / Old Environment Component,input_old_env_component_2_states,Old Environment Component[2] CREDIT_OLD / States,2,states,,2026-07-23,states.states.md_916d895be542709c,入力規模 / Old Environment Component,状態数,状態数,,,,,状態数
workflow__r2__rep01__direct_full,workflow__r2__rep01,8,workflow,,,,r2,UPDATE_CONTROLLER_OTF_FG_R2,direct_full,same_problem_comparator,1,0,SUCCESS,True,55,Revised OTF-DUCS,SUCCESS,realizable,unverified,false,,入力規模 / Old Environment Component,input_old_env_component_2_transitions,Old Environment Component[2] CREDIT_OLD / Transitions,2,transitions,,2026-07-23,transitions.transitions.md_8edb201c6d570f5c,入力規模 / Old Environment Component,遷移数,遷移数,,,,,遷移数
workflow__r2__rep01__direct_full,workflow__r2__rep01,8,workflow,,,,r2,UPDATE_CONTROLLER_OTF_FG_R2,direct_full,same_problem_comparator,1,0,SUCCESS,True,56,Revised OTF-DUCS,SUCCESS,realizable,unverified,false,,入力規模 / Old Environment Component,input_old_env_component_2_count_time,Old Environment Component[2] CREDIT_OLD / CountTime,0,ms,,2026-07-23,time.count_time.md_b56e16272a9aa2b2,入力規模 / Old Environment Component,評価用カウント時間,時間,,,,,評価用カウント時間
workflow__r2__rep01__direct_full,workflow__r2__rep01,8,workflow,,,,r2,UPDATE_CONTROLLER_OTF_FG_R2,direct_full,same_problem_comparator,1,0,SUCCESS,True,57,Revised OTF-DUCS,SUCCESS,realizable,unverified,false,,入力規模 / Old Environment Component,input_old_env_component_3_states,Old Environment Component[3] SHIPPING_OLD / States,2,states,,2026-07-23,states.states.md_423ffa5153e000b3,入力規模 / Old Environment Component,状態数,状態数,,,,,状態数
workflow__r2__rep01__direct_full,workflow__r2__rep01,8,workflow,,,,r2,UPDATE_CONTROLLER_OTF_FG_R2,direct_full,same_problem_comparator,1,0,SUCCESS,True,58,Revised OTF-DUCS,SUCCESS,realizable,unverified,false,,入力規模 / Old Environment Component,input_old_env_component_3_transitions,Old Environment Component[3] SHIPPING_OLD / Transitions,2,transitions,,2026-07-23,transitions.transitions.md_12d1f43fb6a7a6d7,入力規模 / Old Environment Component,遷移数,遷移数,,,,,遷移数
workflow__r2__rep01__direct_full,workflow__r2__rep01,8,workflow,,,,r2,UPDATE_CONTROLLER_OTF_FG_R2,direct_full,same_problem_comparator,1,0,SUCCESS,True,59,Revised OTF-DUCS,SUCCESS,realizable,unverified,false,,入力規模 / Old Environment Component,input_old_env_component_3_count_time,Old Environment Component[3] SHIPPING_OLD / CountTime,0,ms,,2026-07-23,time.count_time.md_1511ac1740e803c9,入力規模 / Old Environment Component,評価用カウント時間,時間,,,,,評価用カウント時間
workflow__r2__rep01__direct_full,workflow__r2__rep01,8,workflow,,,,r2,UPDATE_CONTROLLER_OTF_FG_R2,direct_full,same_problem_comparator,1,0,SUCCESS,True,60,Revised OTF-DUCS,SUCCESS,realizable,unverified,false,,入力規模 / Old Environment Component,input_old_env_component_4_states,Old Environment Component[4] BILLING_OLD / States,2,states,,2026-07-23,states.states.md_93ae4f5835d94d36,入力規模 / Old Environment Component,状態数,状態数,,,,,状態数
workflow__r2__rep01__direct_full,workflow__r2__rep01,8,workflow,,,,r2,UPDATE_CONTROLLER_OTF_FG_R2,direct_full,same_problem_comparator,1,0,SUCCESS,True,61,Revised OTF-DUCS,SUCCESS,realizable,unverified,false,,入力規模 / Old Environment Component,input_old_env_component_4_transitions,Old Environment Component[4] BILLING_OLD / Transitions,2,transitions,,2026-07-23,transitions.transitions.md_7c61fd2c0b295957,入力規模 / Old Environment Component,遷移数,遷移数,,,,,遷移数
workflow__r2__rep01__direct_full,workflow__r2__rep01,8,workflow,,,,r2,UPDATE_CONTROLLER_OTF_FG_R2,direct_full,same_problem_comparator,1,0,SUCCESS,True,62,Revised OTF-DUCS,SUCCESS,realizable,unverified,false,,入力規模 / Old Environment Component,input_old_env_component_4_count_time,Old Environment Component[4] BILLING_OLD / CountTime,0,ms,,2026-07-23,time.count_time.md_68327329e3b18699,入力規模 / Old Environment Component,評価用カウント時間,時間,,,,,評価用カウント時間
workflow__r2__rep01__direct_full,workflow__r2__rep01,8,workflow,,,,r2,UPDATE_CONTROLLER_OTF_FG_R2,direct_full,same_problem_comparator,1,0,SUCCESS,True,63,Revised OTF-DUCS,SUCCESS,realizable,unverified,false,,入力規模 / New Environment Component,input_new_env_component_0_states,New Environment Component[0] ENTRY_NEW / States,4,states,,2026-07-23,states.states.md_2abcc65bb6a6437d,入力規模 / New Environment Component,状態数,状態数,,,,,状態数
workflow__r2__rep01__direct_full,workflow__r2__rep01,8,workflow,,,,r2,UPDATE_CONTROLLER_OTF_FG_R2,direct_full,same_problem_comparator,1,0,SUCCESS,True,64,Revised OTF-DUCS,SUCCESS,realizable,unverified,false,,入力規模 / New Environment Component,input_new_env_component_0_transitions,New Environment Component[0] ENTRY_NEW / Transitions,15,transitions,,2026-07-23,transitions.transitions.md_9e37dd11cc398ea0,入力規模 / New Environment Component,遷移数,遷移数,,,,,遷移数
workflow__r2__rep01__direct_full,workflow__r2__rep01,8,workflow,,,,r2,UPDATE_CONTROLLER_OTF_FG_R2,direct_full,same_problem_comparator,1,0,SUCCESS,True,65,Revised OTF-DUCS,SUCCESS,realizable,unverified,false,,入力規模 / New Environment Component,input_new_env_component_0_count_time,New Environment Component[0] ENTRY_NEW / CountTime,0,ms,,2026-07-23,time.count_time.md_c96b447ef460acfb,入力規模 / New Environment Component,評価用カウント時間,時間,,,,,評価用カウント時間
workflow__r2__rep01__direct_full,workflow__r2__rep01,8,workflow,,,,r2,UPDATE_CONTROLLER_OTF_FG_R2,direct_full,same_problem_comparator,1,0,SUCCESS,True,66,Revised OTF-DUCS,SUCCESS,realizable,unverified,false,,入力規模 / New Environment Component,input_new_env_component_1_states,New Environment Component[1] INVENTORY_NEW / States,2,states,,2026-07-23,states.states.md_0aae8504ef575b18,入力規模 / New Environment Component,状態数,状態数,,,,,状態数
workflow__r2__rep01__direct_full,workflow__r2__rep01,8,workflow,,,,r2,UPDATE_CONTROLLER_OTF_FG_R2,direct_full,same_problem_comparator,1,0,SUCCESS,True,67,Revised OTF-DUCS,SUCCESS,realizable,unverified,false,,入力規模 / New Environment Component,input_new_env_component_1_transitions,New Environment Component[1] INVENTORY_NEW / Transitions,2,transitions,,2026-07-23,transitions.transitions.md_e505ceb1da5554f1,入力規模 / New Environment Component,遷移数,遷移数,,,,,遷移数
workflow__r2__rep01__direct_full,workflow__r2__rep01,8,workflow,,,,r2,UPDATE_CONTROLLER_OTF_FG_R2,direct_full,same_problem_comparator,1,0,SUCCESS,True,68,Revised OTF-DUCS,SUCCESS,realizable,unverified,false,,入力規模 / New Environment Component,input_new_env_component_1_count_time,New Environment Component[1] INVENTORY_NEW / CountTime,0,ms,,2026-07-23,time.count_time.md_35ff657416dd348b,入力規模 / New Environment Component,評価用カウント時間,時間,,,,,評価用カウント時間
workflow__r2__rep01__direct_full,workflow__r2__rep01,8,workflow,,,,r2,UPDATE_CONTROLLER_OTF_FG_R2,direct_full,same_problem_comparator,1,0,SUCCESS,True,69,Revised OTF-DUCS,SUCCESS,realizable,unverified,false,,入力規模 / New Environment Component,input_new_env_component_2_states,New Environment Component[2] CREDIT_NEW / States,2,states,,2026-07-23,states.states.md_547f601bd095752d,入力規模 / New Environment Component,状態数,状態数,,,,,状態数
workflow__r2__rep01__direct_full,workflow__r2__rep01,8,workflow,,,,r2,UPDATE_CONTROLLER_OTF_FG_R2,direct_full,same_problem_comparator,1,0,SUCCESS,True,70,Revised OTF-DUCS,SUCCESS,realizable,unverified,false,,入力規模 / New Environment Component,input_new_env_component_2_transitions,New Environment Component[2] CREDIT_NEW / Transitions,2,transitions,,2026-07-23,transitions.transitions.md_a00ef313d3ef2eaf,入力規模 / New Environment Component,遷移数,遷移数,,,,,遷移数
workflow__r2__rep01__direct_full,workflow__r2__rep01,8,workflow,,,,r2,UPDATE_CONTROLLER_OTF_FG_R2,direct_full,same_problem_comparator,1,0,SUCCESS,True,71,Revised OTF-DUCS,SUCCESS,realizable,unverified,false,,入力規模 / New Environment Component,input_new_env_component_2_count_time,New Environment Component[2] CREDIT_NEW / CountTime,0,ms,,2026-07-23,time.count_time.md_4413e86836d87cf3,入力規模 / New Environment Component,評価用カウント時間,時間,,,,,評価用カウント時間
workflow__r2__rep01__direct_full,workflow__r2__rep01,8,workflow,,,,r2,UPDATE_CONTROLLER_OTF_FG_R2,direct_full,same_problem_comparator,1,0,SUCCESS,True,72,Revised OTF-DUCS,SUCCESS,realizable,unverified,false,,入力規模 / New Environment Component,input_new_env_component_3_states,New Environment Component[3] SHIPPING_NEW / States,2,states,,2026-07-23,states.states.md_14100782e6eca2b9,入力規模 / New Environment Component,状態数,状態数,,,,,状態数
workflow__r2__rep01__direct_full,workflow__r2__rep01,8,workflow,,,,r2,UPDATE_CONTROLLER_OTF_FG_R2,direct_full,same_problem_comparator,1,0,SUCCESS,True,73,Revised OTF-DUCS,SUCCESS,realizable,unverified,false,,入力規模 / New Environment Component,input_new_env_component_3_transitions,New Environment Component[3] SHIPPING_NEW / Transitions,2,transitions,,2026-07-23,transitions.transitions.md_d62fa304102ecfd7,入力規模 / New Environment Component,遷移数,遷移数,,,,,遷移数
workflow__r2__rep01__direct_full,workflow__r2__rep01,8,workflow,,,,r2,UPDATE_CONTROLLER_OTF_FG_R2,direct_full,same_problem_comparator,1,0,SUCCESS,True,74,Revised OTF-DUCS,SUCCESS,realizable,unverified,false,,入力規模 / New Environment Component,input_new_env_component_3_count_time,New Environment Component[3] SHIPPING_NEW / CountTime,0,ms,,2026-07-23,time.count_time.md_b96ef6aa1ec71381,入力規模 / New Environment Component,評価用カウント時間,時間,,,,,評価用カウント時間
workflow__r2__rep01__direct_full,workflow__r2__rep01,8,workflow,,,,r2,UPDATE_CONTROLLER_OTF_FG_R2,direct_full,same_problem_comparator,1,0,SUCCESS,True,75,Revised OTF-DUCS,SUCCESS,realizable,unverified,false,,入力規模 / New Environment Component,input_new_env_component_4_states,New Environment Component[4] BILLING_NEW / States,2,states,,2026-07-23,states.states.md_c93df25e10ccb2cd,入力規模 / New Environment Component,状態数,状態数,,,,,状態数
workflow__r2__rep01__direct_full,workflow__r2__rep01,8,workflow,,,,r2,UPDATE_CONTROLLER_OTF_FG_R2,direct_full,same_problem_comparator,1,0,SUCCESS,True,76,Revised OTF-DUCS,SUCCESS,realizable,unverified,false,,入力規模 / New Environment Component,input_new_env_component_4_transitions,New Environment Component[4] BILLING_NEW / Transitions,2,transitions,,2026-07-23,transitions.transitions.md_a4242c812a715a48,入力規模 / New Environment Component,遷移数,遷移数,,,,,遷移数
workflow__r2__rep01__direct_full,workflow__r2__rep01,8,workflow,,,,r2,UPDATE_CONTROLLER_OTF_FG_R2,direct_full,same_problem_comparator,1,0,SUCCESS,True,77,Revised OTF-DUCS,SUCCESS,realizable,unverified,false,,入力規模 / New Environment Component,input_new_env_component_4_count_time,New Environment Component[4] BILLING_NEW / CountTime,0,ms,,2026-07-23,time.count_time.md_27973cff155c5950,入力規模 / New Environment Component,評価用カウント時間,時間,,,,,評価用カウント時間
workflow__r2__rep01__direct_full,workflow__r2__rep01,8,workflow,,,,r2,UPDATE_CONTROLLER_OTF_FG_R2,direct_full,same_problem_comparator,1,0,SUCCESS,True,78,Revised OTF-DUCS,SUCCESS,realizable,unverified,false,,入力規模 / Mapping Environment Component,input_mapping_component_0_states,Mapping Environment Component[0] MAP_ENTRY_OLD_ENTRY_NEW / States,8,states,,2026-07-23,states.states.md_8438e5c342f04179,入力規模 / Mapping Environment Component,状態数,状態数,,,,,状態数
workflow__r2__rep01__direct_full,workflow__r2__rep01,8,workflow,,,,r2,UPDATE_CONTROLLER_OTF_FG_R2,direct_full,same_problem_comparator,1,0,SUCCESS,True,79,Revised OTF-DUCS,SUCCESS,realizable,unverified,false,,入力規模 / Mapping Environment Component,input_mapping_component_0_transitions,Mapping Environment Component[0] MAP_ENTRY_OLD_ENTRY_NEW / Transitions,34,transitions,,2026-07-23,transitions.transitions.md_a92f8c4767cc3002,入力規模 / Mapping Environment Component,遷移数,遷移数,,,,,遷移数
workflow__r2__rep01__direct_full,workflow__r2__rep01,8,workflow,,,,r2,UPDATE_CONTROLLER_OTF_FG_R2,direct_full,same_problem_comparator,1,0,SUCCESS,True,80,Revised OTF-DUCS,SUCCESS,realizable,unverified,false,,入力規模 / Mapping Environment Component,input_mapping_component_0_count_time,Mapping Environment Component[0] MAP_ENTRY_OLD_ENTRY_NEW / CountTime,0,ms,,2026-07-23,time.count_time.md_6dccd1eded7fcc1d,入力規模 / Mapping Environment Component,評価用カウント時間,時間,,,,,評価用カウント時間
workflow__r2__rep01__direct_full,workflow__r2__rep01,8,workflow,,,,r2,UPDATE_CONTROLLER_OTF_FG_R2,direct_full,same_problem_comparator,1,0,SUCCESS,True,81,Revised OTF-DUCS,SUCCESS,realizable,unverified,false,,入力規模 / Mapping Environment Component,input_mapping_component_1_states,Mapping Environment Component[1] MAP_INVENTORY_OLD_INVENTORY_NEW / States,4,states,,2026-07-23,states.states.md_9e0e9c8607ebabb4,入力規模 / Mapping Environment Component,状態数,状態数,,,,,状態数
workflow__r2__rep01__direct_full,workflow__r2__rep01,8,workflow,,,,r2,UPDATE_CONTROLLER_OTF_FG_R2,direct_full,same_problem_comparator,1,0,SUCCESS,True,82,Revised OTF-DUCS,SUCCESS,realizable,unverified,false,,入力規模 / Mapping Environment Component,input_mapping_component_1_transitions,Mapping Environment Component[1] MAP_INVENTORY_OLD_INVENTORY_NEW / Transitions,6,transitions,,2026-07-23,transitions.transitions.md_7e2ac1f6d463672d,入力規模 / Mapping Environment Component,遷移数,遷移数,,,,,遷移数
workflow__r2__rep01__direct_full,workflow__r2__rep01,8,workflow,,,,r2,UPDATE_CONTROLLER_OTF_FG_R2,direct_full,same_problem_comparator,1,0,SUCCESS,True,83,Revised OTF-DUCS,SUCCESS,realizable,unverified,false,,入力規模 / Mapping Environment Component,input_mapping_component_1_count_time,Mapping Environment Component[1] MAP_INVENTORY_OLD_INVENTORY_NEW / CountTime,0,ms,,2026-07-23,time.count_time.md_e02985e8a9ed07d8,入力規模 / Mapping Environment Component,評価用カウント時間,時間,,,,,評価用カウント時間
workflow__r2__rep01__direct_full,workflow__r2__rep01,8,workflow,,,,r2,UPDATE_CONTROLLER_OTF_FG_R2,direct_full,same_problem_comparator,1,0,SUCCESS,True,84,Revised OTF-DUCS,SUCCESS,realizable,unverified,false,,入力規模 / Mapping Environment Component,input_mapping_component_2_states,Mapping Environment Component[2] MAP_CREDIT_OLD_CREDIT_NEW / States,4,states,,2026-07-23,states.states.md_ec8027f7a551a3b9,入力規模 / Mapping Environment Component,状態数,状態数,,,,,状態数
workflow__r2__rep01__direct_full,workflow__r2__rep01,8,workflow,,,,r2,UPDATE_CONTROLLER_OTF_FG_R2,direct_full,same_problem_comparator,1,0,SUCCESS,True,85,Revised OTF-DUCS,SUCCESS,realizable,unverified,false,,入力規模 / Mapping Environment Component,input_mapping_component_2_transitions,Mapping Environment Component[2] MAP_CREDIT_OLD_CREDIT_NEW / Transitions,6,transitions,,2026-07-23,transitions.transitions.md_e7bbd6f1f6c3bff7,入力規模 / Mapping Environment Component,遷移数,遷移数,,,,,遷移数
workflow__r2__rep01__direct_full,workflow__r2__rep01,8,workflow,,,,r2,UPDATE_CONTROLLER_OTF_FG_R2,direct_full,same_problem_comparator,1,0,SUCCESS,True,86,Revised OTF-DUCS,SUCCESS,realizable,unverified,false,,入力規模 / Mapping Environment Component,input_mapping_component_2_count_time,Mapping Environment Component[2] MAP_CREDIT_OLD_CREDIT_NEW / CountTime,0,ms,,2026-07-23,time.count_time.md_c6c1743f571b2113,入力規模 / Mapping Environment Component,評価用カウント時間,時間,,,,,評価用カウント時間
workflow__r2__rep01__direct_full,workflow__r2__rep01,8,workflow,,,,r2,UPDATE_CONTROLLER_OTF_FG_R2,direct_full,same_problem_comparator,1,0,SUCCESS,True,87,Revised OTF-DUCS,SUCCESS,realizable,unverified,false,,入力規模 / Mapping Environment Component,input_mapping_component_3_states,Mapping Environment Component[3] MAP_SHIPPING_OLD_SHIPPING_NEW / States,4,states,,2026-07-23,states.states.md_3d0f9b7835dba42c,入力規模 / Mapping Environment Component,状態数,状態数,,,,,状態数
workflow__r2__rep01__direct_full,workflow__r2__rep01,8,workflow,,,,r2,UPDATE_CONTROLLER_OTF_FG_R2,direct_full,same_problem_comparator,1,0,SUCCESS,True,88,Revised OTF-DUCS,SUCCESS,realizable,unverified,false,,入力規模 / Mapping Environment Component,input_mapping_component_3_transitions,Mapping Environment Component[3] MAP_SHIPPING_OLD_SHIPPING_NEW / Transitions,6,transitions,,2026-07-23,transitions.transitions.md_b2ea2ffee7419e2a,入力規模 / Mapping Environment Component,遷移数,遷移数,,,,,遷移数
workflow__r2__rep01__direct_full,workflow__r2__rep01,8,workflow,,,,r2,UPDATE_CONTROLLER_OTF_FG_R2,direct_full,same_problem_comparator,1,0,SUCCESS,True,89,Revised OTF-DUCS,SUCCESS,realizable,unverified,false,,入力規模 / Mapping Environment Component,input_mapping_component_3_count_time,Mapping Environment Component[3] MAP_SHIPPING_OLD_SHIPPING_NEW / CountTime,0,ms,,2026-07-23,time.count_time.md_2534430b9b1711f5,入力規模 / Mapping Environment Component,評価用カウント時間,時間,,,,,評価用カウント時間
workflow__r2__rep01__direct_full,workflow__r2__rep01,8,workflow,,,,r2,UPDATE_CONTROLLER_OTF_FG_R2,direct_full,same_problem_comparator,1,0,SUCCESS,True,90,Revised OTF-DUCS,SUCCESS,realizable,unverified,false,,入力規模 / Mapping Environment Component,input_mapping_component_4_states,Mapping Environment Component[4] MAP_BILLING_OLD_BILLING_NEW / States,4,states,,2026-07-23,states.states.md_0fc5fc5baa317013,入力規模 / Mapping Environment Component,状態数,状態数,,,,,状態数
workflow__r2__rep01__direct_full,workflow__r2__rep01,8,workflow,,,,r2,UPDATE_CONTROLLER_OTF_FG_R2,direct_full,same_problem_comparator,1,0,SUCCESS,True,91,Revised OTF-DUCS,SUCCESS,realizable,unverified,false,,入力規模 / Mapping Environment Component,input_mapping_component_4_transitions,Mapping Environment Component[4] MAP_BILLING_OLD_BILLING_NEW / Transitions,6,transitions,,2026-07-23,transitions.transitions.md_18c47d8791d8d635,入力規模 / Mapping Environment Component,遷移数,遷移数,,,,,遷移数
workflow__r2__rep01__direct_full,workflow__r2__rep01,8,workflow,,,,r2,UPDATE_CONTROLLER_OTF_FG_R2,direct_full,same_problem_comparator,1,0,SUCCESS,True,92,Revised OTF-DUCS,SUCCESS,realizable,unverified,false,,入力規模 / Mapping Environment Component,input_mapping_component_4_count_time,Mapping Environment Component[4] MAP_BILLING_OLD_BILLING_NEW / CountTime,0,ms,,2026-07-23,time.count_time.md_03c5abd55355009d,入力規模 / Mapping Environment Component,評価用カウント時間,時間,,,,,評価用カウント時間
workflow__r2__rep01__direct_full,workflow__r2__rep01,8,workflow,,,,r2,UPDATE_CONTROLLER_OTF_FG_R2,direct_full,same_problem_comparator,1,0,SUCCESS,True,93,Revised OTF-DUCS,SUCCESS,realizable,unverified,false,,入力規模,input_mapping_component_states_total,mapping component 状態数合計,24,states,,2026-07-23,states.states.md_ff910336634a449d,入力規模,状態数,状態数,,,,,状態数
workflow__r2__rep01__direct_full,workflow__r2__rep01,8,workflow,,,,r2,UPDATE_CONTROLLER_OTF_FG_R2,direct_full,same_problem_comparator,1,0,SUCCESS,True,94,Revised OTF-DUCS,SUCCESS,realizable,unverified,false,,入力規模,input_mapping_component_transitions_total,mapping component 遷移数合計,58,transitions,,2026-07-23,transitions.transitions.md_560d11a6213a0734,入力規模,遷移数,遷移数,,,,,遷移数
workflow__r2__rep01__direct_full,workflow__r2__rep01,8,workflow,,,,r2,UPDATE_CONTROLLER_OTF_FG_R2,direct_full,same_problem_comparator,1,0,SUCCESS,True,95,Revised OTF-DUCS,SUCCESS,realizable,unverified,false,,入力規模,input_mapping_component_states_max,mapping component 最大状態数,8,states,,2026-07-23,states.states.md_1fee82a0a3a3bbaf,入力規模,状態数,状態数,,,,,状態数
workflow__r2__rep01__direct_full,workflow__r2__rep01,8,workflow,,,,r2,UPDATE_CONTROLLER_OTF_FG_R2,direct_full,same_problem_comparator,1,0,SUCCESS,True,96,Revised OTF-DUCS,SUCCESS,realizable,unverified,false,,入力規模,input_mapping_component_transitions_max,mapping component 最大遷移数,34,transitions,,2026-07-23,transitions.transitions.md_7cb4c482f6ffa3ff,入力規模,遷移数,遷移数,,,,,遷移数
workflow__r2__rep01__direct_full,workflow__r2__rep01,8,workflow,,,,r2,UPDATE_CONTROLLER_OTF_FG_R2,direct_full,same_problem_comparator,1,0,SUCCESS,True,97,Revised OTF-DUCS,SUCCESS,realizable,unverified,false,,入力規模,input_old_safety,old safety 数,5,個,,2026-07-23,metric.value.md_cb0000c7bbca63a8,入力規模,個,その他,,,,,個
workflow__r2__rep01__direct_full,workflow__r2__rep01,8,workflow,,,,r2,UPDATE_CONTROLLER_OTF_FG_R2,direct_full,same_problem_comparator,1,0,SUCCESS,True,98,Revised OTF-DUCS,SUCCESS,realizable,unverified,false,,入力規模,input_new_safety,new safety 数,6,個,,2026-07-23,metric.value.md_f3286458d5632a94,入力規模,個,その他,,,,,個
workflow__r2__rep01__direct_full,workflow__r2__rep01,8,workflow,,,,r2,UPDATE_CONTROLLER_OTF_FG_R2,direct_full,same_problem_comparator,1,0,SUCCESS,True,99,Revised OTF-DUCS,SUCCESS,realizable,unverified,false,,入力規模,input_transition_requirements,transition requirement 数,11,個,,2026-07-23,transitions.value.md_883a0a1d3a28a09e,入力規模,個,遷移数,,,,,個
workflow__r2__rep01__direct_full,workflow__r2__rep01,8,workflow,,,,r2,UPDATE_CONTROLLER_OTF_FG_R2,direct_full,same_problem_comparator,1,0,SUCCESS,True,100,Revised OTF-DUCS,SUCCESS,realizable,unverified,false,,入力規模,input_controllable_actions,controllable action 数,24,個,,2026-07-23,metric.value.md_73b39be905540c9e,入力規模,個,その他,,,,,個
workflow__r2__rep01__direct_full,workflow__r2__rep01,8,workflow,,,,r2,UPDATE_CONTROLLER_OTF_FG_R2,direct_full,same_problem_comparator,1,0,SUCCESS,True,101,Revised OTF-DUCS,SUCCESS,realizable,unverified,false,,入力規模,input_total_actions,全 action 数（controllable + uncontrollable）,50,個,,2026-07-23,metric.value.md_52380e42d2dc7d38,入力規模,個,その他,,,,,個
workflow__r2__rep01__direct_full,workflow__r2__rep01,8,workflow,,,,r2,UPDATE_CONTROLLER_OTF_FG_R2,direct_full,same_problem_comparator,1,0,SUCCESS,True,102,Revised OTF-DUCS,SUCCESS,realizable,unverified,false,,入力規模,input_uncontrollable_actions,uncontrollable action 数,26,個,,2026-07-23,metric.value.md_eacff12a3a165127,入力規模,個,その他,,,,,個
workflow__r2__rep01__direct_full,workflow__r2__rep01,8,workflow,,,,r2,UPDATE_CONTROLLER_OTF_FG_R2,direct_full,same_problem_comparator,1,0,SUCCESS,True,103,Revised OTF-DUCS,SUCCESS,realizable,unverified,false,,UpdatingControllersDefinition,input_scale_summary_time,入力規模集計時間,3,ms,,2026-07-23,time.time.md_dad7f7c531d10f97,入力準備: 更新コントローラ定義の構築,時間,時間,,,,,時間
workflow__r2__rep01__direct_full,workflow__r2__rep01,8,workflow,,,,r2,UPDATE_CONTROLLER_OTF_FG_R2,direct_full,same_problem_comparator,1,0,SUCCESS,True,104,Revised OTF-DUCS,SUCCESS,realizable,unverified,false,,メモリ使用量チェックポイント,auto_e1170e2d_current_heap,UpdatingControllersDefinition compose 後 / 現在ヒープ,15697880,B,,2026-07-23,memory.b.md_c3d229d63eb01d94,メモリ使用量,B,メモリ,,,,,B
workflow__r2__rep01__direct_full,workflow__r2__rep01,8,workflow,,,,r2,UPDATE_CONTROLLER_OTF_FG_R2,direct_full,same_problem_comparator,1,0,SUCCESS,True,105,Revised OTF-DUCS,SUCCESS,realizable,unverified,false,,メモリ使用量チェックポイント,auto_e1170e2d_peak_heap,UpdatingControllersDefinition compose 後 / ピークヒープ,28957712,B,,2026-07-23,memory.b.md_a75213ca9637c330,メモリ使用量,B,メモリ,,,,,B
workflow__r2__rep01__direct_full,workflow__r2__rep01,8,workflow,,,,r2,UPDATE_CONTROLLER_OTF_FG_R2,direct_full,same_problem_comparator,1,0,SUCCESS,True,106,Revised OTF-DUCS,SUCCESS,realizable,unverified,false,,メモリ使用量チェックポイント,auto_e1170e2d_delta_from_start,UpdatingControllersDefinition compose 後 / 開始時からの増減,9004904,B,,2026-07-23,memory.b.md_07ad1e2154c8d4ee,メモリ使用量,B,メモリ,,,,,B
workflow__r2__rep01__direct_full,workflow__r2__rep01,8,workflow,,,,r2,UPDATE_CONTROLLER_OTF_FG_R2,direct_full,same_problem_comparator,1,0,SUCCESS,True,107,Revised OTF-DUCS,SUCCESS,realizable,unverified,false,,メモリ使用量チェックポイント,auto_e1170e2d_delta_from_previous,UpdatingControllersDefinition compose 後 / 直前からの増減,0,B,,2026-07-23,memory.b.md_6bd01a42b4123dda,メモリ使用量,B,メモリ,,,,,B
workflow__r2__rep01__direct_full,workflow__r2__rep01,8,workflow,,,,r2,UPDATE_CONTROLLER_OTF_FG_R2,direct_full,same_problem_comparator,1,0,SUCCESS,True,108,Revised OTF-DUCS,SUCCESS,realizable,unverified,false,,UpdatingControllersDefinition,traditional_gr_goal_generation_time,Traditional DUC grGoal 生成時間,0,ms,,2026-07-23,time.time.md_72fd7f0ad2d20789,入力準備: 更新コントローラ定義の構築,時間,時間,,,,,時間
workflow__r2__rep01__direct_full,workflow__r2__rep01,8,workflow,,,,r2,UPDATE_CONTROLLER_OTF_FG_R2,direct_full,same_problem_comparator,1,0,SUCCESS,True,109,Revised OTF-DUCS,SUCCESS,realizable,unverified,false,,UpdatingControllersDefinition,traditional_safety_goal_generation_time,Traditional DUC safetyGoal 生成時間,0,ms,,2026-07-23,time.time.md_c395dbe6aa1fc490,入力準備: 更新コントローラ定義の構築,時間,時間,,,,,時間
workflow__r2__rep01__direct_full,workflow__r2__rep01,8,workflow,,,,r2,UPDATE_CONTROLLER_OTF_FG_R2,direct_full,same_problem_comparator,1,0,SUCCESS,True,110,Revised OTF-DUCS,SUCCESS,realizable,unverified,false,,UpdatingControllersDefinition,traditional_mapping_parallel_composition_time,Traditional DUC Mapping Environment Component 並列合成時間,0,ms,,2026-07-23,time.time.md_5604dd5be055aff2,入力準備: 更新コントローラ定義の構築,時間,時間,,,,,時間
workflow__r2__rep01__direct_full,workflow__r2__rep01,8,workflow,,,,r2,UPDATE_CONTROLLER_OTF_FG_R2,direct_full,same_problem_comparator,1,0,SUCCESS,True,111,Revised OTF-DUCS,SUCCESS,realizable,unverified,false,,Revised Identity,revised_input_target,Updating-controller target,UpdCont_OTF_FG_R2,text,,2026-07-23,metric.updating_controller_target.md_58f40ec7d7589112,Revised Identity,Updating-controller target,その他,,,,,Updating-controller target
workflow__r2__rep01__direct_full,workflow__r2__rep01,8,workflow,,,,r2,UPDATE_CONTROLLER_OTF_FG_R2,direct_full,same_problem_comparator,1,0,SUCCESS,True,112,Revised OTF-DUCS,SUCCESS,realizable,unverified,false,,Revised Identity,revised_method_id,Method ID,Direct-Full,text,,2026-07-23,metric.method_id.md_24bcf44c2cd8d46d,Revised Identity,Method ID,その他,,,,,Method ID
workflow__r2__rep01__direct_full,workflow__r2__rep01,8,workflow,,,,r2,UPDATE_CONTROLLER_OTF_FG_R2,direct_full,same_problem_comparator,1,0,SUCCESS,True,113,Revised OTF-DUCS,SUCCESS,realizable,unverified,false,,Revised Identity,revised_representation,Representation,direct_canonical_configuration,text,,2026-07-23,metric.representation.md_daacfacb0e8655b8,Revised Identity,Representation,その他,,,,,Representation
workflow__r2__rep01__direct_full,workflow__r2__rep01,8,workflow,,,,r2,UPDATE_CONTROLLER_OTF_FG_R2,direct_full,same_problem_comparator,1,0,SUCCESS,True,114,Revised OTF-DUCS,SUCCESS,realizable,unverified,false,,Revised Identity,revised_schedule,Exploration schedule,exhaustive_reachable_game_then_explicit_fixed_point,text,,2026-07-23,metric.exploration_schedule.md_06b71edf6142f4ad,Revised Identity,Exploration schedule,その他,,,,,Exploration schedule
workflow__r2__rep01__direct_full,workflow__r2__rep01,8,workflow,,,,r2,UPDATE_CONTROLLER_OTF_FG_R2,direct_full,same_problem_comparator,1,0,SUCCESS,True,115,Revised OTF-DUCS,SUCCESS,realizable,unverified,false,,Revised Identity,revised_controllable_action_order,Controllable action exploration order,endpoint_guided,text,,2026-07-23,metric.controllable_action_exploration_order.md_610ff3094a0cabbd,Revised Identity,Controllable action exploration order,その他,,,,,Controllable action exploration order
workflow__r2__rep01__direct_full,workflow__r2__rep01,8,workflow,,,,r2,UPDATE_CONTROLLER_OTF_FG_R2,direct_full,same_problem_comparator,1,0,SUCCESS,True,116,Revised OTF-DUCS,SUCCESS,realizable,unverified,false,,Revised Identity,revised_generic_baseline_hint_api_used,Generic-baseline state-dependent hint API used,not_applicable,text,,2026-07-23,states.generic_baseline_state_dependent_hint_api_used.md_d5f21673b9ba0b33,Revised Identity,Generic-baseline state-dependent hint API used,状態数,,,,,Generic-baseline state-dependent hint API used
workflow__r2__rep01__direct_full,workflow__r2__rep01,8,workflow,,,,r2,UPDATE_CONTROLLER_OTF_FG_R2,direct_full,same_problem_comparator,1,0,SUCCESS,True,117,Revised OTF-DUCS,SUCCESS,realizable,unverified,false,,Revised Identity,revised_implementation_variant,Implementation variant,revised_direct_full_v1,text,,2026-07-23,metric.implementation_variant.md_cdefe31b25aa2af8,Revised Identity,Implementation variant,その他,,,,,Implementation variant
workflow__r2__rep01__direct_full,workflow__r2__rep01,8,workflow,,,,r2,UPDATE_CONTROLLER_OTF_FG_R2,direct_full,same_problem_comparator,1,0,SUCCESS,True,118,Revised OTF-DUCS,SUCCESS,realizable,unverified,false,,Revised Identity,revised_build_commit_id,Build commit ID,jar-sha256-fbdc25f58d5441ed906d408a94b7414c9d9c3ed35e2ebce22d9751729967ba07,text,,2026-07-23,metric.build_commit_id.md_139b1b168b26f937,Revised Identity,Build commit ID,その他,,,,,Build commit ID
workflow__r2__rep01__direct_full,workflow__r2__rep01,8,workflow,,,,r2,UPDATE_CONTROLLER_OTF_FG_R2,direct_full,same_problem_comparator,1,0,SUCCESS,True,119,Revised OTF-DUCS,SUCCESS,realizable,unverified,false,,Revised Identity,revised_objective,Synthesis objective,strong_finite_completion,text,,2026-07-23,metric.synthesis_objective.md_4c367205a81240c3,Revised Identity,Synthesis objective,その他,,,,,Synthesis objective
workflow__r2__rep01__direct_full,workflow__r2__rep01,8,workflow,,,,r2,UPDATE_CONTROLLER_OTF_FG_R2,direct_full,same_problem_comparator,1,0,SUCCESS,True,120,Revised OTF-DUCS,SUCCESS,realizable,unverified,false,,Revised Identity,revised_scheduler_semantics,Scheduler semantics,all_maximal_traces_no_fairness,text,,2026-07-23,metric.scheduler_semantics.md_c655c3680295c743,Revised Identity,Scheduler semantics,その他,,,,,Scheduler semantics
workflow__r2__rep01__direct_full,workflow__r2__rep01,8,workflow,,,,r2,UPDATE_CONTROLLER_OTF_FG_R2,direct_full,same_problem_comparator,1,0,SUCCESS,True,121,Revised OTF-DUCS,SUCCESS,realizable,unverified,false,,Revised Identity,revised_update_policy_restriction,Update-policy restriction,full_fg,text,,2026-07-23,metric.update_policy_restriction.md_42f8995bf876731a,Revised Identity,Update-policy restriction,その他,,,,,Update-policy restriction
workflow__r2__rep01__direct_full,workflow__r2__rep01,8,workflow,,,,r2,UPDATE_CONTROLLER_OTF_FG_R2,direct_full,same_problem_comparator,1,0,SUCCESS,True,122,Revised OTF-DUCS,SUCCESS,realizable,unverified,false,,Revised Identity,revised_nondeterminism_semantics,Nondeterministic transfer semantics,all_outcomes_adversarial,text,,2026-07-23,metric.min_value.md_11dca28da8602877,Revised Identity,最小値,その他,,,,,最小値
workflow__r2__rep01__direct_full,workflow__r2__rep01,8,workflow,,,,r2,UPDATE_CONTROLLER_OTF_FG_R2,direct_full,same_problem_comparator,1,0,SUCCESS,True,123,Revised OTF-DUCS,SUCCESS,realizable,unverified,false,,Revised Completeness,revised_traditional_objective_compatibility,Traditional DUCS objective compatibility,not_established,text,Traditional implementation uses a GR(1) progress objective; this implementation requires a decreasing rank on every retained edge.,2026-07-23,metric.traditional_ducs_objective_compatibility.md_90b0da70b1726ccd,Revised Completeness,Traditional DUCS objective compatibility,その他,,,,,Traditional DUCS objective compatibility
workflow__r2__rep01__direct_full,workflow__r2__rep01,8,workflow,,,,r2,UPDATE_CONTROLLER_OTF_FG_R2,direct_full,same_problem_comparator,1,0,SUCCESS,True,124,Revised OTF-DUCS,SUCCESS,realizable,unverified,false,,Revised Identity,revised_java_version,Java version,17.0.20.1,text,,2026-07-23,metric.java_version.md_465354c93ce99156,Revised Identity,Java version,その他,,,,,Java version
workflow__r2__rep01__direct_full,workflow__r2__rep01,8,workflow,,,,r2,UPDATE_CONTROLLER_OTF_FG_R2,direct_full,same_problem_comparator,1,0,SUCCESS,True,125,Revised OTF-DUCS,SUCCESS,realizable,unverified,false,,Revised Identity,revised_jvm_name,JVM name,OpenJDK 64-Bit Server VM,text,,2026-07-23,metric.jvm_name.md_31a122a0e6f050af,Revised Identity,JVM name,その他,,,,,JVM name
workflow__r2__rep01__direct_full,workflow__r2__rep01,8,workflow,,,,r2,UPDATE_CONTROLLER_OTF_FG_R2,direct_full,same_problem_comparator,1,0,SUCCESS,True,126,Revised OTF-DUCS,SUCCESS,realizable,unverified,false,,Revised Identity,revised_jvm_vendor,JVM vendor,Eclipse Adoptium,text,,2026-07-23,metric.jvm_vendor.md_0148008d87f17f3d,Revised Identity,JVM vendor,その他,,,,,JVM vendor
workflow__r2__rep01__direct_full,workflow__r2__rep01,8,workflow,,,,r2,UPDATE_CONTROLLER_OTF_FG_R2,direct_full,same_problem_comparator,1,0,SUCCESS,True,127,Revised OTF-DUCS,SUCCESS,realizable,unverified,false,,Revised Identity,revised_jvm_arguments,JVM arguments,-Djava.awt.headless=true -Dmtsa.build.commit=jar-sha256-fbdc25f58d5441ed906d408a94b7414c9d9c3ed35e2ebce22d9751729967ba07 -Dmtsa.evaluation.enabled=true -Dmtsa.otf.controllableActionOrder=endpoint_guided -Dmtsa.otf.guidedQueryLimit=0 -Dmtsa.otf.guidedStateLimit=0 -Dmtsa.otf.lazyControllableBuckets=false -Dmtsa.revised.otf.independentVerification=false -Dmtsa.revised.otf.solver=direct_full -Xmx200g,text,,2026-07-23,metric.jvm_arguments.md_7a867a5506ebd771,Revised Identity,JVM arguments,その他,,,,,JVM arguments
workflow__r2__rep01__direct_full,workflow__r2__rep01,8,workflow,,,,r2,UPDATE_CONTROLLER_OTF_FG_R2,direct_full,same_problem_comparator,1,0,SUCCESS,True,128,Revised OTF-DUCS,SUCCESS,realizable,unverified,false,,Revised Identity,revised_os_name,Operating system,Windows 10,text,,2026-07-23,metric.operating_system.md_7888aa1a02dd017b,Revised Identity,Operating system,その他,,,,,Operating system
workflow__r2__rep01__direct_full,workflow__r2__rep01,8,workflow,,,,r2,UPDATE_CONTROLLER_OTF_FG_R2,direct_full,same_problem_comparator,1,0,SUCCESS,True,129,Revised OTF-DUCS,SUCCESS,realizable,unverified,false,,Revised Identity,revised_os_version,Operating-system version,10.0,text,,2026-07-23,metric.operating_system_version.md_61f6b6177335d036,Revised Identity,Operating-system version,その他,,,,,Operating-system version
workflow__r2__rep01__direct_full,workflow__r2__rep01,8,workflow,,,,r2,UPDATE_CONTROLLER_OTF_FG_R2,direct_full,same_problem_comparator,1,0,SUCCESS,True,130,Revised OTF-DUCS,SUCCESS,realizable,unverified,false,,Revised Identity,revised_os_arch,Operating-system architecture,amd64,text,,2026-07-23,metric.operating_system_architecture.md_818f5679a80fe8d0,Revised Identity,Operating-system architecture,その他,,,,,Operating-system architecture
workflow__r2__rep01__direct_full,workflow__r2__rep01,8,workflow,,,,r2,UPDATE_CONTROLLER_OTF_FG_R2,direct_full,same_problem_comparator,1,0,SUCCESS,True,131,Revised OTF-DUCS,SUCCESS,realizable,unverified,false,,Revised Identity,revised_available_processors,Available processors,24,processors,,2026-07-23,metric.processors.md_dc93f3dbf9340f8a,Revised Identity,processors,その他,,,,,processors
workflow__r2__rep01__direct_full,workflow__r2__rep01,8,workflow,,,,r2,UPDATE_CONTROLLER_OTF_FG_R2,direct_full,same_problem_comparator,1,0,SUCCESS,True,132,Revised OTF-DUCS,SUCCESS,realizable,unverified,false,,Revised Identity,revised_solver_thread_count,Solver thread count,1,threads,,2026-07-23,metric.threads.md_20c9f654783f9e6d,Revised Identity,threads,その他,,,,,threads
workflow__r2__rep01__direct_full,workflow__r2__rep01,8,workflow,,,,r2,UPDATE_CONTROLLER_OTF_FG_R2,direct_full,same_problem_comparator,1,0,SUCCESS,True,133,Revised OTF-DUCS,SUCCESS,realizable,unverified,false,,Revised Identity,revised_jvm_max_heap_bytes,JVM maximum heap,214748364800,B,,2026-07-23,metric.max_value.md_994c525fe4668e28,Revised Identity,最大値,その他,,,,,最大値
workflow__r2__rep01__direct_full,workflow__r2__rep01,8,workflow,,,,r2,UPDATE_CONTROLLER_OTF_FG_R2,direct_full,same_problem_comparator,1,0,SUCCESS,True,134,Revised OTF-DUCS,SUCCESS,realizable,unverified,false,,Revised Identity,revised_guided_state_limit,Guided-search state limit,0,states,,2026-07-23,states.states.md_abe6fa36608d49d1,Revised Identity,states,状態数,,,,,states
workflow__r2__rep01__direct_full,workflow__r2__rep01,8,workflow,,,,r2,UPDATE_CONTROLLER_OTF_FG_R2,direct_full,same_problem_comparator,1,0,SUCCESS,True,135,Revised OTF-DUCS,SUCCESS,realizable,unverified,false,,Revised Identity,revised_guided_query_limit,Guided-search oracle-query limit,0,calls,,2026-07-23,metric.calls.md_51cb0e923e784201,Revised Identity,calls,その他,,,,,calls
workflow__r2__rep01__direct_full,workflow__r2__rep01,8,workflow,,,,r2,UPDATE_CONTROLLER_OTF_FG_R2,direct_full,same_problem_comparator,1,0,SUCCESS,True,136,Revised OTF-DUCS,SUCCESS,realizable,unverified,false,,Revised Identity,revised_physical_closure_limit,Activation physical-closure limit,2000000,states,,2026-07-23,states.states.md_7871dc425c88c2ba,Revised Identity,states,状態数,,,,,states
workflow__r2__rep01__direct_full,workflow__r2__rep01,8,workflow,,,,r2,UPDATE_CONTROLLER_OTF_FG_R2,direct_full,same_problem_comparator,1,0,SUCCESS,True,137,Revised OTF-DUCS,SUCCESS,realizable,unverified,false,,Revised Correctness,revised_input_contract_status,FG-DUCS input contract status,valid,text,,2026-07-23,metric.fg_ducs_input_contract_status.md_9f333b65eb4478bf,Revised Correctness,FG-DUCS input contract status,その他,,,,,FG-DUCS input contract status
workflow__r2__rep01__direct_full,workflow__r2__rep01,8,workflow,,,,r2,UPDATE_CONTROLLER_OTF_FG_R2,direct_full,same_problem_comparator,1,0,SUCCESS,True,138,Revised OTF-DUCS,SUCCESS,realizable,unverified,false,,Revised Time / Memory,revised_preparation_time,Representation and endpoint preparation time,5539.706,ms,,2026-07-23,time.time.md_da7f16aa1a91bfe0,Revised Time / Memory,時間,時間,,,,,時間
workflow__r2__rep01__direct_full,workflow__r2__rep01,8,workflow,,,,r2,UPDATE_CONTROLLER_OTF_FG_R2,direct_full,same_problem_comparator,1,0,SUCCESS,True,139,Revised OTF-DUCS,SUCCESS,realizable,unverified,false,,Revised Workload / Input,revised_component_count,Component count,5,components,,2026-07-23,metric.components.md_6ea9dd7bf80e1247,Revised Workload / Input,components,その他,,,,,components
workflow__r2__rep01__direct_full,workflow__r2__rep01,8,workflow,,,,r2,UPDATE_CONTROLLER_OTF_FG_R2,direct_full,same_problem_comparator,1,0,SUCCESS,True,140,Revised OTF-DUCS,SUCCESS,realizable,unverified,false,,Revised Workload / Input,revised_old_component_states_total,Old component states total,12,states,,2026-07-23,states.states.md_d2b8164628cd3f11,Revised Workload / Input,状態数,状態数,,,,,状態数
workflow__r2__rep01__direct_full,workflow__r2__rep01,8,workflow,,,,r2,UPDATE_CONTROLLER_OTF_FG_R2,direct_full,same_problem_comparator,1,0,SUCCESS,True,141,Revised OTF-DUCS,SUCCESS,realizable,unverified,false,,Revised Workload / Input,revised_old_component_transitions_total,Old component transitions total,23,transitions,,2026-07-23,transitions.transitions.md_a4ebbf15d245b863,Revised Workload / Input,遷移数,遷移数,,,,,遷移数
workflow__r2__rep01__direct_full,workflow__r2__rep01,8,workflow,,,,r2,UPDATE_CONTROLLER_OTF_FG_R2,direct_full,same_problem_comparator,1,0,SUCCESS,True,142,Revised OTF-DUCS,SUCCESS,realizable,unverified,false,,Revised Workload / Input,revised_new_component_states_total,New component states total,12,states,,2026-07-23,states.states.md_df02f5e5fe34a18d,Revised Workload / Input,状態数,状態数,,,,,状態数
workflow__r2__rep01__direct_full,workflow__r2__rep01,8,workflow,,,,r2,UPDATE_CONTROLLER_OTF_FG_R2,direct_full,same_problem_comparator,1,0,SUCCESS,True,143,Revised OTF-DUCS,SUCCESS,realizable,unverified,false,,Revised Workload / Input,revised_new_component_transitions_total,New component transitions total,23,transitions,,2026-07-23,transitions.transitions.md_5da23b644448ae0e,Revised Workload / Input,遷移数,遷移数,,,,,遷移数
workflow__r2__rep01__direct_full,workflow__r2__rep01,8,workflow,,,,r2,UPDATE_CONTROLLER_OTF_FG_R2,direct_full,same_problem_comparator,1,0,SUCCESS,True,144,Revised OTF-DUCS,SUCCESS,realizable,unverified,false,,Revised Workload / Input,revised_old_component_0_states,Old component 0 states,4,states,,2026-07-23,states.states.md_d129a04e318ed9bd,Revised Workload / Input,状態数,状態数,,,,,状態数
workflow__r2__rep01__direct_full,workflow__r2__rep01,8,workflow,,,,r2,UPDATE_CONTROLLER_OTF_FG_R2,direct_full,same_problem_comparator,1,0,SUCCESS,True,145,Revised OTF-DUCS,SUCCESS,realizable,unverified,false,,Revised Workload / Input,revised_old_component_0_transitions,Old component 0 transitions,15,transitions,,2026-07-23,transitions.transitions.md_86f12bed61425b46,Revised Workload / Input,遷移数,遷移数,,,,,遷移数
workflow__r2__rep01__direct_full,workflow__r2__rep01,8,workflow,,,,r2,UPDATE_CONTROLLER_OTF_FG_R2,direct_full,same_problem_comparator,1,0,SUCCESS,True,146,Revised OTF-DUCS,SUCCESS,realizable,unverified,false,,Revised Workload / Input,revised_new_component_0_states,New component 0 states,4,states,,2026-07-23,states.states.md_70ab31e16e8305b5,Revised Workload / Input,状態数,状態数,,,,,状態数
workflow__r2__rep01__direct_full,workflow__r2__rep01,8,workflow,,,,r2,UPDATE_CONTROLLER_OTF_FG_R2,direct_full,same_problem_comparator,1,0,SUCCESS,True,147,Revised OTF-DUCS,SUCCESS,realizable,unverified,false,,Revised Workload / Input,revised_new_component_0_transitions,New component 0 transitions,15,transitions,,2026-07-23,transitions.transitions.md_516425458123b204,Revised Workload / Input,遷移数,遷移数,,,,,遷移数
workflow__r2__rep01__direct_full,workflow__r2__rep01,8,workflow,,,,r2,UPDATE_CONTROLLER_OTF_FG_R2,direct_full,same_problem_comparator,1,0,SUCCESS,True,148,Revised OTF-DUCS,SUCCESS,realizable,unverified,false,,Revised Workload / Input,revised_old_component_1_states,Old component 1 states,2,states,,2026-07-23,states.states.md_d0fa5760fb5366ef,Revised Workload / Input,状態数,状態数,,,,,状態数
workflow__r2__rep01__direct_full,workflow__r2__rep01,8,workflow,,,,r2,UPDATE_CONTROLLER_OTF_FG_R2,direct_full,same_problem_comparator,1,0,SUCCESS,True,149,Revised OTF-DUCS,SUCCESS,realizable,unverified,false,,Revised Workload / Input,revised_old_component_1_transitions,Old component 1 transitions,2,transitions,,2026-07-23,transitions.transitions.md_cf97552e9f66af34,Revised Workload / Input,遷移数,遷移数,,,,,遷移数
workflow__r2__rep01__direct_full,workflow__r2__rep01,8,workflow,,,,r2,UPDATE_CONTROLLER_OTF_FG_R2,direct_full,same_problem_comparator,1,0,SUCCESS,True,150,Revised OTF-DUCS,SUCCESS,realizable,unverified,false,,Revised Workload / Input,revised_new_component_1_states,New component 1 states,2,states,,2026-07-23,states.states.md_9696fa5da6b21b1b,Revised Workload / Input,状態数,状態数,,,,,状態数
workflow__r2__rep01__direct_full,workflow__r2__rep01,8,workflow,,,,r2,UPDATE_CONTROLLER_OTF_FG_R2,direct_full,same_problem_comparator,1,0,SUCCESS,True,151,Revised OTF-DUCS,SUCCESS,realizable,unverified,false,,Revised Workload / Input,revised_new_component_1_transitions,New component 1 transitions,2,transitions,,2026-07-23,transitions.transitions.md_68c09c28de7fc9f5,Revised Workload / Input,遷移数,遷移数,,,,,遷移数
workflow__r2__rep01__direct_full,workflow__r2__rep01,8,workflow,,,,r2,UPDATE_CONTROLLER_OTF_FG_R2,direct_full,same_problem_comparator,1,0,SUCCESS,True,152,Revised OTF-DUCS,SUCCESS,realizable,unverified,false,,Revised Workload / Input,revised_old_component_2_states,Old component 2 states,2,states,,2026-07-23,states.states.md_289b648480e77edb,Revised Workload / Input,状態数,状態数,,,,,状態数
workflow__r2__rep01__direct_full,workflow__r2__rep01,8,workflow,,,,r2,UPDATE_CONTROLLER_OTF_FG_R2,direct_full,same_problem_comparator,1,0,SUCCESS,True,153,Revised OTF-DUCS,SUCCESS,realizable,unverified,false,,Revised Workload / Input,revised_old_component_2_transitions,Old component 2 transitions,2,transitions,,2026-07-23,transitions.transitions.md_42ed1dbd07aa21a2,Revised Workload / Input,遷移数,遷移数,,,,,遷移数
workflow__r2__rep01__direct_full,workflow__r2__rep01,8,workflow,,,,r2,UPDATE_CONTROLLER_OTF_FG_R2,direct_full,same_problem_comparator,1,0,SUCCESS,True,154,Revised OTF-DUCS,SUCCESS,realizable,unverified,false,,Revised Workload / Input,revised_new_component_2_states,New component 2 states,2,states,,2026-07-23,states.states.md_469385268c0283d7,Revised Workload / Input,状態数,状態数,,,,,状態数
workflow__r2__rep01__direct_full,workflow__r2__rep01,8,workflow,,,,r2,UPDATE_CONTROLLER_OTF_FG_R2,direct_full,same_problem_comparator,1,0,SUCCESS,True,155,Revised OTF-DUCS,SUCCESS,realizable,unverified,false,,Revised Workload / Input,revised_new_component_2_transitions,New component 2 transitions,2,transitions,,2026-07-23,transitions.transitions.md_cf41c3280f092a6d,Revised Workload / Input,遷移数,遷移数,,,,,遷移数
workflow__r2__rep01__direct_full,workflow__r2__rep01,8,workflow,,,,r2,UPDATE_CONTROLLER_OTF_FG_R2,direct_full,same_problem_comparator,1,0,SUCCESS,True,156,Revised OTF-DUCS,SUCCESS,realizable,unverified,false,,Revised Workload / Input,revised_old_component_3_states,Old component 3 states,2,states,,2026-07-23,states.states.md_e02ce7432a887c17,Revised Workload / Input,状態数,状態数,,,,,状態数
workflow__r2__rep01__direct_full,workflow__r2__rep01,8,workflow,,,,r2,UPDATE_CONTROLLER_OTF_FG_R2,direct_full,same_problem_comparator,1,0,SUCCESS,True,157,Revised OTF-DUCS,SUCCESS,realizable,unverified,false,,Revised Workload / Input,revised_old_component_3_transitions,Old component 3 transitions,2,transitions,,2026-07-23,transitions.transitions.md_4aa5fcb0b1d6ccc8,Revised Workload / Input,遷移数,遷移数,,,,,遷移数
workflow__r2__rep01__direct_full,workflow__r2__rep01,8,workflow,,,,r2,UPDATE_CONTROLLER_OTF_FG_R2,direct_full,same_problem_comparator,1,0,SUCCESS,True,158,Revised OTF-DUCS,SUCCESS,realizable,unverified,false,,Revised Workload / Input,revised_new_component_3_states,New component 3 states,2,states,,2026-07-23,states.states.md_c9333542e41b88dd,Revised Workload / Input,状態数,状態数,,,,,状態数
workflow__r2__rep01__direct_full,workflow__r2__rep01,8,workflow,,,,r2,UPDATE_CONTROLLER_OTF_FG_R2,direct_full,same_problem_comparator,1,0,SUCCESS,True,159,Revised OTF-DUCS,SUCCESS,realizable,unverified,false,,Revised Workload / Input,revised_new_component_3_transitions,New component 3 transitions,2,transitions,,2026-07-23,transitions.transitions.md_d725968ef20dcc26,Revised Workload / Input,遷移数,遷移数,,,,,遷移数
workflow__r2__rep01__direct_full,workflow__r2__rep01,8,workflow,,,,r2,UPDATE_CONTROLLER_OTF_FG_R2,direct_full,same_problem_comparator,1,0,SUCCESS,True,160,Revised OTF-DUCS,SUCCESS,realizable,unverified,false,,Revised Workload / Input,revised_old_component_4_states,Old component 4 states,2,states,,2026-07-23,states.states.md_2cdd07bf83cf60ec,Revised Workload / Input,状態数,状態数,,,,,状態数
workflow__r2__rep01__direct_full,workflow__r2__rep01,8,workflow,,,,r2,UPDATE_CONTROLLER_OTF_FG_R2,direct_full,same_problem_comparator,1,0,SUCCESS,True,161,Revised OTF-DUCS,SUCCESS,realizable,unverified,false,,Revised Workload / Input,revised_old_component_4_transitions,Old component 4 transitions,2,transitions,,2026-07-23,transitions.transitions.md_92ed984cc27987ac,Revised Workload / Input,遷移数,遷移数,,,,,遷移数
workflow__r2__rep01__direct_full,workflow__r2__rep01,8,workflow,,,,r2,UPDATE_CONTROLLER_OTF_FG_R2,direct_full,same_problem_comparator,1,0,SUCCESS,True,162,Revised OTF-DUCS,SUCCESS,realizable,unverified,false,,Revised Workload / Input,revised_new_component_4_states,New component 4 states,2,states,,2026-07-23,states.states.md_c4d2997e5cc65aad,Revised Workload / Input,状態数,状態数,,,,,状態数
workflow__r2__rep01__direct_full,workflow__r2__rep01,8,workflow,,,,r2,UPDATE_CONTROLLER_OTF_FG_R2,direct_full,same_problem_comparator,1,0,SUCCESS,True,163,Revised OTF-DUCS,SUCCESS,realizable,unverified,false,,Revised Workload / Input,revised_new_component_4_transitions,New component 4 transitions,2,transitions,,2026-07-23,transitions.transitions.md_c38e5e8b71291f88,Revised Workload / Input,遷移数,遷移数,,,,,遷移数
workflow__r2__rep01__direct_full,workflow__r2__rep01,8,workflow,,,,r2,UPDATE_CONTROLLER_OTF_FG_R2,direct_full,same_problem_comparator,1,0,SUCCESS,True,164,Revised OTF-DUCS,SUCCESS,realizable,unverified,false,,Revised Workload / Input,revised_old_requirement_count,Old requirement count,5,requirements,,2026-07-23,metric.requirements.md_04455b48a4c3c618,Revised Workload / Input,requirements,その他,,,,,requirements
workflow__r2__rep01__direct_full,workflow__r2__rep01,8,workflow,,,,r2,UPDATE_CONTROLLER_OTF_FG_R2,direct_full,same_problem_comparator,1,0,SUCCESS,True,165,Revised OTF-DUCS,SUCCESS,realizable,unverified,false,,Revised Workload / Input,revised_new_requirement_count,New requirement count,6,requirements,,2026-07-23,metric.requirements.md_9f7444108ba7f099,Revised Workload / Input,requirements,その他,,,,,requirements
workflow__r2__rep01__direct_full,workflow__r2__rep01,8,workflow,,,,r2,UPDATE_CONTROLLER_OTF_FG_R2,direct_full,same_problem_comparator,1,0,SUCCESS,True,166,Revised OTF-DUCS,SUCCESS,realizable,unverified,false,,Revised Workload / Input,revised_update_requirement_count,Update-time requirement count,11,requirements,,2026-07-23,time.requirements.md_76c48988eec0eff4,Revised Workload / Input,requirements,時間,,,,,requirements
workflow__r2__rep01__direct_full,workflow__r2__rep01,8,workflow,,,,r2,UPDATE_CONTROLLER_OTF_FG_R2,direct_full,same_problem_comparator,1,0,SUCCESS,True,167,Revised OTF-DUCS,SUCCESS,realizable,unverified,false,,Revised Workload / Input,revised_tester_states_total,Tester states total,104,states,,2026-07-23,states.states.md_fef00bb7a0d61c6c,Revised Workload / Input,状態数,状態数,,,,,状態数
workflow__r2__rep01__direct_full,workflow__r2__rep01,8,workflow,,,,r2,UPDATE_CONTROLLER_OTF_FG_R2,direct_full,same_problem_comparator,1,0,SUCCESS,True,168,Revised OTF-DUCS,SUCCESS,realizable,unverified,false,,Revised Workload / Input,revised_tester_transitions_total,Tester transitions total,636,transitions,,2026-07-23,transitions.transitions.md_13573e978d037edb,Revised Workload / Input,遷移数,遷移数,,,,,遷移数
workflow__r2__rep01__direct_full,workflow__r2__rep01,8,workflow,,,,r2,UPDATE_CONTROLLER_OTF_FG_R2,direct_full,same_problem_comparator,1,0,SUCCESS,True,169,Revised OTF-DUCS,SUCCESS,realizable,unverified,false,,Revised Workload / Input,revised_activation_domain_entries_total,Activation-domain entries total,270388,entries,,2026-07-23,metric.entries.md_7f7caa21c92aaee0,Revised Workload / Input,entries,その他,,,,,entries
workflow__r2__rep01__direct_full,workflow__r2__rep01,8,workflow,,,,r2,UPDATE_CONTROLLER_OTF_FG_R2,direct_full,same_problem_comparator,1,0,SUCCESS,True,170,Revised OTF-DUCS,SUCCESS,realizable,unverified,false,,Revised Workload / Input,revised_normal_action_count,Normal action count,14,actions,,2026-07-23,metric.actions.md_2c111be47852e420,Revised Workload / Input,actions,その他,,,,,actions
workflow__r2__rep01__direct_full,workflow__r2__rep01,8,workflow,,,,r2,UPDATE_CONTROLLER_OTF_FG_R2,direct_full,same_problem_comparator,1,0,SUCCESS,True,171,Revised OTF-DUCS,SUCCESS,realizable,unverified,false,,Revised Workload / Input,revised_controllable_normal_action_count,Controllable normal action count,7,actions,,2026-07-23,metric.actions.md_8037f04a70b33dbe,Revised Workload / Input,actions,その他,,,,,actions
workflow__r2__rep01__direct_full,workflow__r2__rep01,8,workflow,,,,r2,UPDATE_CONTROLLER_OTF_FG_R2,direct_full,same_problem_comparator,1,0,SUCCESS,True,172,Revised OTF-DUCS,SUCCESS,realizable,unverified,false,,Revised Workload / Input,revised_uncontrollable_normal_action_count,Uncontrollable normal action count,7,actions,,2026-07-23,metric.actions.md_f44fa071b63159f7,Revised Workload / Input,actions,その他,,,,,actions
workflow__r2__rep01__direct_full,workflow__r2__rep01,8,workflow,,,,r2,UPDATE_CONTROLLER_OTF_FG_R2,direct_full,same_problem_comparator,1,0,SUCCESS,True,173,Revised OTF-DUCS,SUCCESS,realizable,unverified,false,,Revised Workload / Input,revised_update_action_count,Update action count,16,actions,,2026-07-23,metric.actions.md_864bfb47f1c2f73e,Revised Workload / Input,actions,その他,,,,,actions
workflow__r2__rep01__direct_full,workflow__r2__rep01,8,workflow,,,,r2,UPDATE_CONTROLLER_OTF_FG_R2,direct_full,same_problem_comparator,1,0,SUCCESS,True,174,Revised OTF-DUCS,SUCCESS,realizable,unverified,false,,Revised Workload / Input,revised_stop_action_count,Stop-old action count,5,actions,,2026-07-23,metric.actions.md_798f052018f3dd07,Revised Workload / Input,actions,その他,,,,,actions
workflow__r2__rep01__direct_full,workflow__r2__rep01,8,workflow,,,,r2,UPDATE_CONTROLLER_OTF_FG_R2,direct_full,same_problem_comparator,1,0,SUCCESS,True,175,Revised OTF-DUCS,SUCCESS,realizable,unverified,false,,Revised Workload / Input,revised_reconfigure_action_count,Reconfigure action count,5,actions,,2026-07-23,metric.actions.md_16221ad0c6ea3514,Revised Workload / Input,actions,その他,,,,,actions
workflow__r2__rep01__direct_full,workflow__r2__rep01,8,workflow,,,,r2,UPDATE_CONTROLLER_OTF_FG_R2,direct_full,same_problem_comparator,1,0,SUCCESS,True,176,Revised OTF-DUCS,SUCCESS,realizable,unverified,false,,Revised Workload / Input,revised_start_action_count,Start-new action count,6,actions,,2026-07-23,metric.actions.md_52063f91264608ab,Revised Workload / Input,actions,その他,,,,,actions
workflow__r2__rep01__direct_full,workflow__r2__rep01,8,workflow,,,,r2,UPDATE_CONTROLLER_OTF_FG_R2,direct_full,same_problem_comparator,1,0,SUCCESS,True,177,Revised OTF-DUCS,SUCCESS,realizable,unverified,false,,Revised Workload / Input,revised_transfer_relation_edges_total,Transfer-relation edges total,12,relation_edges,,2026-07-23,metric.relation_edges.md_8b49403886bb8026,Revised Workload / Input,relation_edges,その他,,,,,relation_edges
workflow__r2__rep01__direct_full,workflow__r2__rep01,8,workflow,,,,r2,UPDATE_CONTROLLER_OTF_FG_R2,direct_full,same_problem_comparator,1,0,SUCCESS,True,178,Revised OTF-DUCS,SUCCESS,realizable,unverified,false,,Revised Workload / Input,revised_transfer_relation_max_fan_out,Transfer-relation maximum fan-out,1,targets/source,,2026-07-23,metric.max_value.md_df9a8558ede9b69c,Revised Workload / Input,最大値,その他,,,,,最大値
workflow__r2__rep01__direct_full,workflow__r2__rep01,8,workflow,,,,r2,UPDATE_CONTROLLER_OTF_FG_R2,direct_full,same_problem_comparator,1,0,SUCCESS,True,179,Revised OTF-DUCS,SUCCESS,realizable,unverified,false,,Revised Workload / Input,revised_transfer_relation_nondeterministic_sources,Transfer sources with multiple targets,0,sources,,2026-07-23,metric.min_value.md_8fa4603431775dfe,Revised Workload / Input,最小値,その他,,,,,最小値
workflow__r2__rep01__direct_full,workflow__r2__rep01,8,workflow,,,,r2,UPDATE_CONTROLLER_OTF_FG_R2,direct_full,same_problem_comparator,1,0,SUCCESS,True,180,Revised OTF-DUCS,SUCCESS,realizable,unverified,false,,Revised Workload / Input,revised_precedence_transitive_edges,Precedence edges (transitive closure),0,edges,,2026-07-23,metric.edges.md_27373c013ec1c911,Revised Workload / Input,edges,その他,,,,,edges
workflow__r2__rep01__direct_full,workflow__r2__rep01,8,workflow,,,,r2,UPDATE_CONTROLLER_OTF_FG_R2,direct_full,same_problem_comparator,1,0,SUCCESS,True,181,Revised OTF-DUCS,SUCCESS,realizable,unverified,false,,Revised Workload / Input,revised_precedence_density,Precedence density,0.000000,ratio,"|transitive precedence relation| / (K*(K-1)/2), with 0 for K<2.",2026-07-23,rate.ratio.md_6aa0211039e5baa0,Revised Workload / Input,ratio,割合,,,,,ratio
workflow__r2__rep01__direct_full,workflow__r2__rep01,8,workflow,,,,r2,UPDATE_CONTROLLER_OTF_FG_R2,direct_full,same_problem_comparator,1,0,SUCCESS,True,182,Revised OTF-DUCS,SUCCESS,realizable,unverified,false,,Revised Completeness,revised_dependency_metrics_availability,Component-requirement dependency metrics,unsupported_no_dependency_relation_in_input,text,,2026-07-23,metric.component_requirement_dependency_metrics.md_15a934ee8c846ef5,Revised Completeness,Component-requirement dependency metrics,その他,,,,,Component-requirement dependency metrics
workflow__r2__rep01__direct_full,workflow__r2__rep01,8,workflow,,,,r2,UPDATE_CONTROLLER_OTF_FG_R2,direct_full,same_problem_comparator,1,0,SUCCESS,True,183,Revised OTF-DUCS,SUCCESS,realizable,unverified,false,,Revised Workload / Input,revised_initial_endpoint_embeddings,Initial endpoint embeddings,28,states,,2026-07-23,states.states.md_2ea256920982595c,Revised Workload / Input,states,状態数,,,,,states
workflow__r2__rep01__direct_full,workflow__r2__rep01,8,workflow,,,,r2,UPDATE_CONTROLLER_OTF_FG_R2,direct_full,same_problem_comparator,1,0,SUCCESS,True,184,Revised OTF-DUCS,SUCCESS,realizable,unverified,false,,Revised Workload / Input,revised_new_endpoint_signatures,New endpoint signatures,21,states,,2026-07-23,states.states.md_6666559d81c8b704,Revised Workload / Input,states,状態数,,,,,states
workflow__r2__rep01__direct_full,workflow__r2__rep01,8,workflow,,,,r2,UPDATE_CONTROLLER_OTF_FG_R2,direct_full,same_problem_comparator,1,0,SUCCESS,True,185,Revised OTF-DUCS,SUCCESS,realizable,unverified,false,,Revised Workload / Input,revised_reachable_physical_states_for_activation,Reachable physical states used for activation,52608,states,,2026-07-23,states.reachable_states.md_2f4a0f6f53614f4f,Revised Workload / Input,到達可能状態数,状態数,,,,,到達可能状態数
workflow__r2__rep01__direct_full,workflow__r2__rep01,8,workflow,,,,r2,UPDATE_CONTROLLER_OTF_FG_R2,direct_full,same_problem_comparator,1,0,SUCCESS,True,186,Revised OTF-DUCS,SUCCESS,realizable,unverified,false,,Revised Completeness,revised_endpoint_coverage_complete,Exhaustive old/new endpoint coverage,true,boolean,,2026-07-23,metric.boolean.md_decc8f135ca2ca19,Revised Completeness,boolean,その他,,,,,boolean
workflow__r2__rep01__direct_full,workflow__r2__rep01,8,workflow,,,,r2,UPDATE_CONTROLLER_OTF_FG_R2,direct_full,same_problem_comparator,1,0,SUCCESS,True,187,Revised OTF-DUCS,SUCCESS,realizable,unverified,false,,Revised Correctness,revised_internal_input_validation,Internal input validation,passed,text,"FineGrainedUpdateProblem construction validates namespaces, testers, activation languages, precedence, and endpoint coverage.",2026-07-23,metric.internal_input_validation.md_1c01f01f1de59096,Revised Correctness,Internal input validation,その他,,,,,Internal input validation
workflow__r2__rep01__direct_full,workflow__r2__rep01,8,workflow,,,,r2,UPDATE_CONTROLLER_OTF_FG_R2,direct_full,same_problem_comparator,1,0,SUCCESS,True,188,Revised OTF-DUCS,SUCCESS,realizable,unverified,false,,Revised Correctness,revised_independent_input_checker_status,Independent input checker status,not_run,text,,2026-07-23,metric.independent_input_checker_status.md_da9c43e2070a4650,Revised Correctness,Independent input checker status,その他,,,,,Independent input checker status
workflow__r2__rep01__direct_full,workflow__r2__rep01,8,workflow,,,,r2,UPDATE_CONTROLLER_OTF_FG_R2,direct_full,same_problem_comparator,1,0,SUCCESS,True,189,Revised OTF-DUCS,SUCCESS,realizable,unverified,false,,Revised Capability / Restriction,revised_update_policy_restriction_interpretation,Update-policy restriction interpretation,unrestricted_fine_grained_update_choices,text,,2026-07-23,metric.update_policy_restriction_interpretation.md_53c434a719536f0d,Revised Capability / Restriction,Update-policy restriction interpretation,その他,,,,,Update-policy restriction interpretation
workflow__r2__rep01__direct_full,workflow__r2__rep01,8,workflow,,,,r2,UPDATE_CONTROLLER_OTF_FG_R2,direct_full,same_problem_comparator,1,0,SUCCESS,True,190,Revised OTF-DUCS,SUCCESS,realizable,unverified,false,,Revised Capability / Restriction,revised_update_policy_restriction_scope,Restricted semantic scope,same_states_and_successors_controller_discipline,text,"The comparison uses the same FG-DUCS states and successor relations. It removes controller choices; in a contiguous block, an enabled uncontrollable event outside the block makes the discipline fail.",2026-07-23,metric.restricted_semantic_scope.md_779dd1fb39614612,Revised Capability / Restriction,Restricted semantic scope,その他,,,,,Restricted semantic scope
workflow__r2__rep01__direct_full,workflow__r2__rep01,8,workflow,,,,r2,UPDATE_CONTROLLER_OTF_FG_R2,direct_full,same_problem_comparator,1,0,SUCCESS,True,191,Revised OTF-DUCS,SUCCESS,realizable,unverified,false,,Revised Capability / Restriction,revised_update_policy_uncontrollables_preserved,All uncontrollable actions preserved,true,boolean,A restriction cannot suppress an uncontrollable normal event and never removes an adversarial outcome.,2026-07-23,metric.boolean.md_e48105ddfbe58a31,Revised Capability / Restriction,boolean,その他,,,,,boolean
workflow__r2__rep01__direct_full,workflow__r2__rep01,8,workflow,,,,r2,UPDATE_CONTROLLER_OTF_FG_R2,direct_full,same_problem_comparator,1,0,SUCCESS,True,192,Revised OTF-DUCS,SUCCESS,realizable,unverified,false,,Revised Capability / Restriction,revised_update_policy_same_input,Same validated FG-DUCS input,true,boolean,,2026-07-23,metric.boolean.md_124e50f1bf79ccb6,Revised Capability / Restriction,boolean,その他,,,,,boolean
workflow__r2__rep01__direct_full,workflow__r2__rep01,8,workflow,,,,r2,UPDATE_CONTROLLER_OTF_FG_R2,direct_full,same_problem_comparator,1,0,SUCCESS,True,193,Revised OTF-DUCS,SUCCESS,realizable,unverified,false,,Revised Capability / Restriction,revised_update_policy_formal_comparator_correspondence,Correspondence to a paper comparison restriction,unrestricted_fg_ducs,text,,2026-07-23,metric.correspondence_to_a_paper_comparison_restriction.md_e7aa420acaafe9fe,Revised Capability / Restriction,Correspondence to a paper comparison restriction,その他,,,,,Correspondence to a paper comparison restriction
workflow__r2__rep01__direct_full,workflow__r2__rep01,8,workflow,,,,r2,UPDATE_CONTROLLER_OTF_FG_R2,direct_full,same_problem_comparator,1,0,SUCCESS,True,194,Revised OTF-DUCS,SUCCESS,realizable,unverified,false,,Revised Capability / Restriction,revised_update_policy_static_uninterrupted_block_precondition,Static uninterrupted-block precondition,not_applicable,text,"For contiguous-transfer/update and requirement-block modes, false means an enabled uncontrollable event outside the active block makes that state losing; such an event is never suppressed.",2026-07-23,metric.static_uninterrupted_block_precondition.md_1aff6a0405de2bdb,Revised Capability / Restriction,Static uninterrupted-block precondition,その他,,,,,Static uninterrupted-block precondition
workflow__r2__rep01__direct_full,workflow__r2__rep01,8,workflow,,,,r2,UPDATE_CONTROLLER_OTF_FG_R2,direct_full,same_problem_comparator,1,0,SUCCESS,True,195,Revised OTF-DUCS,SUCCESS,realizable,unverified,false,,Revised Capability / Restriction,revised_update_policy_transfer_action_count,Reconfiguration actions in restricted group,5,actions,,2026-07-23,metric.actions.md_19a0af67c1e61c68,Revised Capability / Restriction,actions,その他,,,,,actions
workflow__r2__rep01__direct_full,workflow__r2__rep01,8,workflow,,,,r2,UPDATE_CONTROLLER_OTF_FG_R2,direct_full,same_problem_comparator,1,0,SUCCESS,True,196,Revised OTF-DUCS,SUCCESS,realizable,unverified,false,,Revised Capability / Restriction,revised_update_policy_requirement_action_count,Requirement-switch actions in restricted group,11,actions,,2026-07-23,metric.actions.md_cdb32535a8a0ce63,Revised Capability / Restriction,actions,その他,,,,,actions
workflow__r2__rep01__direct_full,workflow__r2__rep01,8,workflow,,,,r2,UPDATE_CONTROLLER_OTF_FG_R2,direct_full,same_problem_comparator,1,0,SUCCESS,True,197,Revised OTF-DUCS,SUCCESS,realizable,unverified,false,,Revised Capability / Restriction,revised_update_policy_fixed_sequence,Precedence-respecting fixed update sequence,stopOldSpec_P_ARCHIVE_POLICY>stopOldSpec_P_AVOID_ROLLBACK>stopOldSpec_P_DONT_INIT_TWICE>stopOldSpec_P_EVAL_POLICY>stopOldSpec_P_INITS_POLICY>reconfigure_BILLING>reconfigure_CREDIT>reconfigure_ENTRY>reconfigure_INVENTORY>reconfigure_SHIPPING>startNewSpec_P_ARCHIVE_POLICY>startNewSpec_P_AVOID_ROLLBACK>startNewSpec_P_DONT_INIT_TWICE>startNewSpec_P_EVAL_POLICY>startNewSpec_P_INITS_POLICY>startNewSpec_P_SEQUENTIAL,text,Recorded for reproducibility; enforced only in fixed_update_order mode. This does not fix normal controllable actions and is not the paper's observation-independent fixed-script comparator.,2026-07-23,metric.precedence_respecting_fixed_update_sequence.md_9a20b6c86d55a0f5,Revised Capability / Restriction,Precedence-respecting fixed update sequence,その他,,,,,Precedence-respecting fixed update sequence
workflow__r2__rep01__direct_full,workflow__r2__rep01,8,workflow,,,,r2,UPDATE_CONTROLLER_OTF_FG_R2,direct_full,same_problem_comparator,1,0,SUCCESS,True,198,Revised OTF-DUCS,SUCCESS,realizable,unverified,false,,Revised Time / Memory,revised_solve_and_internal_check_time,Solve plus internal certificate-check time,1377558.544,ms,Includes the selected solver and its same-semantics certificate checker; independent explicit verification is timed separately.,2026-07-23,time.time.md_f9d74c851a403d5a,Revised Time / Memory,時間,時間,,,,,時間
workflow__r2__rep01__direct_full,workflow__r2__rep01,8,workflow,,,,r2,UPDATE_CONTROLLER_OTF_FG_R2,direct_full,same_problem_comparator,1,0,SUCCESS,True,199,Revised OTF-DUCS,SUCCESS,realizable,unverified,false,,Revised Workload / Search,revised_semantic_states_discovered,Distinct semantic states discovered across all attempts,1774711,states,"Set union of states discovered by the guided witness attempt and, when used, the complete attractor fallback.",2026-07-23,states.states.md_9fa4e12494ff9641,Revised Workload / Search,状態数,状態数,,,,,状態数
workflow__r2__rep01__direct_full,workflow__r2__rep01,8,workflow,,,,r2,UPDATE_CONTROLLER_OTF_FG_R2,direct_full,same_problem_comparator,1,0,SUCCESS,True,200,Revised OTF-DUCS,SUCCESS,realizable,unverified,false,,Revised Workload / Search,revised_semantic_states_expanded,Distinct semantic states expanded across all attempts,672749,states,"Set union of states expanded by the guided witness attempt and, when used, the complete attractor fallback.",2026-07-23,states.states.md_b6c527d2e226f3f1,Revised Workload / Search,状態数,状態数,,,,,状態数
workflow__r2__rep01__direct_full,workflow__r2__rep01,8,workflow,,,,r2,UPDATE_CONTROLLER_OTF_FG_R2,direct_full,same_problem_comparator,1,0,SUCCESS,True,201,Revised OTF-DUCS,SUCCESS,realizable,unverified,false,,Revised Workload / Search,revised_successor_oracle_calls_cumulative,Solver successor-oracle calls (cumulative),16073935,calls,Guided-attempt calls + complete-attractor calls made by the solver. Certificate-checker calls are excluded. A pair queried again after fallback is counted again as actual work.,2026-07-23,metric.calls.md_e9ba65b218f3a010,Revised Workload / Search,calls,その他,,,,,calls
workflow__r2__rep01__direct_full,workflow__r2__rep01,8,workflow,,,,r2,UPDATE_CONTROLLER_OTF_FG_R2,direct_full,same_problem_comparator,1,0,SUCCESS,True,202,Revised OTF-DUCS,SUCCESS,realizable,unverified,false,,Revised Workload / Search,revised_materialized_transition_outcomes_cumulative,Cumulative materialized transition outcomes,3134552,outcomes,"All generated outcomes across guided and fallback attempts; this is not claimed to be unique (q,a,q').",2026-07-23,transitions.outcomes.md_a7c4240c028b4760,Revised Workload / Search,outcomes,遷移数,,,,,outcomes
workflow__r2__rep01__direct_full,workflow__r2__rep01,8,workflow,,,,r2,UPDATE_CONTROLLER_OTF_FG_R2,direct_full,same_problem_comparator,1,0,SUCCESS,True,203,Revised OTF-DUCS,SUCCESS,realizable,unverified,false,,Revised Workload / Search,revised_propagated_incidences,Propagated reverse incidences,0,incidences,,2026-07-23,metric.incidences.md_0aa5c6ef3e700208,Revised Workload / Search,incidences,その他,,,,,incidences
workflow__r2__rep01__direct_full,workflow__r2__rep01,8,workflow,,,,r2,UPDATE_CONTROLLER_OTF_FG_R2,direct_full,same_problem_comparator,1,0,SUCCESS,True,204,Revised OTF-DUCS,SUCCESS,realizable,unverified,false,,Revised Workload / Search,revised_fixed_point_state_inspections,Generic/direct fixed-point state inspections,11324313,inspections,"Zero for the reverse-propagation OTF solver; reported as a separate, non-comparable workload for explicit fixed-point solvers.",2026-07-23,states.inspections.md_57d347b84b287522,Revised Workload / Search,inspections,状態数,,,,,inspections
workflow__r2__rep01__direct_full,workflow__r2__rep01,8,workflow,,,,r2,UPDATE_CONTROLLER_OTF_FG_R2,direct_full,same_problem_comparator,1,0,SUCCESS,True,205,Revised OTF-DUCS,SUCCESS,realizable,unverified,false,,Revised Workload / Search,revised_fixed_point_computations,Generic/direct fixed-point computations,23,computations,Zero for the reverse-propagation OTF solver.,2026-07-23,metric.computations.md_c2ce11b8284acb1e,Revised Workload / Search,computations,その他,,,,,computations
workflow__r2__rep01__direct_full,workflow__r2__rep01,8,workflow,,,,r2,UPDATE_CONTROLLER_OTF_FG_R2,direct_full,same_problem_comparator,1,0,SUCCESS,True,206,Revised OTF-DUCS,SUCCESS,realizable,unverified,false,,Revised Workload / Search,revised_early_success,Early success,false,boolean,,2026-07-23,metric.boolean.md_2d6b74902ba48d29,Revised Workload / Search,boolean,その他,,,,,boolean
workflow__r2__rep01__direct_full,workflow__r2__rep01,8,workflow,,,,r2,UPDATE_CONTROLLER_OTF_FG_R2,direct_full,same_problem_comparator,1,0,SUCCESS,True,207,Revised OTF-DUCS,SUCCESS,realizable,unverified,false,,Revised Identity,revised_search_mode,Decision-producing search mode,exhaustive_reachable_game_then_explicit_fixed_point,text,,2026-07-23,metric.decision_producing_search_mode.md_1f338873f3c16f8e,Revised Identity,Decision-producing search mode,その他,,,,,Decision-producing search mode
workflow__r2__rep01__direct_full,workflow__r2__rep01,8,workflow,,,,r2,UPDATE_CONTROLLER_OTF_FG_R2,direct_full,same_problem_comparator,1,0,SUCCESS,True,208,Revised OTF-DUCS,SUCCESS,realizable,unverified,false,,Revised Workload / Search,revised_guided_proof_accepted,Guided winning proof accepted,false,boolean,,2026-07-23,metric.boolean.md_811970b7c19bad85,Revised Workload / Search,boolean,その他,,,,,boolean
workflow__r2__rep01__direct_full,workflow__r2__rep01,8,workflow,,,,r2,UPDATE_CONTROLLER_OTF_FG_R2,direct_full,same_problem_comparator,1,0,SUCCESS,True,209,Revised OTF-DUCS,SUCCESS,realizable,unverified,false,,Revised Workload / Search,revised_guided_fallback_used,Complete-attractor fallback used,false,boolean,,2026-07-23,metric.boolean.md_6098fbcecc612b39,Revised Workload / Search,boolean,その他,,,,,boolean
workflow__r2__rep01__direct_full,workflow__r2__rep01,8,workflow,,,,r2,UPDATE_CONTROLLER_OTF_FG_R2,direct_full,same_problem_comparator,1,0,SUCCESS,True,210,Revised OTF-DUCS,SUCCESS,realizable,unverified,false,,Revised Workload / Search,revised_guided_maximum_depth,Guided search maximum recursion depth,0,states,,2026-07-23,states.max_value.md_54e8dc40dee23b25,Revised Workload / Search,最大値,状態数,,,,,最大値
workflow__r2__rep01__direct_full,workflow__r2__rep01,8,workflow,,,,r2,UPDATE_CONTROLLER_OTF_FG_R2,direct_full,same_problem_comparator,1,0,SUCCESS,True,211,Revised OTF-DUCS,SUCCESS,realizable,unverified,false,,Revised Workload / Search,revised_attractor_peak_frontier,Complete-attractor peak frontier,196641,states,,2026-07-23,states.states.md_edfb12168b661c2c,Revised Workload / Search,states,状態数,,,,,states
workflow__r2__rep01__direct_full,workflow__r2__rep01,8,workflow,,,,r2,UPDATE_CONTROLLER_OTF_FG_R2,direct_full,same_problem_comparator,1,0,SUCCESS,True,212,Revised OTF-DUCS,SUCCESS,realizable,unverified,false,,Revised Identity,revised_lazy_controllable_buckets_enabled,Lazy controllable-bucket expansion enabled,false,boolean,,2026-07-23,metric.boolean.md_c6db743655039048,Revised Identity,boolean,その他,,,,,boolean
workflow__r2__rep01__direct_full,workflow__r2__rep01,8,workflow,,,,r2,UPDATE_CONTROLLER_OTF_FG_R2,direct_full,same_problem_comparator,1,0,SUCCESS,True,213,Revised OTF-DUCS,SUCCESS,realizable,unverified,false,,Revised Workload / Search,revised_deferred_controllable_candidates,Controllable candidates deferred by complete attractor,0,candidates,,2026-07-23,metric.candidates.md_1ee756f5a120839d,Revised Workload / Search,candidates,その他,,,,,candidates
workflow__r2__rep01__direct_full,workflow__r2__rep01,8,workflow,,,,r2,UPDATE_CONTROLLER_OTF_FG_R2,direct_full,same_problem_comparator,1,0,SUCCESS,True,214,Revised OTF-DUCS,SUCCESS,realizable,unverified,false,,Revised Workload / Search,revised_resumed_controllable_candidates,Deferred controllable candidates later queried,0,candidates,,2026-07-23,metric.candidates.md_92e0d9a3e7c9b078,Revised Workload / Search,candidates,その他,,,,,candidates
workflow__r2__rep01__direct_full,workflow__r2__rep01,8,workflow,,,,r2,UPDATE_CONTROLLER_OTF_FG_R2,direct_full,same_problem_comparator,1,0,SUCCESS,True,215,Revised OTF-DUCS,SUCCESS,realizable,unverified,false,,Revised Workload / Search,revised_deferred_controllable_candidates_unqueried,Deferred controllable candidates left unqueried at termination,0,candidates,,2026-07-23,metric.min_value.md_ea47b9ccb1f8e4b3,Revised Workload / Search,最小値,その他,,,,,最小値
workflow__r2__rep01__direct_full,workflow__r2__rep01,8,workflow,,,,r2,UPDATE_CONTROLLER_OTF_FG_R2,direct_full,same_problem_comparator,1,0,SUCCESS,True,216,Revised OTF-DUCS,SUCCESS,realizable,unverified,false,,Revised Workload / Search,revised_peak_frontier_or_guided_depth,Peak frontier or guided recursion depth,196641,states,"max(guided recursion depth, complete-attractor frontier size); the two components are also reported separately above.",2026-07-23,states.states.md_7f699e89c37f18ea,Revised Workload / Search,states,状態数,,,,,states
workflow__r2__rep01__direct_full,workflow__r2__rep01,8,workflow,,,,r2,UPDATE_CONTROLLER_OTF_FG_R2,direct_full,same_problem_comparator,1,0,SUCCESS,True,217,Revised OTF-DUCS,SUCCESS,realizable,unverified,false,,Revised Completeness,revised_semantic_transitions_unique_availability,"Unique semantic (q,a,q') transition count",unsupported_current_collector,text,,2026-07-23,transitions.transitions.md_299cce6f616bf3a5,Revised Completeness,遷移数,遷移数,,,,,遷移数
workflow__r2__rep01__direct_full,workflow__r2__rep01,8,workflow,,,,r2,UPDATE_CONTROLLER_OTF_FG_R2,direct_full,same_problem_comparator,1,0,SUCCESS,True,218,Revised OTF-DUCS,SUCCESS,realizable,unverified,false,,Revised Correctness,revised_internal_certificate_check,Internal certificate checker,passed,text,,2026-07-23,metric.internal_certificate_checker.md_8a3f66ec98d90bea,Revised Correctness,Internal certificate checker,その他,,,,,Internal certificate checker
workflow__r2__rep01__direct_full,workflow__r2__rep01,8,workflow,,,,r2,UPDATE_CONTROLLER_OTF_FG_R2,direct_full,same_problem_comparator,1,0,SUCCESS,True,219,Revised OTF-DUCS,SUCCESS,realizable,unverified,false,,Revised Correctness,revised_internal_certificate_check_scope,Internal certificate checker scope,same_successor_semantics_not_independent,text,,2026-07-23,metric.internal_certificate_checker_scope.md_3fbdee34f3ac7bf0,Revised Correctness,Internal certificate checker scope,その他,,,,,Internal certificate checker scope
workflow__r2__rep01__direct_full,workflow__r2__rep01,8,workflow,,,,r2,UPDATE_CONTROLLER_OTF_FG_R2,direct_full,same_problem_comparator,1,0,SUCCESS,True,220,Revised OTF-DUCS,SUCCESS,realizable,unverified,false,,Revised Time / Memory,revised_jvm_heap_peak_bytes,JVM heap peak,23049617080,B,,2026-07-23,time.b.md_bf918d46a7d263d6,Revised Time / Memory,B,時間,,,,,B
workflow__r2__rep01__direct_full,workflow__r2__rep01,8,workflow,,,,r2,UPDATE_CONTROLLER_OTF_FG_R2,direct_full,same_problem_comparator,1,0,SUCCESS,True,221,Revised OTF-DUCS,SUCCESS,realizable,unverified,false,,Revised Completeness,revised_peak_rss_availability,Peak RSS availability,not_run_requires_parent_process_monitor,text,,2026-07-23,metric.peak_rss_availability.md_e222f5f0c5f22f29,Revised Completeness,Peak RSS availability,その他,,,,,Peak RSS availability
workflow__r2__rep01__direct_full,workflow__r2__rep01,8,workflow,,,,r2,UPDATE_CONTROLLER_OTF_FG_R2,direct_full,same_problem_comparator,1,0,SUCCESS,True,222,Revised OTF-DUCS,SUCCESS,realizable,unverified,false,,Direct-Full Workload,revised_direct_full_initial_states,Initial states,28,states,,2026-07-23,states.states.md_969c4af5c8c77bd1,Direct-Full Workload,状態数,状態数,,,,,状態数
workflow__r2__rep01__direct_full,workflow__r2__rep01,8,workflow,,,,r2,UPDATE_CONTROLLER_OTF_FG_R2,direct_full,same_problem_comparator,1,0,SUCCESS,True,223,Revised OTF-DUCS,SUCCESS,realizable,unverified,false,,Direct-Full Workload,revised_direct_full_enumerated_states,Exhaustively enumerated states,1774711,states,,2026-07-23,rate.states.md_d69802f823d37805,Direct-Full Workload,状態数,割合,,,,,状態数
workflow__r2__rep01__direct_full,workflow__r2__rep01,8,workflow,,,,r2,UPDATE_CONTROLLER_OTF_FG_R2,direct_full,same_problem_comparator,1,0,SUCCESS,True,224,Revised OTF-DUCS,SUCCESS,realizable,unverified,false,,Direct-Full Workload,revised_direct_full_expanded_states,Expanded states,672749,states,,2026-07-23,states.states.md_80cd954f91f69d04,Direct-Full Workload,状態数,状態数,,,,,状態数
workflow__r2__rep01__direct_full,workflow__r2__rep01,8,workflow,,,,r2,UPDATE_CONTROLLER_OTF_FG_R2,direct_full,same_problem_comparator,1,0,SUCCESS,True,225,Revised OTF-DUCS,SUCCESS,realizable,unverified,false,,Direct-Full Workload,revised_direct_full_successor_queries,Successor state-action queries,16073935,calls,,2026-07-23,states.calls.md_323843a2b6824279,Direct-Full Workload,calls,状態数,,,,,calls
workflow__r2__rep01__direct_full,workflow__r2__rep01,8,workflow,,,,r2,UPDATE_CONTROLLER_OTF_FG_R2,direct_full,same_problem_comparator,1,0,SUCCESS,True,226,Revised OTF-DUCS,SUCCESS,realizable,unverified,false,,Direct-Full Workload,revised_direct_full_enabled_action_buckets,Enabled action buckets,3134552,buckets,,2026-07-23,metric.buckets.md_5046eca73a5850a6,Direct-Full Workload,buckets,その他,,,,,buckets
workflow__r2__rep01__direct_full,workflow__r2__rep01,8,workflow,,,,r2,UPDATE_CONTROLLER_OTF_FG_R2,direct_full,same_problem_comparator,1,0,SUCCESS,True,227,Revised OTF-DUCS,SUCCESS,realizable,unverified,false,,Direct-Full Workload,revised_direct_full_materialized_transition_outcomes,Materialized transition outcomes,3134552,outcomes,,2026-07-23,transitions.outcomes.md_c3c31b5584aa177b,Direct-Full Workload,outcomes,遷移数,,,,,outcomes
workflow__r2__rep01__direct_full,workflow__r2__rep01,8,workflow,,,,r2,UPDATE_CONTROLLER_OTF_FG_R2,direct_full,same_problem_comparator,1,0,SUCCESS,True,228,Revised OTF-DUCS,SUCCESS,realizable,unverified,false,,Direct-Full Workload,revised_direct_full_peak_enumeration_frontier,Peak enumeration frontier,196641,states,,2026-07-23,states.states.md_e76944829b30dcb8,Direct-Full Workload,states,状態数,,,,,states
workflow__r2__rep01__direct_full,workflow__r2__rep01,8,workflow,,,,r2,UPDATE_CONTROLLER_OTF_FG_R2,direct_full,same_problem_comparator,1,0,SUCCESS,True,229,Revised OTF-DUCS,SUCCESS,realizable,unverified,false,,Direct-Full Workload,revised_direct_full_fixed_point_iterations,Explicit fixed-point iterations,23,iterations,,2026-07-23,metric.iterations.md_954fcfadcf4ae196,Direct-Full Workload,iterations,その他,,,,,iterations
workflow__r2__rep01__direct_full,workflow__r2__rep01,8,workflow,,,,r2,UPDATE_CONTROLLER_OTF_FG_R2,direct_full,same_problem_comparator,1,0,SUCCESS,True,230,Revised OTF-DUCS,SUCCESS,realizable,unverified,false,,Direct-Full Workload,revised_direct_full_fixed_point_state_inspections,Fixed-point state inspections,11324313,inspections,,2026-07-23,states.inspections.md_29611ae1a338fa75,Direct-Full Workload,inspections,状態数,,,,,inspections
workflow__r2__rep01__direct_full,workflow__r2__rep01,8,workflow,,,,r2,UPDATE_CONTROLLER_OTF_FG_R2,direct_full,same_problem_comparator,1,0,SUCCESS,True,231,Revised OTF-DUCS,SUCCESS,realizable,unverified,false,,Direct-Full Workload,revised_direct_full_fixed_point_bucket_inspections,Fixed-point action-bucket inspections,33569853,inspections,,2026-07-23,metric.inspections.md_6c32f20802f646bb,Direct-Full Workload,inspections,その他,,,,,inspections
workflow__r2__rep01__direct_full,workflow__r2__rep01,8,workflow,,,,r2,UPDATE_CONTROLLER_OTF_FG_R2,direct_full,same_problem_comparator,1,0,SUCCESS,True,232,Revised OTF-DUCS,SUCCESS,realizable,unverified,false,,Direct-Full Workload,revised_direct_full_fixed_point_outcome_inspections,Fixed-point outcome inspections,33569853,inspections,,2026-07-23,metric.inspections.md_0888301953173870,Direct-Full Workload,inspections,その他,,,,,inspections
workflow__r2__rep01__direct_full,workflow__r2__rep01,8,workflow,,,,r2,UPDATE_CONTROLLER_OTF_FG_R2,direct_full,same_problem_comparator,1,0,SUCCESS,True,233,Revised OTF-DUCS,SUCCESS,realizable,unverified,false,,Revised Time / Memory,revised_direct_full_enumeration_time,Direct-Full exhaustive enumeration time,170169.528,ms,,2026-07-23,time.time.md_59e3189379ec5ebd,Revised Time / Memory,時間,時間,,,,,時間
workflow__r2__rep01__direct_full,workflow__r2__rep01,8,workflow,,,,r2,UPDATE_CONTROLLER_OTF_FG_R2,direct_full,same_problem_comparator,1,0,SUCCESS,True,234,Revised OTF-DUCS,SUCCESS,realizable,unverified,false,,Revised Time / Memory,revised_direct_full_fixed_point_time,Direct-Full explicit fixed-point time,1207344.150,ms,,2026-07-23,time.time.md_de0add8da8a28a2c,Revised Time / Memory,時間,時間,,,,,時間
workflow__r2__rep01__direct_full,workflow__r2__rep01,8,workflow,,,,r2,UPDATE_CONTROLLER_OTF_FG_R2,direct_full,same_problem_comparator,1,0,SUCCESS,True,235,Revised OTF-DUCS,SUCCESS,realizable,unverified,false,,Revised Time / Memory,revised_direct_full_certificate_time,Direct-Full certificate extraction time,12.626,ms,,2026-07-23,time.time.md_507018fe38c1a637,Revised Time / Memory,時間,時間,,,,,時間
workflow__r2__rep01__direct_full,workflow__r2__rep01,8,workflow,,,,r2,UPDATE_CONTROLLER_OTF_FG_R2,direct_full,same_problem_comparator,1,0,SUCCESS,True,236,Revised OTF-DUCS,SUCCESS,realizable,unverified,false,,Revised Correctness,revised_independent_verification_status,Independent explicit verification status,not_run,text,,2026-07-23,metric.independent_explicit_verification_status.md_1a8d509fbe888cdc,Revised Correctness,Independent explicit verification status,その他,,,,,Independent explicit verification status
workflow__r2__rep01__direct_full,workflow__r2__rep01,8,workflow,,,,r2,UPDATE_CONTROLLER_OTF_FG_R2,direct_full,same_problem_comparator,1,0,SUCCESS,True,237,Revised OTF-DUCS,SUCCESS,realizable,unverified,false,,Revised Outcome,revised_decision,Decision,realizable,text,,2026-07-23,metric.decision.md_6cd465d50a6deb52,Revised Outcome,Decision,その他,,,,,Decision
workflow__r2__rep01__direct_full,workflow__r2__rep01,8,workflow,,,,r2,UPDATE_CONTROLLER_OTF_FG_R2,direct_full,same_problem_comparator,1,0,SUCCESS,True,238,Revised OTF-DUCS,SUCCESS,realizable,unverified,false,,Revised Correctness,revised_certificate_states,Winning-certificate states,146,states,,2026-07-23,states.states.md_c37dc70631362ad6,Revised Correctness,状態数,状態数,,,,,状態数
workflow__r2__rep01__direct_full,workflow__r2__rep01,8,workflow,,,,r2,UPDATE_CONTROLLER_OTF_FG_R2,direct_full,same_problem_comparator,1,0,SUCCESS,True,239,Revised OTF-DUCS,SUCCESS,realizable,unverified,false,,Revised Correctness,revised_certificate_strategy_action_buckets,Strategy state-action buckets,144,buckets,,2026-07-23,rate.rate.md_373150d1b4ca8768,Revised Correctness,割合,割合,,,,,割合
workflow__r2__rep01__direct_full,workflow__r2__rep01,8,workflow,,,,r2,UPDATE_CONTROLLER_OTF_FG_R2,direct_full,same_problem_comparator,1,0,SUCCESS,True,240,Revised OTF-DUCS,SUCCESS,realizable,unverified,false,,Revised Correctness,revised_certificate_strategy_transitions_unique,"Strategy transitions (unique q,a,q')",144,transitions,,2026-07-23,rate.transitions.md_020bd57e14f93436,Revised Correctness,遷移数,割合,,,,,遷移数
workflow__r2__rep01__direct_full,workflow__r2__rep01,8,workflow,,,,r2,UPDATE_CONTROLLER_OTF_FG_R2,direct_full,same_problem_comparator,1,0,SUCCESS,True,241,Revised OTF-DUCS,SUCCESS,realizable,unverified,false,,Revised Correctness,revised_certificate_goal_matches,Atomic Goal links,7,links,,2026-07-23,metric.links.md_deef9cdbef729af2,Revised Correctness,links,その他,,,,,links
workflow__r2__rep01__direct_full,workflow__r2__rep01,8,workflow,,,,r2,UPDATE_CONTROLLER_OTF_FG_R2,direct_full,same_problem_comparator,1,0,SUCCESS,True,242,Revised OTF-DUCS,SUCCESS,realizable,unverified,false,,Revised Correctness,revised_worst_completion_rank,Worst completion rank,19,steps,,2026-07-23,metric.steps.md_73f28bb88b3c0b9d,Revised Correctness,steps,その他,,,,,steps
workflow__r2__rep01__direct_full,workflow__r2__rep01,8,workflow,,,,r2,UPDATE_CONTROLLER_OTF_FG_R2,direct_full,same_problem_comparator,1,0,SUCCESS,True,243,Revised OTF-DUCS,SUCCESS,realizable,unverified,false,,Revised Correctness,revised_certificate_phase_masks,Distinct pending-action masks in certificate,17,masks,,2026-07-23,metric.update_phase.md_00ceb91cbcd12250,Revised Correctness,更新段階,その他,,,,,更新段階
workflow__r2__rep01__direct_full,workflow__r2__rep01,8,workflow,,,,r2,UPDATE_CONTROLLER_OTF_FG_R2,direct_full,same_problem_comparator,1,0,SUCCESS,True,244,Revised OTF-DUCS,SUCCESS,realizable,unverified,false,,Revised Time / Memory,revised_link_and_export_time,Atomic Link checking and export time,48.560,ms,,2026-07-23,time.time.md_2c569f24cc2b3092,Revised Time / Memory,時間,時間,,,,,時間
workflow__r2__rep01__direct_full,workflow__r2__rep01,8,workflow,,,,r2,UPDATE_CONTROLLER_OTF_FG_R2,direct_full,same_problem_comparator,1,0,SUCCESS,True,245,Revised OTF-DUCS,SUCCESS,realizable,unverified,false,,Revised Correctness,revised_link_checker,Atomic Link checker,passed,text,,2026-07-23,metric.atomic_link_checker.md_61a2c35f3e105488,Revised Correctness,Atomic Link checker,その他,,,,,Atomic Link checker
workflow__r2__rep01__direct_full,workflow__r2__rep01,8,workflow,,,,r2,UPDATE_CONTROLLER_OTF_FG_R2,direct_full,same_problem_comparator,1,0,SUCCESS,True,246,Revised OTF-DUCS,SUCCESS,realizable,unverified,false,,Revised Workload / Output,revised_output_controller_states,Output controller states,188,states,,2026-07-23,states.states.md_923744945567231b,Revised Workload / Output,状態数,状態数,,,,,状態数
workflow__r2__rep01__direct_full,workflow__r2__rep01,8,workflow,,,,r2,UPDATE_CONTROLLER_OTF_FG_R2,direct_full,same_problem_comparator,1,0,SUCCESS,True,247,Revised OTF-DUCS,SUCCESS,realizable,unverified,false,,Revised Workload / Output,revised_output_controller_transitions,Output controller transitions,238,transitions,,2026-07-23,transitions.transitions.md_4cf0e6d4c713d1ff,Revised Workload / Output,遷移数,遷移数,,,,,遷移数
workflow__r2__rep01__direct_full,workflow__r2__rep01,8,workflow,,,,r2,UPDATE_CONTROLLER_OTF_FG_R2,direct_full,same_problem_comparator,1,0,SUCCESS,True,248,Revised OTF-DUCS,SUCCESS,realizable,unverified,false,,Revised Workload / Guard Coverage,revised_new_requirement_0_id,New requirement ID,new:P_ARCHIVE_POLICY:0,text,,2026-07-23,metric.new_requirement_id.md_11d055d49e537324,Revised Workload / Guard Coverage,New requirement ID,その他,,,,,New requirement ID
workflow__r2__rep01__direct_full,workflow__r2__rep01,8,workflow,,,,r2,UPDATE_CONTROLLER_OTF_FG_R2,direct_full,same_problem_comparator,1,0,SUCCESS,True,249,Revised OTF-DUCS,SUCCESS,realizable,unverified,false,,Revised Workload / Guard Coverage,revised_new_requirement_0_activation_guard_states,Activation guard states for new:P_ARCHIVE_POLICY:0,43392,states,,2026-07-23,states.states.md_f3cd058c1bcfa346,Revised Workload / Guard Coverage,状態数,状態数,,,,,状態数
workflow__r2__rep01__direct_full,workflow__r2__rep01,8,workflow,,,,r2,UPDATE_CONTROLLER_OTF_FG_R2,direct_full,same_problem_comparator,1,0,SUCCESS,True,250,Revised OTF-DUCS,SUCCESS,realizable,unverified,false,,Revised Workload / Guard Coverage,revised_new_requirement_0_reached_start_states,Reached start states for new:P_ARCHIVE_POLICY:0,7,states,,2026-07-23,states.states.md_ff49f58b6b6f633f,Revised Workload / Guard Coverage,状態数,状態数,,,,,状態数
workflow__r2__rep01__direct_full,workflow__r2__rep01,8,workflow,,,,r2,UPDATE_CONTROLLER_OTF_FG_R2,direct_full,same_problem_comparator,1,0,SUCCESS,True,251,Revised OTF-DUCS,SUCCESS,realizable,unverified,false,,Revised Workload / Guard Coverage,revised_new_requirement_0_guard_coverage,Guard coverage for new:P_ARCHIVE_POLICY:0,0.000161,ratio,distinct strategy-reachable physical sources of startNewSpec_P_ARCHIVE_POLICY / |D_r|.,2026-07-23,rate.ratio.md_e8013a32d8c4566c,Revised Workload / Guard Coverage,ratio,割合,,,,,ratio
workflow__r2__rep01__direct_full,workflow__r2__rep01,8,workflow,,,,r2,UPDATE_CONTROLLER_OTF_FG_R2,direct_full,same_problem_comparator,1,0,SUCCESS,True,252,Revised OTF-DUCS,SUCCESS,realizable,unverified,false,,Revised Workload / Guard Coverage,revised_new_requirement_1_id,New requirement ID,new:P_AVOID_ROLLBACK:1,text,,2026-07-23,metric.new_requirement_id.md_ac76c3b63218d266,Revised Workload / Guard Coverage,New requirement ID,その他,,,,,New requirement ID
workflow__r2__rep01__direct_full,workflow__r2__rep01,8,workflow,,,,r2,UPDATE_CONTROLLER_OTF_FG_R2,direct_full,same_problem_comparator,1,0,SUCCESS,True,253,Revised OTF-DUCS,SUCCESS,realizable,unverified,false,,Revised Workload / Guard Coverage,revised_new_requirement_1_activation_guard_states,Activation guard states for new:P_AVOID_ROLLBACK:1,38272,states,,2026-07-23,states.states.md_4ee4522dd5cbfa6a,Revised Workload / Guard Coverage,状態数,状態数,,,,,状態数
workflow__r2__rep01__direct_full,workflow__r2__rep01,8,workflow,,,,r2,UPDATE_CONTROLLER_OTF_FG_R2,direct_full,same_problem_comparator,1,0,SUCCESS,True,254,Revised OTF-DUCS,SUCCESS,realizable,unverified,false,,Revised Workload / Guard Coverage,revised_new_requirement_1_reached_start_states,Reached start states for new:P_AVOID_ROLLBACK:1,7,states,,2026-07-23,states.states.md_9b6ed1262958b0e0,Revised Workload / Guard Coverage,状態数,状態数,,,,,状態数
workflow__r2__rep01__direct_full,workflow__r2__rep01,8,workflow,,,,r2,UPDATE_CONTROLLER_OTF_FG_R2,direct_full,same_problem_comparator,1,0,SUCCESS,True,255,Revised OTF-DUCS,SUCCESS,realizable,unverified,false,,Revised Workload / Guard Coverage,revised_new_requirement_1_guard_coverage,Guard coverage for new:P_AVOID_ROLLBACK:1,0.000183,ratio,distinct strategy-reachable physical sources of startNewSpec_P_AVOID_ROLLBACK / |D_r|.,2026-07-23,rate.ratio.md_7a499d82819ca72c,Revised Workload / Guard Coverage,ratio,割合,,,,,ratio
workflow__r2__rep01__direct_full,workflow__r2__rep01,8,workflow,,,,r2,UPDATE_CONTROLLER_OTF_FG_R2,direct_full,same_problem_comparator,1,0,SUCCESS,True,256,Revised OTF-DUCS,SUCCESS,realizable,unverified,false,,Revised Workload / Guard Coverage,revised_new_requirement_2_id,New requirement ID,new:P_DONT_INIT_TWICE:2,text,,2026-07-23,metric.new_requirement_id.md_ae2207ed03efcc7e,Revised Workload / Guard Coverage,New requirement ID,その他,,,,,New requirement ID
workflow__r2__rep01__direct_full,workflow__r2__rep01,8,workflow,,,,r2,UPDATE_CONTROLLER_OTF_FG_R2,direct_full,same_problem_comparator,1,0,SUCCESS,True,257,Revised OTF-DUCS,SUCCESS,realizable,unverified,false,,Revised Workload / Guard Coverage,revised_new_requirement_2_activation_guard_states,Activation guard states for new:P_DONT_INIT_TWICE:2,46464,states,,2026-07-23,states.states.md_55abab89f025dc83,Revised Workload / Guard Coverage,状態数,状態数,,,,,状態数
workflow__r2__rep01__direct_full,workflow__r2__rep01,8,workflow,,,,r2,UPDATE_CONTROLLER_OTF_FG_R2,direct_full,same_problem_comparator,1,0,SUCCESS,True,258,Revised OTF-DUCS,SUCCESS,realizable,unverified,false,,Revised Workload / Guard Coverage,revised_new_requirement_2_reached_start_states,Reached start states for new:P_DONT_INIT_TWICE:2,7,states,,2026-07-23,states.states.md_87abef7fad4befc2,Revised Workload / Guard Coverage,状態数,状態数,,,,,状態数
workflow__r2__rep01__direct_full,workflow__r2__rep01,8,workflow,,,,r2,UPDATE_CONTROLLER_OTF_FG_R2,direct_full,same_problem_comparator,1,0,SUCCESS,True,259,Revised OTF-DUCS,SUCCESS,realizable,unverified,false,,Revised Workload / Guard Coverage,revised_new_requirement_2_guard_coverage,Guard coverage for new:P_DONT_INIT_TWICE:2,0.000151,ratio,distinct strategy-reachable physical sources of startNewSpec_P_DONT_INIT_TWICE / |D_r|.,2026-07-23,rate.ratio.md_24051656a843c7a9,Revised Workload / Guard Coverage,ratio,割合,,,,,ratio
workflow__r2__rep01__direct_full,workflow__r2__rep01,8,workflow,,,,r2,UPDATE_CONTROLLER_OTF_FG_R2,direct_full,same_problem_comparator,1,0,SUCCESS,True,260,Revised OTF-DUCS,SUCCESS,realizable,unverified,false,,Revised Workload / Guard Coverage,revised_new_requirement_3_id,New requirement ID,new:P_EVAL_POLICY:3,text,,2026-07-23,metric.new_requirement_id.md_aef5cab828559ac2,Revised Workload / Guard Coverage,New requirement ID,その他,,,,,New requirement ID
workflow__r2__rep01__direct_full,workflow__r2__rep01,8,workflow,,,,r2,UPDATE_CONTROLLER_OTF_FG_R2,direct_full,same_problem_comparator,1,0,SUCCESS,True,261,Revised OTF-DUCS,SUCCESS,realizable,unverified,false,,Revised Workload / Guard Coverage,revised_new_requirement_3_activation_guard_states,Activation guard states for new:P_EVAL_POLICY:3,51072,states,,2026-07-23,states.states.md_a3957cde4a56d69f,Revised Workload / Guard Coverage,状態数,状態数,,,,,状態数
workflow__r2__rep01__direct_full,workflow__r2__rep01,8,workflow,,,,r2,UPDATE_CONTROLLER_OTF_FG_R2,direct_full,same_problem_comparator,1,0,SUCCESS,True,262,Revised OTF-DUCS,SUCCESS,realizable,unverified,false,,Revised Workload / Guard Coverage,revised_new_requirement_3_reached_start_states,Reached start states for new:P_EVAL_POLICY:3,7,states,,2026-07-23,states.states.md_fbb8d1eb566adaf0,Revised Workload / Guard Coverage,状態数,状態数,,,,,状態数
workflow__r2__rep01__direct_full,workflow__r2__rep01,8,workflow,,,,r2,UPDATE_CONTROLLER_OTF_FG_R2,direct_full,same_problem_comparator,1,0,SUCCESS,True,263,Revised OTF-DUCS,SUCCESS,realizable,unverified,false,,Revised Workload / Guard Coverage,revised_new_requirement_3_guard_coverage,Guard coverage for new:P_EVAL_POLICY:3,0.000137,ratio,distinct strategy-reachable physical sources of startNewSpec_P_EVAL_POLICY / |D_r|.,2026-07-23,rate.ratio.md_21f573345a1d5080,Revised Workload / Guard Coverage,ratio,割合,,,,,ratio
workflow__r2__rep01__direct_full,workflow__r2__rep01,8,workflow,,,,r2,UPDATE_CONTROLLER_OTF_FG_R2,direct_full,same_problem_comparator,1,0,SUCCESS,True,264,Revised OTF-DUCS,SUCCESS,realizable,unverified,false,,Revised Workload / Guard Coverage,revised_new_requirement_4_id,New requirement ID,new:P_INITS_POLICY:4,text,,2026-07-23,metric.new_requirement_id.md_9c1f8c657480c54f,Revised Workload / Guard Coverage,New requirement ID,その他,,,,,New requirement ID
workflow__r2__rep01__direct_full,workflow__r2__rep01,8,workflow,,,,r2,UPDATE_CONTROLLER_OTF_FG_R2,direct_full,same_problem_comparator,1,0,SUCCESS,True,265,Revised OTF-DUCS,SUCCESS,realizable,unverified,false,,Revised Workload / Guard Coverage,revised_new_requirement_4_activation_guard_states,Activation guard states for new:P_INITS_POLICY:4,52608,states,,2026-07-23,states.states.md_41b04eb94a1c2cf9,Revised Workload / Guard Coverage,状態数,状態数,,,,,状態数
workflow__r2__rep01__direct_full,workflow__r2__rep01,8,workflow,,,,r2,UPDATE_CONTROLLER_OTF_FG_R2,direct_full,same_problem_comparator,1,0,SUCCESS,True,266,Revised OTF-DUCS,SUCCESS,realizable,unverified,false,,Revised Workload / Guard Coverage,revised_new_requirement_4_reached_start_states,Reached start states for new:P_INITS_POLICY:4,7,states,,2026-07-23,states.states.md_456fcb20076108bc,Revised Workload / Guard Coverage,状態数,状態数,,,,,状態数
workflow__r2__rep01__direct_full,workflow__r2__rep01,8,workflow,,,,r2,UPDATE_CONTROLLER_OTF_FG_R2,direct_full,same_problem_comparator,1,0,SUCCESS,True,267,Revised OTF-DUCS,SUCCESS,realizable,unverified,false,,Revised Workload / Guard Coverage,revised_new_requirement_4_guard_coverage,Guard coverage for new:P_INITS_POLICY:4,0.000133,ratio,distinct strategy-reachable physical sources of startNewSpec_P_INITS_POLICY / |D_r|.,2026-07-23,rate.ratio.md_ab686105a7d395fc,Revised Workload / Guard Coverage,ratio,割合,,,,,ratio
workflow__r2__rep01__direct_full,workflow__r2__rep01,8,workflow,,,,r2,UPDATE_CONTROLLER_OTF_FG_R2,direct_full,same_problem_comparator,1,0,SUCCESS,True,268,Revised OTF-DUCS,SUCCESS,realizable,unverified,false,,Revised Workload / Guard Coverage,revised_new_requirement_5_id,New requirement ID,new:P_SEQUENTIAL:5,text,,2026-07-23,metric.new_requirement_id.md_5e41b35fa627600f,Revised Workload / Guard Coverage,New requirement ID,その他,,,,,New requirement ID
workflow__r2__rep01__direct_full,workflow__r2__rep01,8,workflow,,,,r2,UPDATE_CONTROLLER_OTF_FG_R2,direct_full,same_problem_comparator,1,0,SUCCESS,True,269,Revised OTF-DUCS,SUCCESS,realizable,unverified,false,,Revised Workload / Guard Coverage,revised_new_requirement_5_activation_guard_states,Activation guard states for new:P_SEQUENTIAL:5,38272,states,,2026-07-23,states.states.md_bc4286d351ffe945,Revised Workload / Guard Coverage,状態数,状態数,,,,,状態数
workflow__r2__rep01__direct_full,workflow__r2__rep01,8,workflow,,,,r2,UPDATE_CONTROLLER_OTF_FG_R2,direct_full,same_problem_comparator,1,0,SUCCESS,True,270,Revised OTF-DUCS,SUCCESS,realizable,unverified,false,,Revised Workload / Guard Coverage,revised_new_requirement_5_reached_start_states,Reached start states for new:P_SEQUENTIAL:5,7,states,,2026-07-23,states.states.md_1bdbf340bad696bd,Revised Workload / Guard Coverage,状態数,状態数,,,,,状態数
workflow__r2__rep01__direct_full,workflow__r2__rep01,8,workflow,,,,r2,UPDATE_CONTROLLER_OTF_FG_R2,direct_full,same_problem_comparator,1,0,SUCCESS,True,271,Revised OTF-DUCS,SUCCESS,realizable,unverified,false,,Revised Workload / Guard Coverage,revised_new_requirement_5_guard_coverage,Guard coverage for new:P_SEQUENTIAL:5,0.000183,ratio,distinct strategy-reachable physical sources of startNewSpec_P_SEQUENTIAL / |D_r|.,2026-07-23,rate.ratio.md_2f129b1a788f8f32,Revised Workload / Guard Coverage,ratio,割合,,,,,ratio
workflow__r2__rep01__direct_full,workflow__r2__rep01,8,workflow,,,,r2,UPDATE_CONTROLLER_OTF_FG_R2,direct_full,same_problem_comparator,1,0,SUCCESS,True,272,Revised OTF-DUCS,SUCCESS,realizable,unverified,false,,Revised Workload / Guard Coverage,revised_guard_coverage_macro_average,Guard coverage macro average,0.000158,ratio,Arithmetic mean of per-new-requirement guard coverage; 0 when there is no new requirement.,2026-07-23,rate.average_value.md_8e10535dbc2fb228,Revised Workload / Guard Coverage,平均値,割合,,,,,平均値
workflow__r2__rep01__direct_full,workflow__r2__rep01,8,workflow,,,,r2,UPDATE_CONTROLLER_OTF_FG_R2,direct_full,same_problem_comparator,1,0,SUCCESS,True,273,Revised OTF-DUCS,SUCCESS,realizable,unverified,false,,Revised Completeness,revised_true_end_to_end_time_availability,Process-level end-to-end time,not_run_requires_parent_process,text,,2026-07-23,time.process_level_end_to_end_time.md_62d4ce07a247f5fc,Revised Completeness,Process-level end-to-end time,時間,,,,,Process-level end-to-end time
workflow__r2__rep01__direct_full,workflow__r2__rep01,8,workflow,,,,r2,UPDATE_CONTROLLER_OTF_FG_R2,direct_full,same_problem_comparator,1,0,SUCCESS,True,274,Revised OTF-DUCS,SUCCESS,realizable,unverified,false,,Revised Completeness,revised_record_valid,Paper evaluation record valid,false,boolean,,2026-07-23,metric.boolean.md_a2a4933f4fd976f6,Revised Completeness,boolean,その他,,,,,boolean
workflow__r2__rep01__direct_full,workflow__r2__rep01,8,workflow,,,,r2,UPDATE_CONTROLLER_OTF_FG_R2,direct_full,same_problem_comparator,1,0,SUCCESS,True,275,Revised OTF-DUCS,SUCCESS,realizable,unverified,false,,Revised Completeness,revised_missing_required_metrics,Missing required paper-evaluation metrics,independent_input_language_verification;independent_semantic_verification;peak_rss;process_end_to_end;component_requirement_dependency_density;discovered_phase_coverage;memo_table_peak;unique_semantic_transitions,metric_ids,,2026-07-23,metric.metric_ids.md_8ccb4b17246851c6,Revised Completeness,metric_ids,その他,,,,,metric_ids
workflow__r2__rep01__direct_full,workflow__r2__rep01,8,workflow,,,,r2,UPDATE_CONTROLLER_OTF_FG_R2,direct_full,same_problem_comparator,1,0,SUCCESS,True,276,Revised OTF-DUCS,SUCCESS,realizable,unverified,false,,共通 / HPWindow,synthesis_problem_preparation_time,合成問題準備時間,1383774,ms,,2026-07-23,time.time.md_09b74c0f46591e4c,共通処理: GUI/全体計測,時間,時間,,,,,時間
workflow__r2__rep01__direct_full,workflow__r2__rep01,8,workflow,,,,r2,UPDATE_CONTROLLER_OTF_FG_R2,direct_full,same_problem_comparator,1,0,SUCCESS,True,277,Revised OTF-DUCS,SUCCESS,realizable,unverified,false,,メモリ使用量チェックポイント,auto_9960e47_current_heap,構文解析・合成問題準備後 / 現在ヒープ,14914814440,B,,2026-07-23,memory.b.md_1c8fd4a3a122765c,メモリ使用量,B,メモリ,,,,,B
workflow__r2__rep01__direct_full,workflow__r2__rep01,8,workflow,,,,r2,UPDATE_CONTROLLER_OTF_FG_R2,direct_full,same_problem_comparator,1,0,SUCCESS,True,278,Revised OTF-DUCS,SUCCESS,realizable,unverified,false,,メモリ使用量チェックポイント,auto_9960e47_peak_heap,構文解析・合成問題準備後 / ピークヒープ,23049617080,B,,2026-07-23,memory.b.md_a983554f06da3af6,メモリ使用量,B,メモリ,,,,,B
workflow__r2__rep01__direct_full,workflow__r2__rep01,8,workflow,,,,r2,UPDATE_CONTROLLER_OTF_FG_R2,direct_full,same_problem_comparator,1,0,SUCCESS,True,279,Revised OTF-DUCS,SUCCESS,realizable,unverified,false,,メモリ使用量チェックポイント,auto_9960e47_delta_from_start,構文解析・合成問題準備後 / 開始時からの増減,14908121464,B,,2026-07-23,memory.b.md_b4a9110a2af53f59,メモリ使用量,B,メモリ,,,,,B
workflow__r2__rep01__direct_full,workflow__r2__rep01,8,workflow,,,,r2,UPDATE_CONTROLLER_OTF_FG_R2,direct_full,same_problem_comparator,1,0,SUCCESS,True,280,Revised OTF-DUCS,SUCCESS,realizable,unverified,false,,メモリ使用量チェックポイント,auto_9960e47_delta_from_previous,構文解析・合成問題準備後 / 直前からの増減,14899116560,B,,2026-07-23,memory.b.md_46004b7fe29fec85,メモリ使用量,B,メモリ,,,,,B
workflow__r2__rep01__direct_full,workflow__r2__rep01,8,workflow,,,,r2,UPDATE_CONTROLLER_OTF_FG_R2,direct_full,same_problem_comparator,1,0,SUCCESS,True,281,Revised OTF-DUCS,SUCCESS,realizable,unverified,false,,共通 / HPWindow,total_time,合成ボタンを押してから合成完了までの時間,1384049,ms,,2026-07-23,time.time.md_08e0b5ae6a5691f2,共通処理: GUI/全体計測,時間,時間,,,,,時間
workflow__r2__rep01__direct_full,workflow__r2__rep01,8,workflow,,,,r2,UPDATE_CONTROLLER_OTF_FG_R2,direct_full,same_problem_comparator,1,0,SUCCESS,True,282,Revised OTF-DUCS,SUCCESS,realizable,unverified,false,,共通 / HPWindow,compile_if_change_total_time,compileIfChange 全体時間（参考）,1383886,ms,,2026-07-23,time.time.md_4be3eaae565910a4,共通処理: GUI/全体計測,時間,時間,,,,,時間
workflow__r2__rep01__direct_full,workflow__r2__rep01,8,workflow,,,,r2,UPDATE_CONTROLLER_OTF_FG_R2,direct_full,same_problem_comparator,1,0,SUCCESS,True,283,Revised OTF-DUCS,SUCCESS,realizable,unverified,false,,共通 / HPWindow,update_controller_generation_time,update controller 生成時間,97,ms,,2026-07-23,time.time.md_ae877d3289a1c470,共通処理: GUI/全体計測,時間,時間,,,,,時間
workflow__r2__rep01__direct_full,workflow__r2__rep01,8,workflow,,,,r2,UPDATE_CONTROLLER_OTF_FG_R2,direct_full,same_problem_comparator,1,0,SUCCESS,True,284,Revised OTF-DUCS,SUCCESS,realizable,unverified,false,,共通 / HPWindow,controller_synthesis_related_time,コントローラ合成時間,1383871,ms,,2026-07-23,time.time.md_698154c8c19a6a48,共通処理: GUI/全体計測,時間,時間,,,,,時間
workflow__r2__rep01__direct_full,workflow__r2__rep01,8,workflow,,,,r2,UPDATE_CONTROLLER_OTF_FG_R2,direct_full,same_problem_comparator,1,0,SUCCESS,True,285,Revised OTF-DUCS,SUCCESS,realizable,unverified,false,,共通 / HPWindow,controller_draw_time,コントローラ描画時間,0,ms,,2026-07-23,time.time.md_bb895fce6603a5d6,共通処理: GUI/全体計測,時間,時間,,,,,時間
workflow__r2__rep01__direct_full,workflow__r2__rep01,8,workflow,,,,r2,UPDATE_CONTROLLER_OTF_FG_R2,direct_full,same_problem_comparator,1,0,SUCCESS,True,286,Revised OTF-DUCS,SUCCESS,realizable,unverified,false,,共通 / HPWindow,controller_synthesis_base_memory,コントローラ合成のベースラインメモリ,6692976,B,,2026-07-23,memory.b.md_3ab68ddb7e92dc40,共通処理: GUI/全体計測,B,メモリ,,,,,B
workflow__r2__rep01__direct_full,workflow__r2__rep01,8,workflow,,,,r2,UPDATE_CONTROLLER_OTF_FG_R2,direct_full,same_problem_comparator,1,0,SUCCESS,True,287,Revised OTF-DUCS,SUCCESS,realizable,unverified,false,,共通 / HPWindow,controller_synthesis_peak_memory,コントローラ合成全体のピークメモリ,23049617080,B,,2026-07-23,memory.b.md_9050f85f9d9ce9db,共通処理: GUI/全体計測,B,メモリ,,,,,B
workflow__r2__rep01__direct_full,workflow__r2__rep01,8,workflow,,,,r2,UPDATE_CONTROLLER_OTF_FG_R2,direct_full,same_problem_comparator,1,0,SUCCESS,True,288,Revised OTF-DUCS,SUCCESS,realizable,unverified,false,,共通 / HPWindow,controller_synthesis_memory_increase,コントローラ合成により増えたメモリ,23042924104,B,,2026-07-23,memory.b.md_7ca77181c6132832,共通処理: GUI/全体計測,B,メモリ,,,,,B
workflow__r2__rep01__direct_full,workflow__r2__rep01,8,workflow,,,,r2,UPDATE_CONTROLLER_OTF_FG_R2,direct_full,same_problem_comparator,1,0,SUCCESS,True,289,Revised OTF-DUCS,SUCCESS,realizable,unverified,false,,Output Update Controller,output_update_controller_states,States,187,states,,2026-07-23,states.states.md_c064978fee1cb833,出力UC: 最終結果の状態空間サイズ,出力Update Controller / 状態数,状態数,出力Update Controller,,,,状態数
workflow__r2__rep01__direct_full,workflow__r2__rep01,8,workflow,,,,r2,UPDATE_CONTROLLER_OTF_FG_R2,direct_full,same_problem_comparator,1,0,SUCCESS,True,290,Revised OTF-DUCS,SUCCESS,realizable,unverified,false,,Output Update Controller,output_update_controller_transitions,Transitions,237,transitions,,2026-07-23,transitions.transitions.md_5ec5d7f5d9a81efe,出力UC: 最終結果の状態空間サイズ,出力Update Controller / 遷移数,遷移数,出力Update Controller,,,,遷移数
workflow__r2__rep01__direct_full,workflow__r2__rep01,8,workflow,,,,r2,UPDATE_CONTROLLER_OTF_FG_R2,direct_full,same_problem_comparator,1,0,SUCCESS,True,291,Revised OTF-DUCS,SUCCESS,realizable,unverified,false,,Output Update Controller,output_update_controller_count_time,CountTime,0,ms,,2026-07-23,time.count_time.md_16ecd22a801b464c,出力UC: 最終結果の状態空間サイズ,出力Update Controller / 評価用カウント時間,時間,出力Update Controller,,,,評価用カウント時間
workflow__r2__rep01__direct_full,workflow__r2__rep01,8,workflow,,,,r2,UPDATE_CONTROLLER_OTF_FG_R2,direct_full,same_problem_comparator,1,0,SUCCESS,True,292,Revised OTF-DUCS,SUCCESS,realizable,unverified,false,,要件確認,hot_swap_in_outgoing_states,hotSwapIn outgoing states,28,states,,2026-07-23,states.states.md_da24ea172c6133db,Update Controller要件確認,更新事象=hotSwapIn / 状態数,状態数,,,,hotSwapIn,状態数
workflow__r2__rep01__direct_full,workflow__r2__rep01,8,workflow,,,,r2,UPDATE_CONTROLLER_OTF_FG_R2,direct_full,same_problem_comparator,1,0,SUCCESS,True,293,Revised OTF-DUCS,SUCCESS,realizable,unverified,false,,要件確認,hot_swap_in_reference_states,hotSwapIn reference states,22,states,,2026-07-23,states.states.md_168b56a7fd63a5f7,Update Controller要件確認,更新事象=hotSwapIn / 状態数,状態数,,,,hotSwapIn,状態数
workflow__r2__rep01__direct_full,workflow__r2__rep01,8,workflow,,,,r2,UPDATE_CONTROLLER_OTF_FG_R2,direct_full,same_problem_comparator,1,0,SUCCESS,True,294,Revised OTF-DUCS,SUCCESS,realizable,unverified,false,,要件確認,old_controller_states_for_hot_swap_in,旧コントローラ状態数,22,states,,2026-07-23,states.states.md_57ef2da6b15e0ca6,Update Controller要件確認,状態数,状態数,,,,,状態数
workflow__r2__rep01__direct_full,workflow__r2__rep01,8,workflow,,,,r2,UPDATE_CONTROLLER_OTF_FG_R2,direct_full,same_problem_comparator,1,0,SUCCESS,True,295,Revised OTF-DUCS,SUCCESS,realizable,unverified,false,,要件確認,hot_swap_in_coverage_count_time,hotSwapIn coverage CountTime,0,ms,,2026-07-23,time.count_time.md_2f8488d081b8f353,Update Controller要件確認,更新事象=hotSwapIn / 評価用カウント時間,時間,,,,hotSwapIn,評価用カウント時間
workflow__r2__rep01__direct_full,workflow__r2__rep01,8,workflow,,,,r2,UPDATE_CONTROLLER_OTF_FG_R2,direct_full,same_problem_comparator,1,0,SUCCESS,True,296,Revised OTF-DUCS,SUCCESS,realizable,unverified,false,,メモリ使用量チェックポイント,auto_3660d981_current_heap,合成終了時 / 現在ヒープ,65299672,B,,2026-07-23,memory.b.md_5c4876a33facc9af,メモリ使用量,B,メモリ,,,,,B
workflow__r2__rep01__direct_full,workflow__r2__rep01,8,workflow,,,,r2,UPDATE_CONTROLLER_OTF_FG_R2,direct_full,same_problem_comparator,1,0,SUCCESS,True,297,Revised OTF-DUCS,SUCCESS,realizable,unverified,false,,メモリ使用量チェックポイント,auto_3660d981_peak_heap,合成終了時 / ピークヒープ,23049617080,B,,2026-07-23,memory.b.md_58fe994d9e682f49,メモリ使用量,B,メモリ,,,,,B
workflow__r2__rep01__direct_full,workflow__r2__rep01,8,workflow,,,,r2,UPDATE_CONTROLLER_OTF_FG_R2,direct_full,same_problem_comparator,1,0,SUCCESS,True,298,Revised OTF-DUCS,SUCCESS,realizable,unverified,false,,メモリ使用量チェックポイント,auto_3660d981_delta_from_start,合成終了時 / 開始時からの増減,58606696,B,,2026-07-23,memory.b.md_764af3acd45ed7bf,メモリ使用量,B,メモリ,,,,,B
workflow__r2__rep01__direct_full,workflow__r2__rep01,8,workflow,,,,r2,UPDATE_CONTROLLER_OTF_FG_R2,direct_full,same_problem_comparator,1,0,SUCCESS,True,299,Revised OTF-DUCS,SUCCESS,realizable,unverified,false,,メモリ使用量チェックポイント,auto_3660d981_delta_from_previous,合成終了時 / 直前からの増減,-14849514768,B,,2026-07-23,memory.b.md_cadb1c07f62cd4ec,メモリ使用量,B,メモリ,,,,,B
workflow__r2__rep01__direct_full,workflow__r2__rep01,8,workflow,,,,r2,UPDATE_CONTROLLER_OTF_FG_R2,direct_full,same_problem_comparator,1,0,SUCCESS,True,300,Revised OTF-DUCS,SUCCESS,realizable,unverified,false,,Evaluation Summary,state_transition_count_overhead_total,State/transition count overhead total,0,ms,,2026-07-23,time.time.md_b3b236c3f86923ad,評価サマリ,時間,時間,,,,,時間
workflow__r2__rep01__direct_full,workflow__r2__rep01,8,workflow,,,,r2,UPDATE_CONTROLLER_OTF_FG_R2,direct_full,same_problem_comparator,1,0,SUCCESS,True,301,Revised OTF-DUCS,SUCCESS,realizable,unverified,false,,評価出力時間,evaluation_output_header_time,評価ヘッダ出力時間,0,ms,EVALUATION ヘッダ、手法、結果、カウントオーバーヘッド行を Output に出す時間。,2026-07-23,time.time.md_4c1ca747bff3a449,評価出力時間,時間,時間,,,,,時間
workflow__r2__rep01__direct_full,workflow__r2__rep01,8,workflow,,,,r2,UPDATE_CONTROLLER_OTF_FG_R2,direct_full,same_problem_comparator,1,0,SUCCESS,True,302,Revised OTF-DUCS,SUCCESS,realizable,unverified,false,,評価出力時間,evaluation_output_detailed_report_time,詳細評価レポート出力時間,0,ms,詳細評価レポート本文を Output に出す時間。デフォルトでは省略メッセージのみ。,2026-07-23,time.time.md_ca01752a4ccab7fe,評価出力時間,時間,時間,,,,,時間
workflow__r2__rep01__direct_full,workflow__r2__rep01,8,workflow,,,,r2,UPDATE_CONTROLLER_OTF_FG_R2,direct_full,same_problem_comparator,1,0,SUCCESS,True,303,Revised OTF-DUCS,SUCCESS,realizable,unverified,false,,評価出力準備時間,evaluation_output_summary_time,評価サマリ構築時間,1,ms,EVALUATION SUMMARY 本文をメモリ上に構築し、派生metricsを登録する時間。CSV後のOutputへの再生時間は含まない。,2026-07-23,time.time.md_9ecceb76391dadbb,評価出力準備時間,時間,時間,,,,,時間
workflow__r2__rep01__direct_full,workflow__r2__rep01,8,workflow,,,,r2,UPDATE_CONTROLLER_OTF_FG_R2,direct_full,same_problem_comparator,1,0,SUCCESS,True,304,Revised OTF-DUCS,SUCCESS,realizable,unverified,false,,評価出力準備・出力時間,evaluation_output_overhead_before_csv,評価準備・出力時間（CSV出力前、SUMMARY再生除外）,1,ms,評価ヘッダ出力時間 + 詳細評価レポート出力時間 + 評価サマリ構築時間。CSV出力時間はCSV出力後に別途記録し、SUMMARYのOutput再生時間は含まない。,2026-07-23,time.time.md_3425d69908884bb8,評価出力準備・出力時間,時間,時間,,,,,時間
workflow__r2__rep01__direct_full,workflow__r2__rep01,8,workflow,,,,r2,UPDATE_CONTROLLER_OTF_FG_R2,direct_full,same_problem_comparator,1,0,SUCCESS,True,305,Revised OTF-DUCS,SUCCESS,realizable,unverified,false,,評価用カウント時間 / 関数スコープ別,definition_prepare_total_time_scope_count_overhead_time,UpdatingControllersDefinition / compose の全体実行時間 / 評価用カウント時間,0,ms,この関数スコープが開いている間に、状態数・遷移数などの評価用カウントとして加算された時間。,2026-07-23,time.count_time.md_faff0746180a7ae9,評価用カウント時間 / 関数スコープ別,評価用カウント時間,時間,,,,,評価用カウント時間
workflow__r2__rep01__direct_full,workflow__r2__rep01,8,workflow,,,,r2,UPDATE_CONTROLLER_OTF_FG_R2,direct_full,same_problem_comparator,1,0,SUCCESS,True,306,Revised OTF-DUCS,SUCCESS,realizable,unverified,false,,評価用カウント時間 / 関数スコープ別,definition_prepare_total_time_time_without_scope_count_overhead,UpdatingControllersDefinition / compose の全体実行時間 / 評価用カウント時間除外後,589,ms,definition_prepare_total_time - definition_prepare_total_time_scope_count_overhead_time,2026-07-23,time.time.md_b52e85d1bb22b32c,評価用カウント時間 / 関数スコープ別,時間,時間,,,,,時間
workflow__r2__rep01__direct_full,workflow__r2__rep01,8,workflow,,,,r2,UPDATE_CONTROLLER_OTF_FG_R2,direct_full,same_problem_comparator,1,0,SUCCESS,True,307,Revised OTF-DUCS,SUCCESS,realizable,unverified,false,,評価用カウント時間 / 関数スコープ別,input_scale_summary_time_scope_count_overhead_time,UpdatingControllersDefinition / 入力規模集計時間 / 評価用カウント時間,0,ms,この関数スコープが開いている間に、状態数・遷移数などの評価用カウントとして加算された時間。,2026-07-23,time.count_time.md_b71ee0f74f85682d,評価用カウント時間 / 関数スコープ別,評価用カウント時間,時間,,,,,評価用カウント時間
workflow__r2__rep01__direct_full,workflow__r2__rep01,8,workflow,,,,r2,UPDATE_CONTROLLER_OTF_FG_R2,direct_full,same_problem_comparator,1,0,SUCCESS,True,308,Revised OTF-DUCS,SUCCESS,realizable,unverified,false,,評価用カウント時間 / 関数スコープ別,input_scale_summary_time_time_without_scope_count_overhead,UpdatingControllersDefinition / 入力規模集計時間 / 評価用カウント時間除外後,3,ms,input_scale_summary_time - input_scale_summary_time_scope_count_overhead_time,2026-07-23,time.time.md_2312f147b4433658,評価用カウント時間 / 関数スコープ別,時間,時間,,,,,時間
workflow__r2__rep01__direct_full,workflow__r2__rep01,8,workflow,,,,r2,UPDATE_CONTROLLER_OTF_FG_R2,direct_full,same_problem_comparator,1,0,SUCCESS,True,309,Revised OTF-DUCS,SUCCESS,realizable,unverified,false,,評価出力時間,evaluation_output_data_csv_time,評価CSV出力時間,60,ms,EVALUATION DATA CSV を Output に出す時間。末尾の追加計測行自身はほぼ含まない。,2026-07-23,time.time.md_8a527c219c4a5fcb,評価出力時間,時間,時間,,,,,時間
workflow__r2__rep01__direct_full,workflow__r2__rep01,8,workflow,,,,r2,UPDATE_CONTROLLER_OTF_FG_R2,direct_full,same_problem_comparator,1,0,SUCCESS,True,310,Revised OTF-DUCS,SUCCESS,realizable,unverified,false,,評価出力準備・出力時間,evaluation_output_overhead_total_including_csv,評価準備・出力時間合計（CSV含む、SUMMARY再生除外）,61,ms,評価ヘッダ出力時間 + 詳細評価レポート出力時間 + 評価サマリ構築時間 + 評価CSV出力時間。SUMMARYのOutput再生時間は含まない。,2026-07-23,time.time.md_c37b195292ceae08,評価出力準備・出力時間,時間,時間,,,,,時間
