job_id,parameters,merge,solver,losing_region_states,reason,loss_summary,certificate_file,result_file
rolling_n02_m01_k02_lazy,"{""k"": 2, ""m"": 1, ""n"": 2}",none,lazy,2,"The checked discovered-state losing certificate contains 2 states (1 unsafe) and 1/1 initial states; its stored root buckets retain every adversarial outcome and identify the outcomes in this certificate (local closure evidence, not a unique causal explanation).","{""initial_examples"": [{""enabled_action_buckets"": [{""action"": ""ablation.merge.transfers"", ""controllable"": true, ""outcomes"": 1, ""outcomes_in_certificate_region"": 1, ""unsafe_outcome_examples"": [{""pending"": [], ""physical"": [[""NEW"", ""booting""], [""NEW"", ""booting""]], ""testers"": {""availability"": ""ERR_AVAILABILITY""}}], ""unsafe_outcomes"": 1, ""update"": true}, {""action"": ""serve_1"", ""controllable"": true, ""outcomes"": 1, ""outcomes_in_certificate_region"": 1, ""unsafe_outcome_examples"": [], ""unsafe_outcomes"": 0, ""update"": false}, {""action"": ""serve_2"", ""controllable"": true, ""outcomes"": 1, ""outcomes_in_certificate_region"": 1, ""unsafe_outcome_examples"": [], ""unsafe_outcomes"": 0, ""update"": false}], ""pending"": [""ablation.merge.transfers""], ""physical"": [[""OLD"", ""ready""], [""OLD"", ""ready""]], ""safe"": true, ""testers"": {""availability"": ""q2""}}], ""initial_examples_limit"": 3, ""initial_states"": 1, ""losing_initial_states"": 1, ""region_states"": 2, ""safe_region_states"": 1, ""scope"": ""checked discovered-state losing certificate; sampled local root closure evidence, not a unique whole-game causal explanation"", ""unsafe_region_states"": 1}",raw/series/rolling_n02_m01_k02_lazy/certificate.json,raw/series/rolling_n02_m01_k02_lazy/result.json
rolling_n03_m01_k03_lazy,"{""k"": 3, ""m"": 1, ""n"": 3}",none,lazy,2,"The checked discovered-state losing certificate contains 2 states (1 unsafe) and 1/1 initial states; its stored root buckets retain every adversarial outcome and identify the outcomes in this certificate (local closure evidence, not a unique causal explanation).","{""initial_examples"": [{""enabled_action_buckets"": [{""action"": ""ablation.merge.transfers"", ""controllable"": true, ""outcomes"": 1, ""outcomes_in_certificate_region"": 1, ""unsafe_outcome_examples"": [{""pending"": [], ""physical"": [[""NEW"", ""booting""], [""NEW"", ""booting""], [""NEW"", ""booting""]], ""testers"": {""availability"": ""ERR_AVAILABILITY""}}], ""unsafe_outcomes"": 1, ""update"": true}, {""action"": ""serve_1"", ""controllable"": true, ""outcomes"": 1, ""outcomes_in_certificate_region"": 1, ""unsafe_outcome_examples"": [], ""unsafe_outcomes"": 0, ""update"": false}, {""action"": ""serve_2"", ""controllable"": true, ""outcomes"": 1, ""outcomes_in_certificate_region"": 1, ""unsafe_outcome_examples"": [], ""unsafe_outcomes"": 0, ""update"": false}, {""action"": ""serve_3"", ""controllable"": true, ""outcomes"": 1, ""outcomes_in_certificate_region"": 1, ""unsafe_outcome_examples"": [], ""unsafe_outcomes"": 0, ""update"": false}], ""pending"": [""ablation.merge.transfers""], ""physical"": [[""OLD"", ""ready""], [""OLD"", ""ready""], [""OLD"", ""ready""]], ""safe"": true, ""testers"": {""availability"": ""q3""}}], ""initial_examples_limit"": 3, ""initial_states"": 1, ""losing_initial_states"": 1, ""region_states"": 2, ""safe_region_states"": 1, ""scope"": ""checked discovered-state losing certificate; sampled local root closure evidence, not a unique whole-game causal explanation"", ""unsafe_region_states"": 1}",raw/series/rolling_n03_m01_k03_lazy/certificate.json,raw/series/rolling_n03_m01_k03_lazy/result.json
rolling_n03_m02_k02_lazy,"{""k"": 2, ""m"": 2, ""n"": 3}",none,lazy,5,"The checked discovered-state losing certificate contains 5 states (2 unsafe) and 1/1 initial states; its stored root buckets retain every adversarial outcome and identify the outcomes in this certificate (local closure evidence, not a unique causal explanation).","{""initial_examples"": [{""enabled_action_buckets"": [{""action"": ""rho_1"", ""controllable"": true, ""outcomes"": 1, ""outcomes_in_certificate_region"": 1, ""unsafe_outcome_examples"": [{""pending"": [""rho_2""], ""physical"": [[""NEW"", ""booting""], [""NEW"", ""booting""], [""OLD"", ""ready""]], ""testers"": {""availability"": ""ERR_AVAILABILITY""}}], ""unsafe_outcomes"": 1, ""update"": true}, {""action"": ""rho_2"", ""controllable"": true, ""outcomes"": 1, ""outcomes_in_certificate_region"": 1, ""unsafe_outcome_examples"": [], ""unsafe_outcomes"": 0, ""update"": true}, {""action"": ""serve_1"", ""controllable"": true, ""outcomes"": 1, ""outcomes_in_certificate_region"": 1, ""unsafe_outcome_examples"": [], ""unsafe_outcomes"": 0, ""update"": false}, {""action"": ""serve_2"", ""controllable"": true, ""outcomes"": 1, ""outcomes_in_certificate_region"": 1, ""unsafe_outcome_examples"": [], ""unsafe_outcomes"": 0, ""update"": false}, {""action"": ""serve_3"", ""controllable"": true, ""outcomes"": 1, ""outcomes_in_certificate_region"": 1, ""unsafe_outcome_examples"": [], ""unsafe_outcomes"": 0, ""update"": false}], ""pending"": [""rho_1"", ""rho_2""], ""physical"": [[""OLD"", ""ready""], [""OLD"", ""ready""], [""OLD"", ""ready""]], ""safe"": true, ""testers"": {""availability"": ""q3""}}], ""initial_examples_limit"": 3, ""initial_states"": 1, ""losing_initial_states"": 1, ""region_states"": 5, ""safe_region_states"": 3, ""scope"": ""checked discovered-state losing certificate; sampled local root closure evidence, not a unique whole-game causal explanation"", ""unsafe_region_states"": 2}",raw/series/rolling_n03_m02_k02_lazy/certificate.json,raw/series/rolling_n03_m02_k02_lazy/result.json
rolling_n03_m02_k03_lazy,"{""k"": 3, ""m"": 2, ""n"": 3}",none,lazy,2,"The checked discovered-state losing certificate contains 2 states (1 unsafe) and 1/1 initial states; its stored root buckets retain every adversarial outcome and identify the outcomes in this certificate (local closure evidence, not a unique causal explanation).","{""initial_examples"": [{""enabled_action_buckets"": [{""action"": ""ablation.merge.transfers"", ""controllable"": true, ""outcomes"": 1, ""outcomes_in_certificate_region"": 1, ""unsafe_outcome_examples"": [{""pending"": [], ""physical"": [[""NEW"", ""booting""], [""NEW"", ""booting""], [""NEW"", ""booting""]], ""testers"": {""availability"": ""ERR_AVAILABILITY""}}], ""unsafe_outcomes"": 1, ""update"": true}, {""action"": ""serve_1"", ""controllable"": true, ""outcomes"": 1, ""outcomes_in_certificate_region"": 1, ""unsafe_outcome_examples"": [], ""unsafe_outcomes"": 0, ""update"": false}, {""action"": ""serve_2"", ""controllable"": true, ""outcomes"": 1, ""outcomes_in_certificate_region"": 1, ""unsafe_outcome_examples"": [], ""unsafe_outcomes"": 0, ""update"": false}, {""action"": ""serve_3"", ""controllable"": true, ""outcomes"": 1, ""outcomes_in_certificate_region"": 1, ""unsafe_outcome_examples"": [], ""unsafe_outcomes"": 0, ""update"": false}], ""pending"": [""ablation.merge.transfers""], ""physical"": [[""OLD"", ""ready""], [""OLD"", ""ready""], [""OLD"", ""ready""]], ""safe"": true, ""testers"": {""availability"": ""q3""}}], ""initial_examples_limit"": 3, ""initial_states"": 1, ""losing_initial_states"": 1, ""region_states"": 2, ""safe_region_states"": 1, ""scope"": ""checked discovered-state losing certificate; sampled local root closure evidence, not a unique whole-game causal explanation"", ""unsafe_region_states"": 1}",raw/series/rolling_n03_m02_k03_lazy/certificate.json,raw/series/rolling_n03_m02_k03_lazy/result.json
rolling_n04_m01_k04_lazy,"{""k"": 4, ""m"": 1, ""n"": 4}",none,lazy,2,"The checked discovered-state losing certificate contains 2 states (1 unsafe) and 1/1 initial states; its stored root buckets retain every adversarial outcome and identify the outcomes in this certificate (local closure evidence, not a unique causal explanation).","{""initial_examples"": [{""enabled_action_buckets"": [{""action"": ""ablation.merge.transfers"", ""controllable"": true, ""outcomes"": 1, ""outcomes_in_certificate_region"": 1, ""unsafe_outcome_examples"": [{""pending"": [], ""physical"": [[""NEW"", ""booting""], [""NEW"", ""booting""], [""NEW"", ""booting""], [""NEW"", ""booting""]], ""testers"": {""availability"": ""ERR_AVAILABILITY""}}], ""unsafe_outcomes"": 1, ""update"": true}, {""action"": ""serve_1"", ""controllable"": true, ""outcomes"": 1, ""outcomes_in_certificate_region"": 1, ""unsafe_outcome_examples"": [], ""unsafe_outcomes"": 0, ""update"": false}, {""action"": ""serve_2"", ""controllable"": true, ""outcomes"": 1, ""outcomes_in_certificate_region"": 1, ""unsafe_outcome_examples"": [], ""unsafe_outcomes"": 0, ""update"": false}, {""action"": ""serve_3"", ""controllable"": true, ""outcomes"": 1, ""outcomes_in_certificate_region"": 1, ""unsafe_outcome_examples"": [], ""unsafe_outcomes"": 0, ""update"": false}, {""action"": ""serve_4"", ""controllable"": true, ""outcomes"": 1, ""outcomes_in_certificate_region"": 1, ""unsafe_outcome_examples"": [], ""unsafe_outcomes"": 0, ""update"": false}], ""pending"": [""ablation.merge.transfers""], ""physical"": [[""OLD"", ""ready""], [""OLD"", ""ready""], [""OLD"", ""ready""], [""OLD"", ""ready""]], ""safe"": true, ""testers"": {""availability"": ""q4""}}], ""initial_examples_limit"": 3, ""initial_states"": 1, ""losing_initial_states"": 1, ""region_states"": 2, ""safe_region_states"": 1, ""scope"": ""checked discovered-state losing certificate; sampled local root closure evidence, not a unique whole-game causal explanation"", ""unsafe_region_states"": 1}",raw/series/rolling_n04_m01_k04_lazy/certificate.json,raw/series/rolling_n04_m01_k04_lazy/result.json
rolling_n04_m02_k03_lazy,"{""k"": 3, ""m"": 2, ""n"": 4}",none,lazy,5,"The checked discovered-state losing certificate contains 5 states (2 unsafe) and 1/1 initial states; its stored root buckets retain every adversarial outcome and identify the outcomes in this certificate (local closure evidence, not a unique causal explanation).","{""initial_examples"": [{""enabled_action_buckets"": [{""action"": ""rho_1"", ""controllable"": true, ""outcomes"": 1, ""outcomes_in_certificate_region"": 1, ""unsafe_outcome_examples"": [{""pending"": [""rho_2""], ""physical"": [[""NEW"", ""booting""], [""NEW"", ""booting""], [""NEW"", ""booting""], [""OLD"", ""ready""]], ""testers"": {""availability"": ""ERR_AVAILABILITY""}}], ""unsafe_outcomes"": 1, ""update"": true}, {""action"": ""rho_2"", ""controllable"": true, ""outcomes"": 1, ""outcomes_in_certificate_region"": 1, ""unsafe_outcome_examples"": [], ""unsafe_outcomes"": 0, ""update"": true}, {""action"": ""serve_1"", ""controllable"": true, ""outcomes"": 1, ""outcomes_in_certificate_region"": 1, ""unsafe_outcome_examples"": [], ""unsafe_outcomes"": 0, ""update"": false}, {""action"": ""serve_2"", ""controllable"": true, ""outcomes"": 1, ""outcomes_in_certificate_region"": 1, ""unsafe_outcome_examples"": [], ""unsafe_outcomes"": 0, ""update"": false}, {""action"": ""serve_3"", ""controllable"": true, ""outcomes"": 1, ""outcomes_in_certificate_region"": 1, ""unsafe_outcome_examples"": [], ""unsafe_outcomes"": 0, ""update"": false}, {""action"": ""serve_4"", ""controllable"": true, ""outcomes"": 1, ""outcomes_in_certificate_region"": 1, ""unsafe_outcome_examples"": [], ""unsafe_outcomes"": 0, ""update"": false}], ""pending"": [""rho_1"", ""rho_2""], ""physical"": [[""OLD"", ""ready""], [""OLD"", ""ready""], [""OLD"", ""ready""], [""OLD"", ""ready""]], ""safe"": true, ""testers"": {""availability"": ""q4""}}], ""initial_examples_limit"": 3, ""initial_states"": 1, ""losing_initial_states"": 1, ""region_states"": 5, ""safe_region_states"": 3, ""scope"": ""checked discovered-state losing certificate; sampled local root closure evidence, not a unique whole-game causal explanation"", ""unsafe_region_states"": 2}",raw/series/rolling_n04_m02_k03_lazy/certificate.json,raw/series/rolling_n04_m02_k03_lazy/result.json
rolling_n04_m02_k04_lazy,"{""k"": 4, ""m"": 2, ""n"": 4}",none,lazy,2,"The checked discovered-state losing certificate contains 2 states (1 unsafe) and 1/1 initial states; its stored root buckets retain every adversarial outcome and identify the outcomes in this certificate (local closure evidence, not a unique causal explanation).","{""initial_examples"": [{""enabled_action_buckets"": [{""action"": ""ablation.merge.transfers"", ""controllable"": true, ""outcomes"": 1, ""outcomes_in_certificate_region"": 1, ""unsafe_outcome_examples"": [{""pending"": [], ""physical"": [[""NEW"", ""booting""], [""NEW"", ""booting""], [""NEW"", ""booting""], [""NEW"", ""booting""]], ""testers"": {""availability"": ""ERR_AVAILABILITY""}}], ""unsafe_outcomes"": 1, ""update"": true}, {""action"": ""serve_1"", ""controllable"": true, ""outcomes"": 1, ""outcomes_in_certificate_region"": 1, ""unsafe_outcome_examples"": [], ""unsafe_outcomes"": 0, ""update"": false}, {""action"": ""serve_2"", ""controllable"": true, ""outcomes"": 1, ""outcomes_in_certificate_region"": 1, ""unsafe_outcome_examples"": [], ""unsafe_outcomes"": 0, ""update"": false}, {""action"": ""serve_3"", ""controllable"": true, ""outcomes"": 1, ""outcomes_in_certificate_region"": 1, ""unsafe_outcome_examples"": [], ""unsafe_outcomes"": 0, ""update"": false}, {""action"": ""serve_4"", ""controllable"": true, ""outcomes"": 1, ""outcomes_in_certificate_region"": 1, ""unsafe_outcome_examples"": [], ""unsafe_outcomes"": 0, ""update"": false}], ""pending"": [""ablation.merge.transfers""], ""physical"": [[""OLD"", ""ready""], [""OLD"", ""ready""], [""OLD"", ""ready""], [""OLD"", ""ready""]], ""safe"": true, ""testers"": {""availability"": ""q4""}}], ""initial_examples_limit"": 3, ""initial_states"": 1, ""losing_initial_states"": 1, ""region_states"": 2, ""safe_region_states"": 1, ""scope"": ""checked discovered-state losing certificate; sampled local root closure evidence, not a unique whole-game causal explanation"", ""unsafe_region_states"": 1}",raw/series/rolling_n04_m02_k04_lazy/certificate.json,raw/series/rolling_n04_m02_k04_lazy/result.json
rolling_n04_m03_k02_lazy,"{""k"": 2, ""m"": 3, ""n"": 4}",none,lazy,3,"The checked discovered-state losing certificate contains 3 states (2 unsafe) and 1/1 initial states; its stored root buckets retain every adversarial outcome and identify the outcomes in this certificate (local closure evidence, not a unique causal explanation).","{""initial_examples"": [{""enabled_action_buckets"": [{""action"": ""rho_1"", ""controllable"": true, ""outcomes"": 1, ""outcomes_in_certificate_region"": 1, ""unsafe_outcome_examples"": [{""pending"": [""rho_2""], ""physical"": [[""NEW"", ""booting""], [""NEW"", ""booting""], [""OLD"", ""ready""], [""OLD"", ""ready""]], ""testers"": {""availability"": ""ERR_AVAILABILITY""}}], ""unsafe_outcomes"": 1, ""update"": true}, {""action"": ""rho_2"", ""controllable"": true, ""outcomes"": 1, ""outcomes_in_certificate_region"": 1, ""unsafe_outcome_examples"": [{""pending"": [""rho_1""], ""physical"": [[""OLD"", ""ready""], [""OLD"", ""ready""], [""NEW"", ""booting""], [""NEW"", ""booting""]], ""testers"": {""availability"": ""ERR_AVAILABILITY""}}], ""unsafe_outcomes"": 1, ""update"": true}, {""action"": ""serve_1"", ""controllable"": true, ""outcomes"": 1, ""outcomes_in_certificate_region"": 1, ""unsafe_outcome_examples"": [], ""unsafe_outcomes"": 0, ""update"": false}, {""action"": ""serve_2"", ""controllable"": true, ""outcomes"": 1, ""outcomes_in_certificate_region"": 1, ""unsafe_outcome_examples"": [], ""unsafe_outcomes"": 0, ""update"": false}, {""action"": ""serve_3"", ""controllable"": true, ""outcomes"": 1, ""outcomes_in_certificate_region"": 1, ""unsafe_outcome_examples"": [], ""unsafe_outcomes"": 0, ""update"": false}, {""action"": ""serve_4"", ""controllable"": true, ""outcomes"": 1, ""outcomes_in_certificate_region"": 1, ""unsafe_outcome_examples"": [], ""unsafe_outcomes"": 0, ""update"": false}], ""pending"": [""rho_1"", ""rho_2""], ""physical"": [[""OLD"", ""ready""], [""OLD"", ""ready""], [""OLD"", ""ready""], [""OLD"", ""ready""]], ""safe"": true, ""testers"": {""availability"": ""q4""}}], ""initial_examples_limit"": 3, ""initial_states"": 1, ""losing_initial_states"": 1, ""region_states"": 3, ""safe_region_states"": 1, ""scope"": ""checked discovered-state losing certificate; sampled local root closure evidence, not a unique whole-game causal explanation"", ""unsafe_region_states"": 2}",raw/series/rolling_n04_m03_k02_lazy/certificate.json,raw/series/rolling_n04_m03_k02_lazy/result.json
rolling_n04_m03_k03_lazy,"{""k"": 3, ""m"": 3, ""n"": 4}",none,lazy,5,"The checked discovered-state losing certificate contains 5 states (2 unsafe) and 1/1 initial states; its stored root buckets retain every adversarial outcome and identify the outcomes in this certificate (local closure evidence, not a unique causal explanation).","{""initial_examples"": [{""enabled_action_buckets"": [{""action"": ""rho_1"", ""controllable"": true, ""outcomes"": 1, ""outcomes_in_certificate_region"": 1, ""unsafe_outcome_examples"": [{""pending"": [""rho_2""], ""physical"": [[""NEW"", ""booting""], [""NEW"", ""booting""], [""NEW"", ""booting""], [""OLD"", ""ready""]], ""testers"": {""availability"": ""ERR_AVAILABILITY""}}], ""unsafe_outcomes"": 1, ""update"": true}, {""action"": ""rho_2"", ""controllable"": true, ""outcomes"": 1, ""outcomes_in_certificate_region"": 1, ""unsafe_outcome_examples"": [], ""unsafe_outcomes"": 0, ""update"": true}, {""action"": ""serve_1"", ""controllable"": true, ""outcomes"": 1, ""outcomes_in_certificate_region"": 1, ""unsafe_outcome_examples"": [], ""unsafe_outcomes"": 0, ""update"": false}, {""action"": ""serve_2"", ""controllable"": true, ""outcomes"": 1, ""outcomes_in_certificate_region"": 1, ""unsafe_outcome_examples"": [], ""unsafe_outcomes"": 0, ""update"": false}, {""action"": ""serve_3"", ""controllable"": true, ""outcomes"": 1, ""outcomes_in_certificate_region"": 1, ""unsafe_outcome_examples"": [], ""unsafe_outcomes"": 0, ""update"": false}, {""action"": ""serve_4"", ""controllable"": true, ""outcomes"": 1, ""outcomes_in_certificate_region"": 1, ""unsafe_outcome_examples"": [], ""unsafe_outcomes"": 0, ""update"": false}], ""pending"": [""rho_1"", ""rho_2""], ""physical"": [[""OLD"", ""ready""], [""OLD"", ""ready""], [""OLD"", ""ready""], [""OLD"", ""ready""]], ""safe"": true, ""testers"": {""availability"": ""q4""}}], ""initial_examples_limit"": 3, ""initial_states"": 1, ""losing_initial_states"": 1, ""region_states"": 5, ""safe_region_states"": 3, ""scope"": ""checked discovered-state losing certificate; sampled local root closure evidence, not a unique whole-game causal explanation"", ""unsafe_region_states"": 2}",raw/series/rolling_n04_m03_k03_lazy/certificate.json,raw/series/rolling_n04_m03_k03_lazy/result.json
rolling_n04_m03_k04_lazy,"{""k"": 4, ""m"": 3, ""n"": 4}",none,lazy,2,"The checked discovered-state losing certificate contains 2 states (1 unsafe) and 1/1 initial states; its stored root buckets retain every adversarial outcome and identify the outcomes in this certificate (local closure evidence, not a unique causal explanation).","{""initial_examples"": [{""enabled_action_buckets"": [{""action"": ""ablation.merge.transfers"", ""controllable"": true, ""outcomes"": 1, ""outcomes_in_certificate_region"": 1, ""unsafe_outcome_examples"": [{""pending"": [], ""physical"": [[""NEW"", ""booting""], [""NEW"", ""booting""], [""NEW"", ""booting""], [""NEW"", ""booting""]], ""testers"": {""availability"": ""ERR_AVAILABILITY""}}], ""unsafe_outcomes"": 1, ""update"": true}, {""action"": ""serve_1"", ""controllable"": true, ""outcomes"": 1, ""outcomes_in_certificate_region"": 1, ""unsafe_outcome_examples"": [], ""unsafe_outcomes"": 0, ""update"": false}, {""action"": ""serve_2"", ""controllable"": true, ""outcomes"": 1, ""outcomes_in_certificate_region"": 1, ""unsafe_outcome_examples"": [], ""unsafe_outcomes"": 0, ""update"": false}, {""action"": ""serve_3"", ""controllable"": true, ""outcomes"": 1, ""outcomes_in_certificate_region"": 1, ""unsafe_outcome_examples"": [], ""unsafe_outcomes"": 0, ""update"": false}, {""action"": ""serve_4"", ""controllable"": true, ""outcomes"": 1, ""outcomes_in_certificate_region"": 1, ""unsafe_outcome_examples"": [], ""unsafe_outcomes"": 0, ""update"": false}], ""pending"": [""ablation.merge.transfers""], ""physical"": [[""OLD"", ""ready""], [""OLD"", ""ready""], [""OLD"", ""ready""], [""OLD"", ""ready""]], ""safe"": true, ""testers"": {""availability"": ""q4""}}], ""initial_examples_limit"": 3, ""initial_states"": 1, ""losing_initial_states"": 1, ""region_states"": 2, ""safe_region_states"": 1, ""scope"": ""checked discovered-state losing certificate; sampled local root closure evidence, not a unique whole-game causal explanation"", ""unsafe_region_states"": 1}",raw/series/rolling_n04_m03_k04_lazy/certificate.json,raw/series/rolling_n04_m03_k04_lazy/result.json
rolling_n05_m01_k05_lazy,"{""k"": 5, ""m"": 1, ""n"": 5}",none,lazy,2,"The checked discovered-state losing certificate contains 2 states (1 unsafe) and 1/1 initial states; its stored root buckets retain every adversarial outcome and identify the outcomes in this certificate (local closure evidence, not a unique causal explanation).","{""initial_examples"": [{""enabled_action_buckets"": [{""action"": ""ablation.merge.transfers"", ""controllable"": true, ""outcomes"": 1, ""outcomes_in_certificate_region"": 1, ""unsafe_outcome_examples"": [{""pending"": [], ""physical"": [[""NEW"", ""booting""], [""NEW"", ""booting""], [""NEW"", ""booting""], [""NEW"", ""booting""], [""NEW"", ""booting""]], ""testers"": {""availability"": ""ERR_AVAILABILITY""}}], ""unsafe_outcomes"": 1, ""update"": true}, {""action"": ""serve_1"", ""controllable"": true, ""outcomes"": 1, ""outcomes_in_certificate_region"": 1, ""unsafe_outcome_examples"": [], ""unsafe_outcomes"": 0, ""update"": false}, {""action"": ""serve_2"", ""controllable"": true, ""outcomes"": 1, ""outcomes_in_certificate_region"": 1, ""unsafe_outcome_examples"": [], ""unsafe_outcomes"": 0, ""update"": false}, {""action"": ""serve_3"", ""controllable"": true, ""outcomes"": 1, ""outcomes_in_certificate_region"": 1, ""unsafe_outcome_examples"": [], ""unsafe_outcomes"": 0, ""update"": false}, {""action"": ""serve_4"", ""controllable"": true, ""outcomes"": 1, ""outcomes_in_certificate_region"": 1, ""unsafe_outcome_examples"": [], ""unsafe_outcomes"": 0, ""update"": false}, {""action"": ""serve_5"", ""controllable"": true, ""outcomes"": 1, ""outcomes_in_certificate_region"": 1, ""unsafe_outcome_examples"": [], ""unsafe_outcomes"": 0, ""update"": false}], ""pending"": [""ablation.merge.transfers""], ""physical"": [[""OLD"", ""ready""], [""OLD"", ""ready""], [""OLD"", ""ready""], [""OLD"", ""ready""], [""OLD"", ""ready""]], ""safe"": true, ""testers"": {""availability"": ""q5""}}], ""initial_examples_limit"": 3, ""initial_states"": 1, ""losing_initial_states"": 1, ""region_states"": 2, ""safe_region_states"": 1, ""scope"": ""checked discovered-state losing certificate; sampled local root closure evidence, not a unique whole-game causal explanation"", ""unsafe_region_states"": 1}",raw/series/rolling_n05_m01_k05_lazy/certificate.json,raw/series/rolling_n05_m01_k05_lazy/result.json
rolling_n05_m02_k04_lazy,"{""k"": 4, ""m"": 2, ""n"": 5}",none,lazy,5,"The checked discovered-state losing certificate contains 5 states (2 unsafe) and 1/1 initial states; its stored root buckets retain every adversarial outcome and identify the outcomes in this certificate (local closure evidence, not a unique causal explanation).","{""initial_examples"": [{""enabled_action_buckets"": [{""action"": ""rho_1"", ""controllable"": true, ""outcomes"": 1, ""outcomes_in_certificate_region"": 1, ""unsafe_outcome_examples"": [{""pending"": [""rho_2""], ""physical"": [[""NEW"", ""booting""], [""NEW"", ""booting""], [""NEW"", ""booting""], [""NEW"", ""booting""], [""OLD"", ""ready""]], ""testers"": {""availability"": ""ERR_AVAILABILITY""}}], ""unsafe_outcomes"": 1, ""update"": true}, {""action"": ""rho_2"", ""controllable"": true, ""outcomes"": 1, ""outcomes_in_certificate_region"": 1, ""unsafe_outcome_examples"": [], ""unsafe_outcomes"": 0, ""update"": true}, {""action"": ""serve_1"", ""controllable"": true, ""outcomes"": 1, ""outcomes_in_certificate_region"": 1, ""unsafe_outcome_examples"": [], ""unsafe_outcomes"": 0, ""update"": false}, {""action"": ""serve_2"", ""controllable"": true, ""outcomes"": 1, ""outcomes_in_certificate_region"": 1, ""unsafe_outcome_examples"": [], ""unsafe_outcomes"": 0, ""update"": false}, {""action"": ""serve_3"", ""controllable"": true, ""outcomes"": 1, ""outcomes_in_certificate_region"": 1, ""unsafe_outcome_examples"": [], ""unsafe_outcomes"": 0, ""update"": false}, {""action"": ""serve_4"", ""controllable"": true, ""outcomes"": 1, ""outcomes_in_certificate_region"": 1, ""unsafe_outcome_examples"": [], ""unsafe_outcomes"": 0, ""update"": false}, {""action"": ""serve_5"", ""controllable"": true, ""outcomes"": 1, ""outcomes_in_certificate_region"": 1, ""unsafe_outcome_examples"": [], ""unsafe_outcomes"": 0, ""update"": false}], ""pending"": [""rho_1"", ""rho_2""], ""physical"": [[""OLD"", ""ready""], [""OLD"", ""ready""], [""OLD"", ""ready""], [""OLD"", ""ready""], [""OLD"", ""ready""]], ""safe"": true, ""testers"": {""availability"": ""q5""}}], ""initial_examples_limit"": 3, ""initial_states"": 1, ""losing_initial_states"": 1, ""region_states"": 5, ""safe_region_states"": 3, ""scope"": ""checked discovered-state losing certificate; sampled local root closure evidence, not a unique whole-game causal explanation"", ""unsafe_region_states"": 2}",raw/series/rolling_n05_m02_k04_lazy/certificate.json,raw/series/rolling_n05_m02_k04_lazy/result.json
rolling_n05_m02_k05_lazy,"{""k"": 5, ""m"": 2, ""n"": 5}",none,lazy,2,"The checked discovered-state losing certificate contains 2 states (1 unsafe) and 1/1 initial states; its stored root buckets retain every adversarial outcome and identify the outcomes in this certificate (local closure evidence, not a unique causal explanation).","{""initial_examples"": [{""enabled_action_buckets"": [{""action"": ""ablation.merge.transfers"", ""controllable"": true, ""outcomes"": 1, ""outcomes_in_certificate_region"": 1, ""unsafe_outcome_examples"": [{""pending"": [], ""physical"": [[""NEW"", ""booting""], [""NEW"", ""booting""], [""NEW"", ""booting""], [""NEW"", ""booting""], [""NEW"", ""booting""]], ""testers"": {""availability"": ""ERR_AVAILABILITY""}}], ""unsafe_outcomes"": 1, ""update"": true}, {""action"": ""serve_1"", ""controllable"": true, ""outcomes"": 1, ""outcomes_in_certificate_region"": 1, ""unsafe_outcome_examples"": [], ""unsafe_outcomes"": 0, ""update"": false}, {""action"": ""serve_2"", ""controllable"": true, ""outcomes"": 1, ""outcomes_in_certificate_region"": 1, ""unsafe_outcome_examples"": [], ""unsafe_outcomes"": 0, ""update"": false}, {""action"": ""serve_3"", ""controllable"": true, ""outcomes"": 1, ""outcomes_in_certificate_region"": 1, ""unsafe_outcome_examples"": [], ""unsafe_outcomes"": 0, ""update"": false}, {""action"": ""serve_4"", ""controllable"": true, ""outcomes"": 1, ""outcomes_in_certificate_region"": 1, ""unsafe_outcome_examples"": [], ""unsafe_outcomes"": 0, ""update"": false}, {""action"": ""serve_5"", ""controllable"": true, ""outcomes"": 1, ""outcomes_in_certificate_region"": 1, ""unsafe_outcome_examples"": [], ""unsafe_outcomes"": 0, ""update"": false}], ""pending"": [""ablation.merge.transfers""], ""physical"": [[""OLD"", ""ready""], [""OLD"", ""ready""], [""OLD"", ""ready""], [""OLD"", ""ready""], [""OLD"", ""ready""]], ""safe"": true, ""testers"": {""availability"": ""q5""}}], ""initial_examples_limit"": 3, ""initial_states"": 1, ""losing_initial_states"": 1, ""region_states"": 2, ""safe_region_states"": 1, ""scope"": ""checked discovered-state losing certificate; sampled local root closure evidence, not a unique whole-game causal explanation"", ""unsafe_region_states"": 1}",raw/series/rolling_n05_m02_k05_lazy/certificate.json,raw/series/rolling_n05_m02_k05_lazy/result.json
rolling_n05_m03_k03_lazy,"{""k"": 3, ""m"": 3, ""n"": 5}",none,lazy,7,"The checked discovered-state losing certificate contains 7 states (2 unsafe) and 1/1 initial states; its stored root buckets retain every adversarial outcome and identify the outcomes in this certificate (local closure evidence, not a unique causal explanation).","{""initial_examples"": [{""enabled_action_buckets"": [{""action"": ""rho_1"", ""controllable"": true, ""outcomes"": 1, ""outcomes_in_certificate_region"": 1, ""unsafe_outcome_examples"": [{""pending"": [""rho_2""], ""physical"": [[""NEW"", ""booting""], [""NEW"", ""booting""], [""NEW"", ""booting""], [""OLD"", ""ready""], [""OLD"", ""ready""]], ""testers"": {""availability"": ""ERR_AVAILABILITY""}}], ""unsafe_outcomes"": 1, ""update"": true}, {""action"": ""rho_2"", ""controllable"": true, ""outcomes"": 1, ""outcomes_in_certificate_region"": 1, ""unsafe_outcome_examples"": [], ""unsafe_outcomes"": 0, ""update"": true}, {""action"": ""serve_1"", ""controllable"": true, ""outcomes"": 1, ""outcomes_in_certificate_region"": 1, ""unsafe_outcome_examples"": [], ""unsafe_outcomes"": 0, ""update"": false}, {""action"": ""serve_2"", ""controllable"": true, ""outcomes"": 1, ""outcomes_in_certificate_region"": 1, ""unsafe_outcome_examples"": [], ""unsafe_outcomes"": 0, ""update"": false}, {""action"": ""serve_3"", ""controllable"": true, ""outcomes"": 1, ""outcomes_in_certificate_region"": 1, ""unsafe_outcome_examples"": [], ""unsafe_outcomes"": 0, ""update"": false}, {""action"": ""serve_4"", ""controllable"": true, ""outcomes"": 1, ""outcomes_in_certificate_region"": 1, ""unsafe_outcome_examples"": [], ""unsafe_outcomes"": 0, ""update"": false}, {""action"": ""serve_5"", ""controllable"": true, ""outcomes"": 1, ""outcomes_in_certificate_region"": 1, ""unsafe_outcome_examples"": [], ""unsafe_outcomes"": 0, ""update"": false}], ""pending"": [""rho_1"", ""rho_2""], ""physical"": [[""OLD"", ""ready""], [""OLD"", ""ready""], [""OLD"", ""ready""], [""OLD"", ""ready""], [""OLD"", ""ready""]], ""safe"": true, ""testers"": {""availability"": ""q5""}}], ""initial_examples_limit"": 3, ""initial_states"": 1, ""losing_initial_states"": 1, ""region_states"": 7, ""safe_region_states"": 5, ""scope"": ""checked discovered-state losing certificate; sampled local root closure evidence, not a unique whole-game causal explanation"", ""unsafe_region_states"": 2}",raw/series/rolling_n05_m03_k03_lazy/certificate.json,raw/series/rolling_n05_m03_k03_lazy/result.json
rolling_n05_m03_k04_lazy,"{""k"": 4, ""m"": 3, ""n"": 5}",none,lazy,5,"The checked discovered-state losing certificate contains 5 states (2 unsafe) and 1/1 initial states; its stored root buckets retain every adversarial outcome and identify the outcomes in this certificate (local closure evidence, not a unique causal explanation).","{""initial_examples"": [{""enabled_action_buckets"": [{""action"": ""rho_1"", ""controllable"": true, ""outcomes"": 1, ""outcomes_in_certificate_region"": 1, ""unsafe_outcome_examples"": [{""pending"": [""rho_2""], ""physical"": [[""NEW"", ""booting""], [""NEW"", ""booting""], [""NEW"", ""booting""], [""NEW"", ""booting""], [""OLD"", ""ready""]], ""testers"": {""availability"": ""ERR_AVAILABILITY""}}], ""unsafe_outcomes"": 1, ""update"": true}, {""action"": ""rho_2"", ""controllable"": true, ""outcomes"": 1, ""outcomes_in_certificate_region"": 1, ""unsafe_outcome_examples"": [], ""unsafe_outcomes"": 0, ""update"": true}, {""action"": ""serve_1"", ""controllable"": true, ""outcomes"": 1, ""outcomes_in_certificate_region"": 1, ""unsafe_outcome_examples"": [], ""unsafe_outcomes"": 0, ""update"": false}, {""action"": ""serve_2"", ""controllable"": true, ""outcomes"": 1, ""outcomes_in_certificate_region"": 1, ""unsafe_outcome_examples"": [], ""unsafe_outcomes"": 0, ""update"": false}, {""action"": ""serve_3"", ""controllable"": true, ""outcomes"": 1, ""outcomes_in_certificate_region"": 1, ""unsafe_outcome_examples"": [], ""unsafe_outcomes"": 0, ""update"": false}, {""action"": ""serve_4"", ""controllable"": true, ""outcomes"": 1, ""outcomes_in_certificate_region"": 1, ""unsafe_outcome_examples"": [], ""unsafe_outcomes"": 0, ""update"": false}, {""action"": ""serve_5"", ""controllable"": true, ""outcomes"": 1, ""outcomes_in_certificate_region"": 1, ""unsafe_outcome_examples"": [], ""unsafe_outcomes"": 0, ""update"": false}], ""pending"": [""rho_1"", ""rho_2""], ""physical"": [[""OLD"", ""ready""], [""OLD"", ""ready""], [""OLD"", ""ready""], [""OLD"", ""ready""], [""OLD"", ""ready""]], ""safe"": true, ""testers"": {""availability"": ""q5""}}], ""initial_examples_limit"": 3, ""initial_states"": 1, ""losing_initial_states"": 1, ""region_states"": 5, ""safe_region_states"": 3, ""scope"": ""checked discovered-state losing certificate; sampled local root closure evidence, not a unique whole-game causal explanation"", ""unsafe_region_states"": 2}",raw/series/rolling_n05_m03_k04_lazy/certificate.json,raw/series/rolling_n05_m03_k04_lazy/result.json
rolling_n05_m03_k05_lazy,"{""k"": 5, ""m"": 3, ""n"": 5}",none,lazy,2,"The checked discovered-state losing certificate contains 2 states (1 unsafe) and 1/1 initial states; its stored root buckets retain every adversarial outcome and identify the outcomes in this certificate (local closure evidence, not a unique causal explanation).","{""initial_examples"": [{""enabled_action_buckets"": [{""action"": ""ablation.merge.transfers"", ""controllable"": true, ""outcomes"": 1, ""outcomes_in_certificate_region"": 1, ""unsafe_outcome_examples"": [{""pending"": [], ""physical"": [[""NEW"", ""booting""], [""NEW"", ""booting""], [""NEW"", ""booting""], [""NEW"", ""booting""], [""NEW"", ""booting""]], ""testers"": {""availability"": ""ERR_AVAILABILITY""}}], ""unsafe_outcomes"": 1, ""update"": true}, {""action"": ""serve_1"", ""controllable"": true, ""outcomes"": 1, ""outcomes_in_certificate_region"": 1, ""unsafe_outcome_examples"": [], ""unsafe_outcomes"": 0, ""update"": false}, {""action"": ""serve_2"", ""controllable"": true, ""outcomes"": 1, ""outcomes_in_certificate_region"": 1, ""unsafe_outcome_examples"": [], ""unsafe_outcomes"": 0, ""update"": false}, {""action"": ""serve_3"", ""controllable"": true, ""outcomes"": 1, ""outcomes_in_certificate_region"": 1, ""unsafe_outcome_examples"": [], ""unsafe_outcomes"": 0, ""update"": false}, {""action"": ""serve_4"", ""controllable"": true, ""outcomes"": 1, ""outcomes_in_certificate_region"": 1, ""unsafe_outcome_examples"": [], ""unsafe_outcomes"": 0, ""update"": false}, {""action"": ""serve_5"", ""controllable"": true, ""outcomes"": 1, ""outcomes_in_certificate_region"": 1, ""unsafe_outcome_examples"": [], ""unsafe_outcomes"": 0, ""update"": false}], ""pending"": [""ablation.merge.transfers""], ""physical"": [[""OLD"", ""ready""], [""OLD"", ""ready""], [""OLD"", ""ready""], [""OLD"", ""ready""], [""OLD"", ""ready""]], ""safe"": true, ""testers"": {""availability"": ""q5""}}], ""initial_examples_limit"": 3, ""initial_states"": 1, ""losing_initial_states"": 1, ""region_states"": 2, ""safe_region_states"": 1, ""scope"": ""checked discovered-state losing certificate; sampled local root closure evidence, not a unique whole-game causal explanation"", ""unsafe_region_states"": 1}",raw/series/rolling_n05_m03_k05_lazy/certificate.json,raw/series/rolling_n05_m03_k05_lazy/result.json
rolling_n05_m04_k02_lazy,"{""k"": 2, ""m"": 4, ""n"": 5}",none,lazy,7,"The checked discovered-state losing certificate contains 7 states (4 unsafe) and 1/1 initial states; its stored root buckets retain every adversarial outcome and identify the outcomes in this certificate (local closure evidence, not a unique causal explanation).","{""initial_examples"": [{""enabled_action_buckets"": [{""action"": ""rho_1"", ""controllable"": true, ""outcomes"": 1, ""outcomes_in_certificate_region"": 1, ""unsafe_outcome_examples"": [{""pending"": [""rho_2"", ""rho_3""], ""physical"": [[""NEW"", ""booting""], [""NEW"", ""booting""], [""OLD"", ""ready""], [""OLD"", ""ready""], [""OLD"", ""ready""]], ""testers"": {""availability"": ""ERR_AVAILABILITY""}}], ""unsafe_outcomes"": 1, ""update"": true}, {""action"": ""rho_2"", ""controllable"": true, ""outcomes"": 1, ""outcomes_in_certificate_region"": 1, ""unsafe_outcome_examples"": [{""pending"": [""rho_1"", ""rho_3""], ""physical"": [[""OLD"", ""ready""], [""OLD"", ""ready""], [""NEW"", ""booting""], [""NEW"", ""booting""], [""OLD"", ""ready""]], ""testers"": {""availability"": ""ERR_AVAILABILITY""}}], ""unsafe_outcomes"": 1, ""update"": true}, {""action"": ""rho_3"", ""controllable"": true, ""outcomes"": 1, ""outcomes_in_certificate_region"": 1, ""unsafe_outcome_examples"": [], ""unsafe_outcomes"": 0, ""update"": true}, {""action"": ""serve_1"", ""controllable"": true, ""outcomes"": 1, ""outcomes_in_certificate_region"": 1, ""unsafe_outcome_examples"": [], ""unsafe_outcomes"": 0, ""update"": false}, {""action"": ""serve_2"", ""controllable"": true, ""outcomes"": 1, ""outcomes_in_certificate_region"": 1, ""unsafe_outcome_examples"": [], ""unsafe_outcomes"": 0, ""update"": false}, {""action"": ""serve_3"", ""controllable"": true, ""outcomes"": 1, ""outcomes_in_certificate_region"": 1, ""unsafe_outcome_examples"": [], ""unsafe_outcomes"": 0, ""update"": false}, {""action"": ""serve_4"", ""controllable"": true, ""outcomes"": 1, ""outcomes_in_certificate_region"": 1, ""unsafe_outcome_examples"": [], ""unsafe_outcomes"": 0, ""update"": false}, {""action"": ""serve_5"", ""controllable"": true, ""outcomes"": 1, ""outcomes_in_certificate_region"": 1, ""unsafe_outcome_examples"": [], ""unsafe_outcomes"": 0, ""update"": false}], ""pending"": [""rho_1"", ""rho_2"", ""rho_3""], ""physical"": [[""OLD"", ""ready""], [""OLD"", ""ready""], [""OLD"", ""ready""], [""OLD"", ""ready""], [""OLD"", ""ready""]], ""safe"": true, ""testers"": {""availability"": ""q5""}}], ""initial_examples_limit"": 3, ""initial_states"": 1, ""losing_initial_states"": 1, ""region_states"": 7, ""safe_region_states"": 3, ""scope"": ""checked discovered-state losing certificate; sampled local root closure evidence, not a unique whole-game causal explanation"", ""unsafe_region_states"": 4}",raw/series/rolling_n05_m04_k02_lazy/certificate.json,raw/series/rolling_n05_m04_k02_lazy/result.json
rolling_n05_m04_k03_lazy,"{""k"": 3, ""m"": 4, ""n"": 5}",none,lazy,3,"The checked discovered-state losing certificate contains 3 states (2 unsafe) and 1/1 initial states; its stored root buckets retain every adversarial outcome and identify the outcomes in this certificate (local closure evidence, not a unique causal explanation).","{""initial_examples"": [{""enabled_action_buckets"": [{""action"": ""rho_1"", ""controllable"": true, ""outcomes"": 1, ""outcomes_in_certificate_region"": 1, ""unsafe_outcome_examples"": [{""pending"": [""rho_2""], ""physical"": [[""NEW"", ""booting""], [""NEW"", ""booting""], [""NEW"", ""booting""], [""OLD"", ""ready""], [""OLD"", ""ready""]], ""testers"": {""availability"": ""ERR_AVAILABILITY""}}], ""unsafe_outcomes"": 1, ""update"": true}, {""action"": ""rho_2"", ""controllable"": true, ""outcomes"": 1, ""outcomes_in_certificate_region"": 1, ""unsafe_outcome_examples"": [{""pending"": [""rho_1""], ""physical"": [[""OLD"", ""ready""], [""OLD"", ""ready""], [""OLD"", ""ready""], [""NEW"", ""booting""], [""NEW"", ""booting""]], ""testers"": {""availability"": ""ERR_AVAILABILITY""}}], ""unsafe_outcomes"": 1, ""update"": true}, {""action"": ""serve_1"", ""controllable"": true, ""outcomes"": 1, ""outcomes_in_certificate_region"": 1, ""unsafe_outcome_examples"": [], ""unsafe_outcomes"": 0, ""update"": false}, {""action"": ""serve_2"", ""controllable"": true, ""outcomes"": 1, ""outcomes_in_certificate_region"": 1, ""unsafe_outcome_examples"": [], ""unsafe_outcomes"": 0, ""update"": false}, {""action"": ""serve_3"", ""controllable"": true, ""outcomes"": 1, ""outcomes_in_certificate_region"": 1, ""unsafe_outcome_examples"": [], ""unsafe_outcomes"": 0, ""update"": false}, {""action"": ""serve_4"", ""controllable"": true, ""outcomes"": 1, ""outcomes_in_certificate_region"": 1, ""unsafe_outcome_examples"": [], ""unsafe_outcomes"": 0, ""update"": false}, {""action"": ""serve_5"", ""controllable"": true, ""outcomes"": 1, ""outcomes_in_certificate_region"": 1, ""unsafe_outcome_examples"": [], ""unsafe_outcomes"": 0, ""update"": false}], ""pending"": [""rho_1"", ""rho_2""], ""physical"": [[""OLD"", ""ready""], [""OLD"", ""ready""], [""OLD"", ""ready""], [""OLD"", ""ready""], [""OLD"", ""ready""]], ""safe"": true, ""testers"": {""availability"": ""q5""}}], ""initial_examples_limit"": 3, ""initial_states"": 1, ""losing_initial_states"": 1, ""region_states"": 3, ""safe_region_states"": 1, ""scope"": ""checked discovered-state losing certificate; sampled local root closure evidence, not a unique whole-game causal explanation"", ""unsafe_region_states"": 2}",raw/series/rolling_n05_m04_k03_lazy/certificate.json,raw/series/rolling_n05_m04_k03_lazy/result.json
rolling_n05_m04_k04_lazy,"{""k"": 4, ""m"": 4, ""n"": 5}",none,lazy,5,"The checked discovered-state losing certificate contains 5 states (2 unsafe) and 1/1 initial states; its stored root buckets retain every adversarial outcome and identify the outcomes in this certificate (local closure evidence, not a unique causal explanation).","{""initial_examples"": [{""enabled_action_buckets"": [{""action"": ""rho_1"", ""controllable"": true, ""outcomes"": 1, ""outcomes_in_certificate_region"": 1, ""unsafe_outcome_examples"": [{""pending"": [""rho_2""], ""physical"": [[""NEW"", ""booting""], [""NEW"", ""booting""], [""NEW"", ""booting""], [""NEW"", ""booting""], [""OLD"", ""ready""]], ""testers"": {""availability"": ""ERR_AVAILABILITY""}}], ""unsafe_outcomes"": 1, ""update"": true}, {""action"": ""rho_2"", ""controllable"": true, ""outcomes"": 1, ""outcomes_in_certificate_region"": 1, ""unsafe_outcome_examples"": [], ""unsafe_outcomes"": 0, ""update"": true}, {""action"": ""serve_1"", ""controllable"": true, ""outcomes"": 1, ""outcomes_in_certificate_region"": 1, ""unsafe_outcome_examples"": [], ""unsafe_outcomes"": 0, ""update"": false}, {""action"": ""serve_2"", ""controllable"": true, ""outcomes"": 1, ""outcomes_in_certificate_region"": 1, ""unsafe_outcome_examples"": [], ""unsafe_outcomes"": 0, ""update"": false}, {""action"": ""serve_3"", ""controllable"": true, ""outcomes"": 1, ""outcomes_in_certificate_region"": 1, ""unsafe_outcome_examples"": [], ""unsafe_outcomes"": 0, ""update"": false}, {""action"": ""serve_4"", ""controllable"": true, ""outcomes"": 1, ""outcomes_in_certificate_region"": 1, ""unsafe_outcome_examples"": [], ""unsafe_outcomes"": 0, ""update"": false}, {""action"": ""serve_5"", ""controllable"": true, ""outcomes"": 1, ""outcomes_in_certificate_region"": 1, ""unsafe_outcome_examples"": [], ""unsafe_outcomes"": 0, ""update"": false}], ""pending"": [""rho_1"", ""rho_2""], ""physical"": [[""OLD"", ""ready""], [""OLD"", ""ready""], [""OLD"", ""ready""], [""OLD"", ""ready""], [""OLD"", ""ready""]], ""safe"": true, ""testers"": {""availability"": ""q5""}}], ""initial_examples_limit"": 3, ""initial_states"": 1, ""losing_initial_states"": 1, ""region_states"": 5, ""safe_region_states"": 3, ""scope"": ""checked discovered-state losing certificate; sampled local root closure evidence, not a unique whole-game causal explanation"", ""unsafe_region_states"": 2}",raw/series/rolling_n05_m04_k04_lazy/certificate.json,raw/series/rolling_n05_m04_k04_lazy/result.json
rolling_n05_m04_k05_lazy,"{""k"": 5, ""m"": 4, ""n"": 5}",none,lazy,2,"The checked discovered-state losing certificate contains 2 states (1 unsafe) and 1/1 initial states; its stored root buckets retain every adversarial outcome and identify the outcomes in this certificate (local closure evidence, not a unique causal explanation).","{""initial_examples"": [{""enabled_action_buckets"": [{""action"": ""ablation.merge.transfers"", ""controllable"": true, ""outcomes"": 1, ""outcomes_in_certificate_region"": 1, ""unsafe_outcome_examples"": [{""pending"": [], ""physical"": [[""NEW"", ""booting""], [""NEW"", ""booting""], [""NEW"", ""booting""], [""NEW"", ""booting""], [""NEW"", ""booting""]], ""testers"": {""availability"": ""ERR_AVAILABILITY""}}], ""unsafe_outcomes"": 1, ""update"": true}, {""action"": ""serve_1"", ""controllable"": true, ""outcomes"": 1, ""outcomes_in_certificate_region"": 1, ""unsafe_outcome_examples"": [], ""unsafe_outcomes"": 0, ""update"": false}, {""action"": ""serve_2"", ""controllable"": true, ""outcomes"": 1, ""outcomes_in_certificate_region"": 1, ""unsafe_outcome_examples"": [], ""unsafe_outcomes"": 0, ""update"": false}, {""action"": ""serve_3"", ""controllable"": true, ""outcomes"": 1, ""outcomes_in_certificate_region"": 1, ""unsafe_outcome_examples"": [], ""unsafe_outcomes"": 0, ""update"": false}, {""action"": ""serve_4"", ""controllable"": true, ""outcomes"": 1, ""outcomes_in_certificate_region"": 1, ""unsafe_outcome_examples"": [], ""unsafe_outcomes"": 0, ""update"": false}, {""action"": ""serve_5"", ""controllable"": true, ""outcomes"": 1, ""outcomes_in_certificate_region"": 1, ""unsafe_outcome_examples"": [], ""unsafe_outcomes"": 0, ""update"": false}], ""pending"": [""ablation.merge.transfers""], ""physical"": [[""OLD"", ""ready""], [""OLD"", ""ready""], [""OLD"", ""ready""], [""OLD"", ""ready""], [""OLD"", ""ready""]], ""safe"": true, ""testers"": {""availability"": ""q5""}}], ""initial_examples_limit"": 3, ""initial_states"": 1, ""losing_initial_states"": 1, ""region_states"": 2, ""safe_region_states"": 1, ""scope"": ""checked discovered-state losing certificate; sampled local root closure evidence, not a unique whole-game causal explanation"", ""unsafe_region_states"": 1}",raw/series/rolling_n05_m04_k05_lazy/certificate.json,raw/series/rolling_n05_m04_k05_lazy/result.json
rolling_n06_m01_k06_lazy,"{""k"": 6, ""m"": 1, ""n"": 6}",none,lazy,2,"The checked discovered-state losing certificate contains 2 states (1 unsafe) and 1/1 initial states; its stored root buckets retain every adversarial outcome and identify the outcomes in this certificate (local closure evidence, not a unique causal explanation).","{""initial_examples"": [{""enabled_action_buckets"": [{""action"": ""ablation.merge.transfers"", ""controllable"": true, ""outcomes"": 1, ""outcomes_in_certificate_region"": 1, ""unsafe_outcome_examples"": [{""pending"": [], ""physical"": [[""NEW"", ""booting""], [""NEW"", ""booting""], [""NEW"", ""booting""], [""NEW"", ""booting""], [""NEW"", ""booting""], [""NEW"", ""booting""]], ""testers"": {""availability"": ""ERR_AVAILABILITY""}}], ""unsafe_outcomes"": 1, ""update"": true}, {""action"": ""serve_1"", ""controllable"": true, ""outcomes"": 1, ""outcomes_in_certificate_region"": 1, ""unsafe_outcome_examples"": [], ""unsafe_outcomes"": 0, ""update"": false}, {""action"": ""serve_2"", ""controllable"": true, ""outcomes"": 1, ""outcomes_in_certificate_region"": 1, ""unsafe_outcome_examples"": [], ""unsafe_outcomes"": 0, ""update"": false}, {""action"": ""serve_3"", ""controllable"": true, ""outcomes"": 1, ""outcomes_in_certificate_region"": 1, ""unsafe_outcome_examples"": [], ""unsafe_outcomes"": 0, ""update"": false}, {""action"": ""serve_4"", ""controllable"": true, ""outcomes"": 1, ""outcomes_in_certificate_region"": 1, ""unsafe_outcome_examples"": [], ""unsafe_outcomes"": 0, ""update"": false}, {""action"": ""serve_5"", ""controllable"": true, ""outcomes"": 1, ""outcomes_in_certificate_region"": 1, ""unsafe_outcome_examples"": [], ""unsafe_outcomes"": 0, ""update"": false}, {""action"": ""serve_6"", ""controllable"": true, ""outcomes"": 1, ""outcomes_in_certificate_region"": 1, ""unsafe_outcome_examples"": [], ""unsafe_outcomes"": 0, ""update"": false}], ""pending"": [""ablation.merge.transfers""], ""physical"": [[""OLD"", ""ready""], [""OLD"", ""ready""], [""OLD"", ""ready""], [""OLD"", ""ready""], [""OLD"", ""ready""], [""OLD"", ""ready""]], ""safe"": true, ""testers"": {""availability"": ""q6""}}], ""initial_examples_limit"": 3, ""initial_states"": 1, ""losing_initial_states"": 1, ""region_states"": 2, ""safe_region_states"": 1, ""scope"": ""checked discovered-state losing certificate; sampled local root closure evidence, not a unique whole-game causal explanation"", ""unsafe_region_states"": 1}",raw/series/rolling_n06_m01_k06_lazy/certificate.json,raw/series/rolling_n06_m01_k06_lazy/result.json
rolling_n06_m02_k05_lazy,"{""k"": 5, ""m"": 2, ""n"": 6}",none,lazy,5,"The checked discovered-state losing certificate contains 5 states (2 unsafe) and 1/1 initial states; its stored root buckets retain every adversarial outcome and identify the outcomes in this certificate (local closure evidence, not a unique causal explanation).","{""initial_examples"": [{""enabled_action_buckets"": [{""action"": ""rho_1"", ""controllable"": true, ""outcomes"": 1, ""outcomes_in_certificate_region"": 1, ""unsafe_outcome_examples"": [{""pending"": [""rho_2""], ""physical"": [[""NEW"", ""booting""], [""NEW"", ""booting""], [""NEW"", ""booting""], [""NEW"", ""booting""], [""NEW"", ""booting""], [""OLD"", ""ready""]], ""testers"": {""availability"": ""ERR_AVAILABILITY""}}], ""unsafe_outcomes"": 1, ""update"": true}, {""action"": ""rho_2"", ""controllable"": true, ""outcomes"": 1, ""outcomes_in_certificate_region"": 1, ""unsafe_outcome_examples"": [], ""unsafe_outcomes"": 0, ""update"": true}, {""action"": ""serve_1"", ""controllable"": true, ""outcomes"": 1, ""outcomes_in_certificate_region"": 1, ""unsafe_outcome_examples"": [], ""unsafe_outcomes"": 0, ""update"": false}, {""action"": ""serve_2"", ""controllable"": true, ""outcomes"": 1, ""outcomes_in_certificate_region"": 1, ""unsafe_outcome_examples"": [], ""unsafe_outcomes"": 0, ""update"": false}, {""action"": ""serve_3"", ""controllable"": true, ""outcomes"": 1, ""outcomes_in_certificate_region"": 1, ""unsafe_outcome_examples"": [], ""unsafe_outcomes"": 0, ""update"": false}, {""action"": ""serve_4"", ""controllable"": true, ""outcomes"": 1, ""outcomes_in_certificate_region"": 1, ""unsafe_outcome_examples"": [], ""unsafe_outcomes"": 0, ""update"": false}, {""action"": ""serve_5"", ""controllable"": true, ""outcomes"": 1, ""outcomes_in_certificate_region"": 1, ""unsafe_outcome_examples"": [], ""unsafe_outcomes"": 0, ""update"": false}, {""action"": ""serve_6"", ""controllable"": true, ""outcomes"": 1, ""outcomes_in_certificate_region"": 1, ""unsafe_outcome_examples"": [], ""unsafe_outcomes"": 0, ""update"": false}], ""pending"": [""rho_1"", ""rho_2""], ""physical"": [[""OLD"", ""ready""], [""OLD"", ""ready""], [""OLD"", ""ready""], [""OLD"", ""ready""], [""OLD"", ""ready""], [""OLD"", ""ready""]], ""safe"": true, ""testers"": {""availability"": ""q6""}}], ""initial_examples_limit"": 3, ""initial_states"": 1, ""losing_initial_states"": 1, ""region_states"": 5, ""safe_region_states"": 3, ""scope"": ""checked discovered-state losing certificate; sampled local root closure evidence, not a unique whole-game causal explanation"", ""unsafe_region_states"": 2}",raw/series/rolling_n06_m02_k05_lazy/certificate.json,raw/series/rolling_n06_m02_k05_lazy/result.json
rolling_n06_m02_k06_lazy,"{""k"": 6, ""m"": 2, ""n"": 6}",none,lazy,2,"The checked discovered-state losing certificate contains 2 states (1 unsafe) and 1/1 initial states; its stored root buckets retain every adversarial outcome and identify the outcomes in this certificate (local closure evidence, not a unique causal explanation).","{""initial_examples"": [{""enabled_action_buckets"": [{""action"": ""ablation.merge.transfers"", ""controllable"": true, ""outcomes"": 1, ""outcomes_in_certificate_region"": 1, ""unsafe_outcome_examples"": [{""pending"": [], ""physical"": [[""NEW"", ""booting""], [""NEW"", ""booting""], [""NEW"", ""booting""], [""NEW"", ""booting""], [""NEW"", ""booting""], [""NEW"", ""booting""]], ""testers"": {""availability"": ""ERR_AVAILABILITY""}}], ""unsafe_outcomes"": 1, ""update"": true}, {""action"": ""serve_1"", ""controllable"": true, ""outcomes"": 1, ""outcomes_in_certificate_region"": 1, ""unsafe_outcome_examples"": [], ""unsafe_outcomes"": 0, ""update"": false}, {""action"": ""serve_2"", ""controllable"": true, ""outcomes"": 1, ""outcomes_in_certificate_region"": 1, ""unsafe_outcome_examples"": [], ""unsafe_outcomes"": 0, ""update"": false}, {""action"": ""serve_3"", ""controllable"": true, ""outcomes"": 1, ""outcomes_in_certificate_region"": 1, ""unsafe_outcome_examples"": [], ""unsafe_outcomes"": 0, ""update"": false}, {""action"": ""serve_4"", ""controllable"": true, ""outcomes"": 1, ""outcomes_in_certificate_region"": 1, ""unsafe_outcome_examples"": [], ""unsafe_outcomes"": 0, ""update"": false}, {""action"": ""serve_5"", ""controllable"": true, ""outcomes"": 1, ""outcomes_in_certificate_region"": 1, ""unsafe_outcome_examples"": [], ""unsafe_outcomes"": 0, ""update"": false}, {""action"": ""serve_6"", ""controllable"": true, ""outcomes"": 1, ""outcomes_in_certificate_region"": 1, ""unsafe_outcome_examples"": [], ""unsafe_outcomes"": 0, ""update"": false}], ""pending"": [""ablation.merge.transfers""], ""physical"": [[""OLD"", ""ready""], [""OLD"", ""ready""], [""OLD"", ""ready""], [""OLD"", ""ready""], [""OLD"", ""ready""], [""OLD"", ""ready""]], ""safe"": true, ""testers"": {""availability"": ""q6""}}], ""initial_examples_limit"": 3, ""initial_states"": 1, ""losing_initial_states"": 1, ""region_states"": 2, ""safe_region_states"": 1, ""scope"": ""checked discovered-state losing certificate; sampled local root closure evidence, not a unique whole-game causal explanation"", ""unsafe_region_states"": 1}",raw/series/rolling_n06_m02_k06_lazy/certificate.json,raw/series/rolling_n06_m02_k06_lazy/result.json
rolling_n06_m03_k04_lazy,"{""k"": 4, ""m"": 3, ""n"": 6}",none,lazy,7,"The checked discovered-state losing certificate contains 7 states (2 unsafe) and 1/1 initial states; its stored root buckets retain every adversarial outcome and identify the outcomes in this certificate (local closure evidence, not a unique causal explanation).","{""initial_examples"": [{""enabled_action_buckets"": [{""action"": ""rho_1"", ""controllable"": true, ""outcomes"": 1, ""outcomes_in_certificate_region"": 1, ""unsafe_outcome_examples"": [{""pending"": [""rho_2""], ""physical"": [[""NEW"", ""booting""], [""NEW"", ""booting""], [""NEW"", ""booting""], [""NEW"", ""booting""], [""OLD"", ""ready""], [""OLD"", ""ready""]], ""testers"": {""availability"": ""ERR_AVAILABILITY""}}], ""unsafe_outcomes"": 1, ""update"": true}, {""action"": ""rho_2"", ""controllable"": true, ""outcomes"": 1, ""outcomes_in_certificate_region"": 1, ""unsafe_outcome_examples"": [], ""unsafe_outcomes"": 0, ""update"": true}, {""action"": ""serve_1"", ""controllable"": true, ""outcomes"": 1, ""outcomes_in_certificate_region"": 1, ""unsafe_outcome_examples"": [], ""unsafe_outcomes"": 0, ""update"": false}, {""action"": ""serve_2"", ""controllable"": true, ""outcomes"": 1, ""outcomes_in_certificate_region"": 1, ""unsafe_outcome_examples"": [], ""unsafe_outcomes"": 0, ""update"": false}, {""action"": ""serve_3"", ""controllable"": true, ""outcomes"": 1, ""outcomes_in_certificate_region"": 1, ""unsafe_outcome_examples"": [], ""unsafe_outcomes"": 0, ""update"": false}, {""action"": ""serve_4"", ""controllable"": true, ""outcomes"": 1, ""outcomes_in_certificate_region"": 1, ""unsafe_outcome_examples"": [], ""unsafe_outcomes"": 0, ""update"": false}, {""action"": ""serve_5"", ""controllable"": true, ""outcomes"": 1, ""outcomes_in_certificate_region"": 1, ""unsafe_outcome_examples"": [], ""unsafe_outcomes"": 0, ""update"": false}, {""action"": ""serve_6"", ""controllable"": true, ""outcomes"": 1, ""outcomes_in_certificate_region"": 1, ""unsafe_outcome_examples"": [], ""unsafe_outcomes"": 0, ""update"": false}], ""pending"": [""rho_1"", ""rho_2""], ""physical"": [[""OLD"", ""ready""], [""OLD"", ""ready""], [""OLD"", ""ready""], [""OLD"", ""ready""], [""OLD"", ""ready""], [""OLD"", ""ready""]], ""safe"": true, ""testers"": {""availability"": ""q6""}}], ""initial_examples_limit"": 3, ""initial_states"": 1, ""losing_initial_states"": 1, ""region_states"": 7, ""safe_region_states"": 5, ""scope"": ""checked discovered-state losing certificate; sampled local root closure evidence, not a unique whole-game causal explanation"", ""unsafe_region_states"": 2}",raw/series/rolling_n06_m03_k04_lazy/certificate.json,raw/series/rolling_n06_m03_k04_lazy/result.json
rolling_n06_m03_k05_lazy,"{""k"": 5, ""m"": 3, ""n"": 6}",none,lazy,5,"The checked discovered-state losing certificate contains 5 states (2 unsafe) and 1/1 initial states; its stored root buckets retain every adversarial outcome and identify the outcomes in this certificate (local closure evidence, not a unique causal explanation).","{""initial_examples"": [{""enabled_action_buckets"": [{""action"": ""rho_1"", ""controllable"": true, ""outcomes"": 1, ""outcomes_in_certificate_region"": 1, ""unsafe_outcome_examples"": [{""pending"": [""rho_2""], ""physical"": [[""NEW"", ""booting""], [""NEW"", ""booting""], [""NEW"", ""booting""], [""NEW"", ""booting""], [""NEW"", ""booting""], [""OLD"", ""ready""]], ""testers"": {""availability"": ""ERR_AVAILABILITY""}}], ""unsafe_outcomes"": 1, ""update"": true}, {""action"": ""rho_2"", ""controllable"": true, ""outcomes"": 1, ""outcomes_in_certificate_region"": 1, ""unsafe_outcome_examples"": [], ""unsafe_outcomes"": 0, ""update"": true}, {""action"": ""serve_1"", ""controllable"": true, ""outcomes"": 1, ""outcomes_in_certificate_region"": 1, ""unsafe_outcome_examples"": [], ""unsafe_outcomes"": 0, ""update"": false}, {""action"": ""serve_2"", ""controllable"": true, ""outcomes"": 1, ""outcomes_in_certificate_region"": 1, ""unsafe_outcome_examples"": [], ""unsafe_outcomes"": 0, ""update"": false}, {""action"": ""serve_3"", ""controllable"": true, ""outcomes"": 1, ""outcomes_in_certificate_region"": 1, ""unsafe_outcome_examples"": [], ""unsafe_outcomes"": 0, ""update"": false}, {""action"": ""serve_4"", ""controllable"": true, ""outcomes"": 1, ""outcomes_in_certificate_region"": 1, ""unsafe_outcome_examples"": [], ""unsafe_outcomes"": 0, ""update"": false}, {""action"": ""serve_5"", ""controllable"": true, ""outcomes"": 1, ""outcomes_in_certificate_region"": 1, ""unsafe_outcome_examples"": [], ""unsafe_outcomes"": 0, ""update"": false}, {""action"": ""serve_6"", ""controllable"": true, ""outcomes"": 1, ""outcomes_in_certificate_region"": 1, ""unsafe_outcome_examples"": [], ""unsafe_outcomes"": 0, ""update"": false}], ""pending"": [""rho_1"", ""rho_2""], ""physical"": [[""OLD"", ""ready""], [""OLD"", ""ready""], [""OLD"", ""ready""], [""OLD"", ""ready""], [""OLD"", ""ready""], [""OLD"", ""ready""]], ""safe"": true, ""testers"": {""availability"": ""q6""}}], ""initial_examples_limit"": 3, ""initial_states"": 1, ""losing_initial_states"": 1, ""region_states"": 5, ""safe_region_states"": 3, ""scope"": ""checked discovered-state losing certificate; sampled local root closure evidence, not a unique whole-game causal explanation"", ""unsafe_region_states"": 2}",raw/series/rolling_n06_m03_k05_lazy/certificate.json,raw/series/rolling_n06_m03_k05_lazy/result.json
rolling_n06_m03_k06_lazy,"{""k"": 6, ""m"": 3, ""n"": 6}",none,lazy,2,"The checked discovered-state losing certificate contains 2 states (1 unsafe) and 1/1 initial states; its stored root buckets retain every adversarial outcome and identify the outcomes in this certificate (local closure evidence, not a unique causal explanation).","{""initial_examples"": [{""enabled_action_buckets"": [{""action"": ""ablation.merge.transfers"", ""controllable"": true, ""outcomes"": 1, ""outcomes_in_certificate_region"": 1, ""unsafe_outcome_examples"": [{""pending"": [], ""physical"": [[""NEW"", ""booting""], [""NEW"", ""booting""], [""NEW"", ""booting""], [""NEW"", ""booting""], [""NEW"", ""booting""], [""NEW"", ""booting""]], ""testers"": {""availability"": ""ERR_AVAILABILITY""}}], ""unsafe_outcomes"": 1, ""update"": true}, {""action"": ""serve_1"", ""controllable"": true, ""outcomes"": 1, ""outcomes_in_certificate_region"": 1, ""unsafe_outcome_examples"": [], ""unsafe_outcomes"": 0, ""update"": false}, {""action"": ""serve_2"", ""controllable"": true, ""outcomes"": 1, ""outcomes_in_certificate_region"": 1, ""unsafe_outcome_examples"": [], ""unsafe_outcomes"": 0, ""update"": false}, {""action"": ""serve_3"", ""controllable"": true, ""outcomes"": 1, ""outcomes_in_certificate_region"": 1, ""unsafe_outcome_examples"": [], ""unsafe_outcomes"": 0, ""update"": false}, {""action"": ""serve_4"", ""controllable"": true, ""outcomes"": 1, ""outcomes_in_certificate_region"": 1, ""unsafe_outcome_examples"": [], ""unsafe_outcomes"": 0, ""update"": false}, {""action"": ""serve_5"", ""controllable"": true, ""outcomes"": 1, ""outcomes_in_certificate_region"": 1, ""unsafe_outcome_examples"": [], ""unsafe_outcomes"": 0, ""update"": false}, {""action"": ""serve_6"", ""controllable"": true, ""outcomes"": 1, ""outcomes_in_certificate_region"": 1, ""unsafe_outcome_examples"": [], ""unsafe_outcomes"": 0, ""update"": false}], ""pending"": [""ablation.merge.transfers""], ""physical"": [[""OLD"", ""ready""], [""OLD"", ""ready""], [""OLD"", ""ready""], [""OLD"", ""ready""], [""OLD"", ""ready""], [""OLD"", ""ready""]], ""safe"": true, ""testers"": {""availability"": ""q6""}}], ""initial_examples_limit"": 3, ""initial_states"": 1, ""losing_initial_states"": 1, ""region_states"": 2, ""safe_region_states"": 1, ""scope"": ""checked discovered-state losing certificate; sampled local root closure evidence, not a unique whole-game causal explanation"", ""unsafe_region_states"": 1}",raw/series/rolling_n06_m03_k06_lazy/certificate.json,raw/series/rolling_n06_m03_k06_lazy/result.json
rolling_n06_m04_k03_lazy,"{""k"": 3, ""m"": 4, ""n"": 6}",none,lazy,3,"The checked discovered-state losing certificate contains 3 states (2 unsafe) and 1/1 initial states; its stored root buckets retain every adversarial outcome and identify the outcomes in this certificate (local closure evidence, not a unique causal explanation).","{""initial_examples"": [{""enabled_action_buckets"": [{""action"": ""rho_1"", ""controllable"": true, ""outcomes"": 1, ""outcomes_in_certificate_region"": 1, ""unsafe_outcome_examples"": [{""pending"": [""rho_2""], ""physical"": [[""NEW"", ""booting""], [""NEW"", ""booting""], [""NEW"", ""booting""], [""OLD"", ""ready""], [""OLD"", ""ready""], [""OLD"", ""ready""]], ""testers"": {""availability"": ""ERR_AVAILABILITY""}}], ""unsafe_outcomes"": 1, ""update"": true}, {""action"": ""rho_2"", ""controllable"": true, ""outcomes"": 1, ""outcomes_in_certificate_region"": 1, ""unsafe_outcome_examples"": [{""pending"": [""rho_1""], ""physical"": [[""OLD"", ""ready""], [""OLD"", ""ready""], [""OLD"", ""ready""], [""NEW"", ""booting""], [""NEW"", ""booting""], [""NEW"", ""booting""]], ""testers"": {""availability"": ""ERR_AVAILABILITY""}}], ""unsafe_outcomes"": 1, ""update"": true}, {""action"": ""serve_1"", ""controllable"": true, ""outcomes"": 1, ""outcomes_in_certificate_region"": 1, ""unsafe_outcome_examples"": [], ""unsafe_outcomes"": 0, ""update"": false}, {""action"": ""serve_2"", ""controllable"": true, ""outcomes"": 1, ""outcomes_in_certificate_region"": 1, ""unsafe_outcome_examples"": [], ""unsafe_outcomes"": 0, ""update"": false}, {""action"": ""serve_3"", ""controllable"": true, ""outcomes"": 1, ""outcomes_in_certificate_region"": 1, ""unsafe_outcome_examples"": [], ""unsafe_outcomes"": 0, ""update"": false}, {""action"": ""serve_4"", ""controllable"": true, ""outcomes"": 1, ""outcomes_in_certificate_region"": 1, ""unsafe_outcome_examples"": [], ""unsafe_outcomes"": 0, ""update"": false}, {""action"": ""serve_5"", ""controllable"": true, ""outcomes"": 1, ""outcomes_in_certificate_region"": 1, ""unsafe_outcome_examples"": [], ""unsafe_outcomes"": 0, ""update"": false}, {""action"": ""serve_6"", ""controllable"": true, ""outcomes"": 1, ""outcomes_in_certificate_region"": 1, ""unsafe_outcome_examples"": [], ""unsafe_outcomes"": 0, ""update"": false}], ""pending"": [""rho_1"", ""rho_2""], ""physical"": [[""OLD"", ""ready""], [""OLD"", ""ready""], [""OLD"", ""ready""], [""OLD"", ""ready""], [""OLD"", ""ready""], [""OLD"", ""ready""]], ""safe"": true, ""testers"": {""availability"": ""q6""}}], ""initial_examples_limit"": 3, ""initial_states"": 1, ""losing_initial_states"": 1, ""region_states"": 3, ""safe_region_states"": 1, ""scope"": ""checked discovered-state losing certificate; sampled local root closure evidence, not a unique whole-game causal explanation"", ""unsafe_region_states"": 2}",raw/series/rolling_n06_m04_k03_lazy/certificate.json,raw/series/rolling_n06_m04_k03_lazy/result.json
rolling_n06_m04_k04_lazy,"{""k"": 4, ""m"": 4, ""n"": 6}",none,lazy,7,"The checked discovered-state losing certificate contains 7 states (2 unsafe) and 1/1 initial states; its stored root buckets retain every adversarial outcome and identify the outcomes in this certificate (local closure evidence, not a unique causal explanation).","{""initial_examples"": [{""enabled_action_buckets"": [{""action"": ""rho_1"", ""controllable"": true, ""outcomes"": 1, ""outcomes_in_certificate_region"": 1, ""unsafe_outcome_examples"": [{""pending"": [""rho_2""], ""physical"": [[""NEW"", ""booting""], [""NEW"", ""booting""], [""NEW"", ""booting""], [""NEW"", ""booting""], [""OLD"", ""ready""], [""OLD"", ""ready""]], ""testers"": {""availability"": ""ERR_AVAILABILITY""}}], ""unsafe_outcomes"": 1, ""update"": true}, {""action"": ""rho_2"", ""controllable"": true, ""outcomes"": 1, ""outcomes_in_certificate_region"": 1, ""unsafe_outcome_examples"": [], ""unsafe_outcomes"": 0, ""update"": true}, {""action"": ""serve_1"", ""controllable"": true, ""outcomes"": 1, ""outcomes_in_certificate_region"": 1, ""unsafe_outcome_examples"": [], ""unsafe_outcomes"": 0, ""update"": false}, {""action"": ""serve_2"", ""controllable"": true, ""outcomes"": 1, ""outcomes_in_certificate_region"": 1, ""unsafe_outcome_examples"": [], ""unsafe_outcomes"": 0, ""update"": false}, {""action"": ""serve_3"", ""controllable"": true, ""outcomes"": 1, ""outcomes_in_certificate_region"": 1, ""unsafe_outcome_examples"": [], ""unsafe_outcomes"": 0, ""update"": false}, {""action"": ""serve_4"", ""controllable"": true, ""outcomes"": 1, ""outcomes_in_certificate_region"": 1, ""unsafe_outcome_examples"": [], ""unsafe_outcomes"": 0, ""update"": false}, {""action"": ""serve_5"", ""controllable"": true, ""outcomes"": 1, ""outcomes_in_certificate_region"": 1, ""unsafe_outcome_examples"": [], ""unsafe_outcomes"": 0, ""update"": false}, {""action"": ""serve_6"", ""controllable"": true, ""outcomes"": 1, ""outcomes_in_certificate_region"": 1, ""unsafe_outcome_examples"": [], ""unsafe_outcomes"": 0, ""update"": false}], ""pending"": [""rho_1"", ""rho_2""], ""physical"": [[""OLD"", ""ready""], [""OLD"", ""ready""], [""OLD"", ""ready""], [""OLD"", ""ready""], [""OLD"", ""ready""], [""OLD"", ""ready""]], ""safe"": true, ""testers"": {""availability"": ""q6""}}], ""initial_examples_limit"": 3, ""initial_states"": 1, ""losing_initial_states"": 1, ""region_states"": 7, ""safe_region_states"": 5, ""scope"": ""checked discovered-state losing certificate; sampled local root closure evidence, not a unique whole-game causal explanation"", ""unsafe_region_states"": 2}",raw/series/rolling_n06_m04_k04_lazy/certificate.json,raw/series/rolling_n06_m04_k04_lazy/result.json
rolling_n06_m04_k05_lazy,"{""k"": 5, ""m"": 4, ""n"": 6}",none,lazy,5,"The checked discovered-state losing certificate contains 5 states (2 unsafe) and 1/1 initial states; its stored root buckets retain every adversarial outcome and identify the outcomes in this certificate (local closure evidence, not a unique causal explanation).","{""initial_examples"": [{""enabled_action_buckets"": [{""action"": ""rho_1"", ""controllable"": true, ""outcomes"": 1, ""outcomes_in_certificate_region"": 1, ""unsafe_outcome_examples"": [{""pending"": [""rho_2""], ""physical"": [[""NEW"", ""booting""], [""NEW"", ""booting""], [""NEW"", ""booting""], [""NEW"", ""booting""], [""NEW"", ""booting""], [""OLD"", ""ready""]], ""testers"": {""availability"": ""ERR_AVAILABILITY""}}], ""unsafe_outcomes"": 1, ""update"": true}, {""action"": ""rho_2"", ""controllable"": true, ""outcomes"": 1, ""outcomes_in_certificate_region"": 1, ""unsafe_outcome_examples"": [], ""unsafe_outcomes"": 0, ""update"": true}, {""action"": ""serve_1"", ""controllable"": true, ""outcomes"": 1, ""outcomes_in_certificate_region"": 1, ""unsafe_outcome_examples"": [], ""unsafe_outcomes"": 0, ""update"": false}, {""action"": ""serve_2"", ""controllable"": true, ""outcomes"": 1, ""outcomes_in_certificate_region"": 1, ""unsafe_outcome_examples"": [], ""unsafe_outcomes"": 0, ""update"": false}, {""action"": ""serve_3"", ""controllable"": true, ""outcomes"": 1, ""outcomes_in_certificate_region"": 1, ""unsafe_outcome_examples"": [], ""unsafe_outcomes"": 0, ""update"": false}, {""action"": ""serve_4"", ""controllable"": true, ""outcomes"": 1, ""outcomes_in_certificate_region"": 1, ""unsafe_outcome_examples"": [], ""unsafe_outcomes"": 0, ""update"": false}, {""action"": ""serve_5"", ""controllable"": true, ""outcomes"": 1, ""outcomes_in_certificate_region"": 1, ""unsafe_outcome_examples"": [], ""unsafe_outcomes"": 0, ""update"": false}, {""action"": ""serve_6"", ""controllable"": true, ""outcomes"": 1, ""outcomes_in_certificate_region"": 1, ""unsafe_outcome_examples"": [], ""unsafe_outcomes"": 0, ""update"": false}], ""pending"": [""rho_1"", ""rho_2""], ""physical"": [[""OLD"", ""ready""], [""OLD"", ""ready""], [""OLD"", ""ready""], [""OLD"", ""ready""], [""OLD"", ""ready""], [""OLD"", ""ready""]], ""safe"": true, ""testers"": {""availability"": ""q6""}}], ""initial_examples_limit"": 3, ""initial_states"": 1, ""losing_initial_states"": 1, ""region_states"": 5, ""safe_region_states"": 3, ""scope"": ""checked discovered-state losing certificate; sampled local root closure evidence, not a unique whole-game causal explanation"", ""unsafe_region_states"": 2}",raw/series/rolling_n06_m04_k05_lazy/certificate.json,raw/series/rolling_n06_m04_k05_lazy/result.json
rolling_n06_m04_k06_lazy,"{""k"": 6, ""m"": 4, ""n"": 6}",none,lazy,2,"The checked discovered-state losing certificate contains 2 states (1 unsafe) and 1/1 initial states; its stored root buckets retain every adversarial outcome and identify the outcomes in this certificate (local closure evidence, not a unique causal explanation).","{""initial_examples"": [{""enabled_action_buckets"": [{""action"": ""ablation.merge.transfers"", ""controllable"": true, ""outcomes"": 1, ""outcomes_in_certificate_region"": 1, ""unsafe_outcome_examples"": [{""pending"": [], ""physical"": [[""NEW"", ""booting""], [""NEW"", ""booting""], [""NEW"", ""booting""], [""NEW"", ""booting""], [""NEW"", ""booting""], [""NEW"", ""booting""]], ""testers"": {""availability"": ""ERR_AVAILABILITY""}}], ""unsafe_outcomes"": 1, ""update"": true}, {""action"": ""serve_1"", ""controllable"": true, ""outcomes"": 1, ""outcomes_in_certificate_region"": 1, ""unsafe_outcome_examples"": [], ""unsafe_outcomes"": 0, ""update"": false}, {""action"": ""serve_2"", ""controllable"": true, ""outcomes"": 1, ""outcomes_in_certificate_region"": 1, ""unsafe_outcome_examples"": [], ""unsafe_outcomes"": 0, ""update"": false}, {""action"": ""serve_3"", ""controllable"": true, ""outcomes"": 1, ""outcomes_in_certificate_region"": 1, ""unsafe_outcome_examples"": [], ""unsafe_outcomes"": 0, ""update"": false}, {""action"": ""serve_4"", ""controllable"": true, ""outcomes"": 1, ""outcomes_in_certificate_region"": 1, ""unsafe_outcome_examples"": [], ""unsafe_outcomes"": 0, ""update"": false}, {""action"": ""serve_5"", ""controllable"": true, ""outcomes"": 1, ""outcomes_in_certificate_region"": 1, ""unsafe_outcome_examples"": [], ""unsafe_outcomes"": 0, ""update"": false}, {""action"": ""serve_6"", ""controllable"": true, ""outcomes"": 1, ""outcomes_in_certificate_region"": 1, ""unsafe_outcome_examples"": [], ""unsafe_outcomes"": 0, ""update"": false}], ""pending"": [""ablation.merge.transfers""], ""physical"": [[""OLD"", ""ready""], [""OLD"", ""ready""], [""OLD"", ""ready""], [""OLD"", ""ready""], [""OLD"", ""ready""], [""OLD"", ""ready""]], ""safe"": true, ""testers"": {""availability"": ""q6""}}], ""initial_examples_limit"": 3, ""initial_states"": 1, ""losing_initial_states"": 1, ""region_states"": 2, ""safe_region_states"": 1, ""scope"": ""checked discovered-state losing certificate; sampled local root closure evidence, not a unique whole-game causal explanation"", ""unsafe_region_states"": 1}",raw/series/rolling_n06_m04_k06_lazy/certificate.json,raw/series/rolling_n06_m04_k06_lazy/result.json
rolling_n06_m05_k02_lazy,"{""k"": 2, ""m"": 5, ""n"": 6}",none,lazy,4,"The checked discovered-state losing certificate contains 4 states (3 unsafe) and 1/1 initial states; its stored root buckets retain every adversarial outcome and identify the outcomes in this certificate (local closure evidence, not a unique causal explanation).","{""initial_examples"": [{""enabled_action_buckets"": [{""action"": ""rho_1"", ""controllable"": true, ""outcomes"": 1, ""outcomes_in_certificate_region"": 1, ""unsafe_outcome_examples"": [{""pending"": [""rho_2"", ""rho_3""], ""physical"": [[""NEW"", ""booting""], [""NEW"", ""booting""], [""OLD"", ""ready""], [""OLD"", ""ready""], [""OLD"", ""ready""], [""OLD"", ""ready""]], ""testers"": {""availability"": ""ERR_AVAILABILITY""}}], ""unsafe_outcomes"": 1, ""update"": true}, {""action"": ""rho_2"", ""controllable"": true, ""outcomes"": 1, ""outcomes_in_certificate_region"": 1, ""unsafe_outcome_examples"": [{""pending"": [""rho_1"", ""rho_3""], ""physical"": [[""OLD"", ""ready""], [""OLD"", ""ready""], [""NEW"", ""booting""], [""NEW"", ""booting""], [""OLD"", ""ready""], [""OLD"", ""ready""]], ""testers"": {""availability"": ""ERR_AVAILABILITY""}}], ""unsafe_outcomes"": 1, ""update"": true}, {""action"": ""rho_3"", ""controllable"": true, ""outcomes"": 1, ""outcomes_in_certificate_region"": 1, ""unsafe_outcome_examples"": [{""pending"": [""rho_1"", ""rho_2""], ""physical"": [[""OLD"", ""ready""], [""OLD"", ""ready""], [""OLD"", ""ready""], [""OLD"", ""ready""], [""NEW"", ""booting""], [""NEW"", ""booting""]], ""testers"": {""availability"": ""ERR_AVAILABILITY""}}], ""unsafe_outcomes"": 1, ""update"": true}, {""action"": ""serve_1"", ""controllable"": true, ""outcomes"": 1, ""outcomes_in_certificate_region"": 1, ""unsafe_outcome_examples"": [], ""unsafe_outcomes"": 0, ""update"": false}, {""action"": ""serve_2"", ""controllable"": true, ""outcomes"": 1, ""outcomes_in_certificate_region"": 1, ""unsafe_outcome_examples"": [], ""unsafe_outcomes"": 0, ""update"": false}, {""action"": ""serve_3"", ""controllable"": true, ""outcomes"": 1, ""outcomes_in_certificate_region"": 1, ""unsafe_outcome_examples"": [], ""unsafe_outcomes"": 0, ""update"": false}, {""action"": ""serve_4"", ""controllable"": true, ""outcomes"": 1, ""outcomes_in_certificate_region"": 1, ""unsafe_outcome_examples"": [], ""unsafe_outcomes"": 0, ""update"": false}, {""action"": ""serve_5"", ""controllable"": true, ""outcomes"": 1, ""outcomes_in_certificate_region"": 1, ""unsafe_outcome_examples"": [], ""unsafe_outcomes"": 0, ""update"": false}, {""action"": ""serve_6"", ""controllable"": true, ""outcomes"": 1, ""outcomes_in_certificate_region"": 1, ""unsafe_outcome_examples"": [], ""unsafe_outcomes"": 0, ""update"": false}], ""pending"": [""rho_1"", ""rho_2"", ""rho_3""], ""physical"": [[""OLD"", ""ready""], [""OLD"", ""ready""], [""OLD"", ""ready""], [""OLD"", ""ready""], [""OLD"", ""ready""], [""OLD"", ""ready""]], ""safe"": true, ""testers"": {""availability"": ""q6""}}], ""initial_examples_limit"": 3, ""initial_states"": 1, ""losing_initial_states"": 1, ""region_states"": 4, ""safe_region_states"": 1, ""scope"": ""checked discovered-state losing certificate; sampled local root closure evidence, not a unique whole-game causal explanation"", ""unsafe_region_states"": 3}",raw/series/rolling_n06_m05_k02_lazy/certificate.json,raw/series/rolling_n06_m05_k02_lazy/result.json
rolling_n06_m05_k03_lazy,"{""k"": 3, ""m"": 5, ""n"": 6}",none,lazy,3,"The checked discovered-state losing certificate contains 3 states (2 unsafe) and 1/1 initial states; its stored root buckets retain every adversarial outcome and identify the outcomes in this certificate (local closure evidence, not a unique causal explanation).","{""initial_examples"": [{""enabled_action_buckets"": [{""action"": ""rho_1"", ""controllable"": true, ""outcomes"": 1, ""outcomes_in_certificate_region"": 1, ""unsafe_outcome_examples"": [{""pending"": [""rho_2""], ""physical"": [[""NEW"", ""booting""], [""NEW"", ""booting""], [""NEW"", ""booting""], [""OLD"", ""ready""], [""OLD"", ""ready""], [""OLD"", ""ready""]], ""testers"": {""availability"": ""ERR_AVAILABILITY""}}], ""unsafe_outcomes"": 1, ""update"": true}, {""action"": ""rho_2"", ""controllable"": true, ""outcomes"": 1, ""outcomes_in_certificate_region"": 1, ""unsafe_outcome_examples"": [{""pending"": [""rho_1""], ""physical"": [[""OLD"", ""ready""], [""OLD"", ""ready""], [""OLD"", ""ready""], [""NEW"", ""booting""], [""NEW"", ""booting""], [""NEW"", ""booting""]], ""testers"": {""availability"": ""ERR_AVAILABILITY""}}], ""unsafe_outcomes"": 1, ""update"": true}, {""action"": ""serve_1"", ""controllable"": true, ""outcomes"": 1, ""outcomes_in_certificate_region"": 1, ""unsafe_outcome_examples"": [], ""unsafe_outcomes"": 0, ""update"": false}, {""action"": ""serve_2"", ""controllable"": true, ""outcomes"": 1, ""outcomes_in_certificate_region"": 1, ""unsafe_outcome_examples"": [], ""unsafe_outcomes"": 0, ""update"": false}, {""action"": ""serve_3"", ""controllable"": true, ""outcomes"": 1, ""outcomes_in_certificate_region"": 1, ""unsafe_outcome_examples"": [], ""unsafe_outcomes"": 0, ""update"": false}, {""action"": ""serve_4"", ""controllable"": true, ""outcomes"": 1, ""outcomes_in_certificate_region"": 1, ""unsafe_outcome_examples"": [], ""unsafe_outcomes"": 0, ""update"": false}, {""action"": ""serve_5"", ""controllable"": true, ""outcomes"": 1, ""outcomes_in_certificate_region"": 1, ""unsafe_outcome_examples"": [], ""unsafe_outcomes"": 0, ""update"": false}, {""action"": ""serve_6"", ""controllable"": true, ""outcomes"": 1, ""outcomes_in_certificate_region"": 1, ""unsafe_outcome_examples"": [], ""unsafe_outcomes"": 0, ""update"": false}], ""pending"": [""rho_1"", ""rho_2""], ""physical"": [[""OLD"", ""ready""], [""OLD"", ""ready""], [""OLD"", ""ready""], [""OLD"", ""ready""], [""OLD"", ""ready""], [""OLD"", ""ready""]], ""safe"": true, ""testers"": {""availability"": ""q6""}}], ""initial_examples_limit"": 3, ""initial_states"": 1, ""losing_initial_states"": 1, ""region_states"": 3, ""safe_region_states"": 1, ""scope"": ""checked discovered-state losing certificate; sampled local root closure evidence, not a unique whole-game causal explanation"", ""unsafe_region_states"": 2}",raw/series/rolling_n06_m05_k03_lazy/certificate.json,raw/series/rolling_n06_m05_k03_lazy/result.json
rolling_n06_m05_k04_lazy,"{""k"": 4, ""m"": 5, ""n"": 6}",none,lazy,3,"The checked discovered-state losing certificate contains 3 states (2 unsafe) and 1/1 initial states; its stored root buckets retain every adversarial outcome and identify the outcomes in this certificate (local closure evidence, not a unique causal explanation).","{""initial_examples"": [{""enabled_action_buckets"": [{""action"": ""rho_1"", ""controllable"": true, ""outcomes"": 1, ""outcomes_in_certificate_region"": 1, ""unsafe_outcome_examples"": [{""pending"": [""rho_2""], ""physical"": [[""NEW"", ""booting""], [""NEW"", ""booting""], [""NEW"", ""booting""], [""NEW"", ""booting""], [""OLD"", ""ready""], [""OLD"", ""ready""]], ""testers"": {""availability"": ""ERR_AVAILABILITY""}}], ""unsafe_outcomes"": 1, ""update"": true}, {""action"": ""rho_2"", ""controllable"": true, ""outcomes"": 1, ""outcomes_in_certificate_region"": 1, ""unsafe_outcome_examples"": [{""pending"": [""rho_1""], ""physical"": [[""OLD"", ""ready""], [""OLD"", ""ready""], [""OLD"", ""ready""], [""OLD"", ""ready""], [""NEW"", ""booting""], [""NEW"", ""booting""]], ""testers"": {""availability"": ""ERR_AVAILABILITY""}}], ""unsafe_outcomes"": 1, ""update"": true}, {""action"": ""serve_1"", ""controllable"": true, ""outcomes"": 1, ""outcomes_in_certificate_region"": 1, ""unsafe_outcome_examples"": [], ""unsafe_outcomes"": 0, ""update"": false}, {""action"": ""serve_2"", ""controllable"": true, ""outcomes"": 1, ""outcomes_in_certificate_region"": 1, ""unsafe_outcome_examples"": [], ""unsafe_outcomes"": 0, ""update"": false}, {""action"": ""serve_3"", ""controllable"": true, ""outcomes"": 1, ""outcomes_in_certificate_region"": 1, ""unsafe_outcome_examples"": [], ""unsafe_outcomes"": 0, ""update"": false}, {""action"": ""serve_4"", ""controllable"": true, ""outcomes"": 1, ""outcomes_in_certificate_region"": 1, ""unsafe_outcome_examples"": [], ""unsafe_outcomes"": 0, ""update"": false}, {""action"": ""serve_5"", ""controllable"": true, ""outcomes"": 1, ""outcomes_in_certificate_region"": 1, ""unsafe_outcome_examples"": [], ""unsafe_outcomes"": 0, ""update"": false}, {""action"": ""serve_6"", ""controllable"": true, ""outcomes"": 1, ""outcomes_in_certificate_region"": 1, ""unsafe_outcome_examples"": [], ""unsafe_outcomes"": 0, ""update"": false}], ""pending"": [""rho_1"", ""rho_2""], ""physical"": [[""OLD"", ""ready""], [""OLD"", ""ready""], [""OLD"", ""ready""], [""OLD"", ""ready""], [""OLD"", ""ready""], [""OLD"", ""ready""]], ""safe"": true, ""testers"": {""availability"": ""q6""}}], ""initial_examples_limit"": 3, ""initial_states"": 1, ""losing_initial_states"": 1, ""region_states"": 3, ""safe_region_states"": 1, ""scope"": ""checked discovered-state losing certificate; sampled local root closure evidence, not a unique whole-game causal explanation"", ""unsafe_region_states"": 2}",raw/series/rolling_n06_m05_k04_lazy/certificate.json,raw/series/rolling_n06_m05_k04_lazy/result.json
rolling_n06_m05_k05_lazy,"{""k"": 5, ""m"": 5, ""n"": 6}",none,lazy,5,"The checked discovered-state losing certificate contains 5 states (2 unsafe) and 1/1 initial states; its stored root buckets retain every adversarial outcome and identify the outcomes in this certificate (local closure evidence, not a unique causal explanation).","{""initial_examples"": [{""enabled_action_buckets"": [{""action"": ""rho_1"", ""controllable"": true, ""outcomes"": 1, ""outcomes_in_certificate_region"": 1, ""unsafe_outcome_examples"": [{""pending"": [""rho_2""], ""physical"": [[""NEW"", ""booting""], [""NEW"", ""booting""], [""NEW"", ""booting""], [""NEW"", ""booting""], [""NEW"", ""booting""], [""OLD"", ""ready""]], ""testers"": {""availability"": ""ERR_AVAILABILITY""}}], ""unsafe_outcomes"": 1, ""update"": true}, {""action"": ""rho_2"", ""controllable"": true, ""outcomes"": 1, ""outcomes_in_certificate_region"": 1, ""unsafe_outcome_examples"": [], ""unsafe_outcomes"": 0, ""update"": true}, {""action"": ""serve_1"", ""controllable"": true, ""outcomes"": 1, ""outcomes_in_certificate_region"": 1, ""unsafe_outcome_examples"": [], ""unsafe_outcomes"": 0, ""update"": false}, {""action"": ""serve_2"", ""controllable"": true, ""outcomes"": 1, ""outcomes_in_certificate_region"": 1, ""unsafe_outcome_examples"": [], ""unsafe_outcomes"": 0, ""update"": false}, {""action"": ""serve_3"", ""controllable"": true, ""outcomes"": 1, ""outcomes_in_certificate_region"": 1, ""unsafe_outcome_examples"": [], ""unsafe_outcomes"": 0, ""update"": false}, {""action"": ""serve_4"", ""controllable"": true, ""outcomes"": 1, ""outcomes_in_certificate_region"": 1, ""unsafe_outcome_examples"": [], ""unsafe_outcomes"": 0, ""update"": false}, {""action"": ""serve_5"", ""controllable"": true, ""outcomes"": 1, ""outcomes_in_certificate_region"": 1, ""unsafe_outcome_examples"": [], ""unsafe_outcomes"": 0, ""update"": false}, {""action"": ""serve_6"", ""controllable"": true, ""outcomes"": 1, ""outcomes_in_certificate_region"": 1, ""unsafe_outcome_examples"": [], ""unsafe_outcomes"": 0, ""update"": false}], ""pending"": [""rho_1"", ""rho_2""], ""physical"": [[""OLD"", ""ready""], [""OLD"", ""ready""], [""OLD"", ""ready""], [""OLD"", ""ready""], [""OLD"", ""ready""], [""OLD"", ""ready""]], ""safe"": true, ""testers"": {""availability"": ""q6""}}], ""initial_examples_limit"": 3, ""initial_states"": 1, ""losing_initial_states"": 1, ""region_states"": 5, ""safe_region_states"": 3, ""scope"": ""checked discovered-state losing certificate; sampled local root closure evidence, not a unique whole-game causal explanation"", ""unsafe_region_states"": 2}",raw/series/rolling_n06_m05_k05_lazy/certificate.json,raw/series/rolling_n06_m05_k05_lazy/result.json
rolling_n06_m05_k06_lazy,"{""k"": 6, ""m"": 5, ""n"": 6}",none,lazy,2,"The checked discovered-state losing certificate contains 2 states (1 unsafe) and 1/1 initial states; its stored root buckets retain every adversarial outcome and identify the outcomes in this certificate (local closure evidence, not a unique causal explanation).","{""initial_examples"": [{""enabled_action_buckets"": [{""action"": ""ablation.merge.transfers"", ""controllable"": true, ""outcomes"": 1, ""outcomes_in_certificate_region"": 1, ""unsafe_outcome_examples"": [{""pending"": [], ""physical"": [[""NEW"", ""booting""], [""NEW"", ""booting""], [""NEW"", ""booting""], [""NEW"", ""booting""], [""NEW"", ""booting""], [""NEW"", ""booting""]], ""testers"": {""availability"": ""ERR_AVAILABILITY""}}], ""unsafe_outcomes"": 1, ""update"": true}, {""action"": ""serve_1"", ""controllable"": true, ""outcomes"": 1, ""outcomes_in_certificate_region"": 1, ""unsafe_outcome_examples"": [], ""unsafe_outcomes"": 0, ""update"": false}, {""action"": ""serve_2"", ""controllable"": true, ""outcomes"": 1, ""outcomes_in_certificate_region"": 1, ""unsafe_outcome_examples"": [], ""unsafe_outcomes"": 0, ""update"": false}, {""action"": ""serve_3"", ""controllable"": true, ""outcomes"": 1, ""outcomes_in_certificate_region"": 1, ""unsafe_outcome_examples"": [], ""unsafe_outcomes"": 0, ""update"": false}, {""action"": ""serve_4"", ""controllable"": true, ""outcomes"": 1, ""outcomes_in_certificate_region"": 1, ""unsafe_outcome_examples"": [], ""unsafe_outcomes"": 0, ""update"": false}, {""action"": ""serve_5"", ""controllable"": true, ""outcomes"": 1, ""outcomes_in_certificate_region"": 1, ""unsafe_outcome_examples"": [], ""unsafe_outcomes"": 0, ""update"": false}, {""action"": ""serve_6"", ""controllable"": true, ""outcomes"": 1, ""outcomes_in_certificate_region"": 1, ""unsafe_outcome_examples"": [], ""unsafe_outcomes"": 0, ""update"": false}], ""pending"": [""ablation.merge.transfers""], ""physical"": [[""OLD"", ""ready""], [""OLD"", ""ready""], [""OLD"", ""ready""], [""OLD"", ""ready""], [""OLD"", ""ready""], [""OLD"", ""ready""]], ""safe"": true, ""testers"": {""availability"": ""q6""}}], ""initial_examples_limit"": 3, ""initial_states"": 1, ""losing_initial_states"": 1, ""region_states"": 2, ""safe_region_states"": 1, ""scope"": ""checked discovered-state losing certificate; sampled local root closure evidence, not a unique whole-game causal explanation"", ""unsafe_region_states"": 1}",raw/series/rolling_n06_m05_k06_lazy/certificate.json,raw/series/rolling_n06_m05_k06_lazy/result.json
rolling_n02_m01_k01_e1merged,"{""k"": 1, ""m"": 1, ""n"": 2}",transfers,lazy,2,"The checked discovered-state losing certificate contains 2 states (1 unsafe) and 1/1 initial states; its stored root buckets retain every adversarial outcome and identify the outcomes in this certificate (local closure evidence, not a unique causal explanation).","{""initial_examples"": [{""enabled_action_buckets"": [{""action"": ""ablation.merge.transfers"", ""controllable"": true, ""outcomes"": 1, ""outcomes_in_certificate_region"": 1, ""unsafe_outcome_examples"": [{""pending"": [], ""physical"": [[""NEW"", ""booting""], [""NEW"", ""booting""]], ""testers"": {""availability"": ""ERR_AVAILABILITY""}}], ""unsafe_outcomes"": 1, ""update"": true}, {""action"": ""serve_1"", ""controllable"": true, ""outcomes"": 1, ""outcomes_in_certificate_region"": 1, ""unsafe_outcome_examples"": [], ""unsafe_outcomes"": 0, ""update"": false}, {""action"": ""serve_2"", ""controllable"": true, ""outcomes"": 1, ""outcomes_in_certificate_region"": 1, ""unsafe_outcome_examples"": [], ""unsafe_outcomes"": 0, ""update"": false}], ""pending"": [""ablation.merge.transfers""], ""physical"": [[""OLD"", ""ready""], [""OLD"", ""ready""]], ""safe"": true, ""testers"": {""availability"": ""q2""}}], ""initial_examples_limit"": 3, ""initial_states"": 1, ""losing_initial_states"": 1, ""region_states"": 2, ""safe_region_states"": 1, ""scope"": ""checked discovered-state losing certificate; sampled local root closure evidence, not a unique whole-game causal explanation"", ""unsafe_region_states"": 1}",raw/series/rolling_n02_m01_k01_e1merged/certificate.json,raw/series/rolling_n02_m01_k01_e1merged/result.json
rolling_n03_m01_k01_e1merged,"{""k"": 1, ""m"": 1, ""n"": 3}",transfers,lazy,2,"The checked discovered-state losing certificate contains 2 states (1 unsafe) and 1/1 initial states; its stored root buckets retain every adversarial outcome and identify the outcomes in this certificate (local closure evidence, not a unique causal explanation).","{""initial_examples"": [{""enabled_action_buckets"": [{""action"": ""ablation.merge.transfers"", ""controllable"": true, ""outcomes"": 1, ""outcomes_in_certificate_region"": 1, ""unsafe_outcome_examples"": [{""pending"": [], ""physical"": [[""NEW"", ""booting""], [""NEW"", ""booting""], [""NEW"", ""booting""]], ""testers"": {""availability"": ""ERR_AVAILABILITY""}}], ""unsafe_outcomes"": 1, ""update"": true}, {""action"": ""serve_1"", ""controllable"": true, ""outcomes"": 1, ""outcomes_in_certificate_region"": 1, ""unsafe_outcome_examples"": [], ""unsafe_outcomes"": 0, ""update"": false}, {""action"": ""serve_2"", ""controllable"": true, ""outcomes"": 1, ""outcomes_in_certificate_region"": 1, ""unsafe_outcome_examples"": [], ""unsafe_outcomes"": 0, ""update"": false}, {""action"": ""serve_3"", ""controllable"": true, ""outcomes"": 1, ""outcomes_in_certificate_region"": 1, ""unsafe_outcome_examples"": [], ""unsafe_outcomes"": 0, ""update"": false}], ""pending"": [""ablation.merge.transfers""], ""physical"": [[""OLD"", ""ready""], [""OLD"", ""ready""], [""OLD"", ""ready""]], ""safe"": true, ""testers"": {""availability"": ""q3""}}], ""initial_examples_limit"": 3, ""initial_states"": 1, ""losing_initial_states"": 1, ""region_states"": 2, ""safe_region_states"": 1, ""scope"": ""checked discovered-state losing certificate; sampled local root closure evidence, not a unique whole-game causal explanation"", ""unsafe_region_states"": 1}",raw/series/rolling_n03_m01_k01_e1merged/certificate.json,raw/series/rolling_n03_m01_k01_e1merged/result.json
rolling_n03_m02_k01_e1merged,"{""k"": 1, ""m"": 2, ""n"": 3}",transfers,lazy,2,"The checked discovered-state losing certificate contains 2 states (1 unsafe) and 1/1 initial states; its stored root buckets retain every adversarial outcome and identify the outcomes in this certificate (local closure evidence, not a unique causal explanation).","{""initial_examples"": [{""enabled_action_buckets"": [{""action"": ""ablation.merge.transfers"", ""controllable"": true, ""outcomes"": 1, ""outcomes_in_certificate_region"": 1, ""unsafe_outcome_examples"": [{""pending"": [], ""physical"": [[""NEW"", ""booting""], [""NEW"", ""booting""], [""NEW"", ""booting""]], ""testers"": {""availability"": ""ERR_AVAILABILITY""}}], ""unsafe_outcomes"": 1, ""update"": true}, {""action"": ""serve_1"", ""controllable"": true, ""outcomes"": 1, ""outcomes_in_certificate_region"": 1, ""unsafe_outcome_examples"": [], ""unsafe_outcomes"": 0, ""update"": false}, {""action"": ""serve_2"", ""controllable"": true, ""outcomes"": 1, ""outcomes_in_certificate_region"": 1, ""unsafe_outcome_examples"": [], ""unsafe_outcomes"": 0, ""update"": false}, {""action"": ""serve_3"", ""controllable"": true, ""outcomes"": 1, ""outcomes_in_certificate_region"": 1, ""unsafe_outcome_examples"": [], ""unsafe_outcomes"": 0, ""update"": false}], ""pending"": [""ablation.merge.transfers""], ""physical"": [[""OLD"", ""ready""], [""OLD"", ""ready""], [""OLD"", ""ready""]], ""safe"": true, ""testers"": {""availability"": ""q3""}}], ""initial_examples_limit"": 3, ""initial_states"": 1, ""losing_initial_states"": 1, ""region_states"": 2, ""safe_region_states"": 1, ""scope"": ""checked discovered-state losing certificate; sampled local root closure evidence, not a unique whole-game causal explanation"", ""unsafe_region_states"": 1}",raw/series/rolling_n03_m02_k01_e1merged/certificate.json,raw/series/rolling_n03_m02_k01_e1merged/result.json
rolling_n04_m01_k01_e1merged,"{""k"": 1, ""m"": 1, ""n"": 4}",transfers,lazy,2,"The checked discovered-state losing certificate contains 2 states (1 unsafe) and 1/1 initial states; its stored root buckets retain every adversarial outcome and identify the outcomes in this certificate (local closure evidence, not a unique causal explanation).","{""initial_examples"": [{""enabled_action_buckets"": [{""action"": ""ablation.merge.transfers"", ""controllable"": true, ""outcomes"": 1, ""outcomes_in_certificate_region"": 1, ""unsafe_outcome_examples"": [{""pending"": [], ""physical"": [[""NEW"", ""booting""], [""NEW"", ""booting""], [""NEW"", ""booting""], [""NEW"", ""booting""]], ""testers"": {""availability"": ""ERR_AVAILABILITY""}}], ""unsafe_outcomes"": 1, ""update"": true}, {""action"": ""serve_1"", ""controllable"": true, ""outcomes"": 1, ""outcomes_in_certificate_region"": 1, ""unsafe_outcome_examples"": [], ""unsafe_outcomes"": 0, ""update"": false}, {""action"": ""serve_2"", ""controllable"": true, ""outcomes"": 1, ""outcomes_in_certificate_region"": 1, ""unsafe_outcome_examples"": [], ""unsafe_outcomes"": 0, ""update"": false}, {""action"": ""serve_3"", ""controllable"": true, ""outcomes"": 1, ""outcomes_in_certificate_region"": 1, ""unsafe_outcome_examples"": [], ""unsafe_outcomes"": 0, ""update"": false}, {""action"": ""serve_4"", ""controllable"": true, ""outcomes"": 1, ""outcomes_in_certificate_region"": 1, ""unsafe_outcome_examples"": [], ""unsafe_outcomes"": 0, ""update"": false}], ""pending"": [""ablation.merge.transfers""], ""physical"": [[""OLD"", ""ready""], [""OLD"", ""ready""], [""OLD"", ""ready""], [""OLD"", ""ready""]], ""safe"": true, ""testers"": {""availability"": ""q4""}}], ""initial_examples_limit"": 3, ""initial_states"": 1, ""losing_initial_states"": 1, ""region_states"": 2, ""safe_region_states"": 1, ""scope"": ""checked discovered-state losing certificate; sampled local root closure evidence, not a unique whole-game causal explanation"", ""unsafe_region_states"": 1}",raw/series/rolling_n04_m01_k01_e1merged/certificate.json,raw/series/rolling_n04_m01_k01_e1merged/result.json
rolling_n04_m02_k01_e1merged,"{""k"": 1, ""m"": 2, ""n"": 4}",transfers,lazy,2,"The checked discovered-state losing certificate contains 2 states (1 unsafe) and 1/1 initial states; its stored root buckets retain every adversarial outcome and identify the outcomes in this certificate (local closure evidence, not a unique causal explanation).","{""initial_examples"": [{""enabled_action_buckets"": [{""action"": ""ablation.merge.transfers"", ""controllable"": true, ""outcomes"": 1, ""outcomes_in_certificate_region"": 1, ""unsafe_outcome_examples"": [{""pending"": [], ""physical"": [[""NEW"", ""booting""], [""NEW"", ""booting""], [""NEW"", ""booting""], [""NEW"", ""booting""]], ""testers"": {""availability"": ""ERR_AVAILABILITY""}}], ""unsafe_outcomes"": 1, ""update"": true}, {""action"": ""serve_1"", ""controllable"": true, ""outcomes"": 1, ""outcomes_in_certificate_region"": 1, ""unsafe_outcome_examples"": [], ""unsafe_outcomes"": 0, ""update"": false}, {""action"": ""serve_2"", ""controllable"": true, ""outcomes"": 1, ""outcomes_in_certificate_region"": 1, ""unsafe_outcome_examples"": [], ""unsafe_outcomes"": 0, ""update"": false}, {""action"": ""serve_3"", ""controllable"": true, ""outcomes"": 1, ""outcomes_in_certificate_region"": 1, ""unsafe_outcome_examples"": [], ""unsafe_outcomes"": 0, ""update"": false}, {""action"": ""serve_4"", ""controllable"": true, ""outcomes"": 1, ""outcomes_in_certificate_region"": 1, ""unsafe_outcome_examples"": [], ""unsafe_outcomes"": 0, ""update"": false}], ""pending"": [""ablation.merge.transfers""], ""physical"": [[""OLD"", ""ready""], [""OLD"", ""ready""], [""OLD"", ""ready""], [""OLD"", ""ready""]], ""safe"": true, ""testers"": {""availability"": ""q4""}}], ""initial_examples_limit"": 3, ""initial_states"": 1, ""losing_initial_states"": 1, ""region_states"": 2, ""safe_region_states"": 1, ""scope"": ""checked discovered-state losing certificate; sampled local root closure evidence, not a unique whole-game causal explanation"", ""unsafe_region_states"": 1}",raw/series/rolling_n04_m02_k01_e1merged/certificate.json,raw/series/rolling_n04_m02_k01_e1merged/result.json
rolling_n04_m03_k01_e1merged,"{""k"": 1, ""m"": 3, ""n"": 4}",transfers,lazy,2,"The checked discovered-state losing certificate contains 2 states (1 unsafe) and 1/1 initial states; its stored root buckets retain every adversarial outcome and identify the outcomes in this certificate (local closure evidence, not a unique causal explanation).","{""initial_examples"": [{""enabled_action_buckets"": [{""action"": ""ablation.merge.transfers"", ""controllable"": true, ""outcomes"": 1, ""outcomes_in_certificate_region"": 1, ""unsafe_outcome_examples"": [{""pending"": [], ""physical"": [[""NEW"", ""booting""], [""NEW"", ""booting""], [""NEW"", ""booting""], [""NEW"", ""booting""]], ""testers"": {""availability"": ""ERR_AVAILABILITY""}}], ""unsafe_outcomes"": 1, ""update"": true}, {""action"": ""serve_1"", ""controllable"": true, ""outcomes"": 1, ""outcomes_in_certificate_region"": 1, ""unsafe_outcome_examples"": [], ""unsafe_outcomes"": 0, ""update"": false}, {""action"": ""serve_2"", ""controllable"": true, ""outcomes"": 1, ""outcomes_in_certificate_region"": 1, ""unsafe_outcome_examples"": [], ""unsafe_outcomes"": 0, ""update"": false}, {""action"": ""serve_3"", ""controllable"": true, ""outcomes"": 1, ""outcomes_in_certificate_region"": 1, ""unsafe_outcome_examples"": [], ""unsafe_outcomes"": 0, ""update"": false}, {""action"": ""serve_4"", ""controllable"": true, ""outcomes"": 1, ""outcomes_in_certificate_region"": 1, ""unsafe_outcome_examples"": [], ""unsafe_outcomes"": 0, ""update"": false}], ""pending"": [""ablation.merge.transfers""], ""physical"": [[""OLD"", ""ready""], [""OLD"", ""ready""], [""OLD"", ""ready""], [""OLD"", ""ready""]], ""safe"": true, ""testers"": {""availability"": ""q4""}}], ""initial_examples_limit"": 3, ""initial_states"": 1, ""losing_initial_states"": 1, ""region_states"": 2, ""safe_region_states"": 1, ""scope"": ""checked discovered-state losing certificate; sampled local root closure evidence, not a unique whole-game causal explanation"", ""unsafe_region_states"": 1}",raw/series/rolling_n04_m03_k01_e1merged/certificate.json,raw/series/rolling_n04_m03_k01_e1merged/result.json
rolling_n05_m01_k01_e1merged,"{""k"": 1, ""m"": 1, ""n"": 5}",transfers,lazy,2,"The checked discovered-state losing certificate contains 2 states (1 unsafe) and 1/1 initial states; its stored root buckets retain every adversarial outcome and identify the outcomes in this certificate (local closure evidence, not a unique causal explanation).","{""initial_examples"": [{""enabled_action_buckets"": [{""action"": ""ablation.merge.transfers"", ""controllable"": true, ""outcomes"": 1, ""outcomes_in_certificate_region"": 1, ""unsafe_outcome_examples"": [{""pending"": [], ""physical"": [[""NEW"", ""booting""], [""NEW"", ""booting""], [""NEW"", ""booting""], [""NEW"", ""booting""], [""NEW"", ""booting""]], ""testers"": {""availability"": ""ERR_AVAILABILITY""}}], ""unsafe_outcomes"": 1, ""update"": true}, {""action"": ""serve_1"", ""controllable"": true, ""outcomes"": 1, ""outcomes_in_certificate_region"": 1, ""unsafe_outcome_examples"": [], ""unsafe_outcomes"": 0, ""update"": false}, {""action"": ""serve_2"", ""controllable"": true, ""outcomes"": 1, ""outcomes_in_certificate_region"": 1, ""unsafe_outcome_examples"": [], ""unsafe_outcomes"": 0, ""update"": false}, {""action"": ""serve_3"", ""controllable"": true, ""outcomes"": 1, ""outcomes_in_certificate_region"": 1, ""unsafe_outcome_examples"": [], ""unsafe_outcomes"": 0, ""update"": false}, {""action"": ""serve_4"", ""controllable"": true, ""outcomes"": 1, ""outcomes_in_certificate_region"": 1, ""unsafe_outcome_examples"": [], ""unsafe_outcomes"": 0, ""update"": false}, {""action"": ""serve_5"", ""controllable"": true, ""outcomes"": 1, ""outcomes_in_certificate_region"": 1, ""unsafe_outcome_examples"": [], ""unsafe_outcomes"": 0, ""update"": false}], ""pending"": [""ablation.merge.transfers""], ""physical"": [[""OLD"", ""ready""], [""OLD"", ""ready""], [""OLD"", ""ready""], [""OLD"", ""ready""], [""OLD"", ""ready""]], ""safe"": true, ""testers"": {""availability"": ""q5""}}], ""initial_examples_limit"": 3, ""initial_states"": 1, ""losing_initial_states"": 1, ""region_states"": 2, ""safe_region_states"": 1, ""scope"": ""checked discovered-state losing certificate; sampled local root closure evidence, not a unique whole-game causal explanation"", ""unsafe_region_states"": 1}",raw/series/rolling_n05_m01_k01_e1merged/certificate.json,raw/series/rolling_n05_m01_k01_e1merged/result.json
rolling_n05_m02_k01_e1merged,"{""k"": 1, ""m"": 2, ""n"": 5}",transfers,lazy,2,"The checked discovered-state losing certificate contains 2 states (1 unsafe) and 1/1 initial states; its stored root buckets retain every adversarial outcome and identify the outcomes in this certificate (local closure evidence, not a unique causal explanation).","{""initial_examples"": [{""enabled_action_buckets"": [{""action"": ""ablation.merge.transfers"", ""controllable"": true, ""outcomes"": 1, ""outcomes_in_certificate_region"": 1, ""unsafe_outcome_examples"": [{""pending"": [], ""physical"": [[""NEW"", ""booting""], [""NEW"", ""booting""], [""NEW"", ""booting""], [""NEW"", ""booting""], [""NEW"", ""booting""]], ""testers"": {""availability"": ""ERR_AVAILABILITY""}}], ""unsafe_outcomes"": 1, ""update"": true}, {""action"": ""serve_1"", ""controllable"": true, ""outcomes"": 1, ""outcomes_in_certificate_region"": 1, ""unsafe_outcome_examples"": [], ""unsafe_outcomes"": 0, ""update"": false}, {""action"": ""serve_2"", ""controllable"": true, ""outcomes"": 1, ""outcomes_in_certificate_region"": 1, ""unsafe_outcome_examples"": [], ""unsafe_outcomes"": 0, ""update"": false}, {""action"": ""serve_3"", ""controllable"": true, ""outcomes"": 1, ""outcomes_in_certificate_region"": 1, ""unsafe_outcome_examples"": [], ""unsafe_outcomes"": 0, ""update"": false}, {""action"": ""serve_4"", ""controllable"": true, ""outcomes"": 1, ""outcomes_in_certificate_region"": 1, ""unsafe_outcome_examples"": [], ""unsafe_outcomes"": 0, ""update"": false}, {""action"": ""serve_5"", ""controllable"": true, ""outcomes"": 1, ""outcomes_in_certificate_region"": 1, ""unsafe_outcome_examples"": [], ""unsafe_outcomes"": 0, ""update"": false}], ""pending"": [""ablation.merge.transfers""], ""physical"": [[""OLD"", ""ready""], [""OLD"", ""ready""], [""OLD"", ""ready""], [""OLD"", ""ready""], [""OLD"", ""ready""]], ""safe"": true, ""testers"": {""availability"": ""q5""}}], ""initial_examples_limit"": 3, ""initial_states"": 1, ""losing_initial_states"": 1, ""region_states"": 2, ""safe_region_states"": 1, ""scope"": ""checked discovered-state losing certificate; sampled local root closure evidence, not a unique whole-game causal explanation"", ""unsafe_region_states"": 1}",raw/series/rolling_n05_m02_k01_e1merged/certificate.json,raw/series/rolling_n05_m02_k01_e1merged/result.json
rolling_n05_m03_k01_e1merged,"{""k"": 1, ""m"": 3, ""n"": 5}",transfers,lazy,2,"The checked discovered-state losing certificate contains 2 states (1 unsafe) and 1/1 initial states; its stored root buckets retain every adversarial outcome and identify the outcomes in this certificate (local closure evidence, not a unique causal explanation).","{""initial_examples"": [{""enabled_action_buckets"": [{""action"": ""ablation.merge.transfers"", ""controllable"": true, ""outcomes"": 1, ""outcomes_in_certificate_region"": 1, ""unsafe_outcome_examples"": [{""pending"": [], ""physical"": [[""NEW"", ""booting""], [""NEW"", ""booting""], [""NEW"", ""booting""], [""NEW"", ""booting""], [""NEW"", ""booting""]], ""testers"": {""availability"": ""ERR_AVAILABILITY""}}], ""unsafe_outcomes"": 1, ""update"": true}, {""action"": ""serve_1"", ""controllable"": true, ""outcomes"": 1, ""outcomes_in_certificate_region"": 1, ""unsafe_outcome_examples"": [], ""unsafe_outcomes"": 0, ""update"": false}, {""action"": ""serve_2"", ""controllable"": true, ""outcomes"": 1, ""outcomes_in_certificate_region"": 1, ""unsafe_outcome_examples"": [], ""unsafe_outcomes"": 0, ""update"": false}, {""action"": ""serve_3"", ""controllable"": true, ""outcomes"": 1, ""outcomes_in_certificate_region"": 1, ""unsafe_outcome_examples"": [], ""unsafe_outcomes"": 0, ""update"": false}, {""action"": ""serve_4"", ""controllable"": true, ""outcomes"": 1, ""outcomes_in_certificate_region"": 1, ""unsafe_outcome_examples"": [], ""unsafe_outcomes"": 0, ""update"": false}, {""action"": ""serve_5"", ""controllable"": true, ""outcomes"": 1, ""outcomes_in_certificate_region"": 1, ""unsafe_outcome_examples"": [], ""unsafe_outcomes"": 0, ""update"": false}], ""pending"": [""ablation.merge.transfers""], ""physical"": [[""OLD"", ""ready""], [""OLD"", ""ready""], [""OLD"", ""ready""], [""OLD"", ""ready""], [""OLD"", ""ready""]], ""safe"": true, ""testers"": {""availability"": ""q5""}}], ""initial_examples_limit"": 3, ""initial_states"": 1, ""losing_initial_states"": 1, ""region_states"": 2, ""safe_region_states"": 1, ""scope"": ""checked discovered-state losing certificate; sampled local root closure evidence, not a unique whole-game causal explanation"", ""unsafe_region_states"": 1}",raw/series/rolling_n05_m03_k01_e1merged/certificate.json,raw/series/rolling_n05_m03_k01_e1merged/result.json
rolling_n05_m04_k01_e1merged,"{""k"": 1, ""m"": 4, ""n"": 5}",transfers,lazy,2,"The checked discovered-state losing certificate contains 2 states (1 unsafe) and 1/1 initial states; its stored root buckets retain every adversarial outcome and identify the outcomes in this certificate (local closure evidence, not a unique causal explanation).","{""initial_examples"": [{""enabled_action_buckets"": [{""action"": ""ablation.merge.transfers"", ""controllable"": true, ""outcomes"": 1, ""outcomes_in_certificate_region"": 1, ""unsafe_outcome_examples"": [{""pending"": [], ""physical"": [[""NEW"", ""booting""], [""NEW"", ""booting""], [""NEW"", ""booting""], [""NEW"", ""booting""], [""NEW"", ""booting""]], ""testers"": {""availability"": ""ERR_AVAILABILITY""}}], ""unsafe_outcomes"": 1, ""update"": true}, {""action"": ""serve_1"", ""controllable"": true, ""outcomes"": 1, ""outcomes_in_certificate_region"": 1, ""unsafe_outcome_examples"": [], ""unsafe_outcomes"": 0, ""update"": false}, {""action"": ""serve_2"", ""controllable"": true, ""outcomes"": 1, ""outcomes_in_certificate_region"": 1, ""unsafe_outcome_examples"": [], ""unsafe_outcomes"": 0, ""update"": false}, {""action"": ""serve_3"", ""controllable"": true, ""outcomes"": 1, ""outcomes_in_certificate_region"": 1, ""unsafe_outcome_examples"": [], ""unsafe_outcomes"": 0, ""update"": false}, {""action"": ""serve_4"", ""controllable"": true, ""outcomes"": 1, ""outcomes_in_certificate_region"": 1, ""unsafe_outcome_examples"": [], ""unsafe_outcomes"": 0, ""update"": false}, {""action"": ""serve_5"", ""controllable"": true, ""outcomes"": 1, ""outcomes_in_certificate_region"": 1, ""unsafe_outcome_examples"": [], ""unsafe_outcomes"": 0, ""update"": false}], ""pending"": [""ablation.merge.transfers""], ""physical"": [[""OLD"", ""ready""], [""OLD"", ""ready""], [""OLD"", ""ready""], [""OLD"", ""ready""], [""OLD"", ""ready""]], ""safe"": true, ""testers"": {""availability"": ""q5""}}], ""initial_examples_limit"": 3, ""initial_states"": 1, ""losing_initial_states"": 1, ""region_states"": 2, ""safe_region_states"": 1, ""scope"": ""checked discovered-state losing certificate; sampled local root closure evidence, not a unique whole-game causal explanation"", ""unsafe_region_states"": 1}",raw/series/rolling_n05_m04_k01_e1merged/certificate.json,raw/series/rolling_n05_m04_k01_e1merged/result.json
rolling_n06_m01_k01_e1merged,"{""k"": 1, ""m"": 1, ""n"": 6}",transfers,lazy,2,"The checked discovered-state losing certificate contains 2 states (1 unsafe) and 1/1 initial states; its stored root buckets retain every adversarial outcome and identify the outcomes in this certificate (local closure evidence, not a unique causal explanation).","{""initial_examples"": [{""enabled_action_buckets"": [{""action"": ""ablation.merge.transfers"", ""controllable"": true, ""outcomes"": 1, ""outcomes_in_certificate_region"": 1, ""unsafe_outcome_examples"": [{""pending"": [], ""physical"": [[""NEW"", ""booting""], [""NEW"", ""booting""], [""NEW"", ""booting""], [""NEW"", ""booting""], [""NEW"", ""booting""], [""NEW"", ""booting""]], ""testers"": {""availability"": ""ERR_AVAILABILITY""}}], ""unsafe_outcomes"": 1, ""update"": true}, {""action"": ""serve_1"", ""controllable"": true, ""outcomes"": 1, ""outcomes_in_certificate_region"": 1, ""unsafe_outcome_examples"": [], ""unsafe_outcomes"": 0, ""update"": false}, {""action"": ""serve_2"", ""controllable"": true, ""outcomes"": 1, ""outcomes_in_certificate_region"": 1, ""unsafe_outcome_examples"": [], ""unsafe_outcomes"": 0, ""update"": false}, {""action"": ""serve_3"", ""controllable"": true, ""outcomes"": 1, ""outcomes_in_certificate_region"": 1, ""unsafe_outcome_examples"": [], ""unsafe_outcomes"": 0, ""update"": false}, {""action"": ""serve_4"", ""controllable"": true, ""outcomes"": 1, ""outcomes_in_certificate_region"": 1, ""unsafe_outcome_examples"": [], ""unsafe_outcomes"": 0, ""update"": false}, {""action"": ""serve_5"", ""controllable"": true, ""outcomes"": 1, ""outcomes_in_certificate_region"": 1, ""unsafe_outcome_examples"": [], ""unsafe_outcomes"": 0, ""update"": false}, {""action"": ""serve_6"", ""controllable"": true, ""outcomes"": 1, ""outcomes_in_certificate_region"": 1, ""unsafe_outcome_examples"": [], ""unsafe_outcomes"": 0, ""update"": false}], ""pending"": [""ablation.merge.transfers""], ""physical"": [[""OLD"", ""ready""], [""OLD"", ""ready""], [""OLD"", ""ready""], [""OLD"", ""ready""], [""OLD"", ""ready""], [""OLD"", ""ready""]], ""safe"": true, ""testers"": {""availability"": ""q6""}}], ""initial_examples_limit"": 3, ""initial_states"": 1, ""losing_initial_states"": 1, ""region_states"": 2, ""safe_region_states"": 1, ""scope"": ""checked discovered-state losing certificate; sampled local root closure evidence, not a unique whole-game causal explanation"", ""unsafe_region_states"": 1}",raw/series/rolling_n06_m01_k01_e1merged/certificate.json,raw/series/rolling_n06_m01_k01_e1merged/result.json
rolling_n06_m02_k01_e1merged,"{""k"": 1, ""m"": 2, ""n"": 6}",transfers,lazy,2,"The checked discovered-state losing certificate contains 2 states (1 unsafe) and 1/1 initial states; its stored root buckets retain every adversarial outcome and identify the outcomes in this certificate (local closure evidence, not a unique causal explanation).","{""initial_examples"": [{""enabled_action_buckets"": [{""action"": ""ablation.merge.transfers"", ""controllable"": true, ""outcomes"": 1, ""outcomes_in_certificate_region"": 1, ""unsafe_outcome_examples"": [{""pending"": [], ""physical"": [[""NEW"", ""booting""], [""NEW"", ""booting""], [""NEW"", ""booting""], [""NEW"", ""booting""], [""NEW"", ""booting""], [""NEW"", ""booting""]], ""testers"": {""availability"": ""ERR_AVAILABILITY""}}], ""unsafe_outcomes"": 1, ""update"": true}, {""action"": ""serve_1"", ""controllable"": true, ""outcomes"": 1, ""outcomes_in_certificate_region"": 1, ""unsafe_outcome_examples"": [], ""unsafe_outcomes"": 0, ""update"": false}, {""action"": ""serve_2"", ""controllable"": true, ""outcomes"": 1, ""outcomes_in_certificate_region"": 1, ""unsafe_outcome_examples"": [], ""unsafe_outcomes"": 0, ""update"": false}, {""action"": ""serve_3"", ""controllable"": true, ""outcomes"": 1, ""outcomes_in_certificate_region"": 1, ""unsafe_outcome_examples"": [], ""unsafe_outcomes"": 0, ""update"": false}, {""action"": ""serve_4"", ""controllable"": true, ""outcomes"": 1, ""outcomes_in_certificate_region"": 1, ""unsafe_outcome_examples"": [], ""unsafe_outcomes"": 0, ""update"": false}, {""action"": ""serve_5"", ""controllable"": true, ""outcomes"": 1, ""outcomes_in_certificate_region"": 1, ""unsafe_outcome_examples"": [], ""unsafe_outcomes"": 0, ""update"": false}, {""action"": ""serve_6"", ""controllable"": true, ""outcomes"": 1, ""outcomes_in_certificate_region"": 1, ""unsafe_outcome_examples"": [], ""unsafe_outcomes"": 0, ""update"": false}], ""pending"": [""ablation.merge.transfers""], ""physical"": [[""OLD"", ""ready""], [""OLD"", ""ready""], [""OLD"", ""ready""], [""OLD"", ""ready""], [""OLD"", ""ready""], [""OLD"", ""ready""]], ""safe"": true, ""testers"": {""availability"": ""q6""}}], ""initial_examples_limit"": 3, ""initial_states"": 1, ""losing_initial_states"": 1, ""region_states"": 2, ""safe_region_states"": 1, ""scope"": ""checked discovered-state losing certificate; sampled local root closure evidence, not a unique whole-game causal explanation"", ""unsafe_region_states"": 1}",raw/series/rolling_n06_m02_k01_e1merged/certificate.json,raw/series/rolling_n06_m02_k01_e1merged/result.json
rolling_n06_m03_k01_e1merged,"{""k"": 1, ""m"": 3, ""n"": 6}",transfers,lazy,2,"The checked discovered-state losing certificate contains 2 states (1 unsafe) and 1/1 initial states; its stored root buckets retain every adversarial outcome and identify the outcomes in this certificate (local closure evidence, not a unique causal explanation).","{""initial_examples"": [{""enabled_action_buckets"": [{""action"": ""ablation.merge.transfers"", ""controllable"": true, ""outcomes"": 1, ""outcomes_in_certificate_region"": 1, ""unsafe_outcome_examples"": [{""pending"": [], ""physical"": [[""NEW"", ""booting""], [""NEW"", ""booting""], [""NEW"", ""booting""], [""NEW"", ""booting""], [""NEW"", ""booting""], [""NEW"", ""booting""]], ""testers"": {""availability"": ""ERR_AVAILABILITY""}}], ""unsafe_outcomes"": 1, ""update"": true}, {""action"": ""serve_1"", ""controllable"": true, ""outcomes"": 1, ""outcomes_in_certificate_region"": 1, ""unsafe_outcome_examples"": [], ""unsafe_outcomes"": 0, ""update"": false}, {""action"": ""serve_2"", ""controllable"": true, ""outcomes"": 1, ""outcomes_in_certificate_region"": 1, ""unsafe_outcome_examples"": [], ""unsafe_outcomes"": 0, ""update"": false}, {""action"": ""serve_3"", ""controllable"": true, ""outcomes"": 1, ""outcomes_in_certificate_region"": 1, ""unsafe_outcome_examples"": [], ""unsafe_outcomes"": 0, ""update"": false}, {""action"": ""serve_4"", ""controllable"": true, ""outcomes"": 1, ""outcomes_in_certificate_region"": 1, ""unsafe_outcome_examples"": [], ""unsafe_outcomes"": 0, ""update"": false}, {""action"": ""serve_5"", ""controllable"": true, ""outcomes"": 1, ""outcomes_in_certificate_region"": 1, ""unsafe_outcome_examples"": [], ""unsafe_outcomes"": 0, ""update"": false}, {""action"": ""serve_6"", ""controllable"": true, ""outcomes"": 1, ""outcomes_in_certificate_region"": 1, ""unsafe_outcome_examples"": [], ""unsafe_outcomes"": 0, ""update"": false}], ""pending"": [""ablation.merge.transfers""], ""physical"": [[""OLD"", ""ready""], [""OLD"", ""ready""], [""OLD"", ""ready""], [""OLD"", ""ready""], [""OLD"", ""ready""], [""OLD"", ""ready""]], ""safe"": true, ""testers"": {""availability"": ""q6""}}], ""initial_examples_limit"": 3, ""initial_states"": 1, ""losing_initial_states"": 1, ""region_states"": 2, ""safe_region_states"": 1, ""scope"": ""checked discovered-state losing certificate; sampled local root closure evidence, not a unique whole-game causal explanation"", ""unsafe_region_states"": 1}",raw/series/rolling_n06_m03_k01_e1merged/certificate.json,raw/series/rolling_n06_m03_k01_e1merged/result.json
rolling_n06_m04_k01_e1merged,"{""k"": 1, ""m"": 4, ""n"": 6}",transfers,lazy,2,"The checked discovered-state losing certificate contains 2 states (1 unsafe) and 1/1 initial states; its stored root buckets retain every adversarial outcome and identify the outcomes in this certificate (local closure evidence, not a unique causal explanation).","{""initial_examples"": [{""enabled_action_buckets"": [{""action"": ""ablation.merge.transfers"", ""controllable"": true, ""outcomes"": 1, ""outcomes_in_certificate_region"": 1, ""unsafe_outcome_examples"": [{""pending"": [], ""physical"": [[""NEW"", ""booting""], [""NEW"", ""booting""], [""NEW"", ""booting""], [""NEW"", ""booting""], [""NEW"", ""booting""], [""NEW"", ""booting""]], ""testers"": {""availability"": ""ERR_AVAILABILITY""}}], ""unsafe_outcomes"": 1, ""update"": true}, {""action"": ""serve_1"", ""controllable"": true, ""outcomes"": 1, ""outcomes_in_certificate_region"": 1, ""unsafe_outcome_examples"": [], ""unsafe_outcomes"": 0, ""update"": false}, {""action"": ""serve_2"", ""controllable"": true, ""outcomes"": 1, ""outcomes_in_certificate_region"": 1, ""unsafe_outcome_examples"": [], ""unsafe_outcomes"": 0, ""update"": false}, {""action"": ""serve_3"", ""controllable"": true, ""outcomes"": 1, ""outcomes_in_certificate_region"": 1, ""unsafe_outcome_examples"": [], ""unsafe_outcomes"": 0, ""update"": false}, {""action"": ""serve_4"", ""controllable"": true, ""outcomes"": 1, ""outcomes_in_certificate_region"": 1, ""unsafe_outcome_examples"": [], ""unsafe_outcomes"": 0, ""update"": false}, {""action"": ""serve_5"", ""controllable"": true, ""outcomes"": 1, ""outcomes_in_certificate_region"": 1, ""unsafe_outcome_examples"": [], ""unsafe_outcomes"": 0, ""update"": false}, {""action"": ""serve_6"", ""controllable"": true, ""outcomes"": 1, ""outcomes_in_certificate_region"": 1, ""unsafe_outcome_examples"": [], ""unsafe_outcomes"": 0, ""update"": false}], ""pending"": [""ablation.merge.transfers""], ""physical"": [[""OLD"", ""ready""], [""OLD"", ""ready""], [""OLD"", ""ready""], [""OLD"", ""ready""], [""OLD"", ""ready""], [""OLD"", ""ready""]], ""safe"": true, ""testers"": {""availability"": ""q6""}}], ""initial_examples_limit"": 3, ""initial_states"": 1, ""losing_initial_states"": 1, ""region_states"": 2, ""safe_region_states"": 1, ""scope"": ""checked discovered-state losing certificate; sampled local root closure evidence, not a unique whole-game causal explanation"", ""unsafe_region_states"": 1}",raw/series/rolling_n06_m04_k01_e1merged/certificate.json,raw/series/rolling_n06_m04_k01_e1merged/result.json
rolling_n06_m05_k01_e1merged,"{""k"": 1, ""m"": 5, ""n"": 6}",transfers,lazy,2,"The checked discovered-state losing certificate contains 2 states (1 unsafe) and 1/1 initial states; its stored root buckets retain every adversarial outcome and identify the outcomes in this certificate (local closure evidence, not a unique causal explanation).","{""initial_examples"": [{""enabled_action_buckets"": [{""action"": ""ablation.merge.transfers"", ""controllable"": true, ""outcomes"": 1, ""outcomes_in_certificate_region"": 1, ""unsafe_outcome_examples"": [{""pending"": [], ""physical"": [[""NEW"", ""booting""], [""NEW"", ""booting""], [""NEW"", ""booting""], [""NEW"", ""booting""], [""NEW"", ""booting""], [""NEW"", ""booting""]], ""testers"": {""availability"": ""ERR_AVAILABILITY""}}], ""unsafe_outcomes"": 1, ""update"": true}, {""action"": ""serve_1"", ""controllable"": true, ""outcomes"": 1, ""outcomes_in_certificate_region"": 1, ""unsafe_outcome_examples"": [], ""unsafe_outcomes"": 0, ""update"": false}, {""action"": ""serve_2"", ""controllable"": true, ""outcomes"": 1, ""outcomes_in_certificate_region"": 1, ""unsafe_outcome_examples"": [], ""unsafe_outcomes"": 0, ""update"": false}, {""action"": ""serve_3"", ""controllable"": true, ""outcomes"": 1, ""outcomes_in_certificate_region"": 1, ""unsafe_outcome_examples"": [], ""unsafe_outcomes"": 0, ""update"": false}, {""action"": ""serve_4"", ""controllable"": true, ""outcomes"": 1, ""outcomes_in_certificate_region"": 1, ""unsafe_outcome_examples"": [], ""unsafe_outcomes"": 0, ""update"": false}, {""action"": ""serve_5"", ""controllable"": true, ""outcomes"": 1, ""outcomes_in_certificate_region"": 1, ""unsafe_outcome_examples"": [], ""unsafe_outcomes"": 0, ""update"": false}, {""action"": ""serve_6"", ""controllable"": true, ""outcomes"": 1, ""outcomes_in_certificate_region"": 1, ""unsafe_outcome_examples"": [], ""unsafe_outcomes"": 0, ""update"": false}], ""pending"": [""ablation.merge.transfers""], ""physical"": [[""OLD"", ""ready""], [""OLD"", ""ready""], [""OLD"", ""ready""], [""OLD"", ""ready""], [""OLD"", ""ready""], [""OLD"", ""ready""]], ""safe"": true, ""testers"": {""availability"": ""q6""}}], ""initial_examples_limit"": 3, ""initial_states"": 1, ""losing_initial_states"": 1, ""region_states"": 2, ""safe_region_states"": 1, ""scope"": ""checked discovered-state losing certificate; sampled local root closure evidence, not a unique whole-game causal explanation"", ""unsafe_region_states"": 1}",raw/series/rolling_n06_m05_k01_e1merged/certificate.json,raw/series/rolling_n06_m05_k01_e1merged/result.json
