schedule_index,family,version,job_id,parameters,input,merge,solver,expected_decision,status,decision,expected_check,states_discovered,states_expanded,successor_queries,materialized_transitions,enabled_buckets,worst_completion_rank,losing_region_states,certificate_states,linked_states,preparation_seconds,solver_seconds,checking_and_link_seconds,certificate_checker,link_checker,endpoint_checker,wall_seconds,exit_code,input_sha256,jar_sha256,frozen_manifest_sha256,started_at,finished_at,reason,loss_summary,result_file,certificate_file,validation_errors
1,rolling,v1,rolling_n02_m01_k01_lazy,"{""k"": 1, ""m"": 1, ""n"": 2}",inputs/rolling_n02_m01_k01.json,none,lazy,WIN,WIN,WIN,PASS,5,4,6,4,4,4,,5,6,0.015647708,0.0033575,0.010682666,PASS,PASS,PASS,0.18703679199097678,0,2dd8467eaa6e8bdb0ee5762a22199a1673843c68a5fbe7430469b56dca11736e,ff1e6b176f004ea85f1e99690a90388a6a4d24f44cd8d8e636fcd9337dcf67d5,7851ea709a5462f2c16adda42b47b265104430f168ab4b3740ca7095115dd4e8,2026-09-29T16:41:37.786229+09:00,2026-09-29T16:41:37.973496+09:00,Checked WIN certificate.,,raw/series/rolling_n02_m01_k01_lazy/result.json,raw/series/rolling_n02_m01_k01_lazy/certificate.json,
2,rolling,v1,rolling_n02_m01_k02_lazy,"{""k"": 2, ""m"": 1, ""n"": 2}",inputs/rolling_n02_m01_k02.json,none,lazy,LOSS,LOSS,LOSS,PASS,2,1,3,3,3,,2,2,,0.015517958,0.002138333,0.010452917,PASS,NOT_APPLICABLE_LOSS,PASS,0.18521641701227054,2,0581fa2ade14ccf75fbf3f8e3dcbcbb9e042c7870e9fc25802be4d578de27187,ff1e6b176f004ea85f1e99690a90388a6a4d24f44cd8d8e636fcd9337dcf67d5,7851ea709a5462f2c16adda42b47b265104430f168ab4b3740ca7095115dd4e8,2026-09-29T16:41:38.366711+09:00,2026-09-29T16:41:38.552198+09:00,"The checked discovered-state losing certificate contains 2 states (1 unsafe) and 1/1 initial states; its stored root buckets retain every adversarial outcome and identify the outcomes in this certificate (local closure evidence, not a unique causal explanation).","{""initial_examples"": [{""enabled_action_buckets"": [{""action"": ""ablation.merge.transfers"", ""controllable"": true, ""outcomes"": 1, ""outcomes_in_certificate_region"": 1, ""unsafe_outcome_examples"": [{""pending"": [], ""physical"": [[""NEW"", ""booting""], [""NEW"", ""booting""]], ""testers"": {""availability"": ""ERR_AVAILABILITY""}}], ""unsafe_outcomes"": 1, ""update"": true}, {""action"": ""serve_1"", ""controllable"": true, ""outcomes"": 1, ""outcomes_in_certificate_region"": 1, ""unsafe_outcome_examples"": [], ""unsafe_outcomes"": 0, ""update"": false}, {""action"": ""serve_2"", ""controllable"": true, ""outcomes"": 1, ""outcomes_in_certificate_region"": 1, ""unsafe_outcome_examples"": [], ""unsafe_outcomes"": 0, ""update"": false}], ""pending"": [""ablation.merge.transfers""], ""physical"": [[""OLD"", ""ready""], [""OLD"", ""ready""]], ""safe"": true, ""testers"": {""availability"": ""q2""}}], ""initial_examples_limit"": 3, ""initial_states"": 1, ""losing_initial_states"": 1, ""region_states"": 2, ""safe_region_states"": 1, ""scope"": ""checked discovered-state losing certificate; sampled local root closure evidence, not a unique whole-game causal explanation"", ""unsafe_region_states"": 1}",raw/series/rolling_n02_m01_k02_lazy/result.json,raw/series/rolling_n02_m01_k02_lazy/certificate.json,
3,rolling,v1,rolling_n03_m01_k01_lazy,"{""k"": 1, ""m"": 1, ""n"": 3}",inputs/rolling_n03_m01_k01.json,none,lazy,WIN,WIN,WIN,PASS,7,6,12,6,6,6,,7,8,0.016405209,0.004116375,0.012162167,PASS,PASS,PASS,0.24111654196167365,0,5291a427b92d9b18175de269f720df7a90c858a19e2cc3cb65eec962a6f5247b,ff1e6b176f004ea85f1e99690a90388a6a4d24f44cd8d8e636fcd9337dcf67d5,7851ea709a5462f2c16adda42b47b265104430f168ab4b3740ca7095115dd4e8,2026-09-29T16:41:38.947722+09:00,2026-09-29T16:41:39.189113+09:00,Checked WIN certificate.,,raw/series/rolling_n03_m01_k01_lazy/result.json,raw/series/rolling_n03_m01_k01_lazy/certificate.json,
4,rolling,v1,rolling_n03_m01_k02_lazy,"{""k"": 2, ""m"": 1, ""n"": 3}",inputs/rolling_n03_m01_k02.json,none,lazy,WIN,WIN,WIN,PASS,7,6,13,7,7,5,,7,8,0.016166125,0.003972625,0.012383083,PASS,PASS,PASS,0.18722729198634624,0,9abee23846c2a88802b53b7daed00b19949edbc71373fb09125863693f52c0a7,ff1e6b176f004ea85f1e99690a90388a6a4d24f44cd8d8e636fcd9337dcf67d5,7851ea709a5462f2c16adda42b47b265104430f168ab4b3740ca7095115dd4e8,2026-09-29T16:41:39.589878+09:00,2026-09-29T16:41:39.777366+09:00,Checked WIN certificate.,,raw/series/rolling_n03_m01_k02_lazy/result.json,raw/series/rolling_n03_m01_k02_lazy/certificate.json,
5,rolling,v1,rolling_n03_m01_k03_lazy,"{""k"": 3, ""m"": 1, ""n"": 3}",inputs/rolling_n03_m01_k03.json,none,lazy,LOSS,LOSS,LOSS,PASS,2,1,4,4,4,,2,2,,0.016288334,0.002239458,0.010575583,PASS,NOT_APPLICABLE_LOSS,PASS,0.23110479197930545,2,8435ee058a36dc53b47e21e04e3dba00307866a3b009eebddb9487d1ccde1d1a,ff1e6b176f004ea85f1e99690a90388a6a4d24f44cd8d8e636fcd9337dcf67d5,7851ea709a5462f2c16adda42b47b265104430f168ab4b3740ca7095115dd4e8,2026-09-29T16:41:40.169876+09:00,2026-09-29T16:41:40.401242+09:00,"The checked discovered-state losing certificate contains 2 states (1 unsafe) and 1/1 initial states; its stored root buckets retain every adversarial outcome and identify the outcomes in this certificate (local closure evidence, not a unique causal explanation).","{""initial_examples"": [{""enabled_action_buckets"": [{""action"": ""ablation.merge.transfers"", ""controllable"": true, ""outcomes"": 1, ""outcomes_in_certificate_region"": 1, ""unsafe_outcome_examples"": [{""pending"": [], ""physical"": [[""NEW"", ""booting""], [""NEW"", ""booting""], [""NEW"", ""booting""]], ""testers"": {""availability"": ""ERR_AVAILABILITY""}}], ""unsafe_outcomes"": 1, ""update"": true}, {""action"": ""serve_1"", ""controllable"": true, ""outcomes"": 1, ""outcomes_in_certificate_region"": 1, ""unsafe_outcome_examples"": [], ""unsafe_outcomes"": 0, ""update"": false}, {""action"": ""serve_2"", ""controllable"": true, ""outcomes"": 1, ""outcomes_in_certificate_region"": 1, ""unsafe_outcome_examples"": [], ""unsafe_outcomes"": 0, ""update"": false}, {""action"": ""serve_3"", ""controllable"": true, ""outcomes"": 1, ""outcomes_in_certificate_region"": 1, ""unsafe_outcome_examples"": [], ""unsafe_outcomes"": 0, ""update"": false}], ""pending"": [""ablation.merge.transfers""], ""physical"": [[""OLD"", ""ready""], [""OLD"", ""ready""], [""OLD"", ""ready""]], ""safe"": true, ""testers"": {""availability"": ""q3""}}], ""initial_examples_limit"": 3, ""initial_states"": 1, ""losing_initial_states"": 1, ""region_states"": 2, ""safe_region_states"": 1, ""scope"": ""checked discovered-state losing certificate; sampled local root closure evidence, not a unique whole-game causal explanation"", ""unsafe_region_states"": 1}",raw/series/rolling_n03_m01_k03_lazy/result.json,raw/series/rolling_n03_m01_k03_lazy/certificate.json,
6,rolling,v1,rolling_n03_m02_k01_lazy,"{""k"": 1, ""m"": 2, ""n"": 3}",inputs/rolling_n03_m02_k01.json,none,lazy,WIN,WIN,WIN,PASS,7,6,12,6,6,6,,7,8,0.016077458,0.003954,0.012812208,PASS,PASS,PASS,0.2369024580111727,0,5f806559673add2bbacdbc1fecef194597b9605711f2f73d139abc7a770d0be3,ff1e6b176f004ea85f1e99690a90388a6a4d24f44cd8d8e636fcd9337dcf67d5,7851ea709a5462f2c16adda42b47b265104430f168ab4b3740ca7095115dd4e8,2026-09-29T16:41:40.803471+09:00,2026-09-29T16:41:41.040655+09:00,Checked WIN certificate.,,raw/series/rolling_n03_m02_k01_lazy/result.json,raw/series/rolling_n03_m02_k01_lazy/certificate.json,
7,rolling,v1,rolling_n03_m02_k02_lazy,"{""k"": 2, ""m"": 2, ""n"": 3}",inputs/rolling_n03_m02_k02.json,none,lazy,LOSS,LOSS,LOSS,PASS,5,3,11,10,10,,5,5,,0.015957584,0.003228458,0.011009167,PASS,NOT_APPLICABLE_LOSS,PASS,0.23749262501951307,2,f30431360b8554cabf0f75c94d3877057335440f7733265dd22a324b06634733,ff1e6b176f004ea85f1e99690a90388a6a4d24f44cd8d8e636fcd9337dcf67d5,7851ea709a5462f2c16adda42b47b265104430f168ab4b3740ca7095115dd4e8,2026-09-29T16:41:41.444892+09:00,2026-09-29T16:41:41.682648+09:00,"The checked discovered-state losing certificate contains 5 states (2 unsafe) and 1/1 initial states; its stored root buckets retain every adversarial outcome and identify the outcomes in this certificate (local closure evidence, not a unique causal explanation).","{""initial_examples"": [{""enabled_action_buckets"": [{""action"": ""rho_1"", ""controllable"": true, ""outcomes"": 1, ""outcomes_in_certificate_region"": 1, ""unsafe_outcome_examples"": [{""pending"": [""rho_2""], ""physical"": [[""NEW"", ""booting""], [""NEW"", ""booting""], [""OLD"", ""ready""]], ""testers"": {""availability"": ""ERR_AVAILABILITY""}}], ""unsafe_outcomes"": 1, ""update"": true}, {""action"": ""rho_2"", ""controllable"": true, ""outcomes"": 1, ""outcomes_in_certificate_region"": 1, ""unsafe_outcome_examples"": [], ""unsafe_outcomes"": 0, ""update"": true}, {""action"": ""serve_1"", ""controllable"": true, ""outcomes"": 1, ""outcomes_in_certificate_region"": 1, ""unsafe_outcome_examples"": [], ""unsafe_outcomes"": 0, ""update"": false}, {""action"": ""serve_2"", ""controllable"": true, ""outcomes"": 1, ""outcomes_in_certificate_region"": 1, ""unsafe_outcome_examples"": [], ""unsafe_outcomes"": 0, ""update"": false}, {""action"": ""serve_3"", ""controllable"": true, ""outcomes"": 1, ""outcomes_in_certificate_region"": 1, ""unsafe_outcome_examples"": [], ""unsafe_outcomes"": 0, ""update"": false}], ""pending"": [""rho_1"", ""rho_2""], ""physical"": [[""OLD"", ""ready""], [""OLD"", ""ready""], [""OLD"", ""ready""]], ""safe"": true, ""testers"": {""availability"": ""q3""}}], ""initial_examples_limit"": 3, ""initial_states"": 1, ""losing_initial_states"": 1, ""region_states"": 5, ""safe_region_states"": 3, ""scope"": ""checked discovered-state losing certificate; sampled local root closure evidence, not a unique whole-game causal explanation"", ""unsafe_region_states"": 2}",raw/series/rolling_n03_m02_k02_lazy/result.json,raw/series/rolling_n03_m02_k02_lazy/certificate.json,
8,rolling,v1,rolling_n03_m02_k03_lazy,"{""k"": 3, ""m"": 2, ""n"": 3}",inputs/rolling_n03_m02_k03.json,none,lazy,LOSS,LOSS,LOSS,PASS,2,1,4,4,4,,2,2,,0.016250625,0.002142834,0.010595458,PASS,NOT_APPLICABLE_LOSS,PASS,0.1854470000253059,2,d02b645782b35bb390aeeb914210128692ccf3d3027304eb444565886ddfa71f,ff1e6b176f004ea85f1e99690a90388a6a4d24f44cd8d8e636fcd9337dcf67d5,7851ea709a5462f2c16adda42b47b265104430f168ab4b3740ca7095115dd4e8,2026-09-29T16:41:42.081821+09:00,2026-09-29T16:41:42.267518+09:00,"The checked discovered-state losing certificate contains 2 states (1 unsafe) and 1/1 initial states; its stored root buckets retain every adversarial outcome and identify the outcomes in this certificate (local closure evidence, not a unique causal explanation).","{""initial_examples"": [{""enabled_action_buckets"": [{""action"": ""ablation.merge.transfers"", ""controllable"": true, ""outcomes"": 1, ""outcomes_in_certificate_region"": 1, ""unsafe_outcome_examples"": [{""pending"": [], ""physical"": [[""NEW"", ""booting""], [""NEW"", ""booting""], [""NEW"", ""booting""]], ""testers"": {""availability"": ""ERR_AVAILABILITY""}}], ""unsafe_outcomes"": 1, ""update"": true}, {""action"": ""serve_1"", ""controllable"": true, ""outcomes"": 1, ""outcomes_in_certificate_region"": 1, ""unsafe_outcome_examples"": [], ""unsafe_outcomes"": 0, ""update"": false}, {""action"": ""serve_2"", ""controllable"": true, ""outcomes"": 1, ""outcomes_in_certificate_region"": 1, ""unsafe_outcome_examples"": [], ""unsafe_outcomes"": 0, ""update"": false}, {""action"": ""serve_3"", ""controllable"": true, ""outcomes"": 1, ""outcomes_in_certificate_region"": 1, ""unsafe_outcome_examples"": [], ""unsafe_outcomes"": 0, ""update"": false}], ""pending"": [""ablation.merge.transfers""], ""physical"": [[""OLD"", ""ready""], [""OLD"", ""ready""], [""OLD"", ""ready""]], ""safe"": true, ""testers"": {""availability"": ""q3""}}], ""initial_examples_limit"": 3, ""initial_states"": 1, ""losing_initial_states"": 1, ""region_states"": 2, ""safe_region_states"": 1, ""scope"": ""checked discovered-state losing certificate; sampled local root closure evidence, not a unique whole-game causal explanation"", ""unsafe_region_states"": 1}",raw/series/rolling_n03_m02_k03_lazy/result.json,raw/series/rolling_n03_m02_k03_lazy/certificate.json,
9,rolling,v1,rolling_n04_m01_k01_lazy,"{""k"": 1, ""m"": 1, ""n"": 4}",inputs/rolling_n04_m01_k01.json,none,lazy,WIN,WIN,WIN,PASS,9,8,20,8,8,8,,9,10,0.016789666,0.0049185,0.014389666,PASS,PASS,PASS,0.23896470898762345,0,64ed75c6567b6fda8216da9f14c16b134bc641adaee2521588749712f4edbaad,ff1e6b176f004ea85f1e99690a90388a6a4d24f44cd8d8e636fcd9337dcf67d5,7851ea709a5462f2c16adda42b47b265104430f168ab4b3740ca7095115dd4e8,2026-09-29T16:41:42.662935+09:00,2026-09-29T16:41:42.902194+09:00,Checked WIN certificate.,,raw/series/rolling_n04_m01_k01_lazy/result.json,raw/series/rolling_n04_m01_k01_lazy/certificate.json,
10,rolling,v1,rolling_n04_m01_k02_lazy,"{""k"": 2, ""m"": 1, ""n"": 4}",inputs/rolling_n04_m01_k02.json,none,lazy,WIN,WIN,WIN,PASS,9,8,22,10,10,6,,9,10,0.017172791,0.004831542,0.01321475,PASS,PASS,PASS,0.24095391598530114,0,aff7cffe3f8cb4c243e2d49894766b4620c40a845a71f4ef82485f526f828e64,ff1e6b176f004ea85f1e99690a90388a6a4d24f44cd8d8e636fcd9337dcf67d5,7851ea709a5462f2c16adda42b47b265104430f168ab4b3740ca7095115dd4e8,2026-09-29T16:41:43.297930+09:00,2026-09-29T16:41:43.539173+09:00,Checked WIN certificate.,,raw/series/rolling_n04_m01_k02_lazy/result.json,raw/series/rolling_n04_m01_k02_lazy/certificate.json,
11,rolling,v1,rolling_n04_m01_k03_lazy,"{""k"": 3, ""m"": 1, ""n"": 4}",inputs/rolling_n04_m01_k03.json,none,lazy,WIN,WIN,WIN,PASS,11,10,30,15,15,6,,11,12,0.017080458,0.005189291,0.014079666,PASS,PASS,PASS,0.23843087500426918,0,45eb77513272f2d33716a003c4132653d6e0bb31078c11390de645be40aa427b,ff1e6b176f004ea85f1e99690a90388a6a4d24f44cd8d8e636fcd9337dcf67d5,7851ea709a5462f2c16adda42b47b265104430f168ab4b3740ca7095115dd4e8,2026-09-29T16:41:43.939782+09:00,2026-09-29T16:41:44.178570+09:00,Checked WIN certificate.,,raw/series/rolling_n04_m01_k03_lazy/result.json,raw/series/rolling_n04_m01_k03_lazy/certificate.json,
12,rolling,v1,rolling_n04_m01_k04_lazy,"{""k"": 4, ""m"": 1, ""n"": 4}",inputs/rolling_n04_m01_k04.json,none,lazy,LOSS,LOSS,LOSS,PASS,2,1,5,5,5,,2,2,,0.017055625,0.002421125,0.01080375,PASS,NOT_APPLICABLE_LOSS,PASS,0.23862387501867488,2,04a95ae5e936586c6b35393d66d37f10fda3095d20eb5795ca1efcccf1f97797,ff1e6b176f004ea85f1e99690a90388a6a4d24f44cd8d8e636fcd9337dcf67d5,7851ea709a5462f2c16adda42b47b265104430f168ab4b3740ca7095115dd4e8,2026-09-29T16:41:44.583492+09:00,2026-09-29T16:41:44.822394+09:00,"The checked discovered-state losing certificate contains 2 states (1 unsafe) and 1/1 initial states; its stored root buckets retain every adversarial outcome and identify the outcomes in this certificate (local closure evidence, not a unique causal explanation).","{""initial_examples"": [{""enabled_action_buckets"": [{""action"": ""ablation.merge.transfers"", ""controllable"": true, ""outcomes"": 1, ""outcomes_in_certificate_region"": 1, ""unsafe_outcome_examples"": [{""pending"": [], ""physical"": [[""NEW"", ""booting""], [""NEW"", ""booting""], [""NEW"", ""booting""], [""NEW"", ""booting""]], ""testers"": {""availability"": ""ERR_AVAILABILITY""}}], ""unsafe_outcomes"": 1, ""update"": true}, {""action"": ""serve_1"", ""controllable"": true, ""outcomes"": 1, ""outcomes_in_certificate_region"": 1, ""unsafe_outcome_examples"": [], ""unsafe_outcomes"": 0, ""update"": false}, {""action"": ""serve_2"", ""controllable"": true, ""outcomes"": 1, ""outcomes_in_certificate_region"": 1, ""unsafe_outcome_examples"": [], ""unsafe_outcomes"": 0, ""update"": false}, {""action"": ""serve_3"", ""controllable"": true, ""outcomes"": 1, ""outcomes_in_certificate_region"": 1, ""unsafe_outcome_examples"": [], ""unsafe_outcomes"": 0, ""update"": false}, {""action"": ""serve_4"", ""controllable"": true, ""outcomes"": 1, ""outcomes_in_certificate_region"": 1, ""unsafe_outcome_examples"": [], ""unsafe_outcomes"": 0, ""update"": false}], ""pending"": [""ablation.merge.transfers""], ""physical"": [[""OLD"", ""ready""], [""OLD"", ""ready""], [""OLD"", ""ready""], [""OLD"", ""ready""]], ""safe"": true, ""testers"": {""availability"": ""q4""}}], ""initial_examples_limit"": 3, ""initial_states"": 1, ""losing_initial_states"": 1, ""region_states"": 2, ""safe_region_states"": 1, ""scope"": ""checked discovered-state losing certificate; sampled local root closure evidence, not a unique whole-game causal explanation"", ""unsafe_region_states"": 1}",raw/series/rolling_n04_m01_k04_lazy/result.json,raw/series/rolling_n04_m01_k04_lazy/certificate.json,
13,rolling,v1,rolling_n04_m02_k01_lazy,"{""k"": 1, ""m"": 2, ""n"": 4}",inputs/rolling_n04_m02_k01.json,none,lazy,WIN,WIN,WIN,PASS,9,8,20,8,8,8,,9,10,0.017059792,0.004677916,0.014722875,PASS,PASS,PASS,0.23628416698193178,0,db012b49964fc5527b64b40fa87b97b67bbcab09e6190d8316fd40c98ba23ee1,ff1e6b176f004ea85f1e99690a90388a6a4d24f44cd8d8e636fcd9337dcf67d5,7851ea709a5462f2c16adda42b47b265104430f168ab4b3740ca7095115dd4e8,2026-09-29T16:41:45.227838+09:00,2026-09-29T16:41:45.464419+09:00,Checked WIN certificate.,,raw/series/rolling_n04_m02_k01_lazy/result.json,raw/series/rolling_n04_m02_k01_lazy/certificate.json,
14,rolling,v1,rolling_n04_m02_k02_lazy,"{""k"": 2, ""m"": 2, ""n"": 4}",inputs/rolling_n04_m02_k02.json,none,lazy,WIN,WIN,WIN,PASS,9,8,22,10,10,6,,9,10,0.016484333,0.004901667,0.013651209,PASS,PASS,PASS,0.23730508296284825,0,55ac06e345c83bb31c901cad654d837f999c4cf789149475d260dc79ca0f5ebf,ff1e6b176f004ea85f1e99690a90388a6a4d24f44cd8d8e636fcd9337dcf67d5,7851ea709a5462f2c16adda42b47b265104430f168ab4b3740ca7095115dd4e8,2026-09-29T16:41:45.868090+09:00,2026-09-29T16:41:46.105671+09:00,Checked WIN certificate.,,raw/series/rolling_n04_m02_k02_lazy/result.json,raw/series/rolling_n04_m02_k02_lazy/certificate.json,
15,rolling,v1,rolling_n04_m02_k03_lazy,"{""k"": 3, ""m"": 2, ""n"": 4}",inputs/rolling_n04_m02_k03.json,none,lazy,LOSS,LOSS,LOSS,PASS,5,3,13,12,12,,5,5,,0.017031167,0.003221916,0.011177459,PASS,NOT_APPLICABLE_LOSS,PASS,0.24054608296137303,2,ff15fe070eb7b4769205858f1ced7fa9ecfbe7653aa6113926d75a3fa05e6124,ff1e6b176f004ea85f1e99690a90388a6a4d24f44cd8d8e636fcd9337dcf67d5,7851ea709a5462f2c16adda42b47b265104430f168ab4b3740ca7095115dd4e8,2026-09-29T16:41:46.511704+09:00,2026-09-29T16:41:46.752566+09:00,"The checked discovered-state losing certificate contains 5 states (2 unsafe) and 1/1 initial states; its stored root buckets retain every adversarial outcome and identify the outcomes in this certificate (local closure evidence, not a unique causal explanation).","{""initial_examples"": [{""enabled_action_buckets"": [{""action"": ""rho_1"", ""controllable"": true, ""outcomes"": 1, ""outcomes_in_certificate_region"": 1, ""unsafe_outcome_examples"": [{""pending"": [""rho_2""], ""physical"": [[""NEW"", ""booting""], [""NEW"", ""booting""], [""NEW"", ""booting""], [""OLD"", ""ready""]], ""testers"": {""availability"": ""ERR_AVAILABILITY""}}], ""unsafe_outcomes"": 1, ""update"": true}, {""action"": ""rho_2"", ""controllable"": true, ""outcomes"": 1, ""outcomes_in_certificate_region"": 1, ""unsafe_outcome_examples"": [], ""unsafe_outcomes"": 0, ""update"": true}, {""action"": ""serve_1"", ""controllable"": true, ""outcomes"": 1, ""outcomes_in_certificate_region"": 1, ""unsafe_outcome_examples"": [], ""unsafe_outcomes"": 0, ""update"": false}, {""action"": ""serve_2"", ""controllable"": true, ""outcomes"": 1, ""outcomes_in_certificate_region"": 1, ""unsafe_outcome_examples"": [], ""unsafe_outcomes"": 0, ""update"": false}, {""action"": ""serve_3"", ""controllable"": true, ""outcomes"": 1, ""outcomes_in_certificate_region"": 1, ""unsafe_outcome_examples"": [], ""unsafe_outcomes"": 0, ""update"": false}, {""action"": ""serve_4"", ""controllable"": true, ""outcomes"": 1, ""outcomes_in_certificate_region"": 1, ""unsafe_outcome_examples"": [], ""unsafe_outcomes"": 0, ""update"": false}], ""pending"": [""rho_1"", ""rho_2""], ""physical"": [[""OLD"", ""ready""], [""OLD"", ""ready""], [""OLD"", ""ready""], [""OLD"", ""ready""]], ""safe"": true, ""testers"": {""availability"": ""q4""}}], ""initial_examples_limit"": 3, ""initial_states"": 1, ""losing_initial_states"": 1, ""region_states"": 5, ""safe_region_states"": 3, ""scope"": ""checked discovered-state losing certificate; sampled local root closure evidence, not a unique whole-game causal explanation"", ""unsafe_region_states"": 2}",raw/series/rolling_n04_m02_k03_lazy/result.json,raw/series/rolling_n04_m02_k03_lazy/certificate.json,
16,rolling,v1,rolling_n04_m02_k04_lazy,"{""k"": 4, ""m"": 2, ""n"": 4}",inputs/rolling_n04_m02_k04.json,none,lazy,LOSS,LOSS,LOSS,PASS,2,1,5,5,5,,2,2,,0.016679042,0.00228925,0.01068825,PASS,NOT_APPLICABLE_LOSS,PASS,0.18737950001377612,2,424d7089dc7bcb9181939d339afb6d86d704d6e4645bf85db6a268b7f8c6b0c1,ff1e6b176f004ea85f1e99690a90388a6a4d24f44cd8d8e636fcd9337dcf67d5,7851ea709a5462f2c16adda42b47b265104430f168ab4b3740ca7095115dd4e8,2026-09-29T16:41:47.157068+09:00,2026-09-29T16:41:47.344822+09:00,"The checked discovered-state losing certificate contains 2 states (1 unsafe) and 1/1 initial states; its stored root buckets retain every adversarial outcome and identify the outcomes in this certificate (local closure evidence, not a unique causal explanation).","{""initial_examples"": [{""enabled_action_buckets"": [{""action"": ""ablation.merge.transfers"", ""controllable"": true, ""outcomes"": 1, ""outcomes_in_certificate_region"": 1, ""unsafe_outcome_examples"": [{""pending"": [], ""physical"": [[""NEW"", ""booting""], [""NEW"", ""booting""], [""NEW"", ""booting""], [""NEW"", ""booting""]], ""testers"": {""availability"": ""ERR_AVAILABILITY""}}], ""unsafe_outcomes"": 1, ""update"": true}, {""action"": ""serve_1"", ""controllable"": true, ""outcomes"": 1, ""outcomes_in_certificate_region"": 1, ""unsafe_outcome_examples"": [], ""unsafe_outcomes"": 0, ""update"": false}, {""action"": ""serve_2"", ""controllable"": true, ""outcomes"": 1, ""outcomes_in_certificate_region"": 1, ""unsafe_outcome_examples"": [], ""unsafe_outcomes"": 0, ""update"": false}, {""action"": ""serve_3"", ""controllable"": true, ""outcomes"": 1, ""outcomes_in_certificate_region"": 1, ""unsafe_outcome_examples"": [], ""unsafe_outcomes"": 0, ""update"": false}, {""action"": ""serve_4"", ""controllable"": true, ""outcomes"": 1, ""outcomes_in_certificate_region"": 1, ""unsafe_outcome_examples"": [], ""unsafe_outcomes"": 0, ""update"": false}], ""pending"": [""ablation.merge.transfers""], ""physical"": [[""OLD"", ""ready""], [""OLD"", ""ready""], [""OLD"", ""ready""], [""OLD"", ""ready""]], ""safe"": true, ""testers"": {""availability"": ""q4""}}], ""initial_examples_limit"": 3, ""initial_states"": 1, ""losing_initial_states"": 1, ""region_states"": 2, ""safe_region_states"": 1, ""scope"": ""checked discovered-state losing certificate; sampled local root closure evidence, not a unique whole-game causal explanation"", ""unsafe_region_states"": 1}",raw/series/rolling_n04_m02_k04_lazy/result.json,raw/series/rolling_n04_m02_k04_lazy/certificate.json,
17,rolling,v1,rolling_n04_m03_k01_lazy,"{""k"": 1, ""m"": 3, ""n"": 4}",inputs/rolling_n04_m03_k01.json,none,lazy,WIN,WIN,WIN,PASS,9,8,20,8,8,8,,9,10,0.016562416,0.004464708,0.014227792,PASS,PASS,PASS,0.23892475001048297,0,fb8968a385d4c8a6bcb696decc87067be215310761779e39340abc6bd3375ce7,ff1e6b176f004ea85f1e99690a90388a6a4d24f44cd8d8e636fcd9337dcf67d5,7851ea709a5462f2c16adda42b47b265104430f168ab4b3740ca7095115dd4e8,2026-09-29T16:41:47.744761+09:00,2026-09-29T16:41:47.983955+09:00,Checked WIN certificate.,,raw/series/rolling_n04_m03_k01_lazy/result.json,raw/series/rolling_n04_m03_k01_lazy/certificate.json,
18,rolling,v1,rolling_n04_m03_k02_lazy,"{""k"": 2, ""m"": 3, ""n"": 4}",inputs/rolling_n04_m03_k02.json,none,lazy,LOSS,LOSS,LOSS,PASS,3,1,6,6,6,,3,3,,0.016604875,0.002460083,0.011119708,PASS,NOT_APPLICABLE_LOSS,PASS,0.23819604195887223,2,e3bbc3059ac563a40fdc3b3b35b2bf02e1b028ed12628156cf781acae5510493,ff1e6b176f004ea85f1e99690a90388a6a4d24f44cd8d8e636fcd9337dcf67d5,7851ea709a5462f2c16adda42b47b265104430f168ab4b3740ca7095115dd4e8,2026-09-29T16:41:48.390415+09:00,2026-09-29T16:41:48.628982+09:00,"The checked discovered-state losing certificate contains 3 states (2 unsafe) and 1/1 initial states; its stored root buckets retain every adversarial outcome and identify the outcomes in this certificate (local closure evidence, not a unique causal explanation).","{""initial_examples"": [{""enabled_action_buckets"": [{""action"": ""rho_1"", ""controllable"": true, ""outcomes"": 1, ""outcomes_in_certificate_region"": 1, ""unsafe_outcome_examples"": [{""pending"": [""rho_2""], ""physical"": [[""NEW"", ""booting""], [""NEW"", ""booting""], [""OLD"", ""ready""], [""OLD"", ""ready""]], ""testers"": {""availability"": ""ERR_AVAILABILITY""}}], ""unsafe_outcomes"": 1, ""update"": true}, {""action"": ""rho_2"", ""controllable"": true, ""outcomes"": 1, ""outcomes_in_certificate_region"": 1, ""unsafe_outcome_examples"": [{""pending"": [""rho_1""], ""physical"": [[""OLD"", ""ready""], [""OLD"", ""ready""], [""NEW"", ""booting""], [""NEW"", ""booting""]], ""testers"": {""availability"": ""ERR_AVAILABILITY""}}], ""unsafe_outcomes"": 1, ""update"": true}, {""action"": ""serve_1"", ""controllable"": true, ""outcomes"": 1, ""outcomes_in_certificate_region"": 1, ""unsafe_outcome_examples"": [], ""unsafe_outcomes"": 0, ""update"": false}, {""action"": ""serve_2"", ""controllable"": true, ""outcomes"": 1, ""outcomes_in_certificate_region"": 1, ""unsafe_outcome_examples"": [], ""unsafe_outcomes"": 0, ""update"": false}, {""action"": ""serve_3"", ""controllable"": true, ""outcomes"": 1, ""outcomes_in_certificate_region"": 1, ""unsafe_outcome_examples"": [], ""unsafe_outcomes"": 0, ""update"": false}, {""action"": ""serve_4"", ""controllable"": true, ""outcomes"": 1, ""outcomes_in_certificate_region"": 1, ""unsafe_outcome_examples"": [], ""unsafe_outcomes"": 0, ""update"": false}], ""pending"": [""rho_1"", ""rho_2""], ""physical"": [[""OLD"", ""ready""], [""OLD"", ""ready""], [""OLD"", ""ready""], [""OLD"", ""ready""]], ""safe"": true, ""testers"": {""availability"": ""q4""}}], ""initial_examples_limit"": 3, ""initial_states"": 1, ""losing_initial_states"": 1, ""region_states"": 3, ""safe_region_states"": 1, ""scope"": ""checked discovered-state losing certificate; sampled local root closure evidence, not a unique whole-game causal explanation"", ""unsafe_region_states"": 2}",raw/series/rolling_n04_m03_k02_lazy/result.json,raw/series/rolling_n04_m03_k02_lazy/certificate.json,
19,rolling,v1,rolling_n04_m03_k03_lazy,"{""k"": 3, ""m"": 3, ""n"": 4}",inputs/rolling_n04_m03_k03.json,none,lazy,LOSS,LOSS,LOSS,PASS,5,3,13,12,12,,5,5,,0.016793709,0.00323575,0.011315084,PASS,NOT_APPLICABLE_LOSS,PASS,0.18738337501417845,2,43ecdb55b66cace774232159a5a62454c8049c7ba7042ef5c446a93252490943,ff1e6b176f004ea85f1e99690a90388a6a4d24f44cd8d8e636fcd9337dcf67d5,7851ea709a5462f2c16adda42b47b265104430f168ab4b3740ca7095115dd4e8,2026-09-29T16:41:49.036290+09:00,2026-09-29T16:41:49.223981+09:00,"The checked discovered-state losing certificate contains 5 states (2 unsafe) and 1/1 initial states; its stored root buckets retain every adversarial outcome and identify the outcomes in this certificate (local closure evidence, not a unique causal explanation).","{""initial_examples"": [{""enabled_action_buckets"": [{""action"": ""rho_1"", ""controllable"": true, ""outcomes"": 1, ""outcomes_in_certificate_region"": 1, ""unsafe_outcome_examples"": [{""pending"": [""rho_2""], ""physical"": [[""NEW"", ""booting""], [""NEW"", ""booting""], [""NEW"", ""booting""], [""OLD"", ""ready""]], ""testers"": {""availability"": ""ERR_AVAILABILITY""}}], ""unsafe_outcomes"": 1, ""update"": true}, {""action"": ""rho_2"", ""controllable"": true, ""outcomes"": 1, ""outcomes_in_certificate_region"": 1, ""unsafe_outcome_examples"": [], ""unsafe_outcomes"": 0, ""update"": true}, {""action"": ""serve_1"", ""controllable"": true, ""outcomes"": 1, ""outcomes_in_certificate_region"": 1, ""unsafe_outcome_examples"": [], ""unsafe_outcomes"": 0, ""update"": false}, {""action"": ""serve_2"", ""controllable"": true, ""outcomes"": 1, ""outcomes_in_certificate_region"": 1, ""unsafe_outcome_examples"": [], ""unsafe_outcomes"": 0, ""update"": false}, {""action"": ""serve_3"", ""controllable"": true, ""outcomes"": 1, ""outcomes_in_certificate_region"": 1, ""unsafe_outcome_examples"": [], ""unsafe_outcomes"": 0, ""update"": false}, {""action"": ""serve_4"", ""controllable"": true, ""outcomes"": 1, ""outcomes_in_certificate_region"": 1, ""unsafe_outcome_examples"": [], ""unsafe_outcomes"": 0, ""update"": false}], ""pending"": [""rho_1"", ""rho_2""], ""physical"": [[""OLD"", ""ready""], [""OLD"", ""ready""], [""OLD"", ""ready""], [""OLD"", ""ready""]], ""safe"": true, ""testers"": {""availability"": ""q4""}}], ""initial_examples_limit"": 3, ""initial_states"": 1, ""losing_initial_states"": 1, ""region_states"": 5, ""safe_region_states"": 3, ""scope"": ""checked discovered-state losing certificate; sampled local root closure evidence, not a unique whole-game causal explanation"", ""unsafe_region_states"": 2}",raw/series/rolling_n04_m03_k03_lazy/result.json,raw/series/rolling_n04_m03_k03_lazy/certificate.json,
20,rolling,v1,rolling_n04_m03_k04_lazy,"{""k"": 4, ""m"": 3, ""n"": 4}",inputs/rolling_n04_m03_k04.json,none,lazy,LOSS,LOSS,LOSS,PASS,2,1,5,5,5,,2,2,,0.017028708,0.00241525,0.01070275,PASS,NOT_APPLICABLE_LOSS,PASS,0.18606312503106892,2,d71e81ea354c3967e1ffcfe72330f4f94bdf4287bcec0ef2e34d6584589616de,ff1e6b176f004ea85f1e99690a90388a6a4d24f44cd8d8e636fcd9337dcf67d5,7851ea709a5462f2c16adda42b47b265104430f168ab4b3740ca7095115dd4e8,2026-09-29T16:41:49.625902+09:00,2026-09-29T16:41:49.812250+09:00,"The checked discovered-state losing certificate contains 2 states (1 unsafe) and 1/1 initial states; its stored root buckets retain every adversarial outcome and identify the outcomes in this certificate (local closure evidence, not a unique causal explanation).","{""initial_examples"": [{""enabled_action_buckets"": [{""action"": ""ablation.merge.transfers"", ""controllable"": true, ""outcomes"": 1, ""outcomes_in_certificate_region"": 1, ""unsafe_outcome_examples"": [{""pending"": [], ""physical"": [[""NEW"", ""booting""], [""NEW"", ""booting""], [""NEW"", ""booting""], [""NEW"", ""booting""]], ""testers"": {""availability"": ""ERR_AVAILABILITY""}}], ""unsafe_outcomes"": 1, ""update"": true}, {""action"": ""serve_1"", ""controllable"": true, ""outcomes"": 1, ""outcomes_in_certificate_region"": 1, ""unsafe_outcome_examples"": [], ""unsafe_outcomes"": 0, ""update"": false}, {""action"": ""serve_2"", ""controllable"": true, ""outcomes"": 1, ""outcomes_in_certificate_region"": 1, ""unsafe_outcome_examples"": [], ""unsafe_outcomes"": 0, ""update"": false}, {""action"": ""serve_3"", ""controllable"": true, ""outcomes"": 1, ""outcomes_in_certificate_region"": 1, ""unsafe_outcome_examples"": [], ""unsafe_outcomes"": 0, ""update"": false}, {""action"": ""serve_4"", ""controllable"": true, ""outcomes"": 1, ""outcomes_in_certificate_region"": 1, ""unsafe_outcome_examples"": [], ""unsafe_outcomes"": 0, ""update"": false}], ""pending"": [""ablation.merge.transfers""], ""physical"": [[""OLD"", ""ready""], [""OLD"", ""ready""], [""OLD"", ""ready""], [""OLD"", ""ready""]], ""safe"": true, ""testers"": {""availability"": ""q4""}}], ""initial_examples_limit"": 3, ""initial_states"": 1, ""losing_initial_states"": 1, ""region_states"": 2, ""safe_region_states"": 1, ""scope"": ""checked discovered-state losing certificate; sampled local root closure evidence, not a unique whole-game causal explanation"", ""unsafe_region_states"": 1}",raw/series/rolling_n04_m03_k04_lazy/result.json,raw/series/rolling_n04_m03_k04_lazy/certificate.json,
21,rolling,v1,rolling_n05_m01_k01_lazy,"{""k"": 1, ""m"": 1, ""n"": 5}",inputs/rolling_n05_m01_k01.json,none,lazy,WIN,WIN,WIN,PASS,11,10,30,10,10,10,,11,12,0.017879583,0.004732333,0.016005417,PASS,PASS,PASS,0.2387312920182012,0,aaa3b9ac98649267f727e583f092ca60fa944f0114c19d174e73bbac7b02a5c7,ff1e6b176f004ea85f1e99690a90388a6a4d24f44cd8d8e636fcd9337dcf67d5,7851ea709a5462f2c16adda42b47b265104430f168ab4b3740ca7095115dd4e8,2026-09-29T16:41:50.208810+09:00,2026-09-29T16:41:50.447829+09:00,Checked WIN certificate.,,raw/series/rolling_n05_m01_k01_lazy/result.json,raw/series/rolling_n05_m01_k01_lazy/certificate.json,
22,rolling,v1,rolling_n05_m01_k02_lazy,"{""k"": 2, ""m"": 1, ""n"": 5}",inputs/rolling_n05_m01_k02.json,none,lazy,WIN,WIN,WIN,PASS,11,10,32,12,12,8,,11,12,0.017500125,0.005188041,0.0165925,PASS,PASS,PASS,0.23742600000696257,0,672f1a5bc21cc9c96f5efdea8c91748fd2a4b2a8de5ff1135c48e867ac520a1e,ff1e6b176f004ea85f1e99690a90388a6a4d24f44cd8d8e636fcd9337dcf67d5,7851ea709a5462f2c16adda42b47b265104430f168ab4b3740ca7095115dd4e8,2026-09-29T16:41:50.850964+09:00,2026-09-29T16:41:51.088688+09:00,Checked WIN certificate.,,raw/series/rolling_n05_m01_k02_lazy/result.json,raw/series/rolling_n05_m01_k02_lazy/certificate.json,
23,rolling,v1,rolling_n05_m01_k03_lazy,"{""k"": 3, ""m"": 1, ""n"": 5}",inputs/rolling_n05_m01_k03.json,none,lazy,WIN,WIN,WIN,PASS,13,12,41,18,18,7,,13,14,0.017456125,0.005978042,0.018265667,PASS,PASS,PASS,0.24241470801644027,0,218768489f0dad0718734ceab326592a0bc77919da31974dc981ef82577ce40d,ff1e6b176f004ea85f1e99690a90388a6a4d24f44cd8d8e636fcd9337dcf67d5,7851ea709a5462f2c16adda42b47b265104430f168ab4b3740ca7095115dd4e8,2026-09-29T16:41:51.492509+09:00,2026-09-29T16:41:51.735195+09:00,Checked WIN certificate.,,raw/series/rolling_n05_m01_k03_lazy/result.json,raw/series/rolling_n05_m01_k03_lazy/certificate.json,
24,rolling,v1,rolling_n05_m01_k04_lazy,"{""k"": 4, ""m"": 1, ""n"": 5}",inputs/rolling_n05_m01_k04.json,none,lazy,WIN,WIN,WIN,PASS,19,18,71,35,35,7,,19,20,0.017974542,0.00817225,0.019384667,PASS,PASS,PASS,0.23873329197522253,0,8c71339daa70a4f8288bf3cf037fb906d2df7c3003ffd736e095c580f9c86ab5,ff1e6b176f004ea85f1e99690a90388a6a4d24f44cd8d8e636fcd9337dcf67d5,7851ea709a5462f2c16adda42b47b265104430f168ab4b3740ca7095115dd4e8,2026-09-29T16:41:52.138973+09:00,2026-09-29T16:41:52.378847+09:00,Checked WIN certificate.,,raw/series/rolling_n05_m01_k04_lazy/result.json,raw/series/rolling_n05_m01_k04_lazy/certificate.json,
25,rolling,v1,rolling_n05_m01_k05_lazy,"{""k"": 5, ""m"": 1, ""n"": 5}",inputs/rolling_n05_m01_k05.json,none,lazy,LOSS,LOSS,LOSS,PASS,2,1,6,6,6,,2,2,,0.017683083,0.002414625,0.010627333,PASS,NOT_APPLICABLE_LOSS,PASS,0.23885729198809713,2,96deed56a2efd3a130fee043d10cf960f060b01063c843adeaf960663b9db49a,ff1e6b176f004ea85f1e99690a90388a6a4d24f44cd8d8e636fcd9337dcf67d5,7851ea709a5462f2c16adda42b47b265104430f168ab4b3740ca7095115dd4e8,2026-09-29T16:41:52.784709+09:00,2026-09-29T16:41:53.023833+09:00,"The checked discovered-state losing certificate contains 2 states (1 unsafe) and 1/1 initial states; its stored root buckets retain every adversarial outcome and identify the outcomes in this certificate (local closure evidence, not a unique causal explanation).","{""initial_examples"": [{""enabled_action_buckets"": [{""action"": ""ablation.merge.transfers"", ""controllable"": true, ""outcomes"": 1, ""outcomes_in_certificate_region"": 1, ""unsafe_outcome_examples"": [{""pending"": [], ""physical"": [[""NEW"", ""booting""], [""NEW"", ""booting""], [""NEW"", ""booting""], [""NEW"", ""booting""], [""NEW"", ""booting""]], ""testers"": {""availability"": ""ERR_AVAILABILITY""}}], ""unsafe_outcomes"": 1, ""update"": true}, {""action"": ""serve_1"", ""controllable"": true, ""outcomes"": 1, ""outcomes_in_certificate_region"": 1, ""unsafe_outcome_examples"": [], ""unsafe_outcomes"": 0, ""update"": false}, {""action"": ""serve_2"", ""controllable"": true, ""outcomes"": 1, ""outcomes_in_certificate_region"": 1, ""unsafe_outcome_examples"": [], ""unsafe_outcomes"": 0, ""update"": false}, {""action"": ""serve_3"", ""controllable"": true, ""outcomes"": 1, ""outcomes_in_certificate_region"": 1, ""unsafe_outcome_examples"": [], ""unsafe_outcomes"": 0, ""update"": false}, {""action"": ""serve_4"", ""controllable"": true, ""outcomes"": 1, ""outcomes_in_certificate_region"": 1, ""unsafe_outcome_examples"": [], ""unsafe_outcomes"": 0, ""update"": false}, {""action"": ""serve_5"", ""controllable"": true, ""outcomes"": 1, ""outcomes_in_certificate_region"": 1, ""unsafe_outcome_examples"": [], ""unsafe_outcomes"": 0, ""update"": false}], ""pending"": [""ablation.merge.transfers""], ""physical"": [[""OLD"", ""ready""], [""OLD"", ""ready""], [""OLD"", ""ready""], [""OLD"", ""ready""], [""OLD"", ""ready""]], ""safe"": true, ""testers"": {""availability"": ""q5""}}], ""initial_examples_limit"": 3, ""initial_states"": 1, ""losing_initial_states"": 1, ""region_states"": 2, ""safe_region_states"": 1, ""scope"": ""checked discovered-state losing certificate; sampled local root closure evidence, not a unique whole-game causal explanation"", ""unsafe_region_states"": 1}",raw/series/rolling_n05_m01_k05_lazy/result.json,raw/series/rolling_n05_m01_k05_lazy/certificate.json,
26,rolling,v1,rolling_n05_m02_k01_lazy,"{""k"": 1, ""m"": 2, ""n"": 5}",inputs/rolling_n05_m02_k01.json,none,lazy,WIN,WIN,WIN,PASS,11,10,30,10,10,10,,11,12,0.017455042,0.005354,0.020019542,PASS,PASS,PASS,0.2425224999897182,0,8831abb7e1ccee1223dfdc57e980f2aa35d1ba57f55db0f58acbe74dd5bb9277,ff1e6b176f004ea85f1e99690a90388a6a4d24f44cd8d8e636fcd9337dcf67d5,7851ea709a5462f2c16adda42b47b265104430f168ab4b3740ca7095115dd4e8,2026-09-29T16:41:53.433217+09:00,2026-09-29T16:41:53.676270+09:00,Checked WIN certificate.,,raw/series/rolling_n05_m02_k01_lazy/result.json,raw/series/rolling_n05_m02_k01_lazy/certificate.json,
27,rolling,v1,rolling_n05_m02_k02_lazy,"{""k"": 2, ""m"": 2, ""n"": 5}",inputs/rolling_n05_m02_k02.json,none,lazy,WIN,WIN,WIN,PASS,11,10,32,12,12,8,,11,12,0.01753575,0.005228958,0.017111041,PASS,PASS,PASS,0.23311845801072195,0,5240040d2758e9d1dbcb2587ae8d00ee6d96b1c537b72fac16cb4b4b70fa76d2,ff1e6b176f004ea85f1e99690a90388a6a4d24f44cd8d8e636fcd9337dcf67d5,7851ea709a5462f2c16adda42b47b265104430f168ab4b3740ca7095115dd4e8,2026-09-29T16:41:54.084102+09:00,2026-09-29T16:41:54.318322+09:00,Checked WIN certificate.,,raw/series/rolling_n05_m02_k02_lazy/result.json,raw/series/rolling_n05_m02_k02_lazy/certificate.json,
28,rolling,v1,rolling_n05_m02_k03_lazy,"{""k"": 3, ""m"": 2, ""n"": 5}",inputs/rolling_n05_m02_k03.json,none,lazy,WIN,WIN,WIN,PASS,13,12,41,18,18,7,,13,14,0.017431792,0.005998041,0.018383416,PASS,PASS,PASS,0.24171691603260115,0,9f772135522aed9a1c9160e9a4173e6e12a80155c8f343498a299e13bbf016c0,ff1e6b176f004ea85f1e99690a90388a6a4d24f44cd8d8e636fcd9337dcf67d5,7851ea709a5462f2c16adda42b47b265104430f168ab4b3740ca7095115dd4e8,2026-09-29T16:41:54.730236+09:00,2026-09-29T16:41:54.973057+09:00,Checked WIN certificate.,,raw/series/rolling_n05_m02_k03_lazy/result.json,raw/series/rolling_n05_m02_k03_lazy/certificate.json,
29,rolling,v1,rolling_n05_m02_k04_lazy,"{""k"": 4, ""m"": 2, ""n"": 5}",inputs/rolling_n05_m02_k04.json,none,lazy,LOSS,LOSS,LOSS,PASS,5,3,15,14,14,,5,5,,0.017455167,0.003376792,0.010898541,PASS,NOT_APPLICABLE_LOSS,PASS,0.23802725004497916,2,8d5eedc19120d2ca9af4f849e7e9c9ceaf1c65b6c84e261d020d90dd367fdc60,ff1e6b176f004ea85f1e99690a90388a6a4d24f44cd8d8e636fcd9337dcf67d5,7851ea709a5462f2c16adda42b47b265104430f168ab4b3740ca7095115dd4e8,2026-09-29T16:41:55.383488+09:00,2026-09-29T16:41:55.621808+09:00,"The checked discovered-state losing certificate contains 5 states (2 unsafe) and 1/1 initial states; its stored root buckets retain every adversarial outcome and identify the outcomes in this certificate (local closure evidence, not a unique causal explanation).","{""initial_examples"": [{""enabled_action_buckets"": [{""action"": ""rho_1"", ""controllable"": true, ""outcomes"": 1, ""outcomes_in_certificate_region"": 1, ""unsafe_outcome_examples"": [{""pending"": [""rho_2""], ""physical"": [[""NEW"", ""booting""], [""NEW"", ""booting""], [""NEW"", ""booting""], [""NEW"", ""booting""], [""OLD"", ""ready""]], ""testers"": {""availability"": ""ERR_AVAILABILITY""}}], ""unsafe_outcomes"": 1, ""update"": true}, {""action"": ""rho_2"", ""controllable"": true, ""outcomes"": 1, ""outcomes_in_certificate_region"": 1, ""unsafe_outcome_examples"": [], ""unsafe_outcomes"": 0, ""update"": true}, {""action"": ""serve_1"", ""controllable"": true, ""outcomes"": 1, ""outcomes_in_certificate_region"": 1, ""unsafe_outcome_examples"": [], ""unsafe_outcomes"": 0, ""update"": false}, {""action"": ""serve_2"", ""controllable"": true, ""outcomes"": 1, ""outcomes_in_certificate_region"": 1, ""unsafe_outcome_examples"": [], ""unsafe_outcomes"": 0, ""update"": false}, {""action"": ""serve_3"", ""controllable"": true, ""outcomes"": 1, ""outcomes_in_certificate_region"": 1, ""unsafe_outcome_examples"": [], ""unsafe_outcomes"": 0, ""update"": false}, {""action"": ""serve_4"", ""controllable"": true, ""outcomes"": 1, ""outcomes_in_certificate_region"": 1, ""unsafe_outcome_examples"": [], ""unsafe_outcomes"": 0, ""update"": false}, {""action"": ""serve_5"", ""controllable"": true, ""outcomes"": 1, ""outcomes_in_certificate_region"": 1, ""unsafe_outcome_examples"": [], ""unsafe_outcomes"": 0, ""update"": false}], ""pending"": [""rho_1"", ""rho_2""], ""physical"": [[""OLD"", ""ready""], [""OLD"", ""ready""], [""OLD"", ""ready""], [""OLD"", ""ready""], [""OLD"", ""ready""]], ""safe"": true, ""testers"": {""availability"": ""q5""}}], ""initial_examples_limit"": 3, ""initial_states"": 1, ""losing_initial_states"": 1, ""region_states"": 5, ""safe_region_states"": 3, ""scope"": ""checked discovered-state losing certificate; sampled local root closure evidence, not a unique whole-game causal explanation"", ""unsafe_region_states"": 2}",raw/series/rolling_n05_m02_k04_lazy/result.json,raw/series/rolling_n05_m02_k04_lazy/certificate.json,
30,rolling,v1,rolling_n05_m02_k05_lazy,"{""k"": 5, ""m"": 2, ""n"": 5}",inputs/rolling_n05_m02_k05.json,none,lazy,LOSS,LOSS,LOSS,PASS,2,1,6,6,6,,2,2,,0.016877792,0.00252525,0.010790042,PASS,NOT_APPLICABLE_LOSS,PASS,0.23286079097306356,2,7b5fb6f5f2b289199e6baede5d036ebc2fde7f18d88b5952671fcf5b42be63dc,ff1e6b176f004ea85f1e99690a90388a6a4d24f44cd8d8e636fcd9337dcf67d5,7851ea709a5462f2c16adda42b47b265104430f168ab4b3740ca7095115dd4e8,2026-09-29T16:41:56.035952+09:00,2026-09-29T16:41:56.269118+09:00,"The checked discovered-state losing certificate contains 2 states (1 unsafe) and 1/1 initial states; its stored root buckets retain every adversarial outcome and identify the outcomes in this certificate (local closure evidence, not a unique causal explanation).","{""initial_examples"": [{""enabled_action_buckets"": [{""action"": ""ablation.merge.transfers"", ""controllable"": true, ""outcomes"": 1, ""outcomes_in_certificate_region"": 1, ""unsafe_outcome_examples"": [{""pending"": [], ""physical"": [[""NEW"", ""booting""], [""NEW"", ""booting""], [""NEW"", ""booting""], [""NEW"", ""booting""], [""NEW"", ""booting""]], ""testers"": {""availability"": ""ERR_AVAILABILITY""}}], ""unsafe_outcomes"": 1, ""update"": true}, {""action"": ""serve_1"", ""controllable"": true, ""outcomes"": 1, ""outcomes_in_certificate_region"": 1, ""unsafe_outcome_examples"": [], ""unsafe_outcomes"": 0, ""update"": false}, {""action"": ""serve_2"", ""controllable"": true, ""outcomes"": 1, ""outcomes_in_certificate_region"": 1, ""unsafe_outcome_examples"": [], ""unsafe_outcomes"": 0, ""update"": false}, {""action"": ""serve_3"", ""controllable"": true, ""outcomes"": 1, ""outcomes_in_certificate_region"": 1, ""unsafe_outcome_examples"": [], ""unsafe_outcomes"": 0, ""update"": false}, {""action"": ""serve_4"", ""controllable"": true, ""outcomes"": 1, ""outcomes_in_certificate_region"": 1, ""unsafe_outcome_examples"": [], ""unsafe_outcomes"": 0, ""update"": false}, {""action"": ""serve_5"", ""controllable"": true, ""outcomes"": 1, ""outcomes_in_certificate_region"": 1, ""unsafe_outcome_examples"": [], ""unsafe_outcomes"": 0, ""update"": false}], ""pending"": [""ablation.merge.transfers""], ""physical"": [[""OLD"", ""ready""], [""OLD"", ""ready""], [""OLD"", ""ready""], [""OLD"", ""ready""], [""OLD"", ""ready""]], ""safe"": true, ""testers"": {""availability"": ""q5""}}], ""initial_examples_limit"": 3, ""initial_states"": 1, ""losing_initial_states"": 1, ""region_states"": 2, ""safe_region_states"": 1, ""scope"": ""checked discovered-state losing certificate; sampled local root closure evidence, not a unique whole-game causal explanation"", ""unsafe_region_states"": 1}",raw/series/rolling_n05_m02_k05_lazy/result.json,raw/series/rolling_n05_m02_k05_lazy/certificate.json,
31,rolling,v1,rolling_n05_m03_k01_lazy,"{""k"": 1, ""m"": 3, ""n"": 5}",inputs/rolling_n05_m03_k01.json,none,lazy,WIN,WIN,WIN,PASS,11,10,30,10,10,10,,11,12,0.0176065,0.005376542,0.016622875,PASS,PASS,PASS,0.24228741601109505,0,03ff5ec0c2f4395de3e57197ef13d6459633bde2711fd4d2300f899618b80b23,ff1e6b176f004ea85f1e99690a90388a6a4d24f44cd8d8e636fcd9337dcf67d5,7851ea709a5462f2c16adda42b47b265104430f168ab4b3740ca7095115dd4e8,2026-09-29T16:41:56.693571+09:00,2026-09-29T16:41:56.936163+09:00,Checked WIN certificate.,,raw/series/rolling_n05_m03_k01_lazy/result.json,raw/series/rolling_n05_m03_k01_lazy/certificate.json,
32,rolling,v1,rolling_n05_m03_k02_lazy,"{""k"": 2, ""m"": 3, ""n"": 5}",inputs/rolling_n05_m03_k02.json,none,lazy,WIN,WIN,WIN,PASS,11,10,32,12,12,8,,11,12,0.017487166,0.00565025,0.018263042,PASS,PASS,PASS,0.23845666699344292,0,728857c3b8309b258b70b22577c81460c168fcb6be9d28fe424a87f0cc5bd1d3,ff1e6b176f004ea85f1e99690a90388a6a4d24f44cd8d8e636fcd9337dcf67d5,7851ea709a5462f2c16adda42b47b265104430f168ab4b3740ca7095115dd4e8,2026-09-29T16:41:57.445162+09:00,2026-09-29T16:41:57.683878+09:00,Checked WIN certificate.,,raw/series/rolling_n05_m03_k02_lazy/result.json,raw/series/rolling_n05_m03_k02_lazy/certificate.json,
33,rolling,v1,rolling_n05_m03_k03_lazy,"{""k"": 3, ""m"": 3, ""n"": 5}",inputs/rolling_n05_m03_k03.json,none,lazy,LOSS,LOSS,LOSS,PASS,7,5,21,17,17,,7,7,,0.017348084,0.004218667,0.011797583,PASS,NOT_APPLICABLE_LOSS,PASS,0.23745754203991964,2,57f3705d5846c41ad2a9121abe733ecd3387832b303fb25b03756048d8a468a3,ff1e6b176f004ea85f1e99690a90388a6a4d24f44cd8d8e636fcd9337dcf67d5,7851ea709a5462f2c16adda42b47b265104430f168ab4b3740ca7095115dd4e8,2026-09-29T16:41:58.097283+09:00,2026-09-29T16:41:58.335023+09:00,"The checked discovered-state losing certificate contains 7 states (2 unsafe) and 1/1 initial states; its stored root buckets retain every adversarial outcome and identify the outcomes in this certificate (local closure evidence, not a unique causal explanation).","{""initial_examples"": [{""enabled_action_buckets"": [{""action"": ""rho_1"", ""controllable"": true, ""outcomes"": 1, ""outcomes_in_certificate_region"": 1, ""unsafe_outcome_examples"": [{""pending"": [""rho_2""], ""physical"": [[""NEW"", ""booting""], [""NEW"", ""booting""], [""NEW"", ""booting""], [""OLD"", ""ready""], [""OLD"", ""ready""]], ""testers"": {""availability"": ""ERR_AVAILABILITY""}}], ""unsafe_outcomes"": 1, ""update"": true}, {""action"": ""rho_2"", ""controllable"": true, ""outcomes"": 1, ""outcomes_in_certificate_region"": 1, ""unsafe_outcome_examples"": [], ""unsafe_outcomes"": 0, ""update"": true}, {""action"": ""serve_1"", ""controllable"": true, ""outcomes"": 1, ""outcomes_in_certificate_region"": 1, ""unsafe_outcome_examples"": [], ""unsafe_outcomes"": 0, ""update"": false}, {""action"": ""serve_2"", ""controllable"": true, ""outcomes"": 1, ""outcomes_in_certificate_region"": 1, ""unsafe_outcome_examples"": [], ""unsafe_outcomes"": 0, ""update"": false}, {""action"": ""serve_3"", ""controllable"": true, ""outcomes"": 1, ""outcomes_in_certificate_region"": 1, ""unsafe_outcome_examples"": [], ""unsafe_outcomes"": 0, ""update"": false}, {""action"": ""serve_4"", ""controllable"": true, ""outcomes"": 1, ""outcomes_in_certificate_region"": 1, ""unsafe_outcome_examples"": [], ""unsafe_outcomes"": 0, ""update"": false}, {""action"": ""serve_5"", ""controllable"": true, ""outcomes"": 1, ""outcomes_in_certificate_region"": 1, ""unsafe_outcome_examples"": [], ""unsafe_outcomes"": 0, ""update"": false}], ""pending"": [""rho_1"", ""rho_2""], ""physical"": [[""OLD"", ""ready""], [""OLD"", ""ready""], [""OLD"", ""ready""], [""OLD"", ""ready""], [""OLD"", ""ready""]], ""safe"": true, ""testers"": {""availability"": ""q5""}}], ""initial_examples_limit"": 3, ""initial_states"": 1, ""losing_initial_states"": 1, ""region_states"": 7, ""safe_region_states"": 5, ""scope"": ""checked discovered-state losing certificate; sampled local root closure evidence, not a unique whole-game causal explanation"", ""unsafe_region_states"": 2}",raw/series/rolling_n05_m03_k03_lazy/result.json,raw/series/rolling_n05_m03_k03_lazy/certificate.json,
34,rolling,v1,rolling_n05_m03_k04_lazy,"{""k"": 4, ""m"": 3, ""n"": 5}",inputs/rolling_n05_m03_k04.json,none,lazy,LOSS,LOSS,LOSS,PASS,5,3,15,14,14,,5,5,,0.017448125,0.003477208,0.01132925,PASS,NOT_APPLICABLE_LOSS,PASS,0.23671579197980464,2,6ddf017ca3b070bb1695fc390ccbf017fcc94d96036088da88108f8c3c844249,ff1e6b176f004ea85f1e99690a90388a6a4d24f44cd8d8e636fcd9337dcf67d5,7851ea709a5462f2c16adda42b47b265104430f168ab4b3740ca7095115dd4e8,2026-09-29T16:41:58.751887+09:00,2026-09-29T16:41:58.988880+09:00,"The checked discovered-state losing certificate contains 5 states (2 unsafe) and 1/1 initial states; its stored root buckets retain every adversarial outcome and identify the outcomes in this certificate (local closure evidence, not a unique causal explanation).","{""initial_examples"": [{""enabled_action_buckets"": [{""action"": ""rho_1"", ""controllable"": true, ""outcomes"": 1, ""outcomes_in_certificate_region"": 1, ""unsafe_outcome_examples"": [{""pending"": [""rho_2""], ""physical"": [[""NEW"", ""booting""], [""NEW"", ""booting""], [""NEW"", ""booting""], [""NEW"", ""booting""], [""OLD"", ""ready""]], ""testers"": {""availability"": ""ERR_AVAILABILITY""}}], ""unsafe_outcomes"": 1, ""update"": true}, {""action"": ""rho_2"", ""controllable"": true, ""outcomes"": 1, ""outcomes_in_certificate_region"": 1, ""unsafe_outcome_examples"": [], ""unsafe_outcomes"": 0, ""update"": true}, {""action"": ""serve_1"", ""controllable"": true, ""outcomes"": 1, ""outcomes_in_certificate_region"": 1, ""unsafe_outcome_examples"": [], ""unsafe_outcomes"": 0, ""update"": false}, {""action"": ""serve_2"", ""controllable"": true, ""outcomes"": 1, ""outcomes_in_certificate_region"": 1, ""unsafe_outcome_examples"": [], ""unsafe_outcomes"": 0, ""update"": false}, {""action"": ""serve_3"", ""controllable"": true, ""outcomes"": 1, ""outcomes_in_certificate_region"": 1, ""unsafe_outcome_examples"": [], ""unsafe_outcomes"": 0, ""update"": false}, {""action"": ""serve_4"", ""controllable"": true, ""outcomes"": 1, ""outcomes_in_certificate_region"": 1, ""unsafe_outcome_examples"": [], ""unsafe_outcomes"": 0, ""update"": false}, {""action"": ""serve_5"", ""controllable"": true, ""outcomes"": 1, ""outcomes_in_certificate_region"": 1, ""unsafe_outcome_examples"": [], ""unsafe_outcomes"": 0, ""update"": false}], ""pending"": [""rho_1"", ""rho_2""], ""physical"": [[""OLD"", ""ready""], [""OLD"", ""ready""], [""OLD"", ""ready""], [""OLD"", ""ready""], [""OLD"", ""ready""]], ""safe"": true, ""testers"": {""availability"": ""q5""}}], ""initial_examples_limit"": 3, ""initial_states"": 1, ""losing_initial_states"": 1, ""region_states"": 5, ""safe_region_states"": 3, ""scope"": ""checked discovered-state losing certificate; sampled local root closure evidence, not a unique whole-game causal explanation"", ""unsafe_region_states"": 2}",raw/series/rolling_n05_m03_k04_lazy/result.json,raw/series/rolling_n05_m03_k04_lazy/certificate.json,
35,rolling,v1,rolling_n05_m03_k05_lazy,"{""k"": 5, ""m"": 3, ""n"": 5}",inputs/rolling_n05_m03_k05.json,none,lazy,LOSS,LOSS,LOSS,PASS,2,1,6,6,6,,2,2,,0.016882041,0.00232275,0.010606625,PASS,NOT_APPLICABLE_LOSS,PASS,0.1871660419856198,2,37fd99874d9eccb59611fc95d08aec7a581d11aa076aa3650b4ac09351728475,ff1e6b176f004ea85f1e99690a90388a6a4d24f44cd8d8e636fcd9337dcf67d5,7851ea709a5462f2c16adda42b47b265104430f168ab4b3740ca7095115dd4e8,2026-09-29T16:41:59.396520+09:00,2026-09-29T16:41:59.583959+09:00,"The checked discovered-state losing certificate contains 2 states (1 unsafe) and 1/1 initial states; its stored root buckets retain every adversarial outcome and identify the outcomes in this certificate (local closure evidence, not a unique causal explanation).","{""initial_examples"": [{""enabled_action_buckets"": [{""action"": ""ablation.merge.transfers"", ""controllable"": true, ""outcomes"": 1, ""outcomes_in_certificate_region"": 1, ""unsafe_outcome_examples"": [{""pending"": [], ""physical"": [[""NEW"", ""booting""], [""NEW"", ""booting""], [""NEW"", ""booting""], [""NEW"", ""booting""], [""NEW"", ""booting""]], ""testers"": {""availability"": ""ERR_AVAILABILITY""}}], ""unsafe_outcomes"": 1, ""update"": true}, {""action"": ""serve_1"", ""controllable"": true, ""outcomes"": 1, ""outcomes_in_certificate_region"": 1, ""unsafe_outcome_examples"": [], ""unsafe_outcomes"": 0, ""update"": false}, {""action"": ""serve_2"", ""controllable"": true, ""outcomes"": 1, ""outcomes_in_certificate_region"": 1, ""unsafe_outcome_examples"": [], ""unsafe_outcomes"": 0, ""update"": false}, {""action"": ""serve_3"", ""controllable"": true, ""outcomes"": 1, ""outcomes_in_certificate_region"": 1, ""unsafe_outcome_examples"": [], ""unsafe_outcomes"": 0, ""update"": false}, {""action"": ""serve_4"", ""controllable"": true, ""outcomes"": 1, ""outcomes_in_certificate_region"": 1, ""unsafe_outcome_examples"": [], ""unsafe_outcomes"": 0, ""update"": false}, {""action"": ""serve_5"", ""controllable"": true, ""outcomes"": 1, ""outcomes_in_certificate_region"": 1, ""unsafe_outcome_examples"": [], ""unsafe_outcomes"": 0, ""update"": false}], ""pending"": [""ablation.merge.transfers""], ""physical"": [[""OLD"", ""ready""], [""OLD"", ""ready""], [""OLD"", ""ready""], [""OLD"", ""ready""], [""OLD"", ""ready""]], ""safe"": true, ""testers"": {""availability"": ""q5""}}], ""initial_examples_limit"": 3, ""initial_states"": 1, ""losing_initial_states"": 1, ""region_states"": 2, ""safe_region_states"": 1, ""scope"": ""checked discovered-state losing certificate; sampled local root closure evidence, not a unique whole-game causal explanation"", ""unsafe_region_states"": 1}",raw/series/rolling_n05_m03_k05_lazy/result.json,raw/series/rolling_n05_m03_k05_lazy/certificate.json,
36,rolling,v1,rolling_n05_m04_k01_lazy,"{""k"": 1, ""m"": 4, ""n"": 5}",inputs/rolling_n05_m04_k01.json,none,lazy,WIN,WIN,WIN,PASS,11,10,30,10,10,10,,11,12,0.017103833,0.00535525,0.017052208,PASS,PASS,PASS,0.23441579198697582,0,f34e6026e14a6336cd54789750c086ea5371b5dfdd9a93a86da277c4ce353d38,ff1e6b176f004ea85f1e99690a90388a6a4d24f44cd8d8e636fcd9337dcf67d5,7851ea709a5462f2c16adda42b47b265104430f168ab4b3740ca7095115dd4e8,2026-09-29T16:41:59.987476+09:00,2026-09-29T16:42:00.222182+09:00,Checked WIN certificate.,,raw/series/rolling_n05_m04_k01_lazy/result.json,raw/series/rolling_n05_m04_k01_lazy/certificate.json,
37,rolling,v1,rolling_n05_m04_k02_lazy,"{""k"": 2, ""m"": 4, ""n"": 5}",inputs/rolling_n05_m04_k02.json,none,lazy,LOSS,LOSS,LOSS,PASS,7,3,17,16,16,,7,7,,0.017414167,0.003674333,0.012405917,PASS,NOT_APPLICABLE_LOSS,PASS,0.23759883298771456,2,90da550d8d176d69e23cc1f17abee5f6b6a4a19d5b63a060af0286a645500d14,ff1e6b176f004ea85f1e99690a90388a6a4d24f44cd8d8e636fcd9337dcf67d5,7851ea709a5462f2c16adda42b47b265104430f168ab4b3740ca7095115dd4e8,2026-09-29T16:42:00.629339+09:00,2026-09-29T16:42:00.867201+09:00,"The checked discovered-state losing certificate contains 7 states (4 unsafe) and 1/1 initial states; its stored root buckets retain every adversarial outcome and identify the outcomes in this certificate (local closure evidence, not a unique causal explanation).","{""initial_examples"": [{""enabled_action_buckets"": [{""action"": ""rho_1"", ""controllable"": true, ""outcomes"": 1, ""outcomes_in_certificate_region"": 1, ""unsafe_outcome_examples"": [{""pending"": [""rho_2"", ""rho_3""], ""physical"": [[""NEW"", ""booting""], [""NEW"", ""booting""], [""OLD"", ""ready""], [""OLD"", ""ready""], [""OLD"", ""ready""]], ""testers"": {""availability"": ""ERR_AVAILABILITY""}}], ""unsafe_outcomes"": 1, ""update"": true}, {""action"": ""rho_2"", ""controllable"": true, ""outcomes"": 1, ""outcomes_in_certificate_region"": 1, ""unsafe_outcome_examples"": [{""pending"": [""rho_1"", ""rho_3""], ""physical"": [[""OLD"", ""ready""], [""OLD"", ""ready""], [""NEW"", ""booting""], [""NEW"", ""booting""], [""OLD"", ""ready""]], ""testers"": {""availability"": ""ERR_AVAILABILITY""}}], ""unsafe_outcomes"": 1, ""update"": true}, {""action"": ""rho_3"", ""controllable"": true, ""outcomes"": 1, ""outcomes_in_certificate_region"": 1, ""unsafe_outcome_examples"": [], ""unsafe_outcomes"": 0, ""update"": true}, {""action"": ""serve_1"", ""controllable"": true, ""outcomes"": 1, ""outcomes_in_certificate_region"": 1, ""unsafe_outcome_examples"": [], ""unsafe_outcomes"": 0, ""update"": false}, {""action"": ""serve_2"", ""controllable"": true, ""outcomes"": 1, ""outcomes_in_certificate_region"": 1, ""unsafe_outcome_examples"": [], ""unsafe_outcomes"": 0, ""update"": false}, {""action"": ""serve_3"", ""controllable"": true, ""outcomes"": 1, ""outcomes_in_certificate_region"": 1, ""unsafe_outcome_examples"": [], ""unsafe_outcomes"": 0, ""update"": false}, {""action"": ""serve_4"", ""controllable"": true, ""outcomes"": 1, ""outcomes_in_certificate_region"": 1, ""unsafe_outcome_examples"": [], ""unsafe_outcomes"": 0, ""update"": false}, {""action"": ""serve_5"", ""controllable"": true, ""outcomes"": 1, ""outcomes_in_certificate_region"": 1, ""unsafe_outcome_examples"": [], ""unsafe_outcomes"": 0, ""update"": false}], ""pending"": [""rho_1"", ""rho_2"", ""rho_3""], ""physical"": [[""OLD"", ""ready""], [""OLD"", ""ready""], [""OLD"", ""ready""], [""OLD"", ""ready""], [""OLD"", ""ready""]], ""safe"": true, ""testers"": {""availability"": ""q5""}}], ""initial_examples_limit"": 3, ""initial_states"": 1, ""losing_initial_states"": 1, ""region_states"": 7, ""safe_region_states"": 3, ""scope"": ""checked discovered-state losing certificate; sampled local root closure evidence, not a unique whole-game causal explanation"", ""unsafe_region_states"": 4}",raw/series/rolling_n05_m04_k02_lazy/result.json,raw/series/rolling_n05_m04_k02_lazy/certificate.json,
38,rolling,v1,rolling_n05_m04_k03_lazy,"{""k"": 3, ""m"": 4, ""n"": 5}",inputs/rolling_n05_m04_k03.json,none,lazy,LOSS,LOSS,LOSS,PASS,3,1,7,7,7,,3,3,,0.018345375,0.00316575,0.011015083,PASS,NOT_APPLICABLE_LOSS,PASS,0.241378833015915,2,6609bcc14136961a71c443b8077488c23e6ce204951057a47c60762e5ecb69cb,ff1e6b176f004ea85f1e99690a90388a6a4d24f44cd8d8e636fcd9337dcf67d5,7851ea709a5462f2c16adda42b47b265104430f168ab4b3740ca7095115dd4e8,2026-09-29T16:42:01.277392+09:00,2026-09-29T16:42:01.519025+09:00,"The checked discovered-state losing certificate contains 3 states (2 unsafe) and 1/1 initial states; its stored root buckets retain every adversarial outcome and identify the outcomes in this certificate (local closure evidence, not a unique causal explanation).","{""initial_examples"": [{""enabled_action_buckets"": [{""action"": ""rho_1"", ""controllable"": true, ""outcomes"": 1, ""outcomes_in_certificate_region"": 1, ""unsafe_outcome_examples"": [{""pending"": [""rho_2""], ""physical"": [[""NEW"", ""booting""], [""NEW"", ""booting""], [""NEW"", ""booting""], [""OLD"", ""ready""], [""OLD"", ""ready""]], ""testers"": {""availability"": ""ERR_AVAILABILITY""}}], ""unsafe_outcomes"": 1, ""update"": true}, {""action"": ""rho_2"", ""controllable"": true, ""outcomes"": 1, ""outcomes_in_certificate_region"": 1, ""unsafe_outcome_examples"": [{""pending"": [""rho_1""], ""physical"": [[""OLD"", ""ready""], [""OLD"", ""ready""], [""OLD"", ""ready""], [""NEW"", ""booting""], [""NEW"", ""booting""]], ""testers"": {""availability"": ""ERR_AVAILABILITY""}}], ""unsafe_outcomes"": 1, ""update"": true}, {""action"": ""serve_1"", ""controllable"": true, ""outcomes"": 1, ""outcomes_in_certificate_region"": 1, ""unsafe_outcome_examples"": [], ""unsafe_outcomes"": 0, ""update"": false}, {""action"": ""serve_2"", ""controllable"": true, ""outcomes"": 1, ""outcomes_in_certificate_region"": 1, ""unsafe_outcome_examples"": [], ""unsafe_outcomes"": 0, ""update"": false}, {""action"": ""serve_3"", ""controllable"": true, ""outcomes"": 1, ""outcomes_in_certificate_region"": 1, ""unsafe_outcome_examples"": [], ""unsafe_outcomes"": 0, ""update"": false}, {""action"": ""serve_4"", ""controllable"": true, ""outcomes"": 1, ""outcomes_in_certificate_region"": 1, ""unsafe_outcome_examples"": [], ""unsafe_outcomes"": 0, ""update"": false}, {""action"": ""serve_5"", ""controllable"": true, ""outcomes"": 1, ""outcomes_in_certificate_region"": 1, ""unsafe_outcome_examples"": [], ""unsafe_outcomes"": 0, ""update"": false}], ""pending"": [""rho_1"", ""rho_2""], ""physical"": [[""OLD"", ""ready""], [""OLD"", ""ready""], [""OLD"", ""ready""], [""OLD"", ""ready""], [""OLD"", ""ready""]], ""safe"": true, ""testers"": {""availability"": ""q5""}}], ""initial_examples_limit"": 3, ""initial_states"": 1, ""losing_initial_states"": 1, ""region_states"": 3, ""safe_region_states"": 1, ""scope"": ""checked discovered-state losing certificate; sampled local root closure evidence, not a unique whole-game causal explanation"", ""unsafe_region_states"": 2}",raw/series/rolling_n05_m04_k03_lazy/result.json,raw/series/rolling_n05_m04_k03_lazy/certificate.json,
39,rolling,v1,rolling_n05_m04_k04_lazy,"{""k"": 4, ""m"": 4, ""n"": 5}",inputs/rolling_n05_m04_k04.json,none,lazy,LOSS,LOSS,LOSS,PASS,5,3,15,14,14,,5,5,,0.017389542,0.00370675,0.011182,PASS,NOT_APPLICABLE_LOSS,PASS,0.24184216698631644,2,d1ba20749819b1a26a3e335a711878da11c965c20e590534fa66e838de8201cc,ff1e6b176f004ea85f1e99690a90388a6a4d24f44cd8d8e636fcd9337dcf67d5,7851ea709a5462f2c16adda42b47b265104430f168ab4b3740ca7095115dd4e8,2026-09-29T16:42:01.930008+09:00,2026-09-29T16:42:02.172131+09:00,"The checked discovered-state losing certificate contains 5 states (2 unsafe) and 1/1 initial states; its stored root buckets retain every adversarial outcome and identify the outcomes in this certificate (local closure evidence, not a unique causal explanation).","{""initial_examples"": [{""enabled_action_buckets"": [{""action"": ""rho_1"", ""controllable"": true, ""outcomes"": 1, ""outcomes_in_certificate_region"": 1, ""unsafe_outcome_examples"": [{""pending"": [""rho_2""], ""physical"": [[""NEW"", ""booting""], [""NEW"", ""booting""], [""NEW"", ""booting""], [""NEW"", ""booting""], [""OLD"", ""ready""]], ""testers"": {""availability"": ""ERR_AVAILABILITY""}}], ""unsafe_outcomes"": 1, ""update"": true}, {""action"": ""rho_2"", ""controllable"": true, ""outcomes"": 1, ""outcomes_in_certificate_region"": 1, ""unsafe_outcome_examples"": [], ""unsafe_outcomes"": 0, ""update"": true}, {""action"": ""serve_1"", ""controllable"": true, ""outcomes"": 1, ""outcomes_in_certificate_region"": 1, ""unsafe_outcome_examples"": [], ""unsafe_outcomes"": 0, ""update"": false}, {""action"": ""serve_2"", ""controllable"": true, ""outcomes"": 1, ""outcomes_in_certificate_region"": 1, ""unsafe_outcome_examples"": [], ""unsafe_outcomes"": 0, ""update"": false}, {""action"": ""serve_3"", ""controllable"": true, ""outcomes"": 1, ""outcomes_in_certificate_region"": 1, ""unsafe_outcome_examples"": [], ""unsafe_outcomes"": 0, ""update"": false}, {""action"": ""serve_4"", ""controllable"": true, ""outcomes"": 1, ""outcomes_in_certificate_region"": 1, ""unsafe_outcome_examples"": [], ""unsafe_outcomes"": 0, ""update"": false}, {""action"": ""serve_5"", ""controllable"": true, ""outcomes"": 1, ""outcomes_in_certificate_region"": 1, ""unsafe_outcome_examples"": [], ""unsafe_outcomes"": 0, ""update"": false}], ""pending"": [""rho_1"", ""rho_2""], ""physical"": [[""OLD"", ""ready""], [""OLD"", ""ready""], [""OLD"", ""ready""], [""OLD"", ""ready""], [""OLD"", ""ready""]], ""safe"": true, ""testers"": {""availability"": ""q5""}}], ""initial_examples_limit"": 3, ""initial_states"": 1, ""losing_initial_states"": 1, ""region_states"": 5, ""safe_region_states"": 3, ""scope"": ""checked discovered-state losing certificate; sampled local root closure evidence, not a unique whole-game causal explanation"", ""unsafe_region_states"": 2}",raw/series/rolling_n05_m04_k04_lazy/result.json,raw/series/rolling_n05_m04_k04_lazy/certificate.json,
40,rolling,v1,rolling_n05_m04_k05_lazy,"{""k"": 5, ""m"": 4, ""n"": 5}",inputs/rolling_n05_m04_k05.json,none,lazy,LOSS,LOSS,LOSS,PASS,2,1,6,6,6,,2,2,,0.017525625,0.002432542,0.010610792,PASS,NOT_APPLICABLE_LOSS,PASS,0.236140749999322,2,50fb11785fabc9351a141c5e5eb8f1497bbdf65445a273a3c684db77ab441c5b,ff1e6b176f004ea85f1e99690a90388a6a4d24f44cd8d8e636fcd9337dcf67d5,7851ea709a5462f2c16adda42b47b265104430f168ab4b3740ca7095115dd4e8,2026-09-29T16:42:02.585687+09:00,2026-09-29T16:42:02.822176+09:00,"The checked discovered-state losing certificate contains 2 states (1 unsafe) and 1/1 initial states; its stored root buckets retain every adversarial outcome and identify the outcomes in this certificate (local closure evidence, not a unique causal explanation).","{""initial_examples"": [{""enabled_action_buckets"": [{""action"": ""ablation.merge.transfers"", ""controllable"": true, ""outcomes"": 1, ""outcomes_in_certificate_region"": 1, ""unsafe_outcome_examples"": [{""pending"": [], ""physical"": [[""NEW"", ""booting""], [""NEW"", ""booting""], [""NEW"", ""booting""], [""NEW"", ""booting""], [""NEW"", ""booting""]], ""testers"": {""availability"": ""ERR_AVAILABILITY""}}], ""unsafe_outcomes"": 1, ""update"": true}, {""action"": ""serve_1"", ""controllable"": true, ""outcomes"": 1, ""outcomes_in_certificate_region"": 1, ""unsafe_outcome_examples"": [], ""unsafe_outcomes"": 0, ""update"": false}, {""action"": ""serve_2"", ""controllable"": true, ""outcomes"": 1, ""outcomes_in_certificate_region"": 1, ""unsafe_outcome_examples"": [], ""unsafe_outcomes"": 0, ""update"": false}, {""action"": ""serve_3"", ""controllable"": true, ""outcomes"": 1, ""outcomes_in_certificate_region"": 1, ""unsafe_outcome_examples"": [], ""unsafe_outcomes"": 0, ""update"": false}, {""action"": ""serve_4"", ""controllable"": true, ""outcomes"": 1, ""outcomes_in_certificate_region"": 1, ""unsafe_outcome_examples"": [], ""unsafe_outcomes"": 0, ""update"": false}, {""action"": ""serve_5"", ""controllable"": true, ""outcomes"": 1, ""outcomes_in_certificate_region"": 1, ""unsafe_outcome_examples"": [], ""unsafe_outcomes"": 0, ""update"": false}], ""pending"": [""ablation.merge.transfers""], ""physical"": [[""OLD"", ""ready""], [""OLD"", ""ready""], [""OLD"", ""ready""], [""OLD"", ""ready""], [""OLD"", ""ready""]], ""safe"": true, ""testers"": {""availability"": ""q5""}}], ""initial_examples_limit"": 3, ""initial_states"": 1, ""losing_initial_states"": 1, ""region_states"": 2, ""safe_region_states"": 1, ""scope"": ""checked discovered-state losing certificate; sampled local root closure evidence, not a unique whole-game causal explanation"", ""unsafe_region_states"": 1}",raw/series/rolling_n05_m04_k05_lazy/result.json,raw/series/rolling_n05_m04_k05_lazy/certificate.json,
41,rolling,v1,rolling_n06_m01_k01_lazy,"{""k"": 1, ""m"": 1, ""n"": 6}",inputs/rolling_n06_m01_k01.json,none,lazy,WIN,WIN,WIN,PASS,13,12,42,12,12,12,,13,14,0.018946208,0.006497125,0.020993042,PASS,PASS,PASS,0.23678025003755465,0,76d9d49c553d2d7fcaa5c2f360823ca286a0dad138982d188cf14fc5e54f1df7,ff1e6b176f004ea85f1e99690a90388a6a4d24f44cd8d8e636fcd9337dcf67d5,7851ea709a5462f2c16adda42b47b265104430f168ab4b3740ca7095115dd4e8,2026-09-29T16:42:03.232766+09:00,2026-09-29T16:42:03.469824+09:00,Checked WIN certificate.,,raw/series/rolling_n06_m01_k01_lazy/result.json,raw/series/rolling_n06_m01_k01_lazy/certificate.json,
42,rolling,v1,rolling_n06_m01_k02_lazy,"{""k"": 2, ""m"": 1, ""n"": 6}",inputs/rolling_n06_m01_k02.json,none,lazy,WIN,WIN,WIN,PASS,13,12,45,15,15,9,,13,14,0.0201005,0.00642875,0.072506833,PASS,PASS,PASS,0.29017004201887175,0,ae8922be852323423f6b50732a43b96cd027b721f11b01562646b14a42d70745,ff1e6b176f004ea85f1e99690a90388a6a4d24f44cd8d8e636fcd9337dcf67d5,7851ea709a5462f2c16adda42b47b265104430f168ab4b3740ca7095115dd4e8,2026-09-29T16:42:03.906128+09:00,2026-09-29T16:42:04.196594+09:00,Checked WIN certificate.,,raw/series/rolling_n06_m01_k02_lazy/result.json,raw/series/rolling_n06_m01_k02_lazy/certificate.json,
43,rolling,v1,rolling_n06_m01_k03_lazy,"{""k"": 3, ""m"": 1, ""n"": 6}",inputs/rolling_n06_m01_k03.json,none,lazy,WIN,WIN,WIN,PASS,17,16,68,26,26,8,,17,18,0.022414,0.008477417,0.025514,PASS,PASS,PASS,0.23012258304515854,0,809902dddcec6127a21c82750aa6b969f76ea790f805755f3d1615a1c9b0eeba,ff1e6b176f004ea85f1e99690a90388a6a4d24f44cd8d8e636fcd9337dcf67d5,7851ea709a5462f2c16adda42b47b265104430f168ab4b3740ca7095115dd4e8,2026-09-29T16:42:04.652501+09:00,2026-09-29T16:42:04.882961+09:00,Checked WIN certificate.,,raw/series/rolling_n06_m01_k03_lazy/result.json,raw/series/rolling_n06_m01_k03_lazy/certificate.json,
44,rolling,v1,rolling_n06_m01_k04_lazy,"{""k"": 4, ""m"": 1, ""n"": 6}",inputs/rolling_n06_m01_k04.json,none,lazy,WIN,WIN,WIN,PASS,21,20,84,38,38,8,,21,22,0.020243,0.010478291,0.023193625,PASS,PASS,PASS,0.24164595804177225,0,30ac802d63438521d9d0e2f2816607efc2643d82a15960fe4607d62ef67797d1,ff1e6b176f004ea85f1e99690a90388a6a4d24f44cd8d8e636fcd9337dcf67d5,7851ea709a5462f2c16adda42b47b265104430f168ab4b3740ca7095115dd4e8,2026-09-29T16:42:05.453687+09:00,2026-09-29T16:42:05.695657+09:00,Checked WIN certificate.,,raw/series/rolling_n06_m01_k04_lazy/result.json,raw/series/rolling_n06_m01_k04_lazy/certificate.json,
45,rolling,v1,rolling_n06_m01_k05_lazy,"{""k"": 5, ""m"": 1, ""n"": 6}",inputs/rolling_n06_m01_k05.json,none,lazy,WIN,WIN,WIN,PASS,35,34,168,83,83,8,,35,36,0.021691,0.015184958,0.027604375,PASS,PASS,PASS,0.2948791669914499,0,93717a8094e269746c7f47d0bf48b878a2cc3af885c6ca7191ae0c501e179373,ff1e6b176f004ea85f1e99690a90388a6a4d24f44cd8d8e636fcd9337dcf67d5,7851ea709a5462f2c16adda42b47b265104430f168ab4b3740ca7095115dd4e8,2026-09-29T16:42:06.132876+09:00,2026-09-29T16:42:06.428075+09:00,Checked WIN certificate.,,raw/series/rolling_n06_m01_k05_lazy/result.json,raw/series/rolling_n06_m01_k05_lazy/certificate.json,
46,rolling,v1,rolling_n06_m01_k06_lazy,"{""k"": 6, ""m"": 1, ""n"": 6}",inputs/rolling_n06_m01_k06.json,none,lazy,LOSS,LOSS,LOSS,PASS,2,1,7,7,7,,2,2,,0.018718125,0.002810667,0.011343209,PASS,NOT_APPLICABLE_LOSS,PASS,0.2369768749922514,2,1d4b188c6f645de69690069f18f7c2a6585c8be424bc0ea2769e1f8128e8f376,ff1e6b176f004ea85f1e99690a90388a6a4d24f44cd8d8e636fcd9337dcf67d5,7851ea709a5462f2c16adda42b47b265104430f168ab4b3740ca7095115dd4e8,2026-09-29T16:42:06.861808+09:00,2026-09-29T16:42:07.099354+09:00,"The checked discovered-state losing certificate contains 2 states (1 unsafe) and 1/1 initial states; its stored root buckets retain every adversarial outcome and identify the outcomes in this certificate (local closure evidence, not a unique causal explanation).","{""initial_examples"": [{""enabled_action_buckets"": [{""action"": ""ablation.merge.transfers"", ""controllable"": true, ""outcomes"": 1, ""outcomes_in_certificate_region"": 1, ""unsafe_outcome_examples"": [{""pending"": [], ""physical"": [[""NEW"", ""booting""], [""NEW"", ""booting""], [""NEW"", ""booting""], [""NEW"", ""booting""], [""NEW"", ""booting""], [""NEW"", ""booting""]], ""testers"": {""availability"": ""ERR_AVAILABILITY""}}], ""unsafe_outcomes"": 1, ""update"": true}, {""action"": ""serve_1"", ""controllable"": true, ""outcomes"": 1, ""outcomes_in_certificate_region"": 1, ""unsafe_outcome_examples"": [], ""unsafe_outcomes"": 0, ""update"": false}, {""action"": ""serve_2"", ""controllable"": true, ""outcomes"": 1, ""outcomes_in_certificate_region"": 1, ""unsafe_outcome_examples"": [], ""unsafe_outcomes"": 0, ""update"": false}, {""action"": ""serve_3"", ""controllable"": true, ""outcomes"": 1, ""outcomes_in_certificate_region"": 1, ""unsafe_outcome_examples"": [], ""unsafe_outcomes"": 0, ""update"": false}, {""action"": ""serve_4"", ""controllable"": true, ""outcomes"": 1, ""outcomes_in_certificate_region"": 1, ""unsafe_outcome_examples"": [], ""unsafe_outcomes"": 0, ""update"": false}, {""action"": ""serve_5"", ""controllable"": true, ""outcomes"": 1, ""outcomes_in_certificate_region"": 1, ""unsafe_outcome_examples"": [], ""unsafe_outcomes"": 0, ""update"": false}, {""action"": ""serve_6"", ""controllable"": true, ""outcomes"": 1, ""outcomes_in_certificate_region"": 1, ""unsafe_outcome_examples"": [], ""unsafe_outcomes"": 0, ""update"": false}], ""pending"": [""ablation.merge.transfers""], ""physical"": [[""OLD"", ""ready""], [""OLD"", ""ready""], [""OLD"", ""ready""], [""OLD"", ""ready""], [""OLD"", ""ready""], [""OLD"", ""ready""]], ""safe"": true, ""testers"": {""availability"": ""q6""}}], ""initial_examples_limit"": 3, ""initial_states"": 1, ""losing_initial_states"": 1, ""region_states"": 2, ""safe_region_states"": 1, ""scope"": ""checked discovered-state losing certificate; sampled local root closure evidence, not a unique whole-game causal explanation"", ""unsafe_region_states"": 1}",raw/series/rolling_n06_m01_k06_lazy/result.json,raw/series/rolling_n06_m01_k06_lazy/certificate.json,
47,rolling,v1,rolling_n06_m02_k01_lazy,"{""k"": 1, ""m"": 2, ""n"": 6}",inputs/rolling_n06_m02_k01.json,none,lazy,WIN,WIN,WIN,PASS,13,12,42,12,12,12,,13,14,0.018846667,0.005718917,0.020289375,PASS,PASS,PASS,0.2312574590323493,0,f0e3f9ebcd19461a807b288ed74d7ba5d958b1dd9e24d2775bb5aafe7b01d078,ff1e6b176f004ea85f1e99690a90388a6a4d24f44cd8d8e636fcd9337dcf67d5,7851ea709a5462f2c16adda42b47b265104430f168ab4b3740ca7095115dd4e8,2026-09-29T16:42:07.531110+09:00,2026-09-29T16:42:07.762657+09:00,Checked WIN certificate.,,raw/series/rolling_n06_m02_k01_lazy/result.json,raw/series/rolling_n06_m02_k01_lazy/certificate.json,
48,rolling,v1,rolling_n06_m02_k02_lazy,"{""k"": 2, ""m"": 2, ""n"": 6}",inputs/rolling_n06_m02_k02.json,none,lazy,WIN,WIN,WIN,PASS,13,12,45,15,15,9,,13,14,0.0182165,0.00595925,0.018547292,PASS,PASS,PASS,0.2400917080231011,0,55d4a4b1c5a99c7f19047d5463a49ca499428ed7fc13e041a8e8988838967fd7,ff1e6b176f004ea85f1e99690a90388a6a4d24f44cd8d8e636fcd9337dcf67d5,7851ea709a5462f2c16adda42b47b265104430f168ab4b3740ca7095115dd4e8,2026-09-29T16:42:08.188333+09:00,2026-09-29T16:42:08.428707+09:00,Checked WIN certificate.,,raw/series/rolling_n06_m02_k02_lazy/result.json,raw/series/rolling_n06_m02_k02_lazy/certificate.json,
49,rolling,v1,rolling_n06_m02_k03_lazy,"{""k"": 3, ""m"": 2, ""n"": 6}",inputs/rolling_n06_m02_k03.json,none,lazy,WIN,WIN,WIN,PASS,17,16,68,26,26,8,,17,18,0.018531875,0.007143458,0.018087583,PASS,PASS,PASS,0.2381422920152545,0,960519c119971e36f266266bf23080d160624268eb5d990ac4ec9930060b1942,ff1e6b176f004ea85f1e99690a90388a6a4d24f44cd8d8e636fcd9337dcf67d5,7851ea709a5462f2c16adda42b47b265104430f168ab4b3740ca7095115dd4e8,2026-09-29T16:42:08.851762+09:00,2026-09-29T16:42:09.090316+09:00,Checked WIN certificate.,,raw/series/rolling_n06_m02_k03_lazy/result.json,raw/series/rolling_n06_m02_k03_lazy/certificate.json,
50,rolling,v1,rolling_n06_m02_k04_lazy,"{""k"": 4, ""m"": 2, ""n"": 6}",inputs/rolling_n06_m02_k04.json,none,lazy,WIN,WIN,WIN,PASS,21,20,84,38,38,8,,21,22,0.01815375,0.008903667,0.020180833,PASS,PASS,PASS,0.242246542009525,0,79c68763d0d7720ff16d38fcf7aca0f2c8847002ea028f135b13dfe8beb70b1b,ff1e6b176f004ea85f1e99690a90388a6a4d24f44cd8d8e636fcd9337dcf67d5,7851ea709a5462f2c16adda42b47b265104430f168ab4b3740ca7095115dd4e8,2026-09-29T16:42:09.509214+09:00,2026-09-29T16:42:09.751749+09:00,Checked WIN certificate.,,raw/series/rolling_n06_m02_k04_lazy/result.json,raw/series/rolling_n06_m02_k04_lazy/certificate.json,
51,rolling,v1,rolling_n06_m02_k05_lazy,"{""k"": 5, ""m"": 2, ""n"": 6}",inputs/rolling_n06_m02_k05.json,none,lazy,LOSS,LOSS,LOSS,PASS,5,3,17,16,16,,5,5,,0.018323334,0.003456584,0.011593417,PASS,NOT_APPLICABLE_LOSS,PASS,0.23733954195631668,2,97994bb2cd30b4b32bf93c8cdd15a88b60a2862220239f0671c348edd86e6761,ff1e6b176f004ea85f1e99690a90388a6a4d24f44cd8d8e636fcd9337dcf67d5,7851ea709a5462f2c16adda42b47b265104430f168ab4b3740ca7095115dd4e8,2026-09-29T16:42:10.169276+09:00,2026-09-29T16:42:10.406981+09:00,"The checked discovered-state losing certificate contains 5 states (2 unsafe) and 1/1 initial states; its stored root buckets retain every adversarial outcome and identify the outcomes in this certificate (local closure evidence, not a unique causal explanation).","{""initial_examples"": [{""enabled_action_buckets"": [{""action"": ""rho_1"", ""controllable"": true, ""outcomes"": 1, ""outcomes_in_certificate_region"": 1, ""unsafe_outcome_examples"": [{""pending"": [""rho_2""], ""physical"": [[""NEW"", ""booting""], [""NEW"", ""booting""], [""NEW"", ""booting""], [""NEW"", ""booting""], [""NEW"", ""booting""], [""OLD"", ""ready""]], ""testers"": {""availability"": ""ERR_AVAILABILITY""}}], ""unsafe_outcomes"": 1, ""update"": true}, {""action"": ""rho_2"", ""controllable"": true, ""outcomes"": 1, ""outcomes_in_certificate_region"": 1, ""unsafe_outcome_examples"": [], ""unsafe_outcomes"": 0, ""update"": true}, {""action"": ""serve_1"", ""controllable"": true, ""outcomes"": 1, ""outcomes_in_certificate_region"": 1, ""unsafe_outcome_examples"": [], ""unsafe_outcomes"": 0, ""update"": false}, {""action"": ""serve_2"", ""controllable"": true, ""outcomes"": 1, ""outcomes_in_certificate_region"": 1, ""unsafe_outcome_examples"": [], ""unsafe_outcomes"": 0, ""update"": false}, {""action"": ""serve_3"", ""controllable"": true, ""outcomes"": 1, ""outcomes_in_certificate_region"": 1, ""unsafe_outcome_examples"": [], ""unsafe_outcomes"": 0, ""update"": false}, {""action"": ""serve_4"", ""controllable"": true, ""outcomes"": 1, ""outcomes_in_certificate_region"": 1, ""unsafe_outcome_examples"": [], ""unsafe_outcomes"": 0, ""update"": false}, {""action"": ""serve_5"", ""controllable"": true, ""outcomes"": 1, ""outcomes_in_certificate_region"": 1, ""unsafe_outcome_examples"": [], ""unsafe_outcomes"": 0, ""update"": false}, {""action"": ""serve_6"", ""controllable"": true, ""outcomes"": 1, ""outcomes_in_certificate_region"": 1, ""unsafe_outcome_examples"": [], ""unsafe_outcomes"": 0, ""update"": false}], ""pending"": [""rho_1"", ""rho_2""], ""physical"": [[""OLD"", ""ready""], [""OLD"", ""ready""], [""OLD"", ""ready""], [""OLD"", ""ready""], [""OLD"", ""ready""], [""OLD"", ""ready""]], ""safe"": true, ""testers"": {""availability"": ""q6""}}], ""initial_examples_limit"": 3, ""initial_states"": 1, ""losing_initial_states"": 1, ""region_states"": 5, ""safe_region_states"": 3, ""scope"": ""checked discovered-state losing certificate; sampled local root closure evidence, not a unique whole-game causal explanation"", ""unsafe_region_states"": 2}",raw/series/rolling_n06_m02_k05_lazy/result.json,raw/series/rolling_n06_m02_k05_lazy/certificate.json,
52,rolling,v1,rolling_n06_m02_k06_lazy,"{""k"": 6, ""m"": 2, ""n"": 6}",inputs/rolling_n06_m02_k06.json,none,lazy,LOSS,LOSS,LOSS,PASS,2,1,7,7,7,,2,2,,0.018028416,0.002591958,0.010841625,PASS,NOT_APPLICABLE_LOSS,PASS,0.18722241598879918,2,eafce288ee4bd3689527e660875bbca552be0d1207613c2b26a14221c76c32d4,ff1e6b176f004ea85f1e99690a90388a6a4d24f44cd8d8e636fcd9337dcf67d5,7851ea709a5462f2c16adda42b47b265104430f168ab4b3740ca7095115dd4e8,2026-09-29T16:42:10.826198+09:00,2026-09-29T16:42:11.013708+09:00,"The checked discovered-state losing certificate contains 2 states (1 unsafe) and 1/1 initial states; its stored root buckets retain every adversarial outcome and identify the outcomes in this certificate (local closure evidence, not a unique causal explanation).","{""initial_examples"": [{""enabled_action_buckets"": [{""action"": ""ablation.merge.transfers"", ""controllable"": true, ""outcomes"": 1, ""outcomes_in_certificate_region"": 1, ""unsafe_outcome_examples"": [{""pending"": [], ""physical"": [[""NEW"", ""booting""], [""NEW"", ""booting""], [""NEW"", ""booting""], [""NEW"", ""booting""], [""NEW"", ""booting""], [""NEW"", ""booting""]], ""testers"": {""availability"": ""ERR_AVAILABILITY""}}], ""unsafe_outcomes"": 1, ""update"": true}, {""action"": ""serve_1"", ""controllable"": true, ""outcomes"": 1, ""outcomes_in_certificate_region"": 1, ""unsafe_outcome_examples"": [], ""unsafe_outcomes"": 0, ""update"": false}, {""action"": ""serve_2"", ""controllable"": true, ""outcomes"": 1, ""outcomes_in_certificate_region"": 1, ""unsafe_outcome_examples"": [], ""unsafe_outcomes"": 0, ""update"": false}, {""action"": ""serve_3"", ""controllable"": true, ""outcomes"": 1, ""outcomes_in_certificate_region"": 1, ""unsafe_outcome_examples"": [], ""unsafe_outcomes"": 0, ""update"": false}, {""action"": ""serve_4"", ""controllable"": true, ""outcomes"": 1, ""outcomes_in_certificate_region"": 1, ""unsafe_outcome_examples"": [], ""unsafe_outcomes"": 0, ""update"": false}, {""action"": ""serve_5"", ""controllable"": true, ""outcomes"": 1, ""outcomes_in_certificate_region"": 1, ""unsafe_outcome_examples"": [], ""unsafe_outcomes"": 0, ""update"": false}, {""action"": ""serve_6"", ""controllable"": true, ""outcomes"": 1, ""outcomes_in_certificate_region"": 1, ""unsafe_outcome_examples"": [], ""unsafe_outcomes"": 0, ""update"": false}], ""pending"": [""ablation.merge.transfers""], ""physical"": [[""OLD"", ""ready""], [""OLD"", ""ready""], [""OLD"", ""ready""], [""OLD"", ""ready""], [""OLD"", ""ready""], [""OLD"", ""ready""]], ""safe"": true, ""testers"": {""availability"": ""q6""}}], ""initial_examples_limit"": 3, ""initial_states"": 1, ""losing_initial_states"": 1, ""region_states"": 2, ""safe_region_states"": 1, ""scope"": ""checked discovered-state losing certificate; sampled local root closure evidence, not a unique whole-game causal explanation"", ""unsafe_region_states"": 1}",raw/series/rolling_n06_m02_k06_lazy/result.json,raw/series/rolling_n06_m02_k06_lazy/certificate.json,
53,rolling,v1,rolling_n06_m03_k01_lazy,"{""k"": 1, ""m"": 3, ""n"": 6}",inputs/rolling_n06_m03_k01.json,none,lazy,WIN,WIN,WIN,PASS,13,12,42,12,12,12,,13,14,0.018086084,0.00640775,0.01826825,PASS,PASS,PASS,0.23897858400596306,0,06c1eacf3946723fa8eb324596036cac81e324280c4b27168c545ceb94b428b9,ff1e6b176f004ea85f1e99690a90388a6a4d24f44cd8d8e636fcd9337dcf67d5,7851ea709a5462f2c16adda42b47b265104430f168ab4b3740ca7095115dd4e8,2026-09-29T16:42:11.430254+09:00,2026-09-29T16:42:11.669519+09:00,Checked WIN certificate.,,raw/series/rolling_n06_m03_k01_lazy/result.json,raw/series/rolling_n06_m03_k01_lazy/certificate.json,
54,rolling,v1,rolling_n06_m03_k02_lazy,"{""k"": 2, ""m"": 3, ""n"": 6}",inputs/rolling_n06_m03_k02.json,none,lazy,WIN,WIN,WIN,PASS,13,12,45,15,15,9,,13,14,0.0182415,0.006475166,0.01774,PASS,PASS,PASS,0.23829100001603365,0,1651179b6ec93c107d810d1482b08e10fb5637bcee4f982937a2d9344a2911f6,ff1e6b176f004ea85f1e99690a90388a6a4d24f44cd8d8e636fcd9337dcf67d5,7851ea709a5462f2c16adda42b47b265104430f168ab4b3740ca7095115dd4e8,2026-09-29T16:42:12.091673+09:00,2026-09-29T16:42:12.330256+09:00,Checked WIN certificate.,,raw/series/rolling_n06_m03_k02_lazy/result.json,raw/series/rolling_n06_m03_k02_lazy/certificate.json,
55,rolling,v1,rolling_n06_m03_k03_lazy,"{""k"": 3, ""m"": 3, ""n"": 6}",inputs/rolling_n06_m03_k03.json,none,lazy,WIN,WIN,WIN,PASS,17,16,68,26,26,8,,17,18,0.0194575,0.007066625,0.020510584,PASS,PASS,PASS,0.23537587496684864,0,a46c18dbd174976bfa6165e10ba4f6cad6cf49f63a291617f8945d8123aadbcb,ff1e6b176f004ea85f1e99690a90388a6a4d24f44cd8d8e636fcd9337dcf67d5,7851ea709a5462f2c16adda42b47b265104430f168ab4b3740ca7095115dd4e8,2026-09-29T16:42:12.753006+09:00,2026-09-29T16:42:12.988682+09:00,Checked WIN certificate.,,raw/series/rolling_n06_m03_k03_lazy/result.json,raw/series/rolling_n06_m03_k03_lazy/certificate.json,
56,rolling,v1,rolling_n06_m03_k04_lazy,"{""k"": 4, ""m"": 3, ""n"": 6}",inputs/rolling_n06_m03_k04.json,none,lazy,LOSS,LOSS,LOSS,PASS,7,5,23,19,19,,7,7,,0.018503583,0.004318959,0.012002375,PASS,NOT_APPLICABLE_LOSS,PASS,0.2388785840012133,2,42b30accab10b95e4085ce34019ca5d7865500b270777e94b0e490f634c7507c,ff1e6b176f004ea85f1e99690a90388a6a4d24f44cd8d8e636fcd9337dcf67d5,7851ea709a5462f2c16adda42b47b265104430f168ab4b3740ca7095115dd4e8,2026-09-29T16:42:13.411400+09:00,2026-09-29T16:42:13.650536+09:00,"The checked discovered-state losing certificate contains 7 states (2 unsafe) and 1/1 initial states; its stored root buckets retain every adversarial outcome and identify the outcomes in this certificate (local closure evidence, not a unique causal explanation).","{""initial_examples"": [{""enabled_action_buckets"": [{""action"": ""rho_1"", ""controllable"": true, ""outcomes"": 1, ""outcomes_in_certificate_region"": 1, ""unsafe_outcome_examples"": [{""pending"": [""rho_2""], ""physical"": [[""NEW"", ""booting""], [""NEW"", ""booting""], [""NEW"", ""booting""], [""NEW"", ""booting""], [""OLD"", ""ready""], [""OLD"", ""ready""]], ""testers"": {""availability"": ""ERR_AVAILABILITY""}}], ""unsafe_outcomes"": 1, ""update"": true}, {""action"": ""rho_2"", ""controllable"": true, ""outcomes"": 1, ""outcomes_in_certificate_region"": 1, ""unsafe_outcome_examples"": [], ""unsafe_outcomes"": 0, ""update"": true}, {""action"": ""serve_1"", ""controllable"": true, ""outcomes"": 1, ""outcomes_in_certificate_region"": 1, ""unsafe_outcome_examples"": [], ""unsafe_outcomes"": 0, ""update"": false}, {""action"": ""serve_2"", ""controllable"": true, ""outcomes"": 1, ""outcomes_in_certificate_region"": 1, ""unsafe_outcome_examples"": [], ""unsafe_outcomes"": 0, ""update"": false}, {""action"": ""serve_3"", ""controllable"": true, ""outcomes"": 1, ""outcomes_in_certificate_region"": 1, ""unsafe_outcome_examples"": [], ""unsafe_outcomes"": 0, ""update"": false}, {""action"": ""serve_4"", ""controllable"": true, ""outcomes"": 1, ""outcomes_in_certificate_region"": 1, ""unsafe_outcome_examples"": [], ""unsafe_outcomes"": 0, ""update"": false}, {""action"": ""serve_5"", ""controllable"": true, ""outcomes"": 1, ""outcomes_in_certificate_region"": 1, ""unsafe_outcome_examples"": [], ""unsafe_outcomes"": 0, ""update"": false}, {""action"": ""serve_6"", ""controllable"": true, ""outcomes"": 1, ""outcomes_in_certificate_region"": 1, ""unsafe_outcome_examples"": [], ""unsafe_outcomes"": 0, ""update"": false}], ""pending"": [""rho_1"", ""rho_2""], ""physical"": [[""OLD"", ""ready""], [""OLD"", ""ready""], [""OLD"", ""ready""], [""OLD"", ""ready""], [""OLD"", ""ready""], [""OLD"", ""ready""]], ""safe"": true, ""testers"": {""availability"": ""q6""}}], ""initial_examples_limit"": 3, ""initial_states"": 1, ""losing_initial_states"": 1, ""region_states"": 7, ""safe_region_states"": 5, ""scope"": ""checked discovered-state losing certificate; sampled local root closure evidence, not a unique whole-game causal explanation"", ""unsafe_region_states"": 2}",raw/series/rolling_n06_m03_k04_lazy/result.json,raw/series/rolling_n06_m03_k04_lazy/certificate.json,
57,rolling,v1,rolling_n06_m03_k05_lazy,"{""k"": 5, ""m"": 3, ""n"": 6}",inputs/rolling_n06_m03_k05.json,none,lazy,LOSS,LOSS,LOSS,PASS,5,3,17,16,16,,5,5,,0.017688833,0.00338675,0.011447458,PASS,NOT_APPLICABLE_LOSS,PASS,0.23865233303513378,2,0c78ddfad42b342798b5a85b0e7e30f9df03dd2eb44e16ed67f0ff549e0e3068,ff1e6b176f004ea85f1e99690a90388a6a4d24f44cd8d8e636fcd9337dcf67d5,7851ea709a5462f2c16adda42b47b265104430f168ab4b3740ca7095115dd4e8,2026-09-29T16:42:14.073089+09:00,2026-09-29T16:42:14.312013+09:00,"The checked discovered-state losing certificate contains 5 states (2 unsafe) and 1/1 initial states; its stored root buckets retain every adversarial outcome and identify the outcomes in this certificate (local closure evidence, not a unique causal explanation).","{""initial_examples"": [{""enabled_action_buckets"": [{""action"": ""rho_1"", ""controllable"": true, ""outcomes"": 1, ""outcomes_in_certificate_region"": 1, ""unsafe_outcome_examples"": [{""pending"": [""rho_2""], ""physical"": [[""NEW"", ""booting""], [""NEW"", ""booting""], [""NEW"", ""booting""], [""NEW"", ""booting""], [""NEW"", ""booting""], [""OLD"", ""ready""]], ""testers"": {""availability"": ""ERR_AVAILABILITY""}}], ""unsafe_outcomes"": 1, ""update"": true}, {""action"": ""rho_2"", ""controllable"": true, ""outcomes"": 1, ""outcomes_in_certificate_region"": 1, ""unsafe_outcome_examples"": [], ""unsafe_outcomes"": 0, ""update"": true}, {""action"": ""serve_1"", ""controllable"": true, ""outcomes"": 1, ""outcomes_in_certificate_region"": 1, ""unsafe_outcome_examples"": [], ""unsafe_outcomes"": 0, ""update"": false}, {""action"": ""serve_2"", ""controllable"": true, ""outcomes"": 1, ""outcomes_in_certificate_region"": 1, ""unsafe_outcome_examples"": [], ""unsafe_outcomes"": 0, ""update"": false}, {""action"": ""serve_3"", ""controllable"": true, ""outcomes"": 1, ""outcomes_in_certificate_region"": 1, ""unsafe_outcome_examples"": [], ""unsafe_outcomes"": 0, ""update"": false}, {""action"": ""serve_4"", ""controllable"": true, ""outcomes"": 1, ""outcomes_in_certificate_region"": 1, ""unsafe_outcome_examples"": [], ""unsafe_outcomes"": 0, ""update"": false}, {""action"": ""serve_5"", ""controllable"": true, ""outcomes"": 1, ""outcomes_in_certificate_region"": 1, ""unsafe_outcome_examples"": [], ""unsafe_outcomes"": 0, ""update"": false}, {""action"": ""serve_6"", ""controllable"": true, ""outcomes"": 1, ""outcomes_in_certificate_region"": 1, ""unsafe_outcome_examples"": [], ""unsafe_outcomes"": 0, ""update"": false}], ""pending"": [""rho_1"", ""rho_2""], ""physical"": [[""OLD"", ""ready""], [""OLD"", ""ready""], [""OLD"", ""ready""], [""OLD"", ""ready""], [""OLD"", ""ready""], [""OLD"", ""ready""]], ""safe"": true, ""testers"": {""availability"": ""q6""}}], ""initial_examples_limit"": 3, ""initial_states"": 1, ""losing_initial_states"": 1, ""region_states"": 5, ""safe_region_states"": 3, ""scope"": ""checked discovered-state losing certificate; sampled local root closure evidence, not a unique whole-game causal explanation"", ""unsafe_region_states"": 2}",raw/series/rolling_n06_m03_k05_lazy/result.json,raw/series/rolling_n06_m03_k05_lazy/certificate.json,
58,rolling,v1,rolling_n06_m03_k06_lazy,"{""k"": 6, ""m"": 3, ""n"": 6}",inputs/rolling_n06_m03_k06.json,none,lazy,LOSS,LOSS,LOSS,PASS,2,1,7,7,7,,2,2,,0.017860292,0.002518042,0.010543625,PASS,NOT_APPLICABLE_LOSS,PASS,0.18433329096296802,2,163a191b217d0bd57e23bd9f57b55864e3d4b399abde45445d4521bdb3a5d767,ff1e6b176f004ea85f1e99690a90388a6a4d24f44cd8d8e636fcd9337dcf67d5,7851ea709a5462f2c16adda42b47b265104430f168ab4b3740ca7095115dd4e8,2026-09-29T16:42:14.733020+09:00,2026-09-29T16:42:14.917645+09:00,"The checked discovered-state losing certificate contains 2 states (1 unsafe) and 1/1 initial states; its stored root buckets retain every adversarial outcome and identify the outcomes in this certificate (local closure evidence, not a unique causal explanation).","{""initial_examples"": [{""enabled_action_buckets"": [{""action"": ""ablation.merge.transfers"", ""controllable"": true, ""outcomes"": 1, ""outcomes_in_certificate_region"": 1, ""unsafe_outcome_examples"": [{""pending"": [], ""physical"": [[""NEW"", ""booting""], [""NEW"", ""booting""], [""NEW"", ""booting""], [""NEW"", ""booting""], [""NEW"", ""booting""], [""NEW"", ""booting""]], ""testers"": {""availability"": ""ERR_AVAILABILITY""}}], ""unsafe_outcomes"": 1, ""update"": true}, {""action"": ""serve_1"", ""controllable"": true, ""outcomes"": 1, ""outcomes_in_certificate_region"": 1, ""unsafe_outcome_examples"": [], ""unsafe_outcomes"": 0, ""update"": false}, {""action"": ""serve_2"", ""controllable"": true, ""outcomes"": 1, ""outcomes_in_certificate_region"": 1, ""unsafe_outcome_examples"": [], ""unsafe_outcomes"": 0, ""update"": false}, {""action"": ""serve_3"", ""controllable"": true, ""outcomes"": 1, ""outcomes_in_certificate_region"": 1, ""unsafe_outcome_examples"": [], ""unsafe_outcomes"": 0, ""update"": false}, {""action"": ""serve_4"", ""controllable"": true, ""outcomes"": 1, ""outcomes_in_certificate_region"": 1, ""unsafe_outcome_examples"": [], ""unsafe_outcomes"": 0, ""update"": false}, {""action"": ""serve_5"", ""controllable"": true, ""outcomes"": 1, ""outcomes_in_certificate_region"": 1, ""unsafe_outcome_examples"": [], ""unsafe_outcomes"": 0, ""update"": false}, {""action"": ""serve_6"", ""controllable"": true, ""outcomes"": 1, ""outcomes_in_certificate_region"": 1, ""unsafe_outcome_examples"": [], ""unsafe_outcomes"": 0, ""update"": false}], ""pending"": [""ablation.merge.transfers""], ""physical"": [[""OLD"", ""ready""], [""OLD"", ""ready""], [""OLD"", ""ready""], [""OLD"", ""ready""], [""OLD"", ""ready""], [""OLD"", ""ready""]], ""safe"": true, ""testers"": {""availability"": ""q6""}}], ""initial_examples_limit"": 3, ""initial_states"": 1, ""losing_initial_states"": 1, ""region_states"": 2, ""safe_region_states"": 1, ""scope"": ""checked discovered-state losing certificate; sampled local root closure evidence, not a unique whole-game causal explanation"", ""unsafe_region_states"": 1}",raw/series/rolling_n06_m03_k06_lazy/result.json,raw/series/rolling_n06_m03_k06_lazy/certificate.json,
59,rolling,v1,rolling_n06_m04_k01_lazy,"{""k"": 1, ""m"": 4, ""n"": 6}",inputs/rolling_n06_m04_k01.json,none,lazy,WIN,WIN,WIN,PASS,13,12,42,12,12,12,,13,14,0.017889875,0.005790708,0.019630375,PASS,PASS,PASS,0.2375724579906091,0,241bf79177223b7c639bb966e14660a63f58c260bf0ff2d2b8dc11bec323ff5e,ff1e6b176f004ea85f1e99690a90388a6a4d24f44cd8d8e636fcd9337dcf67d5,7851ea709a5462f2c16adda42b47b265104430f168ab4b3740ca7095115dd4e8,2026-09-29T16:42:15.335618+09:00,2026-09-29T16:42:15.573570+09:00,Checked WIN certificate.,,raw/series/rolling_n06_m04_k01_lazy/result.json,raw/series/rolling_n06_m04_k01_lazy/certificate.json,
60,rolling,v1,rolling_n06_m04_k02_lazy,"{""k"": 2, ""m"": 4, ""n"": 6}",inputs/rolling_n06_m04_k02.json,none,lazy,WIN,WIN,WIN,PASS,13,12,45,15,15,9,,13,14,0.018046541,0.00592575,0.017808958,PASS,PASS,PASS,0.2385302500333637,0,99faacb01ad28ca4c0ebabb6fb416267f8108487893b689ec7d4409dca0dc553,ff1e6b176f004ea85f1e99690a90388a6a4d24f44cd8d8e636fcd9337dcf67d5,7851ea709a5462f2c16adda42b47b265104430f168ab4b3740ca7095115dd4e8,2026-09-29T16:42:15.998228+09:00,2026-09-29T16:42:16.237091+09:00,Checked WIN certificate.,,raw/series/rolling_n06_m04_k02_lazy/result.json,raw/series/rolling_n06_m04_k02_lazy/certificate.json,
61,rolling,v1,rolling_n06_m04_k03_lazy,"{""k"": 3, ""m"": 4, ""n"": 6}",inputs/rolling_n06_m04_k03.json,none,lazy,LOSS,LOSS,LOSS,PASS,3,1,8,8,8,,3,3,,0.0180935,0.003011792,0.010920708,PASS,NOT_APPLICABLE_LOSS,PASS,0.23741250002058223,2,79f54b4e7dd57458291691fe41d554c6b7bdc36e062da01c19cf10f219964fe3,ff1e6b176f004ea85f1e99690a90388a6a4d24f44cd8d8e636fcd9337dcf67d5,7851ea709a5462f2c16adda42b47b265104430f168ab4b3740ca7095115dd4e8,2026-09-29T16:42:16.661565+09:00,2026-09-29T16:42:16.899260+09:00,"The checked discovered-state losing certificate contains 3 states (2 unsafe) and 1/1 initial states; its stored root buckets retain every adversarial outcome and identify the outcomes in this certificate (local closure evidence, not a unique causal explanation).","{""initial_examples"": [{""enabled_action_buckets"": [{""action"": ""rho_1"", ""controllable"": true, ""outcomes"": 1, ""outcomes_in_certificate_region"": 1, ""unsafe_outcome_examples"": [{""pending"": [""rho_2""], ""physical"": [[""NEW"", ""booting""], [""NEW"", ""booting""], [""NEW"", ""booting""], [""OLD"", ""ready""], [""OLD"", ""ready""], [""OLD"", ""ready""]], ""testers"": {""availability"": ""ERR_AVAILABILITY""}}], ""unsafe_outcomes"": 1, ""update"": true}, {""action"": ""rho_2"", ""controllable"": true, ""outcomes"": 1, ""outcomes_in_certificate_region"": 1, ""unsafe_outcome_examples"": [{""pending"": [""rho_1""], ""physical"": [[""OLD"", ""ready""], [""OLD"", ""ready""], [""OLD"", ""ready""], [""NEW"", ""booting""], [""NEW"", ""booting""], [""NEW"", ""booting""]], ""testers"": {""availability"": ""ERR_AVAILABILITY""}}], ""unsafe_outcomes"": 1, ""update"": true}, {""action"": ""serve_1"", ""controllable"": true, ""outcomes"": 1, ""outcomes_in_certificate_region"": 1, ""unsafe_outcome_examples"": [], ""unsafe_outcomes"": 0, ""update"": false}, {""action"": ""serve_2"", ""controllable"": true, ""outcomes"": 1, ""outcomes_in_certificate_region"": 1, ""unsafe_outcome_examples"": [], ""unsafe_outcomes"": 0, ""update"": false}, {""action"": ""serve_3"", ""controllable"": true, ""outcomes"": 1, ""outcomes_in_certificate_region"": 1, ""unsafe_outcome_examples"": [], ""unsafe_outcomes"": 0, ""update"": false}, {""action"": ""serve_4"", ""controllable"": true, ""outcomes"": 1, ""outcomes_in_certificate_region"": 1, ""unsafe_outcome_examples"": [], ""unsafe_outcomes"": 0, ""update"": false}, {""action"": ""serve_5"", ""controllable"": true, ""outcomes"": 1, ""outcomes_in_certificate_region"": 1, ""unsafe_outcome_examples"": [], ""unsafe_outcomes"": 0, ""update"": false}, {""action"": ""serve_6"", ""controllable"": true, ""outcomes"": 1, ""outcomes_in_certificate_region"": 1, ""unsafe_outcome_examples"": [], ""unsafe_outcomes"": 0, ""update"": false}], ""pending"": [""rho_1"", ""rho_2""], ""physical"": [[""OLD"", ""ready""], [""OLD"", ""ready""], [""OLD"", ""ready""], [""OLD"", ""ready""], [""OLD"", ""ready""], [""OLD"", ""ready""]], ""safe"": true, ""testers"": {""availability"": ""q6""}}], ""initial_examples_limit"": 3, ""initial_states"": 1, ""losing_initial_states"": 1, ""region_states"": 3, ""safe_region_states"": 1, ""scope"": ""checked discovered-state losing certificate; sampled local root closure evidence, not a unique whole-game causal explanation"", ""unsafe_region_states"": 2}",raw/series/rolling_n06_m04_k03_lazy/result.json,raw/series/rolling_n06_m04_k03_lazy/certificate.json,
62,rolling,v1,rolling_n06_m04_k04_lazy,"{""k"": 4, ""m"": 4, ""n"": 6}",inputs/rolling_n06_m04_k04.json,none,lazy,LOSS,LOSS,LOSS,PASS,7,5,23,19,19,,7,7,,0.01796025,0.004301208,0.012454958,PASS,NOT_APPLICABLE_LOSS,PASS,0.23605662502814084,2,d7910311de5f826fb4eb9adeb69227847c57ee9dc1d36d6426164a52f04fba8c,ff1e6b176f004ea85f1e99690a90388a6a4d24f44cd8d8e636fcd9337dcf67d5,7851ea709a5462f2c16adda42b47b265104430f168ab4b3740ca7095115dd4e8,2026-09-29T16:42:17.325648+09:00,2026-09-29T16:42:17.561952+09:00,"The checked discovered-state losing certificate contains 7 states (2 unsafe) and 1/1 initial states; its stored root buckets retain every adversarial outcome and identify the outcomes in this certificate (local closure evidence, not a unique causal explanation).","{""initial_examples"": [{""enabled_action_buckets"": [{""action"": ""rho_1"", ""controllable"": true, ""outcomes"": 1, ""outcomes_in_certificate_region"": 1, ""unsafe_outcome_examples"": [{""pending"": [""rho_2""], ""physical"": [[""NEW"", ""booting""], [""NEW"", ""booting""], [""NEW"", ""booting""], [""NEW"", ""booting""], [""OLD"", ""ready""], [""OLD"", ""ready""]], ""testers"": {""availability"": ""ERR_AVAILABILITY""}}], ""unsafe_outcomes"": 1, ""update"": true}, {""action"": ""rho_2"", ""controllable"": true, ""outcomes"": 1, ""outcomes_in_certificate_region"": 1, ""unsafe_outcome_examples"": [], ""unsafe_outcomes"": 0, ""update"": true}, {""action"": ""serve_1"", ""controllable"": true, ""outcomes"": 1, ""outcomes_in_certificate_region"": 1, ""unsafe_outcome_examples"": [], ""unsafe_outcomes"": 0, ""update"": false}, {""action"": ""serve_2"", ""controllable"": true, ""outcomes"": 1, ""outcomes_in_certificate_region"": 1, ""unsafe_outcome_examples"": [], ""unsafe_outcomes"": 0, ""update"": false}, {""action"": ""serve_3"", ""controllable"": true, ""outcomes"": 1, ""outcomes_in_certificate_region"": 1, ""unsafe_outcome_examples"": [], ""unsafe_outcomes"": 0, ""update"": false}, {""action"": ""serve_4"", ""controllable"": true, ""outcomes"": 1, ""outcomes_in_certificate_region"": 1, ""unsafe_outcome_examples"": [], ""unsafe_outcomes"": 0, ""update"": false}, {""action"": ""serve_5"", ""controllable"": true, ""outcomes"": 1, ""outcomes_in_certificate_region"": 1, ""unsafe_outcome_examples"": [], ""unsafe_outcomes"": 0, ""update"": false}, {""action"": ""serve_6"", ""controllable"": true, ""outcomes"": 1, ""outcomes_in_certificate_region"": 1, ""unsafe_outcome_examples"": [], ""unsafe_outcomes"": 0, ""update"": false}], ""pending"": [""rho_1"", ""rho_2""], ""physical"": [[""OLD"", ""ready""], [""OLD"", ""ready""], [""OLD"", ""ready""], [""OLD"", ""ready""], [""OLD"", ""ready""], [""OLD"", ""ready""]], ""safe"": true, ""testers"": {""availability"": ""q6""}}], ""initial_examples_limit"": 3, ""initial_states"": 1, ""losing_initial_states"": 1, ""region_states"": 7, ""safe_region_states"": 5, ""scope"": ""checked discovered-state losing certificate; sampled local root closure evidence, not a unique whole-game causal explanation"", ""unsafe_region_states"": 2}",raw/series/rolling_n06_m04_k04_lazy/result.json,raw/series/rolling_n06_m04_k04_lazy/certificate.json,
63,rolling,v1,rolling_n06_m04_k05_lazy,"{""k"": 5, ""m"": 4, ""n"": 6}",inputs/rolling_n06_m04_k05.json,none,lazy,LOSS,LOSS,LOSS,PASS,5,3,17,16,16,,5,5,,0.017781,0.003529542,0.012023625,PASS,NOT_APPLICABLE_LOSS,PASS,0.2385867919656448,2,f8ce4a65b559da61f8a2e1229ceb2b353a314f53f698cd5f098be58a5fa94dae,ff1e6b176f004ea85f1e99690a90388a6a4d24f44cd8d8e636fcd9337dcf67d5,7851ea709a5462f2c16adda42b47b265104430f168ab4b3740ca7095115dd4e8,2026-09-29T16:42:17.983155+09:00,2026-09-29T16:42:18.222033+09:00,"The checked discovered-state losing certificate contains 5 states (2 unsafe) and 1/1 initial states; its stored root buckets retain every adversarial outcome and identify the outcomes in this certificate (local closure evidence, not a unique causal explanation).","{""initial_examples"": [{""enabled_action_buckets"": [{""action"": ""rho_1"", ""controllable"": true, ""outcomes"": 1, ""outcomes_in_certificate_region"": 1, ""unsafe_outcome_examples"": [{""pending"": [""rho_2""], ""physical"": [[""NEW"", ""booting""], [""NEW"", ""booting""], [""NEW"", ""booting""], [""NEW"", ""booting""], [""NEW"", ""booting""], [""OLD"", ""ready""]], ""testers"": {""availability"": ""ERR_AVAILABILITY""}}], ""unsafe_outcomes"": 1, ""update"": true}, {""action"": ""rho_2"", ""controllable"": true, ""outcomes"": 1, ""outcomes_in_certificate_region"": 1, ""unsafe_outcome_examples"": [], ""unsafe_outcomes"": 0, ""update"": true}, {""action"": ""serve_1"", ""controllable"": true, ""outcomes"": 1, ""outcomes_in_certificate_region"": 1, ""unsafe_outcome_examples"": [], ""unsafe_outcomes"": 0, ""update"": false}, {""action"": ""serve_2"", ""controllable"": true, ""outcomes"": 1, ""outcomes_in_certificate_region"": 1, ""unsafe_outcome_examples"": [], ""unsafe_outcomes"": 0, ""update"": false}, {""action"": ""serve_3"", ""controllable"": true, ""outcomes"": 1, ""outcomes_in_certificate_region"": 1, ""unsafe_outcome_examples"": [], ""unsafe_outcomes"": 0, ""update"": false}, {""action"": ""serve_4"", ""controllable"": true, ""outcomes"": 1, ""outcomes_in_certificate_region"": 1, ""unsafe_outcome_examples"": [], ""unsafe_outcomes"": 0, ""update"": false}, {""action"": ""serve_5"", ""controllable"": true, ""outcomes"": 1, ""outcomes_in_certificate_region"": 1, ""unsafe_outcome_examples"": [], ""unsafe_outcomes"": 0, ""update"": false}, {""action"": ""serve_6"", ""controllable"": true, ""outcomes"": 1, ""outcomes_in_certificate_region"": 1, ""unsafe_outcome_examples"": [], ""unsafe_outcomes"": 0, ""update"": false}], ""pending"": [""rho_1"", ""rho_2""], ""physical"": [[""OLD"", ""ready""], [""OLD"", ""ready""], [""OLD"", ""ready""], [""OLD"", ""ready""], [""OLD"", ""ready""], [""OLD"", ""ready""]], ""safe"": true, ""testers"": {""availability"": ""q6""}}], ""initial_examples_limit"": 3, ""initial_states"": 1, ""losing_initial_states"": 1, ""region_states"": 5, ""safe_region_states"": 3, ""scope"": ""checked discovered-state losing certificate; sampled local root closure evidence, not a unique whole-game causal explanation"", ""unsafe_region_states"": 2}",raw/series/rolling_n06_m04_k05_lazy/result.json,raw/series/rolling_n06_m04_k05_lazy/certificate.json,
64,rolling,v1,rolling_n06_m04_k06_lazy,"{""k"": 6, ""m"": 4, ""n"": 6}",inputs/rolling_n06_m04_k06.json,none,lazy,LOSS,LOSS,LOSS,PASS,2,1,7,7,7,,2,2,,0.018242042,0.002528125,0.010620084,PASS,NOT_APPLICABLE_LOSS,PASS,0.182528417033609,2,2b6a065ab8b9bdda588a508f5df388c0e18a41204aae70d559fb10db0ce7305b,ff1e6b176f004ea85f1e99690a90388a6a4d24f44cd8d8e636fcd9337dcf67d5,7851ea709a5462f2c16adda42b47b265104430f168ab4b3740ca7095115dd4e8,2026-09-29T16:42:18.648540+09:00,2026-09-29T16:42:18.831353+09:00,"The checked discovered-state losing certificate contains 2 states (1 unsafe) and 1/1 initial states; its stored root buckets retain every adversarial outcome and identify the outcomes in this certificate (local closure evidence, not a unique causal explanation).","{""initial_examples"": [{""enabled_action_buckets"": [{""action"": ""ablation.merge.transfers"", ""controllable"": true, ""outcomes"": 1, ""outcomes_in_certificate_region"": 1, ""unsafe_outcome_examples"": [{""pending"": [], ""physical"": [[""NEW"", ""booting""], [""NEW"", ""booting""], [""NEW"", ""booting""], [""NEW"", ""booting""], [""NEW"", ""booting""], [""NEW"", ""booting""]], ""testers"": {""availability"": ""ERR_AVAILABILITY""}}], ""unsafe_outcomes"": 1, ""update"": true}, {""action"": ""serve_1"", ""controllable"": true, ""outcomes"": 1, ""outcomes_in_certificate_region"": 1, ""unsafe_outcome_examples"": [], ""unsafe_outcomes"": 0, ""update"": false}, {""action"": ""serve_2"", ""controllable"": true, ""outcomes"": 1, ""outcomes_in_certificate_region"": 1, ""unsafe_outcome_examples"": [], ""unsafe_outcomes"": 0, ""update"": false}, {""action"": ""serve_3"", ""controllable"": true, ""outcomes"": 1, ""outcomes_in_certificate_region"": 1, ""unsafe_outcome_examples"": [], ""unsafe_outcomes"": 0, ""update"": false}, {""action"": ""serve_4"", ""controllable"": true, ""outcomes"": 1, ""outcomes_in_certificate_region"": 1, ""unsafe_outcome_examples"": [], ""unsafe_outcomes"": 0, ""update"": false}, {""action"": ""serve_5"", ""controllable"": true, ""outcomes"": 1, ""outcomes_in_certificate_region"": 1, ""unsafe_outcome_examples"": [], ""unsafe_outcomes"": 0, ""update"": false}, {""action"": ""serve_6"", ""controllable"": true, ""outcomes"": 1, ""outcomes_in_certificate_region"": 1, ""unsafe_outcome_examples"": [], ""unsafe_outcomes"": 0, ""update"": false}], ""pending"": [""ablation.merge.transfers""], ""physical"": [[""OLD"", ""ready""], [""OLD"", ""ready""], [""OLD"", ""ready""], [""OLD"", ""ready""], [""OLD"", ""ready""], [""OLD"", ""ready""]], ""safe"": true, ""testers"": {""availability"": ""q6""}}], ""initial_examples_limit"": 3, ""initial_states"": 1, ""losing_initial_states"": 1, ""region_states"": 2, ""safe_region_states"": 1, ""scope"": ""checked discovered-state losing certificate; sampled local root closure evidence, not a unique whole-game causal explanation"", ""unsafe_region_states"": 1}",raw/series/rolling_n06_m04_k06_lazy/result.json,raw/series/rolling_n06_m04_k06_lazy/certificate.json,
65,rolling,v1,rolling_n06_m05_k01_lazy,"{""k"": 1, ""m"": 5, ""n"": 6}",inputs/rolling_n06_m05_k01.json,none,lazy,WIN,WIN,WIN,PASS,13,12,42,12,12,12,,13,14,0.017451417,0.0057215,0.017850667,PASS,PASS,PASS,0.24168712500249967,0,7885c26852e8e89f58126cf08ea67ae2fbf2e9c0f71c98268c30e9168278fb7c,ff1e6b176f004ea85f1e99690a90388a6a4d24f44cd8d8e636fcd9337dcf67d5,7851ea709a5462f2c16adda42b47b265104430f168ab4b3740ca7095115dd4e8,2026-09-29T16:42:19.256216+09:00,2026-09-29T16:42:19.498191+09:00,Checked WIN certificate.,,raw/series/rolling_n06_m05_k01_lazy/result.json,raw/series/rolling_n06_m05_k01_lazy/certificate.json,
66,rolling,v1,rolling_n06_m05_k02_lazy,"{""k"": 2, ""m"": 5, ""n"": 6}",inputs/rolling_n06_m05_k02.json,none,lazy,LOSS,LOSS,LOSS,PASS,4,1,9,9,9,,4,4,,0.017921584,0.002921791,0.011257167,PASS,NOT_APPLICABLE_LOSS,PASS,0.24217508401488885,2,0b5254d6811d42581c8c37cc846ae4dec0ed511cc4c01b43346e0f765787e8e5,ff1e6b176f004ea85f1e99690a90388a6a4d24f44cd8d8e636fcd9337dcf67d5,7851ea709a5462f2c16adda42b47b265104430f168ab4b3740ca7095115dd4e8,2026-09-29T16:42:19.918969+09:00,2026-09-29T16:42:20.161480+09:00,"The checked discovered-state losing certificate contains 4 states (3 unsafe) and 1/1 initial states; its stored root buckets retain every adversarial outcome and identify the outcomes in this certificate (local closure evidence, not a unique causal explanation).","{""initial_examples"": [{""enabled_action_buckets"": [{""action"": ""rho_1"", ""controllable"": true, ""outcomes"": 1, ""outcomes_in_certificate_region"": 1, ""unsafe_outcome_examples"": [{""pending"": [""rho_2"", ""rho_3""], ""physical"": [[""NEW"", ""booting""], [""NEW"", ""booting""], [""OLD"", ""ready""], [""OLD"", ""ready""], [""OLD"", ""ready""], [""OLD"", ""ready""]], ""testers"": {""availability"": ""ERR_AVAILABILITY""}}], ""unsafe_outcomes"": 1, ""update"": true}, {""action"": ""rho_2"", ""controllable"": true, ""outcomes"": 1, ""outcomes_in_certificate_region"": 1, ""unsafe_outcome_examples"": [{""pending"": [""rho_1"", ""rho_3""], ""physical"": [[""OLD"", ""ready""], [""OLD"", ""ready""], [""NEW"", ""booting""], [""NEW"", ""booting""], [""OLD"", ""ready""], [""OLD"", ""ready""]], ""testers"": {""availability"": ""ERR_AVAILABILITY""}}], ""unsafe_outcomes"": 1, ""update"": true}, {""action"": ""rho_3"", ""controllable"": true, ""outcomes"": 1, ""outcomes_in_certificate_region"": 1, ""unsafe_outcome_examples"": [{""pending"": [""rho_1"", ""rho_2""], ""physical"": [[""OLD"", ""ready""], [""OLD"", ""ready""], [""OLD"", ""ready""], [""OLD"", ""ready""], [""NEW"", ""booting""], [""NEW"", ""booting""]], ""testers"": {""availability"": ""ERR_AVAILABILITY""}}], ""unsafe_outcomes"": 1, ""update"": true}, {""action"": ""serve_1"", ""controllable"": true, ""outcomes"": 1, ""outcomes_in_certificate_region"": 1, ""unsafe_outcome_examples"": [], ""unsafe_outcomes"": 0, ""update"": false}, {""action"": ""serve_2"", ""controllable"": true, ""outcomes"": 1, ""outcomes_in_certificate_region"": 1, ""unsafe_outcome_examples"": [], ""unsafe_outcomes"": 0, ""update"": false}, {""action"": ""serve_3"", ""controllable"": true, ""outcomes"": 1, ""outcomes_in_certificate_region"": 1, ""unsafe_outcome_examples"": [], ""unsafe_outcomes"": 0, ""update"": false}, {""action"": ""serve_4"", ""controllable"": true, ""outcomes"": 1, ""outcomes_in_certificate_region"": 1, ""unsafe_outcome_examples"": [], ""unsafe_outcomes"": 0, ""update"": false}, {""action"": ""serve_5"", ""controllable"": true, ""outcomes"": 1, ""outcomes_in_certificate_region"": 1, ""unsafe_outcome_examples"": [], ""unsafe_outcomes"": 0, ""update"": false}, {""action"": ""serve_6"", ""controllable"": true, ""outcomes"": 1, ""outcomes_in_certificate_region"": 1, ""unsafe_outcome_examples"": [], ""unsafe_outcomes"": 0, ""update"": false}], ""pending"": [""rho_1"", ""rho_2"", ""rho_3""], ""physical"": [[""OLD"", ""ready""], [""OLD"", ""ready""], [""OLD"", ""ready""], [""OLD"", ""ready""], [""OLD"", ""ready""], [""OLD"", ""ready""]], ""safe"": true, ""testers"": {""availability"": ""q6""}}], ""initial_examples_limit"": 3, ""initial_states"": 1, ""losing_initial_states"": 1, ""region_states"": 4, ""safe_region_states"": 1, ""scope"": ""checked discovered-state losing certificate; sampled local root closure evidence, not a unique whole-game causal explanation"", ""unsafe_region_states"": 3}",raw/series/rolling_n06_m05_k02_lazy/result.json,raw/series/rolling_n06_m05_k02_lazy/certificate.json,
67,rolling,v1,rolling_n06_m05_k03_lazy,"{""k"": 3, ""m"": 5, ""n"": 6}",inputs/rolling_n06_m05_k03.json,none,lazy,LOSS,LOSS,LOSS,PASS,3,1,8,8,8,,3,3,,0.01782175,0.002886833,0.010923292,PASS,NOT_APPLICABLE_LOSS,PASS,0.238157624960877,2,71074b9b7e85682c907f3d825d2db2e515d19087b36862023330fdeb763376e1,ff1e6b176f004ea85f1e99690a90388a6a4d24f44cd8d8e636fcd9337dcf67d5,7851ea709a5462f2c16adda42b47b265104430f168ab4b3740ca7095115dd4e8,2026-09-29T16:42:20.595239+09:00,2026-09-29T16:42:20.833677+09:00,"The checked discovered-state losing certificate contains 3 states (2 unsafe) and 1/1 initial states; its stored root buckets retain every adversarial outcome and identify the outcomes in this certificate (local closure evidence, not a unique causal explanation).","{""initial_examples"": [{""enabled_action_buckets"": [{""action"": ""rho_1"", ""controllable"": true, ""outcomes"": 1, ""outcomes_in_certificate_region"": 1, ""unsafe_outcome_examples"": [{""pending"": [""rho_2""], ""physical"": [[""NEW"", ""booting""], [""NEW"", ""booting""], [""NEW"", ""booting""], [""OLD"", ""ready""], [""OLD"", ""ready""], [""OLD"", ""ready""]], ""testers"": {""availability"": ""ERR_AVAILABILITY""}}], ""unsafe_outcomes"": 1, ""update"": true}, {""action"": ""rho_2"", ""controllable"": true, ""outcomes"": 1, ""outcomes_in_certificate_region"": 1, ""unsafe_outcome_examples"": [{""pending"": [""rho_1""], ""physical"": [[""OLD"", ""ready""], [""OLD"", ""ready""], [""OLD"", ""ready""], [""NEW"", ""booting""], [""NEW"", ""booting""], [""NEW"", ""booting""]], ""testers"": {""availability"": ""ERR_AVAILABILITY""}}], ""unsafe_outcomes"": 1, ""update"": true}, {""action"": ""serve_1"", ""controllable"": true, ""outcomes"": 1, ""outcomes_in_certificate_region"": 1, ""unsafe_outcome_examples"": [], ""unsafe_outcomes"": 0, ""update"": false}, {""action"": ""serve_2"", ""controllable"": true, ""outcomes"": 1, ""outcomes_in_certificate_region"": 1, ""unsafe_outcome_examples"": [], ""unsafe_outcomes"": 0, ""update"": false}, {""action"": ""serve_3"", ""controllable"": true, ""outcomes"": 1, ""outcomes_in_certificate_region"": 1, ""unsafe_outcome_examples"": [], ""unsafe_outcomes"": 0, ""update"": false}, {""action"": ""serve_4"", ""controllable"": true, ""outcomes"": 1, ""outcomes_in_certificate_region"": 1, ""unsafe_outcome_examples"": [], ""unsafe_outcomes"": 0, ""update"": false}, {""action"": ""serve_5"", ""controllable"": true, ""outcomes"": 1, ""outcomes_in_certificate_region"": 1, ""unsafe_outcome_examples"": [], ""unsafe_outcomes"": 0, ""update"": false}, {""action"": ""serve_6"", ""controllable"": true, ""outcomes"": 1, ""outcomes_in_certificate_region"": 1, ""unsafe_outcome_examples"": [], ""unsafe_outcomes"": 0, ""update"": false}], ""pending"": [""rho_1"", ""rho_2""], ""physical"": [[""OLD"", ""ready""], [""OLD"", ""ready""], [""OLD"", ""ready""], [""OLD"", ""ready""], [""OLD"", ""ready""], [""OLD"", ""ready""]], ""safe"": true, ""testers"": {""availability"": ""q6""}}], ""initial_examples_limit"": 3, ""initial_states"": 1, ""losing_initial_states"": 1, ""region_states"": 3, ""safe_region_states"": 1, ""scope"": ""checked discovered-state losing certificate; sampled local root closure evidence, not a unique whole-game causal explanation"", ""unsafe_region_states"": 2}",raw/series/rolling_n06_m05_k03_lazy/result.json,raw/series/rolling_n06_m05_k03_lazy/certificate.json,
68,rolling,v1,rolling_n06_m05_k04_lazy,"{""k"": 4, ""m"": 5, ""n"": 6}",inputs/rolling_n06_m05_k04.json,none,lazy,LOSS,LOSS,LOSS,PASS,3,1,8,8,8,,3,3,,0.018688417,0.002969084,0.011029,PASS,NOT_APPLICABLE_LOSS,PASS,0.23555712500819936,2,c4ff57e5a02eb0bf6468a50bf4742499b4265a8a1fecf15c8376658530ef6131,ff1e6b176f004ea85f1e99690a90388a6a4d24f44cd8d8e636fcd9337dcf67d5,7851ea709a5462f2c16adda42b47b265104430f168ab4b3740ca7095115dd4e8,2026-09-29T16:42:21.262463+09:00,2026-09-29T16:42:21.498338+09:00,"The checked discovered-state losing certificate contains 3 states (2 unsafe) and 1/1 initial states; its stored root buckets retain every adversarial outcome and identify the outcomes in this certificate (local closure evidence, not a unique causal explanation).","{""initial_examples"": [{""enabled_action_buckets"": [{""action"": ""rho_1"", ""controllable"": true, ""outcomes"": 1, ""outcomes_in_certificate_region"": 1, ""unsafe_outcome_examples"": [{""pending"": [""rho_2""], ""physical"": [[""NEW"", ""booting""], [""NEW"", ""booting""], [""NEW"", ""booting""], [""NEW"", ""booting""], [""OLD"", ""ready""], [""OLD"", ""ready""]], ""testers"": {""availability"": ""ERR_AVAILABILITY""}}], ""unsafe_outcomes"": 1, ""update"": true}, {""action"": ""rho_2"", ""controllable"": true, ""outcomes"": 1, ""outcomes_in_certificate_region"": 1, ""unsafe_outcome_examples"": [{""pending"": [""rho_1""], ""physical"": [[""OLD"", ""ready""], [""OLD"", ""ready""], [""OLD"", ""ready""], [""OLD"", ""ready""], [""NEW"", ""booting""], [""NEW"", ""booting""]], ""testers"": {""availability"": ""ERR_AVAILABILITY""}}], ""unsafe_outcomes"": 1, ""update"": true}, {""action"": ""serve_1"", ""controllable"": true, ""outcomes"": 1, ""outcomes_in_certificate_region"": 1, ""unsafe_outcome_examples"": [], ""unsafe_outcomes"": 0, ""update"": false}, {""action"": ""serve_2"", ""controllable"": true, ""outcomes"": 1, ""outcomes_in_certificate_region"": 1, ""unsafe_outcome_examples"": [], ""unsafe_outcomes"": 0, ""update"": false}, {""action"": ""serve_3"", ""controllable"": true, ""outcomes"": 1, ""outcomes_in_certificate_region"": 1, ""unsafe_outcome_examples"": [], ""unsafe_outcomes"": 0, ""update"": false}, {""action"": ""serve_4"", ""controllable"": true, ""outcomes"": 1, ""outcomes_in_certificate_region"": 1, ""unsafe_outcome_examples"": [], ""unsafe_outcomes"": 0, ""update"": false}, {""action"": ""serve_5"", ""controllable"": true, ""outcomes"": 1, ""outcomes_in_certificate_region"": 1, ""unsafe_outcome_examples"": [], ""unsafe_outcomes"": 0, ""update"": false}, {""action"": ""serve_6"", ""controllable"": true, ""outcomes"": 1, ""outcomes_in_certificate_region"": 1, ""unsafe_outcome_examples"": [], ""unsafe_outcomes"": 0, ""update"": false}], ""pending"": [""rho_1"", ""rho_2""], ""physical"": [[""OLD"", ""ready""], [""OLD"", ""ready""], [""OLD"", ""ready""], [""OLD"", ""ready""], [""OLD"", ""ready""], [""OLD"", ""ready""]], ""safe"": true, ""testers"": {""availability"": ""q6""}}], ""initial_examples_limit"": 3, ""initial_states"": 1, ""losing_initial_states"": 1, ""region_states"": 3, ""safe_region_states"": 1, ""scope"": ""checked discovered-state losing certificate; sampled local root closure evidence, not a unique whole-game causal explanation"", ""unsafe_region_states"": 2}",raw/series/rolling_n06_m05_k04_lazy/result.json,raw/series/rolling_n06_m05_k04_lazy/certificate.json,
69,rolling,v1,rolling_n06_m05_k05_lazy,"{""k"": 5, ""m"": 5, ""n"": 6}",inputs/rolling_n06_m05_k05.json,none,lazy,LOSS,LOSS,LOSS,PASS,5,3,17,16,16,,5,5,,0.018105,0.003649584,0.01108225,PASS,NOT_APPLICABLE_LOSS,PASS,0.24244899995392188,2,903f42f2e14e3cda5fbb7bebce54a4df95cbc024f5ef9bbc7aa52c2a7facc191,ff1e6b176f004ea85f1e99690a90388a6a4d24f44cd8d8e636fcd9337dcf67d5,7851ea709a5462f2c16adda42b47b265104430f168ab4b3740ca7095115dd4e8,2026-09-29T16:42:21.927317+09:00,2026-09-29T16:42:22.170040+09:00,"The checked discovered-state losing certificate contains 5 states (2 unsafe) and 1/1 initial states; its stored root buckets retain every adversarial outcome and identify the outcomes in this certificate (local closure evidence, not a unique causal explanation).","{""initial_examples"": [{""enabled_action_buckets"": [{""action"": ""rho_1"", ""controllable"": true, ""outcomes"": 1, ""outcomes_in_certificate_region"": 1, ""unsafe_outcome_examples"": [{""pending"": [""rho_2""], ""physical"": [[""NEW"", ""booting""], [""NEW"", ""booting""], [""NEW"", ""booting""], [""NEW"", ""booting""], [""NEW"", ""booting""], [""OLD"", ""ready""]], ""testers"": {""availability"": ""ERR_AVAILABILITY""}}], ""unsafe_outcomes"": 1, ""update"": true}, {""action"": ""rho_2"", ""controllable"": true, ""outcomes"": 1, ""outcomes_in_certificate_region"": 1, ""unsafe_outcome_examples"": [], ""unsafe_outcomes"": 0, ""update"": true}, {""action"": ""serve_1"", ""controllable"": true, ""outcomes"": 1, ""outcomes_in_certificate_region"": 1, ""unsafe_outcome_examples"": [], ""unsafe_outcomes"": 0, ""update"": false}, {""action"": ""serve_2"", ""controllable"": true, ""outcomes"": 1, ""outcomes_in_certificate_region"": 1, ""unsafe_outcome_examples"": [], ""unsafe_outcomes"": 0, ""update"": false}, {""action"": ""serve_3"", ""controllable"": true, ""outcomes"": 1, ""outcomes_in_certificate_region"": 1, ""unsafe_outcome_examples"": [], ""unsafe_outcomes"": 0, ""update"": false}, {""action"": ""serve_4"", ""controllable"": true, ""outcomes"": 1, ""outcomes_in_certificate_region"": 1, ""unsafe_outcome_examples"": [], ""unsafe_outcomes"": 0, ""update"": false}, {""action"": ""serve_5"", ""controllable"": true, ""outcomes"": 1, ""outcomes_in_certificate_region"": 1, ""unsafe_outcome_examples"": [], ""unsafe_outcomes"": 0, ""update"": false}, {""action"": ""serve_6"", ""controllable"": true, ""outcomes"": 1, ""outcomes_in_certificate_region"": 1, ""unsafe_outcome_examples"": [], ""unsafe_outcomes"": 0, ""update"": false}], ""pending"": [""rho_1"", ""rho_2""], ""physical"": [[""OLD"", ""ready""], [""OLD"", ""ready""], [""OLD"", ""ready""], [""OLD"", ""ready""], [""OLD"", ""ready""], [""OLD"", ""ready""]], ""safe"": true, ""testers"": {""availability"": ""q6""}}], ""initial_examples_limit"": 3, ""initial_states"": 1, ""losing_initial_states"": 1, ""region_states"": 5, ""safe_region_states"": 3, ""scope"": ""checked discovered-state losing certificate; sampled local root closure evidence, not a unique whole-game causal explanation"", ""unsafe_region_states"": 2}",raw/series/rolling_n06_m05_k05_lazy/result.json,raw/series/rolling_n06_m05_k05_lazy/certificate.json,
70,rolling,v1,rolling_n06_m05_k06_lazy,"{""k"": 6, ""m"": 5, ""n"": 6}",inputs/rolling_n06_m05_k06.json,none,lazy,LOSS,LOSS,LOSS,PASS,2,1,7,7,7,,2,2,,0.017876583,0.002621458,0.011358083,PASS,NOT_APPLICABLE_LOSS,PASS,0.24234225001418963,2,818174f9ea5b23818ca50b1869c2da6082123d7972610e1c7b9f28a0d8855701,ff1e6b176f004ea85f1e99690a90388a6a4d24f44cd8d8e636fcd9337dcf67d5,7851ea709a5462f2c16adda42b47b265104430f168ab4b3740ca7095115dd4e8,2026-09-29T16:42:22.602055+09:00,2026-09-29T16:42:22.844668+09:00,"The checked discovered-state losing certificate contains 2 states (1 unsafe) and 1/1 initial states; its stored root buckets retain every adversarial outcome and identify the outcomes in this certificate (local closure evidence, not a unique causal explanation).","{""initial_examples"": [{""enabled_action_buckets"": [{""action"": ""ablation.merge.transfers"", ""controllable"": true, ""outcomes"": 1, ""outcomes_in_certificate_region"": 1, ""unsafe_outcome_examples"": [{""pending"": [], ""physical"": [[""NEW"", ""booting""], [""NEW"", ""booting""], [""NEW"", ""booting""], [""NEW"", ""booting""], [""NEW"", ""booting""], [""NEW"", ""booting""]], ""testers"": {""availability"": ""ERR_AVAILABILITY""}}], ""unsafe_outcomes"": 1, ""update"": true}, {""action"": ""serve_1"", ""controllable"": true, ""outcomes"": 1, ""outcomes_in_certificate_region"": 1, ""unsafe_outcome_examples"": [], ""unsafe_outcomes"": 0, ""update"": false}, {""action"": ""serve_2"", ""controllable"": true, ""outcomes"": 1, ""outcomes_in_certificate_region"": 1, ""unsafe_outcome_examples"": [], ""unsafe_outcomes"": 0, ""update"": false}, {""action"": ""serve_3"", ""controllable"": true, ""outcomes"": 1, ""outcomes_in_certificate_region"": 1, ""unsafe_outcome_examples"": [], ""unsafe_outcomes"": 0, ""update"": false}, {""action"": ""serve_4"", ""controllable"": true, ""outcomes"": 1, ""outcomes_in_certificate_region"": 1, ""unsafe_outcome_examples"": [], ""unsafe_outcomes"": 0, ""update"": false}, {""action"": ""serve_5"", ""controllable"": true, ""outcomes"": 1, ""outcomes_in_certificate_region"": 1, ""unsafe_outcome_examples"": [], ""unsafe_outcomes"": 0, ""update"": false}, {""action"": ""serve_6"", ""controllable"": true, ""outcomes"": 1, ""outcomes_in_certificate_region"": 1, ""unsafe_outcome_examples"": [], ""unsafe_outcomes"": 0, ""update"": false}], ""pending"": [""ablation.merge.transfers""], ""physical"": [[""OLD"", ""ready""], [""OLD"", ""ready""], [""OLD"", ""ready""], [""OLD"", ""ready""], [""OLD"", ""ready""], [""OLD"", ""ready""]], ""safe"": true, ""testers"": {""availability"": ""q6""}}], ""initial_examples_limit"": 3, ""initial_states"": 1, ""losing_initial_states"": 1, ""region_states"": 2, ""safe_region_states"": 1, ""scope"": ""checked discovered-state losing certificate; sampled local root closure evidence, not a unique whole-game causal explanation"", ""unsafe_region_states"": 1}",raw/series/rolling_n06_m05_k06_lazy/result.json,raw/series/rolling_n06_m05_k06_lazy/certificate.json,
71,rolling,v1,rolling_n02_m01_k01_df,"{""k"": 1, ""m"": 1, ""n"": 2}",inputs/rolling_n02_m01_k01.json,none,direct_full,WIN,WIN,WIN,PASS,8,7,28,18,18,4,,5,6,0.016106959,0.004764,0.0105795,PASS,PASS,PASS,0.2412777499994263,0,2dd8467eaa6e8bdb0ee5762a22199a1673843c68a5fbe7430469b56dca11736e,ff1e6b176f004ea85f1e99690a90388a6a4d24f44cd8d8e636fcd9337dcf67d5,7851ea709a5462f2c16adda42b47b265104430f168ab4b3740ca7095115dd4e8,2026-09-29T16:42:23.270837+09:00,2026-09-29T16:42:23.512412+09:00,Checked WIN certificate.,,raw/series/rolling_n02_m01_k01_df/result.json,raw/series/rolling_n02_m01_k01_df/certificate.json,
72,rolling,v1,rolling_n03_m01_k01_df,"{""k"": 1, ""m"": 1, ""n"": 3}",inputs/rolling_n03_m01_k01.json,none,direct_full,WIN,WIN,WIN,PASS,20,19,114,69,69,6,,7,8,0.016372042,0.008424583,0.01314225,PASS,PASS,PASS,0.2355357080232352,0,5291a427b92d9b18175de269f720df7a90c858a19e2cc3cb65eec962a6f5247b,ff1e6b176f004ea85f1e99690a90388a6a4d24f44cd8d8e636fcd9337dcf67d5,7851ea709a5462f2c16adda42b47b265104430f168ab4b3740ca7095115dd4e8,2026-09-29T16:42:23.935993+09:00,2026-09-29T16:42:24.171895+09:00,Checked WIN certificate.,,raw/series/rolling_n03_m01_k01_df/result.json,raw/series/rolling_n03_m01_k01_df/certificate.json,
73,rolling,v1,rolling_n03_m02_k01_df,"{""k"": 1, ""m"": 2, ""n"": 3}",inputs/rolling_n03_m02_k01.json,none,direct_full,WIN,WIN,WIN,PASS,20,19,114,69,69,6,,7,8,0.016741625,0.008725458,0.01289,PASS,PASS,PASS,0.2423136669676751,0,5f806559673add2bbacdbc1fecef194597b9605711f2f73d139abc7a770d0be3,ff1e6b176f004ea85f1e99690a90388a6a4d24f44cd8d8e636fcd9337dcf67d5,7851ea709a5462f2c16adda42b47b265104430f168ab4b3740ca7095115dd4e8,2026-09-29T16:42:24.612001+09:00,2026-09-29T16:42:24.854605+09:00,Checked WIN certificate.,,raw/series/rolling_n03_m02_k01_df/result.json,raw/series/rolling_n03_m02_k01_df/certificate.json,
74,rolling,v1,rolling_n04_m01_k01_df,"{""k"": 1, ""m"": 1, ""n"": 4}",inputs/rolling_n04_m01_k01.json,none,direct_full,WIN,WIN,WIN,PASS,48,47,376,220,220,8,,9,10,0.017222333,0.018577583,0.012593708,PASS,PASS,PASS,0.2420418750261888,0,64ed75c6567b6fda8216da9f14c16b134bc641adaee2521588749712f4edbaad,ff1e6b176f004ea85f1e99690a90388a6a4d24f44cd8d8e636fcd9337dcf67d5,7851ea709a5462f2c16adda42b47b265104430f168ab4b3740ca7095115dd4e8,2026-09-29T16:42:25.287729+09:00,2026-09-29T16:42:25.530060+09:00,Checked WIN certificate.,,raw/series/rolling_n04_m01_k01_df/result.json,raw/series/rolling_n04_m01_k01_df/certificate.json,
75,rolling,v1,rolling_n04_m02_k01_df,"{""k"": 1, ""m"": 2, ""n"": 4}",inputs/rolling_n04_m02_k01.json,none,direct_full,WIN,WIN,WIN,PASS,48,47,376,220,220,8,,9,10,0.017404083,0.025849583,0.013370083,PASS,PASS,PASS,0.24023062497144565,0,db012b49964fc5527b64b40fa87b97b67bbcab09e6190d8316fd40c98ba23ee1,ff1e6b176f004ea85f1e99690a90388a6a4d24f44cd8d8e636fcd9337dcf67d5,7851ea709a5462f2c16adda42b47b265104430f168ab4b3740ca7095115dd4e8,2026-09-29T16:42:25.961759+09:00,2026-09-29T16:42:26.202263+09:00,Checked WIN certificate.,,raw/series/rolling_n04_m02_k01_df/result.json,raw/series/rolling_n04_m02_k01_df/certificate.json,
76,rolling,v1,rolling_n04_m03_k01_df,"{""k"": 1, ""m"": 3, ""n"": 4}",inputs/rolling_n04_m03_k01.json,none,direct_full,WIN,WIN,WIN,PASS,48,47,376,220,220,8,,9,10,0.016854958,0.01757675,0.013126833,PASS,PASS,PASS,0.24053191702114418,0,fb8968a385d4c8a6bcb696decc87067be215310761779e39340abc6bd3375ce7,ff1e6b176f004ea85f1e99690a90388a6a4d24f44cd8d8e636fcd9337dcf67d5,7851ea709a5462f2c16adda42b47b265104430f168ab4b3740ca7095115dd4e8,2026-09-29T16:42:26.630523+09:00,2026-09-29T16:42:26.871339+09:00,Checked WIN certificate.,,raw/series/rolling_n04_m03_k01_df/result.json,raw/series/rolling_n04_m03_k01_df/certificate.json,
77,rolling,v1,rolling_n05_m01_k01_df,"{""k"": 1, ""m"": 1, ""n"": 5}",inputs/rolling_n05_m01_k01.json,none,direct_full,WIN,WIN,WIN,PASS,112,111,1110,635,635,10,,11,12,0.017806166,0.03276825,0.013487208,PASS,PASS,PASS,0.24217458302155137,0,aaa3b9ac98649267f727e583f092ca60fa944f0114c19d174e73bbac7b02a5c7,ff1e6b176f004ea85f1e99690a90388a6a4d24f44cd8d8e636fcd9337dcf67d5,7851ea709a5462f2c16adda42b47b265104430f168ab4b3740ca7095115dd4e8,2026-09-29T16:42:27.317186+09:00,2026-09-29T16:42:27.559664+09:00,Checked WIN certificate.,,raw/series/rolling_n05_m01_k01_df/result.json,raw/series/rolling_n05_m01_k01_df/certificate.json,
78,rolling,v1,rolling_n05_m02_k01_df,"{""k"": 1, ""m"": 2, ""n"": 5}",inputs/rolling_n05_m02_k01.json,none,direct_full,WIN,WIN,WIN,PASS,112,111,1110,635,635,10,,11,12,0.01751075,0.033315791,0.072708125,PASS,PASS,PASS,0.3033951669931412,0,8831abb7e1ccee1223dfdc57e980f2aa35d1ba57f55db0f58acbe74dd5bb9277,ff1e6b176f004ea85f1e99690a90388a6a4d24f44cd8d8e636fcd9337dcf67d5,7851ea709a5462f2c16adda42b47b265104430f168ab4b3740ca7095115dd4e8,2026-09-29T16:42:27.986397+09:00,2026-09-29T16:42:28.290115+09:00,Checked WIN certificate.,,raw/series/rolling_n05_m02_k01_df/result.json,raw/series/rolling_n05_m02_k01_df/certificate.json,
79,rolling,v1,rolling_n05_m03_k01_df,"{""k"": 1, ""m"": 3, ""n"": 5}",inputs/rolling_n05_m03_k01.json,none,direct_full,WIN,WIN,WIN,PASS,112,111,1110,635,635,10,,11,12,0.017234125,0.032655625,0.013448084,PASS,PASS,PASS,0.23626879195217043,0,03ff5ec0c2f4395de3e57197ef13d6459633bde2711fd4d2300f899618b80b23,ff1e6b176f004ea85f1e99690a90388a6a4d24f44cd8d8e636fcd9337dcf67d5,7851ea709a5462f2c16adda42b47b265104430f168ab4b3740ca7095115dd4e8,2026-09-29T16:42:28.744543+09:00,2026-09-29T16:42:28.981240+09:00,Checked WIN certificate.,,raw/series/rolling_n05_m03_k01_df/result.json,raw/series/rolling_n05_m03_k01_df/certificate.json,
80,rolling,v1,rolling_n05_m04_k01_df,"{""k"": 1, ""m"": 4, ""n"": 5}",inputs/rolling_n05_m04_k01.json,none,direct_full,WIN,WIN,WIN,PASS,112,111,1110,635,635,10,,11,12,0.017405958,0.032988042,0.0122745,PASS,PASS,PASS,0.24053366598673165,0,f34e6026e14a6336cd54789750c086ea5371b5dfdd9a93a86da277c4ce353d38,ff1e6b176f004ea85f1e99690a90388a6a4d24f44cd8d8e636fcd9337dcf67d5,7851ea709a5462f2c16adda42b47b265104430f168ab4b3740ca7095115dd4e8,2026-09-29T16:42:29.412205+09:00,2026-09-29T16:42:29.653026+09:00,Checked WIN certificate.,,raw/series/rolling_n05_m04_k01_df/result.json,raw/series/rolling_n05_m04_k01_df/certificate.json,
81,rolling,v1,rolling_n06_m01_k01_df,"{""k"": 1, ""m"": 1, ""n"": 6}",inputs/rolling_n06_m01_k01.json,none,direct_full,WIN,WIN,WIN,PASS,256,255,3060,1722,1722,12,,13,14,0.018524083,0.055550042,0.015567666,PASS,PASS,PASS,0.2971180829918012,0,76d9d49c553d2d7fcaa5c2f360823ca286a0dad138982d188cf14fc5e54f1df7,ff1e6b176f004ea85f1e99690a90388a6a4d24f44cd8d8e636fcd9337dcf67d5,7851ea709a5462f2c16adda42b47b265104430f168ab4b3740ca7095115dd4e8,2026-09-29T16:42:30.081081+09:00,2026-09-29T16:42:30.378470+09:00,Checked WIN certificate.,,raw/series/rolling_n06_m01_k01_df/result.json,raw/series/rolling_n06_m01_k01_df/certificate.json,
82,rolling,v1,rolling_n06_m02_k01_df,"{""k"": 1, ""m"": 2, ""n"": 6}",inputs/rolling_n06_m02_k01.json,none,direct_full,WIN,WIN,WIN,PASS,256,255,3060,1722,1722,12,,13,14,0.018488375,0.054546292,0.014590125,PASS,PASS,PASS,0.2913023339933716,0,f0e3f9ebcd19461a807b288ed74d7ba5d958b1dd9e24d2775bb5aafe7b01d078,ff1e6b176f004ea85f1e99690a90388a6a4d24f44cd8d8e636fcd9337dcf67d5,7851ea709a5462f2c16adda42b47b265104430f168ab4b3740ca7095115dd4e8,2026-09-29T16:42:30.810266+09:00,2026-09-29T16:42:31.101868+09:00,Checked WIN certificate.,,raw/series/rolling_n06_m02_k01_df/result.json,raw/series/rolling_n06_m02_k01_df/certificate.json,
83,rolling,v1,rolling_n06_m03_k01_df,"{""k"": 1, ""m"": 3, ""n"": 6}",inputs/rolling_n06_m03_k01.json,none,direct_full,WIN,WIN,WIN,PASS,256,255,3060,1722,1722,12,,13,14,0.0181015,0.053055542,0.014787542,PASS,PASS,PASS,0.2872389580006711,0,06c1eacf3946723fa8eb324596036cac81e324280c4b27168c545ceb94b428b9,ff1e6b176f004ea85f1e99690a90388a6a4d24f44cd8d8e636fcd9337dcf67d5,7851ea709a5462f2c16adda42b47b265104430f168ab4b3740ca7095115dd4e8,2026-09-29T16:42:31.535866+09:00,2026-09-29T16:42:31.823396+09:00,Checked WIN certificate.,,raw/series/rolling_n06_m03_k01_df/result.json,raw/series/rolling_n06_m03_k01_df/certificate.json,
84,rolling,v1,rolling_n06_m04_k01_df,"{""k"": 1, ""m"": 4, ""n"": 6}",inputs/rolling_n06_m04_k01.json,none,direct_full,WIN,WIN,WIN,PASS,256,255,3060,1722,1722,12,,13,14,0.017706417,0.054942375,0.013748333,PASS,PASS,PASS,0.29424975003348663,0,241bf79177223b7c639bb966e14660a63f58c260bf0ff2d2b8dc11bec323ff5e,ff1e6b176f004ea85f1e99690a90388a6a4d24f44cd8d8e636fcd9337dcf67d5,7851ea709a5462f2c16adda42b47b265104430f168ab4b3740ca7095115dd4e8,2026-09-29T16:42:32.260463+09:00,2026-09-29T16:42:32.555031+09:00,Checked WIN certificate.,,raw/series/rolling_n06_m04_k01_df/result.json,raw/series/rolling_n06_m04_k01_df/certificate.json,
85,rolling,v1,rolling_n06_m05_k01_df,"{""k"": 1, ""m"": 5, ""n"": 6}",inputs/rolling_n06_m05_k01.json,none,direct_full,WIN,WIN,WIN,PASS,256,255,3060,1722,1722,12,,13,14,0.017486458,0.05556725,0.014610708,PASS,PASS,PASS,0.293822833977174,0,7885c26852e8e89f58126cf08ea67ae2fbf2e9c0f71c98268c30e9168278fb7c,ff1e6b176f004ea85f1e99690a90388a6a4d24f44cd8d8e636fcd9337dcf67d5,7851ea709a5462f2c16adda42b47b265104430f168ab4b3740ca7095115dd4e8,2026-09-29T16:42:32.990315+09:00,2026-09-29T16:42:33.284483+09:00,Checked WIN certificate.,,raw/series/rolling_n06_m05_k01_df/result.json,raw/series/rolling_n06_m05_k01_df/certificate.json,
86,rolling,v1,rolling_n02_m01_k01_e1merged,"{""k"": 1, ""m"": 1, ""n"": 2}",inputs/rolling_n02_m01_k01.json,transfers,lazy,LOSS,LOSS,LOSS,PASS,2,1,3,3,3,,2,2,,0.082542416,0.01710925,0.017108417,PASS,NOT_APPLICABLE_LOSS,PASS,0.3197912499890663,2,2dd8467eaa6e8bdb0ee5762a22199a1673843c68a5fbe7430469b56dca11736e,ff1e6b176f004ea85f1e99690a90388a6a4d24f44cd8d8e636fcd9337dcf67d5,7851ea709a5462f2c16adda42b47b265104430f168ab4b3740ca7095115dd4e8,2026-09-29T16:42:33.722809+09:00,2026-09-29T16:42:34.042912+09:00,"The checked discovered-state losing certificate contains 2 states (1 unsafe) and 1/1 initial states; its stored root buckets retain every adversarial outcome and identify the outcomes in this certificate (local closure evidence, not a unique causal explanation).","{""initial_examples"": [{""enabled_action_buckets"": [{""action"": ""ablation.merge.transfers"", ""controllable"": true, ""outcomes"": 1, ""outcomes_in_certificate_region"": 1, ""unsafe_outcome_examples"": [{""pending"": [], ""physical"": [[""NEW"", ""booting""], [""NEW"", ""booting""]], ""testers"": {""availability"": ""ERR_AVAILABILITY""}}], ""unsafe_outcomes"": 1, ""update"": true}, {""action"": ""serve_1"", ""controllable"": true, ""outcomes"": 1, ""outcomes_in_certificate_region"": 1, ""unsafe_outcome_examples"": [], ""unsafe_outcomes"": 0, ""update"": false}, {""action"": ""serve_2"", ""controllable"": true, ""outcomes"": 1, ""outcomes_in_certificate_region"": 1, ""unsafe_outcome_examples"": [], ""unsafe_outcomes"": 0, ""update"": false}], ""pending"": [""ablation.merge.transfers""], ""physical"": [[""OLD"", ""ready""], [""OLD"", ""ready""]], ""safe"": true, ""testers"": {""availability"": ""q2""}}], ""initial_examples_limit"": 3, ""initial_states"": 1, ""losing_initial_states"": 1, ""region_states"": 2, ""safe_region_states"": 1, ""scope"": ""checked discovered-state losing certificate; sampled local root closure evidence, not a unique whole-game causal explanation"", ""unsafe_region_states"": 1}",raw/series/rolling_n02_m01_k01_e1merged/result.json,raw/series/rolling_n02_m01_k01_e1merged/certificate.json,
87,rolling,v1,rolling_n03_m01_k01_e1merged,"{""k"": 1, ""m"": 1, ""n"": 3}",inputs/rolling_n03_m01_k01.json,transfers,lazy,LOSS,LOSS,LOSS,PASS,2,1,4,4,4,,2,2,,0.017948542,0.001862917,0.01028125,PASS,NOT_APPLICABLE_LOSS,PASS,0.1875341659761034,2,5291a427b92d9b18175de269f720df7a90c858a19e2cc3cb65eec962a6f5247b,ff1e6b176f004ea85f1e99690a90388a6a4d24f44cd8d8e636fcd9337dcf67d5,7851ea709a5462f2c16adda42b47b265104430f168ab4b3740ca7095115dd4e8,2026-09-29T16:42:34.473378+09:00,2026-09-29T16:42:34.661282+09:00,"The checked discovered-state losing certificate contains 2 states (1 unsafe) and 1/1 initial states; its stored root buckets retain every adversarial outcome and identify the outcomes in this certificate (local closure evidence, not a unique causal explanation).","{""initial_examples"": [{""enabled_action_buckets"": [{""action"": ""ablation.merge.transfers"", ""controllable"": true, ""outcomes"": 1, ""outcomes_in_certificate_region"": 1, ""unsafe_outcome_examples"": [{""pending"": [], ""physical"": [[""NEW"", ""booting""], [""NEW"", ""booting""], [""NEW"", ""booting""]], ""testers"": {""availability"": ""ERR_AVAILABILITY""}}], ""unsafe_outcomes"": 1, ""update"": true}, {""action"": ""serve_1"", ""controllable"": true, ""outcomes"": 1, ""outcomes_in_certificate_region"": 1, ""unsafe_outcome_examples"": [], ""unsafe_outcomes"": 0, ""update"": false}, {""action"": ""serve_2"", ""controllable"": true, ""outcomes"": 1, ""outcomes_in_certificate_region"": 1, ""unsafe_outcome_examples"": [], ""unsafe_outcomes"": 0, ""update"": false}, {""action"": ""serve_3"", ""controllable"": true, ""outcomes"": 1, ""outcomes_in_certificate_region"": 1, ""unsafe_outcome_examples"": [], ""unsafe_outcomes"": 0, ""update"": false}], ""pending"": [""ablation.merge.transfers""], ""physical"": [[""OLD"", ""ready""], [""OLD"", ""ready""], [""OLD"", ""ready""]], ""safe"": true, ""testers"": {""availability"": ""q3""}}], ""initial_examples_limit"": 3, ""initial_states"": 1, ""losing_initial_states"": 1, ""region_states"": 2, ""safe_region_states"": 1, ""scope"": ""checked discovered-state losing certificate; sampled local root closure evidence, not a unique whole-game causal explanation"", ""unsafe_region_states"": 1}",raw/series/rolling_n03_m01_k01_e1merged/result.json,raw/series/rolling_n03_m01_k01_e1merged/certificate.json,
88,rolling,v1,rolling_n03_m02_k01_e1merged,"{""k"": 1, ""m"": 2, ""n"": 3}",inputs/rolling_n03_m02_k01.json,transfers,lazy,LOSS,LOSS,LOSS,PASS,2,1,4,4,4,,2,2,,0.017997958,0.001914541,0.010447125,PASS,NOT_APPLICABLE_LOSS,PASS,0.1857227089931257,2,5f806559673add2bbacdbc1fecef194597b9605711f2f73d139abc7a770d0be3,ff1e6b176f004ea85f1e99690a90388a6a4d24f44cd8d8e636fcd9337dcf67d5,7851ea709a5462f2c16adda42b47b265104430f168ab4b3740ca7095115dd4e8,2026-09-29T16:42:35.089233+09:00,2026-09-29T16:42:35.275236+09:00,"The checked discovered-state losing certificate contains 2 states (1 unsafe) and 1/1 initial states; its stored root buckets retain every adversarial outcome and identify the outcomes in this certificate (local closure evidence, not a unique causal explanation).","{""initial_examples"": [{""enabled_action_buckets"": [{""action"": ""ablation.merge.transfers"", ""controllable"": true, ""outcomes"": 1, ""outcomes_in_certificate_region"": 1, ""unsafe_outcome_examples"": [{""pending"": [], ""physical"": [[""NEW"", ""booting""], [""NEW"", ""booting""], [""NEW"", ""booting""]], ""testers"": {""availability"": ""ERR_AVAILABILITY""}}], ""unsafe_outcomes"": 1, ""update"": true}, {""action"": ""serve_1"", ""controllable"": true, ""outcomes"": 1, ""outcomes_in_certificate_region"": 1, ""unsafe_outcome_examples"": [], ""unsafe_outcomes"": 0, ""update"": false}, {""action"": ""serve_2"", ""controllable"": true, ""outcomes"": 1, ""outcomes_in_certificate_region"": 1, ""unsafe_outcome_examples"": [], ""unsafe_outcomes"": 0, ""update"": false}, {""action"": ""serve_3"", ""controllable"": true, ""outcomes"": 1, ""outcomes_in_certificate_region"": 1, ""unsafe_outcome_examples"": [], ""unsafe_outcomes"": 0, ""update"": false}], ""pending"": [""ablation.merge.transfers""], ""physical"": [[""OLD"", ""ready""], [""OLD"", ""ready""], [""OLD"", ""ready""]], ""safe"": true, ""testers"": {""availability"": ""q3""}}], ""initial_examples_limit"": 3, ""initial_states"": 1, ""losing_initial_states"": 1, ""region_states"": 2, ""safe_region_states"": 1, ""scope"": ""checked discovered-state losing certificate; sampled local root closure evidence, not a unique whole-game causal explanation"", ""unsafe_region_states"": 1}",raw/series/rolling_n03_m02_k01_e1merged/result.json,raw/series/rolling_n03_m02_k01_e1merged/certificate.json,
89,rolling,v1,rolling_n04_m01_k01_e1merged,"{""k"": 1, ""m"": 1, ""n"": 4}",inputs/rolling_n04_m01_k01.json,transfers,lazy,LOSS,LOSS,LOSS,PASS,2,1,5,5,5,,2,2,,0.018636542,0.002056333,0.011053625,PASS,NOT_APPLICABLE_LOSS,PASS,0.18274116702377796,2,64ed75c6567b6fda8216da9f14c16b134bc641adaee2521588749712f4edbaad,ff1e6b176f004ea85f1e99690a90388a6a4d24f44cd8d8e636fcd9337dcf67d5,7851ea709a5462f2c16adda42b47b265104430f168ab4b3740ca7095115dd4e8,2026-09-29T16:42:35.704477+09:00,2026-09-29T16:42:35.887490+09:00,"The checked discovered-state losing certificate contains 2 states (1 unsafe) and 1/1 initial states; its stored root buckets retain every adversarial outcome and identify the outcomes in this certificate (local closure evidence, not a unique causal explanation).","{""initial_examples"": [{""enabled_action_buckets"": [{""action"": ""ablation.merge.transfers"", ""controllable"": true, ""outcomes"": 1, ""outcomes_in_certificate_region"": 1, ""unsafe_outcome_examples"": [{""pending"": [], ""physical"": [[""NEW"", ""booting""], [""NEW"", ""booting""], [""NEW"", ""booting""], [""NEW"", ""booting""]], ""testers"": {""availability"": ""ERR_AVAILABILITY""}}], ""unsafe_outcomes"": 1, ""update"": true}, {""action"": ""serve_1"", ""controllable"": true, ""outcomes"": 1, ""outcomes_in_certificate_region"": 1, ""unsafe_outcome_examples"": [], ""unsafe_outcomes"": 0, ""update"": false}, {""action"": ""serve_2"", ""controllable"": true, ""outcomes"": 1, ""outcomes_in_certificate_region"": 1, ""unsafe_outcome_examples"": [], ""unsafe_outcomes"": 0, ""update"": false}, {""action"": ""serve_3"", ""controllable"": true, ""outcomes"": 1, ""outcomes_in_certificate_region"": 1, ""unsafe_outcome_examples"": [], ""unsafe_outcomes"": 0, ""update"": false}, {""action"": ""serve_4"", ""controllable"": true, ""outcomes"": 1, ""outcomes_in_certificate_region"": 1, ""unsafe_outcome_examples"": [], ""unsafe_outcomes"": 0, ""update"": false}], ""pending"": [""ablation.merge.transfers""], ""physical"": [[""OLD"", ""ready""], [""OLD"", ""ready""], [""OLD"", ""ready""], [""OLD"", ""ready""]], ""safe"": true, ""testers"": {""availability"": ""q4""}}], ""initial_examples_limit"": 3, ""initial_states"": 1, ""losing_initial_states"": 1, ""region_states"": 2, ""safe_region_states"": 1, ""scope"": ""checked discovered-state losing certificate; sampled local root closure evidence, not a unique whole-game causal explanation"", ""unsafe_region_states"": 1}",raw/series/rolling_n04_m01_k01_e1merged/result.json,raw/series/rolling_n04_m01_k01_e1merged/certificate.json,
90,rolling,v1,rolling_n04_m02_k01_e1merged,"{""k"": 1, ""m"": 2, ""n"": 4}",inputs/rolling_n04_m02_k01.json,transfers,lazy,LOSS,LOSS,LOSS,PASS,2,1,5,5,5,,2,2,,0.01836525,0.001956583,0.011252167,PASS,NOT_APPLICABLE_LOSS,PASS,0.18348512501688674,2,db012b49964fc5527b64b40fa87b97b67bbcab09e6190d8316fd40c98ba23ee1,ff1e6b176f004ea85f1e99690a90388a6a4d24f44cd8d8e636fcd9337dcf67d5,7851ea709a5462f2c16adda42b47b265104430f168ab4b3740ca7095115dd4e8,2026-09-29T16:42:36.317198+09:00,2026-09-29T16:42:36.500978+09:00,"The checked discovered-state losing certificate contains 2 states (1 unsafe) and 1/1 initial states; its stored root buckets retain every adversarial outcome and identify the outcomes in this certificate (local closure evidence, not a unique causal explanation).","{""initial_examples"": [{""enabled_action_buckets"": [{""action"": ""ablation.merge.transfers"", ""controllable"": true, ""outcomes"": 1, ""outcomes_in_certificate_region"": 1, ""unsafe_outcome_examples"": [{""pending"": [], ""physical"": [[""NEW"", ""booting""], [""NEW"", ""booting""], [""NEW"", ""booting""], [""NEW"", ""booting""]], ""testers"": {""availability"": ""ERR_AVAILABILITY""}}], ""unsafe_outcomes"": 1, ""update"": true}, {""action"": ""serve_1"", ""controllable"": true, ""outcomes"": 1, ""outcomes_in_certificate_region"": 1, ""unsafe_outcome_examples"": [], ""unsafe_outcomes"": 0, ""update"": false}, {""action"": ""serve_2"", ""controllable"": true, ""outcomes"": 1, ""outcomes_in_certificate_region"": 1, ""unsafe_outcome_examples"": [], ""unsafe_outcomes"": 0, ""update"": false}, {""action"": ""serve_3"", ""controllable"": true, ""outcomes"": 1, ""outcomes_in_certificate_region"": 1, ""unsafe_outcome_examples"": [], ""unsafe_outcomes"": 0, ""update"": false}, {""action"": ""serve_4"", ""controllable"": true, ""outcomes"": 1, ""outcomes_in_certificate_region"": 1, ""unsafe_outcome_examples"": [], ""unsafe_outcomes"": 0, ""update"": false}], ""pending"": [""ablation.merge.transfers""], ""physical"": [[""OLD"", ""ready""], [""OLD"", ""ready""], [""OLD"", ""ready""], [""OLD"", ""ready""]], ""safe"": true, ""testers"": {""availability"": ""q4""}}], ""initial_examples_limit"": 3, ""initial_states"": 1, ""losing_initial_states"": 1, ""region_states"": 2, ""safe_region_states"": 1, ""scope"": ""checked discovered-state losing certificate; sampled local root closure evidence, not a unique whole-game causal explanation"", ""unsafe_region_states"": 1}",raw/series/rolling_n04_m02_k01_e1merged/result.json,raw/series/rolling_n04_m02_k01_e1merged/certificate.json,
91,rolling,v1,rolling_n04_m03_k01_e1merged,"{""k"": 1, ""m"": 3, ""n"": 4}",inputs/rolling_n04_m03_k01.json,transfers,lazy,LOSS,LOSS,LOSS,PASS,2,1,5,5,5,,2,2,,0.018363333,0.00187475,0.011179167,PASS,NOT_APPLICABLE_LOSS,PASS,0.18314579100115225,2,fb8968a385d4c8a6bcb696decc87067be215310761779e39340abc6bd3375ce7,ff1e6b176f004ea85f1e99690a90388a6a4d24f44cd8d8e636fcd9337dcf67d5,7851ea709a5462f2c16adda42b47b265104430f168ab4b3740ca7095115dd4e8,2026-09-29T16:42:36.933526+09:00,2026-09-29T16:42:37.116973+09:00,"The checked discovered-state losing certificate contains 2 states (1 unsafe) and 1/1 initial states; its stored root buckets retain every adversarial outcome and identify the outcomes in this certificate (local closure evidence, not a unique causal explanation).","{""initial_examples"": [{""enabled_action_buckets"": [{""action"": ""ablation.merge.transfers"", ""controllable"": true, ""outcomes"": 1, ""outcomes_in_certificate_region"": 1, ""unsafe_outcome_examples"": [{""pending"": [], ""physical"": [[""NEW"", ""booting""], [""NEW"", ""booting""], [""NEW"", ""booting""], [""NEW"", ""booting""]], ""testers"": {""availability"": ""ERR_AVAILABILITY""}}], ""unsafe_outcomes"": 1, ""update"": true}, {""action"": ""serve_1"", ""controllable"": true, ""outcomes"": 1, ""outcomes_in_certificate_region"": 1, ""unsafe_outcome_examples"": [], ""unsafe_outcomes"": 0, ""update"": false}, {""action"": ""serve_2"", ""controllable"": true, ""outcomes"": 1, ""outcomes_in_certificate_region"": 1, ""unsafe_outcome_examples"": [], ""unsafe_outcomes"": 0, ""update"": false}, {""action"": ""serve_3"", ""controllable"": true, ""outcomes"": 1, ""outcomes_in_certificate_region"": 1, ""unsafe_outcome_examples"": [], ""unsafe_outcomes"": 0, ""update"": false}, {""action"": ""serve_4"", ""controllable"": true, ""outcomes"": 1, ""outcomes_in_certificate_region"": 1, ""unsafe_outcome_examples"": [], ""unsafe_outcomes"": 0, ""update"": false}], ""pending"": [""ablation.merge.transfers""], ""physical"": [[""OLD"", ""ready""], [""OLD"", ""ready""], [""OLD"", ""ready""], [""OLD"", ""ready""]], ""safe"": true, ""testers"": {""availability"": ""q4""}}], ""initial_examples_limit"": 3, ""initial_states"": 1, ""losing_initial_states"": 1, ""region_states"": 2, ""safe_region_states"": 1, ""scope"": ""checked discovered-state losing certificate; sampled local root closure evidence, not a unique whole-game causal explanation"", ""unsafe_region_states"": 1}",raw/series/rolling_n04_m03_k01_e1merged/result.json,raw/series/rolling_n04_m03_k01_e1merged/certificate.json,
92,rolling,v1,rolling_n05_m01_k01_e1merged,"{""k"": 1, ""m"": 1, ""n"": 5}",inputs/rolling_n05_m01_k01.json,transfers,lazy,LOSS,LOSS,LOSS,PASS,2,1,6,6,6,,2,2,,0.019754916,0.002369667,0.010738333,PASS,NOT_APPLICABLE_LOSS,PASS,0.23357670800760388,2,aaa3b9ac98649267f727e583f092ca60fa944f0114c19d174e73bbac7b02a5c7,ff1e6b176f004ea85f1e99690a90388a6a4d24f44cd8d8e636fcd9337dcf67d5,7851ea709a5462f2c16adda42b47b265104430f168ab4b3740ca7095115dd4e8,2026-09-29T16:42:37.549575+09:00,2026-09-29T16:42:37.783420+09:00,"The checked discovered-state losing certificate contains 2 states (1 unsafe) and 1/1 initial states; its stored root buckets retain every adversarial outcome and identify the outcomes in this certificate (local closure evidence, not a unique causal explanation).","{""initial_examples"": [{""enabled_action_buckets"": [{""action"": ""ablation.merge.transfers"", ""controllable"": true, ""outcomes"": 1, ""outcomes_in_certificate_region"": 1, ""unsafe_outcome_examples"": [{""pending"": [], ""physical"": [[""NEW"", ""booting""], [""NEW"", ""booting""], [""NEW"", ""booting""], [""NEW"", ""booting""], [""NEW"", ""booting""]], ""testers"": {""availability"": ""ERR_AVAILABILITY""}}], ""unsafe_outcomes"": 1, ""update"": true}, {""action"": ""serve_1"", ""controllable"": true, ""outcomes"": 1, ""outcomes_in_certificate_region"": 1, ""unsafe_outcome_examples"": [], ""unsafe_outcomes"": 0, ""update"": false}, {""action"": ""serve_2"", ""controllable"": true, ""outcomes"": 1, ""outcomes_in_certificate_region"": 1, ""unsafe_outcome_examples"": [], ""unsafe_outcomes"": 0, ""update"": false}, {""action"": ""serve_3"", ""controllable"": true, ""outcomes"": 1, ""outcomes_in_certificate_region"": 1, ""unsafe_outcome_examples"": [], ""unsafe_outcomes"": 0, ""update"": false}, {""action"": ""serve_4"", ""controllable"": true, ""outcomes"": 1, ""outcomes_in_certificate_region"": 1, ""unsafe_outcome_examples"": [], ""unsafe_outcomes"": 0, ""update"": false}, {""action"": ""serve_5"", ""controllable"": true, ""outcomes"": 1, ""outcomes_in_certificate_region"": 1, ""unsafe_outcome_examples"": [], ""unsafe_outcomes"": 0, ""update"": false}], ""pending"": [""ablation.merge.transfers""], ""physical"": [[""OLD"", ""ready""], [""OLD"", ""ready""], [""OLD"", ""ready""], [""OLD"", ""ready""], [""OLD"", ""ready""]], ""safe"": true, ""testers"": {""availability"": ""q5""}}], ""initial_examples_limit"": 3, ""initial_states"": 1, ""losing_initial_states"": 1, ""region_states"": 2, ""safe_region_states"": 1, ""scope"": ""checked discovered-state losing certificate; sampled local root closure evidence, not a unique whole-game causal explanation"", ""unsafe_region_states"": 1}",raw/series/rolling_n05_m01_k01_e1merged/result.json,raw/series/rolling_n05_m01_k01_e1merged/certificate.json,
93,rolling,v1,rolling_n05_m02_k01_e1merged,"{""k"": 1, ""m"": 2, ""n"": 5}",inputs/rolling_n05_m02_k01.json,transfers,lazy,LOSS,LOSS,LOSS,PASS,2,1,6,6,6,,2,2,,0.019951167,0.002456792,0.010602125,PASS,NOT_APPLICABLE_LOSS,PASS,0.2348290840163827,2,8831abb7e1ccee1223dfdc57e980f2aa35d1ba57f55db0f58acbe74dd5bb9277,ff1e6b176f004ea85f1e99690a90388a6a4d24f44cd8d8e636fcd9337dcf67d5,7851ea709a5462f2c16adda42b47b265104430f168ab4b3740ca7095115dd4e8,2026-09-29T16:42:38.219855+09:00,2026-09-29T16:42:38.454989+09:00,"The checked discovered-state losing certificate contains 2 states (1 unsafe) and 1/1 initial states; its stored root buckets retain every adversarial outcome and identify the outcomes in this certificate (local closure evidence, not a unique causal explanation).","{""initial_examples"": [{""enabled_action_buckets"": [{""action"": ""ablation.merge.transfers"", ""controllable"": true, ""outcomes"": 1, ""outcomes_in_certificate_region"": 1, ""unsafe_outcome_examples"": [{""pending"": [], ""physical"": [[""NEW"", ""booting""], [""NEW"", ""booting""], [""NEW"", ""booting""], [""NEW"", ""booting""], [""NEW"", ""booting""]], ""testers"": {""availability"": ""ERR_AVAILABILITY""}}], ""unsafe_outcomes"": 1, ""update"": true}, {""action"": ""serve_1"", ""controllable"": true, ""outcomes"": 1, ""outcomes_in_certificate_region"": 1, ""unsafe_outcome_examples"": [], ""unsafe_outcomes"": 0, ""update"": false}, {""action"": ""serve_2"", ""controllable"": true, ""outcomes"": 1, ""outcomes_in_certificate_region"": 1, ""unsafe_outcome_examples"": [], ""unsafe_outcomes"": 0, ""update"": false}, {""action"": ""serve_3"", ""controllable"": true, ""outcomes"": 1, ""outcomes_in_certificate_region"": 1, ""unsafe_outcome_examples"": [], ""unsafe_outcomes"": 0, ""update"": false}, {""action"": ""serve_4"", ""controllable"": true, ""outcomes"": 1, ""outcomes_in_certificate_region"": 1, ""unsafe_outcome_examples"": [], ""unsafe_outcomes"": 0, ""update"": false}, {""action"": ""serve_5"", ""controllable"": true, ""outcomes"": 1, ""outcomes_in_certificate_region"": 1, ""unsafe_outcome_examples"": [], ""unsafe_outcomes"": 0, ""update"": false}], ""pending"": [""ablation.merge.transfers""], ""physical"": [[""OLD"", ""ready""], [""OLD"", ""ready""], [""OLD"", ""ready""], [""OLD"", ""ready""], [""OLD"", ""ready""]], ""safe"": true, ""testers"": {""availability"": ""q5""}}], ""initial_examples_limit"": 3, ""initial_states"": 1, ""losing_initial_states"": 1, ""region_states"": 2, ""safe_region_states"": 1, ""scope"": ""checked discovered-state losing certificate; sampled local root closure evidence, not a unique whole-game causal explanation"", ""unsafe_region_states"": 1}",raw/series/rolling_n05_m02_k01_e1merged/result.json,raw/series/rolling_n05_m02_k01_e1merged/certificate.json,
94,rolling,v1,rolling_n05_m03_k01_e1merged,"{""k"": 1, ""m"": 3, ""n"": 5}",inputs/rolling_n05_m03_k01.json,transfers,lazy,LOSS,LOSS,LOSS,PASS,2,1,6,6,6,,2,2,,0.018932791,0.002263583,0.011493167,PASS,NOT_APPLICABLE_LOSS,PASS,0.18528874998446554,2,03ff5ec0c2f4395de3e57197ef13d6459633bde2711fd4d2300f899618b80b23,ff1e6b176f004ea85f1e99690a90388a6a4d24f44cd8d8e636fcd9337dcf67d5,7851ea709a5462f2c16adda42b47b265104430f168ab4b3740ca7095115dd4e8,2026-09-29T16:42:38.891000+09:00,2026-09-29T16:42:39.076584+09:00,"The checked discovered-state losing certificate contains 2 states (1 unsafe) and 1/1 initial states; its stored root buckets retain every adversarial outcome and identify the outcomes in this certificate (local closure evidence, not a unique causal explanation).","{""initial_examples"": [{""enabled_action_buckets"": [{""action"": ""ablation.merge.transfers"", ""controllable"": true, ""outcomes"": 1, ""outcomes_in_certificate_region"": 1, ""unsafe_outcome_examples"": [{""pending"": [], ""physical"": [[""NEW"", ""booting""], [""NEW"", ""booting""], [""NEW"", ""booting""], [""NEW"", ""booting""], [""NEW"", ""booting""]], ""testers"": {""availability"": ""ERR_AVAILABILITY""}}], ""unsafe_outcomes"": 1, ""update"": true}, {""action"": ""serve_1"", ""controllable"": true, ""outcomes"": 1, ""outcomes_in_certificate_region"": 1, ""unsafe_outcome_examples"": [], ""unsafe_outcomes"": 0, ""update"": false}, {""action"": ""serve_2"", ""controllable"": true, ""outcomes"": 1, ""outcomes_in_certificate_region"": 1, ""unsafe_outcome_examples"": [], ""unsafe_outcomes"": 0, ""update"": false}, {""action"": ""serve_3"", ""controllable"": true, ""outcomes"": 1, ""outcomes_in_certificate_region"": 1, ""unsafe_outcome_examples"": [], ""unsafe_outcomes"": 0, ""update"": false}, {""action"": ""serve_4"", ""controllable"": true, ""outcomes"": 1, ""outcomes_in_certificate_region"": 1, ""unsafe_outcome_examples"": [], ""unsafe_outcomes"": 0, ""update"": false}, {""action"": ""serve_5"", ""controllable"": true, ""outcomes"": 1, ""outcomes_in_certificate_region"": 1, ""unsafe_outcome_examples"": [], ""unsafe_outcomes"": 0, ""update"": false}], ""pending"": [""ablation.merge.transfers""], ""physical"": [[""OLD"", ""ready""], [""OLD"", ""ready""], [""OLD"", ""ready""], [""OLD"", ""ready""], [""OLD"", ""ready""]], ""safe"": true, ""testers"": {""availability"": ""q5""}}], ""initial_examples_limit"": 3, ""initial_states"": 1, ""losing_initial_states"": 1, ""region_states"": 2, ""safe_region_states"": 1, ""scope"": ""checked discovered-state losing certificate; sampled local root closure evidence, not a unique whole-game causal explanation"", ""unsafe_region_states"": 1}",raw/series/rolling_n05_m03_k01_e1merged/result.json,raw/series/rolling_n05_m03_k01_e1merged/certificate.json,
95,rolling,v1,rolling_n05_m04_k01_e1merged,"{""k"": 1, ""m"": 4, ""n"": 5}",inputs/rolling_n05_m04_k01.json,transfers,lazy,LOSS,LOSS,LOSS,PASS,2,1,6,6,6,,2,2,,0.019123958,0.003289833,0.010668666,PASS,NOT_APPLICABLE_LOSS,PASS,0.23662333301035687,2,f34e6026e14a6336cd54789750c086ea5371b5dfdd9a93a86da277c4ce353d38,ff1e6b176f004ea85f1e99690a90388a6a4d24f44cd8d8e636fcd9337dcf67d5,7851ea709a5462f2c16adda42b47b265104430f168ab4b3740ca7095115dd4e8,2026-09-29T16:42:39.518120+09:00,2026-09-29T16:42:39.755053+09:00,"The checked discovered-state losing certificate contains 2 states (1 unsafe) and 1/1 initial states; its stored root buckets retain every adversarial outcome and identify the outcomes in this certificate (local closure evidence, not a unique causal explanation).","{""initial_examples"": [{""enabled_action_buckets"": [{""action"": ""ablation.merge.transfers"", ""controllable"": true, ""outcomes"": 1, ""outcomes_in_certificate_region"": 1, ""unsafe_outcome_examples"": [{""pending"": [], ""physical"": [[""NEW"", ""booting""], [""NEW"", ""booting""], [""NEW"", ""booting""], [""NEW"", ""booting""], [""NEW"", ""booting""]], ""testers"": {""availability"": ""ERR_AVAILABILITY""}}], ""unsafe_outcomes"": 1, ""update"": true}, {""action"": ""serve_1"", ""controllable"": true, ""outcomes"": 1, ""outcomes_in_certificate_region"": 1, ""unsafe_outcome_examples"": [], ""unsafe_outcomes"": 0, ""update"": false}, {""action"": ""serve_2"", ""controllable"": true, ""outcomes"": 1, ""outcomes_in_certificate_region"": 1, ""unsafe_outcome_examples"": [], ""unsafe_outcomes"": 0, ""update"": false}, {""action"": ""serve_3"", ""controllable"": true, ""outcomes"": 1, ""outcomes_in_certificate_region"": 1, ""unsafe_outcome_examples"": [], ""unsafe_outcomes"": 0, ""update"": false}, {""action"": ""serve_4"", ""controllable"": true, ""outcomes"": 1, ""outcomes_in_certificate_region"": 1, ""unsafe_outcome_examples"": [], ""unsafe_outcomes"": 0, ""update"": false}, {""action"": ""serve_5"", ""controllable"": true, ""outcomes"": 1, ""outcomes_in_certificate_region"": 1, ""unsafe_outcome_examples"": [], ""unsafe_outcomes"": 0, ""update"": false}], ""pending"": [""ablation.merge.transfers""], ""physical"": [[""OLD"", ""ready""], [""OLD"", ""ready""], [""OLD"", ""ready""], [""OLD"", ""ready""], [""OLD"", ""ready""]], ""safe"": true, ""testers"": {""availability"": ""q5""}}], ""initial_examples_limit"": 3, ""initial_states"": 1, ""losing_initial_states"": 1, ""region_states"": 2, ""safe_region_states"": 1, ""scope"": ""checked discovered-state losing certificate; sampled local root closure evidence, not a unique whole-game causal explanation"", ""unsafe_region_states"": 1}",raw/series/rolling_n05_m04_k01_e1merged/result.json,raw/series/rolling_n05_m04_k01_e1merged/certificate.json,
96,rolling,v1,rolling_n06_m01_k01_e1merged,"{""k"": 1, ""m"": 1, ""n"": 6}",inputs/rolling_n06_m01_k01.json,transfers,lazy,LOSS,LOSS,LOSS,PASS,2,1,7,7,7,,2,2,,0.020786542,0.00258225,0.010767084,PASS,NOT_APPLICABLE_LOSS,PASS,0.239999582991004,2,76d9d49c553d2d7fcaa5c2f360823ca286a0dad138982d188cf14fc5e54f1df7,ff1e6b176f004ea85f1e99690a90388a6a4d24f44cd8d8e636fcd9337dcf67d5,7851ea709a5462f2c16adda42b47b265104430f168ab4b3740ca7095115dd4e8,2026-09-29T16:42:40.193059+09:00,2026-09-29T16:42:40.433352+09:00,"The checked discovered-state losing certificate contains 2 states (1 unsafe) and 1/1 initial states; its stored root buckets retain every adversarial outcome and identify the outcomes in this certificate (local closure evidence, not a unique causal explanation).","{""initial_examples"": [{""enabled_action_buckets"": [{""action"": ""ablation.merge.transfers"", ""controllable"": true, ""outcomes"": 1, ""outcomes_in_certificate_region"": 1, ""unsafe_outcome_examples"": [{""pending"": [], ""physical"": [[""NEW"", ""booting""], [""NEW"", ""booting""], [""NEW"", ""booting""], [""NEW"", ""booting""], [""NEW"", ""booting""], [""NEW"", ""booting""]], ""testers"": {""availability"": ""ERR_AVAILABILITY""}}], ""unsafe_outcomes"": 1, ""update"": true}, {""action"": ""serve_1"", ""controllable"": true, ""outcomes"": 1, ""outcomes_in_certificate_region"": 1, ""unsafe_outcome_examples"": [], ""unsafe_outcomes"": 0, ""update"": false}, {""action"": ""serve_2"", ""controllable"": true, ""outcomes"": 1, ""outcomes_in_certificate_region"": 1, ""unsafe_outcome_examples"": [], ""unsafe_outcomes"": 0, ""update"": false}, {""action"": ""serve_3"", ""controllable"": true, ""outcomes"": 1, ""outcomes_in_certificate_region"": 1, ""unsafe_outcome_examples"": [], ""unsafe_outcomes"": 0, ""update"": false}, {""action"": ""serve_4"", ""controllable"": true, ""outcomes"": 1, ""outcomes_in_certificate_region"": 1, ""unsafe_outcome_examples"": [], ""unsafe_outcomes"": 0, ""update"": false}, {""action"": ""serve_5"", ""controllable"": true, ""outcomes"": 1, ""outcomes_in_certificate_region"": 1, ""unsafe_outcome_examples"": [], ""unsafe_outcomes"": 0, ""update"": false}, {""action"": ""serve_6"", ""controllable"": true, ""outcomes"": 1, ""outcomes_in_certificate_region"": 1, ""unsafe_outcome_examples"": [], ""unsafe_outcomes"": 0, ""update"": false}], ""pending"": [""ablation.merge.transfers""], ""physical"": [[""OLD"", ""ready""], [""OLD"", ""ready""], [""OLD"", ""ready""], [""OLD"", ""ready""], [""OLD"", ""ready""], [""OLD"", ""ready""]], ""safe"": true, ""testers"": {""availability"": ""q6""}}], ""initial_examples_limit"": 3, ""initial_states"": 1, ""losing_initial_states"": 1, ""region_states"": 2, ""safe_region_states"": 1, ""scope"": ""checked discovered-state losing certificate; sampled local root closure evidence, not a unique whole-game causal explanation"", ""unsafe_region_states"": 1}",raw/series/rolling_n06_m01_k01_e1merged/result.json,raw/series/rolling_n06_m01_k01_e1merged/certificate.json,
97,rolling,v1,rolling_n06_m02_k01_e1merged,"{""k"": 1, ""m"": 2, ""n"": 6}",inputs/rolling_n06_m02_k01.json,transfers,lazy,LOSS,LOSS,LOSS,PASS,2,1,7,7,7,,2,2,,0.020461083,0.002153,0.01076975,PASS,NOT_APPLICABLE_LOSS,PASS,0.23850154201500118,2,f0e3f9ebcd19461a807b288ed74d7ba5d958b1dd9e24d2775bb5aafe7b01d078,ff1e6b176f004ea85f1e99690a90388a6a4d24f44cd8d8e636fcd9337dcf67d5,7851ea709a5462f2c16adda42b47b265104430f168ab4b3740ca7095115dd4e8,2026-09-29T16:42:40.871234+09:00,2026-09-29T16:42:41.110027+09:00,"The checked discovered-state losing certificate contains 2 states (1 unsafe) and 1/1 initial states; its stored root buckets retain every adversarial outcome and identify the outcomes in this certificate (local closure evidence, not a unique causal explanation).","{""initial_examples"": [{""enabled_action_buckets"": [{""action"": ""ablation.merge.transfers"", ""controllable"": true, ""outcomes"": 1, ""outcomes_in_certificate_region"": 1, ""unsafe_outcome_examples"": [{""pending"": [], ""physical"": [[""NEW"", ""booting""], [""NEW"", ""booting""], [""NEW"", ""booting""], [""NEW"", ""booting""], [""NEW"", ""booting""], [""NEW"", ""booting""]], ""testers"": {""availability"": ""ERR_AVAILABILITY""}}], ""unsafe_outcomes"": 1, ""update"": true}, {""action"": ""serve_1"", ""controllable"": true, ""outcomes"": 1, ""outcomes_in_certificate_region"": 1, ""unsafe_outcome_examples"": [], ""unsafe_outcomes"": 0, ""update"": false}, {""action"": ""serve_2"", ""controllable"": true, ""outcomes"": 1, ""outcomes_in_certificate_region"": 1, ""unsafe_outcome_examples"": [], ""unsafe_outcomes"": 0, ""update"": false}, {""action"": ""serve_3"", ""controllable"": true, ""outcomes"": 1, ""outcomes_in_certificate_region"": 1, ""unsafe_outcome_examples"": [], ""unsafe_outcomes"": 0, ""update"": false}, {""action"": ""serve_4"", ""controllable"": true, ""outcomes"": 1, ""outcomes_in_certificate_region"": 1, ""unsafe_outcome_examples"": [], ""unsafe_outcomes"": 0, ""update"": false}, {""action"": ""serve_5"", ""controllable"": true, ""outcomes"": 1, ""outcomes_in_certificate_region"": 1, ""unsafe_outcome_examples"": [], ""unsafe_outcomes"": 0, ""update"": false}, {""action"": ""serve_6"", ""controllable"": true, ""outcomes"": 1, ""outcomes_in_certificate_region"": 1, ""unsafe_outcome_examples"": [], ""unsafe_outcomes"": 0, ""update"": false}], ""pending"": [""ablation.merge.transfers""], ""physical"": [[""OLD"", ""ready""], [""OLD"", ""ready""], [""OLD"", ""ready""], [""OLD"", ""ready""], [""OLD"", ""ready""], [""OLD"", ""ready""]], ""safe"": true, ""testers"": {""availability"": ""q6""}}], ""initial_examples_limit"": 3, ""initial_states"": 1, ""losing_initial_states"": 1, ""region_states"": 2, ""safe_region_states"": 1, ""scope"": ""checked discovered-state losing certificate; sampled local root closure evidence, not a unique whole-game causal explanation"", ""unsafe_region_states"": 1}",raw/series/rolling_n06_m02_k01_e1merged/result.json,raw/series/rolling_n06_m02_k01_e1merged/certificate.json,
98,rolling,v1,rolling_n06_m03_k01_e1merged,"{""k"": 1, ""m"": 3, ""n"": 6}",inputs/rolling_n06_m03_k01.json,transfers,lazy,LOSS,LOSS,LOSS,PASS,2,1,7,7,7,,2,2,,0.019890042,0.002451625,0.010382333,PASS,NOT_APPLICABLE_LOSS,PASS,0.23591029201634228,2,06c1eacf3946723fa8eb324596036cac81e324280c4b27168c545ceb94b428b9,ff1e6b176f004ea85f1e99690a90388a6a4d24f44cd8d8e636fcd9337dcf67d5,7851ea709a5462f2c16adda42b47b265104430f168ab4b3740ca7095115dd4e8,2026-09-29T16:42:41.549067+09:00,2026-09-29T16:42:41.785250+09:00,"The checked discovered-state losing certificate contains 2 states (1 unsafe) and 1/1 initial states; its stored root buckets retain every adversarial outcome and identify the outcomes in this certificate (local closure evidence, not a unique causal explanation).","{""initial_examples"": [{""enabled_action_buckets"": [{""action"": ""ablation.merge.transfers"", ""controllable"": true, ""outcomes"": 1, ""outcomes_in_certificate_region"": 1, ""unsafe_outcome_examples"": [{""pending"": [], ""physical"": [[""NEW"", ""booting""], [""NEW"", ""booting""], [""NEW"", ""booting""], [""NEW"", ""booting""], [""NEW"", ""booting""], [""NEW"", ""booting""]], ""testers"": {""availability"": ""ERR_AVAILABILITY""}}], ""unsafe_outcomes"": 1, ""update"": true}, {""action"": ""serve_1"", ""controllable"": true, ""outcomes"": 1, ""outcomes_in_certificate_region"": 1, ""unsafe_outcome_examples"": [], ""unsafe_outcomes"": 0, ""update"": false}, {""action"": ""serve_2"", ""controllable"": true, ""outcomes"": 1, ""outcomes_in_certificate_region"": 1, ""unsafe_outcome_examples"": [], ""unsafe_outcomes"": 0, ""update"": false}, {""action"": ""serve_3"", ""controllable"": true, ""outcomes"": 1, ""outcomes_in_certificate_region"": 1, ""unsafe_outcome_examples"": [], ""unsafe_outcomes"": 0, ""update"": false}, {""action"": ""serve_4"", ""controllable"": true, ""outcomes"": 1, ""outcomes_in_certificate_region"": 1, ""unsafe_outcome_examples"": [], ""unsafe_outcomes"": 0, ""update"": false}, {""action"": ""serve_5"", ""controllable"": true, ""outcomes"": 1, ""outcomes_in_certificate_region"": 1, ""unsafe_outcome_examples"": [], ""unsafe_outcomes"": 0, ""update"": false}, {""action"": ""serve_6"", ""controllable"": true, ""outcomes"": 1, ""outcomes_in_certificate_region"": 1, ""unsafe_outcome_examples"": [], ""unsafe_outcomes"": 0, ""update"": false}], ""pending"": [""ablation.merge.transfers""], ""physical"": [[""OLD"", ""ready""], [""OLD"", ""ready""], [""OLD"", ""ready""], [""OLD"", ""ready""], [""OLD"", ""ready""], [""OLD"", ""ready""]], ""safe"": true, ""testers"": {""availability"": ""q6""}}], ""initial_examples_limit"": 3, ""initial_states"": 1, ""losing_initial_states"": 1, ""region_states"": 2, ""safe_region_states"": 1, ""scope"": ""checked discovered-state losing certificate; sampled local root closure evidence, not a unique whole-game causal explanation"", ""unsafe_region_states"": 1}",raw/series/rolling_n06_m03_k01_e1merged/result.json,raw/series/rolling_n06_m03_k01_e1merged/certificate.json,
99,rolling,v1,rolling_n06_m04_k01_e1merged,"{""k"": 1, ""m"": 4, ""n"": 6}",inputs/rolling_n06_m04_k01.json,transfers,lazy,LOSS,LOSS,LOSS,PASS,2,1,7,7,7,,2,2,,0.019882709,0.002717,0.010219333,PASS,NOT_APPLICABLE_LOSS,PASS,0.24062791699543595,2,241bf79177223b7c639bb966e14660a63f58c260bf0ff2d2b8dc11bec323ff5e,ff1e6b176f004ea85f1e99690a90388a6a4d24f44cd8d8e636fcd9337dcf67d5,7851ea709a5462f2c16adda42b47b265104430f168ab4b3740ca7095115dd4e8,2026-09-29T16:42:42.225742+09:00,2026-09-29T16:42:42.466651+09:00,"The checked discovered-state losing certificate contains 2 states (1 unsafe) and 1/1 initial states; its stored root buckets retain every adversarial outcome and identify the outcomes in this certificate (local closure evidence, not a unique causal explanation).","{""initial_examples"": [{""enabled_action_buckets"": [{""action"": ""ablation.merge.transfers"", ""controllable"": true, ""outcomes"": 1, ""outcomes_in_certificate_region"": 1, ""unsafe_outcome_examples"": [{""pending"": [], ""physical"": [[""NEW"", ""booting""], [""NEW"", ""booting""], [""NEW"", ""booting""], [""NEW"", ""booting""], [""NEW"", ""booting""], [""NEW"", ""booting""]], ""testers"": {""availability"": ""ERR_AVAILABILITY""}}], ""unsafe_outcomes"": 1, ""update"": true}, {""action"": ""serve_1"", ""controllable"": true, ""outcomes"": 1, ""outcomes_in_certificate_region"": 1, ""unsafe_outcome_examples"": [], ""unsafe_outcomes"": 0, ""update"": false}, {""action"": ""serve_2"", ""controllable"": true, ""outcomes"": 1, ""outcomes_in_certificate_region"": 1, ""unsafe_outcome_examples"": [], ""unsafe_outcomes"": 0, ""update"": false}, {""action"": ""serve_3"", ""controllable"": true, ""outcomes"": 1, ""outcomes_in_certificate_region"": 1, ""unsafe_outcome_examples"": [], ""unsafe_outcomes"": 0, ""update"": false}, {""action"": ""serve_4"", ""controllable"": true, ""outcomes"": 1, ""outcomes_in_certificate_region"": 1, ""unsafe_outcome_examples"": [], ""unsafe_outcomes"": 0, ""update"": false}, {""action"": ""serve_5"", ""controllable"": true, ""outcomes"": 1, ""outcomes_in_certificate_region"": 1, ""unsafe_outcome_examples"": [], ""unsafe_outcomes"": 0, ""update"": false}, {""action"": ""serve_6"", ""controllable"": true, ""outcomes"": 1, ""outcomes_in_certificate_region"": 1, ""unsafe_outcome_examples"": [], ""unsafe_outcomes"": 0, ""update"": false}], ""pending"": [""ablation.merge.transfers""], ""physical"": [[""OLD"", ""ready""], [""OLD"", ""ready""], [""OLD"", ""ready""], [""OLD"", ""ready""], [""OLD"", ""ready""], [""OLD"", ""ready""]], ""safe"": true, ""testers"": {""availability"": ""q6""}}], ""initial_examples_limit"": 3, ""initial_states"": 1, ""losing_initial_states"": 1, ""region_states"": 2, ""safe_region_states"": 1, ""scope"": ""checked discovered-state losing certificate; sampled local root closure evidence, not a unique whole-game causal explanation"", ""unsafe_region_states"": 1}",raw/series/rolling_n06_m04_k01_e1merged/result.json,raw/series/rolling_n06_m04_k01_e1merged/certificate.json,
100,rolling,v1,rolling_n06_m05_k01_e1merged,"{""k"": 1, ""m"": 5, ""n"": 6}",inputs/rolling_n06_m05_k01.json,transfers,lazy,LOSS,LOSS,LOSS,PASS,2,1,7,7,7,,2,2,,0.019456083,0.002008083,0.010967042,PASS,NOT_APPLICABLE_LOSS,PASS,0.23475108400452882,2,7885c26852e8e89f58126cf08ea67ae2fbf2e9c0f71c98268c30e9168278fb7c,ff1e6b176f004ea85f1e99690a90388a6a4d24f44cd8d8e636fcd9337dcf67d5,7851ea709a5462f2c16adda42b47b265104430f168ab4b3740ca7095115dd4e8,2026-09-29T16:42:42.907121+09:00,2026-09-29T16:42:43.142261+09:00,"The checked discovered-state losing certificate contains 2 states (1 unsafe) and 1/1 initial states; its stored root buckets retain every adversarial outcome and identify the outcomes in this certificate (local closure evidence, not a unique causal explanation).","{""initial_examples"": [{""enabled_action_buckets"": [{""action"": ""ablation.merge.transfers"", ""controllable"": true, ""outcomes"": 1, ""outcomes_in_certificate_region"": 1, ""unsafe_outcome_examples"": [{""pending"": [], ""physical"": [[""NEW"", ""booting""], [""NEW"", ""booting""], [""NEW"", ""booting""], [""NEW"", ""booting""], [""NEW"", ""booting""], [""NEW"", ""booting""]], ""testers"": {""availability"": ""ERR_AVAILABILITY""}}], ""unsafe_outcomes"": 1, ""update"": true}, {""action"": ""serve_1"", ""controllable"": true, ""outcomes"": 1, ""outcomes_in_certificate_region"": 1, ""unsafe_outcome_examples"": [], ""unsafe_outcomes"": 0, ""update"": false}, {""action"": ""serve_2"", ""controllable"": true, ""outcomes"": 1, ""outcomes_in_certificate_region"": 1, ""unsafe_outcome_examples"": [], ""unsafe_outcomes"": 0, ""update"": false}, {""action"": ""serve_3"", ""controllable"": true, ""outcomes"": 1, ""outcomes_in_certificate_region"": 1, ""unsafe_outcome_examples"": [], ""unsafe_outcomes"": 0, ""update"": false}, {""action"": ""serve_4"", ""controllable"": true, ""outcomes"": 1, ""outcomes_in_certificate_region"": 1, ""unsafe_outcome_examples"": [], ""unsafe_outcomes"": 0, ""update"": false}, {""action"": ""serve_5"", ""controllable"": true, ""outcomes"": 1, ""outcomes_in_certificate_region"": 1, ""unsafe_outcome_examples"": [], ""unsafe_outcomes"": 0, ""update"": false}, {""action"": ""serve_6"", ""controllable"": true, ""outcomes"": 1, ""outcomes_in_certificate_region"": 1, ""unsafe_outcome_examples"": [], ""unsafe_outcomes"": 0, ""update"": false}], ""pending"": [""ablation.merge.transfers""], ""physical"": [[""OLD"", ""ready""], [""OLD"", ""ready""], [""OLD"", ""ready""], [""OLD"", ""ready""], [""OLD"", ""ready""], [""OLD"", ""ready""]], ""safe"": true, ""testers"": {""availability"": ""q6""}}], ""initial_examples_limit"": 3, ""initial_states"": 1, ""losing_initial_states"": 1, ""region_states"": 2, ""safe_region_states"": 1, ""scope"": ""checked discovered-state losing certificate; sampled local root closure evidence, not a unique whole-game causal explanation"", ""unsafe_region_states"": 1}",raw/series/rolling_n06_m05_k01_e1merged/result.json,raw/series/rolling_n06_m05_k01_e1merged/certificate.json,
