u00000	counter-chain	2,4,1,1	0-1;1-2;2-3	0	0	threshold	MMMM
u00001	counter-chain	2,4,1,1	0-1;1-2;2-3	0	0	tail	MMMM
u00002	counter-chain	2,4,1,1	0-1;1-2;2-3	0	1	threshold	MMMM
u00003	counter-chain	2,4,1,1	0-1;1-2;2-3	0	1	threshold	MMMF
u00004	counter-chain	2,4,1,1	0-1;1-2;2-3	0	1	threshold	MMFM
u00005	counter-chain	2,4,1,1	0-1;1-2;2-3	0	1	threshold	MFMM
u00006	counter-chain	2,4,1,1	0-1;1-2;2-3	0	1	threshold	FMMM
u00007	counter-chain	2,4,1,1	0-1;1-2;2-3	0	1	tail	MMMM
u00008	counter-chain	2,4,1,1	0-1;1-2;2-3	0	1	tail	MMMF
u00009	counter-chain	2,4,1,1	0-1;1-2;2-3	0	1	tail	MMFP
u00010	counter-chain	2,4,1,1	0-1;1-2;2-3	0	1	tail	MFMM
u00011	counter-chain	2,4,1,1	0-1;1-2;2-3	0	1	tail	FMPP
u00012	counter-chain	2,4,1,1	0-1;1-2;2-3	0	2	threshold	MMMM
u00013	counter-chain	2,4,1,1	0-1;1-2;2-3	0	2	threshold	MMMF
u00014	counter-chain	2,4,1,1	0-1;1-2;2-3	0	2	threshold	MMFM
u00015	counter-chain	2,4,1,1	0-1;1-2;2-3	0	2	threshold	MMFF
u00016	counter-chain	2,4,1,1	0-1;1-2;2-3	0	2	threshold	MFMM
u00017	counter-chain	2,4,1,1	0-1;1-2;2-3	0	2	threshold	MFMF
u00018	counter-chain	2,4,1,1	0-1;1-2;2-3	0	2	threshold	MFFM
u00019	counter-chain	2,4,1,1	0-1;1-2;2-3	0	2	threshold	FMMM
u00020	counter-chain	2,4,1,1	0-1;1-2;2-3	0	2	threshold	FMMF
u00021	counter-chain	2,4,1,1	0-1;1-2;2-3	0	2	threshold	FMFM
u00022	counter-chain	2,4,1,1	0-1;1-2;2-3	0	2	threshold	FFMM
u00023	counter-chain	2,4,1,1	0-1;1-2;2-3	0	2	tail	MMMM
u00024	counter-chain	2,4,1,1	0-1;1-2;2-3	0	2	tail	MMMF
u00025	counter-chain	2,4,1,1	0-1;1-2;2-3	0	2	tail	MMFP
u00026	counter-chain	2,4,1,1	0-1;1-2;2-3	0	2	tail	MFMM
u00027	counter-chain	2,4,1,1	0-1;1-2;2-3	0	2	tail	MFMF
u00028	counter-chain	2,4,1,1	0-1;1-2;2-3	0	2	tail	MFFP
u00029	counter-chain	2,4,1,1	0-1;1-2;2-3	0	2	tail	FMPP
u00030	counter-chain	2,4,1,1	0-1;1-2;2-3	0	2	tail	FFMM
u00031	counter-chain	2,4,1,1	0-1;1-2;2-3	0	3	threshold	MMMM
u00032	counter-chain	2,4,1,1	0-1;1-2;2-3	0	3	threshold	MMMF
u00033	counter-chain	2,4,1,1	0-1;1-2;2-3	0	3	threshold	MMFM
u00034	counter-chain	2,4,1,1	0-1;1-2;2-3	0	3	threshold	MMFF
u00035	counter-chain	2,4,1,1	0-1;1-2;2-3	0	3	threshold	MFMM
u00036	counter-chain	2,4,1,1	0-1;1-2;2-3	0	3	threshold	MFMF
u00037	counter-chain	2,4,1,1	0-1;1-2;2-3	0	3	threshold	MFFM
u00038	counter-chain	2,4,1,1	0-1;1-2;2-3	0	3	threshold	MFFF
u00039	counter-chain	2,4,1,1	0-1;1-2;2-3	0	3	threshold	FMMM
u00040	counter-chain	2,4,1,1	0-1;1-2;2-3	0	3	threshold	FMMF
u00041	counter-chain	2,4,1,1	0-1;1-2;2-3	0	3	threshold	FMFM
u00042	counter-chain	2,4,1,1	0-1;1-2;2-3	0	3	threshold	FMFF
u00043	counter-chain	2,4,1,1	0-1;1-2;2-3	0	3	threshold	FFMM
u00044	counter-chain	2,4,1,1	0-1;1-2;2-3	0	3	threshold	FFMF
u00045	counter-chain	2,4,1,1	0-1;1-2;2-3	0	3	threshold	FFFM
u00046	counter-chain	2,4,1,1	0-1;1-2;2-3	0	3	tail	MMMM
u00047	counter-chain	2,4,1,1	0-1;1-2;2-3	0	3	tail	MMMF
u00048	counter-chain	2,4,1,1	0-1;1-2;2-3	0	3	tail	MMFP
u00049	counter-chain	2,4,1,1	0-1;1-2;2-3	0	3	tail	MFMM
u00050	counter-chain	2,4,1,1	0-1;1-2;2-3	0	3	tail	MFMF
u00051	counter-chain	2,4,1,1	0-1;1-2;2-3	0	3	tail	MFFP
u00052	counter-chain	2,4,1,1	0-1;1-2;2-3	0	3	tail	FMPP
u00053	counter-chain	2,4,1,1	0-1;1-2;2-3	0	3	tail	FFMM
u00054	counter-chain	2,4,1,1	0-1;1-2;2-3	0	3	tail	FFMF
u00055	counter-chain	2,4,1,1	0-1;1-2;2-3	0	3	tail	FFFM
u00056	counter-chain	2,4,1,1	0-1;1-2;2-3	0	4	threshold	MMMM
u00057	counter-chain	2,4,1,1	0-1;1-2;2-3	0	4	threshold	MMMF
u00058	counter-chain	2,4,1,1	0-1;1-2;2-3	0	4	threshold	MMFM
u00059	counter-chain	2,4,1,1	0-1;1-2;2-3	0	4	threshold	MMFF
u00060	counter-chain	2,4,1,1	0-1;1-2;2-3	0	4	threshold	MFMM
u00061	counter-chain	2,4,1,1	0-1;1-2;2-3	0	4	threshold	MFMF
u00062	counter-chain	2,4,1,1	0-1;1-2;2-3	0	4	threshold	MFFM
u00063	counter-chain	2,4,1,1	0-1;1-2;2-3	0	4	threshold	MFFF
u00064	counter-chain	2,4,1,1	0-1;1-2;2-3	0	4	threshold	FMMM
u00065	counter-chain	2,4,1,1	0-1;1-2;2-3	0	4	threshold	FMMF
u00066	counter-chain	2,4,1,1	0-1;1-2;2-3	0	4	threshold	FMFM
u00067	counter-chain	2,4,1,1	0-1;1-2;2-3	0	4	threshold	FMFF
u00068	counter-chain	2,4,1,1	0-1;1-2;2-3	0	4	threshold	FFMM
u00069	counter-chain	2,4,1,1	0-1;1-2;2-3	0	4	threshold	FFMF
u00070	counter-chain	2,4,1,1	0-1;1-2;2-3	0	4	threshold	FFFM
u00071	counter-chain	2,4,1,1	0-1;1-2;2-3	0	4	threshold	FFFF
u00072	counter-chain	2,4,1,1	0-1;1-2;2-3	0	4	tail	MMMM
u00073	counter-chain	2,4,1,1	0-1;1-2;2-3	0	4	tail	MMMF
u00074	counter-chain	2,4,1,1	0-1;1-2;2-3	0	4	tail	MMFP
u00075	counter-chain	2,4,1,1	0-1;1-2;2-3	0	4	tail	MFMM
u00076	counter-chain	2,4,1,1	0-1;1-2;2-3	0	4	tail	MFMF
u00077	counter-chain	2,4,1,1	0-1;1-2;2-3	0	4	tail	MFFP
u00078	counter-chain	2,4,1,1	0-1;1-2;2-3	0	4	tail	FMPP
u00079	counter-chain	2,4,1,1	0-1;1-2;2-3	0	4	tail	FFMM
u00080	counter-chain	2,4,1,1	0-1;1-2;2-3	0	4	tail	FFMF
u00081	counter-chain	2,4,1,1	0-1;1-2;2-3	0	4	tail	FFFM
u00082	counter-chain	2,4,1,1	0-1;1-2;2-3	0	4	tail	FFFF
u00083	counter-chain	2,4,1,1	0-1;1-2;2-3	0	5	threshold	MMMM
u00084	counter-chain	2,4,1,1	0-1;1-2;2-3	0	5	threshold	MMMF
u00085	counter-chain	2,4,1,1	0-1;1-2;2-3	0	5	threshold	MMFM
u00086	counter-chain	2,4,1,1	0-1;1-2;2-3	0	5	threshold	MMFF
u00087	counter-chain	2,4,1,1	0-1;1-2;2-3	0	5	threshold	MFMM
u00088	counter-chain	2,4,1,1	0-1;1-2;2-3	0	5	threshold	MFMF
u00089	counter-chain	2,4,1,1	0-1;1-2;2-3	0	5	threshold	MFFM
u00090	counter-chain	2,4,1,1	0-1;1-2;2-3	0	5	threshold	MFFF
u00091	counter-chain	2,4,1,1	0-1;1-2;2-3	0	5	threshold	FMMM
u00092	counter-chain	2,4,1,1	0-1;1-2;2-3	0	5	threshold	FMMF
u00093	counter-chain	2,4,1,1	0-1;1-2;2-3	0	5	threshold	FMFM
u00094	counter-chain	2,4,1,1	0-1;1-2;2-3	0	5	threshold	FMFF
u00095	counter-chain	2,4,1,1	0-1;1-2;2-3	0	5	threshold	FFMM
u00096	counter-chain	2,4,1,1	0-1;1-2;2-3	0	5	threshold	FFMF
u00097	counter-chain	2,4,1,1	0-1;1-2;2-3	0	5	threshold	FFFM
u00098	counter-chain	2,4,1,1	0-1;1-2;2-3	0	5	threshold	FFFF
u00099	counter-chain	2,4,1,1	0-1;1-2;2-3	0	5	tail	MMMM
u00100	counter-chain	2,4,1,1	0-1;1-2;2-3	0	5	tail	MMMF
u00101	counter-chain	2,4,1,1	0-1;1-2;2-3	0	5	tail	MMFP
u00102	counter-chain	2,4,1,1	0-1;1-2;2-3	0	5	tail	MFMM
u00103	counter-chain	2,4,1,1	0-1;1-2;2-3	0	5	tail	MFMF
u00104	counter-chain	2,4,1,1	0-1;1-2;2-3	0	5	tail	MFFP
u00105	counter-chain	2,4,1,1	0-1;1-2;2-3	0	5	tail	FMPP
u00106	counter-chain	2,4,1,1	0-1;1-2;2-3	0	5	tail	FFMM
u00107	counter-chain	2,4,1,1	0-1;1-2;2-3	0	5	tail	FFMF
u00108	counter-chain	2,4,1,1	0-1;1-2;2-3	0	5	tail	FFFM
u00109	counter-chain	2,4,1,1	0-1;1-2;2-3	0	5	tail	FFFF
u00110	counter-chain	2,4,1,1	0-1;1-2;2-3	1	0	threshold	MMMM
u00111	counter-chain	2,4,1,1	0-1;1-2;2-3	1	0	tail	MMMM
u00112	counter-chain	2,4,1,1	0-1;1-2;2-3	1	1	threshold	MMMM
u00113	counter-chain	2,4,1,1	0-1;1-2;2-3	1	1	threshold	MMMFM
u00114	counter-chain	2,4,1,1	0-1;1-2;2-3	1	1	threshold	MMFMM
u00115	counter-chain	2,4,1,1	0-1;1-2;2-3	1	1	threshold	MFMMM
u00116	counter-chain	2,4,1,1	0-1;1-2;2-3	1	1	threshold	FMMMM
u00117	counter-chain	2,4,1,1	0-1;1-2;2-3	1	1	tail	MMMM
u00118	counter-chain	2,4,1,1	0-1;1-2;2-3	1	1	tail	MMMFM
u00119	counter-chain	2,4,1,1	0-1;1-2;2-3	1	1	tail	MMFMM
u00120	counter-chain	2,4,1,1	0-1;1-2;2-3	1	1	tail	MFMMM
u00121	counter-chain	2,4,1,1	0-1;1-2;2-3	1	1	tail	FMMMM
u00122	counter-chain	2,4,1,1	0-1;1-2;2-3	1	2	threshold	MMMM
u00123	counter-chain	2,4,1,1	0-1;1-2;2-3	1	2	threshold	MMMFM
u00124	counter-chain	2,4,1,1	0-1;1-2;2-3	1	2	threshold	MMMFF
u00125	counter-chain	2,4,1,1	0-1;1-2;2-3	1	2	threshold	MMFMM
u00126	counter-chain	2,4,1,1	0-1;1-2;2-3	1	2	threshold	MMFMF
u00127	counter-chain	2,4,1,1	0-1;1-2;2-3	1	2	threshold	MMFFM
u00128	counter-chain	2,4,1,1	0-1;1-2;2-3	1	2	threshold	MFMMM
u00129	counter-chain	2,4,1,1	0-1;1-2;2-3	1	2	threshold	MFMMF
u00130	counter-chain	2,4,1,1	0-1;1-2;2-3	1	2	threshold	MFMFM
u00131	counter-chain	2,4,1,1	0-1;1-2;2-3	1	2	threshold	MFFMM
u00132	counter-chain	2,4,1,1	0-1;1-2;2-3	1	2	threshold	FMMMM
u00133	counter-chain	2,4,1,1	0-1;1-2;2-3	1	2	threshold	FMMMF
u00134	counter-chain	2,4,1,1	0-1;1-2;2-3	1	2	threshold	FMMFM
u00135	counter-chain	2,4,1,1	0-1;1-2;2-3	1	2	threshold	FMFMM
u00136	counter-chain	2,4,1,1	0-1;1-2;2-3	1	2	threshold	FFMMM
u00137	counter-chain	2,4,1,1	0-1;1-2;2-3	1	2	tail	MMMM
u00138	counter-chain	2,4,1,1	0-1;1-2;2-3	1	2	tail	MMMFM
u00139	counter-chain	2,4,1,1	0-1;1-2;2-3	1	2	tail	MMMFF
u00140	counter-chain	2,4,1,1	0-1;1-2;2-3	1	2	tail	MMFMM
u00141	counter-chain	2,4,1,1	0-1;1-2;2-3	1	2	tail	MMFMF
u00142	counter-chain	2,4,1,1	0-1;1-2;2-3	1	2	tail	MMFFP
u00143	counter-chain	2,4,1,1	0-1;1-2;2-3	1	2	tail	MFMMM
u00144	counter-chain	2,4,1,1	0-1;1-2;2-3	1	2	tail	MFMMF
u00145	counter-chain	2,4,1,1	0-1;1-2;2-3	1	2	tail	MFMFP
u00146	counter-chain	2,4,1,1	0-1;1-2;2-3	1	2	tail	MFFMM
u00147	counter-chain	2,4,1,1	0-1;1-2;2-3	1	2	tail	FMMMM
u00148	counter-chain	2,4,1,1	0-1;1-2;2-3	1	2	tail	FMMMF
u00149	counter-chain	2,4,1,1	0-1;1-2;2-3	1	2	tail	FMMFP
u00150	counter-chain	2,4,1,1	0-1;1-2;2-3	1	2	tail	FMFMM
u00151	counter-chain	2,4,1,1	0-1;1-2;2-3	1	2	tail	FFMPP
u00152	counter-chain	2,4,1,1	0-1;1-2;2-3	1	3	threshold	MMMM
u00153	counter-chain	2,4,1,1	0-1;1-2;2-3	1	3	threshold	MMMFM
u00154	counter-chain	2,4,1,1	0-1;1-2;2-3	1	3	threshold	MMMFF
u00155	counter-chain	2,4,1,1	0-1;1-2;2-3	1	3	threshold	MMFMM
u00156	counter-chain	2,4,1,1	0-1;1-2;2-3	1	3	threshold	MMFMF
u00157	counter-chain	2,4,1,1	0-1;1-2;2-3	1	3	threshold	MMFFM
u00158	counter-chain	2,4,1,1	0-1;1-2;2-3	1	3	threshold	MMFFF
u00159	counter-chain	2,4,1,1	0-1;1-2;2-3	1	3	threshold	MFMMM
u00160	counter-chain	2,4,1,1	0-1;1-2;2-3	1	3	threshold	MFMMF
u00161	counter-chain	2,4,1,1	0-1;1-2;2-3	1	3	threshold	MFMFM
u00162	counter-chain	2,4,1,1	0-1;1-2;2-3	1	3	threshold	MFMFF
u00163	counter-chain	2,4,1,1	0-1;1-2;2-3	1	3	threshold	MFFMM
u00164	counter-chain	2,4,1,1	0-1;1-2;2-3	1	3	threshold	MFFMF
u00165	counter-chain	2,4,1,1	0-1;1-2;2-3	1	3	threshold	MFFFM
u00166	counter-chain	2,4,1,1	0-1;1-2;2-3	1	3	threshold	FMMMM
u00167	counter-chain	2,4,1,1	0-1;1-2;2-3	1	3	threshold	FMMMF
u00168	counter-chain	2,4,1,1	0-1;1-2;2-3	1	3	threshold	FMMFM
u00169	counter-chain	2,4,1,1	0-1;1-2;2-3	1	3	threshold	FMMFF
u00170	counter-chain	2,4,1,1	0-1;1-2;2-3	1	3	threshold	FMFMM
u00171	counter-chain	2,4,1,1	0-1;1-2;2-3	1	3	threshold	FMFMF
u00172	counter-chain	2,4,1,1	0-1;1-2;2-3	1	3	threshold	FMFFM
u00173	counter-chain	2,4,1,1	0-1;1-2;2-3	1	3	threshold	FFMMM
u00174	counter-chain	2,4,1,1	0-1;1-2;2-3	1	3	threshold	FFMMF
u00175	counter-chain	2,4,1,1	0-1;1-2;2-3	1	3	threshold	FFMFM
u00176	counter-chain	2,4,1,1	0-1;1-2;2-3	1	3	threshold	FFFMM
u00177	counter-chain	2,4,1,1	0-1;1-2;2-3	1	3	tail	MMMM
u00178	counter-chain	2,4,1,1	0-1;1-2;2-3	1	3	tail	MMMFM
u00179	counter-chain	2,4,1,1	0-1;1-2;2-3	1	3	tail	MMMFF
u00180	counter-chain	2,4,1,1	0-1;1-2;2-3	1	3	tail	MMFMM
u00181	counter-chain	2,4,1,1	0-1;1-2;2-3	1	3	tail	MMFMF
u00182	counter-chain	2,4,1,1	0-1;1-2;2-3	1	3	tail	MMFFP
u00183	counter-chain	2,4,1,1	0-1;1-2;2-3	1	3	tail	MFMMM
u00184	counter-chain	2,4,1,1	0-1;1-2;2-3	1	3	tail	MFMMF
u00185	counter-chain	2,4,1,1	0-1;1-2;2-3	1	3	tail	MFMFP
u00186	counter-chain	2,4,1,1	0-1;1-2;2-3	1	3	tail	MFFMM
u00187	counter-chain	2,4,1,1	0-1;1-2;2-3	1	3	tail	MFFMF
u00188	counter-chain	2,4,1,1	0-1;1-2;2-3	1	3	tail	MFFFP
u00189	counter-chain	2,4,1,1	0-1;1-2;2-3	1	3	tail	FMMMM
u00190	counter-chain	2,4,1,1	0-1;1-2;2-3	1	3	tail	FMMMF
u00191	counter-chain	2,4,1,1	0-1;1-2;2-3	1	3	tail	FMMFP
u00192	counter-chain	2,4,1,1	0-1;1-2;2-3	1	3	tail	FMFMM
u00193	counter-chain	2,4,1,1	0-1;1-2;2-3	1	3	tail	FMFMF
u00194	counter-chain	2,4,1,1	0-1;1-2;2-3	1	3	tail	FMFFP
u00195	counter-chain	2,4,1,1	0-1;1-2;2-3	1	3	tail	FFMPP
u00196	counter-chain	2,4,1,1	0-1;1-2;2-3	1	3	tail	FFFMM
u00197	counter-chain	2,4,1,1	0-1;1-2;2-3	1	4	threshold	MMMM
u00198	counter-chain	2,4,1,1	0-1;1-2;2-3	1	4	threshold	MMMFM
u00199	counter-chain	2,4,1,1	0-1;1-2;2-3	1	4	threshold	MMMFF
u00200	counter-chain	2,4,1,1	0-1;1-2;2-3	1	4	threshold	MMFMM
u00201	counter-chain	2,4,1,1	0-1;1-2;2-3	1	4	threshold	MMFMF
u00202	counter-chain	2,4,1,1	0-1;1-2;2-3	1	4	threshold	MMFFM
u00203	counter-chain	2,4,1,1	0-1;1-2;2-3	1	4	threshold	MMFFF
u00204	counter-chain	2,4,1,1	0-1;1-2;2-3	1	4	threshold	MFMMM
u00205	counter-chain	2,4,1,1	0-1;1-2;2-3	1	4	threshold	MFMMF
u00206	counter-chain	2,4,1,1	0-1;1-2;2-3	1	4	threshold	MFMFM
u00207	counter-chain	2,4,1,1	0-1;1-2;2-3	1	4	threshold	MFMFF
u00208	counter-chain	2,4,1,1	0-1;1-2;2-3	1	4	threshold	MFFMM
u00209	counter-chain	2,4,1,1	0-1;1-2;2-3	1	4	threshold	MFFMF
u00210	counter-chain	2,4,1,1	0-1;1-2;2-3	1	4	threshold	MFFFM
u00211	counter-chain	2,4,1,1	0-1;1-2;2-3	1	4	threshold	MFFFF
u00212	counter-chain	2,4,1,1	0-1;1-2;2-3	1	4	threshold	FMMMM
u00213	counter-chain	2,4,1,1	0-1;1-2;2-3	1	4	threshold	FMMMF
u00214	counter-chain	2,4,1,1	0-1;1-2;2-3	1	4	threshold	FMMFM
u00215	counter-chain	2,4,1,1	0-1;1-2;2-3	1	4	threshold	FMMFF
u00216	counter-chain	2,4,1,1	0-1;1-2;2-3	1	4	threshold	FMFMM
u00217	counter-chain	2,4,1,1	0-1;1-2;2-3	1	4	threshold	FMFMF
u00218	counter-chain	2,4,1,1	0-1;1-2;2-3	1	4	threshold	FMFFM
u00219	counter-chain	2,4,1,1	0-1;1-2;2-3	1	4	threshold	FMFFF
u00220	counter-chain	2,4,1,1	0-1;1-2;2-3	1	4	threshold	FFMMM
u00221	counter-chain	2,4,1,1	0-1;1-2;2-3	1	4	threshold	FFMMF
u00222	counter-chain	2,4,1,1	0-1;1-2;2-3	1	4	threshold	FFMFM
u00223	counter-chain	2,4,1,1	0-1;1-2;2-3	1	4	threshold	FFMFF
u00224	counter-chain	2,4,1,1	0-1;1-2;2-3	1	4	threshold	FFFMM
u00225	counter-chain	2,4,1,1	0-1;1-2;2-3	1	4	threshold	FFFMF
u00226	counter-chain	2,4,1,1	0-1;1-2;2-3	1	4	threshold	FFFFM
u00227	counter-chain	2,4,1,1	0-1;1-2;2-3	1	4	tail	MMMM
u00228	counter-chain	2,4,1,1	0-1;1-2;2-3	1	4	tail	MMMFM
u00229	counter-chain	2,4,1,1	0-1;1-2;2-3	1	4	tail	MMMFF
u00230	counter-chain	2,4,1,1	0-1;1-2;2-3	1	4	tail	MMFMM
u00231	counter-chain	2,4,1,1	0-1;1-2;2-3	1	4	tail	MMFMF
u00232	counter-chain	2,4,1,1	0-1;1-2;2-3	1	4	tail	MMFFP
u00233	counter-chain	2,4,1,1	0-1;1-2;2-3	1	4	tail	MFMMM
u00234	counter-chain	2,4,1,1	0-1;1-2;2-3	1	4	tail	MFMMF
u00235	counter-chain	2,4,1,1	0-1;1-2;2-3	1	4	tail	MFMFP
u00236	counter-chain	2,4,1,1	0-1;1-2;2-3	1	4	tail	MFFMM
u00237	counter-chain	2,4,1,1	0-1;1-2;2-3	1	4	tail	MFFMF
u00238	counter-chain	2,4,1,1	0-1;1-2;2-3	1	4	tail	MFFFP
u00239	counter-chain	2,4,1,1	0-1;1-2;2-3	1	4	tail	FMMMM
u00240	counter-chain	2,4,1,1	0-1;1-2;2-3	1	4	tail	FMMMF
u00241	counter-chain	2,4,1,1	0-1;1-2;2-3	1	4	tail	FMMFP
u00242	counter-chain	2,4,1,1	0-1;1-2;2-3	1	4	tail	FMFMM
u00243	counter-chain	2,4,1,1	0-1;1-2;2-3	1	4	tail	FMFMF
u00244	counter-chain	2,4,1,1	0-1;1-2;2-3	1	4	tail	FMFFP
u00245	counter-chain	2,4,1,1	0-1;1-2;2-3	1	4	tail	FFMPP
u00246	counter-chain	2,4,1,1	0-1;1-2;2-3	1	4	tail	FFFMM
u00247	counter-chain	2,4,1,1	0-1;1-2;2-3	1	4	tail	FFFMF
u00248	counter-chain	2,4,1,1	0-1;1-2;2-3	1	4	tail	FFFFM
u00249	counter-chain	2,4,1,1	0-1;1-2;2-3	1	5	threshold	MMMM
u00250	counter-chain	2,4,1,1	0-1;1-2;2-3	1	5	threshold	MMMFM
u00251	counter-chain	2,4,1,1	0-1;1-2;2-3	1	5	threshold	MMMFF
u00252	counter-chain	2,4,1,1	0-1;1-2;2-3	1	5	threshold	MMFMM
u00253	counter-chain	2,4,1,1	0-1;1-2;2-3	1	5	threshold	MMFMF
u00254	counter-chain	2,4,1,1	0-1;1-2;2-3	1	5	threshold	MMFFM
u00255	counter-chain	2,4,1,1	0-1;1-2;2-3	1	5	threshold	MMFFF
u00256	counter-chain	2,4,1,1	0-1;1-2;2-3	1	5	threshold	MFMMM
u00257	counter-chain	2,4,1,1	0-1;1-2;2-3	1	5	threshold	MFMMF
u00258	counter-chain	2,4,1,1	0-1;1-2;2-3	1	5	threshold	MFMFM
u00259	counter-chain	2,4,1,1	0-1;1-2;2-3	1	5	threshold	MFMFF
u00260	counter-chain	2,4,1,1	0-1;1-2;2-3	1	5	threshold	MFFMM
u00261	counter-chain	2,4,1,1	0-1;1-2;2-3	1	5	threshold	MFFMF
u00262	counter-chain	2,4,1,1	0-1;1-2;2-3	1	5	threshold	MFFFM
u00263	counter-chain	2,4,1,1	0-1;1-2;2-3	1	5	threshold	MFFFF
u00264	counter-chain	2,4,1,1	0-1;1-2;2-3	1	5	threshold	FMMMM
u00265	counter-chain	2,4,1,1	0-1;1-2;2-3	1	5	threshold	FMMMF
u00266	counter-chain	2,4,1,1	0-1;1-2;2-3	1	5	threshold	FMMFM
u00267	counter-chain	2,4,1,1	0-1;1-2;2-3	1	5	threshold	FMMFF
u00268	counter-chain	2,4,1,1	0-1;1-2;2-3	1	5	threshold	FMFMM
u00269	counter-chain	2,4,1,1	0-1;1-2;2-3	1	5	threshold	FMFMF
u00270	counter-chain	2,4,1,1	0-1;1-2;2-3	1	5	threshold	FMFFM
u00271	counter-chain	2,4,1,1	0-1;1-2;2-3	1	5	threshold	FMFFF
u00272	counter-chain	2,4,1,1	0-1;1-2;2-3	1	5	threshold	FFMMM
u00273	counter-chain	2,4,1,1	0-1;1-2;2-3	1	5	threshold	FFMMF
u00274	counter-chain	2,4,1,1	0-1;1-2;2-3	1	5	threshold	FFMFM
u00275	counter-chain	2,4,1,1	0-1;1-2;2-3	1	5	threshold	FFMFF
u00276	counter-chain	2,4,1,1	0-1;1-2;2-3	1	5	threshold	FFFMM
u00277	counter-chain	2,4,1,1	0-1;1-2;2-3	1	5	threshold	FFFMF
u00278	counter-chain	2,4,1,1	0-1;1-2;2-3	1	5	threshold	FFFFM
u00279	counter-chain	2,4,1,1	0-1;1-2;2-3	1	5	threshold	FFFFF
u00280	counter-chain	2,4,1,1	0-1;1-2;2-3	1	5	tail	MMMM
u00281	counter-chain	2,4,1,1	0-1;1-2;2-3	1	5	tail	MMMFM
u00282	counter-chain	2,4,1,1	0-1;1-2;2-3	1	5	tail	MMMFF
u00283	counter-chain	2,4,1,1	0-1;1-2;2-3	1	5	tail	MMFMM
u00284	counter-chain	2,4,1,1	0-1;1-2;2-3	1	5	tail	MMFMF
u00285	counter-chain	2,4,1,1	0-1;1-2;2-3	1	5	tail	MMFFP
u00286	counter-chain	2,4,1,1	0-1;1-2;2-3	1	5	tail	MFMMM
u00287	counter-chain	2,4,1,1	0-1;1-2;2-3	1	5	tail	MFMMF
u00288	counter-chain	2,4,1,1	0-1;1-2;2-3	1	5	tail	MFMFP
u00289	counter-chain	2,4,1,1	0-1;1-2;2-3	1	5	tail	MFFMM
u00290	counter-chain	2,4,1,1	0-1;1-2;2-3	1	5	tail	MFFMF
u00291	counter-chain	2,4,1,1	0-1;1-2;2-3	1	5	tail	MFFFP
u00292	counter-chain	2,4,1,1	0-1;1-2;2-3	1	5	tail	FMMMM
u00293	counter-chain	2,4,1,1	0-1;1-2;2-3	1	5	tail	FMMMF
u00294	counter-chain	2,4,1,1	0-1;1-2;2-3	1	5	tail	FMMFP
u00295	counter-chain	2,4,1,1	0-1;1-2;2-3	1	5	tail	FMFMM
u00296	counter-chain	2,4,1,1	0-1;1-2;2-3	1	5	tail	FMFMF
u00297	counter-chain	2,4,1,1	0-1;1-2;2-3	1	5	tail	FMFFP
u00298	counter-chain	2,4,1,1	0-1;1-2;2-3	1	5	tail	FFMPP
u00299	counter-chain	2,4,1,1	0-1;1-2;2-3	1	5	tail	FFFMM
u00300	counter-chain	2,4,1,1	0-1;1-2;2-3	1	5	tail	FFFMF
u00301	counter-chain	2,4,1,1	0-1;1-2;2-3	1	5	tail	FFFFM
u00302	counter-chain	2,4,1,1	0-1;1-2;2-3	1	5	tail	FFFFF
u00303	counter-chain	2,4,1,1	0-1;1-2;2-3	2	0	threshold	MMMM
u00304	counter-chain	2,4,1,1	0-1;1-2;2-3	2	0	tail	MMMM
u00305	counter-chain	2,4,1,1	0-1;1-2;2-3	2	1	threshold	MMMM
u00306	counter-chain	2,4,1,1	0-1;1-2;2-3	2	1	threshold	MMMFM
u00307	counter-chain	2,4,1,1	0-1;1-2;2-3	2	1	threshold	MMFMM
u00308	counter-chain	2,4,1,1	0-1;1-2;2-3	2	1	threshold	MFMMM
u00309	counter-chain	2,4,1,1	0-1;1-2;2-3	2	1	threshold	FMMMM
u00310	counter-chain	2,4,1,1	0-1;1-2;2-3	2	1	tail	MMMM
u00311	counter-chain	2,4,1,1	0-1;1-2;2-3	2	1	tail	MMMFM
u00312	counter-chain	2,4,1,1	0-1;1-2;2-3	2	1	tail	MMFMM
u00313	counter-chain	2,4,1,1	0-1;1-2;2-3	2	1	tail	MFMMM
u00314	counter-chain	2,4,1,1	0-1;1-2;2-3	2	1	tail	FMMMM
u00315	counter-chain	2,4,1,1	0-1;1-2;2-3	2	2	threshold	MMMM
u00316	counter-chain	2,4,1,1	0-1;1-2;2-3	2	2	threshold	MMMFM
u00317	counter-chain	2,4,1,1	0-1;1-2;2-3	2	2	threshold	MMMFFM
u00318	counter-chain	2,4,1,1	0-1;1-2;2-3	2	2	threshold	MMFMM
u00319	counter-chain	2,4,1,1	0-1;1-2;2-3	2	2	threshold	MMFMFM
u00320	counter-chain	2,4,1,1	0-1;1-2;2-3	2	2	threshold	MMFFMM
u00321	counter-chain	2,4,1,1	0-1;1-2;2-3	2	2	threshold	MFMMM
u00322	counter-chain	2,4,1,1	0-1;1-2;2-3	2	2	threshold	MFMMFM
u00323	counter-chain	2,4,1,1	0-1;1-2;2-3	2	2	threshold	MFMFMM
u00324	counter-chain	2,4,1,1	0-1;1-2;2-3	2	2	threshold	MFFMMM
u00325	counter-chain	2,4,1,1	0-1;1-2;2-3	2	2	threshold	FMMMM
u00326	counter-chain	2,4,1,1	0-1;1-2;2-3	2	2	threshold	FMMMFM
u00327	counter-chain	2,4,1,1	0-1;1-2;2-3	2	2	threshold	FMMFMM
u00328	counter-chain	2,4,1,1	0-1;1-2;2-3	2	2	threshold	FMFMMM
u00329	counter-chain	2,4,1,1	0-1;1-2;2-3	2	2	threshold	FFMMMM
u00330	counter-chain	2,4,1,1	0-1;1-2;2-3	2	2	tail	MMMM
u00331	counter-chain	2,4,1,1	0-1;1-2;2-3	2	2	tail	MMMFM
u00332	counter-chain	2,4,1,1	0-1;1-2;2-3	2	2	tail	MMMFFM
u00333	counter-chain	2,4,1,1	0-1;1-2;2-3	2	2	tail	MMFMM
u00334	counter-chain	2,4,1,1	0-1;1-2;2-3	2	2	tail	MMFMFM
u00335	counter-chain	2,4,1,1	0-1;1-2;2-3	2	2	tail	MMFFMM
u00336	counter-chain	2,4,1,1	0-1;1-2;2-3	2	2	tail	MFMMM
u00337	counter-chain	2,4,1,1	0-1;1-2;2-3	2	2	tail	MFMMFM
u00338	counter-chain	2,4,1,1	0-1;1-2;2-3	2	2	tail	MFMFMM
u00339	counter-chain	2,4,1,1	0-1;1-2;2-3	2	2	tail	MFFMMM
u00340	counter-chain	2,4,1,1	0-1;1-2;2-3	2	2	tail	FMMMM
u00341	counter-chain	2,4,1,1	0-1;1-2;2-3	2	2	tail	FMMMFM
u00342	counter-chain	2,4,1,1	0-1;1-2;2-3	2	2	tail	FMMFMM
u00343	counter-chain	2,4,1,1	0-1;1-2;2-3	2	2	tail	FMFMMM
u00344	counter-chain	2,4,1,1	0-1;1-2;2-3	2	2	tail	FFMMMM
u00345	counter-chain	2,4,1,1	0-1;1-2;2-3	2	3	threshold	MMMM
u00346	counter-chain	2,4,1,1	0-1;1-2;2-3	2	3	threshold	MMMFM
u00347	counter-chain	2,4,1,1	0-1;1-2;2-3	2	3	threshold	MMMFFM
u00348	counter-chain	2,4,1,1	0-1;1-2;2-3	2	3	threshold	MMMFFF
u00349	counter-chain	2,4,1,1	0-1;1-2;2-3	2	3	threshold	MMFMM
u00350	counter-chain	2,4,1,1	0-1;1-2;2-3	2	3	threshold	MMFMFM
u00351	counter-chain	2,4,1,1	0-1;1-2;2-3	2	3	threshold	MMFMFF
u00352	counter-chain	2,4,1,1	0-1;1-2;2-3	2	3	threshold	MMFFMM
u00353	counter-chain	2,4,1,1	0-1;1-2;2-3	2	3	threshold	MMFFMF
u00354	counter-chain	2,4,1,1	0-1;1-2;2-3	2	3	threshold	MMFFFM
u00355	counter-chain	2,4,1,1	0-1;1-2;2-3	2	3	threshold	MFMMM
u00356	counter-chain	2,4,1,1	0-1;1-2;2-3	2	3	threshold	MFMMFM
u00357	counter-chain	2,4,1,1	0-1;1-2;2-3	2	3	threshold	MFMMFF
u00358	counter-chain	2,4,1,1	0-1;1-2;2-3	2	3	threshold	MFMFMM
u00359	counter-chain	2,4,1,1	0-1;1-2;2-3	2	3	threshold	MFMFMF
u00360	counter-chain	2,4,1,1	0-1;1-2;2-3	2	3	threshold	MFMFFM
u00361	counter-chain	2,4,1,1	0-1;1-2;2-3	2	3	threshold	MFFMMM
u00362	counter-chain	2,4,1,1	0-1;1-2;2-3	2	3	threshold	MFFMMF
u00363	counter-chain	2,4,1,1	0-1;1-2;2-3	2	3	threshold	MFFMFM
u00364	counter-chain	2,4,1,1	0-1;1-2;2-3	2	3	threshold	MFFFMM
u00365	counter-chain	2,4,1,1	0-1;1-2;2-3	2	3	threshold	FMMMM
u00366	counter-chain	2,4,1,1	0-1;1-2;2-3	2	3	threshold	FMMMFM
u00367	counter-chain	2,4,1,1	0-1;1-2;2-3	2	3	threshold	FMMMFF
u00368	counter-chain	2,4,1,1	0-1;1-2;2-3	2	3	threshold	FMMFMM
u00369	counter-chain	2,4,1,1	0-1;1-2;2-3	2	3	threshold	FMMFMF
u00370	counter-chain	2,4,1,1	0-1;1-2;2-3	2	3	threshold	FMMFFM
u00371	counter-chain	2,4,1,1	0-1;1-2;2-3	2	3	threshold	FMFMMM
u00372	counter-chain	2,4,1,1	0-1;1-2;2-3	2	3	threshold	FMFMMF
u00373	counter-chain	2,4,1,1	0-1;1-2;2-3	2	3	threshold	FMFMFM
u00374	counter-chain	2,4,1,1	0-1;1-2;2-3	2	3	threshold	FMFFMM
u00375	counter-chain	2,4,1,1	0-1;1-2;2-3	2	3	threshold	FFMMMM
u00376	counter-chain	2,4,1,1	0-1;1-2;2-3	2	3	threshold	FFMMMF
u00377	counter-chain	2,4,1,1	0-1;1-2;2-3	2	3	threshold	FFMMFM
u00378	counter-chain	2,4,1,1	0-1;1-2;2-3	2	3	threshold	FFMFMM
u00379	counter-chain	2,4,1,1	0-1;1-2;2-3	2	3	threshold	FFFMMM
u00380	counter-chain	2,4,1,1	0-1;1-2;2-3	2	3	tail	MMMM
u00381	counter-chain	2,4,1,1	0-1;1-2;2-3	2	3	tail	MMMFM
u00382	counter-chain	2,4,1,1	0-1;1-2;2-3	2	3	tail	MMMFFM
u00383	counter-chain	2,4,1,1	0-1;1-2;2-3	2	3	tail	MMMFFF
u00384	counter-chain	2,4,1,1	0-1;1-2;2-3	2	3	tail	MMFMM
u00385	counter-chain	2,4,1,1	0-1;1-2;2-3	2	3	tail	MMFMFM
u00386	counter-chain	2,4,1,1	0-1;1-2;2-3	2	3	tail	MMFMFF
u00387	counter-chain	2,4,1,1	0-1;1-2;2-3	2	3	tail	MMFFMM
u00388	counter-chain	2,4,1,1	0-1;1-2;2-3	2	3	tail	MMFFMF
u00389	counter-chain	2,4,1,1	0-1;1-2;2-3	2	3	tail	MMFFFP
u00390	counter-chain	2,4,1,1	0-1;1-2;2-3	2	3	tail	MFMMM
u00391	counter-chain	2,4,1,1	0-1;1-2;2-3	2	3	tail	MFMMFM
u00392	counter-chain	2,4,1,1	0-1;1-2;2-3	2	3	tail	MFMMFF
u00393	counter-chain	2,4,1,1	0-1;1-2;2-3	2	3	tail	MFMFMM
u00394	counter-chain	2,4,1,1	0-1;1-2;2-3	2	3	tail	MFMFMF
u00395	counter-chain	2,4,1,1	0-1;1-2;2-3	2	3	tail	MFMFFP
u00396	counter-chain	2,4,1,1	0-1;1-2;2-3	2	3	tail	MFFMMM
u00397	counter-chain	2,4,1,1	0-1;1-2;2-3	2	3	tail	MFFMMF
u00398	counter-chain	2,4,1,1	0-1;1-2;2-3	2	3	tail	MFFMFP
u00399	counter-chain	2,4,1,1	0-1;1-2;2-3	2	3	tail	MFFFMM
u00400	counter-chain	2,4,1,1	0-1;1-2;2-3	2	3	tail	FMMMM
u00401	counter-chain	2,4,1,1	0-1;1-2;2-3	2	3	tail	FMMMFM
u00402	counter-chain	2,4,1,1	0-1;1-2;2-3	2	3	tail	FMMMFF
u00403	counter-chain	2,4,1,1	0-1;1-2;2-3	2	3	tail	FMMFMM
u00404	counter-chain	2,4,1,1	0-1;1-2;2-3	2	3	tail	FMMFMF
u00405	counter-chain	2,4,1,1	0-1;1-2;2-3	2	3	tail	FMMFFP
u00406	counter-chain	2,4,1,1	0-1;1-2;2-3	2	3	tail	FMFMMM
u00407	counter-chain	2,4,1,1	0-1;1-2;2-3	2	3	tail	FMFMMF
u00408	counter-chain	2,4,1,1	0-1;1-2;2-3	2	3	tail	FMFMFP
u00409	counter-chain	2,4,1,1	0-1;1-2;2-3	2	3	tail	FMFFMM
u00410	counter-chain	2,4,1,1	0-1;1-2;2-3	2	3	tail	FFMMMM
u00411	counter-chain	2,4,1,1	0-1;1-2;2-3	2	3	tail	FFMMMF
u00412	counter-chain	2,4,1,1	0-1;1-2;2-3	2	3	tail	FFMMFP
u00413	counter-chain	2,4,1,1	0-1;1-2;2-3	2	3	tail	FFMFMM
u00414	counter-chain	2,4,1,1	0-1;1-2;2-3	2	3	tail	FFFMPP
u00415	counter-chain	2,4,1,1	0-1;1-2;2-3	2	4	threshold	MMMM
u00416	counter-chain	2,4,1,1	0-1;1-2;2-3	2	4	threshold	MMMFM
u00417	counter-chain	2,4,1,1	0-1;1-2;2-3	2	4	threshold	MMMFFM
u00418	counter-chain	2,4,1,1	0-1;1-2;2-3	2	4	threshold	MMMFFF
u00419	counter-chain	2,4,1,1	0-1;1-2;2-3	2	4	threshold	MMFMM
u00420	counter-chain	2,4,1,1	0-1;1-2;2-3	2	4	threshold	MMFMFM
u00421	counter-chain	2,4,1,1	0-1;1-2;2-3	2	4	threshold	MMFMFF
u00422	counter-chain	2,4,1,1	0-1;1-2;2-3	2	4	threshold	MMFFMM
u00423	counter-chain	2,4,1,1	0-1;1-2;2-3	2	4	threshold	MMFFMF
u00424	counter-chain	2,4,1,1	0-1;1-2;2-3	2	4	threshold	MMFFFM
u00425	counter-chain	2,4,1,1	0-1;1-2;2-3	2	4	threshold	MMFFFF
u00426	counter-chain	2,4,1,1	0-1;1-2;2-3	2	4	threshold	MFMMM
u00427	counter-chain	2,4,1,1	0-1;1-2;2-3	2	4	threshold	MFMMFM
u00428	counter-chain	2,4,1,1	0-1;1-2;2-3	2	4	threshold	MFMMFF
u00429	counter-chain	2,4,1,1	0-1;1-2;2-3	2	4	threshold	MFMFMM
u00430	counter-chain	2,4,1,1	0-1;1-2;2-3	2	4	threshold	MFMFMF
u00431	counter-chain	2,4,1,1	0-1;1-2;2-3	2	4	threshold	MFMFFM
u00432	counter-chain	2,4,1,1	0-1;1-2;2-3	2	4	threshold	MFMFFF
u00433	counter-chain	2,4,1,1	0-1;1-2;2-3	2	4	threshold	MFFMMM
u00434	counter-chain	2,4,1,1	0-1;1-2;2-3	2	4	threshold	MFFMMF
u00435	counter-chain	2,4,1,1	0-1;1-2;2-3	2	4	threshold	MFFMFM
u00436	counter-chain	2,4,1,1	0-1;1-2;2-3	2	4	threshold	MFFMFF
u00437	counter-chain	2,4,1,1	0-1;1-2;2-3	2	4	threshold	MFFFMM
u00438	counter-chain	2,4,1,1	0-1;1-2;2-3	2	4	threshold	MFFFMF
u00439	counter-chain	2,4,1,1	0-1;1-2;2-3	2	4	threshold	MFFFFM
u00440	counter-chain	2,4,1,1	0-1;1-2;2-3	2	4	threshold	FMMMM
u00441	counter-chain	2,4,1,1	0-1;1-2;2-3	2	4	threshold	FMMMFM
u00442	counter-chain	2,4,1,1	0-1;1-2;2-3	2	4	threshold	FMMMFF
u00443	counter-chain	2,4,1,1	0-1;1-2;2-3	2	4	threshold	FMMFMM
u00444	counter-chain	2,4,1,1	0-1;1-2;2-3	2	4	threshold	FMMFMF
u00445	counter-chain	2,4,1,1	0-1;1-2;2-3	2	4	threshold	FMMFFM
u00446	counter-chain	2,4,1,1	0-1;1-2;2-3	2	4	threshold	FMMFFF
u00447	counter-chain	2,4,1,1	0-1;1-2;2-3	2	4	threshold	FMFMMM
u00448	counter-chain	2,4,1,1	0-1;1-2;2-3	2	4	threshold	FMFMMF
u00449	counter-chain	2,4,1,1	0-1;1-2;2-3	2	4	threshold	FMFMFM
u00450	counter-chain	2,4,1,1	0-1;1-2;2-3	2	4	threshold	FMFMFF
u00451	counter-chain	2,4,1,1	0-1;1-2;2-3	2	4	threshold	FMFFMM
u00452	counter-chain	2,4,1,1	0-1;1-2;2-3	2	4	threshold	FMFFMF
u00453	counter-chain	2,4,1,1	0-1;1-2;2-3	2	4	threshold	FMFFFM
u00454	counter-chain	2,4,1,1	0-1;1-2;2-3	2	4	threshold	FFMMMM
u00455	counter-chain	2,4,1,1	0-1;1-2;2-3	2	4	threshold	FFMMMF
u00456	counter-chain	2,4,1,1	0-1;1-2;2-3	2	4	threshold	FFMMFM
u00457	counter-chain	2,4,1,1	0-1;1-2;2-3	2	4	threshold	FFMMFF
u00458	counter-chain	2,4,1,1	0-1;1-2;2-3	2	4	threshold	FFMFMM
u00459	counter-chain	2,4,1,1	0-1;1-2;2-3	2	4	threshold	FFMFMF
u00460	counter-chain	2,4,1,1	0-1;1-2;2-3	2	4	threshold	FFMFFM
u00461	counter-chain	2,4,1,1	0-1;1-2;2-3	2	4	threshold	FFFMMM
u00462	counter-chain	2,4,1,1	0-1;1-2;2-3	2	4	threshold	FFFMMF
u00463	counter-chain	2,4,1,1	0-1;1-2;2-3	2	4	threshold	FFFMFM
u00464	counter-chain	2,4,1,1	0-1;1-2;2-3	2	4	threshold	FFFFMM
u00465	counter-chain	2,4,1,1	0-1;1-2;2-3	2	4	tail	MMMM
u00466	counter-chain	2,4,1,1	0-1;1-2;2-3	2	4	tail	MMMFM
u00467	counter-chain	2,4,1,1	0-1;1-2;2-3	2	4	tail	MMMFFM
u00468	counter-chain	2,4,1,1	0-1;1-2;2-3	2	4	tail	MMMFFF
u00469	counter-chain	2,4,1,1	0-1;1-2;2-3	2	4	tail	MMFMM
u00470	counter-chain	2,4,1,1	0-1;1-2;2-3	2	4	tail	MMFMFM
u00471	counter-chain	2,4,1,1	0-1;1-2;2-3	2	4	tail	MMFMFF
u00472	counter-chain	2,4,1,1	0-1;1-2;2-3	2	4	tail	MMFFMM
u00473	counter-chain	2,4,1,1	0-1;1-2;2-3	2	4	tail	MMFFMF
u00474	counter-chain	2,4,1,1	0-1;1-2;2-3	2	4	tail	MMFFFP
u00475	counter-chain	2,4,1,1	0-1;1-2;2-3	2	4	tail	MFMMM
u00476	counter-chain	2,4,1,1	0-1;1-2;2-3	2	4	tail	MFMMFM
u00477	counter-chain	2,4,1,1	0-1;1-2;2-3	2	4	tail	MFMMFF
u00478	counter-chain	2,4,1,1	0-1;1-2;2-3	2	4	tail	MFMFMM
u00479	counter-chain	2,4,1,1	0-1;1-2;2-3	2	4	tail	MFMFMF
u00480	counter-chain	2,4,1,1	0-1;1-2;2-3	2	4	tail	MFMFFP
u00481	counter-chain	2,4,1,1	0-1;1-2;2-3	2	4	tail	MFFMMM
u00482	counter-chain	2,4,1,1	0-1;1-2;2-3	2	4	tail	MFFMMF
u00483	counter-chain	2,4,1,1	0-1;1-2;2-3	2	4	tail	MFFMFP
u00484	counter-chain	2,4,1,1	0-1;1-2;2-3	2	4	tail	MFFFMM
u00485	counter-chain	2,4,1,1	0-1;1-2;2-3	2	4	tail	MFFFMF
u00486	counter-chain	2,4,1,1	0-1;1-2;2-3	2	4	tail	MFFFFP
u00487	counter-chain	2,4,1,1	0-1;1-2;2-3	2	4	tail	FMMMM
u00488	counter-chain	2,4,1,1	0-1;1-2;2-3	2	4	tail	FMMMFM
u00489	counter-chain	2,4,1,1	0-1;1-2;2-3	2	4	tail	FMMMFF
u00490	counter-chain	2,4,1,1	0-1;1-2;2-3	2	4	tail	FMMFMM
u00491	counter-chain	2,4,1,1	0-1;1-2;2-3	2	4	tail	FMMFMF
u00492	counter-chain	2,4,1,1	0-1;1-2;2-3	2	4	tail	FMMFFP
u00493	counter-chain	2,4,1,1	0-1;1-2;2-3	2	4	tail	FMFMMM
u00494	counter-chain	2,4,1,1	0-1;1-2;2-3	2	4	tail	FMFMMF
u00495	counter-chain	2,4,1,1	0-1;1-2;2-3	2	4	tail	FMFMFP
u00496	counter-chain	2,4,1,1	0-1;1-2;2-3	2	4	tail	FMFFMM
u00497	counter-chain	2,4,1,1	0-1;1-2;2-3	2	4	tail	FMFFMF
u00498	counter-chain	2,4,1,1	0-1;1-2;2-3	2	4	tail	FMFFFP
u00499	counter-chain	2,4,1,1	0-1;1-2;2-3	2	4	tail	FFMMMM
u00500	counter-chain	2,4,1,1	0-1;1-2;2-3	2	4	tail	FFMMMF
u00501	counter-chain	2,4,1,1	0-1;1-2;2-3	2	4	tail	FFMMFP
u00502	counter-chain	2,4,1,1	0-1;1-2;2-3	2	4	tail	FFMFMM
u00503	counter-chain	2,4,1,1	0-1;1-2;2-3	2	4	tail	FFMFMF
u00504	counter-chain	2,4,1,1	0-1;1-2;2-3	2	4	tail	FFMFFP
u00505	counter-chain	2,4,1,1	0-1;1-2;2-3	2	4	tail	FFFMPP
u00506	counter-chain	2,4,1,1	0-1;1-2;2-3	2	4	tail	FFFFMM
u00507	counter-chain	2,4,1,1	0-1;1-2;2-3	2	5	threshold	MMMM
u00508	counter-chain	2,4,1,1	0-1;1-2;2-3	2	5	threshold	MMMFM
u00509	counter-chain	2,4,1,1	0-1;1-2;2-3	2	5	threshold	MMMFFM
u00510	counter-chain	2,4,1,1	0-1;1-2;2-3	2	5	threshold	MMMFFF
u00511	counter-chain	2,4,1,1	0-1;1-2;2-3	2	5	threshold	MMFMM
u00512	counter-chain	2,4,1,1	0-1;1-2;2-3	2	5	threshold	MMFMFM
u00513	counter-chain	2,4,1,1	0-1;1-2;2-3	2	5	threshold	MMFMFF
u00514	counter-chain	2,4,1,1	0-1;1-2;2-3	2	5	threshold	MMFFMM
u00515	counter-chain	2,4,1,1	0-1;1-2;2-3	2	5	threshold	MMFFMF
u00516	counter-chain	2,4,1,1	0-1;1-2;2-3	2	5	threshold	MMFFFM
u00517	counter-chain	2,4,1,1	0-1;1-2;2-3	2	5	threshold	MMFFFF
u00518	counter-chain	2,4,1,1	0-1;1-2;2-3	2	5	threshold	MFMMM
u00519	counter-chain	2,4,1,1	0-1;1-2;2-3	2	5	threshold	MFMMFM
u00520	counter-chain	2,4,1,1	0-1;1-2;2-3	2	5	threshold	MFMMFF
u00521	counter-chain	2,4,1,1	0-1;1-2;2-3	2	5	threshold	MFMFMM
u00522	counter-chain	2,4,1,1	0-1;1-2;2-3	2	5	threshold	MFMFMF
u00523	counter-chain	2,4,1,1	0-1;1-2;2-3	2	5	threshold	MFMFFM
u00524	counter-chain	2,4,1,1	0-1;1-2;2-3	2	5	threshold	MFMFFF
u00525	counter-chain	2,4,1,1	0-1;1-2;2-3	2	5	threshold	MFFMMM
u00526	counter-chain	2,4,1,1	0-1;1-2;2-3	2	5	threshold	MFFMMF
u00527	counter-chain	2,4,1,1	0-1;1-2;2-3	2	5	threshold	MFFMFM
u00528	counter-chain	2,4,1,1	0-1;1-2;2-3	2	5	threshold	MFFMFF
u00529	counter-chain	2,4,1,1	0-1;1-2;2-3	2	5	threshold	MFFFMM
u00530	counter-chain	2,4,1,1	0-1;1-2;2-3	2	5	threshold	MFFFMF
u00531	counter-chain	2,4,1,1	0-1;1-2;2-3	2	5	threshold	MFFFFM
u00532	counter-chain	2,4,1,1	0-1;1-2;2-3	2	5	threshold	MFFFFF
u00533	counter-chain	2,4,1,1	0-1;1-2;2-3	2	5	threshold	FMMMM
u00534	counter-chain	2,4,1,1	0-1;1-2;2-3	2	5	threshold	FMMMFM
u00535	counter-chain	2,4,1,1	0-1;1-2;2-3	2	5	threshold	FMMMFF
u00536	counter-chain	2,4,1,1	0-1;1-2;2-3	2	5	threshold	FMMFMM
u00537	counter-chain	2,4,1,1	0-1;1-2;2-3	2	5	threshold	FMMFMF
u00538	counter-chain	2,4,1,1	0-1;1-2;2-3	2	5	threshold	FMMFFM
u00539	counter-chain	2,4,1,1	0-1;1-2;2-3	2	5	threshold	FMMFFF
u00540	counter-chain	2,4,1,1	0-1;1-2;2-3	2	5	threshold	FMFMMM
u00541	counter-chain	2,4,1,1	0-1;1-2;2-3	2	5	threshold	FMFMMF
u00542	counter-chain	2,4,1,1	0-1;1-2;2-3	2	5	threshold	FMFMFM
u00543	counter-chain	2,4,1,1	0-1;1-2;2-3	2	5	threshold	FMFMFF
u00544	counter-chain	2,4,1,1	0-1;1-2;2-3	2	5	threshold	FMFFMM
u00545	counter-chain	2,4,1,1	0-1;1-2;2-3	2	5	threshold	FMFFMF
u00546	counter-chain	2,4,1,1	0-1;1-2;2-3	2	5	threshold	FMFFFM
u00547	counter-chain	2,4,1,1	0-1;1-2;2-3	2	5	threshold	FMFFFF
u00548	counter-chain	2,4,1,1	0-1;1-2;2-3	2	5	threshold	FFMMMM
u00549	counter-chain	2,4,1,1	0-1;1-2;2-3	2	5	threshold	FFMMMF
u00550	counter-chain	2,4,1,1	0-1;1-2;2-3	2	5	threshold	FFMMFM
u00551	counter-chain	2,4,1,1	0-1;1-2;2-3	2	5	threshold	FFMMFF
u00552	counter-chain	2,4,1,1	0-1;1-2;2-3	2	5	threshold	FFMFMM
u00553	counter-chain	2,4,1,1	0-1;1-2;2-3	2	5	threshold	FFMFMF
u00554	counter-chain	2,4,1,1	0-1;1-2;2-3	2	5	threshold	FFMFFM
u00555	counter-chain	2,4,1,1	0-1;1-2;2-3	2	5	threshold	FFMFFF
u00556	counter-chain	2,4,1,1	0-1;1-2;2-3	2	5	threshold	FFFMMM
u00557	counter-chain	2,4,1,1	0-1;1-2;2-3	2	5	threshold	FFFMMF
u00558	counter-chain	2,4,1,1	0-1;1-2;2-3	2	5	threshold	FFFMFM
u00559	counter-chain	2,4,1,1	0-1;1-2;2-3	2	5	threshold	FFFMFF
u00560	counter-chain	2,4,1,1	0-1;1-2;2-3	2	5	threshold	FFFFMM
u00561	counter-chain	2,4,1,1	0-1;1-2;2-3	2	5	threshold	FFFFMF
u00562	counter-chain	2,4,1,1	0-1;1-2;2-3	2	5	threshold	FFFFFM
u00563	counter-chain	2,4,1,1	0-1;1-2;2-3	2	5	tail	MMMM
u00564	counter-chain	2,4,1,1	0-1;1-2;2-3	2	5	tail	MMMFM
u00565	counter-chain	2,4,1,1	0-1;1-2;2-3	2	5	tail	MMMFFM
u00566	counter-chain	2,4,1,1	0-1;1-2;2-3	2	5	tail	MMMFFF
u00567	counter-chain	2,4,1,1	0-1;1-2;2-3	2	5	tail	MMFMM
u00568	counter-chain	2,4,1,1	0-1;1-2;2-3	2	5	tail	MMFMFM
u00569	counter-chain	2,4,1,1	0-1;1-2;2-3	2	5	tail	MMFMFF
u00570	counter-chain	2,4,1,1	0-1;1-2;2-3	2	5	tail	MMFFMM
u00571	counter-chain	2,4,1,1	0-1;1-2;2-3	2	5	tail	MMFFMF
u00572	counter-chain	2,4,1,1	0-1;1-2;2-3	2	5	tail	MMFFFP
u00573	counter-chain	2,4,1,1	0-1;1-2;2-3	2	5	tail	MFMMM
u00574	counter-chain	2,4,1,1	0-1;1-2;2-3	2	5	tail	MFMMFM
u00575	counter-chain	2,4,1,1	0-1;1-2;2-3	2	5	tail	MFMMFF
u00576	counter-chain	2,4,1,1	0-1;1-2;2-3	2	5	tail	MFMFMM
u00577	counter-chain	2,4,1,1	0-1;1-2;2-3	2	5	tail	MFMFMF
u00578	counter-chain	2,4,1,1	0-1;1-2;2-3	2	5	tail	MFMFFP
u00579	counter-chain	2,4,1,1	0-1;1-2;2-3	2	5	tail	MFFMMM
u00580	counter-chain	2,4,1,1	0-1;1-2;2-3	2	5	tail	MFFMMF
u00581	counter-chain	2,4,1,1	0-1;1-2;2-3	2	5	tail	MFFMFP
u00582	counter-chain	2,4,1,1	0-1;1-2;2-3	2	5	tail	MFFFMM
u00583	counter-chain	2,4,1,1	0-1;1-2;2-3	2	5	tail	MFFFMF
u00584	counter-chain	2,4,1,1	0-1;1-2;2-3	2	5	tail	MFFFFP
u00585	counter-chain	2,4,1,1	0-1;1-2;2-3	2	5	tail	FMMMM
u00586	counter-chain	2,4,1,1	0-1;1-2;2-3	2	5	tail	FMMMFM
u00587	counter-chain	2,4,1,1	0-1;1-2;2-3	2	5	tail	FMMMFF
u00588	counter-chain	2,4,1,1	0-1;1-2;2-3	2	5	tail	FMMFMM
u00589	counter-chain	2,4,1,1	0-1;1-2;2-3	2	5	tail	FMMFMF
u00590	counter-chain	2,4,1,1	0-1;1-2;2-3	2	5	tail	FMMFFP
u00591	counter-chain	2,4,1,1	0-1;1-2;2-3	2	5	tail	FMFMMM
u00592	counter-chain	2,4,1,1	0-1;1-2;2-3	2	5	tail	FMFMMF
u00593	counter-chain	2,4,1,1	0-1;1-2;2-3	2	5	tail	FMFMFP
u00594	counter-chain	2,4,1,1	0-1;1-2;2-3	2	5	tail	FMFFMM
u00595	counter-chain	2,4,1,1	0-1;1-2;2-3	2	5	tail	FMFFMF
u00596	counter-chain	2,4,1,1	0-1;1-2;2-3	2	5	tail	FMFFFP
u00597	counter-chain	2,4,1,1	0-1;1-2;2-3	2	5	tail	FFMMMM
u00598	counter-chain	2,4,1,1	0-1;1-2;2-3	2	5	tail	FFMMMF
u00599	counter-chain	2,4,1,1	0-1;1-2;2-3	2	5	tail	FFMMFP
u00600	counter-chain	2,4,1,1	0-1;1-2;2-3	2	5	tail	FFMFMM
u00601	counter-chain	2,4,1,1	0-1;1-2;2-3	2	5	tail	FFMFMF
u00602	counter-chain	2,4,1,1	0-1;1-2;2-3	2	5	tail	FFMFFP
u00603	counter-chain	2,4,1,1	0-1;1-2;2-3	2	5	tail	FFFMPP
u00604	counter-chain	2,4,1,1	0-1;1-2;2-3	2	5	tail	FFFFMM
u00605	counter-chain	2,4,1,1	0-1;1-2;2-3	2	5	tail	FFFFMF
u00606	counter-chain	2,4,1,1	0-1;1-2;2-3	2	5	tail	FFFFFM
u00607	counter-independent	2,4,1,1		0	0	threshold	MMMM
u00608	counter-independent	2,4,1,1		0	0	tail	MMMM
u00609	counter-independent	2,4,1,1		0	1	threshold	MMMM
u00610	counter-independent	2,4,1,1		0	1	threshold	MMMF
u00611	counter-independent	2,4,1,1		0	1	threshold	MMFM
u00612	counter-independent	2,4,1,1		0	1	threshold	MFMM
u00613	counter-independent	2,4,1,1		0	1	threshold	FMMM
u00614	counter-independent	2,4,1,1		0	1	tail	MMMM
u00615	counter-independent	2,4,1,1		0	1	tail	MMMF
u00616	counter-independent	2,4,1,1		0	1	tail	MMFM
u00617	counter-independent	2,4,1,1		0	1	tail	MFMM
u00618	counter-independent	2,4,1,1		0	1	tail	FMMM
u00619	counter-independent	2,4,1,1		0	2	threshold	MMMM
u00620	counter-independent	2,4,1,1		0	2	threshold	MMMF
u00621	counter-independent	2,4,1,1		0	2	threshold	MMFM
u00622	counter-independent	2,4,1,1		0	2	threshold	MMFF
u00623	counter-independent	2,4,1,1		0	2	threshold	MFMM
u00624	counter-independent	2,4,1,1		0	2	threshold	MFMF
u00625	counter-independent	2,4,1,1		0	2	threshold	MFFM
u00626	counter-independent	2,4,1,1		0	2	threshold	FMMM
u00627	counter-independent	2,4,1,1		0	2	threshold	FMMF
u00628	counter-independent	2,4,1,1		0	2	threshold	FMFM
u00629	counter-independent	2,4,1,1		0	2	threshold	FFMM
u00630	counter-independent	2,4,1,1		0	2	tail	MMMM
u00631	counter-independent	2,4,1,1		0	2	tail	MMMF
u00632	counter-independent	2,4,1,1		0	2	tail	MMFM
u00633	counter-independent	2,4,1,1		0	2	tail	MMFF
u00634	counter-independent	2,4,1,1		0	2	tail	MFMM
u00635	counter-independent	2,4,1,1		0	2	tail	MFMF
u00636	counter-independent	2,4,1,1		0	2	tail	MFFM
u00637	counter-independent	2,4,1,1		0	2	tail	FMMM
u00638	counter-independent	2,4,1,1		0	2	tail	FMMF
u00639	counter-independent	2,4,1,1		0	2	tail	FMFM
u00640	counter-independent	2,4,1,1		0	2	tail	FFMP
u00641	counter-independent	2,4,1,1		0	3	threshold	MMMM
u00642	counter-independent	2,4,1,1		0	3	threshold	MMMF
u00643	counter-independent	2,4,1,1		0	3	threshold	MMFM
u00644	counter-independent	2,4,1,1		0	3	threshold	MMFF
u00645	counter-independent	2,4,1,1		0	3	threshold	MFMM
u00646	counter-independent	2,4,1,1		0	3	threshold	MFMF
u00647	counter-independent	2,4,1,1		0	3	threshold	MFFM
u00648	counter-independent	2,4,1,1		0	3	threshold	MFFF
u00649	counter-independent	2,4,1,1		0	3	threshold	FMMM
u00650	counter-independent	2,4,1,1		0	3	threshold	FMMF
u00651	counter-independent	2,4,1,1		0	3	threshold	FMFM
u00652	counter-independent	2,4,1,1		0	3	threshold	FMFF
u00653	counter-independent	2,4,1,1		0	3	threshold	FFMM
u00654	counter-independent	2,4,1,1		0	3	threshold	FFMF
u00655	counter-independent	2,4,1,1		0	3	threshold	FFFM
u00656	counter-independent	2,4,1,1		0	3	tail	MMMM
u00657	counter-independent	2,4,1,1		0	3	tail	MMMF
u00658	counter-independent	2,4,1,1		0	3	tail	MMFM
u00659	counter-independent	2,4,1,1		0	3	tail	MMFF
u00660	counter-independent	2,4,1,1		0	3	tail	MFMM
u00661	counter-independent	2,4,1,1		0	3	tail	MFMF
u00662	counter-independent	2,4,1,1		0	3	tail	MFFM
u00663	counter-independent	2,4,1,1		0	3	tail	MFFF
u00664	counter-independent	2,4,1,1		0	3	tail	FMMM
u00665	counter-independent	2,4,1,1		0	3	tail	FMMF
u00666	counter-independent	2,4,1,1		0	3	tail	FMFM
u00667	counter-independent	2,4,1,1		0	3	tail	FMFF
u00668	counter-independent	2,4,1,1		0	3	tail	FFMP
u00669	counter-independent	2,4,1,1		0	3	tail	FFFM
u00670	counter-independent	2,4,1,1		0	4	threshold	MMMM
u00671	counter-independent	2,4,1,1		0	4	threshold	MMMF
u00672	counter-independent	2,4,1,1		0	4	threshold	MMFM
u00673	counter-independent	2,4,1,1		0	4	threshold	MMFF
u00674	counter-independent	2,4,1,1		0	4	threshold	MFMM
u00675	counter-independent	2,4,1,1		0	4	threshold	MFMF
u00676	counter-independent	2,4,1,1		0	4	threshold	MFFM
u00677	counter-independent	2,4,1,1		0	4	threshold	MFFF
u00678	counter-independent	2,4,1,1		0	4	threshold	FMMM
u00679	counter-independent	2,4,1,1		0	4	threshold	FMMF
u00680	counter-independent	2,4,1,1		0	4	threshold	FMFM
u00681	counter-independent	2,4,1,1		0	4	threshold	FMFF
u00682	counter-independent	2,4,1,1		0	4	threshold	FFMM
u00683	counter-independent	2,4,1,1		0	4	threshold	FFMF
u00684	counter-independent	2,4,1,1		0	4	threshold	FFFM
u00685	counter-independent	2,4,1,1		0	4	threshold	FFFF
u00686	counter-independent	2,4,1,1		0	4	tail	MMMM
u00687	counter-independent	2,4,1,1		0	4	tail	MMMF
u00688	counter-independent	2,4,1,1		0	4	tail	MMFM
u00689	counter-independent	2,4,1,1		0	4	tail	MMFF
u00690	counter-independent	2,4,1,1		0	4	tail	MFMM
u00691	counter-independent	2,4,1,1		0	4	tail	MFMF
u00692	counter-independent	2,4,1,1		0	4	tail	MFFM
u00693	counter-independent	2,4,1,1		0	4	tail	MFFF
u00694	counter-independent	2,4,1,1		0	4	tail	FMMM
u00695	counter-independent	2,4,1,1		0	4	tail	FMMF
u00696	counter-independent	2,4,1,1		0	4	tail	FMFM
u00697	counter-independent	2,4,1,1		0	4	tail	FMFF
u00698	counter-independent	2,4,1,1		0	4	tail	FFMP
u00699	counter-independent	2,4,1,1		0	4	tail	FFFM
u00700	counter-independent	2,4,1,1		0	4	tail	FFFF
u00701	counter-independent	2,4,1,1		0	5	threshold	MMMM
u00702	counter-independent	2,4,1,1		0	5	threshold	MMMF
u00703	counter-independent	2,4,1,1		0	5	threshold	MMFM
u00704	counter-independent	2,4,1,1		0	5	threshold	MMFF
u00705	counter-independent	2,4,1,1		0	5	threshold	MFMM
u00706	counter-independent	2,4,1,1		0	5	threshold	MFMF
u00707	counter-independent	2,4,1,1		0	5	threshold	MFFM
u00708	counter-independent	2,4,1,1		0	5	threshold	MFFF
u00709	counter-independent	2,4,1,1		0	5	threshold	FMMM
u00710	counter-independent	2,4,1,1		0	5	threshold	FMMF
u00711	counter-independent	2,4,1,1		0	5	threshold	FMFM
u00712	counter-independent	2,4,1,1		0	5	threshold	FMFF
u00713	counter-independent	2,4,1,1		0	5	threshold	FFMM
u00714	counter-independent	2,4,1,1		0	5	threshold	FFMF
u00715	counter-independent	2,4,1,1		0	5	threshold	FFFM
u00716	counter-independent	2,4,1,1		0	5	threshold	FFFF
u00717	counter-independent	2,4,1,1		0	5	tail	MMMM
u00718	counter-independent	2,4,1,1		0	5	tail	MMMF
u00719	counter-independent	2,4,1,1		0	5	tail	MMFM
u00720	counter-independent	2,4,1,1		0	5	tail	MMFF
u00721	counter-independent	2,4,1,1		0	5	tail	MFMM
u00722	counter-independent	2,4,1,1		0	5	tail	MFMF
u00723	counter-independent	2,4,1,1		0	5	tail	MFFM
u00724	counter-independent	2,4,1,1		0	5	tail	MFFF
u00725	counter-independent	2,4,1,1		0	5	tail	FMMM
u00726	counter-independent	2,4,1,1		0	5	tail	FMMF
u00727	counter-independent	2,4,1,1		0	5	tail	FMFM
u00728	counter-independent	2,4,1,1		0	5	tail	FMFF
u00729	counter-independent	2,4,1,1		0	5	tail	FFMP
u00730	counter-independent	2,4,1,1		0	5	tail	FFFM
u00731	counter-independent	2,4,1,1		0	5	tail	FFFF
u00732	counter-independent	2,4,1,1		1	0	threshold	MMMM
u00733	counter-independent	2,4,1,1		1	0	tail	MMMM
u00734	counter-independent	2,4,1,1		1	1	threshold	MMMM
u00735	counter-independent	2,4,1,1		1	1	threshold	MMMFM
u00736	counter-independent	2,4,1,1		1	1	threshold	MMFMM
u00737	counter-independent	2,4,1,1		1	1	threshold	MFMMM
u00738	counter-independent	2,4,1,1		1	1	threshold	FMMMM
u00739	counter-independent	2,4,1,1		1	1	tail	MMMM
u00740	counter-independent	2,4,1,1		1	1	tail	MMMFM
u00741	counter-independent	2,4,1,1		1	1	tail	MMFMM
u00742	counter-independent	2,4,1,1		1	1	tail	MFMMM
u00743	counter-independent	2,4,1,1		1	1	tail	FMMMM
u00744	counter-independent	2,4,1,1		1	2	threshold	MMMM
u00745	counter-independent	2,4,1,1		1	2	threshold	MMMFM
u00746	counter-independent	2,4,1,1		1	2	threshold	MMMFF
u00747	counter-independent	2,4,1,1		1	2	threshold	MMFMM
u00748	counter-independent	2,4,1,1		1	2	threshold	MMFMF
u00749	counter-independent	2,4,1,1		1	2	threshold	MMFFM
u00750	counter-independent	2,4,1,1		1	2	threshold	MFMMM
u00751	counter-independent	2,4,1,1		1	2	threshold	MFMMF
u00752	counter-independent	2,4,1,1		1	2	threshold	MFMFM
u00753	counter-independent	2,4,1,1		1	2	threshold	MFFMM
u00754	counter-independent	2,4,1,1		1	2	threshold	FMMMM
u00755	counter-independent	2,4,1,1		1	2	threshold	FMMMF
u00756	counter-independent	2,4,1,1		1	2	threshold	FMMFM
u00757	counter-independent	2,4,1,1		1	2	threshold	FMFMM
u00758	counter-independent	2,4,1,1		1	2	threshold	FFMMM
u00759	counter-independent	2,4,1,1		1	2	tail	MMMM
u00760	counter-independent	2,4,1,1		1	2	tail	MMMFM
u00761	counter-independent	2,4,1,1		1	2	tail	MMMFF
u00762	counter-independent	2,4,1,1		1	2	tail	MMFMM
u00763	counter-independent	2,4,1,1		1	2	tail	MMFMF
u00764	counter-independent	2,4,1,1		1	2	tail	MMFFM
u00765	counter-independent	2,4,1,1		1	2	tail	MFMMM
u00766	counter-independent	2,4,1,1		1	2	tail	MFMMF
u00767	counter-independent	2,4,1,1		1	2	tail	MFMFM
u00768	counter-independent	2,4,1,1		1	2	tail	MFFMM
u00769	counter-independent	2,4,1,1		1	2	tail	FMMMM
u00770	counter-independent	2,4,1,1		1	2	tail	FMMMF
u00771	counter-independent	2,4,1,1		1	2	tail	FMMFM
u00772	counter-independent	2,4,1,1		1	2	tail	FMFMM
u00773	counter-independent	2,4,1,1		1	2	tail	FFMMM
u00774	counter-independent	2,4,1,1		1	3	threshold	MMMM
u00775	counter-independent	2,4,1,1		1	3	threshold	MMMFM
u00776	counter-independent	2,4,1,1		1	3	threshold	MMMFF
u00777	counter-independent	2,4,1,1		1	3	threshold	MMFMM
u00778	counter-independent	2,4,1,1		1	3	threshold	MMFMF
u00779	counter-independent	2,4,1,1		1	3	threshold	MMFFM
u00780	counter-independent	2,4,1,1		1	3	threshold	MMFFF
u00781	counter-independent	2,4,1,1		1	3	threshold	MFMMM
u00782	counter-independent	2,4,1,1		1	3	threshold	MFMMF
u00783	counter-independent	2,4,1,1		1	3	threshold	MFMFM
u00784	counter-independent	2,4,1,1		1	3	threshold	MFMFF
u00785	counter-independent	2,4,1,1		1	3	threshold	MFFMM
u00786	counter-independent	2,4,1,1		1	3	threshold	MFFMF
u00787	counter-independent	2,4,1,1		1	3	threshold	MFFFM
u00788	counter-independent	2,4,1,1		1	3	threshold	FMMMM
u00789	counter-independent	2,4,1,1		1	3	threshold	FMMMF
u00790	counter-independent	2,4,1,1		1	3	threshold	FMMFM
u00791	counter-independent	2,4,1,1		1	3	threshold	FMMFF
u00792	counter-independent	2,4,1,1		1	3	threshold	FMFMM
u00793	counter-independent	2,4,1,1		1	3	threshold	FMFMF
u00794	counter-independent	2,4,1,1		1	3	threshold	FMFFM
u00795	counter-independent	2,4,1,1		1	3	threshold	FFMMM
u00796	counter-independent	2,4,1,1		1	3	threshold	FFMMF
u00797	counter-independent	2,4,1,1		1	3	threshold	FFMFM
u00798	counter-independent	2,4,1,1		1	3	threshold	FFFMM
u00799	counter-independent	2,4,1,1		1	3	tail	MMMM
u00800	counter-independent	2,4,1,1		1	3	tail	MMMFM
u00801	counter-independent	2,4,1,1		1	3	tail	MMMFF
u00802	counter-independent	2,4,1,1		1	3	tail	MMFMM
u00803	counter-independent	2,4,1,1		1	3	tail	MMFMF
u00804	counter-independent	2,4,1,1		1	3	tail	MMFFM
u00805	counter-independent	2,4,1,1		1	3	tail	MMFFF
u00806	counter-independent	2,4,1,1		1	3	tail	MFMMM
u00807	counter-independent	2,4,1,1		1	3	tail	MFMMF
u00808	counter-independent	2,4,1,1		1	3	tail	MFMFM
u00809	counter-independent	2,4,1,1		1	3	tail	MFMFF
u00810	counter-independent	2,4,1,1		1	3	tail	MFFMM
u00811	counter-independent	2,4,1,1		1	3	tail	MFFMF
u00812	counter-independent	2,4,1,1		1	3	tail	MFFFM
u00813	counter-independent	2,4,1,1		1	3	tail	FMMMM
u00814	counter-independent	2,4,1,1		1	3	tail	FMMMF
u00815	counter-independent	2,4,1,1		1	3	tail	FMMFM
u00816	counter-independent	2,4,1,1		1	3	tail	FMMFF
u00817	counter-independent	2,4,1,1		1	3	tail	FMFMM
u00818	counter-independent	2,4,1,1		1	3	tail	FMFMF
u00819	counter-independent	2,4,1,1		1	3	tail	FMFFM
u00820	counter-independent	2,4,1,1		1	3	tail	FFMMM
u00821	counter-independent	2,4,1,1		1	3	tail	FFMMF
u00822	counter-independent	2,4,1,1		1	3	tail	FFMFM
u00823	counter-independent	2,4,1,1		1	3	tail	FFFMP
u00824	counter-independent	2,4,1,1		1	4	threshold	MMMM
u00825	counter-independent	2,4,1,1		1	4	threshold	MMMFM
u00826	counter-independent	2,4,1,1		1	4	threshold	MMMFF
u00827	counter-independent	2,4,1,1		1	4	threshold	MMFMM
u00828	counter-independent	2,4,1,1		1	4	threshold	MMFMF
u00829	counter-independent	2,4,1,1		1	4	threshold	MMFFM
u00830	counter-independent	2,4,1,1		1	4	threshold	MMFFF
u00831	counter-independent	2,4,1,1		1	4	threshold	MFMMM
u00832	counter-independent	2,4,1,1		1	4	threshold	MFMMF
u00833	counter-independent	2,4,1,1		1	4	threshold	MFMFM
u00834	counter-independent	2,4,1,1		1	4	threshold	MFMFF
u00835	counter-independent	2,4,1,1		1	4	threshold	MFFMM
u00836	counter-independent	2,4,1,1		1	4	threshold	MFFMF
u00837	counter-independent	2,4,1,1		1	4	threshold	MFFFM
u00838	counter-independent	2,4,1,1		1	4	threshold	MFFFF
u00839	counter-independent	2,4,1,1		1	4	threshold	FMMMM
u00840	counter-independent	2,4,1,1		1	4	threshold	FMMMF
u00841	counter-independent	2,4,1,1		1	4	threshold	FMMFM
u00842	counter-independent	2,4,1,1		1	4	threshold	FMMFF
u00843	counter-independent	2,4,1,1		1	4	threshold	FMFMM
u00844	counter-independent	2,4,1,1		1	4	threshold	FMFMF
u00845	counter-independent	2,4,1,1		1	4	threshold	FMFFM
u00846	counter-independent	2,4,1,1		1	4	threshold	FMFFF
u00847	counter-independent	2,4,1,1		1	4	threshold	FFMMM
u00848	counter-independent	2,4,1,1		1	4	threshold	FFMMF
u00849	counter-independent	2,4,1,1		1	4	threshold	FFMFM
u00850	counter-independent	2,4,1,1		1	4	threshold	FFMFF
u00851	counter-independent	2,4,1,1		1	4	threshold	FFFMM
u00852	counter-independent	2,4,1,1		1	4	threshold	FFFMF
u00853	counter-independent	2,4,1,1		1	4	threshold	FFFFM
u00854	counter-independent	2,4,1,1		1	4	tail	MMMM
u00855	counter-independent	2,4,1,1		1	4	tail	MMMFM
u00856	counter-independent	2,4,1,1		1	4	tail	MMMFF
u00857	counter-independent	2,4,1,1		1	4	tail	MMFMM
u00858	counter-independent	2,4,1,1		1	4	tail	MMFMF
u00859	counter-independent	2,4,1,1		1	4	tail	MMFFM
u00860	counter-independent	2,4,1,1		1	4	tail	MMFFF
u00861	counter-independent	2,4,1,1		1	4	tail	MFMMM
u00862	counter-independent	2,4,1,1		1	4	tail	MFMMF
u00863	counter-independent	2,4,1,1		1	4	tail	MFMFM
u00864	counter-independent	2,4,1,1		1	4	tail	MFMFF
u00865	counter-independent	2,4,1,1		1	4	tail	MFFMM
u00866	counter-independent	2,4,1,1		1	4	tail	MFFMF
u00867	counter-independent	2,4,1,1		1	4	tail	MFFFM
u00868	counter-independent	2,4,1,1		1	4	tail	MFFFF
u00869	counter-independent	2,4,1,1		1	4	tail	FMMMM
u00870	counter-independent	2,4,1,1		1	4	tail	FMMMF
u00871	counter-independent	2,4,1,1		1	4	tail	FMMFM
u00872	counter-independent	2,4,1,1		1	4	tail	FMMFF
u00873	counter-independent	2,4,1,1		1	4	tail	FMFMM
u00874	counter-independent	2,4,1,1		1	4	tail	FMFMF
u00875	counter-independent	2,4,1,1		1	4	tail	FMFFM
u00876	counter-independent	2,4,1,1		1	4	tail	FMFFF
u00877	counter-independent	2,4,1,1		1	4	tail	FFMMM
u00878	counter-independent	2,4,1,1		1	4	tail	FFMMF
u00879	counter-independent	2,4,1,1		1	4	tail	FFMFM
u00880	counter-independent	2,4,1,1		1	4	tail	FFMFF
u00881	counter-independent	2,4,1,1		1	4	tail	FFFMP
u00882	counter-independent	2,4,1,1		1	4	tail	FFFFM
u00883	counter-independent	2,4,1,1		1	5	threshold	MMMM
u00884	counter-independent	2,4,1,1		1	5	threshold	MMMFM
u00885	counter-independent	2,4,1,1		1	5	threshold	MMMFF
u00886	counter-independent	2,4,1,1		1	5	threshold	MMFMM
u00887	counter-independent	2,4,1,1		1	5	threshold	MMFMF
u00888	counter-independent	2,4,1,1		1	5	threshold	MMFFM
u00889	counter-independent	2,4,1,1		1	5	threshold	MMFFF
u00890	counter-independent	2,4,1,1		1	5	threshold	MFMMM
u00891	counter-independent	2,4,1,1		1	5	threshold	MFMMF
u00892	counter-independent	2,4,1,1		1	5	threshold	MFMFM
u00893	counter-independent	2,4,1,1		1	5	threshold	MFMFF
u00894	counter-independent	2,4,1,1		1	5	threshold	MFFMM
u00895	counter-independent	2,4,1,1		1	5	threshold	MFFMF
u00896	counter-independent	2,4,1,1		1	5	threshold	MFFFM
u00897	counter-independent	2,4,1,1		1	5	threshold	MFFFF
u00898	counter-independent	2,4,1,1		1	5	threshold	FMMMM
u00899	counter-independent	2,4,1,1		1	5	threshold	FMMMF
u00900	counter-independent	2,4,1,1		1	5	threshold	FMMFM
u00901	counter-independent	2,4,1,1		1	5	threshold	FMMFF
u00902	counter-independent	2,4,1,1		1	5	threshold	FMFMM
u00903	counter-independent	2,4,1,1		1	5	threshold	FMFMF
u00904	counter-independent	2,4,1,1		1	5	threshold	FMFFM
u00905	counter-independent	2,4,1,1		1	5	threshold	FMFFF
u00906	counter-independent	2,4,1,1		1	5	threshold	FFMMM
u00907	counter-independent	2,4,1,1		1	5	threshold	FFMMF
u00908	counter-independent	2,4,1,1		1	5	threshold	FFMFM
u00909	counter-independent	2,4,1,1		1	5	threshold	FFMFF
u00910	counter-independent	2,4,1,1		1	5	threshold	FFFMM
u00911	counter-independent	2,4,1,1		1	5	threshold	FFFMF
u00912	counter-independent	2,4,1,1		1	5	threshold	FFFFM
u00913	counter-independent	2,4,1,1		1	5	threshold	FFFFF
u00914	counter-independent	2,4,1,1		1	5	tail	MMMM
u00915	counter-independent	2,4,1,1		1	5	tail	MMMFM
u00916	counter-independent	2,4,1,1		1	5	tail	MMMFF
u00917	counter-independent	2,4,1,1		1	5	tail	MMFMM
u00918	counter-independent	2,4,1,1		1	5	tail	MMFMF
u00919	counter-independent	2,4,1,1		1	5	tail	MMFFM
u00920	counter-independent	2,4,1,1		1	5	tail	MMFFF
u00921	counter-independent	2,4,1,1		1	5	tail	MFMMM
u00922	counter-independent	2,4,1,1		1	5	tail	MFMMF
u00923	counter-independent	2,4,1,1		1	5	tail	MFMFM
u00924	counter-independent	2,4,1,1		1	5	tail	MFMFF
u00925	counter-independent	2,4,1,1		1	5	tail	MFFMM
u00926	counter-independent	2,4,1,1		1	5	tail	MFFMF
u00927	counter-independent	2,4,1,1		1	5	tail	MFFFM
u00928	counter-independent	2,4,1,1		1	5	tail	MFFFF
u00929	counter-independent	2,4,1,1		1	5	tail	FMMMM
u00930	counter-independent	2,4,1,1		1	5	tail	FMMMF
u00931	counter-independent	2,4,1,1		1	5	tail	FMMFM
u00932	counter-independent	2,4,1,1		1	5	tail	FMMFF
u00933	counter-independent	2,4,1,1		1	5	tail	FMFMM
u00934	counter-independent	2,4,1,1		1	5	tail	FMFMF
u00935	counter-independent	2,4,1,1		1	5	tail	FMFFM
u00936	counter-independent	2,4,1,1		1	5	tail	FMFFF
u00937	counter-independent	2,4,1,1		1	5	tail	FFMMM
u00938	counter-independent	2,4,1,1		1	5	tail	FFMMF
u00939	counter-independent	2,4,1,1		1	5	tail	FFMFM
u00940	counter-independent	2,4,1,1		1	5	tail	FFMFF
u00941	counter-independent	2,4,1,1		1	5	tail	FFFMP
u00942	counter-independent	2,4,1,1		1	5	tail	FFFFM
u00943	counter-independent	2,4,1,1		1	5	tail	FFFFF
u00944	counter-independent	2,4,1,1		2	0	threshold	MMMM
u00945	counter-independent	2,4,1,1		2	0	tail	MMMM
u00946	counter-independent	2,4,1,1		2	1	threshold	MMMM
u00947	counter-independent	2,4,1,1		2	1	threshold	MMMFM
u00948	counter-independent	2,4,1,1		2	1	threshold	MMFMM
u00949	counter-independent	2,4,1,1		2	1	threshold	MFMMM
u00950	counter-independent	2,4,1,1		2	1	threshold	FMMMM
u00951	counter-independent	2,4,1,1		2	1	tail	MMMM
u00952	counter-independent	2,4,1,1		2	1	tail	MMMFM
u00953	counter-independent	2,4,1,1		2	1	tail	MMFMM
u00954	counter-independent	2,4,1,1		2	1	tail	MFMMM
u00955	counter-independent	2,4,1,1		2	1	tail	FMMMM
u00956	counter-independent	2,4,1,1		2	2	threshold	MMMM
u00957	counter-independent	2,4,1,1		2	2	threshold	MMMFM
u00958	counter-independent	2,4,1,1		2	2	threshold	MMMFFM
u00959	counter-independent	2,4,1,1		2	2	threshold	MMFMM
u00960	counter-independent	2,4,1,1		2	2	threshold	MMFMFM
u00961	counter-independent	2,4,1,1		2	2	threshold	MMFFMM
u00962	counter-independent	2,4,1,1		2	2	threshold	MFMMM
u00963	counter-independent	2,4,1,1		2	2	threshold	MFMMFM
u00964	counter-independent	2,4,1,1		2	2	threshold	MFMFMM
u00965	counter-independent	2,4,1,1		2	2	threshold	MFFMMM
u00966	counter-independent	2,4,1,1		2	2	threshold	FMMMM
u00967	counter-independent	2,4,1,1		2	2	threshold	FMMMFM
u00968	counter-independent	2,4,1,1		2	2	threshold	FMMFMM
u00969	counter-independent	2,4,1,1		2	2	threshold	FMFMMM
u00970	counter-independent	2,4,1,1		2	2	threshold	FFMMMM
u00971	counter-independent	2,4,1,1		2	2	tail	MMMM
u00972	counter-independent	2,4,1,1		2	2	tail	MMMFM
u00973	counter-independent	2,4,1,1		2	2	tail	MMMFFM
u00974	counter-independent	2,4,1,1		2	2	tail	MMFMM
u00975	counter-independent	2,4,1,1		2	2	tail	MMFMFM
u00976	counter-independent	2,4,1,1		2	2	tail	MMFFMM
u00977	counter-independent	2,4,1,1		2	2	tail	MFMMM
u00978	counter-independent	2,4,1,1		2	2	tail	MFMMFM
u00979	counter-independent	2,4,1,1		2	2	tail	MFMFMM
u00980	counter-independent	2,4,1,1		2	2	tail	MFFMMM
u00981	counter-independent	2,4,1,1		2	2	tail	FMMMM
u00982	counter-independent	2,4,1,1		2	2	tail	FMMMFM
u00983	counter-independent	2,4,1,1		2	2	tail	FMMFMM
u00984	counter-independent	2,4,1,1		2	2	tail	FMFMMM
u00985	counter-independent	2,4,1,1		2	2	tail	FFMMMM
u00986	counter-independent	2,4,1,1		2	3	threshold	MMMM
u00987	counter-independent	2,4,1,1		2	3	threshold	MMMFM
u00988	counter-independent	2,4,1,1		2	3	threshold	MMMFFM
u00989	counter-independent	2,4,1,1		2	3	threshold	MMMFFF
u00990	counter-independent	2,4,1,1		2	3	threshold	MMFMM
u00991	counter-independent	2,4,1,1		2	3	threshold	MMFMFM
u00992	counter-independent	2,4,1,1		2	3	threshold	MMFMFF
u00993	counter-independent	2,4,1,1		2	3	threshold	MMFFMM
u00994	counter-independent	2,4,1,1		2	3	threshold	MMFFMF
u00995	counter-independent	2,4,1,1		2	3	threshold	MMFFFM
u00996	counter-independent	2,4,1,1		2	3	threshold	MFMMM
u00997	counter-independent	2,4,1,1		2	3	threshold	MFMMFM
u00998	counter-independent	2,4,1,1		2	3	threshold	MFMMFF
u00999	counter-independent	2,4,1,1		2	3	threshold	MFMFMM
u01000	counter-independent	2,4,1,1		2	3	threshold	MFMFMF
u01001	counter-independent	2,4,1,1		2	3	threshold	MFMFFM
u01002	counter-independent	2,4,1,1		2	3	threshold	MFFMMM
u01003	counter-independent	2,4,1,1		2	3	threshold	MFFMMF
u01004	counter-independent	2,4,1,1		2	3	threshold	MFFMFM
u01005	counter-independent	2,4,1,1		2	3	threshold	MFFFMM
u01006	counter-independent	2,4,1,1		2	3	threshold	FMMMM
u01007	counter-independent	2,4,1,1		2	3	threshold	FMMMFM
u01008	counter-independent	2,4,1,1		2	3	threshold	FMMMFF
u01009	counter-independent	2,4,1,1		2	3	threshold	FMMFMM
u01010	counter-independent	2,4,1,1		2	3	threshold	FMMFMF
u01011	counter-independent	2,4,1,1		2	3	threshold	FMMFFM
u01012	counter-independent	2,4,1,1		2	3	threshold	FMFMMM
u01013	counter-independent	2,4,1,1		2	3	threshold	FMFMMF
u01014	counter-independent	2,4,1,1		2	3	threshold	FMFMFM
u01015	counter-independent	2,4,1,1		2	3	threshold	FMFFMM
u01016	counter-independent	2,4,1,1		2	3	threshold	FFMMMM
u01017	counter-independent	2,4,1,1		2	3	threshold	FFMMMF
u01018	counter-independent	2,4,1,1		2	3	threshold	FFMMFM
u01019	counter-independent	2,4,1,1		2	3	threshold	FFMFMM
u01020	counter-independent	2,4,1,1		2	3	threshold	FFFMMM
u01021	counter-independent	2,4,1,1		2	3	tail	MMMM
u01022	counter-independent	2,4,1,1		2	3	tail	MMMFM
u01023	counter-independent	2,4,1,1		2	3	tail	MMMFFM
u01024	counter-independent	2,4,1,1		2	3	tail	MMMFFF
u01025	counter-independent	2,4,1,1		2	3	tail	MMFMM
u01026	counter-independent	2,4,1,1		2	3	tail	MMFMFM
u01027	counter-independent	2,4,1,1		2	3	tail	MMFMFF
u01028	counter-independent	2,4,1,1		2	3	tail	MMFFMM
u01029	counter-independent	2,4,1,1		2	3	tail	MMFFMF
u01030	counter-independent	2,4,1,1		2	3	tail	MMFFFM
u01031	counter-independent	2,4,1,1		2	3	tail	MFMMM
u01032	counter-independent	2,4,1,1		2	3	tail	MFMMFM
u01033	counter-independent	2,4,1,1		2	3	tail	MFMMFF
u01034	counter-independent	2,4,1,1		2	3	tail	MFMFMM
u01035	counter-independent	2,4,1,1		2	3	tail	MFMFMF
u01036	counter-independent	2,4,1,1		2	3	tail	MFMFFM
u01037	counter-independent	2,4,1,1		2	3	tail	MFFMMM
u01038	counter-independent	2,4,1,1		2	3	tail	MFFMMF
u01039	counter-independent	2,4,1,1		2	3	tail	MFFMFM
u01040	counter-independent	2,4,1,1		2	3	tail	MFFFMM
u01041	counter-independent	2,4,1,1		2	3	tail	FMMMM
u01042	counter-independent	2,4,1,1		2	3	tail	FMMMFM
u01043	counter-independent	2,4,1,1		2	3	tail	FMMMFF
u01044	counter-independent	2,4,1,1		2	3	tail	FMMFMM
u01045	counter-independent	2,4,1,1		2	3	tail	FMMFMF
u01046	counter-independent	2,4,1,1		2	3	tail	FMMFFM
u01047	counter-independent	2,4,1,1		2	3	tail	FMFMMM
u01048	counter-independent	2,4,1,1		2	3	tail	FMFMMF
u01049	counter-independent	2,4,1,1		2	3	tail	FMFMFM
u01050	counter-independent	2,4,1,1		2	3	tail	FMFFMM
u01051	counter-independent	2,4,1,1		2	3	tail	FFMMMM
u01052	counter-independent	2,4,1,1		2	3	tail	FFMMMF
u01053	counter-independent	2,4,1,1		2	3	tail	FFMMFM
u01054	counter-independent	2,4,1,1		2	3	tail	FFMFMM
u01055	counter-independent	2,4,1,1		2	3	tail	FFFMMM
u01056	counter-independent	2,4,1,1		2	4	threshold	MMMM
u01057	counter-independent	2,4,1,1		2	4	threshold	MMMFM
u01058	counter-independent	2,4,1,1		2	4	threshold	MMMFFM
u01059	counter-independent	2,4,1,1		2	4	threshold	MMMFFF
u01060	counter-independent	2,4,1,1		2	4	threshold	MMFMM
u01061	counter-independent	2,4,1,1		2	4	threshold	MMFMFM
u01062	counter-independent	2,4,1,1		2	4	threshold	MMFMFF
u01063	counter-independent	2,4,1,1		2	4	threshold	MMFFMM
u01064	counter-independent	2,4,1,1		2	4	threshold	MMFFMF
u01065	counter-independent	2,4,1,1		2	4	threshold	MMFFFM
u01066	counter-independent	2,4,1,1		2	4	threshold	MMFFFF
u01067	counter-independent	2,4,1,1		2	4	threshold	MFMMM
u01068	counter-independent	2,4,1,1		2	4	threshold	MFMMFM
u01069	counter-independent	2,4,1,1		2	4	threshold	MFMMFF
u01070	counter-independent	2,4,1,1		2	4	threshold	MFMFMM
u01071	counter-independent	2,4,1,1		2	4	threshold	MFMFMF
u01072	counter-independent	2,4,1,1		2	4	threshold	MFMFFM
u01073	counter-independent	2,4,1,1		2	4	threshold	MFMFFF
u01074	counter-independent	2,4,1,1		2	4	threshold	MFFMMM
u01075	counter-independent	2,4,1,1		2	4	threshold	MFFMMF
u01076	counter-independent	2,4,1,1		2	4	threshold	MFFMFM
u01077	counter-independent	2,4,1,1		2	4	threshold	MFFMFF
u01078	counter-independent	2,4,1,1		2	4	threshold	MFFFMM
u01079	counter-independent	2,4,1,1		2	4	threshold	MFFFMF
u01080	counter-independent	2,4,1,1		2	4	threshold	MFFFFM
u01081	counter-independent	2,4,1,1		2	4	threshold	FMMMM
u01082	counter-independent	2,4,1,1		2	4	threshold	FMMMFM
u01083	counter-independent	2,4,1,1		2	4	threshold	FMMMFF
u01084	counter-independent	2,4,1,1		2	4	threshold	FMMFMM
u01085	counter-independent	2,4,1,1		2	4	threshold	FMMFMF
u01086	counter-independent	2,4,1,1		2	4	threshold	FMMFFM
u01087	counter-independent	2,4,1,1		2	4	threshold	FMMFFF
u01088	counter-independent	2,4,1,1		2	4	threshold	FMFMMM
u01089	counter-independent	2,4,1,1		2	4	threshold	FMFMMF
u01090	counter-independent	2,4,1,1		2	4	threshold	FMFMFM
u01091	counter-independent	2,4,1,1		2	4	threshold	FMFMFF
u01092	counter-independent	2,4,1,1		2	4	threshold	FMFFMM
u01093	counter-independent	2,4,1,1		2	4	threshold	FMFFMF
u01094	counter-independent	2,4,1,1		2	4	threshold	FMFFFM
u01095	counter-independent	2,4,1,1		2	4	threshold	FFMMMM
u01096	counter-independent	2,4,1,1		2	4	threshold	FFMMMF
u01097	counter-independent	2,4,1,1		2	4	threshold	FFMMFM
u01098	counter-independent	2,4,1,1		2	4	threshold	FFMMFF
u01099	counter-independent	2,4,1,1		2	4	threshold	FFMFMM
u01100	counter-independent	2,4,1,1		2	4	threshold	FFMFMF
u01101	counter-independent	2,4,1,1		2	4	threshold	FFMFFM
u01102	counter-independent	2,4,1,1		2	4	threshold	FFFMMM
u01103	counter-independent	2,4,1,1		2	4	threshold	FFFMMF
u01104	counter-independent	2,4,1,1		2	4	threshold	FFFMFM
u01105	counter-independent	2,4,1,1		2	4	threshold	FFFFMM
u01106	counter-independent	2,4,1,1		2	4	tail	MMMM
u01107	counter-independent	2,4,1,1		2	4	tail	MMMFM
u01108	counter-independent	2,4,1,1		2	4	tail	MMMFFM
u01109	counter-independent	2,4,1,1		2	4	tail	MMMFFF
u01110	counter-independent	2,4,1,1		2	4	tail	MMFMM
u01111	counter-independent	2,4,1,1		2	4	tail	MMFMFM
u01112	counter-independent	2,4,1,1		2	4	tail	MMFMFF
u01113	counter-independent	2,4,1,1		2	4	tail	MMFFMM
u01114	counter-independent	2,4,1,1		2	4	tail	MMFFMF
u01115	counter-independent	2,4,1,1		2	4	tail	MMFFFM
u01116	counter-independent	2,4,1,1		2	4	tail	MMFFFF
u01117	counter-independent	2,4,1,1		2	4	tail	MFMMM
u01118	counter-independent	2,4,1,1		2	4	tail	MFMMFM
u01119	counter-independent	2,4,1,1		2	4	tail	MFMMFF
u01120	counter-independent	2,4,1,1		2	4	tail	MFMFMM
u01121	counter-independent	2,4,1,1		2	4	tail	MFMFMF
u01122	counter-independent	2,4,1,1		2	4	tail	MFMFFM
u01123	counter-independent	2,4,1,1		2	4	tail	MFMFFF
u01124	counter-independent	2,4,1,1		2	4	tail	MFFMMM
u01125	counter-independent	2,4,1,1		2	4	tail	MFFMMF
u01126	counter-independent	2,4,1,1		2	4	tail	MFFMFM
u01127	counter-independent	2,4,1,1		2	4	tail	MFFMFF
u01128	counter-independent	2,4,1,1		2	4	tail	MFFFMM
u01129	counter-independent	2,4,1,1		2	4	tail	MFFFMF
u01130	counter-independent	2,4,1,1		2	4	tail	MFFFFM
u01131	counter-independent	2,4,1,1		2	4	tail	FMMMM
u01132	counter-independent	2,4,1,1		2	4	tail	FMMMFM
u01133	counter-independent	2,4,1,1		2	4	tail	FMMMFF
u01134	counter-independent	2,4,1,1		2	4	tail	FMMFMM
u01135	counter-independent	2,4,1,1		2	4	tail	FMMFMF
u01136	counter-independent	2,4,1,1		2	4	tail	FMMFFM
u01137	counter-independent	2,4,1,1		2	4	tail	FMMFFF
u01138	counter-independent	2,4,1,1		2	4	tail	FMFMMM
u01139	counter-independent	2,4,1,1		2	4	tail	FMFMMF
u01140	counter-independent	2,4,1,1		2	4	tail	FMFMFM
u01141	counter-independent	2,4,1,1		2	4	tail	FMFMFF
u01142	counter-independent	2,4,1,1		2	4	tail	FMFFMM
u01143	counter-independent	2,4,1,1		2	4	tail	FMFFMF
u01144	counter-independent	2,4,1,1		2	4	tail	FMFFFM
u01145	counter-independent	2,4,1,1		2	4	tail	FFMMMM
u01146	counter-independent	2,4,1,1		2	4	tail	FFMMMF
u01147	counter-independent	2,4,1,1		2	4	tail	FFMMFM
u01148	counter-independent	2,4,1,1		2	4	tail	FFMMFF
u01149	counter-independent	2,4,1,1		2	4	tail	FFMFMM
u01150	counter-independent	2,4,1,1		2	4	tail	FFMFMF
u01151	counter-independent	2,4,1,1		2	4	tail	FFMFFM
u01152	counter-independent	2,4,1,1		2	4	tail	FFFMMM
u01153	counter-independent	2,4,1,1		2	4	tail	FFFMMF
u01154	counter-independent	2,4,1,1		2	4	tail	FFFMFM
u01155	counter-independent	2,4,1,1		2	4	tail	FFFFMP
u01156	counter-independent	2,4,1,1		2	5	threshold	MMMM
u01157	counter-independent	2,4,1,1		2	5	threshold	MMMFM
u01158	counter-independent	2,4,1,1		2	5	threshold	MMMFFM
u01159	counter-independent	2,4,1,1		2	5	threshold	MMMFFF
u01160	counter-independent	2,4,1,1		2	5	threshold	MMFMM
u01161	counter-independent	2,4,1,1		2	5	threshold	MMFMFM
u01162	counter-independent	2,4,1,1		2	5	threshold	MMFMFF
u01163	counter-independent	2,4,1,1		2	5	threshold	MMFFMM
u01164	counter-independent	2,4,1,1		2	5	threshold	MMFFMF
u01165	counter-independent	2,4,1,1		2	5	threshold	MMFFFM
u01166	counter-independent	2,4,1,1		2	5	threshold	MMFFFF
u01167	counter-independent	2,4,1,1		2	5	threshold	MFMMM
u01168	counter-independent	2,4,1,1		2	5	threshold	MFMMFM
u01169	counter-independent	2,4,1,1		2	5	threshold	MFMMFF
u01170	counter-independent	2,4,1,1		2	5	threshold	MFMFMM
u01171	counter-independent	2,4,1,1		2	5	threshold	MFMFMF
u01172	counter-independent	2,4,1,1		2	5	threshold	MFMFFM
u01173	counter-independent	2,4,1,1		2	5	threshold	MFMFFF
u01174	counter-independent	2,4,1,1		2	5	threshold	MFFMMM
u01175	counter-independent	2,4,1,1		2	5	threshold	MFFMMF
u01176	counter-independent	2,4,1,1		2	5	threshold	MFFMFM
u01177	counter-independent	2,4,1,1		2	5	threshold	MFFMFF
u01178	counter-independent	2,4,1,1		2	5	threshold	MFFFMM
u01179	counter-independent	2,4,1,1		2	5	threshold	MFFFMF
u01180	counter-independent	2,4,1,1		2	5	threshold	MFFFFM
u01181	counter-independent	2,4,1,1		2	5	threshold	MFFFFF
u01182	counter-independent	2,4,1,1		2	5	threshold	FMMMM
u01183	counter-independent	2,4,1,1		2	5	threshold	FMMMFM
u01184	counter-independent	2,4,1,1		2	5	threshold	FMMMFF
u01185	counter-independent	2,4,1,1		2	5	threshold	FMMFMM
u01186	counter-independent	2,4,1,1		2	5	threshold	FMMFMF
u01187	counter-independent	2,4,1,1		2	5	threshold	FMMFFM
u01188	counter-independent	2,4,1,1		2	5	threshold	FMMFFF
u01189	counter-independent	2,4,1,1		2	5	threshold	FMFMMM
u01190	counter-independent	2,4,1,1		2	5	threshold	FMFMMF
u01191	counter-independent	2,4,1,1		2	5	threshold	FMFMFM
u01192	counter-independent	2,4,1,1		2	5	threshold	FMFMFF
u01193	counter-independent	2,4,1,1		2	5	threshold	FMFFMM
u01194	counter-independent	2,4,1,1		2	5	threshold	FMFFMF
u01195	counter-independent	2,4,1,1		2	5	threshold	FMFFFM
u01196	counter-independent	2,4,1,1		2	5	threshold	FMFFFF
u01197	counter-independent	2,4,1,1		2	5	threshold	FFMMMM
u01198	counter-independent	2,4,1,1		2	5	threshold	FFMMMF
u01199	counter-independent	2,4,1,1		2	5	threshold	FFMMFM
u01200	counter-independent	2,4,1,1		2	5	threshold	FFMMFF
u01201	counter-independent	2,4,1,1		2	5	threshold	FFMFMM
u01202	counter-independent	2,4,1,1		2	5	threshold	FFMFMF
u01203	counter-independent	2,4,1,1		2	5	threshold	FFMFFM
u01204	counter-independent	2,4,1,1		2	5	threshold	FFMFFF
u01205	counter-independent	2,4,1,1		2	5	threshold	FFFMMM
u01206	counter-independent	2,4,1,1		2	5	threshold	FFFMMF
u01207	counter-independent	2,4,1,1		2	5	threshold	FFFMFM
u01208	counter-independent	2,4,1,1		2	5	threshold	FFFMFF
u01209	counter-independent	2,4,1,1		2	5	threshold	FFFFMM
u01210	counter-independent	2,4,1,1		2	5	threshold	FFFFMF
u01211	counter-independent	2,4,1,1		2	5	threshold	FFFFFM
u01212	counter-independent	2,4,1,1		2	5	tail	MMMM
u01213	counter-independent	2,4,1,1		2	5	tail	MMMFM
u01214	counter-independent	2,4,1,1		2	5	tail	MMMFFM
u01215	counter-independent	2,4,1,1		2	5	tail	MMMFFF
u01216	counter-independent	2,4,1,1		2	5	tail	MMFMM
u01217	counter-independent	2,4,1,1		2	5	tail	MMFMFM
u01218	counter-independent	2,4,1,1		2	5	tail	MMFMFF
u01219	counter-independent	2,4,1,1		2	5	tail	MMFFMM
u01220	counter-independent	2,4,1,1		2	5	tail	MMFFMF
u01221	counter-independent	2,4,1,1		2	5	tail	MMFFFM
u01222	counter-independent	2,4,1,1		2	5	tail	MMFFFF
u01223	counter-independent	2,4,1,1		2	5	tail	MFMMM
u01224	counter-independent	2,4,1,1		2	5	tail	MFMMFM
u01225	counter-independent	2,4,1,1		2	5	tail	MFMMFF
u01226	counter-independent	2,4,1,1		2	5	tail	MFMFMM
u01227	counter-independent	2,4,1,1		2	5	tail	MFMFMF
u01228	counter-independent	2,4,1,1		2	5	tail	MFMFFM
u01229	counter-independent	2,4,1,1		2	5	tail	MFMFFF
u01230	counter-independent	2,4,1,1		2	5	tail	MFFMMM
u01231	counter-independent	2,4,1,1		2	5	tail	MFFMMF
u01232	counter-independent	2,4,1,1		2	5	tail	MFFMFM
u01233	counter-independent	2,4,1,1		2	5	tail	MFFMFF
u01234	counter-independent	2,4,1,1		2	5	tail	MFFFMM
u01235	counter-independent	2,4,1,1		2	5	tail	MFFFMF
u01236	counter-independent	2,4,1,1		2	5	tail	MFFFFM
u01237	counter-independent	2,4,1,1		2	5	tail	MFFFFF
u01238	counter-independent	2,4,1,1		2	5	tail	FMMMM
u01239	counter-independent	2,4,1,1		2	5	tail	FMMMFM
u01240	counter-independent	2,4,1,1		2	5	tail	FMMMFF
u01241	counter-independent	2,4,1,1		2	5	tail	FMMFMM
u01242	counter-independent	2,4,1,1		2	5	tail	FMMFMF
u01243	counter-independent	2,4,1,1		2	5	tail	FMMFFM
u01244	counter-independent	2,4,1,1		2	5	tail	FMMFFF
u01245	counter-independent	2,4,1,1		2	5	tail	FMFMMM
u01246	counter-independent	2,4,1,1		2	5	tail	FMFMMF
u01247	counter-independent	2,4,1,1		2	5	tail	FMFMFM
u01248	counter-independent	2,4,1,1		2	5	tail	FMFMFF
u01249	counter-independent	2,4,1,1		2	5	tail	FMFFMM
u01250	counter-independent	2,4,1,1		2	5	tail	FMFFMF
u01251	counter-independent	2,4,1,1		2	5	tail	FMFFFM
u01252	counter-independent	2,4,1,1		2	5	tail	FMFFFF
u01253	counter-independent	2,4,1,1		2	5	tail	FFMMMM
u01254	counter-independent	2,4,1,1		2	5	tail	FFMMMF
u01255	counter-independent	2,4,1,1		2	5	tail	FFMMFM
u01256	counter-independent	2,4,1,1		2	5	tail	FFMMFF
u01257	counter-independent	2,4,1,1		2	5	tail	FFMFMM
u01258	counter-independent	2,4,1,1		2	5	tail	FFMFMF
u01259	counter-independent	2,4,1,1		2	5	tail	FFMFFM
u01260	counter-independent	2,4,1,1		2	5	tail	FFMFFF
u01261	counter-independent	2,4,1,1		2	5	tail	FFFMMM
u01262	counter-independent	2,4,1,1		2	5	tail	FFFMMF
u01263	counter-independent	2,4,1,1		2	5	tail	FFFMFM
u01264	counter-independent	2,4,1,1		2	5	tail	FFFMFF
u01265	counter-independent	2,4,1,1		2	5	tail	FFFFMP
u01266	counter-independent	2,4,1,1		2	5	tail	FFFFFM
u01267	counter-diamond	2,4,1,1	0-1;0-2;1-3;2-3	0	0	threshold	MMMM
u01268	counter-diamond	2,4,1,1	0-1;0-2;1-3;2-3	0	0	tail	MMMM
u01269	counter-diamond	2,4,1,1	0-1;0-2;1-3;2-3	0	1	threshold	MMMM
u01270	counter-diamond	2,4,1,1	0-1;0-2;1-3;2-3	0	1	threshold	MMMF
u01271	counter-diamond	2,4,1,1	0-1;0-2;1-3;2-3	0	1	threshold	MMFM
u01272	counter-diamond	2,4,1,1	0-1;0-2;1-3;2-3	0	1	threshold	MFMM
u01273	counter-diamond	2,4,1,1	0-1;0-2;1-3;2-3	0	1	threshold	FMMM
u01274	counter-diamond	2,4,1,1	0-1;0-2;1-3;2-3	0	1	tail	MMMM
u01275	counter-diamond	2,4,1,1	0-1;0-2;1-3;2-3	0	1	tail	MMMF
u01276	counter-diamond	2,4,1,1	0-1;0-2;1-3;2-3	0	1	tail	MMFM
u01277	counter-diamond	2,4,1,1	0-1;0-2;1-3;2-3	0	1	tail	MFMP
u01278	counter-diamond	2,4,1,1	0-1;0-2;1-3;2-3	0	1	tail	FMMP
u01279	counter-diamond	2,4,1,1	0-1;0-2;1-3;2-3	0	2	threshold	MMMM
u01280	counter-diamond	2,4,1,1	0-1;0-2;1-3;2-3	0	2	threshold	MMMF
u01281	counter-diamond	2,4,1,1	0-1;0-2;1-3;2-3	0	2	threshold	MMFM
u01282	counter-diamond	2,4,1,1	0-1;0-2;1-3;2-3	0	2	threshold	MMFF
u01283	counter-diamond	2,4,1,1	0-1;0-2;1-3;2-3	0	2	threshold	MFMM
u01284	counter-diamond	2,4,1,1	0-1;0-2;1-3;2-3	0	2	threshold	MFMF
u01285	counter-diamond	2,4,1,1	0-1;0-2;1-3;2-3	0	2	threshold	MFFM
u01286	counter-diamond	2,4,1,1	0-1;0-2;1-3;2-3	0	2	threshold	FMMM
u01287	counter-diamond	2,4,1,1	0-1;0-2;1-3;2-3	0	2	threshold	FMMF
u01288	counter-diamond	2,4,1,1	0-1;0-2;1-3;2-3	0	2	threshold	FMFM
u01289	counter-diamond	2,4,1,1	0-1;0-2;1-3;2-3	0	2	threshold	FFMM
u01290	counter-diamond	2,4,1,1	0-1;0-2;1-3;2-3	0	2	tail	MMMM
u01291	counter-diamond	2,4,1,1	0-1;0-2;1-3;2-3	0	2	tail	MMMF
u01292	counter-diamond	2,4,1,1	0-1;0-2;1-3;2-3	0	2	tail	MMFM
u01293	counter-diamond	2,4,1,1	0-1;0-2;1-3;2-3	0	2	tail	MMFF
u01294	counter-diamond	2,4,1,1	0-1;0-2;1-3;2-3	0	2	tail	MFMP
u01295	counter-diamond	2,4,1,1	0-1;0-2;1-3;2-3	0	2	tail	MFFP
u01296	counter-diamond	2,4,1,1	0-1;0-2;1-3;2-3	0	2	tail	FMMP
u01297	counter-diamond	2,4,1,1	0-1;0-2;1-3;2-3	0	2	tail	FMFM
u01298	counter-diamond	2,4,1,1	0-1;0-2;1-3;2-3	0	2	tail	FFMP
u01299	counter-diamond	2,4,1,1	0-1;0-2;1-3;2-3	0	3	threshold	MMMM
u01300	counter-diamond	2,4,1,1	0-1;0-2;1-3;2-3	0	3	threshold	MMMF
u01301	counter-diamond	2,4,1,1	0-1;0-2;1-3;2-3	0	3	threshold	MMFM
u01302	counter-diamond	2,4,1,1	0-1;0-2;1-3;2-3	0	3	threshold	MMFF
u01303	counter-diamond	2,4,1,1	0-1;0-2;1-3;2-3	0	3	threshold	MFMM
u01304	counter-diamond	2,4,1,1	0-1;0-2;1-3;2-3	0	3	threshold	MFMF
u01305	counter-diamond	2,4,1,1	0-1;0-2;1-3;2-3	0	3	threshold	MFFM
u01306	counter-diamond	2,4,1,1	0-1;0-2;1-3;2-3	0	3	threshold	MFFF
u01307	counter-diamond	2,4,1,1	0-1;0-2;1-3;2-3	0	3	threshold	FMMM
u01308	counter-diamond	2,4,1,1	0-1;0-2;1-3;2-3	0	3	threshold	FMMF
u01309	counter-diamond	2,4,1,1	0-1;0-2;1-3;2-3	0	3	threshold	FMFM
u01310	counter-diamond	2,4,1,1	0-1;0-2;1-3;2-3	0	3	threshold	FMFF
u01311	counter-diamond	2,4,1,1	0-1;0-2;1-3;2-3	0	3	threshold	FFMM
u01312	counter-diamond	2,4,1,1	0-1;0-2;1-3;2-3	0	3	threshold	FFMF
u01313	counter-diamond	2,4,1,1	0-1;0-2;1-3;2-3	0	3	threshold	FFFM
u01314	counter-diamond	2,4,1,1	0-1;0-2;1-3;2-3	0	3	tail	MMMM
u01315	counter-diamond	2,4,1,1	0-1;0-2;1-3;2-3	0	3	tail	MMMF
u01316	counter-diamond	2,4,1,1	0-1;0-2;1-3;2-3	0	3	tail	MMFM
u01317	counter-diamond	2,4,1,1	0-1;0-2;1-3;2-3	0	3	tail	MMFF
u01318	counter-diamond	2,4,1,1	0-1;0-2;1-3;2-3	0	3	tail	MFMP
u01319	counter-diamond	2,4,1,1	0-1;0-2;1-3;2-3	0	3	tail	MFFP
u01320	counter-diamond	2,4,1,1	0-1;0-2;1-3;2-3	0	3	tail	FMMP
u01321	counter-diamond	2,4,1,1	0-1;0-2;1-3;2-3	0	3	tail	FMFM
u01322	counter-diamond	2,4,1,1	0-1;0-2;1-3;2-3	0	3	tail	FMFF
u01323	counter-diamond	2,4,1,1	0-1;0-2;1-3;2-3	0	3	tail	FFMP
u01324	counter-diamond	2,4,1,1	0-1;0-2;1-3;2-3	0	3	tail	FFFM
u01325	counter-diamond	2,4,1,1	0-1;0-2;1-3;2-3	0	4	threshold	MMMM
u01326	counter-diamond	2,4,1,1	0-1;0-2;1-3;2-3	0	4	threshold	MMMF
u01327	counter-diamond	2,4,1,1	0-1;0-2;1-3;2-3	0	4	threshold	MMFM
u01328	counter-diamond	2,4,1,1	0-1;0-2;1-3;2-3	0	4	threshold	MMFF
u01329	counter-diamond	2,4,1,1	0-1;0-2;1-3;2-3	0	4	threshold	MFMM
u01330	counter-diamond	2,4,1,1	0-1;0-2;1-3;2-3	0	4	threshold	MFMF
u01331	counter-diamond	2,4,1,1	0-1;0-2;1-3;2-3	0	4	threshold	MFFM
u01332	counter-diamond	2,4,1,1	0-1;0-2;1-3;2-3	0	4	threshold	MFFF
u01333	counter-diamond	2,4,1,1	0-1;0-2;1-3;2-3	0	4	threshold	FMMM
u01334	counter-diamond	2,4,1,1	0-1;0-2;1-3;2-3	0	4	threshold	FMMF
u01335	counter-diamond	2,4,1,1	0-1;0-2;1-3;2-3	0	4	threshold	FMFM
u01336	counter-diamond	2,4,1,1	0-1;0-2;1-3;2-3	0	4	threshold	FMFF
u01337	counter-diamond	2,4,1,1	0-1;0-2;1-3;2-3	0	4	threshold	FFMM
u01338	counter-diamond	2,4,1,1	0-1;0-2;1-3;2-3	0	4	threshold	FFMF
u01339	counter-diamond	2,4,1,1	0-1;0-2;1-3;2-3	0	4	threshold	FFFM
u01340	counter-diamond	2,4,1,1	0-1;0-2;1-3;2-3	0	4	threshold	FFFF
u01341	counter-diamond	2,4,1,1	0-1;0-2;1-3;2-3	0	4	tail	MMMM
u01342	counter-diamond	2,4,1,1	0-1;0-2;1-3;2-3	0	4	tail	MMMF
u01343	counter-diamond	2,4,1,1	0-1;0-2;1-3;2-3	0	4	tail	MMFM
u01344	counter-diamond	2,4,1,1	0-1;0-2;1-3;2-3	0	4	tail	MMFF
u01345	counter-diamond	2,4,1,1	0-1;0-2;1-3;2-3	0	4	tail	MFMP
u01346	counter-diamond	2,4,1,1	0-1;0-2;1-3;2-3	0	4	tail	MFFP
u01347	counter-diamond	2,4,1,1	0-1;0-2;1-3;2-3	0	4	tail	FMMP
u01348	counter-diamond	2,4,1,1	0-1;0-2;1-3;2-3	0	4	tail	FMFM
u01349	counter-diamond	2,4,1,1	0-1;0-2;1-3;2-3	0	4	tail	FMFF
u01350	counter-diamond	2,4,1,1	0-1;0-2;1-3;2-3	0	4	tail	FFMP
u01351	counter-diamond	2,4,1,1	0-1;0-2;1-3;2-3	0	4	tail	FFFM
u01352	counter-diamond	2,4,1,1	0-1;0-2;1-3;2-3	0	4	tail	FFFF
u01353	counter-diamond	2,4,1,1	0-1;0-2;1-3;2-3	0	5	threshold	MMMM
u01354	counter-diamond	2,4,1,1	0-1;0-2;1-3;2-3	0	5	threshold	MMMF
u01355	counter-diamond	2,4,1,1	0-1;0-2;1-3;2-3	0	5	threshold	MMFM
u01356	counter-diamond	2,4,1,1	0-1;0-2;1-3;2-3	0	5	threshold	MMFF
u01357	counter-diamond	2,4,1,1	0-1;0-2;1-3;2-3	0	5	threshold	MFMM
u01358	counter-diamond	2,4,1,1	0-1;0-2;1-3;2-3	0	5	threshold	MFMF
u01359	counter-diamond	2,4,1,1	0-1;0-2;1-3;2-3	0	5	threshold	MFFM
u01360	counter-diamond	2,4,1,1	0-1;0-2;1-3;2-3	0	5	threshold	MFFF
u01361	counter-diamond	2,4,1,1	0-1;0-2;1-3;2-3	0	5	threshold	FMMM
u01362	counter-diamond	2,4,1,1	0-1;0-2;1-3;2-3	0	5	threshold	FMMF
u01363	counter-diamond	2,4,1,1	0-1;0-2;1-3;2-3	0	5	threshold	FMFM
u01364	counter-diamond	2,4,1,1	0-1;0-2;1-3;2-3	0	5	threshold	FMFF
u01365	counter-diamond	2,4,1,1	0-1;0-2;1-3;2-3	0	5	threshold	FFMM
u01366	counter-diamond	2,4,1,1	0-1;0-2;1-3;2-3	0	5	threshold	FFMF
u01367	counter-diamond	2,4,1,1	0-1;0-2;1-3;2-3	0	5	threshold	FFFM
u01368	counter-diamond	2,4,1,1	0-1;0-2;1-3;2-3	0	5	threshold	FFFF
u01369	counter-diamond	2,4,1,1	0-1;0-2;1-3;2-3	0	5	tail	MMMM
u01370	counter-diamond	2,4,1,1	0-1;0-2;1-3;2-3	0	5	tail	MMMF
u01371	counter-diamond	2,4,1,1	0-1;0-2;1-3;2-3	0	5	tail	MMFM
u01372	counter-diamond	2,4,1,1	0-1;0-2;1-3;2-3	0	5	tail	MMFF
u01373	counter-diamond	2,4,1,1	0-1;0-2;1-3;2-3	0	5	tail	MFMP
u01374	counter-diamond	2,4,1,1	0-1;0-2;1-3;2-3	0	5	tail	MFFP
u01375	counter-diamond	2,4,1,1	0-1;0-2;1-3;2-3	0	5	tail	FMMP
u01376	counter-diamond	2,4,1,1	0-1;0-2;1-3;2-3	0	5	tail	FMFM
u01377	counter-diamond	2,4,1,1	0-1;0-2;1-3;2-3	0	5	tail	FMFF
u01378	counter-diamond	2,4,1,1	0-1;0-2;1-3;2-3	0	5	tail	FFMP
u01379	counter-diamond	2,4,1,1	0-1;0-2;1-3;2-3	0	5	tail	FFFM
u01380	counter-diamond	2,4,1,1	0-1;0-2;1-3;2-3	0	5	tail	FFFF
u01381	counter-diamond	2,4,1,1	0-1;0-2;1-3;2-3	1	0	threshold	MMMM
u01382	counter-diamond	2,4,1,1	0-1;0-2;1-3;2-3	1	0	tail	MMMM
u01383	counter-diamond	2,4,1,1	0-1;0-2;1-3;2-3	1	1	threshold	MMMM
u01384	counter-diamond	2,4,1,1	0-1;0-2;1-3;2-3	1	1	threshold	MMMFM
u01385	counter-diamond	2,4,1,1	0-1;0-2;1-3;2-3	1	1	threshold	MMFMM
u01386	counter-diamond	2,4,1,1	0-1;0-2;1-3;2-3	1	1	threshold	MFMMM
u01387	counter-diamond	2,4,1,1	0-1;0-2;1-3;2-3	1	1	threshold	FMMMM
u01388	counter-diamond	2,4,1,1	0-1;0-2;1-3;2-3	1	1	tail	MMMM
u01389	counter-diamond	2,4,1,1	0-1;0-2;1-3;2-3	1	1	tail	MMMFM
u01390	counter-diamond	2,4,1,1	0-1;0-2;1-3;2-3	1	1	tail	MMFMM
u01391	counter-diamond	2,4,1,1	0-1;0-2;1-3;2-3	1	1	tail	MFMMM
u01392	counter-diamond	2,4,1,1	0-1;0-2;1-3;2-3	1	1	tail	FMMMM
u01393	counter-diamond	2,4,1,1	0-1;0-2;1-3;2-3	1	2	threshold	MMMM
u01394	counter-diamond	2,4,1,1	0-1;0-2;1-3;2-3	1	2	threshold	MMMFM
u01395	counter-diamond	2,4,1,1	0-1;0-2;1-3;2-3	1	2	threshold	MMMFF
u01396	counter-diamond	2,4,1,1	0-1;0-2;1-3;2-3	1	2	threshold	MMFMM
u01397	counter-diamond	2,4,1,1	0-1;0-2;1-3;2-3	1	2	threshold	MMFMF
u01398	counter-diamond	2,4,1,1	0-1;0-2;1-3;2-3	1	2	threshold	MMFFM
u01399	counter-diamond	2,4,1,1	0-1;0-2;1-3;2-3	1	2	threshold	MFMMM
u01400	counter-diamond	2,4,1,1	0-1;0-2;1-3;2-3	1	2	threshold	MFMMF
u01401	counter-diamond	2,4,1,1	0-1;0-2;1-3;2-3	1	2	threshold	MFMFM
u01402	counter-diamond	2,4,1,1	0-1;0-2;1-3;2-3	1	2	threshold	MFFMM
u01403	counter-diamond	2,4,1,1	0-1;0-2;1-3;2-3	1	2	threshold	FMMMM
u01404	counter-diamond	2,4,1,1	0-1;0-2;1-3;2-3	1	2	threshold	FMMMF
u01405	counter-diamond	2,4,1,1	0-1;0-2;1-3;2-3	1	2	threshold	FMMFM
u01406	counter-diamond	2,4,1,1	0-1;0-2;1-3;2-3	1	2	threshold	FMFMM
u01407	counter-diamond	2,4,1,1	0-1;0-2;1-3;2-3	1	2	threshold	FFMMM
u01408	counter-diamond	2,4,1,1	0-1;0-2;1-3;2-3	1	2	tail	MMMM
u01409	counter-diamond	2,4,1,1	0-1;0-2;1-3;2-3	1	2	tail	MMMFM
u01410	counter-diamond	2,4,1,1	0-1;0-2;1-3;2-3	1	2	tail	MMMFF
u01411	counter-diamond	2,4,1,1	0-1;0-2;1-3;2-3	1	2	tail	MMFMM
u01412	counter-diamond	2,4,1,1	0-1;0-2;1-3;2-3	1	2	tail	MMFMF
u01413	counter-diamond	2,4,1,1	0-1;0-2;1-3;2-3	1	2	tail	MMFFM
u01414	counter-diamond	2,4,1,1	0-1;0-2;1-3;2-3	1	2	tail	MFMMM
u01415	counter-diamond	2,4,1,1	0-1;0-2;1-3;2-3	1	2	tail	MFMMF
u01416	counter-diamond	2,4,1,1	0-1;0-2;1-3;2-3	1	2	tail	MFMFM
u01417	counter-diamond	2,4,1,1	0-1;0-2;1-3;2-3	1	2	tail	MFFMP
u01418	counter-diamond	2,4,1,1	0-1;0-2;1-3;2-3	1	2	tail	FMMMM
u01419	counter-diamond	2,4,1,1	0-1;0-2;1-3;2-3	1	2	tail	FMMMF
u01420	counter-diamond	2,4,1,1	0-1;0-2;1-3;2-3	1	2	tail	FMMFM
u01421	counter-diamond	2,4,1,1	0-1;0-2;1-3;2-3	1	2	tail	FMFMP
u01422	counter-diamond	2,4,1,1	0-1;0-2;1-3;2-3	1	2	tail	FFMMP
u01423	counter-diamond	2,4,1,1	0-1;0-2;1-3;2-3	1	3	threshold	MMMM
u01424	counter-diamond	2,4,1,1	0-1;0-2;1-3;2-3	1	3	threshold	MMMFM
u01425	counter-diamond	2,4,1,1	0-1;0-2;1-3;2-3	1	3	threshold	MMMFF
u01426	counter-diamond	2,4,1,1	0-1;0-2;1-3;2-3	1	3	threshold	MMFMM
u01427	counter-diamond	2,4,1,1	0-1;0-2;1-3;2-3	1	3	threshold	MMFMF
u01428	counter-diamond	2,4,1,1	0-1;0-2;1-3;2-3	1	3	threshold	MMFFM
u01429	counter-diamond	2,4,1,1	0-1;0-2;1-3;2-3	1	3	threshold	MMFFF
u01430	counter-diamond	2,4,1,1	0-1;0-2;1-3;2-3	1	3	threshold	MFMMM
u01431	counter-diamond	2,4,1,1	0-1;0-2;1-3;2-3	1	3	threshold	MFMMF
u01432	counter-diamond	2,4,1,1	0-1;0-2;1-3;2-3	1	3	threshold	MFMFM
u01433	counter-diamond	2,4,1,1	0-1;0-2;1-3;2-3	1	3	threshold	MFMFF
u01434	counter-diamond	2,4,1,1	0-1;0-2;1-3;2-3	1	3	threshold	MFFMM
u01435	counter-diamond	2,4,1,1	0-1;0-2;1-3;2-3	1	3	threshold	MFFMF
u01436	counter-diamond	2,4,1,1	0-1;0-2;1-3;2-3	1	3	threshold	MFFFM
u01437	counter-diamond	2,4,1,1	0-1;0-2;1-3;2-3	1	3	threshold	FMMMM
u01438	counter-diamond	2,4,1,1	0-1;0-2;1-3;2-3	1	3	threshold	FMMMF
u01439	counter-diamond	2,4,1,1	0-1;0-2;1-3;2-3	1	3	threshold	FMMFM
u01440	counter-diamond	2,4,1,1	0-1;0-2;1-3;2-3	1	3	threshold	FMMFF
u01441	counter-diamond	2,4,1,1	0-1;0-2;1-3;2-3	1	3	threshold	FMFMM
u01442	counter-diamond	2,4,1,1	0-1;0-2;1-3;2-3	1	3	threshold	FMFMF
u01443	counter-diamond	2,4,1,1	0-1;0-2;1-3;2-3	1	3	threshold	FMFFM
u01444	counter-diamond	2,4,1,1	0-1;0-2;1-3;2-3	1	3	threshold	FFMMM
u01445	counter-diamond	2,4,1,1	0-1;0-2;1-3;2-3	1	3	threshold	FFMMF
u01446	counter-diamond	2,4,1,1	0-1;0-2;1-3;2-3	1	3	threshold	FFMFM
u01447	counter-diamond	2,4,1,1	0-1;0-2;1-3;2-3	1	3	threshold	FFFMM
u01448	counter-diamond	2,4,1,1	0-1;0-2;1-3;2-3	1	3	tail	MMMM
u01449	counter-diamond	2,4,1,1	0-1;0-2;1-3;2-3	1	3	tail	MMMFM
u01450	counter-diamond	2,4,1,1	0-1;0-2;1-3;2-3	1	3	tail	MMMFF
u01451	counter-diamond	2,4,1,1	0-1;0-2;1-3;2-3	1	3	tail	MMFMM
u01452	counter-diamond	2,4,1,1	0-1;0-2;1-3;2-3	1	3	tail	MMFMF
u01453	counter-diamond	2,4,1,1	0-1;0-2;1-3;2-3	1	3	tail	MMFFM
u01454	counter-diamond	2,4,1,1	0-1;0-2;1-3;2-3	1	3	tail	MMFFF
u01455	counter-diamond	2,4,1,1	0-1;0-2;1-3;2-3	1	3	tail	MFMMM
u01456	counter-diamond	2,4,1,1	0-1;0-2;1-3;2-3	1	3	tail	MFMMF
u01457	counter-diamond	2,4,1,1	0-1;0-2;1-3;2-3	1	3	tail	MFMFM
u01458	counter-diamond	2,4,1,1	0-1;0-2;1-3;2-3	1	3	tail	MFMFF
u01459	counter-diamond	2,4,1,1	0-1;0-2;1-3;2-3	1	3	tail	MFFMP
u01460	counter-diamond	2,4,1,1	0-1;0-2;1-3;2-3	1	3	tail	MFFFP
u01461	counter-diamond	2,4,1,1	0-1;0-2;1-3;2-3	1	3	tail	FMMMM
u01462	counter-diamond	2,4,1,1	0-1;0-2;1-3;2-3	1	3	tail	FMMMF
u01463	counter-diamond	2,4,1,1	0-1;0-2;1-3;2-3	1	3	tail	FMMFM
u01464	counter-diamond	2,4,1,1	0-1;0-2;1-3;2-3	1	3	tail	FMMFF
u01465	counter-diamond	2,4,1,1	0-1;0-2;1-3;2-3	1	3	tail	FMFMP
u01466	counter-diamond	2,4,1,1	0-1;0-2;1-3;2-3	1	3	tail	FMFFP
u01467	counter-diamond	2,4,1,1	0-1;0-2;1-3;2-3	1	3	tail	FFMMP
u01468	counter-diamond	2,4,1,1	0-1;0-2;1-3;2-3	1	3	tail	FFMFM
u01469	counter-diamond	2,4,1,1	0-1;0-2;1-3;2-3	1	3	tail	FFFMP
u01470	counter-diamond	2,4,1,1	0-1;0-2;1-3;2-3	1	4	threshold	MMMM
u01471	counter-diamond	2,4,1,1	0-1;0-2;1-3;2-3	1	4	threshold	MMMFM
u01472	counter-diamond	2,4,1,1	0-1;0-2;1-3;2-3	1	4	threshold	MMMFF
u01473	counter-diamond	2,4,1,1	0-1;0-2;1-3;2-3	1	4	threshold	MMFMM
u01474	counter-diamond	2,4,1,1	0-1;0-2;1-3;2-3	1	4	threshold	MMFMF
u01475	counter-diamond	2,4,1,1	0-1;0-2;1-3;2-3	1	4	threshold	MMFFM
u01476	counter-diamond	2,4,1,1	0-1;0-2;1-3;2-3	1	4	threshold	MMFFF
u01477	counter-diamond	2,4,1,1	0-1;0-2;1-3;2-3	1	4	threshold	MFMMM
u01478	counter-diamond	2,4,1,1	0-1;0-2;1-3;2-3	1	4	threshold	MFMMF
u01479	counter-diamond	2,4,1,1	0-1;0-2;1-3;2-3	1	4	threshold	MFMFM
u01480	counter-diamond	2,4,1,1	0-1;0-2;1-3;2-3	1	4	threshold	MFMFF
u01481	counter-diamond	2,4,1,1	0-1;0-2;1-3;2-3	1	4	threshold	MFFMM
u01482	counter-diamond	2,4,1,1	0-1;0-2;1-3;2-3	1	4	threshold	MFFMF
u01483	counter-diamond	2,4,1,1	0-1;0-2;1-3;2-3	1	4	threshold	MFFFM
u01484	counter-diamond	2,4,1,1	0-1;0-2;1-3;2-3	1	4	threshold	MFFFF
u01485	counter-diamond	2,4,1,1	0-1;0-2;1-3;2-3	1	4	threshold	FMMMM
u01486	counter-diamond	2,4,1,1	0-1;0-2;1-3;2-3	1	4	threshold	FMMMF
u01487	counter-diamond	2,4,1,1	0-1;0-2;1-3;2-3	1	4	threshold	FMMFM
u01488	counter-diamond	2,4,1,1	0-1;0-2;1-3;2-3	1	4	threshold	FMMFF
u01489	counter-diamond	2,4,1,1	0-1;0-2;1-3;2-3	1	4	threshold	FMFMM
u01490	counter-diamond	2,4,1,1	0-1;0-2;1-3;2-3	1	4	threshold	FMFMF
u01491	counter-diamond	2,4,1,1	0-1;0-2;1-3;2-3	1	4	threshold	FMFFM
u01492	counter-diamond	2,4,1,1	0-1;0-2;1-3;2-3	1	4	threshold	FMFFF
u01493	counter-diamond	2,4,1,1	0-1;0-2;1-3;2-3	1	4	threshold	FFMMM
u01494	counter-diamond	2,4,1,1	0-1;0-2;1-3;2-3	1	4	threshold	FFMMF
u01495	counter-diamond	2,4,1,1	0-1;0-2;1-3;2-3	1	4	threshold	FFMFM
u01496	counter-diamond	2,4,1,1	0-1;0-2;1-3;2-3	1	4	threshold	FFMFF
u01497	counter-diamond	2,4,1,1	0-1;0-2;1-3;2-3	1	4	threshold	FFFMM
u01498	counter-diamond	2,4,1,1	0-1;0-2;1-3;2-3	1	4	threshold	FFFMF
u01499	counter-diamond	2,4,1,1	0-1;0-2;1-3;2-3	1	4	threshold	FFFFM
u01500	counter-diamond	2,4,1,1	0-1;0-2;1-3;2-3	1	4	tail	MMMM
u01501	counter-diamond	2,4,1,1	0-1;0-2;1-3;2-3	1	4	tail	MMMFM
u01502	counter-diamond	2,4,1,1	0-1;0-2;1-3;2-3	1	4	tail	MMMFF
u01503	counter-diamond	2,4,1,1	0-1;0-2;1-3;2-3	1	4	tail	MMFMM
u01504	counter-diamond	2,4,1,1	0-1;0-2;1-3;2-3	1	4	tail	MMFMF
u01505	counter-diamond	2,4,1,1	0-1;0-2;1-3;2-3	1	4	tail	MMFFM
u01506	counter-diamond	2,4,1,1	0-1;0-2;1-3;2-3	1	4	tail	MMFFF
u01507	counter-diamond	2,4,1,1	0-1;0-2;1-3;2-3	1	4	tail	MFMMM
u01508	counter-diamond	2,4,1,1	0-1;0-2;1-3;2-3	1	4	tail	MFMMF
u01509	counter-diamond	2,4,1,1	0-1;0-2;1-3;2-3	1	4	tail	MFMFM
u01510	counter-diamond	2,4,1,1	0-1;0-2;1-3;2-3	1	4	tail	MFMFF
u01511	counter-diamond	2,4,1,1	0-1;0-2;1-3;2-3	1	4	tail	MFFMP
u01512	counter-diamond	2,4,1,1	0-1;0-2;1-3;2-3	1	4	tail	MFFFP
u01513	counter-diamond	2,4,1,1	0-1;0-2;1-3;2-3	1	4	tail	FMMMM
u01514	counter-diamond	2,4,1,1	0-1;0-2;1-3;2-3	1	4	tail	FMMMF
u01515	counter-diamond	2,4,1,1	0-1;0-2;1-3;2-3	1	4	tail	FMMFM
u01516	counter-diamond	2,4,1,1	0-1;0-2;1-3;2-3	1	4	tail	FMMFF
u01517	counter-diamond	2,4,1,1	0-1;0-2;1-3;2-3	1	4	tail	FMFMP
u01518	counter-diamond	2,4,1,1	0-1;0-2;1-3;2-3	1	4	tail	FMFFP
u01519	counter-diamond	2,4,1,1	0-1;0-2;1-3;2-3	1	4	tail	FFMMP
u01520	counter-diamond	2,4,1,1	0-1;0-2;1-3;2-3	1	4	tail	FFMFM
u01521	counter-diamond	2,4,1,1	0-1;0-2;1-3;2-3	1	4	tail	FFMFF
u01522	counter-diamond	2,4,1,1	0-1;0-2;1-3;2-3	1	4	tail	FFFMP
u01523	counter-diamond	2,4,1,1	0-1;0-2;1-3;2-3	1	4	tail	FFFFM
u01524	counter-diamond	2,4,1,1	0-1;0-2;1-3;2-3	1	5	threshold	MMMM
u01525	counter-diamond	2,4,1,1	0-1;0-2;1-3;2-3	1	5	threshold	MMMFM
u01526	counter-diamond	2,4,1,1	0-1;0-2;1-3;2-3	1	5	threshold	MMMFF
u01527	counter-diamond	2,4,1,1	0-1;0-2;1-3;2-3	1	5	threshold	MMFMM
u01528	counter-diamond	2,4,1,1	0-1;0-2;1-3;2-3	1	5	threshold	MMFMF
u01529	counter-diamond	2,4,1,1	0-1;0-2;1-3;2-3	1	5	threshold	MMFFM
u01530	counter-diamond	2,4,1,1	0-1;0-2;1-3;2-3	1	5	threshold	MMFFF
u01531	counter-diamond	2,4,1,1	0-1;0-2;1-3;2-3	1	5	threshold	MFMMM
u01532	counter-diamond	2,4,1,1	0-1;0-2;1-3;2-3	1	5	threshold	MFMMF
u01533	counter-diamond	2,4,1,1	0-1;0-2;1-3;2-3	1	5	threshold	MFMFM
u01534	counter-diamond	2,4,1,1	0-1;0-2;1-3;2-3	1	5	threshold	MFMFF
u01535	counter-diamond	2,4,1,1	0-1;0-2;1-3;2-3	1	5	threshold	MFFMM
u01536	counter-diamond	2,4,1,1	0-1;0-2;1-3;2-3	1	5	threshold	MFFMF
u01537	counter-diamond	2,4,1,1	0-1;0-2;1-3;2-3	1	5	threshold	MFFFM
u01538	counter-diamond	2,4,1,1	0-1;0-2;1-3;2-3	1	5	threshold	MFFFF
u01539	counter-diamond	2,4,1,1	0-1;0-2;1-3;2-3	1	5	threshold	FMMMM
u01540	counter-diamond	2,4,1,1	0-1;0-2;1-3;2-3	1	5	threshold	FMMMF
u01541	counter-diamond	2,4,1,1	0-1;0-2;1-3;2-3	1	5	threshold	FMMFM
u01542	counter-diamond	2,4,1,1	0-1;0-2;1-3;2-3	1	5	threshold	FMMFF
u01543	counter-diamond	2,4,1,1	0-1;0-2;1-3;2-3	1	5	threshold	FMFMM
u01544	counter-diamond	2,4,1,1	0-1;0-2;1-3;2-3	1	5	threshold	FMFMF
u01545	counter-diamond	2,4,1,1	0-1;0-2;1-3;2-3	1	5	threshold	FMFFM
u01546	counter-diamond	2,4,1,1	0-1;0-2;1-3;2-3	1	5	threshold	FMFFF
u01547	counter-diamond	2,4,1,1	0-1;0-2;1-3;2-3	1	5	threshold	FFMMM
u01548	counter-diamond	2,4,1,1	0-1;0-2;1-3;2-3	1	5	threshold	FFMMF
u01549	counter-diamond	2,4,1,1	0-1;0-2;1-3;2-3	1	5	threshold	FFMFM
u01550	counter-diamond	2,4,1,1	0-1;0-2;1-3;2-3	1	5	threshold	FFMFF
u01551	counter-diamond	2,4,1,1	0-1;0-2;1-3;2-3	1	5	threshold	FFFMM
u01552	counter-diamond	2,4,1,1	0-1;0-2;1-3;2-3	1	5	threshold	FFFMF
u01553	counter-diamond	2,4,1,1	0-1;0-2;1-3;2-3	1	5	threshold	FFFFM
u01554	counter-diamond	2,4,1,1	0-1;0-2;1-3;2-3	1	5	threshold	FFFFF
u01555	counter-diamond	2,4,1,1	0-1;0-2;1-3;2-3	1	5	tail	MMMM
u01556	counter-diamond	2,4,1,1	0-1;0-2;1-3;2-3	1	5	tail	MMMFM
u01557	counter-diamond	2,4,1,1	0-1;0-2;1-3;2-3	1	5	tail	MMMFF
u01558	counter-diamond	2,4,1,1	0-1;0-2;1-3;2-3	1	5	tail	MMFMM
u01559	counter-diamond	2,4,1,1	0-1;0-2;1-3;2-3	1	5	tail	MMFMF
u01560	counter-diamond	2,4,1,1	0-1;0-2;1-3;2-3	1	5	tail	MMFFM
u01561	counter-diamond	2,4,1,1	0-1;0-2;1-3;2-3	1	5	tail	MMFFF
u01562	counter-diamond	2,4,1,1	0-1;0-2;1-3;2-3	1	5	tail	MFMMM
u01563	counter-diamond	2,4,1,1	0-1;0-2;1-3;2-3	1	5	tail	MFMMF
u01564	counter-diamond	2,4,1,1	0-1;0-2;1-3;2-3	1	5	tail	MFMFM
u01565	counter-diamond	2,4,1,1	0-1;0-2;1-3;2-3	1	5	tail	MFMFF
u01566	counter-diamond	2,4,1,1	0-1;0-2;1-3;2-3	1	5	tail	MFFMP
u01567	counter-diamond	2,4,1,1	0-1;0-2;1-3;2-3	1	5	tail	MFFFP
u01568	counter-diamond	2,4,1,1	0-1;0-2;1-3;2-3	1	5	tail	FMMMM
u01569	counter-diamond	2,4,1,1	0-1;0-2;1-3;2-3	1	5	tail	FMMMF
u01570	counter-diamond	2,4,1,1	0-1;0-2;1-3;2-3	1	5	tail	FMMFM
u01571	counter-diamond	2,4,1,1	0-1;0-2;1-3;2-3	1	5	tail	FMMFF
u01572	counter-diamond	2,4,1,1	0-1;0-2;1-3;2-3	1	5	tail	FMFMP
u01573	counter-diamond	2,4,1,1	0-1;0-2;1-3;2-3	1	5	tail	FMFFP
u01574	counter-diamond	2,4,1,1	0-1;0-2;1-3;2-3	1	5	tail	FFMMP
u01575	counter-diamond	2,4,1,1	0-1;0-2;1-3;2-3	1	5	tail	FFMFM
u01576	counter-diamond	2,4,1,1	0-1;0-2;1-3;2-3	1	5	tail	FFMFF
u01577	counter-diamond	2,4,1,1	0-1;0-2;1-3;2-3	1	5	tail	FFFMP
u01578	counter-diamond	2,4,1,1	0-1;0-2;1-3;2-3	1	5	tail	FFFFM
u01579	counter-diamond	2,4,1,1	0-1;0-2;1-3;2-3	1	5	tail	FFFFF
u01580	counter-diamond	2,4,1,1	0-1;0-2;1-3;2-3	2	0	threshold	MMMM
u01581	counter-diamond	2,4,1,1	0-1;0-2;1-3;2-3	2	0	tail	MMMM
u01582	counter-diamond	2,4,1,1	0-1;0-2;1-3;2-3	2	1	threshold	MMMM
u01583	counter-diamond	2,4,1,1	0-1;0-2;1-3;2-3	2	1	threshold	MMMFM
u01584	counter-diamond	2,4,1,1	0-1;0-2;1-3;2-3	2	1	threshold	MMFMM
u01585	counter-diamond	2,4,1,1	0-1;0-2;1-3;2-3	2	1	threshold	MFMMM
u01586	counter-diamond	2,4,1,1	0-1;0-2;1-3;2-3	2	1	threshold	FMMMM
u01587	counter-diamond	2,4,1,1	0-1;0-2;1-3;2-3	2	1	tail	MMMM
u01588	counter-diamond	2,4,1,1	0-1;0-2;1-3;2-3	2	1	tail	MMMFM
u01589	counter-diamond	2,4,1,1	0-1;0-2;1-3;2-3	2	1	tail	MMFMM
u01590	counter-diamond	2,4,1,1	0-1;0-2;1-3;2-3	2	1	tail	MFMMM
u01591	counter-diamond	2,4,1,1	0-1;0-2;1-3;2-3	2	1	tail	FMMMM
u01592	counter-diamond	2,4,1,1	0-1;0-2;1-3;2-3	2	2	threshold	MMMM
u01593	counter-diamond	2,4,1,1	0-1;0-2;1-3;2-3	2	2	threshold	MMMFM
u01594	counter-diamond	2,4,1,1	0-1;0-2;1-3;2-3	2	2	threshold	MMMFFM
u01595	counter-diamond	2,4,1,1	0-1;0-2;1-3;2-3	2	2	threshold	MMFMM
u01596	counter-diamond	2,4,1,1	0-1;0-2;1-3;2-3	2	2	threshold	MMFMFM
u01597	counter-diamond	2,4,1,1	0-1;0-2;1-3;2-3	2	2	threshold	MMFFMM
u01598	counter-diamond	2,4,1,1	0-1;0-2;1-3;2-3	2	2	threshold	MFMMM
u01599	counter-diamond	2,4,1,1	0-1;0-2;1-3;2-3	2	2	threshold	MFMMFM
u01600	counter-diamond	2,4,1,1	0-1;0-2;1-3;2-3	2	2	threshold	MFMFMM
u01601	counter-diamond	2,4,1,1	0-1;0-2;1-3;2-3	2	2	threshold	MFFMMM
u01602	counter-diamond	2,4,1,1	0-1;0-2;1-3;2-3	2	2	threshold	FMMMM
u01603	counter-diamond	2,4,1,1	0-1;0-2;1-3;2-3	2	2	threshold	FMMMFM
u01604	counter-diamond	2,4,1,1	0-1;0-2;1-3;2-3	2	2	threshold	FMMFMM
u01605	counter-diamond	2,4,1,1	0-1;0-2;1-3;2-3	2	2	threshold	FMFMMM
u01606	counter-diamond	2,4,1,1	0-1;0-2;1-3;2-3	2	2	threshold	FFMMMM
u01607	counter-diamond	2,4,1,1	0-1;0-2;1-3;2-3	2	2	tail	MMMM
u01608	counter-diamond	2,4,1,1	0-1;0-2;1-3;2-3	2	2	tail	MMMFM
u01609	counter-diamond	2,4,1,1	0-1;0-2;1-3;2-3	2	2	tail	MMMFFM
u01610	counter-diamond	2,4,1,1	0-1;0-2;1-3;2-3	2	2	tail	MMFMM
u01611	counter-diamond	2,4,1,1	0-1;0-2;1-3;2-3	2	2	tail	MMFMFM
u01612	counter-diamond	2,4,1,1	0-1;0-2;1-3;2-3	2	2	tail	MMFFMM
u01613	counter-diamond	2,4,1,1	0-1;0-2;1-3;2-3	2	2	tail	MFMMM
u01614	counter-diamond	2,4,1,1	0-1;0-2;1-3;2-3	2	2	tail	MFMMFM
u01615	counter-diamond	2,4,1,1	0-1;0-2;1-3;2-3	2	2	tail	MFMFMM
u01616	counter-diamond	2,4,1,1	0-1;0-2;1-3;2-3	2	2	tail	MFFMMM
u01617	counter-diamond	2,4,1,1	0-1;0-2;1-3;2-3	2	2	tail	FMMMM
u01618	counter-diamond	2,4,1,1	0-1;0-2;1-3;2-3	2	2	tail	FMMMFM
u01619	counter-diamond	2,4,1,1	0-1;0-2;1-3;2-3	2	2	tail	FMMFMM
u01620	counter-diamond	2,4,1,1	0-1;0-2;1-3;2-3	2	2	tail	FMFMMM
u01621	counter-diamond	2,4,1,1	0-1;0-2;1-3;2-3	2	2	tail	FFMMMM
u01622	counter-diamond	2,4,1,1	0-1;0-2;1-3;2-3	2	3	threshold	MMMM
u01623	counter-diamond	2,4,1,1	0-1;0-2;1-3;2-3	2	3	threshold	MMMFM
u01624	counter-diamond	2,4,1,1	0-1;0-2;1-3;2-3	2	3	threshold	MMMFFM
u01625	counter-diamond	2,4,1,1	0-1;0-2;1-3;2-3	2	3	threshold	MMMFFF
u01626	counter-diamond	2,4,1,1	0-1;0-2;1-3;2-3	2	3	threshold	MMFMM
u01627	counter-diamond	2,4,1,1	0-1;0-2;1-3;2-3	2	3	threshold	MMFMFM
u01628	counter-diamond	2,4,1,1	0-1;0-2;1-3;2-3	2	3	threshold	MMFMFF
u01629	counter-diamond	2,4,1,1	0-1;0-2;1-3;2-3	2	3	threshold	MMFFMM
u01630	counter-diamond	2,4,1,1	0-1;0-2;1-3;2-3	2	3	threshold	MMFFMF
u01631	counter-diamond	2,4,1,1	0-1;0-2;1-3;2-3	2	3	threshold	MMFFFM
u01632	counter-diamond	2,4,1,1	0-1;0-2;1-3;2-3	2	3	threshold	MFMMM
u01633	counter-diamond	2,4,1,1	0-1;0-2;1-3;2-3	2	3	threshold	MFMMFM
u01634	counter-diamond	2,4,1,1	0-1;0-2;1-3;2-3	2	3	threshold	MFMMFF
u01635	counter-diamond	2,4,1,1	0-1;0-2;1-3;2-3	2	3	threshold	MFMFMM
u01636	counter-diamond	2,4,1,1	0-1;0-2;1-3;2-3	2	3	threshold	MFMFMF
u01637	counter-diamond	2,4,1,1	0-1;0-2;1-3;2-3	2	3	threshold	MFMFFM
u01638	counter-diamond	2,4,1,1	0-1;0-2;1-3;2-3	2	3	threshold	MFFMMM
u01639	counter-diamond	2,4,1,1	0-1;0-2;1-3;2-3	2	3	threshold	MFFMMF
u01640	counter-diamond	2,4,1,1	0-1;0-2;1-3;2-3	2	3	threshold	MFFMFM
u01641	counter-diamond	2,4,1,1	0-1;0-2;1-3;2-3	2	3	threshold	MFFFMM
u01642	counter-diamond	2,4,1,1	0-1;0-2;1-3;2-3	2	3	threshold	FMMMM
u01643	counter-diamond	2,4,1,1	0-1;0-2;1-3;2-3	2	3	threshold	FMMMFM
u01644	counter-diamond	2,4,1,1	0-1;0-2;1-3;2-3	2	3	threshold	FMMMFF
u01645	counter-diamond	2,4,1,1	0-1;0-2;1-3;2-3	2	3	threshold	FMMFMM
u01646	counter-diamond	2,4,1,1	0-1;0-2;1-3;2-3	2	3	threshold	FMMFMF
u01647	counter-diamond	2,4,1,1	0-1;0-2;1-3;2-3	2	3	threshold	FMMFFM
u01648	counter-diamond	2,4,1,1	0-1;0-2;1-3;2-3	2	3	threshold	FMFMMM
u01649	counter-diamond	2,4,1,1	0-1;0-2;1-3;2-3	2	3	threshold	FMFMMF
u01650	counter-diamond	2,4,1,1	0-1;0-2;1-3;2-3	2	3	threshold	FMFMFM
u01651	counter-diamond	2,4,1,1	0-1;0-2;1-3;2-3	2	3	threshold	FMFFMM
u01652	counter-diamond	2,4,1,1	0-1;0-2;1-3;2-3	2	3	threshold	FFMMMM
u01653	counter-diamond	2,4,1,1	0-1;0-2;1-3;2-3	2	3	threshold	FFMMMF
u01654	counter-diamond	2,4,1,1	0-1;0-2;1-3;2-3	2	3	threshold	FFMMFM
u01655	counter-diamond	2,4,1,1	0-1;0-2;1-3;2-3	2	3	threshold	FFMFMM
u01656	counter-diamond	2,4,1,1	0-1;0-2;1-3;2-3	2	3	threshold	FFFMMM
u01657	counter-diamond	2,4,1,1	0-1;0-2;1-3;2-3	2	3	tail	MMMM
u01658	counter-diamond	2,4,1,1	0-1;0-2;1-3;2-3	2	3	tail	MMMFM
u01659	counter-diamond	2,4,1,1	0-1;0-2;1-3;2-3	2	3	tail	MMMFFM
u01660	counter-diamond	2,4,1,1	0-1;0-2;1-3;2-3	2	3	tail	MMMFFF
u01661	counter-diamond	2,4,1,1	0-1;0-2;1-3;2-3	2	3	tail	MMFMM
u01662	counter-diamond	2,4,1,1	0-1;0-2;1-3;2-3	2	3	tail	MMFMFM
u01663	counter-diamond	2,4,1,1	0-1;0-2;1-3;2-3	2	3	tail	MMFMFF
u01664	counter-diamond	2,4,1,1	0-1;0-2;1-3;2-3	2	3	tail	MMFFMM
u01665	counter-diamond	2,4,1,1	0-1;0-2;1-3;2-3	2	3	tail	MMFFMF
u01666	counter-diamond	2,4,1,1	0-1;0-2;1-3;2-3	2	3	tail	MMFFFM
u01667	counter-diamond	2,4,1,1	0-1;0-2;1-3;2-3	2	3	tail	MFMMM
u01668	counter-diamond	2,4,1,1	0-1;0-2;1-3;2-3	2	3	tail	MFMMFM
u01669	counter-diamond	2,4,1,1	0-1;0-2;1-3;2-3	2	3	tail	MFMMFF
u01670	counter-diamond	2,4,1,1	0-1;0-2;1-3;2-3	2	3	tail	MFMFMM
u01671	counter-diamond	2,4,1,1	0-1;0-2;1-3;2-3	2	3	tail	MFMFMF
u01672	counter-diamond	2,4,1,1	0-1;0-2;1-3;2-3	2	3	tail	MFMFFM
u01673	counter-diamond	2,4,1,1	0-1;0-2;1-3;2-3	2	3	tail	MFFMMM
u01674	counter-diamond	2,4,1,1	0-1;0-2;1-3;2-3	2	3	tail	MFFMMF
u01675	counter-diamond	2,4,1,1	0-1;0-2;1-3;2-3	2	3	tail	MFFMFM
u01676	counter-diamond	2,4,1,1	0-1;0-2;1-3;2-3	2	3	tail	MFFFMP
u01677	counter-diamond	2,4,1,1	0-1;0-2;1-3;2-3	2	3	tail	FMMMM
u01678	counter-diamond	2,4,1,1	0-1;0-2;1-3;2-3	2	3	tail	FMMMFM
u01679	counter-diamond	2,4,1,1	0-1;0-2;1-3;2-3	2	3	tail	FMMMFF
u01680	counter-diamond	2,4,1,1	0-1;0-2;1-3;2-3	2	3	tail	FMMFMM
u01681	counter-diamond	2,4,1,1	0-1;0-2;1-3;2-3	2	3	tail	FMMFMF
u01682	counter-diamond	2,4,1,1	0-1;0-2;1-3;2-3	2	3	tail	FMMFFM
u01683	counter-diamond	2,4,1,1	0-1;0-2;1-3;2-3	2	3	tail	FMFMMM
u01684	counter-diamond	2,4,1,1	0-1;0-2;1-3;2-3	2	3	tail	FMFMMF
u01685	counter-diamond	2,4,1,1	0-1;0-2;1-3;2-3	2	3	tail	FMFMFM
u01686	counter-diamond	2,4,1,1	0-1;0-2;1-3;2-3	2	3	tail	FMFFMP
u01687	counter-diamond	2,4,1,1	0-1;0-2;1-3;2-3	2	3	tail	FFMMMM
u01688	counter-diamond	2,4,1,1	0-1;0-2;1-3;2-3	2	3	tail	FFMMMF
u01689	counter-diamond	2,4,1,1	0-1;0-2;1-3;2-3	2	3	tail	FFMMFM
u01690	counter-diamond	2,4,1,1	0-1;0-2;1-3;2-3	2	3	tail	FFMFMP
u01691	counter-diamond	2,4,1,1	0-1;0-2;1-3;2-3	2	3	tail	FFFMMP
u01692	counter-diamond	2,4,1,1	0-1;0-2;1-3;2-3	2	4	threshold	MMMM
u01693	counter-diamond	2,4,1,1	0-1;0-2;1-3;2-3	2	4	threshold	MMMFM
u01694	counter-diamond	2,4,1,1	0-1;0-2;1-3;2-3	2	4	threshold	MMMFFM
u01695	counter-diamond	2,4,1,1	0-1;0-2;1-3;2-3	2	4	threshold	MMMFFF
u01696	counter-diamond	2,4,1,1	0-1;0-2;1-3;2-3	2	4	threshold	MMFMM
u01697	counter-diamond	2,4,1,1	0-1;0-2;1-3;2-3	2	4	threshold	MMFMFM
u01698	counter-diamond	2,4,1,1	0-1;0-2;1-3;2-3	2	4	threshold	MMFMFF
u01699	counter-diamond	2,4,1,1	0-1;0-2;1-3;2-3	2	4	threshold	MMFFMM
u01700	counter-diamond	2,4,1,1	0-1;0-2;1-3;2-3	2	4	threshold	MMFFMF
u01701	counter-diamond	2,4,1,1	0-1;0-2;1-3;2-3	2	4	threshold	MMFFFM
u01702	counter-diamond	2,4,1,1	0-1;0-2;1-3;2-3	2	4	threshold	MMFFFF
u01703	counter-diamond	2,4,1,1	0-1;0-2;1-3;2-3	2	4	threshold	MFMMM
u01704	counter-diamond	2,4,1,1	0-1;0-2;1-3;2-3	2	4	threshold	MFMMFM
u01705	counter-diamond	2,4,1,1	0-1;0-2;1-3;2-3	2	4	threshold	MFMMFF
u01706	counter-diamond	2,4,1,1	0-1;0-2;1-3;2-3	2	4	threshold	MFMFMM
u01707	counter-diamond	2,4,1,1	0-1;0-2;1-3;2-3	2	4	threshold	MFMFMF
u01708	counter-diamond	2,4,1,1	0-1;0-2;1-3;2-3	2	4	threshold	MFMFFM
u01709	counter-diamond	2,4,1,1	0-1;0-2;1-3;2-3	2	4	threshold	MFMFFF
u01710	counter-diamond	2,4,1,1	0-1;0-2;1-3;2-3	2	4	threshold	MFFMMM
u01711	counter-diamond	2,4,1,1	0-1;0-2;1-3;2-3	2	4	threshold	MFFMMF
u01712	counter-diamond	2,4,1,1	0-1;0-2;1-3;2-3	2	4	threshold	MFFMFM
u01713	counter-diamond	2,4,1,1	0-1;0-2;1-3;2-3	2	4	threshold	MFFMFF
u01714	counter-diamond	2,4,1,1	0-1;0-2;1-3;2-3	2	4	threshold	MFFFMM
u01715	counter-diamond	2,4,1,1	0-1;0-2;1-3;2-3	2	4	threshold	MFFFMF
u01716	counter-diamond	2,4,1,1	0-1;0-2;1-3;2-3	2	4	threshold	MFFFFM
u01717	counter-diamond	2,4,1,1	0-1;0-2;1-3;2-3	2	4	threshold	FMMMM
u01718	counter-diamond	2,4,1,1	0-1;0-2;1-3;2-3	2	4	threshold	FMMMFM
u01719	counter-diamond	2,4,1,1	0-1;0-2;1-3;2-3	2	4	threshold	FMMMFF
u01720	counter-diamond	2,4,1,1	0-1;0-2;1-3;2-3	2	4	threshold	FMMFMM
u01721	counter-diamond	2,4,1,1	0-1;0-2;1-3;2-3	2	4	threshold	FMMFMF
u01722	counter-diamond	2,4,1,1	0-1;0-2;1-3;2-3	2	4	threshold	FMMFFM
u01723	counter-diamond	2,4,1,1	0-1;0-2;1-3;2-3	2	4	threshold	FMMFFF
u01724	counter-diamond	2,4,1,1	0-1;0-2;1-3;2-3	2	4	threshold	FMFMMM
u01725	counter-diamond	2,4,1,1	0-1;0-2;1-3;2-3	2	4	threshold	FMFMMF
u01726	counter-diamond	2,4,1,1	0-1;0-2;1-3;2-3	2	4	threshold	FMFMFM
u01727	counter-diamond	2,4,1,1	0-1;0-2;1-3;2-3	2	4	threshold	FMFMFF
u01728	counter-diamond	2,4,1,1	0-1;0-2;1-3;2-3	2	4	threshold	FMFFMM
u01729	counter-diamond	2,4,1,1	0-1;0-2;1-3;2-3	2	4	threshold	FMFFMF
u01730	counter-diamond	2,4,1,1	0-1;0-2;1-3;2-3	2	4	threshold	FMFFFM
u01731	counter-diamond	2,4,1,1	0-1;0-2;1-3;2-3	2	4	threshold	FFMMMM
u01732	counter-diamond	2,4,1,1	0-1;0-2;1-3;2-3	2	4	threshold	FFMMMF
u01733	counter-diamond	2,4,1,1	0-1;0-2;1-3;2-3	2	4	threshold	FFMMFM
u01734	counter-diamond	2,4,1,1	0-1;0-2;1-3;2-3	2	4	threshold	FFMMFF
u01735	counter-diamond	2,4,1,1	0-1;0-2;1-3;2-3	2	4	threshold	FFMFMM
u01736	counter-diamond	2,4,1,1	0-1;0-2;1-3;2-3	2	4	threshold	FFMFMF
u01737	counter-diamond	2,4,1,1	0-1;0-2;1-3;2-3	2	4	threshold	FFMFFM
u01738	counter-diamond	2,4,1,1	0-1;0-2;1-3;2-3	2	4	threshold	FFFMMM
u01739	counter-diamond	2,4,1,1	0-1;0-2;1-3;2-3	2	4	threshold	FFFMMF
u01740	counter-diamond	2,4,1,1	0-1;0-2;1-3;2-3	2	4	threshold	FFFMFM
u01741	counter-diamond	2,4,1,1	0-1;0-2;1-3;2-3	2	4	threshold	FFFFMM
u01742	counter-diamond	2,4,1,1	0-1;0-2;1-3;2-3	2	4	tail	MMMM
u01743	counter-diamond	2,4,1,1	0-1;0-2;1-3;2-3	2	4	tail	MMMFM
u01744	counter-diamond	2,4,1,1	0-1;0-2;1-3;2-3	2	4	tail	MMMFFM
u01745	counter-diamond	2,4,1,1	0-1;0-2;1-3;2-3	2	4	tail	MMMFFF
u01746	counter-diamond	2,4,1,1	0-1;0-2;1-3;2-3	2	4	tail	MMFMM
u01747	counter-diamond	2,4,1,1	0-1;0-2;1-3;2-3	2	4	tail	MMFMFM
u01748	counter-diamond	2,4,1,1	0-1;0-2;1-3;2-3	2	4	tail	MMFMFF
u01749	counter-diamond	2,4,1,1	0-1;0-2;1-3;2-3	2	4	tail	MMFFMM
u01750	counter-diamond	2,4,1,1	0-1;0-2;1-3;2-3	2	4	tail	MMFFMF
u01751	counter-diamond	2,4,1,1	0-1;0-2;1-3;2-3	2	4	tail	MMFFFM
u01752	counter-diamond	2,4,1,1	0-1;0-2;1-3;2-3	2	4	tail	MMFFFF
u01753	counter-diamond	2,4,1,1	0-1;0-2;1-3;2-3	2	4	tail	MFMMM
u01754	counter-diamond	2,4,1,1	0-1;0-2;1-3;2-3	2	4	tail	MFMMFM
u01755	counter-diamond	2,4,1,1	0-1;0-2;1-3;2-3	2	4	tail	MFMMFF
u01756	counter-diamond	2,4,1,1	0-1;0-2;1-3;2-3	2	4	tail	MFMFMM
u01757	counter-diamond	2,4,1,1	0-1;0-2;1-3;2-3	2	4	tail	MFMFMF
u01758	counter-diamond	2,4,1,1	0-1;0-2;1-3;2-3	2	4	tail	MFMFFM
u01759	counter-diamond	2,4,1,1	0-1;0-2;1-3;2-3	2	4	tail	MFMFFF
u01760	counter-diamond	2,4,1,1	0-1;0-2;1-3;2-3	2	4	tail	MFFMMM
u01761	counter-diamond	2,4,1,1	0-1;0-2;1-3;2-3	2	4	tail	MFFMMF
u01762	counter-diamond	2,4,1,1	0-1;0-2;1-3;2-3	2	4	tail	MFFMFM
u01763	counter-diamond	2,4,1,1	0-1;0-2;1-3;2-3	2	4	tail	MFFMFF
u01764	counter-diamond	2,4,1,1	0-1;0-2;1-3;2-3	2	4	tail	MFFFMP
u01765	counter-diamond	2,4,1,1	0-1;0-2;1-3;2-3	2	4	tail	MFFFFP
u01766	counter-diamond	2,4,1,1	0-1;0-2;1-3;2-3	2	4	tail	FMMMM
u01767	counter-diamond	2,4,1,1	0-1;0-2;1-3;2-3	2	4	tail	FMMMFM
u01768	counter-diamond	2,4,1,1	0-1;0-2;1-3;2-3	2	4	tail	FMMMFF
u01769	counter-diamond	2,4,1,1	0-1;0-2;1-3;2-3	2	4	tail	FMMFMM
u01770	counter-diamond	2,4,1,1	0-1;0-2;1-3;2-3	2	4	tail	FMMFMF
u01771	counter-diamond	2,4,1,1	0-1;0-2;1-3;2-3	2	4	tail	FMMFFM
u01772	counter-diamond	2,4,1,1	0-1;0-2;1-3;2-3	2	4	tail	FMMFFF
u01773	counter-diamond	2,4,1,1	0-1;0-2;1-3;2-3	2	4	tail	FMFMMM
u01774	counter-diamond	2,4,1,1	0-1;0-2;1-3;2-3	2	4	tail	FMFMMF
u01775	counter-diamond	2,4,1,1	0-1;0-2;1-3;2-3	2	4	tail	FMFMFM
u01776	counter-diamond	2,4,1,1	0-1;0-2;1-3;2-3	2	4	tail	FMFMFF
u01777	counter-diamond	2,4,1,1	0-1;0-2;1-3;2-3	2	4	tail	FMFFMP
u01778	counter-diamond	2,4,1,1	0-1;0-2;1-3;2-3	2	4	tail	FMFFFP
u01779	counter-diamond	2,4,1,1	0-1;0-2;1-3;2-3	2	4	tail	FFMMMM
u01780	counter-diamond	2,4,1,1	0-1;0-2;1-3;2-3	2	4	tail	FFMMMF
u01781	counter-diamond	2,4,1,1	0-1;0-2;1-3;2-3	2	4	tail	FFMMFM
u01782	counter-diamond	2,4,1,1	0-1;0-2;1-3;2-3	2	4	tail	FFMMFF
u01783	counter-diamond	2,4,1,1	0-1;0-2;1-3;2-3	2	4	tail	FFMFMP
u01784	counter-diamond	2,4,1,1	0-1;0-2;1-3;2-3	2	4	tail	FFMFFP
u01785	counter-diamond	2,4,1,1	0-1;0-2;1-3;2-3	2	4	tail	FFFMMP
u01786	counter-diamond	2,4,1,1	0-1;0-2;1-3;2-3	2	4	tail	FFFMFM
u01787	counter-diamond	2,4,1,1	0-1;0-2;1-3;2-3	2	4	tail	FFFFMP
u01788	counter-diamond	2,4,1,1	0-1;0-2;1-3;2-3	2	5	threshold	MMMM
u01789	counter-diamond	2,4,1,1	0-1;0-2;1-3;2-3	2	5	threshold	MMMFM
u01790	counter-diamond	2,4,1,1	0-1;0-2;1-3;2-3	2	5	threshold	MMMFFM
u01791	counter-diamond	2,4,1,1	0-1;0-2;1-3;2-3	2	5	threshold	MMMFFF
u01792	counter-diamond	2,4,1,1	0-1;0-2;1-3;2-3	2	5	threshold	MMFMM
u01793	counter-diamond	2,4,1,1	0-1;0-2;1-3;2-3	2	5	threshold	MMFMFM
u01794	counter-diamond	2,4,1,1	0-1;0-2;1-3;2-3	2	5	threshold	MMFMFF
u01795	counter-diamond	2,4,1,1	0-1;0-2;1-3;2-3	2	5	threshold	MMFFMM
u01796	counter-diamond	2,4,1,1	0-1;0-2;1-3;2-3	2	5	threshold	MMFFMF
u01797	counter-diamond	2,4,1,1	0-1;0-2;1-3;2-3	2	5	threshold	MMFFFM
u01798	counter-diamond	2,4,1,1	0-1;0-2;1-3;2-3	2	5	threshold	MMFFFF
u01799	counter-diamond	2,4,1,1	0-1;0-2;1-3;2-3	2	5	threshold	MFMMM
u01800	counter-diamond	2,4,1,1	0-1;0-2;1-3;2-3	2	5	threshold	MFMMFM
u01801	counter-diamond	2,4,1,1	0-1;0-2;1-3;2-3	2	5	threshold	MFMMFF
u01802	counter-diamond	2,4,1,1	0-1;0-2;1-3;2-3	2	5	threshold	MFMFMM
u01803	counter-diamond	2,4,1,1	0-1;0-2;1-3;2-3	2	5	threshold	MFMFMF
u01804	counter-diamond	2,4,1,1	0-1;0-2;1-3;2-3	2	5	threshold	MFMFFM
u01805	counter-diamond	2,4,1,1	0-1;0-2;1-3;2-3	2	5	threshold	MFMFFF
u01806	counter-diamond	2,4,1,1	0-1;0-2;1-3;2-3	2	5	threshold	MFFMMM
u01807	counter-diamond	2,4,1,1	0-1;0-2;1-3;2-3	2	5	threshold	MFFMMF
u01808	counter-diamond	2,4,1,1	0-1;0-2;1-3;2-3	2	5	threshold	MFFMFM
u01809	counter-diamond	2,4,1,1	0-1;0-2;1-3;2-3	2	5	threshold	MFFMFF
u01810	counter-diamond	2,4,1,1	0-1;0-2;1-3;2-3	2	5	threshold	MFFFMM
u01811	counter-diamond	2,4,1,1	0-1;0-2;1-3;2-3	2	5	threshold	MFFFMF
u01812	counter-diamond	2,4,1,1	0-1;0-2;1-3;2-3	2	5	threshold	MFFFFM
u01813	counter-diamond	2,4,1,1	0-1;0-2;1-3;2-3	2	5	threshold	MFFFFF
u01814	counter-diamond	2,4,1,1	0-1;0-2;1-3;2-3	2	5	threshold	FMMMM
u01815	counter-diamond	2,4,1,1	0-1;0-2;1-3;2-3	2	5	threshold	FMMMFM
u01816	counter-diamond	2,4,1,1	0-1;0-2;1-3;2-3	2	5	threshold	FMMMFF
u01817	counter-diamond	2,4,1,1	0-1;0-2;1-3;2-3	2	5	threshold	FMMFMM
u01818	counter-diamond	2,4,1,1	0-1;0-2;1-3;2-3	2	5	threshold	FMMFMF
u01819	counter-diamond	2,4,1,1	0-1;0-2;1-3;2-3	2	5	threshold	FMMFFM
u01820	counter-diamond	2,4,1,1	0-1;0-2;1-3;2-3	2	5	threshold	FMMFFF
u01821	counter-diamond	2,4,1,1	0-1;0-2;1-3;2-3	2	5	threshold	FMFMMM
u01822	counter-diamond	2,4,1,1	0-1;0-2;1-3;2-3	2	5	threshold	FMFMMF
u01823	counter-diamond	2,4,1,1	0-1;0-2;1-3;2-3	2	5	threshold	FMFMFM
u01824	counter-diamond	2,4,1,1	0-1;0-2;1-3;2-3	2	5	threshold	FMFMFF
u01825	counter-diamond	2,4,1,1	0-1;0-2;1-3;2-3	2	5	threshold	FMFFMM
u01826	counter-diamond	2,4,1,1	0-1;0-2;1-3;2-3	2	5	threshold	FMFFMF
u01827	counter-diamond	2,4,1,1	0-1;0-2;1-3;2-3	2	5	threshold	FMFFFM
u01828	counter-diamond	2,4,1,1	0-1;0-2;1-3;2-3	2	5	threshold	FMFFFF
u01829	counter-diamond	2,4,1,1	0-1;0-2;1-3;2-3	2	5	threshold	FFMMMM
u01830	counter-diamond	2,4,1,1	0-1;0-2;1-3;2-3	2	5	threshold	FFMMMF
u01831	counter-diamond	2,4,1,1	0-1;0-2;1-3;2-3	2	5	threshold	FFMMFM
u01832	counter-diamond	2,4,1,1	0-1;0-2;1-3;2-3	2	5	threshold	FFMMFF
u01833	counter-diamond	2,4,1,1	0-1;0-2;1-3;2-3	2	5	threshold	FFMFMM
u01834	counter-diamond	2,4,1,1	0-1;0-2;1-3;2-3	2	5	threshold	FFMFMF
u01835	counter-diamond	2,4,1,1	0-1;0-2;1-3;2-3	2	5	threshold	FFMFFM
u01836	counter-diamond	2,4,1,1	0-1;0-2;1-3;2-3	2	5	threshold	FFMFFF
u01837	counter-diamond	2,4,1,1	0-1;0-2;1-3;2-3	2	5	threshold	FFFMMM
u01838	counter-diamond	2,4,1,1	0-1;0-2;1-3;2-3	2	5	threshold	FFFMMF
u01839	counter-diamond	2,4,1,1	0-1;0-2;1-3;2-3	2	5	threshold	FFFMFM
u01840	counter-diamond	2,4,1,1	0-1;0-2;1-3;2-3	2	5	threshold	FFFMFF
u01841	counter-diamond	2,4,1,1	0-1;0-2;1-3;2-3	2	5	threshold	FFFFMM
u01842	counter-diamond	2,4,1,1	0-1;0-2;1-3;2-3	2	5	threshold	FFFFMF
u01843	counter-diamond	2,4,1,1	0-1;0-2;1-3;2-3	2	5	threshold	FFFFFM
u01844	counter-diamond	2,4,1,1	0-1;0-2;1-3;2-3	2	5	tail	MMMM
u01845	counter-diamond	2,4,1,1	0-1;0-2;1-3;2-3	2	5	tail	MMMFM
u01846	counter-diamond	2,4,1,1	0-1;0-2;1-3;2-3	2	5	tail	MMMFFM
u01847	counter-diamond	2,4,1,1	0-1;0-2;1-3;2-3	2	5	tail	MMMFFF
u01848	counter-diamond	2,4,1,1	0-1;0-2;1-3;2-3	2	5	tail	MMFMM
u01849	counter-diamond	2,4,1,1	0-1;0-2;1-3;2-3	2	5	tail	MMFMFM
u01850	counter-diamond	2,4,1,1	0-1;0-2;1-3;2-3	2	5	tail	MMFMFF
u01851	counter-diamond	2,4,1,1	0-1;0-2;1-3;2-3	2	5	tail	MMFFMM
u01852	counter-diamond	2,4,1,1	0-1;0-2;1-3;2-3	2	5	tail	MMFFMF
u01853	counter-diamond	2,4,1,1	0-1;0-2;1-3;2-3	2	5	tail	MMFFFM
u01854	counter-diamond	2,4,1,1	0-1;0-2;1-3;2-3	2	5	tail	MMFFFF
u01855	counter-diamond	2,4,1,1	0-1;0-2;1-3;2-3	2	5	tail	MFMMM
u01856	counter-diamond	2,4,1,1	0-1;0-2;1-3;2-3	2	5	tail	MFMMFM
u01857	counter-diamond	2,4,1,1	0-1;0-2;1-3;2-3	2	5	tail	MFMMFF
u01858	counter-diamond	2,4,1,1	0-1;0-2;1-3;2-3	2	5	tail	MFMFMM
u01859	counter-diamond	2,4,1,1	0-1;0-2;1-3;2-3	2	5	tail	MFMFMF
u01860	counter-diamond	2,4,1,1	0-1;0-2;1-3;2-3	2	5	tail	MFMFFM
u01861	counter-diamond	2,4,1,1	0-1;0-2;1-3;2-3	2	5	tail	MFMFFF
u01862	counter-diamond	2,4,1,1	0-1;0-2;1-3;2-3	2	5	tail	MFFMMM
u01863	counter-diamond	2,4,1,1	0-1;0-2;1-3;2-3	2	5	tail	MFFMMF
u01864	counter-diamond	2,4,1,1	0-1;0-2;1-3;2-3	2	5	tail	MFFMFM
u01865	counter-diamond	2,4,1,1	0-1;0-2;1-3;2-3	2	5	tail	MFFMFF
u01866	counter-diamond	2,4,1,1	0-1;0-2;1-3;2-3	2	5	tail	MFFFMP
u01867	counter-diamond	2,4,1,1	0-1;0-2;1-3;2-3	2	5	tail	MFFFFP
u01868	counter-diamond	2,4,1,1	0-1;0-2;1-3;2-3	2	5	tail	FMMMM
u01869	counter-diamond	2,4,1,1	0-1;0-2;1-3;2-3	2	5	tail	FMMMFM
u01870	counter-diamond	2,4,1,1	0-1;0-2;1-3;2-3	2	5	tail	FMMMFF
u01871	counter-diamond	2,4,1,1	0-1;0-2;1-3;2-3	2	5	tail	FMMFMM
u01872	counter-diamond	2,4,1,1	0-1;0-2;1-3;2-3	2	5	tail	FMMFMF
u01873	counter-diamond	2,4,1,1	0-1;0-2;1-3;2-3	2	5	tail	FMMFFM
u01874	counter-diamond	2,4,1,1	0-1;0-2;1-3;2-3	2	5	tail	FMMFFF
u01875	counter-diamond	2,4,1,1	0-1;0-2;1-3;2-3	2	5	tail	FMFMMM
u01876	counter-diamond	2,4,1,1	0-1;0-2;1-3;2-3	2	5	tail	FMFMMF
u01877	counter-diamond	2,4,1,1	0-1;0-2;1-3;2-3	2	5	tail	FMFMFM
u01878	counter-diamond	2,4,1,1	0-1;0-2;1-3;2-3	2	5	tail	FMFMFF
u01879	counter-diamond	2,4,1,1	0-1;0-2;1-3;2-3	2	5	tail	FMFFMP
u01880	counter-diamond	2,4,1,1	0-1;0-2;1-3;2-3	2	5	tail	FMFFFP
u01881	counter-diamond	2,4,1,1	0-1;0-2;1-3;2-3	2	5	tail	FFMMMM
u01882	counter-diamond	2,4,1,1	0-1;0-2;1-3;2-3	2	5	tail	FFMMMF
u01883	counter-diamond	2,4,1,1	0-1;0-2;1-3;2-3	2	5	tail	FFMMFM
u01884	counter-diamond	2,4,1,1	0-1;0-2;1-3;2-3	2	5	tail	FFMMFF
u01885	counter-diamond	2,4,1,1	0-1;0-2;1-3;2-3	2	5	tail	FFMFMP
u01886	counter-diamond	2,4,1,1	0-1;0-2;1-3;2-3	2	5	tail	FFMFFP
u01887	counter-diamond	2,4,1,1	0-1;0-2;1-3;2-3	2	5	tail	FFFMMP
u01888	counter-diamond	2,4,1,1	0-1;0-2;1-3;2-3	2	5	tail	FFFMFM
u01889	counter-diamond	2,4,1,1	0-1;0-2;1-3;2-3	2	5	tail	FFFMFF
u01890	counter-diamond	2,4,1,1	0-1;0-2;1-3;2-3	2	5	tail	FFFFMP
u01891	counter-diamond	2,4,1,1	0-1;0-2;1-3;2-3	2	5	tail	FFFFFM
u01892	increasing-chain	1,2,3,5	0-1;1-2;2-3	0	0	threshold	MMMM
u01893	increasing-chain	1,2,3,5	0-1;1-2;2-3	0	0	tail	MMMM
u01894	increasing-chain	1,2,3,5	0-1;1-2;2-3	0	1	threshold	MMMM
u01895	increasing-chain	1,2,3,5	0-1;1-2;2-3	0	1	threshold	MMMF
u01896	increasing-chain	1,2,3,5	0-1;1-2;2-3	0	1	threshold	MMFM
u01897	increasing-chain	1,2,3,5	0-1;1-2;2-3	0	1	threshold	MFMM
u01898	increasing-chain	1,2,3,5	0-1;1-2;2-3	0	1	threshold	FMMM
u01899	increasing-chain	1,2,3,5	0-1;1-2;2-3	0	1	tail	MMMM
u01900	increasing-chain	1,2,3,5	0-1;1-2;2-3	0	1	tail	MMMF
u01901	increasing-chain	1,2,3,5	0-1;1-2;2-3	0	1	tail	MMFM
u01902	increasing-chain	1,2,3,5	0-1;1-2;2-3	0	1	tail	MFMM
u01903	increasing-chain	1,2,3,5	0-1;1-2;2-3	0	1	tail	FMMM
u01904	increasing-chain	1,2,3,5	0-1;1-2;2-3	0	2	threshold	MMMM
u01905	increasing-chain	1,2,3,5	0-1;1-2;2-3	0	2	threshold	MMMF
u01906	increasing-chain	1,2,3,5	0-1;1-2;2-3	0	2	threshold	MMFM
u01907	increasing-chain	1,2,3,5	0-1;1-2;2-3	0	2	threshold	MMFF
u01908	increasing-chain	1,2,3,5	0-1;1-2;2-3	0	2	threshold	MFMM
u01909	increasing-chain	1,2,3,5	0-1;1-2;2-3	0	2	threshold	MFMF
u01910	increasing-chain	1,2,3,5	0-1;1-2;2-3	0	2	threshold	MFFM
u01911	increasing-chain	1,2,3,5	0-1;1-2;2-3	0	2	threshold	FMMM
u01912	increasing-chain	1,2,3,5	0-1;1-2;2-3	0	2	threshold	FMMF
u01913	increasing-chain	1,2,3,5	0-1;1-2;2-3	0	2	threshold	FMFM
u01914	increasing-chain	1,2,3,5	0-1;1-2;2-3	0	2	threshold	FFMM
u01915	increasing-chain	1,2,3,5	0-1;1-2;2-3	0	2	tail	MMMM
u01916	increasing-chain	1,2,3,5	0-1;1-2;2-3	0	2	tail	MMMF
u01917	increasing-chain	1,2,3,5	0-1;1-2;2-3	0	2	tail	MMFM
u01918	increasing-chain	1,2,3,5	0-1;1-2;2-3	0	2	tail	MMFF
u01919	increasing-chain	1,2,3,5	0-1;1-2;2-3	0	2	tail	MFMM
u01920	increasing-chain	1,2,3,5	0-1;1-2;2-3	0	2	tail	MFMF
u01921	increasing-chain	1,2,3,5	0-1;1-2;2-3	0	2	tail	MFFM
u01922	increasing-chain	1,2,3,5	0-1;1-2;2-3	0	2	tail	FMMM
u01923	increasing-chain	1,2,3,5	0-1;1-2;2-3	0	2	tail	FMMF
u01924	increasing-chain	1,2,3,5	0-1;1-2;2-3	0	2	tail	FMFM
u01925	increasing-chain	1,2,3,5	0-1;1-2;2-3	0	2	tail	FFMP
u01926	increasing-chain	1,2,3,5	0-1;1-2;2-3	0	3	threshold	MMMM
u01927	increasing-chain	1,2,3,5	0-1;1-2;2-3	0	3	threshold	MMMF
u01928	increasing-chain	1,2,3,5	0-1;1-2;2-3	0	3	threshold	MMFM
u01929	increasing-chain	1,2,3,5	0-1;1-2;2-3	0	3	threshold	MMFF
u01930	increasing-chain	1,2,3,5	0-1;1-2;2-3	0	3	threshold	MFMM
u01931	increasing-chain	1,2,3,5	0-1;1-2;2-3	0	3	threshold	MFMF
u01932	increasing-chain	1,2,3,5	0-1;1-2;2-3	0	3	threshold	MFFM
u01933	increasing-chain	1,2,3,5	0-1;1-2;2-3	0	3	threshold	MFFF
u01934	increasing-chain	1,2,3,5	0-1;1-2;2-3	0	3	threshold	FMMM
u01935	increasing-chain	1,2,3,5	0-1;1-2;2-3	0	3	threshold	FMMF
u01936	increasing-chain	1,2,3,5	0-1;1-2;2-3	0	3	threshold	FMFM
u01937	increasing-chain	1,2,3,5	0-1;1-2;2-3	0	3	threshold	FMFF
u01938	increasing-chain	1,2,3,5	0-1;1-2;2-3	0	3	threshold	FFMM
u01939	increasing-chain	1,2,3,5	0-1;1-2;2-3	0	3	threshold	FFMF
u01940	increasing-chain	1,2,3,5	0-1;1-2;2-3	0	3	threshold	FFFM
u01941	increasing-chain	1,2,3,5	0-1;1-2;2-3	0	3	tail	MMMM
u01942	increasing-chain	1,2,3,5	0-1;1-2;2-3	0	3	tail	MMMF
u01943	increasing-chain	1,2,3,5	0-1;1-2;2-3	0	3	tail	MMFM
u01944	increasing-chain	1,2,3,5	0-1;1-2;2-3	0	3	tail	MMFF
u01945	increasing-chain	1,2,3,5	0-1;1-2;2-3	0	3	tail	MFMM
u01946	increasing-chain	1,2,3,5	0-1;1-2;2-3	0	3	tail	MFMF
u01947	increasing-chain	1,2,3,5	0-1;1-2;2-3	0	3	tail	MFFM
u01948	increasing-chain	1,2,3,5	0-1;1-2;2-3	0	3	tail	MFFF
u01949	increasing-chain	1,2,3,5	0-1;1-2;2-3	0	3	tail	FMMM
u01950	increasing-chain	1,2,3,5	0-1;1-2;2-3	0	3	tail	FMMF
u01951	increasing-chain	1,2,3,5	0-1;1-2;2-3	0	3	tail	FMFM
u01952	increasing-chain	1,2,3,5	0-1;1-2;2-3	0	3	tail	FMFF
u01953	increasing-chain	1,2,3,5	0-1;1-2;2-3	0	3	tail	FFMP
u01954	increasing-chain	1,2,3,5	0-1;1-2;2-3	0	3	tail	FFFM
u01955	increasing-chain	1,2,3,5	0-1;1-2;2-3	0	4	threshold	MMMM
u01956	increasing-chain	1,2,3,5	0-1;1-2;2-3	0	4	threshold	MMMF
u01957	increasing-chain	1,2,3,5	0-1;1-2;2-3	0	4	threshold	MMFM
u01958	increasing-chain	1,2,3,5	0-1;1-2;2-3	0	4	threshold	MMFF
u01959	increasing-chain	1,2,3,5	0-1;1-2;2-3	0	4	threshold	MFMM
u01960	increasing-chain	1,2,3,5	0-1;1-2;2-3	0	4	threshold	MFMF
u01961	increasing-chain	1,2,3,5	0-1;1-2;2-3	0	4	threshold	MFFM
u01962	increasing-chain	1,2,3,5	0-1;1-2;2-3	0	4	threshold	MFFF
u01963	increasing-chain	1,2,3,5	0-1;1-2;2-3	0	4	threshold	FMMM
u01964	increasing-chain	1,2,3,5	0-1;1-2;2-3	0	4	threshold	FMMF
u01965	increasing-chain	1,2,3,5	0-1;1-2;2-3	0	4	threshold	FMFM
u01966	increasing-chain	1,2,3,5	0-1;1-2;2-3	0	4	threshold	FMFF
u01967	increasing-chain	1,2,3,5	0-1;1-2;2-3	0	4	threshold	FFMM
u01968	increasing-chain	1,2,3,5	0-1;1-2;2-3	0	4	threshold	FFMF
u01969	increasing-chain	1,2,3,5	0-1;1-2;2-3	0	4	threshold	FFFM
u01970	increasing-chain	1,2,3,5	0-1;1-2;2-3	0	4	threshold	FFFF
u01971	increasing-chain	1,2,3,5	0-1;1-2;2-3	0	4	tail	MMMM
u01972	increasing-chain	1,2,3,5	0-1;1-2;2-3	0	4	tail	MMMF
u01973	increasing-chain	1,2,3,5	0-1;1-2;2-3	0	4	tail	MMFM
u01974	increasing-chain	1,2,3,5	0-1;1-2;2-3	0	4	tail	MMFF
u01975	increasing-chain	1,2,3,5	0-1;1-2;2-3	0	4	tail	MFMM
u01976	increasing-chain	1,2,3,5	0-1;1-2;2-3	0	4	tail	MFMF
u01977	increasing-chain	1,2,3,5	0-1;1-2;2-3	0	4	tail	MFFM
u01978	increasing-chain	1,2,3,5	0-1;1-2;2-3	0	4	tail	MFFF
u01979	increasing-chain	1,2,3,5	0-1;1-2;2-3	0	4	tail	FMMM
u01980	increasing-chain	1,2,3,5	0-1;1-2;2-3	0	4	tail	FMMF
u01981	increasing-chain	1,2,3,5	0-1;1-2;2-3	0	4	tail	FMFM
u01982	increasing-chain	1,2,3,5	0-1;1-2;2-3	0	4	tail	FMFF
u01983	increasing-chain	1,2,3,5	0-1;1-2;2-3	0	4	tail	FFMP
u01984	increasing-chain	1,2,3,5	0-1;1-2;2-3	0	4	tail	FFFM
u01985	increasing-chain	1,2,3,5	0-1;1-2;2-3	0	4	tail	FFFF
u01986	increasing-chain	1,2,3,5	0-1;1-2;2-3	0	5	threshold	MMMM
u01987	increasing-chain	1,2,3,5	0-1;1-2;2-3	0	5	threshold	MMMF
u01988	increasing-chain	1,2,3,5	0-1;1-2;2-3	0	5	threshold	MMFM
u01989	increasing-chain	1,2,3,5	0-1;1-2;2-3	0	5	threshold	MMFF
u01990	increasing-chain	1,2,3,5	0-1;1-2;2-3	0	5	threshold	MFMM
u01991	increasing-chain	1,2,3,5	0-1;1-2;2-3	0	5	threshold	MFMF
u01992	increasing-chain	1,2,3,5	0-1;1-2;2-3	0	5	threshold	MFFM
u01993	increasing-chain	1,2,3,5	0-1;1-2;2-3	0	5	threshold	MFFF
u01994	increasing-chain	1,2,3,5	0-1;1-2;2-3	0	5	threshold	FMMM
u01995	increasing-chain	1,2,3,5	0-1;1-2;2-3	0	5	threshold	FMMF
u01996	increasing-chain	1,2,3,5	0-1;1-2;2-3	0	5	threshold	FMFM
u01997	increasing-chain	1,2,3,5	0-1;1-2;2-3	0	5	threshold	FMFF
u01998	increasing-chain	1,2,3,5	0-1;1-2;2-3	0	5	threshold	FFMM
u01999	increasing-chain	1,2,3,5	0-1;1-2;2-3	0	5	threshold	FFMF
u02000	increasing-chain	1,2,3,5	0-1;1-2;2-3	0	5	threshold	FFFM
u02001	increasing-chain	1,2,3,5	0-1;1-2;2-3	0	5	threshold	FFFF
u02002	increasing-chain	1,2,3,5	0-1;1-2;2-3	0	5	tail	MMMM
u02003	increasing-chain	1,2,3,5	0-1;1-2;2-3	0	5	tail	MMMF
u02004	increasing-chain	1,2,3,5	0-1;1-2;2-3	0	5	tail	MMFM
u02005	increasing-chain	1,2,3,5	0-1;1-2;2-3	0	5	tail	MMFF
u02006	increasing-chain	1,2,3,5	0-1;1-2;2-3	0	5	tail	MFMM
u02007	increasing-chain	1,2,3,5	0-1;1-2;2-3	0	5	tail	MFMF
u02008	increasing-chain	1,2,3,5	0-1;1-2;2-3	0	5	tail	MFFM
u02009	increasing-chain	1,2,3,5	0-1;1-2;2-3	0	5	tail	MFFF
u02010	increasing-chain	1,2,3,5	0-1;1-2;2-3	0	5	tail	FMMM
u02011	increasing-chain	1,2,3,5	0-1;1-2;2-3	0	5	tail	FMMF
u02012	increasing-chain	1,2,3,5	0-1;1-2;2-3	0	5	tail	FMFM
u02013	increasing-chain	1,2,3,5	0-1;1-2;2-3	0	5	tail	FMFF
u02014	increasing-chain	1,2,3,5	0-1;1-2;2-3	0	5	tail	FFMP
u02015	increasing-chain	1,2,3,5	0-1;1-2;2-3	0	5	tail	FFFM
u02016	increasing-chain	1,2,3,5	0-1;1-2;2-3	0	5	tail	FFFF
u02017	increasing-chain	1,2,3,5	0-1;1-2;2-3	1	0	threshold	MMMM
u02018	increasing-chain	1,2,3,5	0-1;1-2;2-3	1	0	tail	MMMM
u02019	increasing-chain	1,2,3,5	0-1;1-2;2-3	1	1	threshold	MMMM
u02020	increasing-chain	1,2,3,5	0-1;1-2;2-3	1	1	threshold	MMMFM
u02021	increasing-chain	1,2,3,5	0-1;1-2;2-3	1	1	threshold	MMFMM
u02022	increasing-chain	1,2,3,5	0-1;1-2;2-3	1	1	threshold	MFMMM
u02023	increasing-chain	1,2,3,5	0-1;1-2;2-3	1	1	threshold	FMMMM
u02024	increasing-chain	1,2,3,5	0-1;1-2;2-3	1	1	tail	MMMM
u02025	increasing-chain	1,2,3,5	0-1;1-2;2-3	1	1	tail	MMMFM
u02026	increasing-chain	1,2,3,5	0-1;1-2;2-3	1	1	tail	MMFMM
u02027	increasing-chain	1,2,3,5	0-1;1-2;2-3	1	1	tail	MFMMM
u02028	increasing-chain	1,2,3,5	0-1;1-2;2-3	1	1	tail	FMMMM
u02029	increasing-chain	1,2,3,5	0-1;1-2;2-3	1	2	threshold	MMMM
u02030	increasing-chain	1,2,3,5	0-1;1-2;2-3	1	2	threshold	MMMFM
u02031	increasing-chain	1,2,3,5	0-1;1-2;2-3	1	2	threshold	MMMFF
u02032	increasing-chain	1,2,3,5	0-1;1-2;2-3	1	2	threshold	MMFMM
u02033	increasing-chain	1,2,3,5	0-1;1-2;2-3	1	2	threshold	MMFMF
u02034	increasing-chain	1,2,3,5	0-1;1-2;2-3	1	2	threshold	MMFFM
u02035	increasing-chain	1,2,3,5	0-1;1-2;2-3	1	2	threshold	MFMMM
u02036	increasing-chain	1,2,3,5	0-1;1-2;2-3	1	2	threshold	MFMMF
u02037	increasing-chain	1,2,3,5	0-1;1-2;2-3	1	2	threshold	MFMFM
u02038	increasing-chain	1,2,3,5	0-1;1-2;2-3	1	2	threshold	MFFMM
u02039	increasing-chain	1,2,3,5	0-1;1-2;2-3	1	2	threshold	FMMMM
u02040	increasing-chain	1,2,3,5	0-1;1-2;2-3	1	2	threshold	FMMMF
u02041	increasing-chain	1,2,3,5	0-1;1-2;2-3	1	2	threshold	FMMFM
u02042	increasing-chain	1,2,3,5	0-1;1-2;2-3	1	2	threshold	FMFMM
u02043	increasing-chain	1,2,3,5	0-1;1-2;2-3	1	2	threshold	FFMMM
u02044	increasing-chain	1,2,3,5	0-1;1-2;2-3	1	2	tail	MMMM
u02045	increasing-chain	1,2,3,5	0-1;1-2;2-3	1	2	tail	MMMFM
u02046	increasing-chain	1,2,3,5	0-1;1-2;2-3	1	2	tail	MMMFF
u02047	increasing-chain	1,2,3,5	0-1;1-2;2-3	1	2	tail	MMFMM
u02048	increasing-chain	1,2,3,5	0-1;1-2;2-3	1	2	tail	MMFMF
u02049	increasing-chain	1,2,3,5	0-1;1-2;2-3	1	2	tail	MMFFM
u02050	increasing-chain	1,2,3,5	0-1;1-2;2-3	1	2	tail	MFMMM
u02051	increasing-chain	1,2,3,5	0-1;1-2;2-3	1	2	tail	MFMMF
u02052	increasing-chain	1,2,3,5	0-1;1-2;2-3	1	2	tail	MFMFM
u02053	increasing-chain	1,2,3,5	0-1;1-2;2-3	1	2	tail	MFFMM
u02054	increasing-chain	1,2,3,5	0-1;1-2;2-3	1	2	tail	FMMMM
u02055	increasing-chain	1,2,3,5	0-1;1-2;2-3	1	2	tail	FMMMF
u02056	increasing-chain	1,2,3,5	0-1;1-2;2-3	1	2	tail	FMMFM
u02057	increasing-chain	1,2,3,5	0-1;1-2;2-3	1	2	tail	FMFMM
u02058	increasing-chain	1,2,3,5	0-1;1-2;2-3	1	2	tail	FFMMM
u02059	increasing-chain	1,2,3,5	0-1;1-2;2-3	1	3	threshold	MMMM
u02060	increasing-chain	1,2,3,5	0-1;1-2;2-3	1	3	threshold	MMMFM
u02061	increasing-chain	1,2,3,5	0-1;1-2;2-3	1	3	threshold	MMMFF
u02062	increasing-chain	1,2,3,5	0-1;1-2;2-3	1	3	threshold	MMFMM
u02063	increasing-chain	1,2,3,5	0-1;1-2;2-3	1	3	threshold	MMFMF
u02064	increasing-chain	1,2,3,5	0-1;1-2;2-3	1	3	threshold	MMFFM
u02065	increasing-chain	1,2,3,5	0-1;1-2;2-3	1	3	threshold	MMFFF
u02066	increasing-chain	1,2,3,5	0-1;1-2;2-3	1	3	threshold	MFMMM
u02067	increasing-chain	1,2,3,5	0-1;1-2;2-3	1	3	threshold	MFMMF
u02068	increasing-chain	1,2,3,5	0-1;1-2;2-3	1	3	threshold	MFMFM
u02069	increasing-chain	1,2,3,5	0-1;1-2;2-3	1	3	threshold	MFMFF
u02070	increasing-chain	1,2,3,5	0-1;1-2;2-3	1	3	threshold	MFFMM
u02071	increasing-chain	1,2,3,5	0-1;1-2;2-3	1	3	threshold	MFFMF
u02072	increasing-chain	1,2,3,5	0-1;1-2;2-3	1	3	threshold	MFFFM
u02073	increasing-chain	1,2,3,5	0-1;1-2;2-3	1	3	threshold	FMMMM
u02074	increasing-chain	1,2,3,5	0-1;1-2;2-3	1	3	threshold	FMMMF
u02075	increasing-chain	1,2,3,5	0-1;1-2;2-3	1	3	threshold	FMMFM
u02076	increasing-chain	1,2,3,5	0-1;1-2;2-3	1	3	threshold	FMMFF
u02077	increasing-chain	1,2,3,5	0-1;1-2;2-3	1	3	threshold	FMFMM
u02078	increasing-chain	1,2,3,5	0-1;1-2;2-3	1	3	threshold	FMFMF
u02079	increasing-chain	1,2,3,5	0-1;1-2;2-3	1	3	threshold	FMFFM
u02080	increasing-chain	1,2,3,5	0-1;1-2;2-3	1	3	threshold	FFMMM
u02081	increasing-chain	1,2,3,5	0-1;1-2;2-3	1	3	threshold	FFMMF
u02082	increasing-chain	1,2,3,5	0-1;1-2;2-3	1	3	threshold	FFMFM
u02083	increasing-chain	1,2,3,5	0-1;1-2;2-3	1	3	threshold	FFFMM
u02084	increasing-chain	1,2,3,5	0-1;1-2;2-3	1	3	tail	MMMM
u02085	increasing-chain	1,2,3,5	0-1;1-2;2-3	1	3	tail	MMMFM
u02086	increasing-chain	1,2,3,5	0-1;1-2;2-3	1	3	tail	MMMFF
u02087	increasing-chain	1,2,3,5	0-1;1-2;2-3	1	3	tail	MMFMM
u02088	increasing-chain	1,2,3,5	0-1;1-2;2-3	1	3	tail	MMFMF
u02089	increasing-chain	1,2,3,5	0-1;1-2;2-3	1	3	tail	MMFFM
u02090	increasing-chain	1,2,3,5	0-1;1-2;2-3	1	3	tail	MMFFF
u02091	increasing-chain	1,2,3,5	0-1;1-2;2-3	1	3	tail	MFMMM
u02092	increasing-chain	1,2,3,5	0-1;1-2;2-3	1	3	tail	MFMMF
u02093	increasing-chain	1,2,3,5	0-1;1-2;2-3	1	3	tail	MFMFM
u02094	increasing-chain	1,2,3,5	0-1;1-2;2-3	1	3	tail	MFMFF
u02095	increasing-chain	1,2,3,5	0-1;1-2;2-3	1	3	tail	MFFMM
u02096	increasing-chain	1,2,3,5	0-1;1-2;2-3	1	3	tail	MFFMF
u02097	increasing-chain	1,2,3,5	0-1;1-2;2-3	1	3	tail	MFFFM
u02098	increasing-chain	1,2,3,5	0-1;1-2;2-3	1	3	tail	FMMMM
u02099	increasing-chain	1,2,3,5	0-1;1-2;2-3	1	3	tail	FMMMF
u02100	increasing-chain	1,2,3,5	0-1;1-2;2-3	1	3	tail	FMMFM
u02101	increasing-chain	1,2,3,5	0-1;1-2;2-3	1	3	tail	FMMFF
u02102	increasing-chain	1,2,3,5	0-1;1-2;2-3	1	3	tail	FMFMM
u02103	increasing-chain	1,2,3,5	0-1;1-2;2-3	1	3	tail	FMFMF
u02104	increasing-chain	1,2,3,5	0-1;1-2;2-3	1	3	tail	FMFFM
u02105	increasing-chain	1,2,3,5	0-1;1-2;2-3	1	3	tail	FFMMM
u02106	increasing-chain	1,2,3,5	0-1;1-2;2-3	1	3	tail	FFMMF
u02107	increasing-chain	1,2,3,5	0-1;1-2;2-3	1	3	tail	FFMFM
u02108	increasing-chain	1,2,3,5	0-1;1-2;2-3	1	3	tail	FFFMP
u02109	increasing-chain	1,2,3,5	0-1;1-2;2-3	1	4	threshold	MMMM
u02110	increasing-chain	1,2,3,5	0-1;1-2;2-3	1	4	threshold	MMMFM
u02111	increasing-chain	1,2,3,5	0-1;1-2;2-3	1	4	threshold	MMMFF
u02112	increasing-chain	1,2,3,5	0-1;1-2;2-3	1	4	threshold	MMFMM
u02113	increasing-chain	1,2,3,5	0-1;1-2;2-3	1	4	threshold	MMFMF
u02114	increasing-chain	1,2,3,5	0-1;1-2;2-3	1	4	threshold	MMFFM
u02115	increasing-chain	1,2,3,5	0-1;1-2;2-3	1	4	threshold	MMFFF
u02116	increasing-chain	1,2,3,5	0-1;1-2;2-3	1	4	threshold	MFMMM
u02117	increasing-chain	1,2,3,5	0-1;1-2;2-3	1	4	threshold	MFMMF
u02118	increasing-chain	1,2,3,5	0-1;1-2;2-3	1	4	threshold	MFMFM
u02119	increasing-chain	1,2,3,5	0-1;1-2;2-3	1	4	threshold	MFMFF
u02120	increasing-chain	1,2,3,5	0-1;1-2;2-3	1	4	threshold	MFFMM
u02121	increasing-chain	1,2,3,5	0-1;1-2;2-3	1	4	threshold	MFFMF
u02122	increasing-chain	1,2,3,5	0-1;1-2;2-3	1	4	threshold	MFFFM
u02123	increasing-chain	1,2,3,5	0-1;1-2;2-3	1	4	threshold	MFFFF
u02124	increasing-chain	1,2,3,5	0-1;1-2;2-3	1	4	threshold	FMMMM
u02125	increasing-chain	1,2,3,5	0-1;1-2;2-3	1	4	threshold	FMMMF
u02126	increasing-chain	1,2,3,5	0-1;1-2;2-3	1	4	threshold	FMMFM
u02127	increasing-chain	1,2,3,5	0-1;1-2;2-3	1	4	threshold	FMMFF
u02128	increasing-chain	1,2,3,5	0-1;1-2;2-3	1	4	threshold	FMFMM
u02129	increasing-chain	1,2,3,5	0-1;1-2;2-3	1	4	threshold	FMFMF
u02130	increasing-chain	1,2,3,5	0-1;1-2;2-3	1	4	threshold	FMFFM
u02131	increasing-chain	1,2,3,5	0-1;1-2;2-3	1	4	threshold	FMFFF
u02132	increasing-chain	1,2,3,5	0-1;1-2;2-3	1	4	threshold	FFMMM
u02133	increasing-chain	1,2,3,5	0-1;1-2;2-3	1	4	threshold	FFMMF
u02134	increasing-chain	1,2,3,5	0-1;1-2;2-3	1	4	threshold	FFMFM
u02135	increasing-chain	1,2,3,5	0-1;1-2;2-3	1	4	threshold	FFMFF
u02136	increasing-chain	1,2,3,5	0-1;1-2;2-3	1	4	threshold	FFFMM
u02137	increasing-chain	1,2,3,5	0-1;1-2;2-3	1	4	threshold	FFFMF
u02138	increasing-chain	1,2,3,5	0-1;1-2;2-3	1	4	threshold	FFFFM
u02139	increasing-chain	1,2,3,5	0-1;1-2;2-3	1	4	tail	MMMM
u02140	increasing-chain	1,2,3,5	0-1;1-2;2-3	1	4	tail	MMMFM
u02141	increasing-chain	1,2,3,5	0-1;1-2;2-3	1	4	tail	MMMFF
u02142	increasing-chain	1,2,3,5	0-1;1-2;2-3	1	4	tail	MMFMM
u02143	increasing-chain	1,2,3,5	0-1;1-2;2-3	1	4	tail	MMFMF
u02144	increasing-chain	1,2,3,5	0-1;1-2;2-3	1	4	tail	MMFFM
u02145	increasing-chain	1,2,3,5	0-1;1-2;2-3	1	4	tail	MMFFF
u02146	increasing-chain	1,2,3,5	0-1;1-2;2-3	1	4	tail	MFMMM
u02147	increasing-chain	1,2,3,5	0-1;1-2;2-3	1	4	tail	MFMMF
u02148	increasing-chain	1,2,3,5	0-1;1-2;2-3	1	4	tail	MFMFM
u02149	increasing-chain	1,2,3,5	0-1;1-2;2-3	1	4	tail	MFMFF
u02150	increasing-chain	1,2,3,5	0-1;1-2;2-3	1	4	tail	MFFMM
u02151	increasing-chain	1,2,3,5	0-1;1-2;2-3	1	4	tail	MFFMF
u02152	increasing-chain	1,2,3,5	0-1;1-2;2-3	1	4	tail	MFFFM
u02153	increasing-chain	1,2,3,5	0-1;1-2;2-3	1	4	tail	MFFFF
u02154	increasing-chain	1,2,3,5	0-1;1-2;2-3	1	4	tail	FMMMM
u02155	increasing-chain	1,2,3,5	0-1;1-2;2-3	1	4	tail	FMMMF
u02156	increasing-chain	1,2,3,5	0-1;1-2;2-3	1	4	tail	FMMFM
u02157	increasing-chain	1,2,3,5	0-1;1-2;2-3	1	4	tail	FMMFF
u02158	increasing-chain	1,2,3,5	0-1;1-2;2-3	1	4	tail	FMFMM
u02159	increasing-chain	1,2,3,5	0-1;1-2;2-3	1	4	tail	FMFMF
u02160	increasing-chain	1,2,3,5	0-1;1-2;2-3	1	4	tail	FMFFM
u02161	increasing-chain	1,2,3,5	0-1;1-2;2-3	1	4	tail	FMFFF
u02162	increasing-chain	1,2,3,5	0-1;1-2;2-3	1	4	tail	FFMMM
u02163	increasing-chain	1,2,3,5	0-1;1-2;2-3	1	4	tail	FFMMF
u02164	increasing-chain	1,2,3,5	0-1;1-2;2-3	1	4	tail	FFMFM
u02165	increasing-chain	1,2,3,5	0-1;1-2;2-3	1	4	tail	FFMFF
u02166	increasing-chain	1,2,3,5	0-1;1-2;2-3	1	4	tail	FFFMP
u02167	increasing-chain	1,2,3,5	0-1;1-2;2-3	1	4	tail	FFFFM
u02168	increasing-chain	1,2,3,5	0-1;1-2;2-3	1	5	threshold	MMMM
u02169	increasing-chain	1,2,3,5	0-1;1-2;2-3	1	5	threshold	MMMFM
u02170	increasing-chain	1,2,3,5	0-1;1-2;2-3	1	5	threshold	MMMFF
u02171	increasing-chain	1,2,3,5	0-1;1-2;2-3	1	5	threshold	MMFMM
u02172	increasing-chain	1,2,3,5	0-1;1-2;2-3	1	5	threshold	MMFMF
u02173	increasing-chain	1,2,3,5	0-1;1-2;2-3	1	5	threshold	MMFFM
u02174	increasing-chain	1,2,3,5	0-1;1-2;2-3	1	5	threshold	MMFFF
u02175	increasing-chain	1,2,3,5	0-1;1-2;2-3	1	5	threshold	MFMMM
u02176	increasing-chain	1,2,3,5	0-1;1-2;2-3	1	5	threshold	MFMMF
u02177	increasing-chain	1,2,3,5	0-1;1-2;2-3	1	5	threshold	MFMFM
u02178	increasing-chain	1,2,3,5	0-1;1-2;2-3	1	5	threshold	MFMFF
u02179	increasing-chain	1,2,3,5	0-1;1-2;2-3	1	5	threshold	MFFMM
u02180	increasing-chain	1,2,3,5	0-1;1-2;2-3	1	5	threshold	MFFMF
u02181	increasing-chain	1,2,3,5	0-1;1-2;2-3	1	5	threshold	MFFFM
u02182	increasing-chain	1,2,3,5	0-1;1-2;2-3	1	5	threshold	MFFFF
u02183	increasing-chain	1,2,3,5	0-1;1-2;2-3	1	5	threshold	FMMMM
u02184	increasing-chain	1,2,3,5	0-1;1-2;2-3	1	5	threshold	FMMMF
u02185	increasing-chain	1,2,3,5	0-1;1-2;2-3	1	5	threshold	FMMFM
u02186	increasing-chain	1,2,3,5	0-1;1-2;2-3	1	5	threshold	FMMFF
u02187	increasing-chain	1,2,3,5	0-1;1-2;2-3	1	5	threshold	FMFMM
u02188	increasing-chain	1,2,3,5	0-1;1-2;2-3	1	5	threshold	FMFMF
u02189	increasing-chain	1,2,3,5	0-1;1-2;2-3	1	5	threshold	FMFFM
u02190	increasing-chain	1,2,3,5	0-1;1-2;2-3	1	5	threshold	FMFFF
u02191	increasing-chain	1,2,3,5	0-1;1-2;2-3	1	5	threshold	FFMMM
u02192	increasing-chain	1,2,3,5	0-1;1-2;2-3	1	5	threshold	FFMMF
u02193	increasing-chain	1,2,3,5	0-1;1-2;2-3	1	5	threshold	FFMFM
u02194	increasing-chain	1,2,3,5	0-1;1-2;2-3	1	5	threshold	FFMFF
u02195	increasing-chain	1,2,3,5	0-1;1-2;2-3	1	5	threshold	FFFMM
u02196	increasing-chain	1,2,3,5	0-1;1-2;2-3	1	5	threshold	FFFMF
u02197	increasing-chain	1,2,3,5	0-1;1-2;2-3	1	5	threshold	FFFFM
u02198	increasing-chain	1,2,3,5	0-1;1-2;2-3	1	5	threshold	FFFFF
u02199	increasing-chain	1,2,3,5	0-1;1-2;2-3	1	5	tail	MMMM
u02200	increasing-chain	1,2,3,5	0-1;1-2;2-3	1	5	tail	MMMFM
u02201	increasing-chain	1,2,3,5	0-1;1-2;2-3	1	5	tail	MMMFF
u02202	increasing-chain	1,2,3,5	0-1;1-2;2-3	1	5	tail	MMFMM
u02203	increasing-chain	1,2,3,5	0-1;1-2;2-3	1	5	tail	MMFMF
u02204	increasing-chain	1,2,3,5	0-1;1-2;2-3	1	5	tail	MMFFM
u02205	increasing-chain	1,2,3,5	0-1;1-2;2-3	1	5	tail	MMFFF
u02206	increasing-chain	1,2,3,5	0-1;1-2;2-3	1	5	tail	MFMMM
u02207	increasing-chain	1,2,3,5	0-1;1-2;2-3	1	5	tail	MFMMF
u02208	increasing-chain	1,2,3,5	0-1;1-2;2-3	1	5	tail	MFMFM
u02209	increasing-chain	1,2,3,5	0-1;1-2;2-3	1	5	tail	MFMFF
u02210	increasing-chain	1,2,3,5	0-1;1-2;2-3	1	5	tail	MFFMM
u02211	increasing-chain	1,2,3,5	0-1;1-2;2-3	1	5	tail	MFFMF
u02212	increasing-chain	1,2,3,5	0-1;1-2;2-3	1	5	tail	MFFFM
u02213	increasing-chain	1,2,3,5	0-1;1-2;2-3	1	5	tail	MFFFF
u02214	increasing-chain	1,2,3,5	0-1;1-2;2-3	1	5	tail	FMMMM
u02215	increasing-chain	1,2,3,5	0-1;1-2;2-3	1	5	tail	FMMMF
u02216	increasing-chain	1,2,3,5	0-1;1-2;2-3	1	5	tail	FMMFM
u02217	increasing-chain	1,2,3,5	0-1;1-2;2-3	1	5	tail	FMMFF
u02218	increasing-chain	1,2,3,5	0-1;1-2;2-3	1	5	tail	FMFMM
u02219	increasing-chain	1,2,3,5	0-1;1-2;2-3	1	5	tail	FMFMF
u02220	increasing-chain	1,2,3,5	0-1;1-2;2-3	1	5	tail	FMFFM
u02221	increasing-chain	1,2,3,5	0-1;1-2;2-3	1	5	tail	FMFFF
u02222	increasing-chain	1,2,3,5	0-1;1-2;2-3	1	5	tail	FFMMM
u02223	increasing-chain	1,2,3,5	0-1;1-2;2-3	1	5	tail	FFMMF
u02224	increasing-chain	1,2,3,5	0-1;1-2;2-3	1	5	tail	FFMFM
u02225	increasing-chain	1,2,3,5	0-1;1-2;2-3	1	5	tail	FFMFF
u02226	increasing-chain	1,2,3,5	0-1;1-2;2-3	1	5	tail	FFFMP
u02227	increasing-chain	1,2,3,5	0-1;1-2;2-3	1	5	tail	FFFFM
u02228	increasing-chain	1,2,3,5	0-1;1-2;2-3	1	5	tail	FFFFF
u02229	increasing-chain	1,2,3,5	0-1;1-2;2-3	2	0	threshold	MMMM
u02230	increasing-chain	1,2,3,5	0-1;1-2;2-3	2	0	tail	MMMM
u02231	increasing-chain	1,2,3,5	0-1;1-2;2-3	2	1	threshold	MMMM
u02232	increasing-chain	1,2,3,5	0-1;1-2;2-3	2	1	threshold	MMMFM
u02233	increasing-chain	1,2,3,5	0-1;1-2;2-3	2	1	threshold	MMFMM
u02234	increasing-chain	1,2,3,5	0-1;1-2;2-3	2	1	threshold	MFMMM
u02235	increasing-chain	1,2,3,5	0-1;1-2;2-3	2	1	threshold	FMMMM
u02236	increasing-chain	1,2,3,5	0-1;1-2;2-3	2	1	tail	MMMM
u02237	increasing-chain	1,2,3,5	0-1;1-2;2-3	2	1	tail	MMMFM
u02238	increasing-chain	1,2,3,5	0-1;1-2;2-3	2	1	tail	MMFMM
u02239	increasing-chain	1,2,3,5	0-1;1-2;2-3	2	1	tail	MFMMM
u02240	increasing-chain	1,2,3,5	0-1;1-2;2-3	2	1	tail	FMMMM
u02241	increasing-chain	1,2,3,5	0-1;1-2;2-3	2	2	threshold	MMMM
u02242	increasing-chain	1,2,3,5	0-1;1-2;2-3	2	2	threshold	MMMFM
u02243	increasing-chain	1,2,3,5	0-1;1-2;2-3	2	2	threshold	MMMFFM
u02244	increasing-chain	1,2,3,5	0-1;1-2;2-3	2	2	threshold	MMFMM
u02245	increasing-chain	1,2,3,5	0-1;1-2;2-3	2	2	threshold	MMFMFM
u02246	increasing-chain	1,2,3,5	0-1;1-2;2-3	2	2	threshold	MMFFMM
u02247	increasing-chain	1,2,3,5	0-1;1-2;2-3	2	2	threshold	MFMMM
u02248	increasing-chain	1,2,3,5	0-1;1-2;2-3	2	2	threshold	MFMMFM
u02249	increasing-chain	1,2,3,5	0-1;1-2;2-3	2	2	threshold	MFMFMM
u02250	increasing-chain	1,2,3,5	0-1;1-2;2-3	2	2	threshold	MFFMMM
u02251	increasing-chain	1,2,3,5	0-1;1-2;2-3	2	2	threshold	FMMMM
u02252	increasing-chain	1,2,3,5	0-1;1-2;2-3	2	2	threshold	FMMMFM
u02253	increasing-chain	1,2,3,5	0-1;1-2;2-3	2	2	threshold	FMMFMM
u02254	increasing-chain	1,2,3,5	0-1;1-2;2-3	2	2	threshold	FMFMMM
u02255	increasing-chain	1,2,3,5	0-1;1-2;2-3	2	2	threshold	FFMMMM
u02256	increasing-chain	1,2,3,5	0-1;1-2;2-3	2	2	tail	MMMM
u02257	increasing-chain	1,2,3,5	0-1;1-2;2-3	2	2	tail	MMMFM
u02258	increasing-chain	1,2,3,5	0-1;1-2;2-3	2	2	tail	MMMFFM
u02259	increasing-chain	1,2,3,5	0-1;1-2;2-3	2	2	tail	MMFMM
u02260	increasing-chain	1,2,3,5	0-1;1-2;2-3	2	2	tail	MMFMFM
u02261	increasing-chain	1,2,3,5	0-1;1-2;2-3	2	2	tail	MMFFMM
u02262	increasing-chain	1,2,3,5	0-1;1-2;2-3	2	2	tail	MFMMM
u02263	increasing-chain	1,2,3,5	0-1;1-2;2-3	2	2	tail	MFMMFM
u02264	increasing-chain	1,2,3,5	0-1;1-2;2-3	2	2	tail	MFMFMM
u02265	increasing-chain	1,2,3,5	0-1;1-2;2-3	2	2	tail	MFFMMM
u02266	increasing-chain	1,2,3,5	0-1;1-2;2-3	2	2	tail	FMMMM
u02267	increasing-chain	1,2,3,5	0-1;1-2;2-3	2	2	tail	FMMMFM
u02268	increasing-chain	1,2,3,5	0-1;1-2;2-3	2	2	tail	FMMFMM
u02269	increasing-chain	1,2,3,5	0-1;1-2;2-3	2	2	tail	FMFMMM
u02270	increasing-chain	1,2,3,5	0-1;1-2;2-3	2	2	tail	FFMMMM
u02271	increasing-chain	1,2,3,5	0-1;1-2;2-3	2	3	threshold	MMMM
u02272	increasing-chain	1,2,3,5	0-1;1-2;2-3	2	3	threshold	MMMFM
u02273	increasing-chain	1,2,3,5	0-1;1-2;2-3	2	3	threshold	MMMFFM
u02274	increasing-chain	1,2,3,5	0-1;1-2;2-3	2	3	threshold	MMMFFF
u02275	increasing-chain	1,2,3,5	0-1;1-2;2-3	2	3	threshold	MMFMM
u02276	increasing-chain	1,2,3,5	0-1;1-2;2-3	2	3	threshold	MMFMFM
u02277	increasing-chain	1,2,3,5	0-1;1-2;2-3	2	3	threshold	MMFMFF
u02278	increasing-chain	1,2,3,5	0-1;1-2;2-3	2	3	threshold	MMFFMM
u02279	increasing-chain	1,2,3,5	0-1;1-2;2-3	2	3	threshold	MMFFMF
u02280	increasing-chain	1,2,3,5	0-1;1-2;2-3	2	3	threshold	MMFFFM
u02281	increasing-chain	1,2,3,5	0-1;1-2;2-3	2	3	threshold	MFMMM
u02282	increasing-chain	1,2,3,5	0-1;1-2;2-3	2	3	threshold	MFMMFM
u02283	increasing-chain	1,2,3,5	0-1;1-2;2-3	2	3	threshold	MFMMFF
u02284	increasing-chain	1,2,3,5	0-1;1-2;2-3	2	3	threshold	MFMFMM
u02285	increasing-chain	1,2,3,5	0-1;1-2;2-3	2	3	threshold	MFMFMF
u02286	increasing-chain	1,2,3,5	0-1;1-2;2-3	2	3	threshold	MFMFFM
u02287	increasing-chain	1,2,3,5	0-1;1-2;2-3	2	3	threshold	MFFMMM
u02288	increasing-chain	1,2,3,5	0-1;1-2;2-3	2	3	threshold	MFFMMF
u02289	increasing-chain	1,2,3,5	0-1;1-2;2-3	2	3	threshold	MFFMFM
u02290	increasing-chain	1,2,3,5	0-1;1-2;2-3	2	3	threshold	MFFFMM
u02291	increasing-chain	1,2,3,5	0-1;1-2;2-3	2	3	threshold	FMMMM
u02292	increasing-chain	1,2,3,5	0-1;1-2;2-3	2	3	threshold	FMMMFM
u02293	increasing-chain	1,2,3,5	0-1;1-2;2-3	2	3	threshold	FMMMFF
u02294	increasing-chain	1,2,3,5	0-1;1-2;2-3	2	3	threshold	FMMFMM
u02295	increasing-chain	1,2,3,5	0-1;1-2;2-3	2	3	threshold	FMMFMF
u02296	increasing-chain	1,2,3,5	0-1;1-2;2-3	2	3	threshold	FMMFFM
u02297	increasing-chain	1,2,3,5	0-1;1-2;2-3	2	3	threshold	FMFMMM
u02298	increasing-chain	1,2,3,5	0-1;1-2;2-3	2	3	threshold	FMFMMF
u02299	increasing-chain	1,2,3,5	0-1;1-2;2-3	2	3	threshold	FMFMFM
u02300	increasing-chain	1,2,3,5	0-1;1-2;2-3	2	3	threshold	FMFFMM
u02301	increasing-chain	1,2,3,5	0-1;1-2;2-3	2	3	threshold	FFMMMM
u02302	increasing-chain	1,2,3,5	0-1;1-2;2-3	2	3	threshold	FFMMMF
u02303	increasing-chain	1,2,3,5	0-1;1-2;2-3	2	3	threshold	FFMMFM
u02304	increasing-chain	1,2,3,5	0-1;1-2;2-3	2	3	threshold	FFMFMM
u02305	increasing-chain	1,2,3,5	0-1;1-2;2-3	2	3	threshold	FFFMMM
u02306	increasing-chain	1,2,3,5	0-1;1-2;2-3	2	3	tail	MMMM
u02307	increasing-chain	1,2,3,5	0-1;1-2;2-3	2	3	tail	MMMFM
u02308	increasing-chain	1,2,3,5	0-1;1-2;2-3	2	3	tail	MMMFFM
u02309	increasing-chain	1,2,3,5	0-1;1-2;2-3	2	3	tail	MMMFFF
u02310	increasing-chain	1,2,3,5	0-1;1-2;2-3	2	3	tail	MMFMM
u02311	increasing-chain	1,2,3,5	0-1;1-2;2-3	2	3	tail	MMFMFM
u02312	increasing-chain	1,2,3,5	0-1;1-2;2-3	2	3	tail	MMFMFF
u02313	increasing-chain	1,2,3,5	0-1;1-2;2-3	2	3	tail	MMFFMM
u02314	increasing-chain	1,2,3,5	0-1;1-2;2-3	2	3	tail	MMFFMF
u02315	increasing-chain	1,2,3,5	0-1;1-2;2-3	2	3	tail	MMFFFM
u02316	increasing-chain	1,2,3,5	0-1;1-2;2-3	2	3	tail	MFMMM
u02317	increasing-chain	1,2,3,5	0-1;1-2;2-3	2	3	tail	MFMMFM
u02318	increasing-chain	1,2,3,5	0-1;1-2;2-3	2	3	tail	MFMMFF
u02319	increasing-chain	1,2,3,5	0-1;1-2;2-3	2	3	tail	MFMFMM
u02320	increasing-chain	1,2,3,5	0-1;1-2;2-3	2	3	tail	MFMFMF
u02321	increasing-chain	1,2,3,5	0-1;1-2;2-3	2	3	tail	MFMFFM
u02322	increasing-chain	1,2,3,5	0-1;1-2;2-3	2	3	tail	MFFMMM
u02323	increasing-chain	1,2,3,5	0-1;1-2;2-3	2	3	tail	MFFMMF
u02324	increasing-chain	1,2,3,5	0-1;1-2;2-3	2	3	tail	MFFMFM
u02325	increasing-chain	1,2,3,5	0-1;1-2;2-3	2	3	tail	MFFFMM
u02326	increasing-chain	1,2,3,5	0-1;1-2;2-3	2	3	tail	FMMMM
u02327	increasing-chain	1,2,3,5	0-1;1-2;2-3	2	3	tail	FMMMFM
u02328	increasing-chain	1,2,3,5	0-1;1-2;2-3	2	3	tail	FMMMFF
u02329	increasing-chain	1,2,3,5	0-1;1-2;2-3	2	3	tail	FMMFMM
u02330	increasing-chain	1,2,3,5	0-1;1-2;2-3	2	3	tail	FMMFMF
u02331	increasing-chain	1,2,3,5	0-1;1-2;2-3	2	3	tail	FMMFFM
u02332	increasing-chain	1,2,3,5	0-1;1-2;2-3	2	3	tail	FMFMMM
u02333	increasing-chain	1,2,3,5	0-1;1-2;2-3	2	3	tail	FMFMMF
u02334	increasing-chain	1,2,3,5	0-1;1-2;2-3	2	3	tail	FMFMFM
u02335	increasing-chain	1,2,3,5	0-1;1-2;2-3	2	3	tail	FMFFMM
u02336	increasing-chain	1,2,3,5	0-1;1-2;2-3	2	3	tail	FFMMMM
u02337	increasing-chain	1,2,3,5	0-1;1-2;2-3	2	3	tail	FFMMMF
u02338	increasing-chain	1,2,3,5	0-1;1-2;2-3	2	3	tail	FFMMFM
u02339	increasing-chain	1,2,3,5	0-1;1-2;2-3	2	3	tail	FFMFMM
u02340	increasing-chain	1,2,3,5	0-1;1-2;2-3	2	3	tail	FFFMMM
u02341	increasing-chain	1,2,3,5	0-1;1-2;2-3	2	4	threshold	MMMM
u02342	increasing-chain	1,2,3,5	0-1;1-2;2-3	2	4	threshold	MMMFM
u02343	increasing-chain	1,2,3,5	0-1;1-2;2-3	2	4	threshold	MMMFFM
u02344	increasing-chain	1,2,3,5	0-1;1-2;2-3	2	4	threshold	MMMFFF
u02345	increasing-chain	1,2,3,5	0-1;1-2;2-3	2	4	threshold	MMFMM
u02346	increasing-chain	1,2,3,5	0-1;1-2;2-3	2	4	threshold	MMFMFM
u02347	increasing-chain	1,2,3,5	0-1;1-2;2-3	2	4	threshold	MMFMFF
u02348	increasing-chain	1,2,3,5	0-1;1-2;2-3	2	4	threshold	MMFFMM
u02349	increasing-chain	1,2,3,5	0-1;1-2;2-3	2	4	threshold	MMFFMF
u02350	increasing-chain	1,2,3,5	0-1;1-2;2-3	2	4	threshold	MMFFFM
u02351	increasing-chain	1,2,3,5	0-1;1-2;2-3	2	4	threshold	MMFFFF
u02352	increasing-chain	1,2,3,5	0-1;1-2;2-3	2	4	threshold	MFMMM
u02353	increasing-chain	1,2,3,5	0-1;1-2;2-3	2	4	threshold	MFMMFM
u02354	increasing-chain	1,2,3,5	0-1;1-2;2-3	2	4	threshold	MFMMFF
u02355	increasing-chain	1,2,3,5	0-1;1-2;2-3	2	4	threshold	MFMFMM
u02356	increasing-chain	1,2,3,5	0-1;1-2;2-3	2	4	threshold	MFMFMF
u02357	increasing-chain	1,2,3,5	0-1;1-2;2-3	2	4	threshold	MFMFFM
u02358	increasing-chain	1,2,3,5	0-1;1-2;2-3	2	4	threshold	MFMFFF
u02359	increasing-chain	1,2,3,5	0-1;1-2;2-3	2	4	threshold	MFFMMM
u02360	increasing-chain	1,2,3,5	0-1;1-2;2-3	2	4	threshold	MFFMMF
u02361	increasing-chain	1,2,3,5	0-1;1-2;2-3	2	4	threshold	MFFMFM
u02362	increasing-chain	1,2,3,5	0-1;1-2;2-3	2	4	threshold	MFFMFF
u02363	increasing-chain	1,2,3,5	0-1;1-2;2-3	2	4	threshold	MFFFMM
u02364	increasing-chain	1,2,3,5	0-1;1-2;2-3	2	4	threshold	MFFFMF
u02365	increasing-chain	1,2,3,5	0-1;1-2;2-3	2	4	threshold	MFFFFM
u02366	increasing-chain	1,2,3,5	0-1;1-2;2-3	2	4	threshold	FMMMM
u02367	increasing-chain	1,2,3,5	0-1;1-2;2-3	2	4	threshold	FMMMFM
u02368	increasing-chain	1,2,3,5	0-1;1-2;2-3	2	4	threshold	FMMMFF
u02369	increasing-chain	1,2,3,5	0-1;1-2;2-3	2	4	threshold	FMMFMM
u02370	increasing-chain	1,2,3,5	0-1;1-2;2-3	2	4	threshold	FMMFMF
u02371	increasing-chain	1,2,3,5	0-1;1-2;2-3	2	4	threshold	FMMFFM
u02372	increasing-chain	1,2,3,5	0-1;1-2;2-3	2	4	threshold	FMMFFF
u02373	increasing-chain	1,2,3,5	0-1;1-2;2-3	2	4	threshold	FMFMMM
u02374	increasing-chain	1,2,3,5	0-1;1-2;2-3	2	4	threshold	FMFMMF
u02375	increasing-chain	1,2,3,5	0-1;1-2;2-3	2	4	threshold	FMFMFM
u02376	increasing-chain	1,2,3,5	0-1;1-2;2-3	2	4	threshold	FMFMFF
u02377	increasing-chain	1,2,3,5	0-1;1-2;2-3	2	4	threshold	FMFFMM
u02378	increasing-chain	1,2,3,5	0-1;1-2;2-3	2	4	threshold	FMFFMF
u02379	increasing-chain	1,2,3,5	0-1;1-2;2-3	2	4	threshold	FMFFFM
u02380	increasing-chain	1,2,3,5	0-1;1-2;2-3	2	4	threshold	FFMMMM
u02381	increasing-chain	1,2,3,5	0-1;1-2;2-3	2	4	threshold	FFMMMF
u02382	increasing-chain	1,2,3,5	0-1;1-2;2-3	2	4	threshold	FFMMFM
u02383	increasing-chain	1,2,3,5	0-1;1-2;2-3	2	4	threshold	FFMMFF
u02384	increasing-chain	1,2,3,5	0-1;1-2;2-3	2	4	threshold	FFMFMM
u02385	increasing-chain	1,2,3,5	0-1;1-2;2-3	2	4	threshold	FFMFMF
u02386	increasing-chain	1,2,3,5	0-1;1-2;2-3	2	4	threshold	FFMFFM
u02387	increasing-chain	1,2,3,5	0-1;1-2;2-3	2	4	threshold	FFFMMM
u02388	increasing-chain	1,2,3,5	0-1;1-2;2-3	2	4	threshold	FFFMMF
u02389	increasing-chain	1,2,3,5	0-1;1-2;2-3	2	4	threshold	FFFMFM
u02390	increasing-chain	1,2,3,5	0-1;1-2;2-3	2	4	threshold	FFFFMM
u02391	increasing-chain	1,2,3,5	0-1;1-2;2-3	2	4	tail	MMMM
u02392	increasing-chain	1,2,3,5	0-1;1-2;2-3	2	4	tail	MMMFM
u02393	increasing-chain	1,2,3,5	0-1;1-2;2-3	2	4	tail	MMMFFM
u02394	increasing-chain	1,2,3,5	0-1;1-2;2-3	2	4	tail	MMMFFF
u02395	increasing-chain	1,2,3,5	0-1;1-2;2-3	2	4	tail	MMFMM
u02396	increasing-chain	1,2,3,5	0-1;1-2;2-3	2	4	tail	MMFMFM
u02397	increasing-chain	1,2,3,5	0-1;1-2;2-3	2	4	tail	MMFMFF
u02398	increasing-chain	1,2,3,5	0-1;1-2;2-3	2	4	tail	MMFFMM
u02399	increasing-chain	1,2,3,5	0-1;1-2;2-3	2	4	tail	MMFFMF
u02400	increasing-chain	1,2,3,5	0-1;1-2;2-3	2	4	tail	MMFFFM
u02401	increasing-chain	1,2,3,5	0-1;1-2;2-3	2	4	tail	MMFFFF
u02402	increasing-chain	1,2,3,5	0-1;1-2;2-3	2	4	tail	MFMMM
u02403	increasing-chain	1,2,3,5	0-1;1-2;2-3	2	4	tail	MFMMFM
u02404	increasing-chain	1,2,3,5	0-1;1-2;2-3	2	4	tail	MFMMFF
u02405	increasing-chain	1,2,3,5	0-1;1-2;2-3	2	4	tail	MFMFMM
u02406	increasing-chain	1,2,3,5	0-1;1-2;2-3	2	4	tail	MFMFMF
u02407	increasing-chain	1,2,3,5	0-1;1-2;2-3	2	4	tail	MFMFFM
u02408	increasing-chain	1,2,3,5	0-1;1-2;2-3	2	4	tail	MFMFFF
u02409	increasing-chain	1,2,3,5	0-1;1-2;2-3	2	4	tail	MFFMMM
u02410	increasing-chain	1,2,3,5	0-1;1-2;2-3	2	4	tail	MFFMMF
u02411	increasing-chain	1,2,3,5	0-1;1-2;2-3	2	4	tail	MFFMFM
u02412	increasing-chain	1,2,3,5	0-1;1-2;2-3	2	4	tail	MFFMFF
u02413	increasing-chain	1,2,3,5	0-1;1-2;2-3	2	4	tail	MFFFMM
u02414	increasing-chain	1,2,3,5	0-1;1-2;2-3	2	4	tail	MFFFMF
u02415	increasing-chain	1,2,3,5	0-1;1-2;2-3	2	4	tail	MFFFFM
u02416	increasing-chain	1,2,3,5	0-1;1-2;2-3	2	4	tail	FMMMM
u02417	increasing-chain	1,2,3,5	0-1;1-2;2-3	2	4	tail	FMMMFM
u02418	increasing-chain	1,2,3,5	0-1;1-2;2-3	2	4	tail	FMMMFF
u02419	increasing-chain	1,2,3,5	0-1;1-2;2-3	2	4	tail	FMMFMM
u02420	increasing-chain	1,2,3,5	0-1;1-2;2-3	2	4	tail	FMMFMF
u02421	increasing-chain	1,2,3,5	0-1;1-2;2-3	2	4	tail	FMMFFM
u02422	increasing-chain	1,2,3,5	0-1;1-2;2-3	2	4	tail	FMMFFF
u02423	increasing-chain	1,2,3,5	0-1;1-2;2-3	2	4	tail	FMFMMM
u02424	increasing-chain	1,2,3,5	0-1;1-2;2-3	2	4	tail	FMFMMF
u02425	increasing-chain	1,2,3,5	0-1;1-2;2-3	2	4	tail	FMFMFM
u02426	increasing-chain	1,2,3,5	0-1;1-2;2-3	2	4	tail	FMFMFF
u02427	increasing-chain	1,2,3,5	0-1;1-2;2-3	2	4	tail	FMFFMM
u02428	increasing-chain	1,2,3,5	0-1;1-2;2-3	2	4	tail	FMFFMF
u02429	increasing-chain	1,2,3,5	0-1;1-2;2-3	2	4	tail	FMFFFM
u02430	increasing-chain	1,2,3,5	0-1;1-2;2-3	2	4	tail	FFMMMM
u02431	increasing-chain	1,2,3,5	0-1;1-2;2-3	2	4	tail	FFMMMF
u02432	increasing-chain	1,2,3,5	0-1;1-2;2-3	2	4	tail	FFMMFM
u02433	increasing-chain	1,2,3,5	0-1;1-2;2-3	2	4	tail	FFMMFF
u02434	increasing-chain	1,2,3,5	0-1;1-2;2-3	2	4	tail	FFMFMM
u02435	increasing-chain	1,2,3,5	0-1;1-2;2-3	2	4	tail	FFMFMF
u02436	increasing-chain	1,2,3,5	0-1;1-2;2-3	2	4	tail	FFMFFM
u02437	increasing-chain	1,2,3,5	0-1;1-2;2-3	2	4	tail	FFFMMM
u02438	increasing-chain	1,2,3,5	0-1;1-2;2-3	2	4	tail	FFFMMF
u02439	increasing-chain	1,2,3,5	0-1;1-2;2-3	2	4	tail	FFFMFM
u02440	increasing-chain	1,2,3,5	0-1;1-2;2-3	2	4	tail	FFFFMP
u02441	increasing-chain	1,2,3,5	0-1;1-2;2-3	2	5	threshold	MMMM
u02442	increasing-chain	1,2,3,5	0-1;1-2;2-3	2	5	threshold	MMMFM
u02443	increasing-chain	1,2,3,5	0-1;1-2;2-3	2	5	threshold	MMMFFM
u02444	increasing-chain	1,2,3,5	0-1;1-2;2-3	2	5	threshold	MMMFFF
u02445	increasing-chain	1,2,3,5	0-1;1-2;2-3	2	5	threshold	MMFMM
u02446	increasing-chain	1,2,3,5	0-1;1-2;2-3	2	5	threshold	MMFMFM
u02447	increasing-chain	1,2,3,5	0-1;1-2;2-3	2	5	threshold	MMFMFF
u02448	increasing-chain	1,2,3,5	0-1;1-2;2-3	2	5	threshold	MMFFMM
u02449	increasing-chain	1,2,3,5	0-1;1-2;2-3	2	5	threshold	MMFFMF
u02450	increasing-chain	1,2,3,5	0-1;1-2;2-3	2	5	threshold	MMFFFM
u02451	increasing-chain	1,2,3,5	0-1;1-2;2-3	2	5	threshold	MMFFFF
u02452	increasing-chain	1,2,3,5	0-1;1-2;2-3	2	5	threshold	MFMMM
u02453	increasing-chain	1,2,3,5	0-1;1-2;2-3	2	5	threshold	MFMMFM
u02454	increasing-chain	1,2,3,5	0-1;1-2;2-3	2	5	threshold	MFMMFF
u02455	increasing-chain	1,2,3,5	0-1;1-2;2-3	2	5	threshold	MFMFMM
u02456	increasing-chain	1,2,3,5	0-1;1-2;2-3	2	5	threshold	MFMFMF
u02457	increasing-chain	1,2,3,5	0-1;1-2;2-3	2	5	threshold	MFMFFM
u02458	increasing-chain	1,2,3,5	0-1;1-2;2-3	2	5	threshold	MFMFFF
u02459	increasing-chain	1,2,3,5	0-1;1-2;2-3	2	5	threshold	MFFMMM
u02460	increasing-chain	1,2,3,5	0-1;1-2;2-3	2	5	threshold	MFFMMF
u02461	increasing-chain	1,2,3,5	0-1;1-2;2-3	2	5	threshold	MFFMFM
u02462	increasing-chain	1,2,3,5	0-1;1-2;2-3	2	5	threshold	MFFMFF
u02463	increasing-chain	1,2,3,5	0-1;1-2;2-3	2	5	threshold	MFFFMM
u02464	increasing-chain	1,2,3,5	0-1;1-2;2-3	2	5	threshold	MFFFMF
u02465	increasing-chain	1,2,3,5	0-1;1-2;2-3	2	5	threshold	MFFFFM
u02466	increasing-chain	1,2,3,5	0-1;1-2;2-3	2	5	threshold	MFFFFF
u02467	increasing-chain	1,2,3,5	0-1;1-2;2-3	2	5	threshold	FMMMM
u02468	increasing-chain	1,2,3,5	0-1;1-2;2-3	2	5	threshold	FMMMFM
u02469	increasing-chain	1,2,3,5	0-1;1-2;2-3	2	5	threshold	FMMMFF
u02470	increasing-chain	1,2,3,5	0-1;1-2;2-3	2	5	threshold	FMMFMM
u02471	increasing-chain	1,2,3,5	0-1;1-2;2-3	2	5	threshold	FMMFMF
u02472	increasing-chain	1,2,3,5	0-1;1-2;2-3	2	5	threshold	FMMFFM
u02473	increasing-chain	1,2,3,5	0-1;1-2;2-3	2	5	threshold	FMMFFF
u02474	increasing-chain	1,2,3,5	0-1;1-2;2-3	2	5	threshold	FMFMMM
u02475	increasing-chain	1,2,3,5	0-1;1-2;2-3	2	5	threshold	FMFMMF
u02476	increasing-chain	1,2,3,5	0-1;1-2;2-3	2	5	threshold	FMFMFM
u02477	increasing-chain	1,2,3,5	0-1;1-2;2-3	2	5	threshold	FMFMFF
u02478	increasing-chain	1,2,3,5	0-1;1-2;2-3	2	5	threshold	FMFFMM
u02479	increasing-chain	1,2,3,5	0-1;1-2;2-3	2	5	threshold	FMFFMF
u02480	increasing-chain	1,2,3,5	0-1;1-2;2-3	2	5	threshold	FMFFFM
u02481	increasing-chain	1,2,3,5	0-1;1-2;2-3	2	5	threshold	FMFFFF
u02482	increasing-chain	1,2,3,5	0-1;1-2;2-3	2	5	threshold	FFMMMM
u02483	increasing-chain	1,2,3,5	0-1;1-2;2-3	2	5	threshold	FFMMMF
u02484	increasing-chain	1,2,3,5	0-1;1-2;2-3	2	5	threshold	FFMMFM
u02485	increasing-chain	1,2,3,5	0-1;1-2;2-3	2	5	threshold	FFMMFF
u02486	increasing-chain	1,2,3,5	0-1;1-2;2-3	2	5	threshold	FFMFMM
u02487	increasing-chain	1,2,3,5	0-1;1-2;2-3	2	5	threshold	FFMFMF
u02488	increasing-chain	1,2,3,5	0-1;1-2;2-3	2	5	threshold	FFMFFM
u02489	increasing-chain	1,2,3,5	0-1;1-2;2-3	2	5	threshold	FFMFFF
u02490	increasing-chain	1,2,3,5	0-1;1-2;2-3	2	5	threshold	FFFMMM
u02491	increasing-chain	1,2,3,5	0-1;1-2;2-3	2	5	threshold	FFFMMF
u02492	increasing-chain	1,2,3,5	0-1;1-2;2-3	2	5	threshold	FFFMFM
u02493	increasing-chain	1,2,3,5	0-1;1-2;2-3	2	5	threshold	FFFMFF
u02494	increasing-chain	1,2,3,5	0-1;1-2;2-3	2	5	threshold	FFFFMM
u02495	increasing-chain	1,2,3,5	0-1;1-2;2-3	2	5	threshold	FFFFMF
u02496	increasing-chain	1,2,3,5	0-1;1-2;2-3	2	5	threshold	FFFFFM
u02497	increasing-chain	1,2,3,5	0-1;1-2;2-3	2	5	tail	MMMM
u02498	increasing-chain	1,2,3,5	0-1;1-2;2-3	2	5	tail	MMMFM
u02499	increasing-chain	1,2,3,5	0-1;1-2;2-3	2	5	tail	MMMFFM
u02500	increasing-chain	1,2,3,5	0-1;1-2;2-3	2	5	tail	MMMFFF
u02501	increasing-chain	1,2,3,5	0-1;1-2;2-3	2	5	tail	MMFMM
u02502	increasing-chain	1,2,3,5	0-1;1-2;2-3	2	5	tail	MMFMFM
u02503	increasing-chain	1,2,3,5	0-1;1-2;2-3	2	5	tail	MMFMFF
u02504	increasing-chain	1,2,3,5	0-1;1-2;2-3	2	5	tail	MMFFMM
u02505	increasing-chain	1,2,3,5	0-1;1-2;2-3	2	5	tail	MMFFMF
u02506	increasing-chain	1,2,3,5	0-1;1-2;2-3	2	5	tail	MMFFFM
u02507	increasing-chain	1,2,3,5	0-1;1-2;2-3	2	5	tail	MMFFFF
u02508	increasing-chain	1,2,3,5	0-1;1-2;2-3	2	5	tail	MFMMM
u02509	increasing-chain	1,2,3,5	0-1;1-2;2-3	2	5	tail	MFMMFM
u02510	increasing-chain	1,2,3,5	0-1;1-2;2-3	2	5	tail	MFMMFF
u02511	increasing-chain	1,2,3,5	0-1;1-2;2-3	2	5	tail	MFMFMM
u02512	increasing-chain	1,2,3,5	0-1;1-2;2-3	2	5	tail	MFMFMF
u02513	increasing-chain	1,2,3,5	0-1;1-2;2-3	2	5	tail	MFMFFM
u02514	increasing-chain	1,2,3,5	0-1;1-2;2-3	2	5	tail	MFMFFF
u02515	increasing-chain	1,2,3,5	0-1;1-2;2-3	2	5	tail	MFFMMM
u02516	increasing-chain	1,2,3,5	0-1;1-2;2-3	2	5	tail	MFFMMF
u02517	increasing-chain	1,2,3,5	0-1;1-2;2-3	2	5	tail	MFFMFM
u02518	increasing-chain	1,2,3,5	0-1;1-2;2-3	2	5	tail	MFFMFF
u02519	increasing-chain	1,2,3,5	0-1;1-2;2-3	2	5	tail	MFFFMM
u02520	increasing-chain	1,2,3,5	0-1;1-2;2-3	2	5	tail	MFFFMF
u02521	increasing-chain	1,2,3,5	0-1;1-2;2-3	2	5	tail	MFFFFM
u02522	increasing-chain	1,2,3,5	0-1;1-2;2-3	2	5	tail	MFFFFF
u02523	increasing-chain	1,2,3,5	0-1;1-2;2-3	2	5	tail	FMMMM
u02524	increasing-chain	1,2,3,5	0-1;1-2;2-3	2	5	tail	FMMMFM
u02525	increasing-chain	1,2,3,5	0-1;1-2;2-3	2	5	tail	FMMMFF
u02526	increasing-chain	1,2,3,5	0-1;1-2;2-3	2	5	tail	FMMFMM
u02527	increasing-chain	1,2,3,5	0-1;1-2;2-3	2	5	tail	FMMFMF
u02528	increasing-chain	1,2,3,5	0-1;1-2;2-3	2	5	tail	FMMFFM
u02529	increasing-chain	1,2,3,5	0-1;1-2;2-3	2	5	tail	FMMFFF
u02530	increasing-chain	1,2,3,5	0-1;1-2;2-3	2	5	tail	FMFMMM
u02531	increasing-chain	1,2,3,5	0-1;1-2;2-3	2	5	tail	FMFMMF
u02532	increasing-chain	1,2,3,5	0-1;1-2;2-3	2	5	tail	FMFMFM
u02533	increasing-chain	1,2,3,5	0-1;1-2;2-3	2	5	tail	FMFMFF
u02534	increasing-chain	1,2,3,5	0-1;1-2;2-3	2	5	tail	FMFFMM
u02535	increasing-chain	1,2,3,5	0-1;1-2;2-3	2	5	tail	FMFFMF
u02536	increasing-chain	1,2,3,5	0-1;1-2;2-3	2	5	tail	FMFFFM
u02537	increasing-chain	1,2,3,5	0-1;1-2;2-3	2	5	tail	FMFFFF
u02538	increasing-chain	1,2,3,5	0-1;1-2;2-3	2	5	tail	FFMMMM
u02539	increasing-chain	1,2,3,5	0-1;1-2;2-3	2	5	tail	FFMMMF
u02540	increasing-chain	1,2,3,5	0-1;1-2;2-3	2	5	tail	FFMMFM
u02541	increasing-chain	1,2,3,5	0-1;1-2;2-3	2	5	tail	FFMMFF
u02542	increasing-chain	1,2,3,5	0-1;1-2;2-3	2	5	tail	FFMFMM
u02543	increasing-chain	1,2,3,5	0-1;1-2;2-3	2	5	tail	FFMFMF
u02544	increasing-chain	1,2,3,5	0-1;1-2;2-3	2	5	tail	FFMFFM
u02545	increasing-chain	1,2,3,5	0-1;1-2;2-3	2	5	tail	FFMFFF
u02546	increasing-chain	1,2,3,5	0-1;1-2;2-3	2	5	tail	FFFMMM
u02547	increasing-chain	1,2,3,5	0-1;1-2;2-3	2	5	tail	FFFMMF
u02548	increasing-chain	1,2,3,5	0-1;1-2;2-3	2	5	tail	FFFMFM
u02549	increasing-chain	1,2,3,5	0-1;1-2;2-3	2	5	tail	FFFMFF
u02550	increasing-chain	1,2,3,5	0-1;1-2;2-3	2	5	tail	FFFFMP
u02551	increasing-chain	1,2,3,5	0-1;1-2;2-3	2	5	tail	FFFFFM
