job_id,parameters,merge,solver,losing_region_states,reason,loss_summary,certificate_file,result_file
n07_m01_merged_lazy,"{""k"": 7, ""m"": 1, ""n"": 7}",transfers,lazy,2,"The checked discovered-state losing certificate contains 2 states (1 unsafe) and 1/1 initial states; its stored root buckets retain every adversarial outcome and identify the outcomes in this certificate (local closure evidence, not a unique causal explanation).","{""initial_examples"": [{""enabled_action_buckets"": [{""action"": ""ablation.merge.transfers"", ""controllable"": true, ""outcomes"": 1, ""outcomes_in_certificate_region"": 1, ""unsafe_outcome_examples"": [{""pending"": [], ""physical"": [[""NEW"", ""booting""], [""NEW"", ""booting""], [""NEW"", ""booting""], [""NEW"", ""booting""], [""NEW"", ""booting""], [""NEW"", ""booting""], [""NEW"", ""booting""]], ""testers"": {""availability"": ""ERR_AVAILABILITY""}}], ""unsafe_outcomes"": 1, ""update"": true}, {""action"": ""serve_1"", ""controllable"": true, ""outcomes"": 1, ""outcomes_in_certificate_region"": 1, ""unsafe_outcome_examples"": [], ""unsafe_outcomes"": 0, ""update"": false}, {""action"": ""serve_2"", ""controllable"": true, ""outcomes"": 1, ""outcomes_in_certificate_region"": 1, ""unsafe_outcome_examples"": [], ""unsafe_outcomes"": 0, ""update"": false}, {""action"": ""serve_3"", ""controllable"": true, ""outcomes"": 1, ""outcomes_in_certificate_region"": 1, ""unsafe_outcome_examples"": [], ""unsafe_outcomes"": 0, ""update"": false}, {""action"": ""serve_4"", ""controllable"": true, ""outcomes"": 1, ""outcomes_in_certificate_region"": 1, ""unsafe_outcome_examples"": [], ""unsafe_outcomes"": 0, ""update"": false}, {""action"": ""serve_5"", ""controllable"": true, ""outcomes"": 1, ""outcomes_in_certificate_region"": 1, ""unsafe_outcome_examples"": [], ""unsafe_outcomes"": 0, ""update"": false}, {""action"": ""serve_6"", ""controllable"": true, ""outcomes"": 1, ""outcomes_in_certificate_region"": 1, ""unsafe_outcome_examples"": [], ""unsafe_outcomes"": 0, ""update"": false}, {""action"": ""serve_7"", ""controllable"": true, ""outcomes"": 1, ""outcomes_in_certificate_region"": 1, ""unsafe_outcome_examples"": [], ""unsafe_outcomes"": 0, ""update"": false}], ""pending"": [""ablation.merge.transfers""], ""physical"": [[""OLD"", ""ready""], [""OLD"", ""ready""], [""OLD"", ""ready""], [""OLD"", ""ready""], [""OLD"", ""ready""], [""OLD"", ""ready""], [""OLD"", ""ready""]], ""safe"": true, ""testers"": {""availability"": ""q7""}}], ""initial_examples_limit"": 3, ""initial_states"": 1, ""losing_initial_states"": 1, ""region_states"": 2, ""safe_region_states"": 1, ""scope"": ""checked discovered-state losing certificate; sampled local root closure evidence, not a unique whole-game causal explanation"", ""unsafe_region_states"": 1}",raw/series/n07_m01_merged_lazy/certificate.json,raw/series/n07_m01_merged_lazy/result.json
n07_m01_all_lazy,"{""k"": 7, ""m"": 1, ""n"": 7}",none,lazy,2,"The checked discovered-state losing certificate contains 2 states (1 unsafe) and 1/1 initial states; its stored root buckets retain every adversarial outcome and identify the outcomes in this certificate (local closure evidence, not a unique causal explanation).","{""initial_examples"": [{""enabled_action_buckets"": [{""action"": ""ablation.merge.transfers"", ""controllable"": true, ""outcomes"": 1, ""outcomes_in_certificate_region"": 1, ""unsafe_outcome_examples"": [{""pending"": [], ""physical"": [[""NEW"", ""booting""], [""NEW"", ""booting""], [""NEW"", ""booting""], [""NEW"", ""booting""], [""NEW"", ""booting""], [""NEW"", ""booting""], [""NEW"", ""booting""]], ""testers"": {""availability"": ""ERR_AVAILABILITY""}}], ""unsafe_outcomes"": 1, ""update"": true}, {""action"": ""serve_1"", ""controllable"": true, ""outcomes"": 1, ""outcomes_in_certificate_region"": 1, ""unsafe_outcome_examples"": [], ""unsafe_outcomes"": 0, ""update"": false}, {""action"": ""serve_2"", ""controllable"": true, ""outcomes"": 1, ""outcomes_in_certificate_region"": 1, ""unsafe_outcome_examples"": [], ""unsafe_outcomes"": 0, ""update"": false}, {""action"": ""serve_3"", ""controllable"": true, ""outcomes"": 1, ""outcomes_in_certificate_region"": 1, ""unsafe_outcome_examples"": [], ""unsafe_outcomes"": 0, ""update"": false}, {""action"": ""serve_4"", ""controllable"": true, ""outcomes"": 1, ""outcomes_in_certificate_region"": 1, ""unsafe_outcome_examples"": [], ""unsafe_outcomes"": 0, ""update"": false}, {""action"": ""serve_5"", ""controllable"": true, ""outcomes"": 1, ""outcomes_in_certificate_region"": 1, ""unsafe_outcome_examples"": [], ""unsafe_outcomes"": 0, ""update"": false}, {""action"": ""serve_6"", ""controllable"": true, ""outcomes"": 1, ""outcomes_in_certificate_region"": 1, ""unsafe_outcome_examples"": [], ""unsafe_outcomes"": 0, ""update"": false}, {""action"": ""serve_7"", ""controllable"": true, ""outcomes"": 1, ""outcomes_in_certificate_region"": 1, ""unsafe_outcome_examples"": [], ""unsafe_outcomes"": 0, ""update"": false}], ""pending"": [""ablation.merge.transfers""], ""physical"": [[""OLD"", ""ready""], [""OLD"", ""ready""], [""OLD"", ""ready""], [""OLD"", ""ready""], [""OLD"", ""ready""], [""OLD"", ""ready""], [""OLD"", ""ready""]], ""safe"": true, ""testers"": {""availability"": ""q7""}}], ""initial_examples_limit"": 3, ""initial_states"": 1, ""losing_initial_states"": 1, ""region_states"": 2, ""safe_region_states"": 1, ""scope"": ""checked discovered-state losing certificate; sampled local root closure evidence, not a unique whole-game causal explanation"", ""unsafe_region_states"": 1}",raw/series/n07_m01_all_lazy/certificate.json,raw/series/n07_m01_all_lazy/result.json
n07_m06_merged_lazy,"{""k"": 7, ""m"": 6, ""n"": 7}",transfers,lazy,2,"The checked discovered-state losing certificate contains 2 states (1 unsafe) and 1/1 initial states; its stored root buckets retain every adversarial outcome and identify the outcomes in this certificate (local closure evidence, not a unique causal explanation).","{""initial_examples"": [{""enabled_action_buckets"": [{""action"": ""ablation.merge.transfers"", ""controllable"": true, ""outcomes"": 1, ""outcomes_in_certificate_region"": 1, ""unsafe_outcome_examples"": [{""pending"": [], ""physical"": [[""NEW"", ""booting""], [""NEW"", ""booting""], [""NEW"", ""booting""], [""NEW"", ""booting""], [""NEW"", ""booting""], [""NEW"", ""booting""], [""NEW"", ""booting""]], ""testers"": {""availability"": ""ERR_AVAILABILITY""}}], ""unsafe_outcomes"": 1, ""update"": true}, {""action"": ""serve_1"", ""controllable"": true, ""outcomes"": 1, ""outcomes_in_certificate_region"": 1, ""unsafe_outcome_examples"": [], ""unsafe_outcomes"": 0, ""update"": false}, {""action"": ""serve_2"", ""controllable"": true, ""outcomes"": 1, ""outcomes_in_certificate_region"": 1, ""unsafe_outcome_examples"": [], ""unsafe_outcomes"": 0, ""update"": false}, {""action"": ""serve_3"", ""controllable"": true, ""outcomes"": 1, ""outcomes_in_certificate_region"": 1, ""unsafe_outcome_examples"": [], ""unsafe_outcomes"": 0, ""update"": false}, {""action"": ""serve_4"", ""controllable"": true, ""outcomes"": 1, ""outcomes_in_certificate_region"": 1, ""unsafe_outcome_examples"": [], ""unsafe_outcomes"": 0, ""update"": false}, {""action"": ""serve_5"", ""controllable"": true, ""outcomes"": 1, ""outcomes_in_certificate_region"": 1, ""unsafe_outcome_examples"": [], ""unsafe_outcomes"": 0, ""update"": false}, {""action"": ""serve_6"", ""controllable"": true, ""outcomes"": 1, ""outcomes_in_certificate_region"": 1, ""unsafe_outcome_examples"": [], ""unsafe_outcomes"": 0, ""update"": false}, {""action"": ""serve_7"", ""controllable"": true, ""outcomes"": 1, ""outcomes_in_certificate_region"": 1, ""unsafe_outcome_examples"": [], ""unsafe_outcomes"": 0, ""update"": false}], ""pending"": [""ablation.merge.transfers""], ""physical"": [[""OLD"", ""ready""], [""OLD"", ""ready""], [""OLD"", ""ready""], [""OLD"", ""ready""], [""OLD"", ""ready""], [""OLD"", ""ready""], [""OLD"", ""ready""]], ""safe"": true, ""testers"": {""availability"": ""q7""}}], ""initial_examples_limit"": 3, ""initial_states"": 1, ""losing_initial_states"": 1, ""region_states"": 2, ""safe_region_states"": 1, ""scope"": ""checked discovered-state losing certificate; sampled local root closure evidence, not a unique whole-game causal explanation"", ""unsafe_region_states"": 1}",raw/series/n07_m06_merged_lazy/certificate.json,raw/series/n07_m06_merged_lazy/result.json
n07_m06_all_lazy,"{""k"": 7, ""m"": 6, ""n"": 7}",none,lazy,2,"The checked discovered-state losing certificate contains 2 states (1 unsafe) and 1/1 initial states; its stored root buckets retain every adversarial outcome and identify the outcomes in this certificate (local closure evidence, not a unique causal explanation).","{""initial_examples"": [{""enabled_action_buckets"": [{""action"": ""ablation.merge.transfers"", ""controllable"": true, ""outcomes"": 1, ""outcomes_in_certificate_region"": 1, ""unsafe_outcome_examples"": [{""pending"": [], ""physical"": [[""NEW"", ""booting""], [""NEW"", ""booting""], [""NEW"", ""booting""], [""NEW"", ""booting""], [""NEW"", ""booting""], [""NEW"", ""booting""], [""NEW"", ""booting""]], ""testers"": {""availability"": ""ERR_AVAILABILITY""}}], ""unsafe_outcomes"": 1, ""update"": true}, {""action"": ""serve_1"", ""controllable"": true, ""outcomes"": 1, ""outcomes_in_certificate_region"": 1, ""unsafe_outcome_examples"": [], ""unsafe_outcomes"": 0, ""update"": false}, {""action"": ""serve_2"", ""controllable"": true, ""outcomes"": 1, ""outcomes_in_certificate_region"": 1, ""unsafe_outcome_examples"": [], ""unsafe_outcomes"": 0, ""update"": false}, {""action"": ""serve_3"", ""controllable"": true, ""outcomes"": 1, ""outcomes_in_certificate_region"": 1, ""unsafe_outcome_examples"": [], ""unsafe_outcomes"": 0, ""update"": false}, {""action"": ""serve_4"", ""controllable"": true, ""outcomes"": 1, ""outcomes_in_certificate_region"": 1, ""unsafe_outcome_examples"": [], ""unsafe_outcomes"": 0, ""update"": false}, {""action"": ""serve_5"", ""controllable"": true, ""outcomes"": 1, ""outcomes_in_certificate_region"": 1, ""unsafe_outcome_examples"": [], ""unsafe_outcomes"": 0, ""update"": false}, {""action"": ""serve_6"", ""controllable"": true, ""outcomes"": 1, ""outcomes_in_certificate_region"": 1, ""unsafe_outcome_examples"": [], ""unsafe_outcomes"": 0, ""update"": false}, {""action"": ""serve_7"", ""controllable"": true, ""outcomes"": 1, ""outcomes_in_certificate_region"": 1, ""unsafe_outcome_examples"": [], ""unsafe_outcomes"": 0, ""update"": false}], ""pending"": [""ablation.merge.transfers""], ""physical"": [[""OLD"", ""ready""], [""OLD"", ""ready""], [""OLD"", ""ready""], [""OLD"", ""ready""], [""OLD"", ""ready""], [""OLD"", ""ready""], [""OLD"", ""ready""]], ""safe"": true, ""testers"": {""availability"": ""q7""}}], ""initial_examples_limit"": 3, ""initial_states"": 1, ""losing_initial_states"": 1, ""region_states"": 2, ""safe_region_states"": 1, ""scope"": ""checked discovered-state losing certificate; sampled local root closure evidence, not a unique whole-game causal explanation"", ""unsafe_region_states"": 1}",raw/series/n07_m06_all_lazy/certificate.json,raw/series/n07_m06_all_lazy/result.json
n08_m01_merged_lazy,"{""k"": 8, ""m"": 1, ""n"": 8}",transfers,lazy,2,"The checked discovered-state losing certificate contains 2 states (1 unsafe) and 1/1 initial states; its stored root buckets retain every adversarial outcome and identify the outcomes in this certificate (local closure evidence, not a unique causal explanation).","{""initial_examples"": [{""enabled_action_buckets"": [{""action"": ""ablation.merge.transfers"", ""controllable"": true, ""outcomes"": 1, ""outcomes_in_certificate_region"": 1, ""unsafe_outcome_examples"": [{""pending"": [], ""physical"": [[""NEW"", ""booting""], [""NEW"", ""booting""], [""NEW"", ""booting""], [""NEW"", ""booting""], [""NEW"", ""booting""], [""NEW"", ""booting""], [""NEW"", ""booting""], [""NEW"", ""booting""]], ""testers"": {""availability"": ""ERR_AVAILABILITY""}}], ""unsafe_outcomes"": 1, ""update"": true}, {""action"": ""serve_1"", ""controllable"": true, ""outcomes"": 1, ""outcomes_in_certificate_region"": 1, ""unsafe_outcome_examples"": [], ""unsafe_outcomes"": 0, ""update"": false}, {""action"": ""serve_2"", ""controllable"": true, ""outcomes"": 1, ""outcomes_in_certificate_region"": 1, ""unsafe_outcome_examples"": [], ""unsafe_outcomes"": 0, ""update"": false}, {""action"": ""serve_3"", ""controllable"": true, ""outcomes"": 1, ""outcomes_in_certificate_region"": 1, ""unsafe_outcome_examples"": [], ""unsafe_outcomes"": 0, ""update"": false}, {""action"": ""serve_4"", ""controllable"": true, ""outcomes"": 1, ""outcomes_in_certificate_region"": 1, ""unsafe_outcome_examples"": [], ""unsafe_outcomes"": 0, ""update"": false}, {""action"": ""serve_5"", ""controllable"": true, ""outcomes"": 1, ""outcomes_in_certificate_region"": 1, ""unsafe_outcome_examples"": [], ""unsafe_outcomes"": 0, ""update"": false}, {""action"": ""serve_6"", ""controllable"": true, ""outcomes"": 1, ""outcomes_in_certificate_region"": 1, ""unsafe_outcome_examples"": [], ""unsafe_outcomes"": 0, ""update"": false}, {""action"": ""serve_7"", ""controllable"": true, ""outcomes"": 1, ""outcomes_in_certificate_region"": 1, ""unsafe_outcome_examples"": [], ""unsafe_outcomes"": 0, ""update"": false}, {""action"": ""serve_8"", ""controllable"": true, ""outcomes"": 1, ""outcomes_in_certificate_region"": 1, ""unsafe_outcome_examples"": [], ""unsafe_outcomes"": 0, ""update"": false}], ""pending"": [""ablation.merge.transfers""], ""physical"": [[""OLD"", ""ready""], [""OLD"", ""ready""], [""OLD"", ""ready""], [""OLD"", ""ready""], [""OLD"", ""ready""], [""OLD"", ""ready""], [""OLD"", ""ready""], [""OLD"", ""ready""]], ""safe"": true, ""testers"": {""availability"": ""q8""}}], ""initial_examples_limit"": 3, ""initial_states"": 1, ""losing_initial_states"": 1, ""region_states"": 2, ""safe_region_states"": 1, ""scope"": ""checked discovered-state losing certificate; sampled local root closure evidence, not a unique whole-game causal explanation"", ""unsafe_region_states"": 1}",raw/series/n08_m01_merged_lazy/certificate.json,raw/series/n08_m01_merged_lazy/result.json
n08_m01_all_lazy,"{""k"": 8, ""m"": 1, ""n"": 8}",none,lazy,2,"The checked discovered-state losing certificate contains 2 states (1 unsafe) and 1/1 initial states; its stored root buckets retain every adversarial outcome and identify the outcomes in this certificate (local closure evidence, not a unique causal explanation).","{""initial_examples"": [{""enabled_action_buckets"": [{""action"": ""ablation.merge.transfers"", ""controllable"": true, ""outcomes"": 1, ""outcomes_in_certificate_region"": 1, ""unsafe_outcome_examples"": [{""pending"": [], ""physical"": [[""NEW"", ""booting""], [""NEW"", ""booting""], [""NEW"", ""booting""], [""NEW"", ""booting""], [""NEW"", ""booting""], [""NEW"", ""booting""], [""NEW"", ""booting""], [""NEW"", ""booting""]], ""testers"": {""availability"": ""ERR_AVAILABILITY""}}], ""unsafe_outcomes"": 1, ""update"": true}, {""action"": ""serve_1"", ""controllable"": true, ""outcomes"": 1, ""outcomes_in_certificate_region"": 1, ""unsafe_outcome_examples"": [], ""unsafe_outcomes"": 0, ""update"": false}, {""action"": ""serve_2"", ""controllable"": true, ""outcomes"": 1, ""outcomes_in_certificate_region"": 1, ""unsafe_outcome_examples"": [], ""unsafe_outcomes"": 0, ""update"": false}, {""action"": ""serve_3"", ""controllable"": true, ""outcomes"": 1, ""outcomes_in_certificate_region"": 1, ""unsafe_outcome_examples"": [], ""unsafe_outcomes"": 0, ""update"": false}, {""action"": ""serve_4"", ""controllable"": true, ""outcomes"": 1, ""outcomes_in_certificate_region"": 1, ""unsafe_outcome_examples"": [], ""unsafe_outcomes"": 0, ""update"": false}, {""action"": ""serve_5"", ""controllable"": true, ""outcomes"": 1, ""outcomes_in_certificate_region"": 1, ""unsafe_outcome_examples"": [], ""unsafe_outcomes"": 0, ""update"": false}, {""action"": ""serve_6"", ""controllable"": true, ""outcomes"": 1, ""outcomes_in_certificate_region"": 1, ""unsafe_outcome_examples"": [], ""unsafe_outcomes"": 0, ""update"": false}, {""action"": ""serve_7"", ""controllable"": true, ""outcomes"": 1, ""outcomes_in_certificate_region"": 1, ""unsafe_outcome_examples"": [], ""unsafe_outcomes"": 0, ""update"": false}, {""action"": ""serve_8"", ""controllable"": true, ""outcomes"": 1, ""outcomes_in_certificate_region"": 1, ""unsafe_outcome_examples"": [], ""unsafe_outcomes"": 0, ""update"": false}], ""pending"": [""ablation.merge.transfers""], ""physical"": [[""OLD"", ""ready""], [""OLD"", ""ready""], [""OLD"", ""ready""], [""OLD"", ""ready""], [""OLD"", ""ready""], [""OLD"", ""ready""], [""OLD"", ""ready""], [""OLD"", ""ready""]], ""safe"": true, ""testers"": {""availability"": ""q8""}}], ""initial_examples_limit"": 3, ""initial_states"": 1, ""losing_initial_states"": 1, ""region_states"": 2, ""safe_region_states"": 1, ""scope"": ""checked discovered-state losing certificate; sampled local root closure evidence, not a unique whole-game causal explanation"", ""unsafe_region_states"": 1}",raw/series/n08_m01_all_lazy/certificate.json,raw/series/n08_m01_all_lazy/result.json
n08_m07_merged_lazy,"{""k"": 8, ""m"": 7, ""n"": 8}",transfers,lazy,2,"The checked discovered-state losing certificate contains 2 states (1 unsafe) and 1/1 initial states; its stored root buckets retain every adversarial outcome and identify the outcomes in this certificate (local closure evidence, not a unique causal explanation).","{""initial_examples"": [{""enabled_action_buckets"": [{""action"": ""ablation.merge.transfers"", ""controllable"": true, ""outcomes"": 1, ""outcomes_in_certificate_region"": 1, ""unsafe_outcome_examples"": [{""pending"": [], ""physical"": [[""NEW"", ""booting""], [""NEW"", ""booting""], [""NEW"", ""booting""], [""NEW"", ""booting""], [""NEW"", ""booting""], [""NEW"", ""booting""], [""NEW"", ""booting""], [""NEW"", ""booting""]], ""testers"": {""availability"": ""ERR_AVAILABILITY""}}], ""unsafe_outcomes"": 1, ""update"": true}, {""action"": ""serve_1"", ""controllable"": true, ""outcomes"": 1, ""outcomes_in_certificate_region"": 1, ""unsafe_outcome_examples"": [], ""unsafe_outcomes"": 0, ""update"": false}, {""action"": ""serve_2"", ""controllable"": true, ""outcomes"": 1, ""outcomes_in_certificate_region"": 1, ""unsafe_outcome_examples"": [], ""unsafe_outcomes"": 0, ""update"": false}, {""action"": ""serve_3"", ""controllable"": true, ""outcomes"": 1, ""outcomes_in_certificate_region"": 1, ""unsafe_outcome_examples"": [], ""unsafe_outcomes"": 0, ""update"": false}, {""action"": ""serve_4"", ""controllable"": true, ""outcomes"": 1, ""outcomes_in_certificate_region"": 1, ""unsafe_outcome_examples"": [], ""unsafe_outcomes"": 0, ""update"": false}, {""action"": ""serve_5"", ""controllable"": true, ""outcomes"": 1, ""outcomes_in_certificate_region"": 1, ""unsafe_outcome_examples"": [], ""unsafe_outcomes"": 0, ""update"": false}, {""action"": ""serve_6"", ""controllable"": true, ""outcomes"": 1, ""outcomes_in_certificate_region"": 1, ""unsafe_outcome_examples"": [], ""unsafe_outcomes"": 0, ""update"": false}, {""action"": ""serve_7"", ""controllable"": true, ""outcomes"": 1, ""outcomes_in_certificate_region"": 1, ""unsafe_outcome_examples"": [], ""unsafe_outcomes"": 0, ""update"": false}, {""action"": ""serve_8"", ""controllable"": true, ""outcomes"": 1, ""outcomes_in_certificate_region"": 1, ""unsafe_outcome_examples"": [], ""unsafe_outcomes"": 0, ""update"": false}], ""pending"": [""ablation.merge.transfers""], ""physical"": [[""OLD"", ""ready""], [""OLD"", ""ready""], [""OLD"", ""ready""], [""OLD"", ""ready""], [""OLD"", ""ready""], [""OLD"", ""ready""], [""OLD"", ""ready""], [""OLD"", ""ready""]], ""safe"": true, ""testers"": {""availability"": ""q8""}}], ""initial_examples_limit"": 3, ""initial_states"": 1, ""losing_initial_states"": 1, ""region_states"": 2, ""safe_region_states"": 1, ""scope"": ""checked discovered-state losing certificate; sampled local root closure evidence, not a unique whole-game causal explanation"", ""unsafe_region_states"": 1}",raw/series/n08_m07_merged_lazy/certificate.json,raw/series/n08_m07_merged_lazy/result.json
n08_m07_all_lazy,"{""k"": 8, ""m"": 7, ""n"": 8}",none,lazy,2,"The checked discovered-state losing certificate contains 2 states (1 unsafe) and 1/1 initial states; its stored root buckets retain every adversarial outcome and identify the outcomes in this certificate (local closure evidence, not a unique causal explanation).","{""initial_examples"": [{""enabled_action_buckets"": [{""action"": ""ablation.merge.transfers"", ""controllable"": true, ""outcomes"": 1, ""outcomes_in_certificate_region"": 1, ""unsafe_outcome_examples"": [{""pending"": [], ""physical"": [[""NEW"", ""booting""], [""NEW"", ""booting""], [""NEW"", ""booting""], [""NEW"", ""booting""], [""NEW"", ""booting""], [""NEW"", ""booting""], [""NEW"", ""booting""], [""NEW"", ""booting""]], ""testers"": {""availability"": ""ERR_AVAILABILITY""}}], ""unsafe_outcomes"": 1, ""update"": true}, {""action"": ""serve_1"", ""controllable"": true, ""outcomes"": 1, ""outcomes_in_certificate_region"": 1, ""unsafe_outcome_examples"": [], ""unsafe_outcomes"": 0, ""update"": false}, {""action"": ""serve_2"", ""controllable"": true, ""outcomes"": 1, ""outcomes_in_certificate_region"": 1, ""unsafe_outcome_examples"": [], ""unsafe_outcomes"": 0, ""update"": false}, {""action"": ""serve_3"", ""controllable"": true, ""outcomes"": 1, ""outcomes_in_certificate_region"": 1, ""unsafe_outcome_examples"": [], ""unsafe_outcomes"": 0, ""update"": false}, {""action"": ""serve_4"", ""controllable"": true, ""outcomes"": 1, ""outcomes_in_certificate_region"": 1, ""unsafe_outcome_examples"": [], ""unsafe_outcomes"": 0, ""update"": false}, {""action"": ""serve_5"", ""controllable"": true, ""outcomes"": 1, ""outcomes_in_certificate_region"": 1, ""unsafe_outcome_examples"": [], ""unsafe_outcomes"": 0, ""update"": false}, {""action"": ""serve_6"", ""controllable"": true, ""outcomes"": 1, ""outcomes_in_certificate_region"": 1, ""unsafe_outcome_examples"": [], ""unsafe_outcomes"": 0, ""update"": false}, {""action"": ""serve_7"", ""controllable"": true, ""outcomes"": 1, ""outcomes_in_certificate_region"": 1, ""unsafe_outcome_examples"": [], ""unsafe_outcomes"": 0, ""update"": false}, {""action"": ""serve_8"", ""controllable"": true, ""outcomes"": 1, ""outcomes_in_certificate_region"": 1, ""unsafe_outcome_examples"": [], ""unsafe_outcomes"": 0, ""update"": false}], ""pending"": [""ablation.merge.transfers""], ""physical"": [[""OLD"", ""ready""], [""OLD"", ""ready""], [""OLD"", ""ready""], [""OLD"", ""ready""], [""OLD"", ""ready""], [""OLD"", ""ready""], [""OLD"", ""ready""], [""OLD"", ""ready""]], ""safe"": true, ""testers"": {""availability"": ""q8""}}], ""initial_examples_limit"": 3, ""initial_states"": 1, ""losing_initial_states"": 1, ""region_states"": 2, ""safe_region_states"": 1, ""scope"": ""checked discovered-state losing certificate; sampled local root closure evidence, not a unique whole-game causal explanation"", ""unsafe_region_states"": 1}",raw/series/n08_m07_all_lazy/certificate.json,raw/series/n08_m07_all_lazy/result.json
n09_m01_merged_lazy,"{""k"": 9, ""m"": 1, ""n"": 9}",transfers,lazy,2,"The checked discovered-state losing certificate contains 2 states (1 unsafe) and 1/1 initial states; its stored root buckets retain every adversarial outcome and identify the outcomes in this certificate (local closure evidence, not a unique causal explanation).","{""initial_examples"": [{""enabled_action_buckets"": [{""action"": ""ablation.merge.transfers"", ""controllable"": true, ""outcomes"": 1, ""outcomes_in_certificate_region"": 1, ""unsafe_outcome_examples"": [{""pending"": [], ""physical"": [[""NEW"", ""booting""], [""NEW"", ""booting""], [""NEW"", ""booting""], [""NEW"", ""booting""], [""NEW"", ""booting""], [""NEW"", ""booting""], [""NEW"", ""booting""], [""NEW"", ""booting""], [""NEW"", ""booting""]], ""testers"": {""availability"": ""ERR_AVAILABILITY""}}], ""unsafe_outcomes"": 1, ""update"": true}, {""action"": ""serve_1"", ""controllable"": true, ""outcomes"": 1, ""outcomes_in_certificate_region"": 1, ""unsafe_outcome_examples"": [], ""unsafe_outcomes"": 0, ""update"": false}, {""action"": ""serve_2"", ""controllable"": true, ""outcomes"": 1, ""outcomes_in_certificate_region"": 1, ""unsafe_outcome_examples"": [], ""unsafe_outcomes"": 0, ""update"": false}, {""action"": ""serve_3"", ""controllable"": true, ""outcomes"": 1, ""outcomes_in_certificate_region"": 1, ""unsafe_outcome_examples"": [], ""unsafe_outcomes"": 0, ""update"": false}, {""action"": ""serve_4"", ""controllable"": true, ""outcomes"": 1, ""outcomes_in_certificate_region"": 1, ""unsafe_outcome_examples"": [], ""unsafe_outcomes"": 0, ""update"": false}, {""action"": ""serve_5"", ""controllable"": true, ""outcomes"": 1, ""outcomes_in_certificate_region"": 1, ""unsafe_outcome_examples"": [], ""unsafe_outcomes"": 0, ""update"": false}, {""action"": ""serve_6"", ""controllable"": true, ""outcomes"": 1, ""outcomes_in_certificate_region"": 1, ""unsafe_outcome_examples"": [], ""unsafe_outcomes"": 0, ""update"": false}, {""action"": ""serve_7"", ""controllable"": true, ""outcomes"": 1, ""outcomes_in_certificate_region"": 1, ""unsafe_outcome_examples"": [], ""unsafe_outcomes"": 0, ""update"": false}, {""action"": ""serve_8"", ""controllable"": true, ""outcomes"": 1, ""outcomes_in_certificate_region"": 1, ""unsafe_outcome_examples"": [], ""unsafe_outcomes"": 0, ""update"": false}, {""action"": ""serve_9"", ""controllable"": true, ""outcomes"": 1, ""outcomes_in_certificate_region"": 1, ""unsafe_outcome_examples"": [], ""unsafe_outcomes"": 0, ""update"": false}], ""pending"": [""ablation.merge.transfers""], ""physical"": [[""OLD"", ""ready""], [""OLD"", ""ready""], [""OLD"", ""ready""], [""OLD"", ""ready""], [""OLD"", ""ready""], [""OLD"", ""ready""], [""OLD"", ""ready""], [""OLD"", ""ready""], [""OLD"", ""ready""]], ""safe"": true, ""testers"": {""availability"": ""q9""}}], ""initial_examples_limit"": 3, ""initial_states"": 1, ""losing_initial_states"": 1, ""region_states"": 2, ""safe_region_states"": 1, ""scope"": ""checked discovered-state losing certificate; sampled local root closure evidence, not a unique whole-game causal explanation"", ""unsafe_region_states"": 1}",raw/series/n09_m01_merged_lazy/certificate.json,raw/series/n09_m01_merged_lazy/result.json
n09_m01_all_lazy,"{""k"": 9, ""m"": 1, ""n"": 9}",none,lazy,2,"The checked discovered-state losing certificate contains 2 states (1 unsafe) and 1/1 initial states; its stored root buckets retain every adversarial outcome and identify the outcomes in this certificate (local closure evidence, not a unique causal explanation).","{""initial_examples"": [{""enabled_action_buckets"": [{""action"": ""ablation.merge.transfers"", ""controllable"": true, ""outcomes"": 1, ""outcomes_in_certificate_region"": 1, ""unsafe_outcome_examples"": [{""pending"": [], ""physical"": [[""NEW"", ""booting""], [""NEW"", ""booting""], [""NEW"", ""booting""], [""NEW"", ""booting""], [""NEW"", ""booting""], [""NEW"", ""booting""], [""NEW"", ""booting""], [""NEW"", ""booting""], [""NEW"", ""booting""]], ""testers"": {""availability"": ""ERR_AVAILABILITY""}}], ""unsafe_outcomes"": 1, ""update"": true}, {""action"": ""serve_1"", ""controllable"": true, ""outcomes"": 1, ""outcomes_in_certificate_region"": 1, ""unsafe_outcome_examples"": [], ""unsafe_outcomes"": 0, ""update"": false}, {""action"": ""serve_2"", ""controllable"": true, ""outcomes"": 1, ""outcomes_in_certificate_region"": 1, ""unsafe_outcome_examples"": [], ""unsafe_outcomes"": 0, ""update"": false}, {""action"": ""serve_3"", ""controllable"": true, ""outcomes"": 1, ""outcomes_in_certificate_region"": 1, ""unsafe_outcome_examples"": [], ""unsafe_outcomes"": 0, ""update"": false}, {""action"": ""serve_4"", ""controllable"": true, ""outcomes"": 1, ""outcomes_in_certificate_region"": 1, ""unsafe_outcome_examples"": [], ""unsafe_outcomes"": 0, ""update"": false}, {""action"": ""serve_5"", ""controllable"": true, ""outcomes"": 1, ""outcomes_in_certificate_region"": 1, ""unsafe_outcome_examples"": [], ""unsafe_outcomes"": 0, ""update"": false}, {""action"": ""serve_6"", ""controllable"": true, ""outcomes"": 1, ""outcomes_in_certificate_region"": 1, ""unsafe_outcome_examples"": [], ""unsafe_outcomes"": 0, ""update"": false}, {""action"": ""serve_7"", ""controllable"": true, ""outcomes"": 1, ""outcomes_in_certificate_region"": 1, ""unsafe_outcome_examples"": [], ""unsafe_outcomes"": 0, ""update"": false}, {""action"": ""serve_8"", ""controllable"": true, ""outcomes"": 1, ""outcomes_in_certificate_region"": 1, ""unsafe_outcome_examples"": [], ""unsafe_outcomes"": 0, ""update"": false}, {""action"": ""serve_9"", ""controllable"": true, ""outcomes"": 1, ""outcomes_in_certificate_region"": 1, ""unsafe_outcome_examples"": [], ""unsafe_outcomes"": 0, ""update"": false}], ""pending"": [""ablation.merge.transfers""], ""physical"": [[""OLD"", ""ready""], [""OLD"", ""ready""], [""OLD"", ""ready""], [""OLD"", ""ready""], [""OLD"", ""ready""], [""OLD"", ""ready""], [""OLD"", ""ready""], [""OLD"", ""ready""], [""OLD"", ""ready""]], ""safe"": true, ""testers"": {""availability"": ""q9""}}], ""initial_examples_limit"": 3, ""initial_states"": 1, ""losing_initial_states"": 1, ""region_states"": 2, ""safe_region_states"": 1, ""scope"": ""checked discovered-state losing certificate; sampled local root closure evidence, not a unique whole-game causal explanation"", ""unsafe_region_states"": 1}",raw/series/n09_m01_all_lazy/certificate.json,raw/series/n09_m01_all_lazy/result.json
n09_m08_merged_lazy,"{""k"": 9, ""m"": 8, ""n"": 9}",transfers,lazy,2,"The checked discovered-state losing certificate contains 2 states (1 unsafe) and 1/1 initial states; its stored root buckets retain every adversarial outcome and identify the outcomes in this certificate (local closure evidence, not a unique causal explanation).","{""initial_examples"": [{""enabled_action_buckets"": [{""action"": ""ablation.merge.transfers"", ""controllable"": true, ""outcomes"": 1, ""outcomes_in_certificate_region"": 1, ""unsafe_outcome_examples"": [{""pending"": [], ""physical"": [[""NEW"", ""booting""], [""NEW"", ""booting""], [""NEW"", ""booting""], [""NEW"", ""booting""], [""NEW"", ""booting""], [""NEW"", ""booting""], [""NEW"", ""booting""], [""NEW"", ""booting""], [""NEW"", ""booting""]], ""testers"": {""availability"": ""ERR_AVAILABILITY""}}], ""unsafe_outcomes"": 1, ""update"": true}, {""action"": ""serve_1"", ""controllable"": true, ""outcomes"": 1, ""outcomes_in_certificate_region"": 1, ""unsafe_outcome_examples"": [], ""unsafe_outcomes"": 0, ""update"": false}, {""action"": ""serve_2"", ""controllable"": true, ""outcomes"": 1, ""outcomes_in_certificate_region"": 1, ""unsafe_outcome_examples"": [], ""unsafe_outcomes"": 0, ""update"": false}, {""action"": ""serve_3"", ""controllable"": true, ""outcomes"": 1, ""outcomes_in_certificate_region"": 1, ""unsafe_outcome_examples"": [], ""unsafe_outcomes"": 0, ""update"": false}, {""action"": ""serve_4"", ""controllable"": true, ""outcomes"": 1, ""outcomes_in_certificate_region"": 1, ""unsafe_outcome_examples"": [], ""unsafe_outcomes"": 0, ""update"": false}, {""action"": ""serve_5"", ""controllable"": true, ""outcomes"": 1, ""outcomes_in_certificate_region"": 1, ""unsafe_outcome_examples"": [], ""unsafe_outcomes"": 0, ""update"": false}, {""action"": ""serve_6"", ""controllable"": true, ""outcomes"": 1, ""outcomes_in_certificate_region"": 1, ""unsafe_outcome_examples"": [], ""unsafe_outcomes"": 0, ""update"": false}, {""action"": ""serve_7"", ""controllable"": true, ""outcomes"": 1, ""outcomes_in_certificate_region"": 1, ""unsafe_outcome_examples"": [], ""unsafe_outcomes"": 0, ""update"": false}, {""action"": ""serve_8"", ""controllable"": true, ""outcomes"": 1, ""outcomes_in_certificate_region"": 1, ""unsafe_outcome_examples"": [], ""unsafe_outcomes"": 0, ""update"": false}, {""action"": ""serve_9"", ""controllable"": true, ""outcomes"": 1, ""outcomes_in_certificate_region"": 1, ""unsafe_outcome_examples"": [], ""unsafe_outcomes"": 0, ""update"": false}], ""pending"": [""ablation.merge.transfers""], ""physical"": [[""OLD"", ""ready""], [""OLD"", ""ready""], [""OLD"", ""ready""], [""OLD"", ""ready""], [""OLD"", ""ready""], [""OLD"", ""ready""], [""OLD"", ""ready""], [""OLD"", ""ready""], [""OLD"", ""ready""]], ""safe"": true, ""testers"": {""availability"": ""q9""}}], ""initial_examples_limit"": 3, ""initial_states"": 1, ""losing_initial_states"": 1, ""region_states"": 2, ""safe_region_states"": 1, ""scope"": ""checked discovered-state losing certificate; sampled local root closure evidence, not a unique whole-game causal explanation"", ""unsafe_region_states"": 1}",raw/series/n09_m08_merged_lazy/certificate.json,raw/series/n09_m08_merged_lazy/result.json
n09_m08_all_lazy,"{""k"": 9, ""m"": 8, ""n"": 9}",none,lazy,2,"The checked discovered-state losing certificate contains 2 states (1 unsafe) and 1/1 initial states; its stored root buckets retain every adversarial outcome and identify the outcomes in this certificate (local closure evidence, not a unique causal explanation).","{""initial_examples"": [{""enabled_action_buckets"": [{""action"": ""ablation.merge.transfers"", ""controllable"": true, ""outcomes"": 1, ""outcomes_in_certificate_region"": 1, ""unsafe_outcome_examples"": [{""pending"": [], ""physical"": [[""NEW"", ""booting""], [""NEW"", ""booting""], [""NEW"", ""booting""], [""NEW"", ""booting""], [""NEW"", ""booting""], [""NEW"", ""booting""], [""NEW"", ""booting""], [""NEW"", ""booting""], [""NEW"", ""booting""]], ""testers"": {""availability"": ""ERR_AVAILABILITY""}}], ""unsafe_outcomes"": 1, ""update"": true}, {""action"": ""serve_1"", ""controllable"": true, ""outcomes"": 1, ""outcomes_in_certificate_region"": 1, ""unsafe_outcome_examples"": [], ""unsafe_outcomes"": 0, ""update"": false}, {""action"": ""serve_2"", ""controllable"": true, ""outcomes"": 1, ""outcomes_in_certificate_region"": 1, ""unsafe_outcome_examples"": [], ""unsafe_outcomes"": 0, ""update"": false}, {""action"": ""serve_3"", ""controllable"": true, ""outcomes"": 1, ""outcomes_in_certificate_region"": 1, ""unsafe_outcome_examples"": [], ""unsafe_outcomes"": 0, ""update"": false}, {""action"": ""serve_4"", ""controllable"": true, ""outcomes"": 1, ""outcomes_in_certificate_region"": 1, ""unsafe_outcome_examples"": [], ""unsafe_outcomes"": 0, ""update"": false}, {""action"": ""serve_5"", ""controllable"": true, ""outcomes"": 1, ""outcomes_in_certificate_region"": 1, ""unsafe_outcome_examples"": [], ""unsafe_outcomes"": 0, ""update"": false}, {""action"": ""serve_6"", ""controllable"": true, ""outcomes"": 1, ""outcomes_in_certificate_region"": 1, ""unsafe_outcome_examples"": [], ""unsafe_outcomes"": 0, ""update"": false}, {""action"": ""serve_7"", ""controllable"": true, ""outcomes"": 1, ""outcomes_in_certificate_region"": 1, ""unsafe_outcome_examples"": [], ""unsafe_outcomes"": 0, ""update"": false}, {""action"": ""serve_8"", ""controllable"": true, ""outcomes"": 1, ""outcomes_in_certificate_region"": 1, ""unsafe_outcome_examples"": [], ""unsafe_outcomes"": 0, ""update"": false}, {""action"": ""serve_9"", ""controllable"": true, ""outcomes"": 1, ""outcomes_in_certificate_region"": 1, ""unsafe_outcome_examples"": [], ""unsafe_outcomes"": 0, ""update"": false}], ""pending"": [""ablation.merge.transfers""], ""physical"": [[""OLD"", ""ready""], [""OLD"", ""ready""], [""OLD"", ""ready""], [""OLD"", ""ready""], [""OLD"", ""ready""], [""OLD"", ""ready""], [""OLD"", ""ready""], [""OLD"", ""ready""], [""OLD"", ""ready""]], ""safe"": true, ""testers"": {""availability"": ""q9""}}], ""initial_examples_limit"": 3, ""initial_states"": 1, ""losing_initial_states"": 1, ""region_states"": 2, ""safe_region_states"": 1, ""scope"": ""checked discovered-state losing certificate; sampled local root closure evidence, not a unique whole-game causal explanation"", ""unsafe_region_states"": 1}",raw/series/n09_m08_all_lazy/certificate.json,raw/series/n09_m08_all_lazy/result.json
n10_m01_merged_lazy,"{""k"": 10, ""m"": 1, ""n"": 10}",transfers,lazy,2,"The checked discovered-state losing certificate contains 2 states (1 unsafe) and 1/1 initial states; its stored root buckets retain every adversarial outcome and identify the outcomes in this certificate (local closure evidence, not a unique causal explanation).","{""initial_examples"": [{""enabled_action_buckets"": [{""action"": ""ablation.merge.transfers"", ""controllable"": true, ""outcomes"": 1, ""outcomes_in_certificate_region"": 1, ""unsafe_outcome_examples"": [{""pending"": [], ""physical"": [[""NEW"", ""booting""], [""NEW"", ""booting""], [""NEW"", ""booting""], [""NEW"", ""booting""], [""NEW"", ""booting""], [""NEW"", ""booting""], [""NEW"", ""booting""], [""NEW"", ""booting""], [""NEW"", ""booting""], [""NEW"", ""booting""]], ""testers"": {""availability"": ""ERR_AVAILABILITY""}}], ""unsafe_outcomes"": 1, ""update"": true}, {""action"": ""serve_1"", ""controllable"": true, ""outcomes"": 1, ""outcomes_in_certificate_region"": 1, ""unsafe_outcome_examples"": [], ""unsafe_outcomes"": 0, ""update"": false}, {""action"": ""serve_10"", ""controllable"": true, ""outcomes"": 1, ""outcomes_in_certificate_region"": 1, ""unsafe_outcome_examples"": [], ""unsafe_outcomes"": 0, ""update"": false}, {""action"": ""serve_2"", ""controllable"": true, ""outcomes"": 1, ""outcomes_in_certificate_region"": 1, ""unsafe_outcome_examples"": [], ""unsafe_outcomes"": 0, ""update"": false}, {""action"": ""serve_3"", ""controllable"": true, ""outcomes"": 1, ""outcomes_in_certificate_region"": 1, ""unsafe_outcome_examples"": [], ""unsafe_outcomes"": 0, ""update"": false}, {""action"": ""serve_4"", ""controllable"": true, ""outcomes"": 1, ""outcomes_in_certificate_region"": 1, ""unsafe_outcome_examples"": [], ""unsafe_outcomes"": 0, ""update"": false}, {""action"": ""serve_5"", ""controllable"": true, ""outcomes"": 1, ""outcomes_in_certificate_region"": 1, ""unsafe_outcome_examples"": [], ""unsafe_outcomes"": 0, ""update"": false}, {""action"": ""serve_6"", ""controllable"": true, ""outcomes"": 1, ""outcomes_in_certificate_region"": 1, ""unsafe_outcome_examples"": [], ""unsafe_outcomes"": 0, ""update"": false}, {""action"": ""serve_7"", ""controllable"": true, ""outcomes"": 1, ""outcomes_in_certificate_region"": 1, ""unsafe_outcome_examples"": [], ""unsafe_outcomes"": 0, ""update"": false}, {""action"": ""serve_8"", ""controllable"": true, ""outcomes"": 1, ""outcomes_in_certificate_region"": 1, ""unsafe_outcome_examples"": [], ""unsafe_outcomes"": 0, ""update"": false}, {""action"": ""serve_9"", ""controllable"": true, ""outcomes"": 1, ""outcomes_in_certificate_region"": 1, ""unsafe_outcome_examples"": [], ""unsafe_outcomes"": 0, ""update"": false}], ""pending"": [""ablation.merge.transfers""], ""physical"": [[""OLD"", ""ready""], [""OLD"", ""ready""], [""OLD"", ""ready""], [""OLD"", ""ready""], [""OLD"", ""ready""], [""OLD"", ""ready""], [""OLD"", ""ready""], [""OLD"", ""ready""], [""OLD"", ""ready""], [""OLD"", ""ready""]], ""safe"": true, ""testers"": {""availability"": ""q10""}}], ""initial_examples_limit"": 3, ""initial_states"": 1, ""losing_initial_states"": 1, ""region_states"": 2, ""safe_region_states"": 1, ""scope"": ""checked discovered-state losing certificate; sampled local root closure evidence, not a unique whole-game causal explanation"", ""unsafe_region_states"": 1}",raw/series/n10_m01_merged_lazy/certificate.json,raw/series/n10_m01_merged_lazy/result.json
n10_m01_all_lazy,"{""k"": 10, ""m"": 1, ""n"": 10}",none,lazy,2,"The checked discovered-state losing certificate contains 2 states (1 unsafe) and 1/1 initial states; its stored root buckets retain every adversarial outcome and identify the outcomes in this certificate (local closure evidence, not a unique causal explanation).","{""initial_examples"": [{""enabled_action_buckets"": [{""action"": ""ablation.merge.transfers"", ""controllable"": true, ""outcomes"": 1, ""outcomes_in_certificate_region"": 1, ""unsafe_outcome_examples"": [{""pending"": [], ""physical"": [[""NEW"", ""booting""], [""NEW"", ""booting""], [""NEW"", ""booting""], [""NEW"", ""booting""], [""NEW"", ""booting""], [""NEW"", ""booting""], [""NEW"", ""booting""], [""NEW"", ""booting""], [""NEW"", ""booting""], [""NEW"", ""booting""]], ""testers"": {""availability"": ""ERR_AVAILABILITY""}}], ""unsafe_outcomes"": 1, ""update"": true}, {""action"": ""serve_1"", ""controllable"": true, ""outcomes"": 1, ""outcomes_in_certificate_region"": 1, ""unsafe_outcome_examples"": [], ""unsafe_outcomes"": 0, ""update"": false}, {""action"": ""serve_10"", ""controllable"": true, ""outcomes"": 1, ""outcomes_in_certificate_region"": 1, ""unsafe_outcome_examples"": [], ""unsafe_outcomes"": 0, ""update"": false}, {""action"": ""serve_2"", ""controllable"": true, ""outcomes"": 1, ""outcomes_in_certificate_region"": 1, ""unsafe_outcome_examples"": [], ""unsafe_outcomes"": 0, ""update"": false}, {""action"": ""serve_3"", ""controllable"": true, ""outcomes"": 1, ""outcomes_in_certificate_region"": 1, ""unsafe_outcome_examples"": [], ""unsafe_outcomes"": 0, ""update"": false}, {""action"": ""serve_4"", ""controllable"": true, ""outcomes"": 1, ""outcomes_in_certificate_region"": 1, ""unsafe_outcome_examples"": [], ""unsafe_outcomes"": 0, ""update"": false}, {""action"": ""serve_5"", ""controllable"": true, ""outcomes"": 1, ""outcomes_in_certificate_region"": 1, ""unsafe_outcome_examples"": [], ""unsafe_outcomes"": 0, ""update"": false}, {""action"": ""serve_6"", ""controllable"": true, ""outcomes"": 1, ""outcomes_in_certificate_region"": 1, ""unsafe_outcome_examples"": [], ""unsafe_outcomes"": 0, ""update"": false}, {""action"": ""serve_7"", ""controllable"": true, ""outcomes"": 1, ""outcomes_in_certificate_region"": 1, ""unsafe_outcome_examples"": [], ""unsafe_outcomes"": 0, ""update"": false}, {""action"": ""serve_8"", ""controllable"": true, ""outcomes"": 1, ""outcomes_in_certificate_region"": 1, ""unsafe_outcome_examples"": [], ""unsafe_outcomes"": 0, ""update"": false}, {""action"": ""serve_9"", ""controllable"": true, ""outcomes"": 1, ""outcomes_in_certificate_region"": 1, ""unsafe_outcome_examples"": [], ""unsafe_outcomes"": 0, ""update"": false}], ""pending"": [""ablation.merge.transfers""], ""physical"": [[""OLD"", ""ready""], [""OLD"", ""ready""], [""OLD"", ""ready""], [""OLD"", ""ready""], [""OLD"", ""ready""], [""OLD"", ""ready""], [""OLD"", ""ready""], [""OLD"", ""ready""], [""OLD"", ""ready""], [""OLD"", ""ready""]], ""safe"": true, ""testers"": {""availability"": ""q10""}}], ""initial_examples_limit"": 3, ""initial_states"": 1, ""losing_initial_states"": 1, ""region_states"": 2, ""safe_region_states"": 1, ""scope"": ""checked discovered-state losing certificate; sampled local root closure evidence, not a unique whole-game causal explanation"", ""unsafe_region_states"": 1}",raw/series/n10_m01_all_lazy/certificate.json,raw/series/n10_m01_all_lazy/result.json
n10_m09_merged_lazy,"{""k"": 10, ""m"": 9, ""n"": 10}",transfers,lazy,2,"The checked discovered-state losing certificate contains 2 states (1 unsafe) and 1/1 initial states; its stored root buckets retain every adversarial outcome and identify the outcomes in this certificate (local closure evidence, not a unique causal explanation).","{""initial_examples"": [{""enabled_action_buckets"": [{""action"": ""ablation.merge.transfers"", ""controllable"": true, ""outcomes"": 1, ""outcomes_in_certificate_region"": 1, ""unsafe_outcome_examples"": [{""pending"": [], ""physical"": [[""NEW"", ""booting""], [""NEW"", ""booting""], [""NEW"", ""booting""], [""NEW"", ""booting""], [""NEW"", ""booting""], [""NEW"", ""booting""], [""NEW"", ""booting""], [""NEW"", ""booting""], [""NEW"", ""booting""], [""NEW"", ""booting""]], ""testers"": {""availability"": ""ERR_AVAILABILITY""}}], ""unsafe_outcomes"": 1, ""update"": true}, {""action"": ""serve_1"", ""controllable"": true, ""outcomes"": 1, ""outcomes_in_certificate_region"": 1, ""unsafe_outcome_examples"": [], ""unsafe_outcomes"": 0, ""update"": false}, {""action"": ""serve_10"", ""controllable"": true, ""outcomes"": 1, ""outcomes_in_certificate_region"": 1, ""unsafe_outcome_examples"": [], ""unsafe_outcomes"": 0, ""update"": false}, {""action"": ""serve_2"", ""controllable"": true, ""outcomes"": 1, ""outcomes_in_certificate_region"": 1, ""unsafe_outcome_examples"": [], ""unsafe_outcomes"": 0, ""update"": false}, {""action"": ""serve_3"", ""controllable"": true, ""outcomes"": 1, ""outcomes_in_certificate_region"": 1, ""unsafe_outcome_examples"": [], ""unsafe_outcomes"": 0, ""update"": false}, {""action"": ""serve_4"", ""controllable"": true, ""outcomes"": 1, ""outcomes_in_certificate_region"": 1, ""unsafe_outcome_examples"": [], ""unsafe_outcomes"": 0, ""update"": false}, {""action"": ""serve_5"", ""controllable"": true, ""outcomes"": 1, ""outcomes_in_certificate_region"": 1, ""unsafe_outcome_examples"": [], ""unsafe_outcomes"": 0, ""update"": false}, {""action"": ""serve_6"", ""controllable"": true, ""outcomes"": 1, ""outcomes_in_certificate_region"": 1, ""unsafe_outcome_examples"": [], ""unsafe_outcomes"": 0, ""update"": false}, {""action"": ""serve_7"", ""controllable"": true, ""outcomes"": 1, ""outcomes_in_certificate_region"": 1, ""unsafe_outcome_examples"": [], ""unsafe_outcomes"": 0, ""update"": false}, {""action"": ""serve_8"", ""controllable"": true, ""outcomes"": 1, ""outcomes_in_certificate_region"": 1, ""unsafe_outcome_examples"": [], ""unsafe_outcomes"": 0, ""update"": false}, {""action"": ""serve_9"", ""controllable"": true, ""outcomes"": 1, ""outcomes_in_certificate_region"": 1, ""unsafe_outcome_examples"": [], ""unsafe_outcomes"": 0, ""update"": false}], ""pending"": [""ablation.merge.transfers""], ""physical"": [[""OLD"", ""ready""], [""OLD"", ""ready""], [""OLD"", ""ready""], [""OLD"", ""ready""], [""OLD"", ""ready""], [""OLD"", ""ready""], [""OLD"", ""ready""], [""OLD"", ""ready""], [""OLD"", ""ready""], [""OLD"", ""ready""]], ""safe"": true, ""testers"": {""availability"": ""q10""}}], ""initial_examples_limit"": 3, ""initial_states"": 1, ""losing_initial_states"": 1, ""region_states"": 2, ""safe_region_states"": 1, ""scope"": ""checked discovered-state losing certificate; sampled local root closure evidence, not a unique whole-game causal explanation"", ""unsafe_region_states"": 1}",raw/series/n10_m09_merged_lazy/certificate.json,raw/series/n10_m09_merged_lazy/result.json
n10_m09_all_lazy,"{""k"": 10, ""m"": 9, ""n"": 10}",none,lazy,2,"The checked discovered-state losing certificate contains 2 states (1 unsafe) and 1/1 initial states; its stored root buckets retain every adversarial outcome and identify the outcomes in this certificate (local closure evidence, not a unique causal explanation).","{""initial_examples"": [{""enabled_action_buckets"": [{""action"": ""ablation.merge.transfers"", ""controllable"": true, ""outcomes"": 1, ""outcomes_in_certificate_region"": 1, ""unsafe_outcome_examples"": [{""pending"": [], ""physical"": [[""NEW"", ""booting""], [""NEW"", ""booting""], [""NEW"", ""booting""], [""NEW"", ""booting""], [""NEW"", ""booting""], [""NEW"", ""booting""], [""NEW"", ""booting""], [""NEW"", ""booting""], [""NEW"", ""booting""], [""NEW"", ""booting""]], ""testers"": {""availability"": ""ERR_AVAILABILITY""}}], ""unsafe_outcomes"": 1, ""update"": true}, {""action"": ""serve_1"", ""controllable"": true, ""outcomes"": 1, ""outcomes_in_certificate_region"": 1, ""unsafe_outcome_examples"": [], ""unsafe_outcomes"": 0, ""update"": false}, {""action"": ""serve_10"", ""controllable"": true, ""outcomes"": 1, ""outcomes_in_certificate_region"": 1, ""unsafe_outcome_examples"": [], ""unsafe_outcomes"": 0, ""update"": false}, {""action"": ""serve_2"", ""controllable"": true, ""outcomes"": 1, ""outcomes_in_certificate_region"": 1, ""unsafe_outcome_examples"": [], ""unsafe_outcomes"": 0, ""update"": false}, {""action"": ""serve_3"", ""controllable"": true, ""outcomes"": 1, ""outcomes_in_certificate_region"": 1, ""unsafe_outcome_examples"": [], ""unsafe_outcomes"": 0, ""update"": false}, {""action"": ""serve_4"", ""controllable"": true, ""outcomes"": 1, ""outcomes_in_certificate_region"": 1, ""unsafe_outcome_examples"": [], ""unsafe_outcomes"": 0, ""update"": false}, {""action"": ""serve_5"", ""controllable"": true, ""outcomes"": 1, ""outcomes_in_certificate_region"": 1, ""unsafe_outcome_examples"": [], ""unsafe_outcomes"": 0, ""update"": false}, {""action"": ""serve_6"", ""controllable"": true, ""outcomes"": 1, ""outcomes_in_certificate_region"": 1, ""unsafe_outcome_examples"": [], ""unsafe_outcomes"": 0, ""update"": false}, {""action"": ""serve_7"", ""controllable"": true, ""outcomes"": 1, ""outcomes_in_certificate_region"": 1, ""unsafe_outcome_examples"": [], ""unsafe_outcomes"": 0, ""update"": false}, {""action"": ""serve_8"", ""controllable"": true, ""outcomes"": 1, ""outcomes_in_certificate_region"": 1, ""unsafe_outcome_examples"": [], ""unsafe_outcomes"": 0, ""update"": false}, {""action"": ""serve_9"", ""controllable"": true, ""outcomes"": 1, ""outcomes_in_certificate_region"": 1, ""unsafe_outcome_examples"": [], ""unsafe_outcomes"": 0, ""update"": false}], ""pending"": [""ablation.merge.transfers""], ""physical"": [[""OLD"", ""ready""], [""OLD"", ""ready""], [""OLD"", ""ready""], [""OLD"", ""ready""], [""OLD"", ""ready""], [""OLD"", ""ready""], [""OLD"", ""ready""], [""OLD"", ""ready""], [""OLD"", ""ready""], [""OLD"", ""ready""]], ""safe"": true, ""testers"": {""availability"": ""q10""}}], ""initial_examples_limit"": 3, ""initial_states"": 1, ""losing_initial_states"": 1, ""region_states"": 2, ""safe_region_states"": 1, ""scope"": ""checked discovered-state losing certificate; sampled local root closure evidence, not a unique whole-game causal explanation"", ""unsafe_region_states"": 1}",raw/series/n10_m09_all_lazy/certificate.json,raw/series/n10_m09_all_lazy/result.json
n11_m01_merged_lazy,"{""k"": 11, ""m"": 1, ""n"": 11}",transfers,lazy,2,"The checked discovered-state losing certificate contains 2 states (1 unsafe) and 1/1 initial states; its stored root buckets retain every adversarial outcome and identify the outcomes in this certificate (local closure evidence, not a unique causal explanation).","{""initial_examples"": [{""enabled_action_buckets"": [{""action"": ""ablation.merge.transfers"", ""controllable"": true, ""outcomes"": 1, ""outcomes_in_certificate_region"": 1, ""unsafe_outcome_examples"": [{""pending"": [], ""physical"": [[""NEW"", ""booting""], [""NEW"", ""booting""], [""NEW"", ""booting""], [""NEW"", ""booting""], [""NEW"", ""booting""], [""NEW"", ""booting""], [""NEW"", ""booting""], [""NEW"", ""booting""], [""NEW"", ""booting""], [""NEW"", ""booting""], [""NEW"", ""booting""]], ""testers"": {""availability"": ""ERR_AVAILABILITY""}}], ""unsafe_outcomes"": 1, ""update"": true}, {""action"": ""serve_1"", ""controllable"": true, ""outcomes"": 1, ""outcomes_in_certificate_region"": 1, ""unsafe_outcome_examples"": [], ""unsafe_outcomes"": 0, ""update"": false}, {""action"": ""serve_10"", ""controllable"": true, ""outcomes"": 1, ""outcomes_in_certificate_region"": 1, ""unsafe_outcome_examples"": [], ""unsafe_outcomes"": 0, ""update"": false}, {""action"": ""serve_11"", ""controllable"": true, ""outcomes"": 1, ""outcomes_in_certificate_region"": 1, ""unsafe_outcome_examples"": [], ""unsafe_outcomes"": 0, ""update"": false}, {""action"": ""serve_2"", ""controllable"": true, ""outcomes"": 1, ""outcomes_in_certificate_region"": 1, ""unsafe_outcome_examples"": [], ""unsafe_outcomes"": 0, ""update"": false}, {""action"": ""serve_3"", ""controllable"": true, ""outcomes"": 1, ""outcomes_in_certificate_region"": 1, ""unsafe_outcome_examples"": [], ""unsafe_outcomes"": 0, ""update"": false}, {""action"": ""serve_4"", ""controllable"": true, ""outcomes"": 1, ""outcomes_in_certificate_region"": 1, ""unsafe_outcome_examples"": [], ""unsafe_outcomes"": 0, ""update"": false}, {""action"": ""serve_5"", ""controllable"": true, ""outcomes"": 1, ""outcomes_in_certificate_region"": 1, ""unsafe_outcome_examples"": [], ""unsafe_outcomes"": 0, ""update"": false}, {""action"": ""serve_6"", ""controllable"": true, ""outcomes"": 1, ""outcomes_in_certificate_region"": 1, ""unsafe_outcome_examples"": [], ""unsafe_outcomes"": 0, ""update"": false}, {""action"": ""serve_7"", ""controllable"": true, ""outcomes"": 1, ""outcomes_in_certificate_region"": 1, ""unsafe_outcome_examples"": [], ""unsafe_outcomes"": 0, ""update"": false}, {""action"": ""serve_8"", ""controllable"": true, ""outcomes"": 1, ""outcomes_in_certificate_region"": 1, ""unsafe_outcome_examples"": [], ""unsafe_outcomes"": 0, ""update"": false}, {""action"": ""serve_9"", ""controllable"": true, ""outcomes"": 1, ""outcomes_in_certificate_region"": 1, ""unsafe_outcome_examples"": [], ""unsafe_outcomes"": 0, ""update"": false}], ""pending"": [""ablation.merge.transfers""], ""physical"": [[""OLD"", ""ready""], [""OLD"", ""ready""], [""OLD"", ""ready""], [""OLD"", ""ready""], [""OLD"", ""ready""], [""OLD"", ""ready""], [""OLD"", ""ready""], [""OLD"", ""ready""], [""OLD"", ""ready""], [""OLD"", ""ready""], [""OLD"", ""ready""]], ""safe"": true, ""testers"": {""availability"": ""q11""}}], ""initial_examples_limit"": 3, ""initial_states"": 1, ""losing_initial_states"": 1, ""region_states"": 2, ""safe_region_states"": 1, ""scope"": ""checked discovered-state losing certificate; sampled local root closure evidence, not a unique whole-game causal explanation"", ""unsafe_region_states"": 1}",raw/series/n11_m01_merged_lazy/certificate.json,raw/series/n11_m01_merged_lazy/result.json
n11_m01_all_lazy,"{""k"": 11, ""m"": 1, ""n"": 11}",none,lazy,2,"The checked discovered-state losing certificate contains 2 states (1 unsafe) and 1/1 initial states; its stored root buckets retain every adversarial outcome and identify the outcomes in this certificate (local closure evidence, not a unique causal explanation).","{""initial_examples"": [{""enabled_action_buckets"": [{""action"": ""ablation.merge.transfers"", ""controllable"": true, ""outcomes"": 1, ""outcomes_in_certificate_region"": 1, ""unsafe_outcome_examples"": [{""pending"": [], ""physical"": [[""NEW"", ""booting""], [""NEW"", ""booting""], [""NEW"", ""booting""], [""NEW"", ""booting""], [""NEW"", ""booting""], [""NEW"", ""booting""], [""NEW"", ""booting""], [""NEW"", ""booting""], [""NEW"", ""booting""], [""NEW"", ""booting""], [""NEW"", ""booting""]], ""testers"": {""availability"": ""ERR_AVAILABILITY""}}], ""unsafe_outcomes"": 1, ""update"": true}, {""action"": ""serve_1"", ""controllable"": true, ""outcomes"": 1, ""outcomes_in_certificate_region"": 1, ""unsafe_outcome_examples"": [], ""unsafe_outcomes"": 0, ""update"": false}, {""action"": ""serve_10"", ""controllable"": true, ""outcomes"": 1, ""outcomes_in_certificate_region"": 1, ""unsafe_outcome_examples"": [], ""unsafe_outcomes"": 0, ""update"": false}, {""action"": ""serve_11"", ""controllable"": true, ""outcomes"": 1, ""outcomes_in_certificate_region"": 1, ""unsafe_outcome_examples"": [], ""unsafe_outcomes"": 0, ""update"": false}, {""action"": ""serve_2"", ""controllable"": true, ""outcomes"": 1, ""outcomes_in_certificate_region"": 1, ""unsafe_outcome_examples"": [], ""unsafe_outcomes"": 0, ""update"": false}, {""action"": ""serve_3"", ""controllable"": true, ""outcomes"": 1, ""outcomes_in_certificate_region"": 1, ""unsafe_outcome_examples"": [], ""unsafe_outcomes"": 0, ""update"": false}, {""action"": ""serve_4"", ""controllable"": true, ""outcomes"": 1, ""outcomes_in_certificate_region"": 1, ""unsafe_outcome_examples"": [], ""unsafe_outcomes"": 0, ""update"": false}, {""action"": ""serve_5"", ""controllable"": true, ""outcomes"": 1, ""outcomes_in_certificate_region"": 1, ""unsafe_outcome_examples"": [], ""unsafe_outcomes"": 0, ""update"": false}, {""action"": ""serve_6"", ""controllable"": true, ""outcomes"": 1, ""outcomes_in_certificate_region"": 1, ""unsafe_outcome_examples"": [], ""unsafe_outcomes"": 0, ""update"": false}, {""action"": ""serve_7"", ""controllable"": true, ""outcomes"": 1, ""outcomes_in_certificate_region"": 1, ""unsafe_outcome_examples"": [], ""unsafe_outcomes"": 0, ""update"": false}, {""action"": ""serve_8"", ""controllable"": true, ""outcomes"": 1, ""outcomes_in_certificate_region"": 1, ""unsafe_outcome_examples"": [], ""unsafe_outcomes"": 0, ""update"": false}, {""action"": ""serve_9"", ""controllable"": true, ""outcomes"": 1, ""outcomes_in_certificate_region"": 1, ""unsafe_outcome_examples"": [], ""unsafe_outcomes"": 0, ""update"": false}], ""pending"": [""ablation.merge.transfers""], ""physical"": [[""OLD"", ""ready""], [""OLD"", ""ready""], [""OLD"", ""ready""], [""OLD"", ""ready""], [""OLD"", ""ready""], [""OLD"", ""ready""], [""OLD"", ""ready""], [""OLD"", ""ready""], [""OLD"", ""ready""], [""OLD"", ""ready""], [""OLD"", ""ready""]], ""safe"": true, ""testers"": {""availability"": ""q11""}}], ""initial_examples_limit"": 3, ""initial_states"": 1, ""losing_initial_states"": 1, ""region_states"": 2, ""safe_region_states"": 1, ""scope"": ""checked discovered-state losing certificate; sampled local root closure evidence, not a unique whole-game causal explanation"", ""unsafe_region_states"": 1}",raw/series/n11_m01_all_lazy/certificate.json,raw/series/n11_m01_all_lazy/result.json
n11_m10_merged_lazy,"{""k"": 11, ""m"": 10, ""n"": 11}",transfers,lazy,2,"The checked discovered-state losing certificate contains 2 states (1 unsafe) and 1/1 initial states; its stored root buckets retain every adversarial outcome and identify the outcomes in this certificate (local closure evidence, not a unique causal explanation).","{""initial_examples"": [{""enabled_action_buckets"": [{""action"": ""ablation.merge.transfers"", ""controllable"": true, ""outcomes"": 1, ""outcomes_in_certificate_region"": 1, ""unsafe_outcome_examples"": [{""pending"": [], ""physical"": [[""NEW"", ""booting""], [""NEW"", ""booting""], [""NEW"", ""booting""], [""NEW"", ""booting""], [""NEW"", ""booting""], [""NEW"", ""booting""], [""NEW"", ""booting""], [""NEW"", ""booting""], [""NEW"", ""booting""], [""NEW"", ""booting""], [""NEW"", ""booting""]], ""testers"": {""availability"": ""ERR_AVAILABILITY""}}], ""unsafe_outcomes"": 1, ""update"": true}, {""action"": ""serve_1"", ""controllable"": true, ""outcomes"": 1, ""outcomes_in_certificate_region"": 1, ""unsafe_outcome_examples"": [], ""unsafe_outcomes"": 0, ""update"": false}, {""action"": ""serve_10"", ""controllable"": true, ""outcomes"": 1, ""outcomes_in_certificate_region"": 1, ""unsafe_outcome_examples"": [], ""unsafe_outcomes"": 0, ""update"": false}, {""action"": ""serve_11"", ""controllable"": true, ""outcomes"": 1, ""outcomes_in_certificate_region"": 1, ""unsafe_outcome_examples"": [], ""unsafe_outcomes"": 0, ""update"": false}, {""action"": ""serve_2"", ""controllable"": true, ""outcomes"": 1, ""outcomes_in_certificate_region"": 1, ""unsafe_outcome_examples"": [], ""unsafe_outcomes"": 0, ""update"": false}, {""action"": ""serve_3"", ""controllable"": true, ""outcomes"": 1, ""outcomes_in_certificate_region"": 1, ""unsafe_outcome_examples"": [], ""unsafe_outcomes"": 0, ""update"": false}, {""action"": ""serve_4"", ""controllable"": true, ""outcomes"": 1, ""outcomes_in_certificate_region"": 1, ""unsafe_outcome_examples"": [], ""unsafe_outcomes"": 0, ""update"": false}, {""action"": ""serve_5"", ""controllable"": true, ""outcomes"": 1, ""outcomes_in_certificate_region"": 1, ""unsafe_outcome_examples"": [], ""unsafe_outcomes"": 0, ""update"": false}, {""action"": ""serve_6"", ""controllable"": true, ""outcomes"": 1, ""outcomes_in_certificate_region"": 1, ""unsafe_outcome_examples"": [], ""unsafe_outcomes"": 0, ""update"": false}, {""action"": ""serve_7"", ""controllable"": true, ""outcomes"": 1, ""outcomes_in_certificate_region"": 1, ""unsafe_outcome_examples"": [], ""unsafe_outcomes"": 0, ""update"": false}, {""action"": ""serve_8"", ""controllable"": true, ""outcomes"": 1, ""outcomes_in_certificate_region"": 1, ""unsafe_outcome_examples"": [], ""unsafe_outcomes"": 0, ""update"": false}, {""action"": ""serve_9"", ""controllable"": true, ""outcomes"": 1, ""outcomes_in_certificate_region"": 1, ""unsafe_outcome_examples"": [], ""unsafe_outcomes"": 0, ""update"": false}], ""pending"": [""ablation.merge.transfers""], ""physical"": [[""OLD"", ""ready""], [""OLD"", ""ready""], [""OLD"", ""ready""], [""OLD"", ""ready""], [""OLD"", ""ready""], [""OLD"", ""ready""], [""OLD"", ""ready""], [""OLD"", ""ready""], [""OLD"", ""ready""], [""OLD"", ""ready""], [""OLD"", ""ready""]], ""safe"": true, ""testers"": {""availability"": ""q11""}}], ""initial_examples_limit"": 3, ""initial_states"": 1, ""losing_initial_states"": 1, ""region_states"": 2, ""safe_region_states"": 1, ""scope"": ""checked discovered-state losing certificate; sampled local root closure evidence, not a unique whole-game causal explanation"", ""unsafe_region_states"": 1}",raw/series/n11_m10_merged_lazy/certificate.json,raw/series/n11_m10_merged_lazy/result.json
n11_m10_all_lazy,"{""k"": 11, ""m"": 10, ""n"": 11}",none,lazy,2,"The checked discovered-state losing certificate contains 2 states (1 unsafe) and 1/1 initial states; its stored root buckets retain every adversarial outcome and identify the outcomes in this certificate (local closure evidence, not a unique causal explanation).","{""initial_examples"": [{""enabled_action_buckets"": [{""action"": ""ablation.merge.transfers"", ""controllable"": true, ""outcomes"": 1, ""outcomes_in_certificate_region"": 1, ""unsafe_outcome_examples"": [{""pending"": [], ""physical"": [[""NEW"", ""booting""], [""NEW"", ""booting""], [""NEW"", ""booting""], [""NEW"", ""booting""], [""NEW"", ""booting""], [""NEW"", ""booting""], [""NEW"", ""booting""], [""NEW"", ""booting""], [""NEW"", ""booting""], [""NEW"", ""booting""], [""NEW"", ""booting""]], ""testers"": {""availability"": ""ERR_AVAILABILITY""}}], ""unsafe_outcomes"": 1, ""update"": true}, {""action"": ""serve_1"", ""controllable"": true, ""outcomes"": 1, ""outcomes_in_certificate_region"": 1, ""unsafe_outcome_examples"": [], ""unsafe_outcomes"": 0, ""update"": false}, {""action"": ""serve_10"", ""controllable"": true, ""outcomes"": 1, ""outcomes_in_certificate_region"": 1, ""unsafe_outcome_examples"": [], ""unsafe_outcomes"": 0, ""update"": false}, {""action"": ""serve_11"", ""controllable"": true, ""outcomes"": 1, ""outcomes_in_certificate_region"": 1, ""unsafe_outcome_examples"": [], ""unsafe_outcomes"": 0, ""update"": false}, {""action"": ""serve_2"", ""controllable"": true, ""outcomes"": 1, ""outcomes_in_certificate_region"": 1, ""unsafe_outcome_examples"": [], ""unsafe_outcomes"": 0, ""update"": false}, {""action"": ""serve_3"", ""controllable"": true, ""outcomes"": 1, ""outcomes_in_certificate_region"": 1, ""unsafe_outcome_examples"": [], ""unsafe_outcomes"": 0, ""update"": false}, {""action"": ""serve_4"", ""controllable"": true, ""outcomes"": 1, ""outcomes_in_certificate_region"": 1, ""unsafe_outcome_examples"": [], ""unsafe_outcomes"": 0, ""update"": false}, {""action"": ""serve_5"", ""controllable"": true, ""outcomes"": 1, ""outcomes_in_certificate_region"": 1, ""unsafe_outcome_examples"": [], ""unsafe_outcomes"": 0, ""update"": false}, {""action"": ""serve_6"", ""controllable"": true, ""outcomes"": 1, ""outcomes_in_certificate_region"": 1, ""unsafe_outcome_examples"": [], ""unsafe_outcomes"": 0, ""update"": false}, {""action"": ""serve_7"", ""controllable"": true, ""outcomes"": 1, ""outcomes_in_certificate_region"": 1, ""unsafe_outcome_examples"": [], ""unsafe_outcomes"": 0, ""update"": false}, {""action"": ""serve_8"", ""controllable"": true, ""outcomes"": 1, ""outcomes_in_certificate_region"": 1, ""unsafe_outcome_examples"": [], ""unsafe_outcomes"": 0, ""update"": false}, {""action"": ""serve_9"", ""controllable"": true, ""outcomes"": 1, ""outcomes_in_certificate_region"": 1, ""unsafe_outcome_examples"": [], ""unsafe_outcomes"": 0, ""update"": false}], ""pending"": [""ablation.merge.transfers""], ""physical"": [[""OLD"", ""ready""], [""OLD"", ""ready""], [""OLD"", ""ready""], [""OLD"", ""ready""], [""OLD"", ""ready""], [""OLD"", ""ready""], [""OLD"", ""ready""], [""OLD"", ""ready""], [""OLD"", ""ready""], [""OLD"", ""ready""], [""OLD"", ""ready""]], ""safe"": true, ""testers"": {""availability"": ""q11""}}], ""initial_examples_limit"": 3, ""initial_states"": 1, ""losing_initial_states"": 1, ""region_states"": 2, ""safe_region_states"": 1, ""scope"": ""checked discovered-state losing certificate; sampled local root closure evidence, not a unique whole-game causal explanation"", ""unsafe_region_states"": 1}",raw/series/n11_m10_all_lazy/certificate.json,raw/series/n11_m10_all_lazy/result.json
n12_m01_merged_lazy,"{""k"": 12, ""m"": 1, ""n"": 12}",transfers,lazy,2,"The checked discovered-state losing certificate contains 2 states (1 unsafe) and 1/1 initial states; its stored root buckets retain every adversarial outcome and identify the outcomes in this certificate (local closure evidence, not a unique causal explanation).","{""initial_examples"": [{""enabled_action_buckets"": [{""action"": ""ablation.merge.transfers"", ""controllable"": true, ""outcomes"": 1, ""outcomes_in_certificate_region"": 1, ""unsafe_outcome_examples"": [{""pending"": [], ""physical"": [[""NEW"", ""booting""], [""NEW"", ""booting""], [""NEW"", ""booting""], [""NEW"", ""booting""], [""NEW"", ""booting""], [""NEW"", ""booting""], [""NEW"", ""booting""], [""NEW"", ""booting""], [""NEW"", ""booting""], [""NEW"", ""booting""], [""NEW"", ""booting""], [""NEW"", ""booting""]], ""testers"": {""availability"": ""ERR_AVAILABILITY""}}], ""unsafe_outcomes"": 1, ""update"": true}, {""action"": ""serve_1"", ""controllable"": true, ""outcomes"": 1, ""outcomes_in_certificate_region"": 1, ""unsafe_outcome_examples"": [], ""unsafe_outcomes"": 0, ""update"": false}, {""action"": ""serve_10"", ""controllable"": true, ""outcomes"": 1, ""outcomes_in_certificate_region"": 1, ""unsafe_outcome_examples"": [], ""unsafe_outcomes"": 0, ""update"": false}, {""action"": ""serve_11"", ""controllable"": true, ""outcomes"": 1, ""outcomes_in_certificate_region"": 1, ""unsafe_outcome_examples"": [], ""unsafe_outcomes"": 0, ""update"": false}, {""action"": ""serve_12"", ""controllable"": true, ""outcomes"": 1, ""outcomes_in_certificate_region"": 1, ""unsafe_outcome_examples"": [], ""unsafe_outcomes"": 0, ""update"": false}, {""action"": ""serve_2"", ""controllable"": true, ""outcomes"": 1, ""outcomes_in_certificate_region"": 1, ""unsafe_outcome_examples"": [], ""unsafe_outcomes"": 0, ""update"": false}, {""action"": ""serve_3"", ""controllable"": true, ""outcomes"": 1, ""outcomes_in_certificate_region"": 1, ""unsafe_outcome_examples"": [], ""unsafe_outcomes"": 0, ""update"": false}, {""action"": ""serve_4"", ""controllable"": true, ""outcomes"": 1, ""outcomes_in_certificate_region"": 1, ""unsafe_outcome_examples"": [], ""unsafe_outcomes"": 0, ""update"": false}, {""action"": ""serve_5"", ""controllable"": true, ""outcomes"": 1, ""outcomes_in_certificate_region"": 1, ""unsafe_outcome_examples"": [], ""unsafe_outcomes"": 0, ""update"": false}, {""action"": ""serve_6"", ""controllable"": true, ""outcomes"": 1, ""outcomes_in_certificate_region"": 1, ""unsafe_outcome_examples"": [], ""unsafe_outcomes"": 0, ""update"": false}, {""action"": ""serve_7"", ""controllable"": true, ""outcomes"": 1, ""outcomes_in_certificate_region"": 1, ""unsafe_outcome_examples"": [], ""unsafe_outcomes"": 0, ""update"": false}, {""action"": ""serve_8"", ""controllable"": true, ""outcomes"": 1, ""outcomes_in_certificate_region"": 1, ""unsafe_outcome_examples"": [], ""unsafe_outcomes"": 0, ""update"": false}, {""action"": ""serve_9"", ""controllable"": true, ""outcomes"": 1, ""outcomes_in_certificate_region"": 1, ""unsafe_outcome_examples"": [], ""unsafe_outcomes"": 0, ""update"": false}], ""pending"": [""ablation.merge.transfers""], ""physical"": [[""OLD"", ""ready""], [""OLD"", ""ready""], [""OLD"", ""ready""], [""OLD"", ""ready""], [""OLD"", ""ready""], [""OLD"", ""ready""], [""OLD"", ""ready""], [""OLD"", ""ready""], [""OLD"", ""ready""], [""OLD"", ""ready""], [""OLD"", ""ready""], [""OLD"", ""ready""]], ""safe"": true, ""testers"": {""availability"": ""q12""}}], ""initial_examples_limit"": 3, ""initial_states"": 1, ""losing_initial_states"": 1, ""region_states"": 2, ""safe_region_states"": 1, ""scope"": ""checked discovered-state losing certificate; sampled local root closure evidence, not a unique whole-game causal explanation"", ""unsafe_region_states"": 1}",raw/series/n12_m01_merged_lazy/certificate.json,raw/series/n12_m01_merged_lazy/result.json
n12_m01_all_lazy,"{""k"": 12, ""m"": 1, ""n"": 12}",none,lazy,2,"The checked discovered-state losing certificate contains 2 states (1 unsafe) and 1/1 initial states; its stored root buckets retain every adversarial outcome and identify the outcomes in this certificate (local closure evidence, not a unique causal explanation).","{""initial_examples"": [{""enabled_action_buckets"": [{""action"": ""ablation.merge.transfers"", ""controllable"": true, ""outcomes"": 1, ""outcomes_in_certificate_region"": 1, ""unsafe_outcome_examples"": [{""pending"": [], ""physical"": [[""NEW"", ""booting""], [""NEW"", ""booting""], [""NEW"", ""booting""], [""NEW"", ""booting""], [""NEW"", ""booting""], [""NEW"", ""booting""], [""NEW"", ""booting""], [""NEW"", ""booting""], [""NEW"", ""booting""], [""NEW"", ""booting""], [""NEW"", ""booting""], [""NEW"", ""booting""]], ""testers"": {""availability"": ""ERR_AVAILABILITY""}}], ""unsafe_outcomes"": 1, ""update"": true}, {""action"": ""serve_1"", ""controllable"": true, ""outcomes"": 1, ""outcomes_in_certificate_region"": 1, ""unsafe_outcome_examples"": [], ""unsafe_outcomes"": 0, ""update"": false}, {""action"": ""serve_10"", ""controllable"": true, ""outcomes"": 1, ""outcomes_in_certificate_region"": 1, ""unsafe_outcome_examples"": [], ""unsafe_outcomes"": 0, ""update"": false}, {""action"": ""serve_11"", ""controllable"": true, ""outcomes"": 1, ""outcomes_in_certificate_region"": 1, ""unsafe_outcome_examples"": [], ""unsafe_outcomes"": 0, ""update"": false}, {""action"": ""serve_12"", ""controllable"": true, ""outcomes"": 1, ""outcomes_in_certificate_region"": 1, ""unsafe_outcome_examples"": [], ""unsafe_outcomes"": 0, ""update"": false}, {""action"": ""serve_2"", ""controllable"": true, ""outcomes"": 1, ""outcomes_in_certificate_region"": 1, ""unsafe_outcome_examples"": [], ""unsafe_outcomes"": 0, ""update"": false}, {""action"": ""serve_3"", ""controllable"": true, ""outcomes"": 1, ""outcomes_in_certificate_region"": 1, ""unsafe_outcome_examples"": [], ""unsafe_outcomes"": 0, ""update"": false}, {""action"": ""serve_4"", ""controllable"": true, ""outcomes"": 1, ""outcomes_in_certificate_region"": 1, ""unsafe_outcome_examples"": [], ""unsafe_outcomes"": 0, ""update"": false}, {""action"": ""serve_5"", ""controllable"": true, ""outcomes"": 1, ""outcomes_in_certificate_region"": 1, ""unsafe_outcome_examples"": [], ""unsafe_outcomes"": 0, ""update"": false}, {""action"": ""serve_6"", ""controllable"": true, ""outcomes"": 1, ""outcomes_in_certificate_region"": 1, ""unsafe_outcome_examples"": [], ""unsafe_outcomes"": 0, ""update"": false}, {""action"": ""serve_7"", ""controllable"": true, ""outcomes"": 1, ""outcomes_in_certificate_region"": 1, ""unsafe_outcome_examples"": [], ""unsafe_outcomes"": 0, ""update"": false}, {""action"": ""serve_8"", ""controllable"": true, ""outcomes"": 1, ""outcomes_in_certificate_region"": 1, ""unsafe_outcome_examples"": [], ""unsafe_outcomes"": 0, ""update"": false}, {""action"": ""serve_9"", ""controllable"": true, ""outcomes"": 1, ""outcomes_in_certificate_region"": 1, ""unsafe_outcome_examples"": [], ""unsafe_outcomes"": 0, ""update"": false}], ""pending"": [""ablation.merge.transfers""], ""physical"": [[""OLD"", ""ready""], [""OLD"", ""ready""], [""OLD"", ""ready""], [""OLD"", ""ready""], [""OLD"", ""ready""], [""OLD"", ""ready""], [""OLD"", ""ready""], [""OLD"", ""ready""], [""OLD"", ""ready""], [""OLD"", ""ready""], [""OLD"", ""ready""], [""OLD"", ""ready""]], ""safe"": true, ""testers"": {""availability"": ""q12""}}], ""initial_examples_limit"": 3, ""initial_states"": 1, ""losing_initial_states"": 1, ""region_states"": 2, ""safe_region_states"": 1, ""scope"": ""checked discovered-state losing certificate; sampled local root closure evidence, not a unique whole-game causal explanation"", ""unsafe_region_states"": 1}",raw/series/n12_m01_all_lazy/certificate.json,raw/series/n12_m01_all_lazy/result.json
n12_m11_merged_lazy,"{""k"": 12, ""m"": 11, ""n"": 12}",transfers,lazy,2,"The checked discovered-state losing certificate contains 2 states (1 unsafe) and 1/1 initial states; its stored root buckets retain every adversarial outcome and identify the outcomes in this certificate (local closure evidence, not a unique causal explanation).","{""initial_examples"": [{""enabled_action_buckets"": [{""action"": ""ablation.merge.transfers"", ""controllable"": true, ""outcomes"": 1, ""outcomes_in_certificate_region"": 1, ""unsafe_outcome_examples"": [{""pending"": [], ""physical"": [[""NEW"", ""booting""], [""NEW"", ""booting""], [""NEW"", ""booting""], [""NEW"", ""booting""], [""NEW"", ""booting""], [""NEW"", ""booting""], [""NEW"", ""booting""], [""NEW"", ""booting""], [""NEW"", ""booting""], [""NEW"", ""booting""], [""NEW"", ""booting""], [""NEW"", ""booting""]], ""testers"": {""availability"": ""ERR_AVAILABILITY""}}], ""unsafe_outcomes"": 1, ""update"": true}, {""action"": ""serve_1"", ""controllable"": true, ""outcomes"": 1, ""outcomes_in_certificate_region"": 1, ""unsafe_outcome_examples"": [], ""unsafe_outcomes"": 0, ""update"": false}, {""action"": ""serve_10"", ""controllable"": true, ""outcomes"": 1, ""outcomes_in_certificate_region"": 1, ""unsafe_outcome_examples"": [], ""unsafe_outcomes"": 0, ""update"": false}, {""action"": ""serve_11"", ""controllable"": true, ""outcomes"": 1, ""outcomes_in_certificate_region"": 1, ""unsafe_outcome_examples"": [], ""unsafe_outcomes"": 0, ""update"": false}, {""action"": ""serve_12"", ""controllable"": true, ""outcomes"": 1, ""outcomes_in_certificate_region"": 1, ""unsafe_outcome_examples"": [], ""unsafe_outcomes"": 0, ""update"": false}, {""action"": ""serve_2"", ""controllable"": true, ""outcomes"": 1, ""outcomes_in_certificate_region"": 1, ""unsafe_outcome_examples"": [], ""unsafe_outcomes"": 0, ""update"": false}, {""action"": ""serve_3"", ""controllable"": true, ""outcomes"": 1, ""outcomes_in_certificate_region"": 1, ""unsafe_outcome_examples"": [], ""unsafe_outcomes"": 0, ""update"": false}, {""action"": ""serve_4"", ""controllable"": true, ""outcomes"": 1, ""outcomes_in_certificate_region"": 1, ""unsafe_outcome_examples"": [], ""unsafe_outcomes"": 0, ""update"": false}, {""action"": ""serve_5"", ""controllable"": true, ""outcomes"": 1, ""outcomes_in_certificate_region"": 1, ""unsafe_outcome_examples"": [], ""unsafe_outcomes"": 0, ""update"": false}, {""action"": ""serve_6"", ""controllable"": true, ""outcomes"": 1, ""outcomes_in_certificate_region"": 1, ""unsafe_outcome_examples"": [], ""unsafe_outcomes"": 0, ""update"": false}, {""action"": ""serve_7"", ""controllable"": true, ""outcomes"": 1, ""outcomes_in_certificate_region"": 1, ""unsafe_outcome_examples"": [], ""unsafe_outcomes"": 0, ""update"": false}, {""action"": ""serve_8"", ""controllable"": true, ""outcomes"": 1, ""outcomes_in_certificate_region"": 1, ""unsafe_outcome_examples"": [], ""unsafe_outcomes"": 0, ""update"": false}, {""action"": ""serve_9"", ""controllable"": true, ""outcomes"": 1, ""outcomes_in_certificate_region"": 1, ""unsafe_outcome_examples"": [], ""unsafe_outcomes"": 0, ""update"": false}], ""pending"": [""ablation.merge.transfers""], ""physical"": [[""OLD"", ""ready""], [""OLD"", ""ready""], [""OLD"", ""ready""], [""OLD"", ""ready""], [""OLD"", ""ready""], [""OLD"", ""ready""], [""OLD"", ""ready""], [""OLD"", ""ready""], [""OLD"", ""ready""], [""OLD"", ""ready""], [""OLD"", ""ready""], [""OLD"", ""ready""]], ""safe"": true, ""testers"": {""availability"": ""q12""}}], ""initial_examples_limit"": 3, ""initial_states"": 1, ""losing_initial_states"": 1, ""region_states"": 2, ""safe_region_states"": 1, ""scope"": ""checked discovered-state losing certificate; sampled local root closure evidence, not a unique whole-game causal explanation"", ""unsafe_region_states"": 1}",raw/series/n12_m11_merged_lazy/certificate.json,raw/series/n12_m11_merged_lazy/result.json
n12_m11_all_lazy,"{""k"": 12, ""m"": 11, ""n"": 12}",none,lazy,2,"The checked discovered-state losing certificate contains 2 states (1 unsafe) and 1/1 initial states; its stored root buckets retain every adversarial outcome and identify the outcomes in this certificate (local closure evidence, not a unique causal explanation).","{""initial_examples"": [{""enabled_action_buckets"": [{""action"": ""ablation.merge.transfers"", ""controllable"": true, ""outcomes"": 1, ""outcomes_in_certificate_region"": 1, ""unsafe_outcome_examples"": [{""pending"": [], ""physical"": [[""NEW"", ""booting""], [""NEW"", ""booting""], [""NEW"", ""booting""], [""NEW"", ""booting""], [""NEW"", ""booting""], [""NEW"", ""booting""], [""NEW"", ""booting""], [""NEW"", ""booting""], [""NEW"", ""booting""], [""NEW"", ""booting""], [""NEW"", ""booting""], [""NEW"", ""booting""]], ""testers"": {""availability"": ""ERR_AVAILABILITY""}}], ""unsafe_outcomes"": 1, ""update"": true}, {""action"": ""serve_1"", ""controllable"": true, ""outcomes"": 1, ""outcomes_in_certificate_region"": 1, ""unsafe_outcome_examples"": [], ""unsafe_outcomes"": 0, ""update"": false}, {""action"": ""serve_10"", ""controllable"": true, ""outcomes"": 1, ""outcomes_in_certificate_region"": 1, ""unsafe_outcome_examples"": [], ""unsafe_outcomes"": 0, ""update"": false}, {""action"": ""serve_11"", ""controllable"": true, ""outcomes"": 1, ""outcomes_in_certificate_region"": 1, ""unsafe_outcome_examples"": [], ""unsafe_outcomes"": 0, ""update"": false}, {""action"": ""serve_12"", ""controllable"": true, ""outcomes"": 1, ""outcomes_in_certificate_region"": 1, ""unsafe_outcome_examples"": [], ""unsafe_outcomes"": 0, ""update"": false}, {""action"": ""serve_2"", ""controllable"": true, ""outcomes"": 1, ""outcomes_in_certificate_region"": 1, ""unsafe_outcome_examples"": [], ""unsafe_outcomes"": 0, ""update"": false}, {""action"": ""serve_3"", ""controllable"": true, ""outcomes"": 1, ""outcomes_in_certificate_region"": 1, ""unsafe_outcome_examples"": [], ""unsafe_outcomes"": 0, ""update"": false}, {""action"": ""serve_4"", ""controllable"": true, ""outcomes"": 1, ""outcomes_in_certificate_region"": 1, ""unsafe_outcome_examples"": [], ""unsafe_outcomes"": 0, ""update"": false}, {""action"": ""serve_5"", ""controllable"": true, ""outcomes"": 1, ""outcomes_in_certificate_region"": 1, ""unsafe_outcome_examples"": [], ""unsafe_outcomes"": 0, ""update"": false}, {""action"": ""serve_6"", ""controllable"": true, ""outcomes"": 1, ""outcomes_in_certificate_region"": 1, ""unsafe_outcome_examples"": [], ""unsafe_outcomes"": 0, ""update"": false}, {""action"": ""serve_7"", ""controllable"": true, ""outcomes"": 1, ""outcomes_in_certificate_region"": 1, ""unsafe_outcome_examples"": [], ""unsafe_outcomes"": 0, ""update"": false}, {""action"": ""serve_8"", ""controllable"": true, ""outcomes"": 1, ""outcomes_in_certificate_region"": 1, ""unsafe_outcome_examples"": [], ""unsafe_outcomes"": 0, ""update"": false}, {""action"": ""serve_9"", ""controllable"": true, ""outcomes"": 1, ""outcomes_in_certificate_region"": 1, ""unsafe_outcome_examples"": [], ""unsafe_outcomes"": 0, ""update"": false}], ""pending"": [""ablation.merge.transfers""], ""physical"": [[""OLD"", ""ready""], [""OLD"", ""ready""], [""OLD"", ""ready""], [""OLD"", ""ready""], [""OLD"", ""ready""], [""OLD"", ""ready""], [""OLD"", ""ready""], [""OLD"", ""ready""], [""OLD"", ""ready""], [""OLD"", ""ready""], [""OLD"", ""ready""], [""OLD"", ""ready""]], ""safe"": true, ""testers"": {""availability"": ""q12""}}], ""initial_examples_limit"": 3, ""initial_states"": 1, ""losing_initial_states"": 1, ""region_states"": 2, ""safe_region_states"": 1, ""scope"": ""checked discovered-state losing certificate; sampled local root closure evidence, not a unique whole-game causal explanation"", ""unsafe_region_states"": 1}",raw/series/n12_m11_all_lazy/certificate.json,raw/series/n12_m11_all_lazy/result.json
n13_m01_merged_lazy,"{""k"": 13, ""m"": 1, ""n"": 13}",transfers,lazy,2,"The checked discovered-state losing certificate contains 2 states (1 unsafe) and 1/1 initial states; its stored root buckets retain every adversarial outcome and identify the outcomes in this certificate (local closure evidence, not a unique causal explanation).","{""initial_examples"": [{""enabled_action_buckets"": [{""action"": ""ablation.merge.transfers"", ""controllable"": true, ""outcomes"": 1, ""outcomes_in_certificate_region"": 1, ""unsafe_outcome_examples"": [{""pending"": [], ""physical"": [[""NEW"", ""booting""], [""NEW"", ""booting""], [""NEW"", ""booting""], [""NEW"", ""booting""], [""NEW"", ""booting""], [""NEW"", ""booting""], [""NEW"", ""booting""], [""NEW"", ""booting""], [""NEW"", ""booting""], [""NEW"", ""booting""], [""NEW"", ""booting""], [""NEW"", ""booting""], [""NEW"", ""booting""]], ""testers"": {""availability"": ""ERR_AVAILABILITY""}}], ""unsafe_outcomes"": 1, ""update"": true}, {""action"": ""serve_1"", ""controllable"": true, ""outcomes"": 1, ""outcomes_in_certificate_region"": 1, ""unsafe_outcome_examples"": [], ""unsafe_outcomes"": 0, ""update"": false}, {""action"": ""serve_10"", ""controllable"": true, ""outcomes"": 1, ""outcomes_in_certificate_region"": 1, ""unsafe_outcome_examples"": [], ""unsafe_outcomes"": 0, ""update"": false}, {""action"": ""serve_11"", ""controllable"": true, ""outcomes"": 1, ""outcomes_in_certificate_region"": 1, ""unsafe_outcome_examples"": [], ""unsafe_outcomes"": 0, ""update"": false}, {""action"": ""serve_12"", ""controllable"": true, ""outcomes"": 1, ""outcomes_in_certificate_region"": 1, ""unsafe_outcome_examples"": [], ""unsafe_outcomes"": 0, ""update"": false}, {""action"": ""serve_13"", ""controllable"": true, ""outcomes"": 1, ""outcomes_in_certificate_region"": 1, ""unsafe_outcome_examples"": [], ""unsafe_outcomes"": 0, ""update"": false}, {""action"": ""serve_2"", ""controllable"": true, ""outcomes"": 1, ""outcomes_in_certificate_region"": 1, ""unsafe_outcome_examples"": [], ""unsafe_outcomes"": 0, ""update"": false}, {""action"": ""serve_3"", ""controllable"": true, ""outcomes"": 1, ""outcomes_in_certificate_region"": 1, ""unsafe_outcome_examples"": [], ""unsafe_outcomes"": 0, ""update"": false}, {""action"": ""serve_4"", ""controllable"": true, ""outcomes"": 1, ""outcomes_in_certificate_region"": 1, ""unsafe_outcome_examples"": [], ""unsafe_outcomes"": 0, ""update"": false}, {""action"": ""serve_5"", ""controllable"": true, ""outcomes"": 1, ""outcomes_in_certificate_region"": 1, ""unsafe_outcome_examples"": [], ""unsafe_outcomes"": 0, ""update"": false}, {""action"": ""serve_6"", ""controllable"": true, ""outcomes"": 1, ""outcomes_in_certificate_region"": 1, ""unsafe_outcome_examples"": [], ""unsafe_outcomes"": 0, ""update"": false}, {""action"": ""serve_7"", ""controllable"": true, ""outcomes"": 1, ""outcomes_in_certificate_region"": 1, ""unsafe_outcome_examples"": [], ""unsafe_outcomes"": 0, ""update"": false}, {""action"": ""serve_8"", ""controllable"": true, ""outcomes"": 1, ""outcomes_in_certificate_region"": 1, ""unsafe_outcome_examples"": [], ""unsafe_outcomes"": 0, ""update"": false}, {""action"": ""serve_9"", ""controllable"": true, ""outcomes"": 1, ""outcomes_in_certificate_region"": 1, ""unsafe_outcome_examples"": [], ""unsafe_outcomes"": 0, ""update"": false}], ""pending"": [""ablation.merge.transfers""], ""physical"": [[""OLD"", ""ready""], [""OLD"", ""ready""], [""OLD"", ""ready""], [""OLD"", ""ready""], [""OLD"", ""ready""], [""OLD"", ""ready""], [""OLD"", ""ready""], [""OLD"", ""ready""], [""OLD"", ""ready""], [""OLD"", ""ready""], [""OLD"", ""ready""], [""OLD"", ""ready""], [""OLD"", ""ready""]], ""safe"": true, ""testers"": {""availability"": ""q13""}}], ""initial_examples_limit"": 3, ""initial_states"": 1, ""losing_initial_states"": 1, ""region_states"": 2, ""safe_region_states"": 1, ""scope"": ""checked discovered-state losing certificate; sampled local root closure evidence, not a unique whole-game causal explanation"", ""unsafe_region_states"": 1}",raw/series/n13_m01_merged_lazy/certificate.json,raw/series/n13_m01_merged_lazy/result.json
n13_m01_all_lazy,"{""k"": 13, ""m"": 1, ""n"": 13}",none,lazy,2,"The checked discovered-state losing certificate contains 2 states (1 unsafe) and 1/1 initial states; its stored root buckets retain every adversarial outcome and identify the outcomes in this certificate (local closure evidence, not a unique causal explanation).","{""initial_examples"": [{""enabled_action_buckets"": [{""action"": ""ablation.merge.transfers"", ""controllable"": true, ""outcomes"": 1, ""outcomes_in_certificate_region"": 1, ""unsafe_outcome_examples"": [{""pending"": [], ""physical"": [[""NEW"", ""booting""], [""NEW"", ""booting""], [""NEW"", ""booting""], [""NEW"", ""booting""], [""NEW"", ""booting""], [""NEW"", ""booting""], [""NEW"", ""booting""], [""NEW"", ""booting""], [""NEW"", ""booting""], [""NEW"", ""booting""], [""NEW"", ""booting""], [""NEW"", ""booting""], [""NEW"", ""booting""]], ""testers"": {""availability"": ""ERR_AVAILABILITY""}}], ""unsafe_outcomes"": 1, ""update"": true}, {""action"": ""serve_1"", ""controllable"": true, ""outcomes"": 1, ""outcomes_in_certificate_region"": 1, ""unsafe_outcome_examples"": [], ""unsafe_outcomes"": 0, ""update"": false}, {""action"": ""serve_10"", ""controllable"": true, ""outcomes"": 1, ""outcomes_in_certificate_region"": 1, ""unsafe_outcome_examples"": [], ""unsafe_outcomes"": 0, ""update"": false}, {""action"": ""serve_11"", ""controllable"": true, ""outcomes"": 1, ""outcomes_in_certificate_region"": 1, ""unsafe_outcome_examples"": [], ""unsafe_outcomes"": 0, ""update"": false}, {""action"": ""serve_12"", ""controllable"": true, ""outcomes"": 1, ""outcomes_in_certificate_region"": 1, ""unsafe_outcome_examples"": [], ""unsafe_outcomes"": 0, ""update"": false}, {""action"": ""serve_13"", ""controllable"": true, ""outcomes"": 1, ""outcomes_in_certificate_region"": 1, ""unsafe_outcome_examples"": [], ""unsafe_outcomes"": 0, ""update"": false}, {""action"": ""serve_2"", ""controllable"": true, ""outcomes"": 1, ""outcomes_in_certificate_region"": 1, ""unsafe_outcome_examples"": [], ""unsafe_outcomes"": 0, ""update"": false}, {""action"": ""serve_3"", ""controllable"": true, ""outcomes"": 1, ""outcomes_in_certificate_region"": 1, ""unsafe_outcome_examples"": [], ""unsafe_outcomes"": 0, ""update"": false}, {""action"": ""serve_4"", ""controllable"": true, ""outcomes"": 1, ""outcomes_in_certificate_region"": 1, ""unsafe_outcome_examples"": [], ""unsafe_outcomes"": 0, ""update"": false}, {""action"": ""serve_5"", ""controllable"": true, ""outcomes"": 1, ""outcomes_in_certificate_region"": 1, ""unsafe_outcome_examples"": [], ""unsafe_outcomes"": 0, ""update"": false}, {""action"": ""serve_6"", ""controllable"": true, ""outcomes"": 1, ""outcomes_in_certificate_region"": 1, ""unsafe_outcome_examples"": [], ""unsafe_outcomes"": 0, ""update"": false}, {""action"": ""serve_7"", ""controllable"": true, ""outcomes"": 1, ""outcomes_in_certificate_region"": 1, ""unsafe_outcome_examples"": [], ""unsafe_outcomes"": 0, ""update"": false}, {""action"": ""serve_8"", ""controllable"": true, ""outcomes"": 1, ""outcomes_in_certificate_region"": 1, ""unsafe_outcome_examples"": [], ""unsafe_outcomes"": 0, ""update"": false}, {""action"": ""serve_9"", ""controllable"": true, ""outcomes"": 1, ""outcomes_in_certificate_region"": 1, ""unsafe_outcome_examples"": [], ""unsafe_outcomes"": 0, ""update"": false}], ""pending"": [""ablation.merge.transfers""], ""physical"": [[""OLD"", ""ready""], [""OLD"", ""ready""], [""OLD"", ""ready""], [""OLD"", ""ready""], [""OLD"", ""ready""], [""OLD"", ""ready""], [""OLD"", ""ready""], [""OLD"", ""ready""], [""OLD"", ""ready""], [""OLD"", ""ready""], [""OLD"", ""ready""], [""OLD"", ""ready""], [""OLD"", ""ready""]], ""safe"": true, ""testers"": {""availability"": ""q13""}}], ""initial_examples_limit"": 3, ""initial_states"": 1, ""losing_initial_states"": 1, ""region_states"": 2, ""safe_region_states"": 1, ""scope"": ""checked discovered-state losing certificate; sampled local root closure evidence, not a unique whole-game causal explanation"", ""unsafe_region_states"": 1}",raw/series/n13_m01_all_lazy/certificate.json,raw/series/n13_m01_all_lazy/result.json
n13_m12_merged_lazy,"{""k"": 13, ""m"": 12, ""n"": 13}",transfers,lazy,2,"The checked discovered-state losing certificate contains 2 states (1 unsafe) and 1/1 initial states; its stored root buckets retain every adversarial outcome and identify the outcomes in this certificate (local closure evidence, not a unique causal explanation).","{""initial_examples"": [{""enabled_action_buckets"": [{""action"": ""ablation.merge.transfers"", ""controllable"": true, ""outcomes"": 1, ""outcomes_in_certificate_region"": 1, ""unsafe_outcome_examples"": [{""pending"": [], ""physical"": [[""NEW"", ""booting""], [""NEW"", ""booting""], [""NEW"", ""booting""], [""NEW"", ""booting""], [""NEW"", ""booting""], [""NEW"", ""booting""], [""NEW"", ""booting""], [""NEW"", ""booting""], [""NEW"", ""booting""], [""NEW"", ""booting""], [""NEW"", ""booting""], [""NEW"", ""booting""], [""NEW"", ""booting""]], ""testers"": {""availability"": ""ERR_AVAILABILITY""}}], ""unsafe_outcomes"": 1, ""update"": true}, {""action"": ""serve_1"", ""controllable"": true, ""outcomes"": 1, ""outcomes_in_certificate_region"": 1, ""unsafe_outcome_examples"": [], ""unsafe_outcomes"": 0, ""update"": false}, {""action"": ""serve_10"", ""controllable"": true, ""outcomes"": 1, ""outcomes_in_certificate_region"": 1, ""unsafe_outcome_examples"": [], ""unsafe_outcomes"": 0, ""update"": false}, {""action"": ""serve_11"", ""controllable"": true, ""outcomes"": 1, ""outcomes_in_certificate_region"": 1, ""unsafe_outcome_examples"": [], ""unsafe_outcomes"": 0, ""update"": false}, {""action"": ""serve_12"", ""controllable"": true, ""outcomes"": 1, ""outcomes_in_certificate_region"": 1, ""unsafe_outcome_examples"": [], ""unsafe_outcomes"": 0, ""update"": false}, {""action"": ""serve_13"", ""controllable"": true, ""outcomes"": 1, ""outcomes_in_certificate_region"": 1, ""unsafe_outcome_examples"": [], ""unsafe_outcomes"": 0, ""update"": false}, {""action"": ""serve_2"", ""controllable"": true, ""outcomes"": 1, ""outcomes_in_certificate_region"": 1, ""unsafe_outcome_examples"": [], ""unsafe_outcomes"": 0, ""update"": false}, {""action"": ""serve_3"", ""controllable"": true, ""outcomes"": 1, ""outcomes_in_certificate_region"": 1, ""unsafe_outcome_examples"": [], ""unsafe_outcomes"": 0, ""update"": false}, {""action"": ""serve_4"", ""controllable"": true, ""outcomes"": 1, ""outcomes_in_certificate_region"": 1, ""unsafe_outcome_examples"": [], ""unsafe_outcomes"": 0, ""update"": false}, {""action"": ""serve_5"", ""controllable"": true, ""outcomes"": 1, ""outcomes_in_certificate_region"": 1, ""unsafe_outcome_examples"": [], ""unsafe_outcomes"": 0, ""update"": false}, {""action"": ""serve_6"", ""controllable"": true, ""outcomes"": 1, ""outcomes_in_certificate_region"": 1, ""unsafe_outcome_examples"": [], ""unsafe_outcomes"": 0, ""update"": false}, {""action"": ""serve_7"", ""controllable"": true, ""outcomes"": 1, ""outcomes_in_certificate_region"": 1, ""unsafe_outcome_examples"": [], ""unsafe_outcomes"": 0, ""update"": false}, {""action"": ""serve_8"", ""controllable"": true, ""outcomes"": 1, ""outcomes_in_certificate_region"": 1, ""unsafe_outcome_examples"": [], ""unsafe_outcomes"": 0, ""update"": false}, {""action"": ""serve_9"", ""controllable"": true, ""outcomes"": 1, ""outcomes_in_certificate_region"": 1, ""unsafe_outcome_examples"": [], ""unsafe_outcomes"": 0, ""update"": false}], ""pending"": [""ablation.merge.transfers""], ""physical"": [[""OLD"", ""ready""], [""OLD"", ""ready""], [""OLD"", ""ready""], [""OLD"", ""ready""], [""OLD"", ""ready""], [""OLD"", ""ready""], [""OLD"", ""ready""], [""OLD"", ""ready""], [""OLD"", ""ready""], [""OLD"", ""ready""], [""OLD"", ""ready""], [""OLD"", ""ready""], [""OLD"", ""ready""]], ""safe"": true, ""testers"": {""availability"": ""q13""}}], ""initial_examples_limit"": 3, ""initial_states"": 1, ""losing_initial_states"": 1, ""region_states"": 2, ""safe_region_states"": 1, ""scope"": ""checked discovered-state losing certificate; sampled local root closure evidence, not a unique whole-game causal explanation"", ""unsafe_region_states"": 1}",raw/series/n13_m12_merged_lazy/certificate.json,raw/series/n13_m12_merged_lazy/result.json
n13_m12_all_lazy,"{""k"": 13, ""m"": 12, ""n"": 13}",none,lazy,2,"The checked discovered-state losing certificate contains 2 states (1 unsafe) and 1/1 initial states; its stored root buckets retain every adversarial outcome and identify the outcomes in this certificate (local closure evidence, not a unique causal explanation).","{""initial_examples"": [{""enabled_action_buckets"": [{""action"": ""ablation.merge.transfers"", ""controllable"": true, ""outcomes"": 1, ""outcomes_in_certificate_region"": 1, ""unsafe_outcome_examples"": [{""pending"": [], ""physical"": [[""NEW"", ""booting""], [""NEW"", ""booting""], [""NEW"", ""booting""], [""NEW"", ""booting""], [""NEW"", ""booting""], [""NEW"", ""booting""], [""NEW"", ""booting""], [""NEW"", ""booting""], [""NEW"", ""booting""], [""NEW"", ""booting""], [""NEW"", ""booting""], [""NEW"", ""booting""], [""NEW"", ""booting""]], ""testers"": {""availability"": ""ERR_AVAILABILITY""}}], ""unsafe_outcomes"": 1, ""update"": true}, {""action"": ""serve_1"", ""controllable"": true, ""outcomes"": 1, ""outcomes_in_certificate_region"": 1, ""unsafe_outcome_examples"": [], ""unsafe_outcomes"": 0, ""update"": false}, {""action"": ""serve_10"", ""controllable"": true, ""outcomes"": 1, ""outcomes_in_certificate_region"": 1, ""unsafe_outcome_examples"": [], ""unsafe_outcomes"": 0, ""update"": false}, {""action"": ""serve_11"", ""controllable"": true, ""outcomes"": 1, ""outcomes_in_certificate_region"": 1, ""unsafe_outcome_examples"": [], ""unsafe_outcomes"": 0, ""update"": false}, {""action"": ""serve_12"", ""controllable"": true, ""outcomes"": 1, ""outcomes_in_certificate_region"": 1, ""unsafe_outcome_examples"": [], ""unsafe_outcomes"": 0, ""update"": false}, {""action"": ""serve_13"", ""controllable"": true, ""outcomes"": 1, ""outcomes_in_certificate_region"": 1, ""unsafe_outcome_examples"": [], ""unsafe_outcomes"": 0, ""update"": false}, {""action"": ""serve_2"", ""controllable"": true, ""outcomes"": 1, ""outcomes_in_certificate_region"": 1, ""unsafe_outcome_examples"": [], ""unsafe_outcomes"": 0, ""update"": false}, {""action"": ""serve_3"", ""controllable"": true, ""outcomes"": 1, ""outcomes_in_certificate_region"": 1, ""unsafe_outcome_examples"": [], ""unsafe_outcomes"": 0, ""update"": false}, {""action"": ""serve_4"", ""controllable"": true, ""outcomes"": 1, ""outcomes_in_certificate_region"": 1, ""unsafe_outcome_examples"": [], ""unsafe_outcomes"": 0, ""update"": false}, {""action"": ""serve_5"", ""controllable"": true, ""outcomes"": 1, ""outcomes_in_certificate_region"": 1, ""unsafe_outcome_examples"": [], ""unsafe_outcomes"": 0, ""update"": false}, {""action"": ""serve_6"", ""controllable"": true, ""outcomes"": 1, ""outcomes_in_certificate_region"": 1, ""unsafe_outcome_examples"": [], ""unsafe_outcomes"": 0, ""update"": false}, {""action"": ""serve_7"", ""controllable"": true, ""outcomes"": 1, ""outcomes_in_certificate_region"": 1, ""unsafe_outcome_examples"": [], ""unsafe_outcomes"": 0, ""update"": false}, {""action"": ""serve_8"", ""controllable"": true, ""outcomes"": 1, ""outcomes_in_certificate_region"": 1, ""unsafe_outcome_examples"": [], ""unsafe_outcomes"": 0, ""update"": false}, {""action"": ""serve_9"", ""controllable"": true, ""outcomes"": 1, ""outcomes_in_certificate_region"": 1, ""unsafe_outcome_examples"": [], ""unsafe_outcomes"": 0, ""update"": false}], ""pending"": [""ablation.merge.transfers""], ""physical"": [[""OLD"", ""ready""], [""OLD"", ""ready""], [""OLD"", ""ready""], [""OLD"", ""ready""], [""OLD"", ""ready""], [""OLD"", ""ready""], [""OLD"", ""ready""], [""OLD"", ""ready""], [""OLD"", ""ready""], [""OLD"", ""ready""], [""OLD"", ""ready""], [""OLD"", ""ready""], [""OLD"", ""ready""]], ""safe"": true, ""testers"": {""availability"": ""q13""}}], ""initial_examples_limit"": 3, ""initial_states"": 1, ""losing_initial_states"": 1, ""region_states"": 2, ""safe_region_states"": 1, ""scope"": ""checked discovered-state losing certificate; sampled local root closure evidence, not a unique whole-game causal explanation"", ""unsafe_region_states"": 1}",raw/series/n13_m12_all_lazy/certificate.json,raw/series/n13_m12_all_lazy/result.json
n14_m01_merged_lazy,"{""k"": 14, ""m"": 1, ""n"": 14}",transfers,lazy,2,"The checked discovered-state losing certificate contains 2 states (1 unsafe) and 1/1 initial states; its stored root buckets retain every adversarial outcome and identify the outcomes in this certificate (local closure evidence, not a unique causal explanation).","{""initial_examples"": [{""enabled_action_buckets"": [{""action"": ""ablation.merge.transfers"", ""controllable"": true, ""outcomes"": 1, ""outcomes_in_certificate_region"": 1, ""unsafe_outcome_examples"": [{""pending"": [], ""physical"": [[""NEW"", ""booting""], [""NEW"", ""booting""], [""NEW"", ""booting""], [""NEW"", ""booting""], [""NEW"", ""booting""], [""NEW"", ""booting""], [""NEW"", ""booting""], [""NEW"", ""booting""], [""NEW"", ""booting""], [""NEW"", ""booting""], [""NEW"", ""booting""], [""NEW"", ""booting""], [""NEW"", ""booting""], [""NEW"", ""booting""]], ""testers"": {""availability"": ""ERR_AVAILABILITY""}}], ""unsafe_outcomes"": 1, ""update"": true}, {""action"": ""serve_1"", ""controllable"": true, ""outcomes"": 1, ""outcomes_in_certificate_region"": 1, ""unsafe_outcome_examples"": [], ""unsafe_outcomes"": 0, ""update"": false}, {""action"": ""serve_10"", ""controllable"": true, ""outcomes"": 1, ""outcomes_in_certificate_region"": 1, ""unsafe_outcome_examples"": [], ""unsafe_outcomes"": 0, ""update"": false}, {""action"": ""serve_11"", ""controllable"": true, ""outcomes"": 1, ""outcomes_in_certificate_region"": 1, ""unsafe_outcome_examples"": [], ""unsafe_outcomes"": 0, ""update"": false}, {""action"": ""serve_12"", ""controllable"": true, ""outcomes"": 1, ""outcomes_in_certificate_region"": 1, ""unsafe_outcome_examples"": [], ""unsafe_outcomes"": 0, ""update"": false}, {""action"": ""serve_13"", ""controllable"": true, ""outcomes"": 1, ""outcomes_in_certificate_region"": 1, ""unsafe_outcome_examples"": [], ""unsafe_outcomes"": 0, ""update"": false}, {""action"": ""serve_14"", ""controllable"": true, ""outcomes"": 1, ""outcomes_in_certificate_region"": 1, ""unsafe_outcome_examples"": [], ""unsafe_outcomes"": 0, ""update"": false}, {""action"": ""serve_2"", ""controllable"": true, ""outcomes"": 1, ""outcomes_in_certificate_region"": 1, ""unsafe_outcome_examples"": [], ""unsafe_outcomes"": 0, ""update"": false}, {""action"": ""serve_3"", ""controllable"": true, ""outcomes"": 1, ""outcomes_in_certificate_region"": 1, ""unsafe_outcome_examples"": [], ""unsafe_outcomes"": 0, ""update"": false}, {""action"": ""serve_4"", ""controllable"": true, ""outcomes"": 1, ""outcomes_in_certificate_region"": 1, ""unsafe_outcome_examples"": [], ""unsafe_outcomes"": 0, ""update"": false}, {""action"": ""serve_5"", ""controllable"": true, ""outcomes"": 1, ""outcomes_in_certificate_region"": 1, ""unsafe_outcome_examples"": [], ""unsafe_outcomes"": 0, ""update"": false}, {""action"": ""serve_6"", ""controllable"": true, ""outcomes"": 1, ""outcomes_in_certificate_region"": 1, ""unsafe_outcome_examples"": [], ""unsafe_outcomes"": 0, ""update"": false}, {""action"": ""serve_7"", ""controllable"": true, ""outcomes"": 1, ""outcomes_in_certificate_region"": 1, ""unsafe_outcome_examples"": [], ""unsafe_outcomes"": 0, ""update"": false}, {""action"": ""serve_8"", ""controllable"": true, ""outcomes"": 1, ""outcomes_in_certificate_region"": 1, ""unsafe_outcome_examples"": [], ""unsafe_outcomes"": 0, ""update"": false}, {""action"": ""serve_9"", ""controllable"": true, ""outcomes"": 1, ""outcomes_in_certificate_region"": 1, ""unsafe_outcome_examples"": [], ""unsafe_outcomes"": 0, ""update"": false}], ""pending"": [""ablation.merge.transfers""], ""physical"": [[""OLD"", ""ready""], [""OLD"", ""ready""], [""OLD"", ""ready""], [""OLD"", ""ready""], [""OLD"", ""ready""], [""OLD"", ""ready""], [""OLD"", ""ready""], [""OLD"", ""ready""], [""OLD"", ""ready""], [""OLD"", ""ready""], [""OLD"", ""ready""], [""OLD"", ""ready""], [""OLD"", ""ready""], [""OLD"", ""ready""]], ""safe"": true, ""testers"": {""availability"": ""q14""}}], ""initial_examples_limit"": 3, ""initial_states"": 1, ""losing_initial_states"": 1, ""region_states"": 2, ""safe_region_states"": 1, ""scope"": ""checked discovered-state losing certificate; sampled local root closure evidence, not a unique whole-game causal explanation"", ""unsafe_region_states"": 1}",raw/series/n14_m01_merged_lazy/certificate.json,raw/series/n14_m01_merged_lazy/result.json
n14_m01_all_lazy,"{""k"": 14, ""m"": 1, ""n"": 14}",none,lazy,2,"The checked discovered-state losing certificate contains 2 states (1 unsafe) and 1/1 initial states; its stored root buckets retain every adversarial outcome and identify the outcomes in this certificate (local closure evidence, not a unique causal explanation).","{""initial_examples"": [{""enabled_action_buckets"": [{""action"": ""ablation.merge.transfers"", ""controllable"": true, ""outcomes"": 1, ""outcomes_in_certificate_region"": 1, ""unsafe_outcome_examples"": [{""pending"": [], ""physical"": [[""NEW"", ""booting""], [""NEW"", ""booting""], [""NEW"", ""booting""], [""NEW"", ""booting""], [""NEW"", ""booting""], [""NEW"", ""booting""], [""NEW"", ""booting""], [""NEW"", ""booting""], [""NEW"", ""booting""], [""NEW"", ""booting""], [""NEW"", ""booting""], [""NEW"", ""booting""], [""NEW"", ""booting""], [""NEW"", ""booting""]], ""testers"": {""availability"": ""ERR_AVAILABILITY""}}], ""unsafe_outcomes"": 1, ""update"": true}, {""action"": ""serve_1"", ""controllable"": true, ""outcomes"": 1, ""outcomes_in_certificate_region"": 1, ""unsafe_outcome_examples"": [], ""unsafe_outcomes"": 0, ""update"": false}, {""action"": ""serve_10"", ""controllable"": true, ""outcomes"": 1, ""outcomes_in_certificate_region"": 1, ""unsafe_outcome_examples"": [], ""unsafe_outcomes"": 0, ""update"": false}, {""action"": ""serve_11"", ""controllable"": true, ""outcomes"": 1, ""outcomes_in_certificate_region"": 1, ""unsafe_outcome_examples"": [], ""unsafe_outcomes"": 0, ""update"": false}, {""action"": ""serve_12"", ""controllable"": true, ""outcomes"": 1, ""outcomes_in_certificate_region"": 1, ""unsafe_outcome_examples"": [], ""unsafe_outcomes"": 0, ""update"": false}, {""action"": ""serve_13"", ""controllable"": true, ""outcomes"": 1, ""outcomes_in_certificate_region"": 1, ""unsafe_outcome_examples"": [], ""unsafe_outcomes"": 0, ""update"": false}, {""action"": ""serve_14"", ""controllable"": true, ""outcomes"": 1, ""outcomes_in_certificate_region"": 1, ""unsafe_outcome_examples"": [], ""unsafe_outcomes"": 0, ""update"": false}, {""action"": ""serve_2"", ""controllable"": true, ""outcomes"": 1, ""outcomes_in_certificate_region"": 1, ""unsafe_outcome_examples"": [], ""unsafe_outcomes"": 0, ""update"": false}, {""action"": ""serve_3"", ""controllable"": true, ""outcomes"": 1, ""outcomes_in_certificate_region"": 1, ""unsafe_outcome_examples"": [], ""unsafe_outcomes"": 0, ""update"": false}, {""action"": ""serve_4"", ""controllable"": true, ""outcomes"": 1, ""outcomes_in_certificate_region"": 1, ""unsafe_outcome_examples"": [], ""unsafe_outcomes"": 0, ""update"": false}, {""action"": ""serve_5"", ""controllable"": true, ""outcomes"": 1, ""outcomes_in_certificate_region"": 1, ""unsafe_outcome_examples"": [], ""unsafe_outcomes"": 0, ""update"": false}, {""action"": ""serve_6"", ""controllable"": true, ""outcomes"": 1, ""outcomes_in_certificate_region"": 1, ""unsafe_outcome_examples"": [], ""unsafe_outcomes"": 0, ""update"": false}, {""action"": ""serve_7"", ""controllable"": true, ""outcomes"": 1, ""outcomes_in_certificate_region"": 1, ""unsafe_outcome_examples"": [], ""unsafe_outcomes"": 0, ""update"": false}, {""action"": ""serve_8"", ""controllable"": true, ""outcomes"": 1, ""outcomes_in_certificate_region"": 1, ""unsafe_outcome_examples"": [], ""unsafe_outcomes"": 0, ""update"": false}, {""action"": ""serve_9"", ""controllable"": true, ""outcomes"": 1, ""outcomes_in_certificate_region"": 1, ""unsafe_outcome_examples"": [], ""unsafe_outcomes"": 0, ""update"": false}], ""pending"": [""ablation.merge.transfers""], ""physical"": [[""OLD"", ""ready""], [""OLD"", ""ready""], [""OLD"", ""ready""], [""OLD"", ""ready""], [""OLD"", ""ready""], [""OLD"", ""ready""], [""OLD"", ""ready""], [""OLD"", ""ready""], [""OLD"", ""ready""], [""OLD"", ""ready""], [""OLD"", ""ready""], [""OLD"", ""ready""], [""OLD"", ""ready""], [""OLD"", ""ready""]], ""safe"": true, ""testers"": {""availability"": ""q14""}}], ""initial_examples_limit"": 3, ""initial_states"": 1, ""losing_initial_states"": 1, ""region_states"": 2, ""safe_region_states"": 1, ""scope"": ""checked discovered-state losing certificate; sampled local root closure evidence, not a unique whole-game causal explanation"", ""unsafe_region_states"": 1}",raw/series/n14_m01_all_lazy/certificate.json,raw/series/n14_m01_all_lazy/result.json
n14_m13_merged_lazy,"{""k"": 14, ""m"": 13, ""n"": 14}",transfers,lazy,2,"The checked discovered-state losing certificate contains 2 states (1 unsafe) and 1/1 initial states; its stored root buckets retain every adversarial outcome and identify the outcomes in this certificate (local closure evidence, not a unique causal explanation).","{""initial_examples"": [{""enabled_action_buckets"": [{""action"": ""ablation.merge.transfers"", ""controllable"": true, ""outcomes"": 1, ""outcomes_in_certificate_region"": 1, ""unsafe_outcome_examples"": [{""pending"": [], ""physical"": [[""NEW"", ""booting""], [""NEW"", ""booting""], [""NEW"", ""booting""], [""NEW"", ""booting""], [""NEW"", ""booting""], [""NEW"", ""booting""], [""NEW"", ""booting""], [""NEW"", ""booting""], [""NEW"", ""booting""], [""NEW"", ""booting""], [""NEW"", ""booting""], [""NEW"", ""booting""], [""NEW"", ""booting""], [""NEW"", ""booting""]], ""testers"": {""availability"": ""ERR_AVAILABILITY""}}], ""unsafe_outcomes"": 1, ""update"": true}, {""action"": ""serve_1"", ""controllable"": true, ""outcomes"": 1, ""outcomes_in_certificate_region"": 1, ""unsafe_outcome_examples"": [], ""unsafe_outcomes"": 0, ""update"": false}, {""action"": ""serve_10"", ""controllable"": true, ""outcomes"": 1, ""outcomes_in_certificate_region"": 1, ""unsafe_outcome_examples"": [], ""unsafe_outcomes"": 0, ""update"": false}, {""action"": ""serve_11"", ""controllable"": true, ""outcomes"": 1, ""outcomes_in_certificate_region"": 1, ""unsafe_outcome_examples"": [], ""unsafe_outcomes"": 0, ""update"": false}, {""action"": ""serve_12"", ""controllable"": true, ""outcomes"": 1, ""outcomes_in_certificate_region"": 1, ""unsafe_outcome_examples"": [], ""unsafe_outcomes"": 0, ""update"": false}, {""action"": ""serve_13"", ""controllable"": true, ""outcomes"": 1, ""outcomes_in_certificate_region"": 1, ""unsafe_outcome_examples"": [], ""unsafe_outcomes"": 0, ""update"": false}, {""action"": ""serve_14"", ""controllable"": true, ""outcomes"": 1, ""outcomes_in_certificate_region"": 1, ""unsafe_outcome_examples"": [], ""unsafe_outcomes"": 0, ""update"": false}, {""action"": ""serve_2"", ""controllable"": true, ""outcomes"": 1, ""outcomes_in_certificate_region"": 1, ""unsafe_outcome_examples"": [], ""unsafe_outcomes"": 0, ""update"": false}, {""action"": ""serve_3"", ""controllable"": true, ""outcomes"": 1, ""outcomes_in_certificate_region"": 1, ""unsafe_outcome_examples"": [], ""unsafe_outcomes"": 0, ""update"": false}, {""action"": ""serve_4"", ""controllable"": true, ""outcomes"": 1, ""outcomes_in_certificate_region"": 1, ""unsafe_outcome_examples"": [], ""unsafe_outcomes"": 0, ""update"": false}, {""action"": ""serve_5"", ""controllable"": true, ""outcomes"": 1, ""outcomes_in_certificate_region"": 1, ""unsafe_outcome_examples"": [], ""unsafe_outcomes"": 0, ""update"": false}, {""action"": ""serve_6"", ""controllable"": true, ""outcomes"": 1, ""outcomes_in_certificate_region"": 1, ""unsafe_outcome_examples"": [], ""unsafe_outcomes"": 0, ""update"": false}, {""action"": ""serve_7"", ""controllable"": true, ""outcomes"": 1, ""outcomes_in_certificate_region"": 1, ""unsafe_outcome_examples"": [], ""unsafe_outcomes"": 0, ""update"": false}, {""action"": ""serve_8"", ""controllable"": true, ""outcomes"": 1, ""outcomes_in_certificate_region"": 1, ""unsafe_outcome_examples"": [], ""unsafe_outcomes"": 0, ""update"": false}, {""action"": ""serve_9"", ""controllable"": true, ""outcomes"": 1, ""outcomes_in_certificate_region"": 1, ""unsafe_outcome_examples"": [], ""unsafe_outcomes"": 0, ""update"": false}], ""pending"": [""ablation.merge.transfers""], ""physical"": [[""OLD"", ""ready""], [""OLD"", ""ready""], [""OLD"", ""ready""], [""OLD"", ""ready""], [""OLD"", ""ready""], [""OLD"", ""ready""], [""OLD"", ""ready""], [""OLD"", ""ready""], [""OLD"", ""ready""], [""OLD"", ""ready""], [""OLD"", ""ready""], [""OLD"", ""ready""], [""OLD"", ""ready""], [""OLD"", ""ready""]], ""safe"": true, ""testers"": {""availability"": ""q14""}}], ""initial_examples_limit"": 3, ""initial_states"": 1, ""losing_initial_states"": 1, ""region_states"": 2, ""safe_region_states"": 1, ""scope"": ""checked discovered-state losing certificate; sampled local root closure evidence, not a unique whole-game causal explanation"", ""unsafe_region_states"": 1}",raw/series/n14_m13_merged_lazy/certificate.json,raw/series/n14_m13_merged_lazy/result.json
n14_m13_all_lazy,"{""k"": 14, ""m"": 13, ""n"": 14}",none,lazy,2,"The checked discovered-state losing certificate contains 2 states (1 unsafe) and 1/1 initial states; its stored root buckets retain every adversarial outcome and identify the outcomes in this certificate (local closure evidence, not a unique causal explanation).","{""initial_examples"": [{""enabled_action_buckets"": [{""action"": ""ablation.merge.transfers"", ""controllable"": true, ""outcomes"": 1, ""outcomes_in_certificate_region"": 1, ""unsafe_outcome_examples"": [{""pending"": [], ""physical"": [[""NEW"", ""booting""], [""NEW"", ""booting""], [""NEW"", ""booting""], [""NEW"", ""booting""], [""NEW"", ""booting""], [""NEW"", ""booting""], [""NEW"", ""booting""], [""NEW"", ""booting""], [""NEW"", ""booting""], [""NEW"", ""booting""], [""NEW"", ""booting""], [""NEW"", ""booting""], [""NEW"", ""booting""], [""NEW"", ""booting""]], ""testers"": {""availability"": ""ERR_AVAILABILITY""}}], ""unsafe_outcomes"": 1, ""update"": true}, {""action"": ""serve_1"", ""controllable"": true, ""outcomes"": 1, ""outcomes_in_certificate_region"": 1, ""unsafe_outcome_examples"": [], ""unsafe_outcomes"": 0, ""update"": false}, {""action"": ""serve_10"", ""controllable"": true, ""outcomes"": 1, ""outcomes_in_certificate_region"": 1, ""unsafe_outcome_examples"": [], ""unsafe_outcomes"": 0, ""update"": false}, {""action"": ""serve_11"", ""controllable"": true, ""outcomes"": 1, ""outcomes_in_certificate_region"": 1, ""unsafe_outcome_examples"": [], ""unsafe_outcomes"": 0, ""update"": false}, {""action"": ""serve_12"", ""controllable"": true, ""outcomes"": 1, ""outcomes_in_certificate_region"": 1, ""unsafe_outcome_examples"": [], ""unsafe_outcomes"": 0, ""update"": false}, {""action"": ""serve_13"", ""controllable"": true, ""outcomes"": 1, ""outcomes_in_certificate_region"": 1, ""unsafe_outcome_examples"": [], ""unsafe_outcomes"": 0, ""update"": false}, {""action"": ""serve_14"", ""controllable"": true, ""outcomes"": 1, ""outcomes_in_certificate_region"": 1, ""unsafe_outcome_examples"": [], ""unsafe_outcomes"": 0, ""update"": false}, {""action"": ""serve_2"", ""controllable"": true, ""outcomes"": 1, ""outcomes_in_certificate_region"": 1, ""unsafe_outcome_examples"": [], ""unsafe_outcomes"": 0, ""update"": false}, {""action"": ""serve_3"", ""controllable"": true, ""outcomes"": 1, ""outcomes_in_certificate_region"": 1, ""unsafe_outcome_examples"": [], ""unsafe_outcomes"": 0, ""update"": false}, {""action"": ""serve_4"", ""controllable"": true, ""outcomes"": 1, ""outcomes_in_certificate_region"": 1, ""unsafe_outcome_examples"": [], ""unsafe_outcomes"": 0, ""update"": false}, {""action"": ""serve_5"", ""controllable"": true, ""outcomes"": 1, ""outcomes_in_certificate_region"": 1, ""unsafe_outcome_examples"": [], ""unsafe_outcomes"": 0, ""update"": false}, {""action"": ""serve_6"", ""controllable"": true, ""outcomes"": 1, ""outcomes_in_certificate_region"": 1, ""unsafe_outcome_examples"": [], ""unsafe_outcomes"": 0, ""update"": false}, {""action"": ""serve_7"", ""controllable"": true, ""outcomes"": 1, ""outcomes_in_certificate_region"": 1, ""unsafe_outcome_examples"": [], ""unsafe_outcomes"": 0, ""update"": false}, {""action"": ""serve_8"", ""controllable"": true, ""outcomes"": 1, ""outcomes_in_certificate_region"": 1, ""unsafe_outcome_examples"": [], ""unsafe_outcomes"": 0, ""update"": false}, {""action"": ""serve_9"", ""controllable"": true, ""outcomes"": 1, ""outcomes_in_certificate_region"": 1, ""unsafe_outcome_examples"": [], ""unsafe_outcomes"": 0, ""update"": false}], ""pending"": [""ablation.merge.transfers""], ""physical"": [[""OLD"", ""ready""], [""OLD"", ""ready""], [""OLD"", ""ready""], [""OLD"", ""ready""], [""OLD"", ""ready""], [""OLD"", ""ready""], [""OLD"", ""ready""], [""OLD"", ""ready""], [""OLD"", ""ready""], [""OLD"", ""ready""], [""OLD"", ""ready""], [""OLD"", ""ready""], [""OLD"", ""ready""], [""OLD"", ""ready""]], ""safe"": true, ""testers"": {""availability"": ""q14""}}], ""initial_examples_limit"": 3, ""initial_states"": 1, ""losing_initial_states"": 1, ""region_states"": 2, ""safe_region_states"": 1, ""scope"": ""checked discovered-state losing certificate; sampled local root closure evidence, not a unique whole-game causal explanation"", ""unsafe_region_states"": 1}",raw/series/n14_m13_all_lazy/certificate.json,raw/series/n14_m13_all_lazy/result.json
n15_m01_merged_lazy,"{""k"": 15, ""m"": 1, ""n"": 15}",transfers,lazy,2,"The checked discovered-state losing certificate contains 2 states (1 unsafe) and 1/1 initial states; its stored root buckets retain every adversarial outcome and identify the outcomes in this certificate (local closure evidence, not a unique causal explanation).","{""initial_examples"": [{""enabled_action_buckets"": [{""action"": ""ablation.merge.transfers"", ""controllable"": true, ""outcomes"": 1, ""outcomes_in_certificate_region"": 1, ""unsafe_outcome_examples"": [{""pending"": [], ""physical"": [[""NEW"", ""booting""], [""NEW"", ""booting""], [""NEW"", ""booting""], [""NEW"", ""booting""], [""NEW"", ""booting""], [""NEW"", ""booting""], [""NEW"", ""booting""], [""NEW"", ""booting""], [""NEW"", ""booting""], [""NEW"", ""booting""], [""NEW"", ""booting""], [""NEW"", ""booting""], [""NEW"", ""booting""], [""NEW"", ""booting""], [""NEW"", ""booting""]], ""testers"": {""availability"": ""ERR_AVAILABILITY""}}], ""unsafe_outcomes"": 1, ""update"": true}, {""action"": ""serve_1"", ""controllable"": true, ""outcomes"": 1, ""outcomes_in_certificate_region"": 1, ""unsafe_outcome_examples"": [], ""unsafe_outcomes"": 0, ""update"": false}, {""action"": ""serve_10"", ""controllable"": true, ""outcomes"": 1, ""outcomes_in_certificate_region"": 1, ""unsafe_outcome_examples"": [], ""unsafe_outcomes"": 0, ""update"": false}, {""action"": ""serve_11"", ""controllable"": true, ""outcomes"": 1, ""outcomes_in_certificate_region"": 1, ""unsafe_outcome_examples"": [], ""unsafe_outcomes"": 0, ""update"": false}, {""action"": ""serve_12"", ""controllable"": true, ""outcomes"": 1, ""outcomes_in_certificate_region"": 1, ""unsafe_outcome_examples"": [], ""unsafe_outcomes"": 0, ""update"": false}, {""action"": ""serve_13"", ""controllable"": true, ""outcomes"": 1, ""outcomes_in_certificate_region"": 1, ""unsafe_outcome_examples"": [], ""unsafe_outcomes"": 0, ""update"": false}, {""action"": ""serve_14"", ""controllable"": true, ""outcomes"": 1, ""outcomes_in_certificate_region"": 1, ""unsafe_outcome_examples"": [], ""unsafe_outcomes"": 0, ""update"": false}, {""action"": ""serve_15"", ""controllable"": true, ""outcomes"": 1, ""outcomes_in_certificate_region"": 1, ""unsafe_outcome_examples"": [], ""unsafe_outcomes"": 0, ""update"": false}, {""action"": ""serve_2"", ""controllable"": true, ""outcomes"": 1, ""outcomes_in_certificate_region"": 1, ""unsafe_outcome_examples"": [], ""unsafe_outcomes"": 0, ""update"": false}, {""action"": ""serve_3"", ""controllable"": true, ""outcomes"": 1, ""outcomes_in_certificate_region"": 1, ""unsafe_outcome_examples"": [], ""unsafe_outcomes"": 0, ""update"": false}, {""action"": ""serve_4"", ""controllable"": true, ""outcomes"": 1, ""outcomes_in_certificate_region"": 1, ""unsafe_outcome_examples"": [], ""unsafe_outcomes"": 0, ""update"": false}, {""action"": ""serve_5"", ""controllable"": true, ""outcomes"": 1, ""outcomes_in_certificate_region"": 1, ""unsafe_outcome_examples"": [], ""unsafe_outcomes"": 0, ""update"": false}, {""action"": ""serve_6"", ""controllable"": true, ""outcomes"": 1, ""outcomes_in_certificate_region"": 1, ""unsafe_outcome_examples"": [], ""unsafe_outcomes"": 0, ""update"": false}, {""action"": ""serve_7"", ""controllable"": true, ""outcomes"": 1, ""outcomes_in_certificate_region"": 1, ""unsafe_outcome_examples"": [], ""unsafe_outcomes"": 0, ""update"": false}, {""action"": ""serve_8"", ""controllable"": true, ""outcomes"": 1, ""outcomes_in_certificate_region"": 1, ""unsafe_outcome_examples"": [], ""unsafe_outcomes"": 0, ""update"": false}, {""action"": ""serve_9"", ""controllable"": true, ""outcomes"": 1, ""outcomes_in_certificate_region"": 1, ""unsafe_outcome_examples"": [], ""unsafe_outcomes"": 0, ""update"": false}], ""pending"": [""ablation.merge.transfers""], ""physical"": [[""OLD"", ""ready""], [""OLD"", ""ready""], [""OLD"", ""ready""], [""OLD"", ""ready""], [""OLD"", ""ready""], [""OLD"", ""ready""], [""OLD"", ""ready""], [""OLD"", ""ready""], [""OLD"", ""ready""], [""OLD"", ""ready""], [""OLD"", ""ready""], [""OLD"", ""ready""], [""OLD"", ""ready""], [""OLD"", ""ready""], [""OLD"", ""ready""]], ""safe"": true, ""testers"": {""availability"": ""q15""}}], ""initial_examples_limit"": 3, ""initial_states"": 1, ""losing_initial_states"": 1, ""region_states"": 2, ""safe_region_states"": 1, ""scope"": ""checked discovered-state losing certificate; sampled local root closure evidence, not a unique whole-game causal explanation"", ""unsafe_region_states"": 1}",raw/series/n15_m01_merged_lazy/certificate.json,raw/series/n15_m01_merged_lazy/result.json
n15_m01_all_lazy,"{""k"": 15, ""m"": 1, ""n"": 15}",none,lazy,2,"The checked discovered-state losing certificate contains 2 states (1 unsafe) and 1/1 initial states; its stored root buckets retain every adversarial outcome and identify the outcomes in this certificate (local closure evidence, not a unique causal explanation).","{""initial_examples"": [{""enabled_action_buckets"": [{""action"": ""ablation.merge.transfers"", ""controllable"": true, ""outcomes"": 1, ""outcomes_in_certificate_region"": 1, ""unsafe_outcome_examples"": [{""pending"": [], ""physical"": [[""NEW"", ""booting""], [""NEW"", ""booting""], [""NEW"", ""booting""], [""NEW"", ""booting""], [""NEW"", ""booting""], [""NEW"", ""booting""], [""NEW"", ""booting""], [""NEW"", ""booting""], [""NEW"", ""booting""], [""NEW"", ""booting""], [""NEW"", ""booting""], [""NEW"", ""booting""], [""NEW"", ""booting""], [""NEW"", ""booting""], [""NEW"", ""booting""]], ""testers"": {""availability"": ""ERR_AVAILABILITY""}}], ""unsafe_outcomes"": 1, ""update"": true}, {""action"": ""serve_1"", ""controllable"": true, ""outcomes"": 1, ""outcomes_in_certificate_region"": 1, ""unsafe_outcome_examples"": [], ""unsafe_outcomes"": 0, ""update"": false}, {""action"": ""serve_10"", ""controllable"": true, ""outcomes"": 1, ""outcomes_in_certificate_region"": 1, ""unsafe_outcome_examples"": [], ""unsafe_outcomes"": 0, ""update"": false}, {""action"": ""serve_11"", ""controllable"": true, ""outcomes"": 1, ""outcomes_in_certificate_region"": 1, ""unsafe_outcome_examples"": [], ""unsafe_outcomes"": 0, ""update"": false}, {""action"": ""serve_12"", ""controllable"": true, ""outcomes"": 1, ""outcomes_in_certificate_region"": 1, ""unsafe_outcome_examples"": [], ""unsafe_outcomes"": 0, ""update"": false}, {""action"": ""serve_13"", ""controllable"": true, ""outcomes"": 1, ""outcomes_in_certificate_region"": 1, ""unsafe_outcome_examples"": [], ""unsafe_outcomes"": 0, ""update"": false}, {""action"": ""serve_14"", ""controllable"": true, ""outcomes"": 1, ""outcomes_in_certificate_region"": 1, ""unsafe_outcome_examples"": [], ""unsafe_outcomes"": 0, ""update"": false}, {""action"": ""serve_15"", ""controllable"": true, ""outcomes"": 1, ""outcomes_in_certificate_region"": 1, ""unsafe_outcome_examples"": [], ""unsafe_outcomes"": 0, ""update"": false}, {""action"": ""serve_2"", ""controllable"": true, ""outcomes"": 1, ""outcomes_in_certificate_region"": 1, ""unsafe_outcome_examples"": [], ""unsafe_outcomes"": 0, ""update"": false}, {""action"": ""serve_3"", ""controllable"": true, ""outcomes"": 1, ""outcomes_in_certificate_region"": 1, ""unsafe_outcome_examples"": [], ""unsafe_outcomes"": 0, ""update"": false}, {""action"": ""serve_4"", ""controllable"": true, ""outcomes"": 1, ""outcomes_in_certificate_region"": 1, ""unsafe_outcome_examples"": [], ""unsafe_outcomes"": 0, ""update"": false}, {""action"": ""serve_5"", ""controllable"": true, ""outcomes"": 1, ""outcomes_in_certificate_region"": 1, ""unsafe_outcome_examples"": [], ""unsafe_outcomes"": 0, ""update"": false}, {""action"": ""serve_6"", ""controllable"": true, ""outcomes"": 1, ""outcomes_in_certificate_region"": 1, ""unsafe_outcome_examples"": [], ""unsafe_outcomes"": 0, ""update"": false}, {""action"": ""serve_7"", ""controllable"": true, ""outcomes"": 1, ""outcomes_in_certificate_region"": 1, ""unsafe_outcome_examples"": [], ""unsafe_outcomes"": 0, ""update"": false}, {""action"": ""serve_8"", ""controllable"": true, ""outcomes"": 1, ""outcomes_in_certificate_region"": 1, ""unsafe_outcome_examples"": [], ""unsafe_outcomes"": 0, ""update"": false}, {""action"": ""serve_9"", ""controllable"": true, ""outcomes"": 1, ""outcomes_in_certificate_region"": 1, ""unsafe_outcome_examples"": [], ""unsafe_outcomes"": 0, ""update"": false}], ""pending"": [""ablation.merge.transfers""], ""physical"": [[""OLD"", ""ready""], [""OLD"", ""ready""], [""OLD"", ""ready""], [""OLD"", ""ready""], [""OLD"", ""ready""], [""OLD"", ""ready""], [""OLD"", ""ready""], [""OLD"", ""ready""], [""OLD"", ""ready""], [""OLD"", ""ready""], [""OLD"", ""ready""], [""OLD"", ""ready""], [""OLD"", ""ready""], [""OLD"", ""ready""], [""OLD"", ""ready""]], ""safe"": true, ""testers"": {""availability"": ""q15""}}], ""initial_examples_limit"": 3, ""initial_states"": 1, ""losing_initial_states"": 1, ""region_states"": 2, ""safe_region_states"": 1, ""scope"": ""checked discovered-state losing certificate; sampled local root closure evidence, not a unique whole-game causal explanation"", ""unsafe_region_states"": 1}",raw/series/n15_m01_all_lazy/certificate.json,raw/series/n15_m01_all_lazy/result.json
n15_m14_merged_lazy,"{""k"": 15, ""m"": 14, ""n"": 15}",transfers,lazy,2,"The checked discovered-state losing certificate contains 2 states (1 unsafe) and 1/1 initial states; its stored root buckets retain every adversarial outcome and identify the outcomes in this certificate (local closure evidence, not a unique causal explanation).","{""initial_examples"": [{""enabled_action_buckets"": [{""action"": ""ablation.merge.transfers"", ""controllable"": true, ""outcomes"": 1, ""outcomes_in_certificate_region"": 1, ""unsafe_outcome_examples"": [{""pending"": [], ""physical"": [[""NEW"", ""booting""], [""NEW"", ""booting""], [""NEW"", ""booting""], [""NEW"", ""booting""], [""NEW"", ""booting""], [""NEW"", ""booting""], [""NEW"", ""booting""], [""NEW"", ""booting""], [""NEW"", ""booting""], [""NEW"", ""booting""], [""NEW"", ""booting""], [""NEW"", ""booting""], [""NEW"", ""booting""], [""NEW"", ""booting""], [""NEW"", ""booting""]], ""testers"": {""availability"": ""ERR_AVAILABILITY""}}], ""unsafe_outcomes"": 1, ""update"": true}, {""action"": ""serve_1"", ""controllable"": true, ""outcomes"": 1, ""outcomes_in_certificate_region"": 1, ""unsafe_outcome_examples"": [], ""unsafe_outcomes"": 0, ""update"": false}, {""action"": ""serve_10"", ""controllable"": true, ""outcomes"": 1, ""outcomes_in_certificate_region"": 1, ""unsafe_outcome_examples"": [], ""unsafe_outcomes"": 0, ""update"": false}, {""action"": ""serve_11"", ""controllable"": true, ""outcomes"": 1, ""outcomes_in_certificate_region"": 1, ""unsafe_outcome_examples"": [], ""unsafe_outcomes"": 0, ""update"": false}, {""action"": ""serve_12"", ""controllable"": true, ""outcomes"": 1, ""outcomes_in_certificate_region"": 1, ""unsafe_outcome_examples"": [], ""unsafe_outcomes"": 0, ""update"": false}, {""action"": ""serve_13"", ""controllable"": true, ""outcomes"": 1, ""outcomes_in_certificate_region"": 1, ""unsafe_outcome_examples"": [], ""unsafe_outcomes"": 0, ""update"": false}, {""action"": ""serve_14"", ""controllable"": true, ""outcomes"": 1, ""outcomes_in_certificate_region"": 1, ""unsafe_outcome_examples"": [], ""unsafe_outcomes"": 0, ""update"": false}, {""action"": ""serve_15"", ""controllable"": true, ""outcomes"": 1, ""outcomes_in_certificate_region"": 1, ""unsafe_outcome_examples"": [], ""unsafe_outcomes"": 0, ""update"": false}, {""action"": ""serve_2"", ""controllable"": true, ""outcomes"": 1, ""outcomes_in_certificate_region"": 1, ""unsafe_outcome_examples"": [], ""unsafe_outcomes"": 0, ""update"": false}, {""action"": ""serve_3"", ""controllable"": true, ""outcomes"": 1, ""outcomes_in_certificate_region"": 1, ""unsafe_outcome_examples"": [], ""unsafe_outcomes"": 0, ""update"": false}, {""action"": ""serve_4"", ""controllable"": true, ""outcomes"": 1, ""outcomes_in_certificate_region"": 1, ""unsafe_outcome_examples"": [], ""unsafe_outcomes"": 0, ""update"": false}, {""action"": ""serve_5"", ""controllable"": true, ""outcomes"": 1, ""outcomes_in_certificate_region"": 1, ""unsafe_outcome_examples"": [], ""unsafe_outcomes"": 0, ""update"": false}, {""action"": ""serve_6"", ""controllable"": true, ""outcomes"": 1, ""outcomes_in_certificate_region"": 1, ""unsafe_outcome_examples"": [], ""unsafe_outcomes"": 0, ""update"": false}, {""action"": ""serve_7"", ""controllable"": true, ""outcomes"": 1, ""outcomes_in_certificate_region"": 1, ""unsafe_outcome_examples"": [], ""unsafe_outcomes"": 0, ""update"": false}, {""action"": ""serve_8"", ""controllable"": true, ""outcomes"": 1, ""outcomes_in_certificate_region"": 1, ""unsafe_outcome_examples"": [], ""unsafe_outcomes"": 0, ""update"": false}, {""action"": ""serve_9"", ""controllable"": true, ""outcomes"": 1, ""outcomes_in_certificate_region"": 1, ""unsafe_outcome_examples"": [], ""unsafe_outcomes"": 0, ""update"": false}], ""pending"": [""ablation.merge.transfers""], ""physical"": [[""OLD"", ""ready""], [""OLD"", ""ready""], [""OLD"", ""ready""], [""OLD"", ""ready""], [""OLD"", ""ready""], [""OLD"", ""ready""], [""OLD"", ""ready""], [""OLD"", ""ready""], [""OLD"", ""ready""], [""OLD"", ""ready""], [""OLD"", ""ready""], [""OLD"", ""ready""], [""OLD"", ""ready""], [""OLD"", ""ready""], [""OLD"", ""ready""]], ""safe"": true, ""testers"": {""availability"": ""q15""}}], ""initial_examples_limit"": 3, ""initial_states"": 1, ""losing_initial_states"": 1, ""region_states"": 2, ""safe_region_states"": 1, ""scope"": ""checked discovered-state losing certificate; sampled local root closure evidence, not a unique whole-game causal explanation"", ""unsafe_region_states"": 1}",raw/series/n15_m14_merged_lazy/certificate.json,raw/series/n15_m14_merged_lazy/result.json
n15_m14_all_lazy,"{""k"": 15, ""m"": 14, ""n"": 15}",none,lazy,2,"The checked discovered-state losing certificate contains 2 states (1 unsafe) and 1/1 initial states; its stored root buckets retain every adversarial outcome and identify the outcomes in this certificate (local closure evidence, not a unique causal explanation).","{""initial_examples"": [{""enabled_action_buckets"": [{""action"": ""ablation.merge.transfers"", ""controllable"": true, ""outcomes"": 1, ""outcomes_in_certificate_region"": 1, ""unsafe_outcome_examples"": [{""pending"": [], ""physical"": [[""NEW"", ""booting""], [""NEW"", ""booting""], [""NEW"", ""booting""], [""NEW"", ""booting""], [""NEW"", ""booting""], [""NEW"", ""booting""], [""NEW"", ""booting""], [""NEW"", ""booting""], [""NEW"", ""booting""], [""NEW"", ""booting""], [""NEW"", ""booting""], [""NEW"", ""booting""], [""NEW"", ""booting""], [""NEW"", ""booting""], [""NEW"", ""booting""]], ""testers"": {""availability"": ""ERR_AVAILABILITY""}}], ""unsafe_outcomes"": 1, ""update"": true}, {""action"": ""serve_1"", ""controllable"": true, ""outcomes"": 1, ""outcomes_in_certificate_region"": 1, ""unsafe_outcome_examples"": [], ""unsafe_outcomes"": 0, ""update"": false}, {""action"": ""serve_10"", ""controllable"": true, ""outcomes"": 1, ""outcomes_in_certificate_region"": 1, ""unsafe_outcome_examples"": [], ""unsafe_outcomes"": 0, ""update"": false}, {""action"": ""serve_11"", ""controllable"": true, ""outcomes"": 1, ""outcomes_in_certificate_region"": 1, ""unsafe_outcome_examples"": [], ""unsafe_outcomes"": 0, ""update"": false}, {""action"": ""serve_12"", ""controllable"": true, ""outcomes"": 1, ""outcomes_in_certificate_region"": 1, ""unsafe_outcome_examples"": [], ""unsafe_outcomes"": 0, ""update"": false}, {""action"": ""serve_13"", ""controllable"": true, ""outcomes"": 1, ""outcomes_in_certificate_region"": 1, ""unsafe_outcome_examples"": [], ""unsafe_outcomes"": 0, ""update"": false}, {""action"": ""serve_14"", ""controllable"": true, ""outcomes"": 1, ""outcomes_in_certificate_region"": 1, ""unsafe_outcome_examples"": [], ""unsafe_outcomes"": 0, ""update"": false}, {""action"": ""serve_15"", ""controllable"": true, ""outcomes"": 1, ""outcomes_in_certificate_region"": 1, ""unsafe_outcome_examples"": [], ""unsafe_outcomes"": 0, ""update"": false}, {""action"": ""serve_2"", ""controllable"": true, ""outcomes"": 1, ""outcomes_in_certificate_region"": 1, ""unsafe_outcome_examples"": [], ""unsafe_outcomes"": 0, ""update"": false}, {""action"": ""serve_3"", ""controllable"": true, ""outcomes"": 1, ""outcomes_in_certificate_region"": 1, ""unsafe_outcome_examples"": [], ""unsafe_outcomes"": 0, ""update"": false}, {""action"": ""serve_4"", ""controllable"": true, ""outcomes"": 1, ""outcomes_in_certificate_region"": 1, ""unsafe_outcome_examples"": [], ""unsafe_outcomes"": 0, ""update"": false}, {""action"": ""serve_5"", ""controllable"": true, ""outcomes"": 1, ""outcomes_in_certificate_region"": 1, ""unsafe_outcome_examples"": [], ""unsafe_outcomes"": 0, ""update"": false}, {""action"": ""serve_6"", ""controllable"": true, ""outcomes"": 1, ""outcomes_in_certificate_region"": 1, ""unsafe_outcome_examples"": [], ""unsafe_outcomes"": 0, ""update"": false}, {""action"": ""serve_7"", ""controllable"": true, ""outcomes"": 1, ""outcomes_in_certificate_region"": 1, ""unsafe_outcome_examples"": [], ""unsafe_outcomes"": 0, ""update"": false}, {""action"": ""serve_8"", ""controllable"": true, ""outcomes"": 1, ""outcomes_in_certificate_region"": 1, ""unsafe_outcome_examples"": [], ""unsafe_outcomes"": 0, ""update"": false}, {""action"": ""serve_9"", ""controllable"": true, ""outcomes"": 1, ""outcomes_in_certificate_region"": 1, ""unsafe_outcome_examples"": [], ""unsafe_outcomes"": 0, ""update"": false}], ""pending"": [""ablation.merge.transfers""], ""physical"": [[""OLD"", ""ready""], [""OLD"", ""ready""], [""OLD"", ""ready""], [""OLD"", ""ready""], [""OLD"", ""ready""], [""OLD"", ""ready""], [""OLD"", ""ready""], [""OLD"", ""ready""], [""OLD"", ""ready""], [""OLD"", ""ready""], [""OLD"", ""ready""], [""OLD"", ""ready""], [""OLD"", ""ready""], [""OLD"", ""ready""], [""OLD"", ""ready""]], ""safe"": true, ""testers"": {""availability"": ""q15""}}], ""initial_examples_limit"": 3, ""initial_states"": 1, ""losing_initial_states"": 1, ""region_states"": 2, ""safe_region_states"": 1, ""scope"": ""checked discovered-state losing certificate; sampled local root closure evidence, not a unique whole-game causal explanation"", ""unsafe_region_states"": 1}",raw/series/n15_m14_all_lazy/certificate.json,raw/series/n15_m14_all_lazy/result.json
n16_m01_merged_lazy,"{""k"": 16, ""m"": 1, ""n"": 16}",transfers,lazy,2,"The checked discovered-state losing certificate contains 2 states (1 unsafe) and 1/1 initial states; its stored root buckets retain every adversarial outcome and identify the outcomes in this certificate (local closure evidence, not a unique causal explanation).","{""initial_examples"": [{""enabled_action_buckets"": [{""action"": ""ablation.merge.transfers"", ""controllable"": true, ""outcomes"": 1, ""outcomes_in_certificate_region"": 1, ""unsafe_outcome_examples"": [{""pending"": [], ""physical"": [[""NEW"", ""booting""], [""NEW"", ""booting""], [""NEW"", ""booting""], [""NEW"", ""booting""], [""NEW"", ""booting""], [""NEW"", ""booting""], [""NEW"", ""booting""], [""NEW"", ""booting""], [""NEW"", ""booting""], [""NEW"", ""booting""], [""NEW"", ""booting""], [""NEW"", ""booting""], [""NEW"", ""booting""], [""NEW"", ""booting""], [""NEW"", ""booting""], [""NEW"", ""booting""]], ""testers"": {""availability"": ""ERR_AVAILABILITY""}}], ""unsafe_outcomes"": 1, ""update"": true}, {""action"": ""serve_1"", ""controllable"": true, ""outcomes"": 1, ""outcomes_in_certificate_region"": 1, ""unsafe_outcome_examples"": [], ""unsafe_outcomes"": 0, ""update"": false}, {""action"": ""serve_10"", ""controllable"": true, ""outcomes"": 1, ""outcomes_in_certificate_region"": 1, ""unsafe_outcome_examples"": [], ""unsafe_outcomes"": 0, ""update"": false}, {""action"": ""serve_11"", ""controllable"": true, ""outcomes"": 1, ""outcomes_in_certificate_region"": 1, ""unsafe_outcome_examples"": [], ""unsafe_outcomes"": 0, ""update"": false}, {""action"": ""serve_12"", ""controllable"": true, ""outcomes"": 1, ""outcomes_in_certificate_region"": 1, ""unsafe_outcome_examples"": [], ""unsafe_outcomes"": 0, ""update"": false}, {""action"": ""serve_13"", ""controllable"": true, ""outcomes"": 1, ""outcomes_in_certificate_region"": 1, ""unsafe_outcome_examples"": [], ""unsafe_outcomes"": 0, ""update"": false}, {""action"": ""serve_14"", ""controllable"": true, ""outcomes"": 1, ""outcomes_in_certificate_region"": 1, ""unsafe_outcome_examples"": [], ""unsafe_outcomes"": 0, ""update"": false}, {""action"": ""serve_15"", ""controllable"": true, ""outcomes"": 1, ""outcomes_in_certificate_region"": 1, ""unsafe_outcome_examples"": [], ""unsafe_outcomes"": 0, ""update"": false}, {""action"": ""serve_16"", ""controllable"": true, ""outcomes"": 1, ""outcomes_in_certificate_region"": 1, ""unsafe_outcome_examples"": [], ""unsafe_outcomes"": 0, ""update"": false}, {""action"": ""serve_2"", ""controllable"": true, ""outcomes"": 1, ""outcomes_in_certificate_region"": 1, ""unsafe_outcome_examples"": [], ""unsafe_outcomes"": 0, ""update"": false}, {""action"": ""serve_3"", ""controllable"": true, ""outcomes"": 1, ""outcomes_in_certificate_region"": 1, ""unsafe_outcome_examples"": [], ""unsafe_outcomes"": 0, ""update"": false}, {""action"": ""serve_4"", ""controllable"": true, ""outcomes"": 1, ""outcomes_in_certificate_region"": 1, ""unsafe_outcome_examples"": [], ""unsafe_outcomes"": 0, ""update"": false}, {""action"": ""serve_5"", ""controllable"": true, ""outcomes"": 1, ""outcomes_in_certificate_region"": 1, ""unsafe_outcome_examples"": [], ""unsafe_outcomes"": 0, ""update"": false}, {""action"": ""serve_6"", ""controllable"": true, ""outcomes"": 1, ""outcomes_in_certificate_region"": 1, ""unsafe_outcome_examples"": [], ""unsafe_outcomes"": 0, ""update"": false}, {""action"": ""serve_7"", ""controllable"": true, ""outcomes"": 1, ""outcomes_in_certificate_region"": 1, ""unsafe_outcome_examples"": [], ""unsafe_outcomes"": 0, ""update"": false}, {""action"": ""serve_8"", ""controllable"": true, ""outcomes"": 1, ""outcomes_in_certificate_region"": 1, ""unsafe_outcome_examples"": [], ""unsafe_outcomes"": 0, ""update"": false}, {""action"": ""serve_9"", ""controllable"": true, ""outcomes"": 1, ""outcomes_in_certificate_region"": 1, ""unsafe_outcome_examples"": [], ""unsafe_outcomes"": 0, ""update"": false}], ""pending"": [""ablation.merge.transfers""], ""physical"": [[""OLD"", ""ready""], [""OLD"", ""ready""], [""OLD"", ""ready""], [""OLD"", ""ready""], [""OLD"", ""ready""], [""OLD"", ""ready""], [""OLD"", ""ready""], [""OLD"", ""ready""], [""OLD"", ""ready""], [""OLD"", ""ready""], [""OLD"", ""ready""], [""OLD"", ""ready""], [""OLD"", ""ready""], [""OLD"", ""ready""], [""OLD"", ""ready""], [""OLD"", ""ready""]], ""safe"": true, ""testers"": {""availability"": ""q16""}}], ""initial_examples_limit"": 3, ""initial_states"": 1, ""losing_initial_states"": 1, ""region_states"": 2, ""safe_region_states"": 1, ""scope"": ""checked discovered-state losing certificate; sampled local root closure evidence, not a unique whole-game causal explanation"", ""unsafe_region_states"": 1}",raw/series/n16_m01_merged_lazy/certificate.json,raw/series/n16_m01_merged_lazy/result.json
n16_m01_all_lazy,"{""k"": 16, ""m"": 1, ""n"": 16}",none,lazy,2,"The checked discovered-state losing certificate contains 2 states (1 unsafe) and 1/1 initial states; its stored root buckets retain every adversarial outcome and identify the outcomes in this certificate (local closure evidence, not a unique causal explanation).","{""initial_examples"": [{""enabled_action_buckets"": [{""action"": ""ablation.merge.transfers"", ""controllable"": true, ""outcomes"": 1, ""outcomes_in_certificate_region"": 1, ""unsafe_outcome_examples"": [{""pending"": [], ""physical"": [[""NEW"", ""booting""], [""NEW"", ""booting""], [""NEW"", ""booting""], [""NEW"", ""booting""], [""NEW"", ""booting""], [""NEW"", ""booting""], [""NEW"", ""booting""], [""NEW"", ""booting""], [""NEW"", ""booting""], [""NEW"", ""booting""], [""NEW"", ""booting""], [""NEW"", ""booting""], [""NEW"", ""booting""], [""NEW"", ""booting""], [""NEW"", ""booting""], [""NEW"", ""booting""]], ""testers"": {""availability"": ""ERR_AVAILABILITY""}}], ""unsafe_outcomes"": 1, ""update"": true}, {""action"": ""serve_1"", ""controllable"": true, ""outcomes"": 1, ""outcomes_in_certificate_region"": 1, ""unsafe_outcome_examples"": [], ""unsafe_outcomes"": 0, ""update"": false}, {""action"": ""serve_10"", ""controllable"": true, ""outcomes"": 1, ""outcomes_in_certificate_region"": 1, ""unsafe_outcome_examples"": [], ""unsafe_outcomes"": 0, ""update"": false}, {""action"": ""serve_11"", ""controllable"": true, ""outcomes"": 1, ""outcomes_in_certificate_region"": 1, ""unsafe_outcome_examples"": [], ""unsafe_outcomes"": 0, ""update"": false}, {""action"": ""serve_12"", ""controllable"": true, ""outcomes"": 1, ""outcomes_in_certificate_region"": 1, ""unsafe_outcome_examples"": [], ""unsafe_outcomes"": 0, ""update"": false}, {""action"": ""serve_13"", ""controllable"": true, ""outcomes"": 1, ""outcomes_in_certificate_region"": 1, ""unsafe_outcome_examples"": [], ""unsafe_outcomes"": 0, ""update"": false}, {""action"": ""serve_14"", ""controllable"": true, ""outcomes"": 1, ""outcomes_in_certificate_region"": 1, ""unsafe_outcome_examples"": [], ""unsafe_outcomes"": 0, ""update"": false}, {""action"": ""serve_15"", ""controllable"": true, ""outcomes"": 1, ""outcomes_in_certificate_region"": 1, ""unsafe_outcome_examples"": [], ""unsafe_outcomes"": 0, ""update"": false}, {""action"": ""serve_16"", ""controllable"": true, ""outcomes"": 1, ""outcomes_in_certificate_region"": 1, ""unsafe_outcome_examples"": [], ""unsafe_outcomes"": 0, ""update"": false}, {""action"": ""serve_2"", ""controllable"": true, ""outcomes"": 1, ""outcomes_in_certificate_region"": 1, ""unsafe_outcome_examples"": [], ""unsafe_outcomes"": 0, ""update"": false}, {""action"": ""serve_3"", ""controllable"": true, ""outcomes"": 1, ""outcomes_in_certificate_region"": 1, ""unsafe_outcome_examples"": [], ""unsafe_outcomes"": 0, ""update"": false}, {""action"": ""serve_4"", ""controllable"": true, ""outcomes"": 1, ""outcomes_in_certificate_region"": 1, ""unsafe_outcome_examples"": [], ""unsafe_outcomes"": 0, ""update"": false}, {""action"": ""serve_5"", ""controllable"": true, ""outcomes"": 1, ""outcomes_in_certificate_region"": 1, ""unsafe_outcome_examples"": [], ""unsafe_outcomes"": 0, ""update"": false}, {""action"": ""serve_6"", ""controllable"": true, ""outcomes"": 1, ""outcomes_in_certificate_region"": 1, ""unsafe_outcome_examples"": [], ""unsafe_outcomes"": 0, ""update"": false}, {""action"": ""serve_7"", ""controllable"": true, ""outcomes"": 1, ""outcomes_in_certificate_region"": 1, ""unsafe_outcome_examples"": [], ""unsafe_outcomes"": 0, ""update"": false}, {""action"": ""serve_8"", ""controllable"": true, ""outcomes"": 1, ""outcomes_in_certificate_region"": 1, ""unsafe_outcome_examples"": [], ""unsafe_outcomes"": 0, ""update"": false}, {""action"": ""serve_9"", ""controllable"": true, ""outcomes"": 1, ""outcomes_in_certificate_region"": 1, ""unsafe_outcome_examples"": [], ""unsafe_outcomes"": 0, ""update"": false}], ""pending"": [""ablation.merge.transfers""], ""physical"": [[""OLD"", ""ready""], [""OLD"", ""ready""], [""OLD"", ""ready""], [""OLD"", ""ready""], [""OLD"", ""ready""], [""OLD"", ""ready""], [""OLD"", ""ready""], [""OLD"", ""ready""], [""OLD"", ""ready""], [""OLD"", ""ready""], [""OLD"", ""ready""], [""OLD"", ""ready""], [""OLD"", ""ready""], [""OLD"", ""ready""], [""OLD"", ""ready""], [""OLD"", ""ready""]], ""safe"": true, ""testers"": {""availability"": ""q16""}}], ""initial_examples_limit"": 3, ""initial_states"": 1, ""losing_initial_states"": 1, ""region_states"": 2, ""safe_region_states"": 1, ""scope"": ""checked discovered-state losing certificate; sampled local root closure evidence, not a unique whole-game causal explanation"", ""unsafe_region_states"": 1}",raw/series/n16_m01_all_lazy/certificate.json,raw/series/n16_m01_all_lazy/result.json
n16_m15_merged_lazy,"{""k"": 16, ""m"": 15, ""n"": 16}",transfers,lazy,2,"The checked discovered-state losing certificate contains 2 states (1 unsafe) and 1/1 initial states; its stored root buckets retain every adversarial outcome and identify the outcomes in this certificate (local closure evidence, not a unique causal explanation).","{""initial_examples"": [{""enabled_action_buckets"": [{""action"": ""ablation.merge.transfers"", ""controllable"": true, ""outcomes"": 1, ""outcomes_in_certificate_region"": 1, ""unsafe_outcome_examples"": [{""pending"": [], ""physical"": [[""NEW"", ""booting""], [""NEW"", ""booting""], [""NEW"", ""booting""], [""NEW"", ""booting""], [""NEW"", ""booting""], [""NEW"", ""booting""], [""NEW"", ""booting""], [""NEW"", ""booting""], [""NEW"", ""booting""], [""NEW"", ""booting""], [""NEW"", ""booting""], [""NEW"", ""booting""], [""NEW"", ""booting""], [""NEW"", ""booting""], [""NEW"", ""booting""], [""NEW"", ""booting""]], ""testers"": {""availability"": ""ERR_AVAILABILITY""}}], ""unsafe_outcomes"": 1, ""update"": true}, {""action"": ""serve_1"", ""controllable"": true, ""outcomes"": 1, ""outcomes_in_certificate_region"": 1, ""unsafe_outcome_examples"": [], ""unsafe_outcomes"": 0, ""update"": false}, {""action"": ""serve_10"", ""controllable"": true, ""outcomes"": 1, ""outcomes_in_certificate_region"": 1, ""unsafe_outcome_examples"": [], ""unsafe_outcomes"": 0, ""update"": false}, {""action"": ""serve_11"", ""controllable"": true, ""outcomes"": 1, ""outcomes_in_certificate_region"": 1, ""unsafe_outcome_examples"": [], ""unsafe_outcomes"": 0, ""update"": false}, {""action"": ""serve_12"", ""controllable"": true, ""outcomes"": 1, ""outcomes_in_certificate_region"": 1, ""unsafe_outcome_examples"": [], ""unsafe_outcomes"": 0, ""update"": false}, {""action"": ""serve_13"", ""controllable"": true, ""outcomes"": 1, ""outcomes_in_certificate_region"": 1, ""unsafe_outcome_examples"": [], ""unsafe_outcomes"": 0, ""update"": false}, {""action"": ""serve_14"", ""controllable"": true, ""outcomes"": 1, ""outcomes_in_certificate_region"": 1, ""unsafe_outcome_examples"": [], ""unsafe_outcomes"": 0, ""update"": false}, {""action"": ""serve_15"", ""controllable"": true, ""outcomes"": 1, ""outcomes_in_certificate_region"": 1, ""unsafe_outcome_examples"": [], ""unsafe_outcomes"": 0, ""update"": false}, {""action"": ""serve_16"", ""controllable"": true, ""outcomes"": 1, ""outcomes_in_certificate_region"": 1, ""unsafe_outcome_examples"": [], ""unsafe_outcomes"": 0, ""update"": false}, {""action"": ""serve_2"", ""controllable"": true, ""outcomes"": 1, ""outcomes_in_certificate_region"": 1, ""unsafe_outcome_examples"": [], ""unsafe_outcomes"": 0, ""update"": false}, {""action"": ""serve_3"", ""controllable"": true, ""outcomes"": 1, ""outcomes_in_certificate_region"": 1, ""unsafe_outcome_examples"": [], ""unsafe_outcomes"": 0, ""update"": false}, {""action"": ""serve_4"", ""controllable"": true, ""outcomes"": 1, ""outcomes_in_certificate_region"": 1, ""unsafe_outcome_examples"": [], ""unsafe_outcomes"": 0, ""update"": false}, {""action"": ""serve_5"", ""controllable"": true, ""outcomes"": 1, ""outcomes_in_certificate_region"": 1, ""unsafe_outcome_examples"": [], ""unsafe_outcomes"": 0, ""update"": false}, {""action"": ""serve_6"", ""controllable"": true, ""outcomes"": 1, ""outcomes_in_certificate_region"": 1, ""unsafe_outcome_examples"": [], ""unsafe_outcomes"": 0, ""update"": false}, {""action"": ""serve_7"", ""controllable"": true, ""outcomes"": 1, ""outcomes_in_certificate_region"": 1, ""unsafe_outcome_examples"": [], ""unsafe_outcomes"": 0, ""update"": false}, {""action"": ""serve_8"", ""controllable"": true, ""outcomes"": 1, ""outcomes_in_certificate_region"": 1, ""unsafe_outcome_examples"": [], ""unsafe_outcomes"": 0, ""update"": false}, {""action"": ""serve_9"", ""controllable"": true, ""outcomes"": 1, ""outcomes_in_certificate_region"": 1, ""unsafe_outcome_examples"": [], ""unsafe_outcomes"": 0, ""update"": false}], ""pending"": [""ablation.merge.transfers""], ""physical"": [[""OLD"", ""ready""], [""OLD"", ""ready""], [""OLD"", ""ready""], [""OLD"", ""ready""], [""OLD"", ""ready""], [""OLD"", ""ready""], [""OLD"", ""ready""], [""OLD"", ""ready""], [""OLD"", ""ready""], [""OLD"", ""ready""], [""OLD"", ""ready""], [""OLD"", ""ready""], [""OLD"", ""ready""], [""OLD"", ""ready""], [""OLD"", ""ready""], [""OLD"", ""ready""]], ""safe"": true, ""testers"": {""availability"": ""q16""}}], ""initial_examples_limit"": 3, ""initial_states"": 1, ""losing_initial_states"": 1, ""region_states"": 2, ""safe_region_states"": 1, ""scope"": ""checked discovered-state losing certificate; sampled local root closure evidence, not a unique whole-game causal explanation"", ""unsafe_region_states"": 1}",raw/series/n16_m15_merged_lazy/certificate.json,raw/series/n16_m15_merged_lazy/result.json
n16_m15_all_lazy,"{""k"": 16, ""m"": 15, ""n"": 16}",none,lazy,2,"The checked discovered-state losing certificate contains 2 states (1 unsafe) and 1/1 initial states; its stored root buckets retain every adversarial outcome and identify the outcomes in this certificate (local closure evidence, not a unique causal explanation).","{""initial_examples"": [{""enabled_action_buckets"": [{""action"": ""ablation.merge.transfers"", ""controllable"": true, ""outcomes"": 1, ""outcomes_in_certificate_region"": 1, ""unsafe_outcome_examples"": [{""pending"": [], ""physical"": [[""NEW"", ""booting""], [""NEW"", ""booting""], [""NEW"", ""booting""], [""NEW"", ""booting""], [""NEW"", ""booting""], [""NEW"", ""booting""], [""NEW"", ""booting""], [""NEW"", ""booting""], [""NEW"", ""booting""], [""NEW"", ""booting""], [""NEW"", ""booting""], [""NEW"", ""booting""], [""NEW"", ""booting""], [""NEW"", ""booting""], [""NEW"", ""booting""], [""NEW"", ""booting""]], ""testers"": {""availability"": ""ERR_AVAILABILITY""}}], ""unsafe_outcomes"": 1, ""update"": true}, {""action"": ""serve_1"", ""controllable"": true, ""outcomes"": 1, ""outcomes_in_certificate_region"": 1, ""unsafe_outcome_examples"": [], ""unsafe_outcomes"": 0, ""update"": false}, {""action"": ""serve_10"", ""controllable"": true, ""outcomes"": 1, ""outcomes_in_certificate_region"": 1, ""unsafe_outcome_examples"": [], ""unsafe_outcomes"": 0, ""update"": false}, {""action"": ""serve_11"", ""controllable"": true, ""outcomes"": 1, ""outcomes_in_certificate_region"": 1, ""unsafe_outcome_examples"": [], ""unsafe_outcomes"": 0, ""update"": false}, {""action"": ""serve_12"", ""controllable"": true, ""outcomes"": 1, ""outcomes_in_certificate_region"": 1, ""unsafe_outcome_examples"": [], ""unsafe_outcomes"": 0, ""update"": false}, {""action"": ""serve_13"", ""controllable"": true, ""outcomes"": 1, ""outcomes_in_certificate_region"": 1, ""unsafe_outcome_examples"": [], ""unsafe_outcomes"": 0, ""update"": false}, {""action"": ""serve_14"", ""controllable"": true, ""outcomes"": 1, ""outcomes_in_certificate_region"": 1, ""unsafe_outcome_examples"": [], ""unsafe_outcomes"": 0, ""update"": false}, {""action"": ""serve_15"", ""controllable"": true, ""outcomes"": 1, ""outcomes_in_certificate_region"": 1, ""unsafe_outcome_examples"": [], ""unsafe_outcomes"": 0, ""update"": false}, {""action"": ""serve_16"", ""controllable"": true, ""outcomes"": 1, ""outcomes_in_certificate_region"": 1, ""unsafe_outcome_examples"": [], ""unsafe_outcomes"": 0, ""update"": false}, {""action"": ""serve_2"", ""controllable"": true, ""outcomes"": 1, ""outcomes_in_certificate_region"": 1, ""unsafe_outcome_examples"": [], ""unsafe_outcomes"": 0, ""update"": false}, {""action"": ""serve_3"", ""controllable"": true, ""outcomes"": 1, ""outcomes_in_certificate_region"": 1, ""unsafe_outcome_examples"": [], ""unsafe_outcomes"": 0, ""update"": false}, {""action"": ""serve_4"", ""controllable"": true, ""outcomes"": 1, ""outcomes_in_certificate_region"": 1, ""unsafe_outcome_examples"": [], ""unsafe_outcomes"": 0, ""update"": false}, {""action"": ""serve_5"", ""controllable"": true, ""outcomes"": 1, ""outcomes_in_certificate_region"": 1, ""unsafe_outcome_examples"": [], ""unsafe_outcomes"": 0, ""update"": false}, {""action"": ""serve_6"", ""controllable"": true, ""outcomes"": 1, ""outcomes_in_certificate_region"": 1, ""unsafe_outcome_examples"": [], ""unsafe_outcomes"": 0, ""update"": false}, {""action"": ""serve_7"", ""controllable"": true, ""outcomes"": 1, ""outcomes_in_certificate_region"": 1, ""unsafe_outcome_examples"": [], ""unsafe_outcomes"": 0, ""update"": false}, {""action"": ""serve_8"", ""controllable"": true, ""outcomes"": 1, ""outcomes_in_certificate_region"": 1, ""unsafe_outcome_examples"": [], ""unsafe_outcomes"": 0, ""update"": false}, {""action"": ""serve_9"", ""controllable"": true, ""outcomes"": 1, ""outcomes_in_certificate_region"": 1, ""unsafe_outcome_examples"": [], ""unsafe_outcomes"": 0, ""update"": false}], ""pending"": [""ablation.merge.transfers""], ""physical"": [[""OLD"", ""ready""], [""OLD"", ""ready""], [""OLD"", ""ready""], [""OLD"", ""ready""], [""OLD"", ""ready""], [""OLD"", ""ready""], [""OLD"", ""ready""], [""OLD"", ""ready""], [""OLD"", ""ready""], [""OLD"", ""ready""], [""OLD"", ""ready""], [""OLD"", ""ready""], [""OLD"", ""ready""], [""OLD"", ""ready""], [""OLD"", ""ready""], [""OLD"", ""ready""]], ""safe"": true, ""testers"": {""availability"": ""q16""}}], ""initial_examples_limit"": 3, ""initial_states"": 1, ""losing_initial_states"": 1, ""region_states"": 2, ""safe_region_states"": 1, ""scope"": ""checked discovered-state losing certificate; sampled local root closure evidence, not a unique whole-game causal explanation"", ""unsafe_region_states"": 1}",raw/series/n16_m15_all_lazy/certificate.json,raw/series/n16_m15_all_lazy/result.json
