schedule_index,family,version,job_id,parameters,input,merge,solver,expected_decision,status,decision,expected_check,states_discovered,states_expanded,successor_queries,materialized_transitions,enabled_buckets,worst_completion_rank,losing_region_states,certificate_states,linked_states,preparation_seconds,solver_seconds,checking_and_link_seconds,certificate_checker,link_checker,endpoint_checker,wall_seconds,exit_code,input_sha256,jar_sha256,frozen_manifest_sha256,started_at,finished_at,reason,loss_summary,result_file,certificate_file,validation_errors
1,rolling_scale,v1,n07_m01_fine_lazy,"{""k"": 1, ""m"": 1, ""n"": 7}",inputs/rolling_n07_m01_k01.json,none,lazy,WIN,WIN,WIN,PASS,15,14,56,14,14,14,,15,16,0.022705292,0.009008958,0.023424583,PASS,PASS,PASS,0.25110350002069026,0,9511da9bb4f03df378bf0bc451124043558095135e4194b1e051eb4d7612a448,ff1e6b176f004ea85f1e99690a90388a6a4d24f44cd8d8e636fcd9337dcf67d5,b08475469555ba6a59418d02dc8ecdc0ee5c0d870689abebf3648f8c4d30eb97,2026-09-29T17:52:58.073799+09:00,2026-09-29T17:52:58.325143+09:00,Checked WIN certificate.,,raw/series/n07_m01_fine_lazy/result.json,raw/series/n07_m01_fine_lazy/certificate.json,
2,rolling_scale,v1,n07_m01_merged_lazy,"{""k"": 7, ""m"": 1, ""n"": 7}",inputs/rolling_n07_m01_k01.json,transfers,lazy,LOSS,LOSS,LOSS,PASS,2,1,8,8,8,,2,2,,0.021159416,0.002056458,0.0120555,PASS,NOT_APPLICABLE_LOSS,PASS,0.2665376670192927,2,9511da9bb4f03df378bf0bc451124043558095135e4194b1e051eb4d7612a448,ff1e6b176f004ea85f1e99690a90388a6a4d24f44cd8d8e636fcd9337dcf67d5,b08475469555ba6a59418d02dc8ecdc0ee5c0d870689abebf3648f8c4d30eb97,2026-09-29T17:52:58.745191+09:00,2026-09-29T17:52:59.011982+09:00,"The checked discovered-state losing certificate contains 2 states (1 unsafe) and 1/1 initial states; its stored root buckets retain every adversarial outcome and identify the outcomes in this certificate (local closure evidence, not a unique causal explanation).","{""initial_examples"": [{""enabled_action_buckets"": [{""action"": ""ablation.merge.transfers"", ""controllable"": true, ""outcomes"": 1, ""outcomes_in_certificate_region"": 1, ""unsafe_outcome_examples"": [{""pending"": [], ""physical"": [[""NEW"", ""booting""], [""NEW"", ""booting""], [""NEW"", ""booting""], [""NEW"", ""booting""], [""NEW"", ""booting""], [""NEW"", ""booting""], [""NEW"", ""booting""]], ""testers"": {""availability"": ""ERR_AVAILABILITY""}}], ""unsafe_outcomes"": 1, ""update"": true}, {""action"": ""serve_1"", ""controllable"": true, ""outcomes"": 1, ""outcomes_in_certificate_region"": 1, ""unsafe_outcome_examples"": [], ""unsafe_outcomes"": 0, ""update"": false}, {""action"": ""serve_2"", ""controllable"": true, ""outcomes"": 1, ""outcomes_in_certificate_region"": 1, ""unsafe_outcome_examples"": [], ""unsafe_outcomes"": 0, ""update"": false}, {""action"": ""serve_3"", ""controllable"": true, ""outcomes"": 1, ""outcomes_in_certificate_region"": 1, ""unsafe_outcome_examples"": [], ""unsafe_outcomes"": 0, ""update"": false}, {""action"": ""serve_4"", ""controllable"": true, ""outcomes"": 1, ""outcomes_in_certificate_region"": 1, ""unsafe_outcome_examples"": [], ""unsafe_outcomes"": 0, ""update"": false}, {""action"": ""serve_5"", ""controllable"": true, ""outcomes"": 1, ""outcomes_in_certificate_region"": 1, ""unsafe_outcome_examples"": [], ""unsafe_outcomes"": 0, ""update"": false}, {""action"": ""serve_6"", ""controllable"": true, ""outcomes"": 1, ""outcomes_in_certificate_region"": 1, ""unsafe_outcome_examples"": [], ""unsafe_outcomes"": 0, ""update"": false}, {""action"": ""serve_7"", ""controllable"": true, ""outcomes"": 1, ""outcomes_in_certificate_region"": 1, ""unsafe_outcome_examples"": [], ""unsafe_outcomes"": 0, ""update"": false}], ""pending"": [""ablation.merge.transfers""], ""physical"": [[""OLD"", ""ready""], [""OLD"", ""ready""], [""OLD"", ""ready""], [""OLD"", ""ready""], [""OLD"", ""ready""], [""OLD"", ""ready""], [""OLD"", ""ready""]], ""safe"": true, ""testers"": {""availability"": ""q7""}}], ""initial_examples_limit"": 3, ""initial_states"": 1, ""losing_initial_states"": 1, ""region_states"": 2, ""safe_region_states"": 1, ""scope"": ""checked discovered-state losing certificate; sampled local root closure evidence, not a unique whole-game causal explanation"", ""unsafe_region_states"": 1}",raw/series/n07_m01_merged_lazy/result.json,raw/series/n07_m01_merged_lazy/certificate.json,
3,rolling_scale,v1,n07_m01_all_lazy,"{""k"": 7, ""m"": 1, ""n"": 7}",inputs/rolling_n07_m01_k07.json,none,lazy,LOSS,LOSS,LOSS,PASS,2,1,8,8,8,,2,2,,0.018655666,0.00253575,0.011367041,PASS,NOT_APPLICABLE_LOSS,PASS,0.20712629100307822,2,b5c581832f47b163138a3f619e7e61d73128802a9da8ccc82b2ce570e236992b,ff1e6b176f004ea85f1e99690a90388a6a4d24f44cd8d8e636fcd9337dcf67d5,b08475469555ba6a59418d02dc8ecdc0ee5c0d870689abebf3648f8c4d30eb97,2026-09-29T17:52:59.441211+09:00,2026-09-29T17:52:59.648592+09:00,"The checked discovered-state losing certificate contains 2 states (1 unsafe) and 1/1 initial states; its stored root buckets retain every adversarial outcome and identify the outcomes in this certificate (local closure evidence, not a unique causal explanation).","{""initial_examples"": [{""enabled_action_buckets"": [{""action"": ""ablation.merge.transfers"", ""controllable"": true, ""outcomes"": 1, ""outcomes_in_certificate_region"": 1, ""unsafe_outcome_examples"": [{""pending"": [], ""physical"": [[""NEW"", ""booting""], [""NEW"", ""booting""], [""NEW"", ""booting""], [""NEW"", ""booting""], [""NEW"", ""booting""], [""NEW"", ""booting""], [""NEW"", ""booting""]], ""testers"": {""availability"": ""ERR_AVAILABILITY""}}], ""unsafe_outcomes"": 1, ""update"": true}, {""action"": ""serve_1"", ""controllable"": true, ""outcomes"": 1, ""outcomes_in_certificate_region"": 1, ""unsafe_outcome_examples"": [], ""unsafe_outcomes"": 0, ""update"": false}, {""action"": ""serve_2"", ""controllable"": true, ""outcomes"": 1, ""outcomes_in_certificate_region"": 1, ""unsafe_outcome_examples"": [], ""unsafe_outcomes"": 0, ""update"": false}, {""action"": ""serve_3"", ""controllable"": true, ""outcomes"": 1, ""outcomes_in_certificate_region"": 1, ""unsafe_outcome_examples"": [], ""unsafe_outcomes"": 0, ""update"": false}, {""action"": ""serve_4"", ""controllable"": true, ""outcomes"": 1, ""outcomes_in_certificate_region"": 1, ""unsafe_outcome_examples"": [], ""unsafe_outcomes"": 0, ""update"": false}, {""action"": ""serve_5"", ""controllable"": true, ""outcomes"": 1, ""outcomes_in_certificate_region"": 1, ""unsafe_outcome_examples"": [], ""unsafe_outcomes"": 0, ""update"": false}, {""action"": ""serve_6"", ""controllable"": true, ""outcomes"": 1, ""outcomes_in_certificate_region"": 1, ""unsafe_outcome_examples"": [], ""unsafe_outcomes"": 0, ""update"": false}, {""action"": ""serve_7"", ""controllable"": true, ""outcomes"": 1, ""outcomes_in_certificate_region"": 1, ""unsafe_outcome_examples"": [], ""unsafe_outcomes"": 0, ""update"": false}], ""pending"": [""ablation.merge.transfers""], ""physical"": [[""OLD"", ""ready""], [""OLD"", ""ready""], [""OLD"", ""ready""], [""OLD"", ""ready""], [""OLD"", ""ready""], [""OLD"", ""ready""], [""OLD"", ""ready""]], ""safe"": true, ""testers"": {""availability"": ""q7""}}], ""initial_examples_limit"": 3, ""initial_states"": 1, ""losing_initial_states"": 1, ""region_states"": 2, ""safe_region_states"": 1, ""scope"": ""checked discovered-state losing certificate; sampled local root closure evidence, not a unique whole-game causal explanation"", ""unsafe_region_states"": 1}",raw/series/n07_m01_all_lazy/result.json,raw/series/n07_m01_all_lazy/certificate.json,
4,rolling_scale,v1,n07_m01_fine_df,"{""k"": 1, ""m"": 1, ""n"": 7}",inputs/rolling_n07_m01_k01.json,none,direct_full,WIN,WIN,WIN,PASS,576,575,8050,4473,4473,14,,15,16,0.019296542,0.105836584,0.018122291,PASS,PASS,PASS,0.35106195899425074,0,9511da9bb4f03df378bf0bc451124043558095135e4194b1e051eb4d7612a448,ff1e6b176f004ea85f1e99690a90388a6a4d24f44cd8d8e636fcd9337dcf67d5,b08475469555ba6a59418d02dc8ecdc0ee5c0d870689abebf3648f8c4d30eb97,2026-09-29T17:53:00.071346+09:00,2026-09-29T17:53:00.422657+09:00,Checked WIN certificate.,,raw/series/n07_m01_fine_df/result.json,raw/series/n07_m01_fine_df/certificate.json,
5,rolling_scale,v1,n07_m06_fine_lazy,"{""k"": 1, ""m"": 6, ""n"": 7}",inputs/rolling_n07_m06_k01.json,none,lazy,WIN,WIN,WIN,PASS,15,14,56,14,14,14,,15,16,0.018167708,0.007443875,0.020243875,PASS,PASS,PASS,0.25596174999373034,0,bdb9e7133c453bd6f01cfb3aed9f4d75fbaf5438b18179cf25e43b013d364127,ff1e6b176f004ea85f1e99690a90388a6a4d24f44cd8d8e636fcd9337dcf67d5,b08475469555ba6a59418d02dc8ecdc0ee5c0d870689abebf3648f8c4d30eb97,2026-09-29T17:53:00.862255+09:00,2026-09-29T17:53:01.118506+09:00,Checked WIN certificate.,,raw/series/n07_m06_fine_lazy/result.json,raw/series/n07_m06_fine_lazy/certificate.json,
6,rolling_scale,v1,n07_m06_merged_lazy,"{""k"": 7, ""m"": 6, ""n"": 7}",inputs/rolling_n07_m06_k01.json,transfers,lazy,LOSS,LOSS,LOSS,PASS,2,1,8,8,8,,2,2,,0.118307083,0.005709083,0.015593666,PASS,NOT_APPLICABLE_LOSS,PASS,0.4057807920034975,2,bdb9e7133c453bd6f01cfb3aed9f4d75fbaf5438b18179cf25e43b013d364127,ff1e6b176f004ea85f1e99690a90388a6a4d24f44cd8d8e636fcd9337dcf67d5,b08475469555ba6a59418d02dc8ecdc0ee5c0d870689abebf3648f8c4d30eb97,2026-09-29T17:53:01.547198+09:00,2026-09-29T17:53:01.953244+09:00,"The checked discovered-state losing certificate contains 2 states (1 unsafe) and 1/1 initial states; its stored root buckets retain every adversarial outcome and identify the outcomes in this certificate (local closure evidence, not a unique causal explanation).","{""initial_examples"": [{""enabled_action_buckets"": [{""action"": ""ablation.merge.transfers"", ""controllable"": true, ""outcomes"": 1, ""outcomes_in_certificate_region"": 1, ""unsafe_outcome_examples"": [{""pending"": [], ""physical"": [[""NEW"", ""booting""], [""NEW"", ""booting""], [""NEW"", ""booting""], [""NEW"", ""booting""], [""NEW"", ""booting""], [""NEW"", ""booting""], [""NEW"", ""booting""]], ""testers"": {""availability"": ""ERR_AVAILABILITY""}}], ""unsafe_outcomes"": 1, ""update"": true}, {""action"": ""serve_1"", ""controllable"": true, ""outcomes"": 1, ""outcomes_in_certificate_region"": 1, ""unsafe_outcome_examples"": [], ""unsafe_outcomes"": 0, ""update"": false}, {""action"": ""serve_2"", ""controllable"": true, ""outcomes"": 1, ""outcomes_in_certificate_region"": 1, ""unsafe_outcome_examples"": [], ""unsafe_outcomes"": 0, ""update"": false}, {""action"": ""serve_3"", ""controllable"": true, ""outcomes"": 1, ""outcomes_in_certificate_region"": 1, ""unsafe_outcome_examples"": [], ""unsafe_outcomes"": 0, ""update"": false}, {""action"": ""serve_4"", ""controllable"": true, ""outcomes"": 1, ""outcomes_in_certificate_region"": 1, ""unsafe_outcome_examples"": [], ""unsafe_outcomes"": 0, ""update"": false}, {""action"": ""serve_5"", ""controllable"": true, ""outcomes"": 1, ""outcomes_in_certificate_region"": 1, ""unsafe_outcome_examples"": [], ""unsafe_outcomes"": 0, ""update"": false}, {""action"": ""serve_6"", ""controllable"": true, ""outcomes"": 1, ""outcomes_in_certificate_region"": 1, ""unsafe_outcome_examples"": [], ""unsafe_outcomes"": 0, ""update"": false}, {""action"": ""serve_7"", ""controllable"": true, ""outcomes"": 1, ""outcomes_in_certificate_region"": 1, ""unsafe_outcome_examples"": [], ""unsafe_outcomes"": 0, ""update"": false}], ""pending"": [""ablation.merge.transfers""], ""physical"": [[""OLD"", ""ready""], [""OLD"", ""ready""], [""OLD"", ""ready""], [""OLD"", ""ready""], [""OLD"", ""ready""], [""OLD"", ""ready""], [""OLD"", ""ready""]], ""safe"": true, ""testers"": {""availability"": ""q7""}}], ""initial_examples_limit"": 3, ""initial_states"": 1, ""losing_initial_states"": 1, ""region_states"": 2, ""safe_region_states"": 1, ""scope"": ""checked discovered-state losing certificate; sampled local root closure evidence, not a unique whole-game causal explanation"", ""unsafe_region_states"": 1}",raw/series/n07_m06_merged_lazy/result.json,raw/series/n07_m06_merged_lazy/certificate.json,
7,rolling_scale,v1,n07_m06_all_lazy,"{""k"": 7, ""m"": 6, ""n"": 7}",inputs/rolling_n07_m06_k07.json,none,lazy,LOSS,LOSS,LOSS,PASS,2,1,8,8,8,,2,2,,0.018172833,0.002522542,0.010713166,PASS,NOT_APPLICABLE_LOSS,PASS,0.19765191699843854,2,7bbd753188e58998848f91ef5dad31984a6ed36be889f0bc37889839817ee58e,ff1e6b176f004ea85f1e99690a90388a6a4d24f44cd8d8e636fcd9337dcf67d5,b08475469555ba6a59418d02dc8ecdc0ee5c0d870689abebf3648f8c4d30eb97,2026-09-29T17:53:02.393792+09:00,2026-09-29T17:53:02.591708+09:00,"The checked discovered-state losing certificate contains 2 states (1 unsafe) and 1/1 initial states; its stored root buckets retain every adversarial outcome and identify the outcomes in this certificate (local closure evidence, not a unique causal explanation).","{""initial_examples"": [{""enabled_action_buckets"": [{""action"": ""ablation.merge.transfers"", ""controllable"": true, ""outcomes"": 1, ""outcomes_in_certificate_region"": 1, ""unsafe_outcome_examples"": [{""pending"": [], ""physical"": [[""NEW"", ""booting""], [""NEW"", ""booting""], [""NEW"", ""booting""], [""NEW"", ""booting""], [""NEW"", ""booting""], [""NEW"", ""booting""], [""NEW"", ""booting""]], ""testers"": {""availability"": ""ERR_AVAILABILITY""}}], ""unsafe_outcomes"": 1, ""update"": true}, {""action"": ""serve_1"", ""controllable"": true, ""outcomes"": 1, ""outcomes_in_certificate_region"": 1, ""unsafe_outcome_examples"": [], ""unsafe_outcomes"": 0, ""update"": false}, {""action"": ""serve_2"", ""controllable"": true, ""outcomes"": 1, ""outcomes_in_certificate_region"": 1, ""unsafe_outcome_examples"": [], ""unsafe_outcomes"": 0, ""update"": false}, {""action"": ""serve_3"", ""controllable"": true, ""outcomes"": 1, ""outcomes_in_certificate_region"": 1, ""unsafe_outcome_examples"": [], ""unsafe_outcomes"": 0, ""update"": false}, {""action"": ""serve_4"", ""controllable"": true, ""outcomes"": 1, ""outcomes_in_certificate_region"": 1, ""unsafe_outcome_examples"": [], ""unsafe_outcomes"": 0, ""update"": false}, {""action"": ""serve_5"", ""controllable"": true, ""outcomes"": 1, ""outcomes_in_certificate_region"": 1, ""unsafe_outcome_examples"": [], ""unsafe_outcomes"": 0, ""update"": false}, {""action"": ""serve_6"", ""controllable"": true, ""outcomes"": 1, ""outcomes_in_certificate_region"": 1, ""unsafe_outcome_examples"": [], ""unsafe_outcomes"": 0, ""update"": false}, {""action"": ""serve_7"", ""controllable"": true, ""outcomes"": 1, ""outcomes_in_certificate_region"": 1, ""unsafe_outcome_examples"": [], ""unsafe_outcomes"": 0, ""update"": false}], ""pending"": [""ablation.merge.transfers""], ""physical"": [[""OLD"", ""ready""], [""OLD"", ""ready""], [""OLD"", ""ready""], [""OLD"", ""ready""], [""OLD"", ""ready""], [""OLD"", ""ready""], [""OLD"", ""ready""]], ""safe"": true, ""testers"": {""availability"": ""q7""}}], ""initial_examples_limit"": 3, ""initial_states"": 1, ""losing_initial_states"": 1, ""region_states"": 2, ""safe_region_states"": 1, ""scope"": ""checked discovered-state losing certificate; sampled local root closure evidence, not a unique whole-game causal explanation"", ""unsafe_region_states"": 1}",raw/series/n07_m06_all_lazy/result.json,raw/series/n07_m06_all_lazy/certificate.json,
8,rolling_scale,v1,n07_m06_fine_df,"{""k"": 1, ""m"": 6, ""n"": 7}",inputs/rolling_n07_m06_k01.json,none,direct_full,WIN,WIN,WIN,PASS,576,575,8050,4473,4473,14,,15,16,0.018001708,0.104568792,0.015882667,PASS,PASS,PASS,0.31535375001840293,0,bdb9e7133c453bd6f01cfb3aed9f4d75fbaf5438b18179cf25e43b013d364127,ff1e6b176f004ea85f1e99690a90388a6a4d24f44cd8d8e636fcd9337dcf67d5,b08475469555ba6a59418d02dc8ecdc0ee5c0d870689abebf3648f8c4d30eb97,2026-09-29T17:53:03.019207+09:00,2026-09-29T17:53:03.334835+09:00,Checked WIN certificate.,,raw/series/n07_m06_fine_df/result.json,raw/series/n07_m06_fine_df/certificate.json,
9,rolling_scale,v1,n08_m01_fine_lazy,"{""k"": 1, ""m"": 1, ""n"": 8}",inputs/rolling_n08_m01_k01.json,none,lazy,WIN,WIN,WIN,PASS,17,16,72,16,16,16,,17,18,0.019903667,0.008210542,0.023237958,PASS,PASS,PASS,0.26540599996224046,0,5db46cb7ef7285fc6afae038eeb60a24e26f3192a72911c58b5c1f93089936f3,ff1e6b176f004ea85f1e99690a90388a6a4d24f44cd8d8e636fcd9337dcf67d5,b08475469555ba6a59418d02dc8ecdc0ee5c0d870689abebf3648f8c4d30eb97,2026-09-29T17:53:03.762824+09:00,2026-09-29T17:53:04.028482+09:00,Checked WIN certificate.,,raw/series/n08_m01_fine_lazy/result.json,raw/series/n08_m01_fine_lazy/certificate.json,
10,rolling_scale,v1,n08_m01_merged_lazy,"{""k"": 8, ""m"": 1, ""n"": 8}",inputs/rolling_n08_m01_k01.json,transfers,lazy,LOSS,LOSS,LOSS,PASS,2,1,9,9,9,,2,2,,0.022804,0.002298333,0.01184875,PASS,NOT_APPLICABLE_LOSS,PASS,0.2508745420491323,2,5db46cb7ef7285fc6afae038eeb60a24e26f3192a72911c58b5c1f93089936f3,ff1e6b176f004ea85f1e99690a90388a6a4d24f44cd8d8e636fcd9337dcf67d5,b08475469555ba6a59418d02dc8ecdc0ee5c0d870689abebf3648f8c4d30eb97,2026-09-29T17:53:04.464871+09:00,2026-09-29T17:53:04.716019+09:00,"The checked discovered-state losing certificate contains 2 states (1 unsafe) and 1/1 initial states; its stored root buckets retain every adversarial outcome and identify the outcomes in this certificate (local closure evidence, not a unique causal explanation).","{""initial_examples"": [{""enabled_action_buckets"": [{""action"": ""ablation.merge.transfers"", ""controllable"": true, ""outcomes"": 1, ""outcomes_in_certificate_region"": 1, ""unsafe_outcome_examples"": [{""pending"": [], ""physical"": [[""NEW"", ""booting""], [""NEW"", ""booting""], [""NEW"", ""booting""], [""NEW"", ""booting""], [""NEW"", ""booting""], [""NEW"", ""booting""], [""NEW"", ""booting""], [""NEW"", ""booting""]], ""testers"": {""availability"": ""ERR_AVAILABILITY""}}], ""unsafe_outcomes"": 1, ""update"": true}, {""action"": ""serve_1"", ""controllable"": true, ""outcomes"": 1, ""outcomes_in_certificate_region"": 1, ""unsafe_outcome_examples"": [], ""unsafe_outcomes"": 0, ""update"": false}, {""action"": ""serve_2"", ""controllable"": true, ""outcomes"": 1, ""outcomes_in_certificate_region"": 1, ""unsafe_outcome_examples"": [], ""unsafe_outcomes"": 0, ""update"": false}, {""action"": ""serve_3"", ""controllable"": true, ""outcomes"": 1, ""outcomes_in_certificate_region"": 1, ""unsafe_outcome_examples"": [], ""unsafe_outcomes"": 0, ""update"": false}, {""action"": ""serve_4"", ""controllable"": true, ""outcomes"": 1, ""outcomes_in_certificate_region"": 1, ""unsafe_outcome_examples"": [], ""unsafe_outcomes"": 0, ""update"": false}, {""action"": ""serve_5"", ""controllable"": true, ""outcomes"": 1, ""outcomes_in_certificate_region"": 1, ""unsafe_outcome_examples"": [], ""unsafe_outcomes"": 0, ""update"": false}, {""action"": ""serve_6"", ""controllable"": true, ""outcomes"": 1, ""outcomes_in_certificate_region"": 1, ""unsafe_outcome_examples"": [], ""unsafe_outcomes"": 0, ""update"": false}, {""action"": ""serve_7"", ""controllable"": true, ""outcomes"": 1, ""outcomes_in_certificate_region"": 1, ""unsafe_outcome_examples"": [], ""unsafe_outcomes"": 0, ""update"": false}, {""action"": ""serve_8"", ""controllable"": true, ""outcomes"": 1, ""outcomes_in_certificate_region"": 1, ""unsafe_outcome_examples"": [], ""unsafe_outcomes"": 0, ""update"": false}], ""pending"": [""ablation.merge.transfers""], ""physical"": [[""OLD"", ""ready""], [""OLD"", ""ready""], [""OLD"", ""ready""], [""OLD"", ""ready""], [""OLD"", ""ready""], [""OLD"", ""ready""], [""OLD"", ""ready""], [""OLD"", ""ready""]], ""safe"": true, ""testers"": {""availability"": ""q8""}}], ""initial_examples_limit"": 3, ""initial_states"": 1, ""losing_initial_states"": 1, ""region_states"": 2, ""safe_region_states"": 1, ""scope"": ""checked discovered-state losing certificate; sampled local root closure evidence, not a unique whole-game causal explanation"", ""unsafe_region_states"": 1}",raw/series/n08_m01_merged_lazy/result.json,raw/series/n08_m01_merged_lazy/certificate.json,
11,rolling_scale,v1,n08_m01_all_lazy,"{""k"": 8, ""m"": 1, ""n"": 8}",inputs/rolling_n08_m01_k08.json,none,lazy,LOSS,LOSS,LOSS,PASS,2,1,9,9,9,,2,2,,0.019514583,0.002562625,0.01067925,PASS,NOT_APPLICABLE_LOSS,PASS,0.2063814580324106,2,01831f6abdefdf0dcf86f288b4271ccff4d9e33607221045d7ef54e31ceda6e4,ff1e6b176f004ea85f1e99690a90388a6a4d24f44cd8d8e636fcd9337dcf67d5,b08475469555ba6a59418d02dc8ecdc0ee5c0d870689abebf3648f8c4d30eb97,2026-09-29T17:53:05.151678+09:00,2026-09-29T17:53:05.358345+09:00,"The checked discovered-state losing certificate contains 2 states (1 unsafe) and 1/1 initial states; its stored root buckets retain every adversarial outcome and identify the outcomes in this certificate (local closure evidence, not a unique causal explanation).","{""initial_examples"": [{""enabled_action_buckets"": [{""action"": ""ablation.merge.transfers"", ""controllable"": true, ""outcomes"": 1, ""outcomes_in_certificate_region"": 1, ""unsafe_outcome_examples"": [{""pending"": [], ""physical"": [[""NEW"", ""booting""], [""NEW"", ""booting""], [""NEW"", ""booting""], [""NEW"", ""booting""], [""NEW"", ""booting""], [""NEW"", ""booting""], [""NEW"", ""booting""], [""NEW"", ""booting""]], ""testers"": {""availability"": ""ERR_AVAILABILITY""}}], ""unsafe_outcomes"": 1, ""update"": true}, {""action"": ""serve_1"", ""controllable"": true, ""outcomes"": 1, ""outcomes_in_certificate_region"": 1, ""unsafe_outcome_examples"": [], ""unsafe_outcomes"": 0, ""update"": false}, {""action"": ""serve_2"", ""controllable"": true, ""outcomes"": 1, ""outcomes_in_certificate_region"": 1, ""unsafe_outcome_examples"": [], ""unsafe_outcomes"": 0, ""update"": false}, {""action"": ""serve_3"", ""controllable"": true, ""outcomes"": 1, ""outcomes_in_certificate_region"": 1, ""unsafe_outcome_examples"": [], ""unsafe_outcomes"": 0, ""update"": false}, {""action"": ""serve_4"", ""controllable"": true, ""outcomes"": 1, ""outcomes_in_certificate_region"": 1, ""unsafe_outcome_examples"": [], ""unsafe_outcomes"": 0, ""update"": false}, {""action"": ""serve_5"", ""controllable"": true, ""outcomes"": 1, ""outcomes_in_certificate_region"": 1, ""unsafe_outcome_examples"": [], ""unsafe_outcomes"": 0, ""update"": false}, {""action"": ""serve_6"", ""controllable"": true, ""outcomes"": 1, ""outcomes_in_certificate_region"": 1, ""unsafe_outcome_examples"": [], ""unsafe_outcomes"": 0, ""update"": false}, {""action"": ""serve_7"", ""controllable"": true, ""outcomes"": 1, ""outcomes_in_certificate_region"": 1, ""unsafe_outcome_examples"": [], ""unsafe_outcomes"": 0, ""update"": false}, {""action"": ""serve_8"", ""controllable"": true, ""outcomes"": 1, ""outcomes_in_certificate_region"": 1, ""unsafe_outcome_examples"": [], ""unsafe_outcomes"": 0, ""update"": false}], ""pending"": [""ablation.merge.transfers""], ""physical"": [[""OLD"", ""ready""], [""OLD"", ""ready""], [""OLD"", ""ready""], [""OLD"", ""ready""], [""OLD"", ""ready""], [""OLD"", ""ready""], [""OLD"", ""ready""], [""OLD"", ""ready""]], ""safe"": true, ""testers"": {""availability"": ""q8""}}], ""initial_examples_limit"": 3, ""initial_states"": 1, ""losing_initial_states"": 1, ""region_states"": 2, ""safe_region_states"": 1, ""scope"": ""checked discovered-state losing certificate; sampled local root closure evidence, not a unique whole-game causal explanation"", ""unsafe_region_states"": 1}",raw/series/n08_m01_all_lazy/result.json,raw/series/n08_m01_all_lazy/certificate.json,
12,rolling_scale,v1,n08_m01_fine_df,"{""k"": 1, ""m"": 1, ""n"": 8}",inputs/rolling_n08_m01_k01.json,none,direct_full,WIN,WIN,WIN,PASS,1280,1279,20464,11256,11256,16,,17,18,0.019980292,0.226152167,0.015974667,PASS,PASS,PASS,0.48317004198906943,0,5db46cb7ef7285fc6afae038eeb60a24e26f3192a72911c58b5c1f93089936f3,ff1e6b176f004ea85f1e99690a90388a6a4d24f44cd8d8e636fcd9337dcf67d5,b08475469555ba6a59418d02dc8ecdc0ee5c0d870689abebf3648f8c4d30eb97,2026-09-29T17:53:05.790520+09:00,2026-09-29T17:53:06.273955+09:00,Checked WIN certificate.,,raw/series/n08_m01_fine_df/result.json,raw/series/n08_m01_fine_df/certificate.json,
13,rolling_scale,v1,n08_m07_fine_lazy,"{""k"": 1, ""m"": 7, ""n"": 8}",inputs/rolling_n08_m07_k01.json,none,lazy,WIN,WIN,WIN,PASS,17,16,72,16,16,16,,17,18,0.018332416,0.008837708,0.022091875,PASS,PASS,PASS,0.24093529197853059,0,ab65a1c7fe69411d4cb18045c829eb82c2d0d5cdd45db8fb70391793cf46ceb7,ff1e6b176f004ea85f1e99690a90388a6a4d24f44cd8d8e636fcd9337dcf67d5,b08475469555ba6a59418d02dc8ecdc0ee5c0d870689abebf3648f8c4d30eb97,2026-09-29T17:53:06.713401+09:00,2026-09-29T17:53:06.954599+09:00,Checked WIN certificate.,,raw/series/n08_m07_fine_lazy/result.json,raw/series/n08_m07_fine_lazy/certificate.json,
14,rolling_scale,v1,n08_m07_merged_lazy,"{""k"": 8, ""m"": 7, ""n"": 8}",inputs/rolling_n08_m07_k01.json,transfers,lazy,LOSS,LOSS,LOSS,PASS,2,1,9,9,9,,2,2,,0.01997,0.002142958,0.013215333,PASS,NOT_APPLICABLE_LOSS,PASS,0.2666042920318432,2,ab65a1c7fe69411d4cb18045c829eb82c2d0d5cdd45db8fb70391793cf46ceb7,ff1e6b176f004ea85f1e99690a90388a6a4d24f44cd8d8e636fcd9337dcf67d5,b08475469555ba6a59418d02dc8ecdc0ee5c0d870689abebf3648f8c4d30eb97,2026-09-29T17:53:07.388964+09:00,2026-09-29T17:53:07.655840+09:00,"The checked discovered-state losing certificate contains 2 states (1 unsafe) and 1/1 initial states; its stored root buckets retain every adversarial outcome and identify the outcomes in this certificate (local closure evidence, not a unique causal explanation).","{""initial_examples"": [{""enabled_action_buckets"": [{""action"": ""ablation.merge.transfers"", ""controllable"": true, ""outcomes"": 1, ""outcomes_in_certificate_region"": 1, ""unsafe_outcome_examples"": [{""pending"": [], ""physical"": [[""NEW"", ""booting""], [""NEW"", ""booting""], [""NEW"", ""booting""], [""NEW"", ""booting""], [""NEW"", ""booting""], [""NEW"", ""booting""], [""NEW"", ""booting""], [""NEW"", ""booting""]], ""testers"": {""availability"": ""ERR_AVAILABILITY""}}], ""unsafe_outcomes"": 1, ""update"": true}, {""action"": ""serve_1"", ""controllable"": true, ""outcomes"": 1, ""outcomes_in_certificate_region"": 1, ""unsafe_outcome_examples"": [], ""unsafe_outcomes"": 0, ""update"": false}, {""action"": ""serve_2"", ""controllable"": true, ""outcomes"": 1, ""outcomes_in_certificate_region"": 1, ""unsafe_outcome_examples"": [], ""unsafe_outcomes"": 0, ""update"": false}, {""action"": ""serve_3"", ""controllable"": true, ""outcomes"": 1, ""outcomes_in_certificate_region"": 1, ""unsafe_outcome_examples"": [], ""unsafe_outcomes"": 0, ""update"": false}, {""action"": ""serve_4"", ""controllable"": true, ""outcomes"": 1, ""outcomes_in_certificate_region"": 1, ""unsafe_outcome_examples"": [], ""unsafe_outcomes"": 0, ""update"": false}, {""action"": ""serve_5"", ""controllable"": true, ""outcomes"": 1, ""outcomes_in_certificate_region"": 1, ""unsafe_outcome_examples"": [], ""unsafe_outcomes"": 0, ""update"": false}, {""action"": ""serve_6"", ""controllable"": true, ""outcomes"": 1, ""outcomes_in_certificate_region"": 1, ""unsafe_outcome_examples"": [], ""unsafe_outcomes"": 0, ""update"": false}, {""action"": ""serve_7"", ""controllable"": true, ""outcomes"": 1, ""outcomes_in_certificate_region"": 1, ""unsafe_outcome_examples"": [], ""unsafe_outcomes"": 0, ""update"": false}, {""action"": ""serve_8"", ""controllable"": true, ""outcomes"": 1, ""outcomes_in_certificate_region"": 1, ""unsafe_outcome_examples"": [], ""unsafe_outcomes"": 0, ""update"": false}], ""pending"": [""ablation.merge.transfers""], ""physical"": [[""OLD"", ""ready""], [""OLD"", ""ready""], [""OLD"", ""ready""], [""OLD"", ""ready""], [""OLD"", ""ready""], [""OLD"", ""ready""], [""OLD"", ""ready""], [""OLD"", ""ready""]], ""safe"": true, ""testers"": {""availability"": ""q8""}}], ""initial_examples_limit"": 3, ""initial_states"": 1, ""losing_initial_states"": 1, ""region_states"": 2, ""safe_region_states"": 1, ""scope"": ""checked discovered-state losing certificate; sampled local root closure evidence, not a unique whole-game causal explanation"", ""unsafe_region_states"": 1}",raw/series/n08_m07_merged_lazy/result.json,raw/series/n08_m07_merged_lazy/certificate.json,
15,rolling_scale,v1,n08_m07_all_lazy,"{""k"": 8, ""m"": 7, ""n"": 8}",inputs/rolling_n08_m07_k08.json,none,lazy,LOSS,LOSS,LOSS,PASS,2,1,9,9,9,,2,2,,0.018538291,0.002666833,0.010690375,PASS,NOT_APPLICABLE_LOSS,PASS,0.1823536250158213,2,96a0e9372749668a7eacbcf072b639c4b8e977d2e8fb4bcf545fb67fcc1ce1be,ff1e6b176f004ea85f1e99690a90388a6a4d24f44cd8d8e636fcd9337dcf67d5,b08475469555ba6a59418d02dc8ecdc0ee5c0d870689abebf3648f8c4d30eb97,2026-09-29T17:53:08.093992+09:00,2026-09-29T17:53:08.276604+09:00,"The checked discovered-state losing certificate contains 2 states (1 unsafe) and 1/1 initial states; its stored root buckets retain every adversarial outcome and identify the outcomes in this certificate (local closure evidence, not a unique causal explanation).","{""initial_examples"": [{""enabled_action_buckets"": [{""action"": ""ablation.merge.transfers"", ""controllable"": true, ""outcomes"": 1, ""outcomes_in_certificate_region"": 1, ""unsafe_outcome_examples"": [{""pending"": [], ""physical"": [[""NEW"", ""booting""], [""NEW"", ""booting""], [""NEW"", ""booting""], [""NEW"", ""booting""], [""NEW"", ""booting""], [""NEW"", ""booting""], [""NEW"", ""booting""], [""NEW"", ""booting""]], ""testers"": {""availability"": ""ERR_AVAILABILITY""}}], ""unsafe_outcomes"": 1, ""update"": true}, {""action"": ""serve_1"", ""controllable"": true, ""outcomes"": 1, ""outcomes_in_certificate_region"": 1, ""unsafe_outcome_examples"": [], ""unsafe_outcomes"": 0, ""update"": false}, {""action"": ""serve_2"", ""controllable"": true, ""outcomes"": 1, ""outcomes_in_certificate_region"": 1, ""unsafe_outcome_examples"": [], ""unsafe_outcomes"": 0, ""update"": false}, {""action"": ""serve_3"", ""controllable"": true, ""outcomes"": 1, ""outcomes_in_certificate_region"": 1, ""unsafe_outcome_examples"": [], ""unsafe_outcomes"": 0, ""update"": false}, {""action"": ""serve_4"", ""controllable"": true, ""outcomes"": 1, ""outcomes_in_certificate_region"": 1, ""unsafe_outcome_examples"": [], ""unsafe_outcomes"": 0, ""update"": false}, {""action"": ""serve_5"", ""controllable"": true, ""outcomes"": 1, ""outcomes_in_certificate_region"": 1, ""unsafe_outcome_examples"": [], ""unsafe_outcomes"": 0, ""update"": false}, {""action"": ""serve_6"", ""controllable"": true, ""outcomes"": 1, ""outcomes_in_certificate_region"": 1, ""unsafe_outcome_examples"": [], ""unsafe_outcomes"": 0, ""update"": false}, {""action"": ""serve_7"", ""controllable"": true, ""outcomes"": 1, ""outcomes_in_certificate_region"": 1, ""unsafe_outcome_examples"": [], ""unsafe_outcomes"": 0, ""update"": false}, {""action"": ""serve_8"", ""controllable"": true, ""outcomes"": 1, ""outcomes_in_certificate_region"": 1, ""unsafe_outcome_examples"": [], ""unsafe_outcomes"": 0, ""update"": false}], ""pending"": [""ablation.merge.transfers""], ""physical"": [[""OLD"", ""ready""], [""OLD"", ""ready""], [""OLD"", ""ready""], [""OLD"", ""ready""], [""OLD"", ""ready""], [""OLD"", ""ready""], [""OLD"", ""ready""], [""OLD"", ""ready""]], ""safe"": true, ""testers"": {""availability"": ""q8""}}], ""initial_examples_limit"": 3, ""initial_states"": 1, ""losing_initial_states"": 1, ""region_states"": 2, ""safe_region_states"": 1, ""scope"": ""checked discovered-state losing certificate; sampled local root closure evidence, not a unique whole-game causal explanation"", ""unsafe_region_states"": 1}",raw/series/n08_m07_all_lazy/result.json,raw/series/n08_m07_all_lazy/certificate.json,
16,rolling_scale,v1,n08_m07_fine_df,"{""k"": 1, ""m"": 7, ""n"": 8}",inputs/rolling_n08_m07_k01.json,none,direct_full,WIN,WIN,WIN,PASS,1280,1279,20464,11256,11256,16,,17,18,0.018824375,0.21720725,0.015618834,PASS,PASS,PASS,0.47193637501914054,0,ab65a1c7fe69411d4cb18045c829eb82c2d0d5cdd45db8fb70391793cf46ceb7,ff1e6b176f004ea85f1e99690a90388a6a4d24f44cd8d8e636fcd9337dcf67d5,b08475469555ba6a59418d02dc8ecdc0ee5c0d870689abebf3648f8c4d30eb97,2026-09-29T17:53:08.703163+09:00,2026-09-29T17:53:09.175322+09:00,Checked WIN certificate.,,raw/series/n08_m07_fine_df/result.json,raw/series/n08_m07_fine_df/certificate.json,
17,rolling_scale,v1,n09_m01_fine_lazy,"{""k"": 1, ""m"": 1, ""n"": 9}",inputs/rolling_n09_m01_k01.json,none,lazy,WIN,WIN,WIN,PASS,19,18,90,18,18,18,,19,20,0.020980334,0.008319083,0.023869084,PASS,PASS,PASS,0.25331041699973866,0,fc76df5a2ae87c18285c2bfc52a83a0c8f33f284d92c7d825711dd4cf63dabcf,ff1e6b176f004ea85f1e99690a90388a6a4d24f44cd8d8e636fcd9337dcf67d5,b08475469555ba6a59418d02dc8ecdc0ee5c0d870689abebf3648f8c4d30eb97,2026-09-29T17:53:09.615398+09:00,2026-09-29T17:53:09.868984+09:00,Checked WIN certificate.,,raw/series/n09_m01_fine_lazy/result.json,raw/series/n09_m01_fine_lazy/certificate.json,
18,rolling_scale,v1,n09_m01_merged_lazy,"{""k"": 9, ""m"": 1, ""n"": 9}",inputs/rolling_n09_m01_k01.json,transfers,lazy,LOSS,LOSS,LOSS,PASS,2,1,10,10,10,,2,2,,0.024495083,0.002283584,0.011687666,PASS,NOT_APPLICABLE_LOSS,PASS,0.31101000000489876,2,fc76df5a2ae87c18285c2bfc52a83a0c8f33f284d92c7d825711dd4cf63dabcf,ff1e6b176f004ea85f1e99690a90388a6a4d24f44cd8d8e636fcd9337dcf67d5,b08475469555ba6a59418d02dc8ecdc0ee5c0d870689abebf3648f8c4d30eb97,2026-09-29T17:53:10.313710+09:00,2026-09-29T17:53:10.624984+09:00,"The checked discovered-state losing certificate contains 2 states (1 unsafe) and 1/1 initial states; its stored root buckets retain every adversarial outcome and identify the outcomes in this certificate (local closure evidence, not a unique causal explanation).","{""initial_examples"": [{""enabled_action_buckets"": [{""action"": ""ablation.merge.transfers"", ""controllable"": true, ""outcomes"": 1, ""outcomes_in_certificate_region"": 1, ""unsafe_outcome_examples"": [{""pending"": [], ""physical"": [[""NEW"", ""booting""], [""NEW"", ""booting""], [""NEW"", ""booting""], [""NEW"", ""booting""], [""NEW"", ""booting""], [""NEW"", ""booting""], [""NEW"", ""booting""], [""NEW"", ""booting""], [""NEW"", ""booting""]], ""testers"": {""availability"": ""ERR_AVAILABILITY""}}], ""unsafe_outcomes"": 1, ""update"": true}, {""action"": ""serve_1"", ""controllable"": true, ""outcomes"": 1, ""outcomes_in_certificate_region"": 1, ""unsafe_outcome_examples"": [], ""unsafe_outcomes"": 0, ""update"": false}, {""action"": ""serve_2"", ""controllable"": true, ""outcomes"": 1, ""outcomes_in_certificate_region"": 1, ""unsafe_outcome_examples"": [], ""unsafe_outcomes"": 0, ""update"": false}, {""action"": ""serve_3"", ""controllable"": true, ""outcomes"": 1, ""outcomes_in_certificate_region"": 1, ""unsafe_outcome_examples"": [], ""unsafe_outcomes"": 0, ""update"": false}, {""action"": ""serve_4"", ""controllable"": true, ""outcomes"": 1, ""outcomes_in_certificate_region"": 1, ""unsafe_outcome_examples"": [], ""unsafe_outcomes"": 0, ""update"": false}, {""action"": ""serve_5"", ""controllable"": true, ""outcomes"": 1, ""outcomes_in_certificate_region"": 1, ""unsafe_outcome_examples"": [], ""unsafe_outcomes"": 0, ""update"": false}, {""action"": ""serve_6"", ""controllable"": true, ""outcomes"": 1, ""outcomes_in_certificate_region"": 1, ""unsafe_outcome_examples"": [], ""unsafe_outcomes"": 0, ""update"": false}, {""action"": ""serve_7"", ""controllable"": true, ""outcomes"": 1, ""outcomes_in_certificate_region"": 1, ""unsafe_outcome_examples"": [], ""unsafe_outcomes"": 0, ""update"": false}, {""action"": ""serve_8"", ""controllable"": true, ""outcomes"": 1, ""outcomes_in_certificate_region"": 1, ""unsafe_outcome_examples"": [], ""unsafe_outcomes"": 0, ""update"": false}, {""action"": ""serve_9"", ""controllable"": true, ""outcomes"": 1, ""outcomes_in_certificate_region"": 1, ""unsafe_outcome_examples"": [], ""unsafe_outcomes"": 0, ""update"": false}], ""pending"": [""ablation.merge.transfers""], ""physical"": [[""OLD"", ""ready""], [""OLD"", ""ready""], [""OLD"", ""ready""], [""OLD"", ""ready""], [""OLD"", ""ready""], [""OLD"", ""ready""], [""OLD"", ""ready""], [""OLD"", ""ready""], [""OLD"", ""ready""]], ""safe"": true, ""testers"": {""availability"": ""q9""}}], ""initial_examples_limit"": 3, ""initial_states"": 1, ""losing_initial_states"": 1, ""region_states"": 2, ""safe_region_states"": 1, ""scope"": ""checked discovered-state losing certificate; sampled local root closure evidence, not a unique whole-game causal explanation"", ""unsafe_region_states"": 1}",raw/series/n09_m01_merged_lazy/result.json,raw/series/n09_m01_merged_lazy/certificate.json,
19,rolling_scale,v1,n09_m01_all_lazy,"{""k"": 9, ""m"": 1, ""n"": 9}",inputs/rolling_n09_m01_k09.json,none,lazy,LOSS,LOSS,LOSS,PASS,2,1,10,10,10,,2,2,,0.019528375,0.0035275,0.010885667,PASS,NOT_APPLICABLE_LOSS,PASS,0.1883314159931615,2,7236ef5bef45163a96746b5ce973969e92808296212f8fd872928e8c7b1b7049,ff1e6b176f004ea85f1e99690a90388a6a4d24f44cd8d8e636fcd9337dcf67d5,b08475469555ba6a59418d02dc8ecdc0ee5c0d870689abebf3648f8c4d30eb97,2026-09-29T17:53:11.064319+09:00,2026-09-29T17:53:11.252913+09:00,"The checked discovered-state losing certificate contains 2 states (1 unsafe) and 1/1 initial states; its stored root buckets retain every adversarial outcome and identify the outcomes in this certificate (local closure evidence, not a unique causal explanation).","{""initial_examples"": [{""enabled_action_buckets"": [{""action"": ""ablation.merge.transfers"", ""controllable"": true, ""outcomes"": 1, ""outcomes_in_certificate_region"": 1, ""unsafe_outcome_examples"": [{""pending"": [], ""physical"": [[""NEW"", ""booting""], [""NEW"", ""booting""], [""NEW"", ""booting""], [""NEW"", ""booting""], [""NEW"", ""booting""], [""NEW"", ""booting""], [""NEW"", ""booting""], [""NEW"", ""booting""], [""NEW"", ""booting""]], ""testers"": {""availability"": ""ERR_AVAILABILITY""}}], ""unsafe_outcomes"": 1, ""update"": true}, {""action"": ""serve_1"", ""controllable"": true, ""outcomes"": 1, ""outcomes_in_certificate_region"": 1, ""unsafe_outcome_examples"": [], ""unsafe_outcomes"": 0, ""update"": false}, {""action"": ""serve_2"", ""controllable"": true, ""outcomes"": 1, ""outcomes_in_certificate_region"": 1, ""unsafe_outcome_examples"": [], ""unsafe_outcomes"": 0, ""update"": false}, {""action"": ""serve_3"", ""controllable"": true, ""outcomes"": 1, ""outcomes_in_certificate_region"": 1, ""unsafe_outcome_examples"": [], ""unsafe_outcomes"": 0, ""update"": false}, {""action"": ""serve_4"", ""controllable"": true, ""outcomes"": 1, ""outcomes_in_certificate_region"": 1, ""unsafe_outcome_examples"": [], ""unsafe_outcomes"": 0, ""update"": false}, {""action"": ""serve_5"", ""controllable"": true, ""outcomes"": 1, ""outcomes_in_certificate_region"": 1, ""unsafe_outcome_examples"": [], ""unsafe_outcomes"": 0, ""update"": false}, {""action"": ""serve_6"", ""controllable"": true, ""outcomes"": 1, ""outcomes_in_certificate_region"": 1, ""unsafe_outcome_examples"": [], ""unsafe_outcomes"": 0, ""update"": false}, {""action"": ""serve_7"", ""controllable"": true, ""outcomes"": 1, ""outcomes_in_certificate_region"": 1, ""unsafe_outcome_examples"": [], ""unsafe_outcomes"": 0, ""update"": false}, {""action"": ""serve_8"", ""controllable"": true, ""outcomes"": 1, ""outcomes_in_certificate_region"": 1, ""unsafe_outcome_examples"": [], ""unsafe_outcomes"": 0, ""update"": false}, {""action"": ""serve_9"", ""controllable"": true, ""outcomes"": 1, ""outcomes_in_certificate_region"": 1, ""unsafe_outcome_examples"": [], ""unsafe_outcomes"": 0, ""update"": false}], ""pending"": [""ablation.merge.transfers""], ""physical"": [[""OLD"", ""ready""], [""OLD"", ""ready""], [""OLD"", ""ready""], [""OLD"", ""ready""], [""OLD"", ""ready""], [""OLD"", ""ready""], [""OLD"", ""ready""], [""OLD"", ""ready""], [""OLD"", ""ready""]], ""safe"": true, ""testers"": {""availability"": ""q9""}}], ""initial_examples_limit"": 3, ""initial_states"": 1, ""losing_initial_states"": 1, ""region_states"": 2, ""safe_region_states"": 1, ""scope"": ""checked discovered-state losing certificate; sampled local root closure evidence, not a unique whole-game causal explanation"", ""unsafe_region_states"": 1}",raw/series/n09_m01_all_lazy/result.json,raw/series/n09_m01_all_lazy/certificate.json,
20,rolling_scale,v1,n09_m01_fine_df,"{""k"": 1, ""m"": 1, ""n"": 9}",inputs/rolling_n09_m01_k01.json,none,direct_full,WIN,WIN,WIN,PASS,2816,2815,50670,27639,27639,18,,19,20,0.021669,0.503558291,0.015939042,PASS,PASS,PASS,0.7264445829787292,0,fc76df5a2ae87c18285c2bfc52a83a0c8f33f284d92c7d825711dd4cf63dabcf,ff1e6b176f004ea85f1e99690a90388a6a4d24f44cd8d8e636fcd9337dcf67d5,b08475469555ba6a59418d02dc8ecdc0ee5c0d870689abebf3648f8c4d30eb97,2026-09-29T17:53:11.682514+09:00,2026-09-29T17:53:12.409227+09:00,Checked WIN certificate.,,raw/series/n09_m01_fine_df/result.json,raw/series/n09_m01_fine_df/certificate.json,
21,rolling_scale,v1,n09_m08_fine_lazy,"{""k"": 1, ""m"": 8, ""n"": 9}",inputs/rolling_n09_m08_k01.json,none,lazy,WIN,WIN,WIN,PASS,19,18,90,18,18,18,,19,20,0.018439291,0.010010417,0.022371916,PASS,PASS,PASS,0.2632079999893904,0,c63f07ac9ee4812f1f1b6aea7ababa2ffebe12a645b7b77eac2e05cc5b72fe5a,ff1e6b176f004ea85f1e99690a90388a6a4d24f44cd8d8e636fcd9337dcf67d5,b08475469555ba6a59418d02dc8ecdc0ee5c0d870689abebf3648f8c4d30eb97,2026-09-29T17:53:12.844793+09:00,2026-09-29T17:53:13.108269+09:00,Checked WIN certificate.,,raw/series/n09_m08_fine_lazy/result.json,raw/series/n09_m08_fine_lazy/certificate.json,
22,rolling_scale,v1,n09_m08_merged_lazy,"{""k"": 9, ""m"": 8, ""n"": 9}",inputs/rolling_n09_m08_k01.json,transfers,lazy,LOSS,LOSS,LOSS,PASS,2,1,10,10,10,,2,2,,0.020556542,0.002941459,0.011535417,PASS,NOT_APPLICABLE_LOSS,PASS,0.2977642079931684,2,c63f07ac9ee4812f1f1b6aea7ababa2ffebe12a645b7b77eac2e05cc5b72fe5a,ff1e6b176f004ea85f1e99690a90388a6a4d24f44cd8d8e636fcd9337dcf67d5,b08475469555ba6a59418d02dc8ecdc0ee5c0d870689abebf3648f8c4d30eb97,2026-09-29T17:53:13.553250+09:00,2026-09-29T17:53:13.851286+09:00,"The checked discovered-state losing certificate contains 2 states (1 unsafe) and 1/1 initial states; its stored root buckets retain every adversarial outcome and identify the outcomes in this certificate (local closure evidence, not a unique causal explanation).","{""initial_examples"": [{""enabled_action_buckets"": [{""action"": ""ablation.merge.transfers"", ""controllable"": true, ""outcomes"": 1, ""outcomes_in_certificate_region"": 1, ""unsafe_outcome_examples"": [{""pending"": [], ""physical"": [[""NEW"", ""booting""], [""NEW"", ""booting""], [""NEW"", ""booting""], [""NEW"", ""booting""], [""NEW"", ""booting""], [""NEW"", ""booting""], [""NEW"", ""booting""], [""NEW"", ""booting""], [""NEW"", ""booting""]], ""testers"": {""availability"": ""ERR_AVAILABILITY""}}], ""unsafe_outcomes"": 1, ""update"": true}, {""action"": ""serve_1"", ""controllable"": true, ""outcomes"": 1, ""outcomes_in_certificate_region"": 1, ""unsafe_outcome_examples"": [], ""unsafe_outcomes"": 0, ""update"": false}, {""action"": ""serve_2"", ""controllable"": true, ""outcomes"": 1, ""outcomes_in_certificate_region"": 1, ""unsafe_outcome_examples"": [], ""unsafe_outcomes"": 0, ""update"": false}, {""action"": ""serve_3"", ""controllable"": true, ""outcomes"": 1, ""outcomes_in_certificate_region"": 1, ""unsafe_outcome_examples"": [], ""unsafe_outcomes"": 0, ""update"": false}, {""action"": ""serve_4"", ""controllable"": true, ""outcomes"": 1, ""outcomes_in_certificate_region"": 1, ""unsafe_outcome_examples"": [], ""unsafe_outcomes"": 0, ""update"": false}, {""action"": ""serve_5"", ""controllable"": true, ""outcomes"": 1, ""outcomes_in_certificate_region"": 1, ""unsafe_outcome_examples"": [], ""unsafe_outcomes"": 0, ""update"": false}, {""action"": ""serve_6"", ""controllable"": true, ""outcomes"": 1, ""outcomes_in_certificate_region"": 1, ""unsafe_outcome_examples"": [], ""unsafe_outcomes"": 0, ""update"": false}, {""action"": ""serve_7"", ""controllable"": true, ""outcomes"": 1, ""outcomes_in_certificate_region"": 1, ""unsafe_outcome_examples"": [], ""unsafe_outcomes"": 0, ""update"": false}, {""action"": ""serve_8"", ""controllable"": true, ""outcomes"": 1, ""outcomes_in_certificate_region"": 1, ""unsafe_outcome_examples"": [], ""unsafe_outcomes"": 0, ""update"": false}, {""action"": ""serve_9"", ""controllable"": true, ""outcomes"": 1, ""outcomes_in_certificate_region"": 1, ""unsafe_outcome_examples"": [], ""unsafe_outcomes"": 0, ""update"": false}], ""pending"": [""ablation.merge.transfers""], ""physical"": [[""OLD"", ""ready""], [""OLD"", ""ready""], [""OLD"", ""ready""], [""OLD"", ""ready""], [""OLD"", ""ready""], [""OLD"", ""ready""], [""OLD"", ""ready""], [""OLD"", ""ready""], [""OLD"", ""ready""]], ""safe"": true, ""testers"": {""availability"": ""q9""}}], ""initial_examples_limit"": 3, ""initial_states"": 1, ""losing_initial_states"": 1, ""region_states"": 2, ""safe_region_states"": 1, ""scope"": ""checked discovered-state losing certificate; sampled local root closure evidence, not a unique whole-game causal explanation"", ""unsafe_region_states"": 1}",raw/series/n09_m08_merged_lazy/result.json,raw/series/n09_m08_merged_lazy/certificate.json,
23,rolling_scale,v1,n09_m08_all_lazy,"{""k"": 9, ""m"": 8, ""n"": 9}",inputs/rolling_n09_m08_k09.json,none,lazy,LOSS,LOSS,LOSS,PASS,2,1,10,10,10,,2,2,,0.018288708,0.002726208,0.011290833,PASS,NOT_APPLICABLE_LOSS,PASS,0.2020623330026865,2,9f87bfb4b211048510788b6451b722b2e49d04442c8451fa4f7703be7a249fc5,ff1e6b176f004ea85f1e99690a90388a6a4d24f44cd8d8e636fcd9337dcf67d5,b08475469555ba6a59418d02dc8ecdc0ee5c0d870689abebf3648f8c4d30eb97,2026-09-29T17:53:14.289271+09:00,2026-09-29T17:53:14.491584+09:00,"The checked discovered-state losing certificate contains 2 states (1 unsafe) and 1/1 initial states; its stored root buckets retain every adversarial outcome and identify the outcomes in this certificate (local closure evidence, not a unique causal explanation).","{""initial_examples"": [{""enabled_action_buckets"": [{""action"": ""ablation.merge.transfers"", ""controllable"": true, ""outcomes"": 1, ""outcomes_in_certificate_region"": 1, ""unsafe_outcome_examples"": [{""pending"": [], ""physical"": [[""NEW"", ""booting""], [""NEW"", ""booting""], [""NEW"", ""booting""], [""NEW"", ""booting""], [""NEW"", ""booting""], [""NEW"", ""booting""], [""NEW"", ""booting""], [""NEW"", ""booting""], [""NEW"", ""booting""]], ""testers"": {""availability"": ""ERR_AVAILABILITY""}}], ""unsafe_outcomes"": 1, ""update"": true}, {""action"": ""serve_1"", ""controllable"": true, ""outcomes"": 1, ""outcomes_in_certificate_region"": 1, ""unsafe_outcome_examples"": [], ""unsafe_outcomes"": 0, ""update"": false}, {""action"": ""serve_2"", ""controllable"": true, ""outcomes"": 1, ""outcomes_in_certificate_region"": 1, ""unsafe_outcome_examples"": [], ""unsafe_outcomes"": 0, ""update"": false}, {""action"": ""serve_3"", ""controllable"": true, ""outcomes"": 1, ""outcomes_in_certificate_region"": 1, ""unsafe_outcome_examples"": [], ""unsafe_outcomes"": 0, ""update"": false}, {""action"": ""serve_4"", ""controllable"": true, ""outcomes"": 1, ""outcomes_in_certificate_region"": 1, ""unsafe_outcome_examples"": [], ""unsafe_outcomes"": 0, ""update"": false}, {""action"": ""serve_5"", ""controllable"": true, ""outcomes"": 1, ""outcomes_in_certificate_region"": 1, ""unsafe_outcome_examples"": [], ""unsafe_outcomes"": 0, ""update"": false}, {""action"": ""serve_6"", ""controllable"": true, ""outcomes"": 1, ""outcomes_in_certificate_region"": 1, ""unsafe_outcome_examples"": [], ""unsafe_outcomes"": 0, ""update"": false}, {""action"": ""serve_7"", ""controllable"": true, ""outcomes"": 1, ""outcomes_in_certificate_region"": 1, ""unsafe_outcome_examples"": [], ""unsafe_outcomes"": 0, ""update"": false}, {""action"": ""serve_8"", ""controllable"": true, ""outcomes"": 1, ""outcomes_in_certificate_region"": 1, ""unsafe_outcome_examples"": [], ""unsafe_outcomes"": 0, ""update"": false}, {""action"": ""serve_9"", ""controllable"": true, ""outcomes"": 1, ""outcomes_in_certificate_region"": 1, ""unsafe_outcome_examples"": [], ""unsafe_outcomes"": 0, ""update"": false}], ""pending"": [""ablation.merge.transfers""], ""physical"": [[""OLD"", ""ready""], [""OLD"", ""ready""], [""OLD"", ""ready""], [""OLD"", ""ready""], [""OLD"", ""ready""], [""OLD"", ""ready""], [""OLD"", ""ready""], [""OLD"", ""ready""], [""OLD"", ""ready""]], ""safe"": true, ""testers"": {""availability"": ""q9""}}], ""initial_examples_limit"": 3, ""initial_states"": 1, ""losing_initial_states"": 1, ""region_states"": 2, ""safe_region_states"": 1, ""scope"": ""checked discovered-state losing certificate; sampled local root closure evidence, not a unique whole-game causal explanation"", ""unsafe_region_states"": 1}",raw/series/n09_m08_all_lazy/result.json,raw/series/n09_m08_all_lazy/certificate.json,
24,rolling_scale,v1,n09_m08_fine_df,"{""k"": 1, ""m"": 8, ""n"": 9}",inputs/rolling_n09_m08_k01.json,none,direct_full,WIN,WIN,WIN,PASS,2816,2815,50670,27639,27639,18,,19,20,0.018701333,0.51340025,0.017588667,PASS,PASS,PASS,0.7760251250001602,0,c63f07ac9ee4812f1f1b6aea7ababa2ffebe12a645b7b77eac2e05cc5b72fe5a,ff1e6b176f004ea85f1e99690a90388a6a4d24f44cd8d8e636fcd9337dcf67d5,b08475469555ba6a59418d02dc8ecdc0ee5c0d870689abebf3648f8c4d30eb97,2026-09-29T17:53:14.933901+09:00,2026-09-29T17:53:15.710189+09:00,Checked WIN certificate.,,raw/series/n09_m08_fine_df/result.json,raw/series/n09_m08_fine_df/certificate.json,
25,rolling_scale,v1,n10_m01_fine_lazy,"{""k"": 1, ""m"": 1, ""n"": 10}",inputs/rolling_n10_m01_k01.json,none,lazy,WIN,WIN,WIN,PASS,21,20,110,20,20,20,,21,22,0.022411334,0.008968709,0.024668958,PASS,PASS,PASS,0.2455668329494074,0,f69c121780cf959808cd18c2143d9643d2ffa58b45f791b0e9fbfb243cc864f6,ff1e6b176f004ea85f1e99690a90388a6a4d24f44cd8d8e636fcd9337dcf67d5,b08475469555ba6a59418d02dc8ecdc0ee5c0d870689abebf3648f8c4d30eb97,2026-09-29T17:53:16.152071+09:00,2026-09-29T17:53:16.397908+09:00,Checked WIN certificate.,,raw/series/n10_m01_fine_lazy/result.json,raw/series/n10_m01_fine_lazy/certificate.json,
26,rolling_scale,v1,n10_m01_merged_lazy,"{""k"": 10, ""m"": 1, ""n"": 10}",inputs/rolling_n10_m01_k01.json,transfers,lazy,LOSS,LOSS,LOSS,PASS,2,1,11,11,11,,2,2,,0.024113584,0.002664292,0.01172225,PASS,NOT_APPLICABLE_LOSS,PASS,0.3687865419778973,2,f69c121780cf959808cd18c2143d9643d2ffa58b45f791b0e9fbfb243cc864f6,ff1e6b176f004ea85f1e99690a90388a6a4d24f44cd8d8e636fcd9337dcf67d5,b08475469555ba6a59418d02dc8ecdc0ee5c0d870689abebf3648f8c4d30eb97,2026-09-29T17:53:16.839231+09:00,2026-09-29T17:53:17.208282+09:00,"The checked discovered-state losing certificate contains 2 states (1 unsafe) and 1/1 initial states; its stored root buckets retain every adversarial outcome and identify the outcomes in this certificate (local closure evidence, not a unique causal explanation).","{""initial_examples"": [{""enabled_action_buckets"": [{""action"": ""ablation.merge.transfers"", ""controllable"": true, ""outcomes"": 1, ""outcomes_in_certificate_region"": 1, ""unsafe_outcome_examples"": [{""pending"": [], ""physical"": [[""NEW"", ""booting""], [""NEW"", ""booting""], [""NEW"", ""booting""], [""NEW"", ""booting""], [""NEW"", ""booting""], [""NEW"", ""booting""], [""NEW"", ""booting""], [""NEW"", ""booting""], [""NEW"", ""booting""], [""NEW"", ""booting""]], ""testers"": {""availability"": ""ERR_AVAILABILITY""}}], ""unsafe_outcomes"": 1, ""update"": true}, {""action"": ""serve_1"", ""controllable"": true, ""outcomes"": 1, ""outcomes_in_certificate_region"": 1, ""unsafe_outcome_examples"": [], ""unsafe_outcomes"": 0, ""update"": false}, {""action"": ""serve_10"", ""controllable"": true, ""outcomes"": 1, ""outcomes_in_certificate_region"": 1, ""unsafe_outcome_examples"": [], ""unsafe_outcomes"": 0, ""update"": false}, {""action"": ""serve_2"", ""controllable"": true, ""outcomes"": 1, ""outcomes_in_certificate_region"": 1, ""unsafe_outcome_examples"": [], ""unsafe_outcomes"": 0, ""update"": false}, {""action"": ""serve_3"", ""controllable"": true, ""outcomes"": 1, ""outcomes_in_certificate_region"": 1, ""unsafe_outcome_examples"": [], ""unsafe_outcomes"": 0, ""update"": false}, {""action"": ""serve_4"", ""controllable"": true, ""outcomes"": 1, ""outcomes_in_certificate_region"": 1, ""unsafe_outcome_examples"": [], ""unsafe_outcomes"": 0, ""update"": false}, {""action"": ""serve_5"", ""controllable"": true, ""outcomes"": 1, ""outcomes_in_certificate_region"": 1, ""unsafe_outcome_examples"": [], ""unsafe_outcomes"": 0, ""update"": false}, {""action"": ""serve_6"", ""controllable"": true, ""outcomes"": 1, ""outcomes_in_certificate_region"": 1, ""unsafe_outcome_examples"": [], ""unsafe_outcomes"": 0, ""update"": false}, {""action"": ""serve_7"", ""controllable"": true, ""outcomes"": 1, ""outcomes_in_certificate_region"": 1, ""unsafe_outcome_examples"": [], ""unsafe_outcomes"": 0, ""update"": false}, {""action"": ""serve_8"", ""controllable"": true, ""outcomes"": 1, ""outcomes_in_certificate_region"": 1, ""unsafe_outcome_examples"": [], ""unsafe_outcomes"": 0, ""update"": false}, {""action"": ""serve_9"", ""controllable"": true, ""outcomes"": 1, ""outcomes_in_certificate_region"": 1, ""unsafe_outcome_examples"": [], ""unsafe_outcomes"": 0, ""update"": false}], ""pending"": [""ablation.merge.transfers""], ""physical"": [[""OLD"", ""ready""], [""OLD"", ""ready""], [""OLD"", ""ready""], [""OLD"", ""ready""], [""OLD"", ""ready""], [""OLD"", ""ready""], [""OLD"", ""ready""], [""OLD"", ""ready""], [""OLD"", ""ready""], [""OLD"", ""ready""]], ""safe"": true, ""testers"": {""availability"": ""q10""}}], ""initial_examples_limit"": 3, ""initial_states"": 1, ""losing_initial_states"": 1, ""region_states"": 2, ""safe_region_states"": 1, ""scope"": ""checked discovered-state losing certificate; sampled local root closure evidence, not a unique whole-game causal explanation"", ""unsafe_region_states"": 1}",raw/series/n10_m01_merged_lazy/result.json,raw/series/n10_m01_merged_lazy/certificate.json,
27,rolling_scale,v1,n10_m01_all_lazy,"{""k"": 10, ""m"": 1, ""n"": 10}",inputs/rolling_n10_m01_k10.json,none,lazy,LOSS,LOSS,LOSS,PASS,2,1,11,11,11,,2,2,,0.020676875,0.00273725,0.010781791,PASS,NOT_APPLICABLE_LOSS,PASS,0.20322716695955023,2,7bdc3024853e924302d1902ce48f54d7b4dca42b63471759b9c7c6fee1a0d849,ff1e6b176f004ea85f1e99690a90388a6a4d24f44cd8d8e636fcd9337dcf67d5,b08475469555ba6a59418d02dc8ecdc0ee5c0d870689abebf3648f8c4d30eb97,2026-09-29T17:53:17.650124+09:00,2026-09-29T17:53:17.853621+09:00,"The checked discovered-state losing certificate contains 2 states (1 unsafe) and 1/1 initial states; its stored root buckets retain every adversarial outcome and identify the outcomes in this certificate (local closure evidence, not a unique causal explanation).","{""initial_examples"": [{""enabled_action_buckets"": [{""action"": ""ablation.merge.transfers"", ""controllable"": true, ""outcomes"": 1, ""outcomes_in_certificate_region"": 1, ""unsafe_outcome_examples"": [{""pending"": [], ""physical"": [[""NEW"", ""booting""], [""NEW"", ""booting""], [""NEW"", ""booting""], [""NEW"", ""booting""], [""NEW"", ""booting""], [""NEW"", ""booting""], [""NEW"", ""booting""], [""NEW"", ""booting""], [""NEW"", ""booting""], [""NEW"", ""booting""]], ""testers"": {""availability"": ""ERR_AVAILABILITY""}}], ""unsafe_outcomes"": 1, ""update"": true}, {""action"": ""serve_1"", ""controllable"": true, ""outcomes"": 1, ""outcomes_in_certificate_region"": 1, ""unsafe_outcome_examples"": [], ""unsafe_outcomes"": 0, ""update"": false}, {""action"": ""serve_10"", ""controllable"": true, ""outcomes"": 1, ""outcomes_in_certificate_region"": 1, ""unsafe_outcome_examples"": [], ""unsafe_outcomes"": 0, ""update"": false}, {""action"": ""serve_2"", ""controllable"": true, ""outcomes"": 1, ""outcomes_in_certificate_region"": 1, ""unsafe_outcome_examples"": [], ""unsafe_outcomes"": 0, ""update"": false}, {""action"": ""serve_3"", ""controllable"": true, ""outcomes"": 1, ""outcomes_in_certificate_region"": 1, ""unsafe_outcome_examples"": [], ""unsafe_outcomes"": 0, ""update"": false}, {""action"": ""serve_4"", ""controllable"": true, ""outcomes"": 1, ""outcomes_in_certificate_region"": 1, ""unsafe_outcome_examples"": [], ""unsafe_outcomes"": 0, ""update"": false}, {""action"": ""serve_5"", ""controllable"": true, ""outcomes"": 1, ""outcomes_in_certificate_region"": 1, ""unsafe_outcome_examples"": [], ""unsafe_outcomes"": 0, ""update"": false}, {""action"": ""serve_6"", ""controllable"": true, ""outcomes"": 1, ""outcomes_in_certificate_region"": 1, ""unsafe_outcome_examples"": [], ""unsafe_outcomes"": 0, ""update"": false}, {""action"": ""serve_7"", ""controllable"": true, ""outcomes"": 1, ""outcomes_in_certificate_region"": 1, ""unsafe_outcome_examples"": [], ""unsafe_outcomes"": 0, ""update"": false}, {""action"": ""serve_8"", ""controllable"": true, ""outcomes"": 1, ""outcomes_in_certificate_region"": 1, ""unsafe_outcome_examples"": [], ""unsafe_outcomes"": 0, ""update"": false}, {""action"": ""serve_9"", ""controllable"": true, ""outcomes"": 1, ""outcomes_in_certificate_region"": 1, ""unsafe_outcome_examples"": [], ""unsafe_outcomes"": 0, ""update"": false}], ""pending"": [""ablation.merge.transfers""], ""physical"": [[""OLD"", ""ready""], [""OLD"", ""ready""], [""OLD"", ""ready""], [""OLD"", ""ready""], [""OLD"", ""ready""], [""OLD"", ""ready""], [""OLD"", ""ready""], [""OLD"", ""ready""], [""OLD"", ""ready""], [""OLD"", ""ready""]], ""safe"": true, ""testers"": {""availability"": ""q10""}}], ""initial_examples_limit"": 3, ""initial_states"": 1, ""losing_initial_states"": 1, ""region_states"": 2, ""safe_region_states"": 1, ""scope"": ""checked discovered-state losing certificate; sampled local root closure evidence, not a unique whole-game causal explanation"", ""unsafe_region_states"": 1}",raw/series/n10_m01_all_lazy/result.json,raw/series/n10_m01_all_lazy/certificate.json,
28,rolling_scale,v1,n10_m01_fine_df,"{""k"": 1, ""m"": 1, ""n"": 10}",inputs/rolling_n10_m01_k01.json,none,direct_full,WIN,WIN,WIN,PASS,6144,6143,122860,66550,66550,20,,21,22,0.021206292,1.217885542,0.014922667,PASS,PASS,PASS,1.4443835000274703,0,f69c121780cf959808cd18c2143d9643d2ffa58b45f791b0e9fbfb243cc864f6,ff1e6b176f004ea85f1e99690a90388a6a4d24f44cd8d8e636fcd9337dcf67d5,b08475469555ba6a59418d02dc8ecdc0ee5c0d870689abebf3648f8c4d30eb97,2026-09-29T17:53:18.290263+09:00,2026-09-29T17:53:19.734915+09:00,Checked WIN certificate.,,raw/series/n10_m01_fine_df/result.json,raw/series/n10_m01_fine_df/certificate.json,
29,rolling_scale,v1,n10_m09_fine_lazy,"{""k"": 1, ""m"": 9, ""n"": 10}",inputs/rolling_n10_m09_k01.json,none,lazy,WIN,WIN,WIN,PASS,21,20,110,20,20,20,,21,22,0.0199195,0.009293792,0.024391292,PASS,PASS,PASS,0.2545323329977691,0,42fafd31c7baa73d1dbacf9901a8fc292231e1190b2785a202a3c93deb422d95,ff1e6b176f004ea85f1e99690a90388a6a4d24f44cd8d8e636fcd9337dcf67d5,b08475469555ba6a59418d02dc8ecdc0ee5c0d870689abebf3648f8c4d30eb97,2026-09-29T17:53:20.175093+09:00,2026-09-29T17:53:20.430025+09:00,Checked WIN certificate.,,raw/series/n10_m09_fine_lazy/result.json,raw/series/n10_m09_fine_lazy/certificate.json,
30,rolling_scale,v1,n10_m09_merged_lazy,"{""k"": 10, ""m"": 9, ""n"": 10}",inputs/rolling_n10_m09_k01.json,transfers,lazy,LOSS,LOSS,LOSS,PASS,2,1,11,11,11,,2,2,,0.020964459,0.002457,0.012344,PASS,NOT_APPLICABLE_LOSS,PASS,0.32407758402405307,2,42fafd31c7baa73d1dbacf9901a8fc292231e1190b2785a202a3c93deb422d95,ff1e6b176f004ea85f1e99690a90388a6a4d24f44cd8d8e636fcd9337dcf67d5,b08475469555ba6a59418d02dc8ecdc0ee5c0d870689abebf3648f8c4d30eb97,2026-09-29T17:53:20.872099+09:00,2026-09-29T17:53:21.196443+09:00,"The checked discovered-state losing certificate contains 2 states (1 unsafe) and 1/1 initial states; its stored root buckets retain every adversarial outcome and identify the outcomes in this certificate (local closure evidence, not a unique causal explanation).","{""initial_examples"": [{""enabled_action_buckets"": [{""action"": ""ablation.merge.transfers"", ""controllable"": true, ""outcomes"": 1, ""outcomes_in_certificate_region"": 1, ""unsafe_outcome_examples"": [{""pending"": [], ""physical"": [[""NEW"", ""booting""], [""NEW"", ""booting""], [""NEW"", ""booting""], [""NEW"", ""booting""], [""NEW"", ""booting""], [""NEW"", ""booting""], [""NEW"", ""booting""], [""NEW"", ""booting""], [""NEW"", ""booting""], [""NEW"", ""booting""]], ""testers"": {""availability"": ""ERR_AVAILABILITY""}}], ""unsafe_outcomes"": 1, ""update"": true}, {""action"": ""serve_1"", ""controllable"": true, ""outcomes"": 1, ""outcomes_in_certificate_region"": 1, ""unsafe_outcome_examples"": [], ""unsafe_outcomes"": 0, ""update"": false}, {""action"": ""serve_10"", ""controllable"": true, ""outcomes"": 1, ""outcomes_in_certificate_region"": 1, ""unsafe_outcome_examples"": [], ""unsafe_outcomes"": 0, ""update"": false}, {""action"": ""serve_2"", ""controllable"": true, ""outcomes"": 1, ""outcomes_in_certificate_region"": 1, ""unsafe_outcome_examples"": [], ""unsafe_outcomes"": 0, ""update"": false}, {""action"": ""serve_3"", ""controllable"": true, ""outcomes"": 1, ""outcomes_in_certificate_region"": 1, ""unsafe_outcome_examples"": [], ""unsafe_outcomes"": 0, ""update"": false}, {""action"": ""serve_4"", ""controllable"": true, ""outcomes"": 1, ""outcomes_in_certificate_region"": 1, ""unsafe_outcome_examples"": [], ""unsafe_outcomes"": 0, ""update"": false}, {""action"": ""serve_5"", ""controllable"": true, ""outcomes"": 1, ""outcomes_in_certificate_region"": 1, ""unsafe_outcome_examples"": [], ""unsafe_outcomes"": 0, ""update"": false}, {""action"": ""serve_6"", ""controllable"": true, ""outcomes"": 1, ""outcomes_in_certificate_region"": 1, ""unsafe_outcome_examples"": [], ""unsafe_outcomes"": 0, ""update"": false}, {""action"": ""serve_7"", ""controllable"": true, ""outcomes"": 1, ""outcomes_in_certificate_region"": 1, ""unsafe_outcome_examples"": [], ""unsafe_outcomes"": 0, ""update"": false}, {""action"": ""serve_8"", ""controllable"": true, ""outcomes"": 1, ""outcomes_in_certificate_region"": 1, ""unsafe_outcome_examples"": [], ""unsafe_outcomes"": 0, ""update"": false}, {""action"": ""serve_9"", ""controllable"": true, ""outcomes"": 1, ""outcomes_in_certificate_region"": 1, ""unsafe_outcome_examples"": [], ""unsafe_outcomes"": 0, ""update"": false}], ""pending"": [""ablation.merge.transfers""], ""physical"": [[""OLD"", ""ready""], [""OLD"", ""ready""], [""OLD"", ""ready""], [""OLD"", ""ready""], [""OLD"", ""ready""], [""OLD"", ""ready""], [""OLD"", ""ready""], [""OLD"", ""ready""], [""OLD"", ""ready""], [""OLD"", ""ready""]], ""safe"": true, ""testers"": {""availability"": ""q10""}}], ""initial_examples_limit"": 3, ""initial_states"": 1, ""losing_initial_states"": 1, ""region_states"": 2, ""safe_region_states"": 1, ""scope"": ""checked discovered-state losing certificate; sampled local root closure evidence, not a unique whole-game causal explanation"", ""unsafe_region_states"": 1}",raw/series/n10_m09_merged_lazy/result.json,raw/series/n10_m09_merged_lazy/certificate.json,
31,rolling_scale,v1,n10_m09_all_lazy,"{""k"": 10, ""m"": 9, ""n"": 10}",inputs/rolling_n10_m09_k10.json,none,lazy,LOSS,LOSS,LOSS,PASS,2,1,11,11,11,,2,2,,0.019129042,0.002750791,0.010899208,PASS,NOT_APPLICABLE_LOSS,PASS,0.2031008749618195,2,e3b73355e1eade16d5936a1acb06504a732d9ea967af33a366bd0d14af0c572e,ff1e6b176f004ea85f1e99690a90388a6a4d24f44cd8d8e636fcd9337dcf67d5,b08475469555ba6a59418d02dc8ecdc0ee5c0d870689abebf3648f8c4d30eb97,2026-09-29T17:53:21.635040+09:00,2026-09-29T17:53:21.838445+09:00,"The checked discovered-state losing certificate contains 2 states (1 unsafe) and 1/1 initial states; its stored root buckets retain every adversarial outcome and identify the outcomes in this certificate (local closure evidence, not a unique causal explanation).","{""initial_examples"": [{""enabled_action_buckets"": [{""action"": ""ablation.merge.transfers"", ""controllable"": true, ""outcomes"": 1, ""outcomes_in_certificate_region"": 1, ""unsafe_outcome_examples"": [{""pending"": [], ""physical"": [[""NEW"", ""booting""], [""NEW"", ""booting""], [""NEW"", ""booting""], [""NEW"", ""booting""], [""NEW"", ""booting""], [""NEW"", ""booting""], [""NEW"", ""booting""], [""NEW"", ""booting""], [""NEW"", ""booting""], [""NEW"", ""booting""]], ""testers"": {""availability"": ""ERR_AVAILABILITY""}}], ""unsafe_outcomes"": 1, ""update"": true}, {""action"": ""serve_1"", ""controllable"": true, ""outcomes"": 1, ""outcomes_in_certificate_region"": 1, ""unsafe_outcome_examples"": [], ""unsafe_outcomes"": 0, ""update"": false}, {""action"": ""serve_10"", ""controllable"": true, ""outcomes"": 1, ""outcomes_in_certificate_region"": 1, ""unsafe_outcome_examples"": [], ""unsafe_outcomes"": 0, ""update"": false}, {""action"": ""serve_2"", ""controllable"": true, ""outcomes"": 1, ""outcomes_in_certificate_region"": 1, ""unsafe_outcome_examples"": [], ""unsafe_outcomes"": 0, ""update"": false}, {""action"": ""serve_3"", ""controllable"": true, ""outcomes"": 1, ""outcomes_in_certificate_region"": 1, ""unsafe_outcome_examples"": [], ""unsafe_outcomes"": 0, ""update"": false}, {""action"": ""serve_4"", ""controllable"": true, ""outcomes"": 1, ""outcomes_in_certificate_region"": 1, ""unsafe_outcome_examples"": [], ""unsafe_outcomes"": 0, ""update"": false}, {""action"": ""serve_5"", ""controllable"": true, ""outcomes"": 1, ""outcomes_in_certificate_region"": 1, ""unsafe_outcome_examples"": [], ""unsafe_outcomes"": 0, ""update"": false}, {""action"": ""serve_6"", ""controllable"": true, ""outcomes"": 1, ""outcomes_in_certificate_region"": 1, ""unsafe_outcome_examples"": [], ""unsafe_outcomes"": 0, ""update"": false}, {""action"": ""serve_7"", ""controllable"": true, ""outcomes"": 1, ""outcomes_in_certificate_region"": 1, ""unsafe_outcome_examples"": [], ""unsafe_outcomes"": 0, ""update"": false}, {""action"": ""serve_8"", ""controllable"": true, ""outcomes"": 1, ""outcomes_in_certificate_region"": 1, ""unsafe_outcome_examples"": [], ""unsafe_outcomes"": 0, ""update"": false}, {""action"": ""serve_9"", ""controllable"": true, ""outcomes"": 1, ""outcomes_in_certificate_region"": 1, ""unsafe_outcome_examples"": [], ""unsafe_outcomes"": 0, ""update"": false}], ""pending"": [""ablation.merge.transfers""], ""physical"": [[""OLD"", ""ready""], [""OLD"", ""ready""], [""OLD"", ""ready""], [""OLD"", ""ready""], [""OLD"", ""ready""], [""OLD"", ""ready""], [""OLD"", ""ready""], [""OLD"", ""ready""], [""OLD"", ""ready""], [""OLD"", ""ready""]], ""safe"": true, ""testers"": {""availability"": ""q10""}}], ""initial_examples_limit"": 3, ""initial_states"": 1, ""losing_initial_states"": 1, ""region_states"": 2, ""safe_region_states"": 1, ""scope"": ""checked discovered-state losing certificate; sampled local root closure evidence, not a unique whole-game causal explanation"", ""unsafe_region_states"": 1}",raw/series/n10_m09_all_lazy/result.json,raw/series/n10_m09_all_lazy/certificate.json,
32,rolling_scale,v1,n10_m09_fine_df,"{""k"": 1, ""m"": 9, ""n"": 10}",inputs/rolling_n10_m09_k01.json,none,direct_full,WIN,WIN,WIN,PASS,6144,6143,122860,66550,66550,20,,21,22,0.018814084,1.24629925,0.015186375,PASS,PASS,PASS,1.4643301670439541,0,42fafd31c7baa73d1dbacf9901a8fc292231e1190b2785a202a3c93deb422d95,ff1e6b176f004ea85f1e99690a90388a6a4d24f44cd8d8e636fcd9337dcf67d5,b08475469555ba6a59418d02dc8ecdc0ee5c0d870689abebf3648f8c4d30eb97,2026-09-29T17:53:22.276938+09:00,2026-09-29T17:53:23.741518+09:00,Checked WIN certificate.,,raw/series/n10_m09_fine_df/result.json,raw/series/n10_m09_fine_df/certificate.json,
33,rolling_scale,v1,n11_m01_fine_lazy,"{""k"": 1, ""m"": 1, ""n"": 11}",inputs/rolling_n11_m01_k01.json,none,lazy,WIN,WIN,WIN,PASS,23,22,132,22,22,22,,23,24,0.022141042,0.009151542,0.029243292,PASS,PASS,PASS,0.2514568750048056,0,9c6071b76856ee8c045c1fe55f6d64e6d3443d2c4daca16ae5a2d5a8a83a78c3,ff1e6b176f004ea85f1e99690a90388a6a4d24f44cd8d8e636fcd9337dcf67d5,b08475469555ba6a59418d02dc8ecdc0ee5c0d870689abebf3648f8c4d30eb97,2026-09-29T17:53:24.181202+09:00,2026-09-29T17:53:24.432921+09:00,Checked WIN certificate.,,raw/series/n11_m01_fine_lazy/result.json,raw/series/n11_m01_fine_lazy/certificate.json,
34,rolling_scale,v1,n11_m01_merged_lazy,"{""k"": 11, ""m"": 1, ""n"": 11}",inputs/rolling_n11_m01_k01.json,transfers,lazy,LOSS,LOSS,LOSS,PASS,2,1,12,12,12,,2,2,,0.026225417,0.002947667,0.012253125,PASS,NOT_APPLICABLE_LOSS,PASS,0.4314478749874979,2,9c6071b76856ee8c045c1fe55f6d64e6d3443d2c4daca16ae5a2d5a8a83a78c3,ff1e6b176f004ea85f1e99690a90388a6a4d24f44cd8d8e636fcd9337dcf67d5,b08475469555ba6a59418d02dc8ecdc0ee5c0d870689abebf3648f8c4d30eb97,2026-09-29T17:53:24.879414+09:00,2026-09-29T17:53:25.311136+09:00,"The checked discovered-state losing certificate contains 2 states (1 unsafe) and 1/1 initial states; its stored root buckets retain every adversarial outcome and identify the outcomes in this certificate (local closure evidence, not a unique causal explanation).","{""initial_examples"": [{""enabled_action_buckets"": [{""action"": ""ablation.merge.transfers"", ""controllable"": true, ""outcomes"": 1, ""outcomes_in_certificate_region"": 1, ""unsafe_outcome_examples"": [{""pending"": [], ""physical"": [[""NEW"", ""booting""], [""NEW"", ""booting""], [""NEW"", ""booting""], [""NEW"", ""booting""], [""NEW"", ""booting""], [""NEW"", ""booting""], [""NEW"", ""booting""], [""NEW"", ""booting""], [""NEW"", ""booting""], [""NEW"", ""booting""], [""NEW"", ""booting""]], ""testers"": {""availability"": ""ERR_AVAILABILITY""}}], ""unsafe_outcomes"": 1, ""update"": true}, {""action"": ""serve_1"", ""controllable"": true, ""outcomes"": 1, ""outcomes_in_certificate_region"": 1, ""unsafe_outcome_examples"": [], ""unsafe_outcomes"": 0, ""update"": false}, {""action"": ""serve_10"", ""controllable"": true, ""outcomes"": 1, ""outcomes_in_certificate_region"": 1, ""unsafe_outcome_examples"": [], ""unsafe_outcomes"": 0, ""update"": false}, {""action"": ""serve_11"", ""controllable"": true, ""outcomes"": 1, ""outcomes_in_certificate_region"": 1, ""unsafe_outcome_examples"": [], ""unsafe_outcomes"": 0, ""update"": false}, {""action"": ""serve_2"", ""controllable"": true, ""outcomes"": 1, ""outcomes_in_certificate_region"": 1, ""unsafe_outcome_examples"": [], ""unsafe_outcomes"": 0, ""update"": false}, {""action"": ""serve_3"", ""controllable"": true, ""outcomes"": 1, ""outcomes_in_certificate_region"": 1, ""unsafe_outcome_examples"": [], ""unsafe_outcomes"": 0, ""update"": false}, {""action"": ""serve_4"", ""controllable"": true, ""outcomes"": 1, ""outcomes_in_certificate_region"": 1, ""unsafe_outcome_examples"": [], ""unsafe_outcomes"": 0, ""update"": false}, {""action"": ""serve_5"", ""controllable"": true, ""outcomes"": 1, ""outcomes_in_certificate_region"": 1, ""unsafe_outcome_examples"": [], ""unsafe_outcomes"": 0, ""update"": false}, {""action"": ""serve_6"", ""controllable"": true, ""outcomes"": 1, ""outcomes_in_certificate_region"": 1, ""unsafe_outcome_examples"": [], ""unsafe_outcomes"": 0, ""update"": false}, {""action"": ""serve_7"", ""controllable"": true, ""outcomes"": 1, ""outcomes_in_certificate_region"": 1, ""unsafe_outcome_examples"": [], ""unsafe_outcomes"": 0, ""update"": false}, {""action"": ""serve_8"", ""controllable"": true, ""outcomes"": 1, ""outcomes_in_certificate_region"": 1, ""unsafe_outcome_examples"": [], ""unsafe_outcomes"": 0, ""update"": false}, {""action"": ""serve_9"", ""controllable"": true, ""outcomes"": 1, ""outcomes_in_certificate_region"": 1, ""unsafe_outcome_examples"": [], ""unsafe_outcomes"": 0, ""update"": false}], ""pending"": [""ablation.merge.transfers""], ""physical"": [[""OLD"", ""ready""], [""OLD"", ""ready""], [""OLD"", ""ready""], [""OLD"", ""ready""], [""OLD"", ""ready""], [""OLD"", ""ready""], [""OLD"", ""ready""], [""OLD"", ""ready""], [""OLD"", ""ready""], [""OLD"", ""ready""], [""OLD"", ""ready""]], ""safe"": true, ""testers"": {""availability"": ""q11""}}], ""initial_examples_limit"": 3, ""initial_states"": 1, ""losing_initial_states"": 1, ""region_states"": 2, ""safe_region_states"": 1, ""scope"": ""checked discovered-state losing certificate; sampled local root closure evidence, not a unique whole-game causal explanation"", ""unsafe_region_states"": 1}",raw/series/n11_m01_merged_lazy/result.json,raw/series/n11_m01_merged_lazy/certificate.json,
35,rolling_scale,v1,n11_m01_all_lazy,"{""k"": 11, ""m"": 1, ""n"": 11}",inputs/rolling_n11_m01_k11.json,none,lazy,LOSS,LOSS,LOSS,PASS,2,1,12,12,12,,2,2,,0.021025417,0.003615625,0.010793042,PASS,NOT_APPLICABLE_LOSS,PASS,0.20112337497994304,2,ac43936f8a0e64d4a09b987406c1da2ae909871b8959a652d9bc798afa395a8e,ff1e6b176f004ea85f1e99690a90388a6a4d24f44cd8d8e636fcd9337dcf67d5,b08475469555ba6a59418d02dc8ecdc0ee5c0d870689abebf3648f8c4d30eb97,2026-09-29T17:53:25.776760+09:00,2026-09-29T17:53:25.978149+09:00,"The checked discovered-state losing certificate contains 2 states (1 unsafe) and 1/1 initial states; its stored root buckets retain every adversarial outcome and identify the outcomes in this certificate (local closure evidence, not a unique causal explanation).","{""initial_examples"": [{""enabled_action_buckets"": [{""action"": ""ablation.merge.transfers"", ""controllable"": true, ""outcomes"": 1, ""outcomes_in_certificate_region"": 1, ""unsafe_outcome_examples"": [{""pending"": [], ""physical"": [[""NEW"", ""booting""], [""NEW"", ""booting""], [""NEW"", ""booting""], [""NEW"", ""booting""], [""NEW"", ""booting""], [""NEW"", ""booting""], [""NEW"", ""booting""], [""NEW"", ""booting""], [""NEW"", ""booting""], [""NEW"", ""booting""], [""NEW"", ""booting""]], ""testers"": {""availability"": ""ERR_AVAILABILITY""}}], ""unsafe_outcomes"": 1, ""update"": true}, {""action"": ""serve_1"", ""controllable"": true, ""outcomes"": 1, ""outcomes_in_certificate_region"": 1, ""unsafe_outcome_examples"": [], ""unsafe_outcomes"": 0, ""update"": false}, {""action"": ""serve_10"", ""controllable"": true, ""outcomes"": 1, ""outcomes_in_certificate_region"": 1, ""unsafe_outcome_examples"": [], ""unsafe_outcomes"": 0, ""update"": false}, {""action"": ""serve_11"", ""controllable"": true, ""outcomes"": 1, ""outcomes_in_certificate_region"": 1, ""unsafe_outcome_examples"": [], ""unsafe_outcomes"": 0, ""update"": false}, {""action"": ""serve_2"", ""controllable"": true, ""outcomes"": 1, ""outcomes_in_certificate_region"": 1, ""unsafe_outcome_examples"": [], ""unsafe_outcomes"": 0, ""update"": false}, {""action"": ""serve_3"", ""controllable"": true, ""outcomes"": 1, ""outcomes_in_certificate_region"": 1, ""unsafe_outcome_examples"": [], ""unsafe_outcomes"": 0, ""update"": false}, {""action"": ""serve_4"", ""controllable"": true, ""outcomes"": 1, ""outcomes_in_certificate_region"": 1, ""unsafe_outcome_examples"": [], ""unsafe_outcomes"": 0, ""update"": false}, {""action"": ""serve_5"", ""controllable"": true, ""outcomes"": 1, ""outcomes_in_certificate_region"": 1, ""unsafe_outcome_examples"": [], ""unsafe_outcomes"": 0, ""update"": false}, {""action"": ""serve_6"", ""controllable"": true, ""outcomes"": 1, ""outcomes_in_certificate_region"": 1, ""unsafe_outcome_examples"": [], ""unsafe_outcomes"": 0, ""update"": false}, {""action"": ""serve_7"", ""controllable"": true, ""outcomes"": 1, ""outcomes_in_certificate_region"": 1, ""unsafe_outcome_examples"": [], ""unsafe_outcomes"": 0, ""update"": false}, {""action"": ""serve_8"", ""controllable"": true, ""outcomes"": 1, ""outcomes_in_certificate_region"": 1, ""unsafe_outcome_examples"": [], ""unsafe_outcomes"": 0, ""update"": false}, {""action"": ""serve_9"", ""controllable"": true, ""outcomes"": 1, ""outcomes_in_certificate_region"": 1, ""unsafe_outcome_examples"": [], ""unsafe_outcomes"": 0, ""update"": false}], ""pending"": [""ablation.merge.transfers""], ""physical"": [[""OLD"", ""ready""], [""OLD"", ""ready""], [""OLD"", ""ready""], [""OLD"", ""ready""], [""OLD"", ""ready""], [""OLD"", ""ready""], [""OLD"", ""ready""], [""OLD"", ""ready""], [""OLD"", ""ready""], [""OLD"", ""ready""], [""OLD"", ""ready""]], ""safe"": true, ""testers"": {""availability"": ""q11""}}], ""initial_examples_limit"": 3, ""initial_states"": 1, ""losing_initial_states"": 1, ""region_states"": 2, ""safe_region_states"": 1, ""scope"": ""checked discovered-state losing certificate; sampled local root closure evidence, not a unique whole-game causal explanation"", ""unsafe_region_states"": 1}",raw/series/n11_m01_all_lazy/result.json,raw/series/n11_m01_all_lazy/certificate.json,
36,rolling_scale,v1,n11_m01_fine_df,"{""k"": 1, ""m"": 1, ""n"": 11}",inputs/rolling_n11_m01_k01.json,none,direct_full,WIN,WIN,WIN,PASS,13312,13311,292842,157685,157685,22,,23,24,0.022286584,3.04154775,0.016432375,PASS,PASS,PASS,3.297426709032152,0,9c6071b76856ee8c045c1fe55f6d64e6d3443d2c4daca16ae5a2d5a8a83a78c3,ff1e6b176f004ea85f1e99690a90388a6a4d24f44cd8d8e636fcd9337dcf67d5,b08475469555ba6a59418d02dc8ecdc0ee5c0d870689abebf3648f8c4d30eb97,2026-09-29T17:53:26.420416+09:00,2026-09-29T17:53:29.718115+09:00,Checked WIN certificate.,,raw/series/n11_m01_fine_df/result.json,raw/series/n11_m01_fine_df/certificate.json,
37,rolling_scale,v1,n11_m10_fine_lazy,"{""k"": 1, ""m"": 10, ""n"": 11}",inputs/rolling_n11_m10_k01.json,none,lazy,WIN,WIN,WIN,PASS,23,22,132,22,22,22,,23,24,0.019738083,0.010495916,0.029370084,PASS,PASS,PASS,0.26263825001660734,0,480c36bcd6563738b27fd64125e5a2a4419882761bead3ed54bf7c804388ef48,ff1e6b176f004ea85f1e99690a90388a6a4d24f44cd8d8e636fcd9337dcf67d5,b08475469555ba6a59418d02dc8ecdc0ee5c0d870689abebf3648f8c4d30eb97,2026-09-29T17:53:30.163352+09:00,2026-09-29T17:53:30.426258+09:00,Checked WIN certificate.,,raw/series/n11_m10_fine_lazy/result.json,raw/series/n11_m10_fine_lazy/certificate.json,
38,rolling_scale,v1,n11_m10_merged_lazy,"{""k"": 11, ""m"": 10, ""n"": 11}",inputs/rolling_n11_m10_k01.json,transfers,lazy,LOSS,LOSS,LOSS,PASS,2,1,12,12,12,,2,2,,0.0225925,0.003540792,0.013520375,PASS,NOT_APPLICABLE_LOSS,PASS,0.48046429199166596,2,480c36bcd6563738b27fd64125e5a2a4419882761bead3ed54bf7c804388ef48,ff1e6b176f004ea85f1e99690a90388a6a4d24f44cd8d8e636fcd9337dcf67d5,b08475469555ba6a59418d02dc8ecdc0ee5c0d870689abebf3648f8c4d30eb97,2026-09-29T17:53:30.887395+09:00,2026-09-29T17:53:31.368153+09:00,"The checked discovered-state losing certificate contains 2 states (1 unsafe) and 1/1 initial states; its stored root buckets retain every adversarial outcome and identify the outcomes in this certificate (local closure evidence, not a unique causal explanation).","{""initial_examples"": [{""enabled_action_buckets"": [{""action"": ""ablation.merge.transfers"", ""controllable"": true, ""outcomes"": 1, ""outcomes_in_certificate_region"": 1, ""unsafe_outcome_examples"": [{""pending"": [], ""physical"": [[""NEW"", ""booting""], [""NEW"", ""booting""], [""NEW"", ""booting""], [""NEW"", ""booting""], [""NEW"", ""booting""], [""NEW"", ""booting""], [""NEW"", ""booting""], [""NEW"", ""booting""], [""NEW"", ""booting""], [""NEW"", ""booting""], [""NEW"", ""booting""]], ""testers"": {""availability"": ""ERR_AVAILABILITY""}}], ""unsafe_outcomes"": 1, ""update"": true}, {""action"": ""serve_1"", ""controllable"": true, ""outcomes"": 1, ""outcomes_in_certificate_region"": 1, ""unsafe_outcome_examples"": [], ""unsafe_outcomes"": 0, ""update"": false}, {""action"": ""serve_10"", ""controllable"": true, ""outcomes"": 1, ""outcomes_in_certificate_region"": 1, ""unsafe_outcome_examples"": [], ""unsafe_outcomes"": 0, ""update"": false}, {""action"": ""serve_11"", ""controllable"": true, ""outcomes"": 1, ""outcomes_in_certificate_region"": 1, ""unsafe_outcome_examples"": [], ""unsafe_outcomes"": 0, ""update"": false}, {""action"": ""serve_2"", ""controllable"": true, ""outcomes"": 1, ""outcomes_in_certificate_region"": 1, ""unsafe_outcome_examples"": [], ""unsafe_outcomes"": 0, ""update"": false}, {""action"": ""serve_3"", ""controllable"": true, ""outcomes"": 1, ""outcomes_in_certificate_region"": 1, ""unsafe_outcome_examples"": [], ""unsafe_outcomes"": 0, ""update"": false}, {""action"": ""serve_4"", ""controllable"": true, ""outcomes"": 1, ""outcomes_in_certificate_region"": 1, ""unsafe_outcome_examples"": [], ""unsafe_outcomes"": 0, ""update"": false}, {""action"": ""serve_5"", ""controllable"": true, ""outcomes"": 1, ""outcomes_in_certificate_region"": 1, ""unsafe_outcome_examples"": [], ""unsafe_outcomes"": 0, ""update"": false}, {""action"": ""serve_6"", ""controllable"": true, ""outcomes"": 1, ""outcomes_in_certificate_region"": 1, ""unsafe_outcome_examples"": [], ""unsafe_outcomes"": 0, ""update"": false}, {""action"": ""serve_7"", ""controllable"": true, ""outcomes"": 1, ""outcomes_in_certificate_region"": 1, ""unsafe_outcome_examples"": [], ""unsafe_outcomes"": 0, ""update"": false}, {""action"": ""serve_8"", ""controllable"": true, ""outcomes"": 1, ""outcomes_in_certificate_region"": 1, ""unsafe_outcome_examples"": [], ""unsafe_outcomes"": 0, ""update"": false}, {""action"": ""serve_9"", ""controllable"": true, ""outcomes"": 1, ""outcomes_in_certificate_region"": 1, ""unsafe_outcome_examples"": [], ""unsafe_outcomes"": 0, ""update"": false}], ""pending"": [""ablation.merge.transfers""], ""physical"": [[""OLD"", ""ready""], [""OLD"", ""ready""], [""OLD"", ""ready""], [""OLD"", ""ready""], [""OLD"", ""ready""], [""OLD"", ""ready""], [""OLD"", ""ready""], [""OLD"", ""ready""], [""OLD"", ""ready""], [""OLD"", ""ready""], [""OLD"", ""ready""]], ""safe"": true, ""testers"": {""availability"": ""q11""}}], ""initial_examples_limit"": 3, ""initial_states"": 1, ""losing_initial_states"": 1, ""region_states"": 2, ""safe_region_states"": 1, ""scope"": ""checked discovered-state losing certificate; sampled local root closure evidence, not a unique whole-game causal explanation"", ""unsafe_region_states"": 1}",raw/series/n11_m10_merged_lazy/result.json,raw/series/n11_m10_merged_lazy/certificate.json,
39,rolling_scale,v1,n11_m10_all_lazy,"{""k"": 11, ""m"": 10, ""n"": 11}",inputs/rolling_n11_m10_k11.json,none,lazy,LOSS,LOSS,LOSS,PASS,2,1,12,12,12,,2,2,,0.020020167,0.002940083,0.011307417,PASS,NOT_APPLICABLE_LOSS,PASS,0.20576895796693861,2,91526ae5ee509743384c5eeab641cec529abc62a3717e88c861f94e8c083ab78,ff1e6b176f004ea85f1e99690a90388a6a4d24f44cd8d8e636fcd9337dcf67d5,b08475469555ba6a59418d02dc8ecdc0ee5c0d870689abebf3648f8c4d30eb97,2026-09-29T17:53:31.853750+09:00,2026-09-29T17:53:32.059808+09:00,"The checked discovered-state losing certificate contains 2 states (1 unsafe) and 1/1 initial states; its stored root buckets retain every adversarial outcome and identify the outcomes in this certificate (local closure evidence, not a unique causal explanation).","{""initial_examples"": [{""enabled_action_buckets"": [{""action"": ""ablation.merge.transfers"", ""controllable"": true, ""outcomes"": 1, ""outcomes_in_certificate_region"": 1, ""unsafe_outcome_examples"": [{""pending"": [], ""physical"": [[""NEW"", ""booting""], [""NEW"", ""booting""], [""NEW"", ""booting""], [""NEW"", ""booting""], [""NEW"", ""booting""], [""NEW"", ""booting""], [""NEW"", ""booting""], [""NEW"", ""booting""], [""NEW"", ""booting""], [""NEW"", ""booting""], [""NEW"", ""booting""]], ""testers"": {""availability"": ""ERR_AVAILABILITY""}}], ""unsafe_outcomes"": 1, ""update"": true}, {""action"": ""serve_1"", ""controllable"": true, ""outcomes"": 1, ""outcomes_in_certificate_region"": 1, ""unsafe_outcome_examples"": [], ""unsafe_outcomes"": 0, ""update"": false}, {""action"": ""serve_10"", ""controllable"": true, ""outcomes"": 1, ""outcomes_in_certificate_region"": 1, ""unsafe_outcome_examples"": [], ""unsafe_outcomes"": 0, ""update"": false}, {""action"": ""serve_11"", ""controllable"": true, ""outcomes"": 1, ""outcomes_in_certificate_region"": 1, ""unsafe_outcome_examples"": [], ""unsafe_outcomes"": 0, ""update"": false}, {""action"": ""serve_2"", ""controllable"": true, ""outcomes"": 1, ""outcomes_in_certificate_region"": 1, ""unsafe_outcome_examples"": [], ""unsafe_outcomes"": 0, ""update"": false}, {""action"": ""serve_3"", ""controllable"": true, ""outcomes"": 1, ""outcomes_in_certificate_region"": 1, ""unsafe_outcome_examples"": [], ""unsafe_outcomes"": 0, ""update"": false}, {""action"": ""serve_4"", ""controllable"": true, ""outcomes"": 1, ""outcomes_in_certificate_region"": 1, ""unsafe_outcome_examples"": [], ""unsafe_outcomes"": 0, ""update"": false}, {""action"": ""serve_5"", ""controllable"": true, ""outcomes"": 1, ""outcomes_in_certificate_region"": 1, ""unsafe_outcome_examples"": [], ""unsafe_outcomes"": 0, ""update"": false}, {""action"": ""serve_6"", ""controllable"": true, ""outcomes"": 1, ""outcomes_in_certificate_region"": 1, ""unsafe_outcome_examples"": [], ""unsafe_outcomes"": 0, ""update"": false}, {""action"": ""serve_7"", ""controllable"": true, ""outcomes"": 1, ""outcomes_in_certificate_region"": 1, ""unsafe_outcome_examples"": [], ""unsafe_outcomes"": 0, ""update"": false}, {""action"": ""serve_8"", ""controllable"": true, ""outcomes"": 1, ""outcomes_in_certificate_region"": 1, ""unsafe_outcome_examples"": [], ""unsafe_outcomes"": 0, ""update"": false}, {""action"": ""serve_9"", ""controllable"": true, ""outcomes"": 1, ""outcomes_in_certificate_region"": 1, ""unsafe_outcome_examples"": [], ""unsafe_outcomes"": 0, ""update"": false}], ""pending"": [""ablation.merge.transfers""], ""physical"": [[""OLD"", ""ready""], [""OLD"", ""ready""], [""OLD"", ""ready""], [""OLD"", ""ready""], [""OLD"", ""ready""], [""OLD"", ""ready""], [""OLD"", ""ready""], [""OLD"", ""ready""], [""OLD"", ""ready""], [""OLD"", ""ready""], [""OLD"", ""ready""]], ""safe"": true, ""testers"": {""availability"": ""q11""}}], ""initial_examples_limit"": 3, ""initial_states"": 1, ""losing_initial_states"": 1, ""region_states"": 2, ""safe_region_states"": 1, ""scope"": ""checked discovered-state losing certificate; sampled local root closure evidence, not a unique whole-game causal explanation"", ""unsafe_region_states"": 1}",raw/series/n11_m10_all_lazy/result.json,raw/series/n11_m10_all_lazy/certificate.json,
40,rolling_scale,v1,n11_m10_fine_df,"{""k"": 1, ""m"": 10, ""n"": 11}",inputs/rolling_n11_m10_k01.json,none,direct_full,WIN,WIN,WIN,PASS,13312,13311,292842,157685,157685,22,,23,24,0.019959667,3.360979917,0.016653917,PASS,PASS,PASS,3.624723083979916,0,480c36bcd6563738b27fd64125e5a2a4419882761bead3ed54bf7c804388ef48,ff1e6b176f004ea85f1e99690a90388a6a4d24f44cd8d8e636fcd9337dcf67d5,b08475469555ba6a59418d02dc8ecdc0ee5c0d870689abebf3648f8c4d30eb97,2026-09-29T17:53:32.516291+09:00,2026-09-29T17:53:36.141279+09:00,Checked WIN certificate.,,raw/series/n11_m10_fine_df/result.json,raw/series/n11_m10_fine_df/certificate.json,
41,rolling_scale,v1,n12_m01_fine_lazy,"{""k"": 1, ""m"": 1, ""n"": 12}",inputs/rolling_n12_m01_k01.json,none,lazy,WIN,WIN,WIN,PASS,25,24,156,24,24,24,,25,26,0.024329959,0.011479583,0.036317833,PASS,PASS,PASS,0.26126858399948105,0,df00fc2a329ef559eaea11e81621fabbb814d2b1689b65be83fad4caa446c1c3,ff1e6b176f004ea85f1e99690a90388a6a4d24f44cd8d8e636fcd9337dcf67d5,b08475469555ba6a59418d02dc8ecdc0ee5c0d870689abebf3648f8c4d30eb97,2026-09-29T17:53:36.613127+09:00,2026-09-29T17:53:36.874676+09:00,Checked WIN certificate.,,raw/series/n12_m01_fine_lazy/result.json,raw/series/n12_m01_fine_lazy/certificate.json,
42,rolling_scale,v1,n12_m01_merged_lazy,"{""k"": 12, ""m"": 1, ""n"": 12}",inputs/rolling_n12_m01_k01.json,transfers,lazy,LOSS,LOSS,LOSS,PASS,2,1,13,13,13,,2,2,,0.028569125,0.003278792,0.013862125,PASS,NOT_APPLICABLE_LOSS,PASS,0.6522494169767015,2,df00fc2a329ef559eaea11e81621fabbb814d2b1689b65be83fad4caa446c1c3,ff1e6b176f004ea85f1e99690a90388a6a4d24f44cd8d8e636fcd9337dcf67d5,b08475469555ba6a59418d02dc8ecdc0ee5c0d870689abebf3648f8c4d30eb97,2026-09-29T17:53:37.355430+09:00,2026-09-29T17:53:38.007990+09:00,"The checked discovered-state losing certificate contains 2 states (1 unsafe) and 1/1 initial states; its stored root buckets retain every adversarial outcome and identify the outcomes in this certificate (local closure evidence, not a unique causal explanation).","{""initial_examples"": [{""enabled_action_buckets"": [{""action"": ""ablation.merge.transfers"", ""controllable"": true, ""outcomes"": 1, ""outcomes_in_certificate_region"": 1, ""unsafe_outcome_examples"": [{""pending"": [], ""physical"": [[""NEW"", ""booting""], [""NEW"", ""booting""], [""NEW"", ""booting""], [""NEW"", ""booting""], [""NEW"", ""booting""], [""NEW"", ""booting""], [""NEW"", ""booting""], [""NEW"", ""booting""], [""NEW"", ""booting""], [""NEW"", ""booting""], [""NEW"", ""booting""], [""NEW"", ""booting""]], ""testers"": {""availability"": ""ERR_AVAILABILITY""}}], ""unsafe_outcomes"": 1, ""update"": true}, {""action"": ""serve_1"", ""controllable"": true, ""outcomes"": 1, ""outcomes_in_certificate_region"": 1, ""unsafe_outcome_examples"": [], ""unsafe_outcomes"": 0, ""update"": false}, {""action"": ""serve_10"", ""controllable"": true, ""outcomes"": 1, ""outcomes_in_certificate_region"": 1, ""unsafe_outcome_examples"": [], ""unsafe_outcomes"": 0, ""update"": false}, {""action"": ""serve_11"", ""controllable"": true, ""outcomes"": 1, ""outcomes_in_certificate_region"": 1, ""unsafe_outcome_examples"": [], ""unsafe_outcomes"": 0, ""update"": false}, {""action"": ""serve_12"", ""controllable"": true, ""outcomes"": 1, ""outcomes_in_certificate_region"": 1, ""unsafe_outcome_examples"": [], ""unsafe_outcomes"": 0, ""update"": false}, {""action"": ""serve_2"", ""controllable"": true, ""outcomes"": 1, ""outcomes_in_certificate_region"": 1, ""unsafe_outcome_examples"": [], ""unsafe_outcomes"": 0, ""update"": false}, {""action"": ""serve_3"", ""controllable"": true, ""outcomes"": 1, ""outcomes_in_certificate_region"": 1, ""unsafe_outcome_examples"": [], ""unsafe_outcomes"": 0, ""update"": false}, {""action"": ""serve_4"", ""controllable"": true, ""outcomes"": 1, ""outcomes_in_certificate_region"": 1, ""unsafe_outcome_examples"": [], ""unsafe_outcomes"": 0, ""update"": false}, {""action"": ""serve_5"", ""controllable"": true, ""outcomes"": 1, ""outcomes_in_certificate_region"": 1, ""unsafe_outcome_examples"": [], ""unsafe_outcomes"": 0, ""update"": false}, {""action"": ""serve_6"", ""controllable"": true, ""outcomes"": 1, ""outcomes_in_certificate_region"": 1, ""unsafe_outcome_examples"": [], ""unsafe_outcomes"": 0, ""update"": false}, {""action"": ""serve_7"", ""controllable"": true, ""outcomes"": 1, ""outcomes_in_certificate_region"": 1, ""unsafe_outcome_examples"": [], ""unsafe_outcomes"": 0, ""update"": false}, {""action"": ""serve_8"", ""controllable"": true, ""outcomes"": 1, ""outcomes_in_certificate_region"": 1, ""unsafe_outcome_examples"": [], ""unsafe_outcomes"": 0, ""update"": false}, {""action"": ""serve_9"", ""controllable"": true, ""outcomes"": 1, ""outcomes_in_certificate_region"": 1, ""unsafe_outcome_examples"": [], ""unsafe_outcomes"": 0, ""update"": false}], ""pending"": [""ablation.merge.transfers""], ""physical"": [[""OLD"", ""ready""], [""OLD"", ""ready""], [""OLD"", ""ready""], [""OLD"", ""ready""], [""OLD"", ""ready""], [""OLD"", ""ready""], [""OLD"", ""ready""], [""OLD"", ""ready""], [""OLD"", ""ready""], [""OLD"", ""ready""], [""OLD"", ""ready""], [""OLD"", ""ready""]], ""safe"": true, ""testers"": {""availability"": ""q12""}}], ""initial_examples_limit"": 3, ""initial_states"": 1, ""losing_initial_states"": 1, ""region_states"": 2, ""safe_region_states"": 1, ""scope"": ""checked discovered-state losing certificate; sampled local root closure evidence, not a unique whole-game causal explanation"", ""unsafe_region_states"": 1}",raw/series/n12_m01_merged_lazy/result.json,raw/series/n12_m01_merged_lazy/certificate.json,
43,rolling_scale,v1,n12_m01_all_lazy,"{""k"": 12, ""m"": 1, ""n"": 12}",inputs/rolling_n12_m01_k12.json,none,lazy,LOSS,LOSS,LOSS,PASS,2,1,13,13,13,,2,2,,0.025141125,0.003894875,0.012617,PASS,NOT_APPLICABLE_LOSS,PASS,0.2646485840086825,2,00066fa6b9bdd989e7b7716e4e8725e6d86937d2c5e8305618c4eafed5f085c8,ff1e6b176f004ea85f1e99690a90388a6a4d24f44cd8d8e636fcd9337dcf67d5,b08475469555ba6a59418d02dc8ecdc0ee5c0d870689abebf3648f8c4d30eb97,2026-09-29T17:53:38.522245+09:00,2026-09-29T17:53:38.787183+09:00,"The checked discovered-state losing certificate contains 2 states (1 unsafe) and 1/1 initial states; its stored root buckets retain every adversarial outcome and identify the outcomes in this certificate (local closure evidence, not a unique causal explanation).","{""initial_examples"": [{""enabled_action_buckets"": [{""action"": ""ablation.merge.transfers"", ""controllable"": true, ""outcomes"": 1, ""outcomes_in_certificate_region"": 1, ""unsafe_outcome_examples"": [{""pending"": [], ""physical"": [[""NEW"", ""booting""], [""NEW"", ""booting""], [""NEW"", ""booting""], [""NEW"", ""booting""], [""NEW"", ""booting""], [""NEW"", ""booting""], [""NEW"", ""booting""], [""NEW"", ""booting""], [""NEW"", ""booting""], [""NEW"", ""booting""], [""NEW"", ""booting""], [""NEW"", ""booting""]], ""testers"": {""availability"": ""ERR_AVAILABILITY""}}], ""unsafe_outcomes"": 1, ""update"": true}, {""action"": ""serve_1"", ""controllable"": true, ""outcomes"": 1, ""outcomes_in_certificate_region"": 1, ""unsafe_outcome_examples"": [], ""unsafe_outcomes"": 0, ""update"": false}, {""action"": ""serve_10"", ""controllable"": true, ""outcomes"": 1, ""outcomes_in_certificate_region"": 1, ""unsafe_outcome_examples"": [], ""unsafe_outcomes"": 0, ""update"": false}, {""action"": ""serve_11"", ""controllable"": true, ""outcomes"": 1, ""outcomes_in_certificate_region"": 1, ""unsafe_outcome_examples"": [], ""unsafe_outcomes"": 0, ""update"": false}, {""action"": ""serve_12"", ""controllable"": true, ""outcomes"": 1, ""outcomes_in_certificate_region"": 1, ""unsafe_outcome_examples"": [], ""unsafe_outcomes"": 0, ""update"": false}, {""action"": ""serve_2"", ""controllable"": true, ""outcomes"": 1, ""outcomes_in_certificate_region"": 1, ""unsafe_outcome_examples"": [], ""unsafe_outcomes"": 0, ""update"": false}, {""action"": ""serve_3"", ""controllable"": true, ""outcomes"": 1, ""outcomes_in_certificate_region"": 1, ""unsafe_outcome_examples"": [], ""unsafe_outcomes"": 0, ""update"": false}, {""action"": ""serve_4"", ""controllable"": true, ""outcomes"": 1, ""outcomes_in_certificate_region"": 1, ""unsafe_outcome_examples"": [], ""unsafe_outcomes"": 0, ""update"": false}, {""action"": ""serve_5"", ""controllable"": true, ""outcomes"": 1, ""outcomes_in_certificate_region"": 1, ""unsafe_outcome_examples"": [], ""unsafe_outcomes"": 0, ""update"": false}, {""action"": ""serve_6"", ""controllable"": true, ""outcomes"": 1, ""outcomes_in_certificate_region"": 1, ""unsafe_outcome_examples"": [], ""unsafe_outcomes"": 0, ""update"": false}, {""action"": ""serve_7"", ""controllable"": true, ""outcomes"": 1, ""outcomes_in_certificate_region"": 1, ""unsafe_outcome_examples"": [], ""unsafe_outcomes"": 0, ""update"": false}, {""action"": ""serve_8"", ""controllable"": true, ""outcomes"": 1, ""outcomes_in_certificate_region"": 1, ""unsafe_outcome_examples"": [], ""unsafe_outcomes"": 0, ""update"": false}, {""action"": ""serve_9"", ""controllable"": true, ""outcomes"": 1, ""outcomes_in_certificate_region"": 1, ""unsafe_outcome_examples"": [], ""unsafe_outcomes"": 0, ""update"": false}], ""pending"": [""ablation.merge.transfers""], ""physical"": [[""OLD"", ""ready""], [""OLD"", ""ready""], [""OLD"", ""ready""], [""OLD"", ""ready""], [""OLD"", ""ready""], [""OLD"", ""ready""], [""OLD"", ""ready""], [""OLD"", ""ready""], [""OLD"", ""ready""], [""OLD"", ""ready""], [""OLD"", ""ready""], [""OLD"", ""ready""]], ""safe"": true, ""testers"": {""availability"": ""q12""}}], ""initial_examples_limit"": 3, ""initial_states"": 1, ""losing_initial_states"": 1, ""region_states"": 2, ""safe_region_states"": 1, ""scope"": ""checked discovered-state losing certificate; sampled local root closure evidence, not a unique whole-game causal explanation"", ""unsafe_region_states"": 1}",raw/series/n12_m01_all_lazy/result.json,raw/series/n12_m01_all_lazy/certificate.json,
44,rolling_scale,v1,n12_m01_fine_df,"{""k"": 1, ""m"": 1, ""n"": 12}",inputs/rolling_n12_m01_k01.json,none,direct_full,WIN,WIN,WIN,PASS,28672,28671,688104,368628,368628,24,,25,26,0.023929375,7.434311083,0.020015084,PASS,PASS,PASS,7.728061292029452,0,df00fc2a329ef559eaea11e81621fabbb814d2b1689b65be83fad4caa446c1c3,ff1e6b176f004ea85f1e99690a90388a6a4d24f44cd8d8e636fcd9337dcf67d5,b08475469555ba6a59418d02dc8ecdc0ee5c0d870689abebf3648f8c4d30eb97,2026-09-29T17:53:39.252606+09:00,2026-09-29T17:53:46.980940+09:00,Checked WIN certificate.,,raw/series/n12_m01_fine_df/result.json,raw/series/n12_m01_fine_df/certificate.json,
45,rolling_scale,v1,n12_m11_fine_lazy,"{""k"": 1, ""m"": 11, ""n"": 12}",inputs/rolling_n12_m11_k01.json,none,lazy,WIN,WIN,WIN,PASS,25,24,156,24,24,24,,25,26,0.020895959,0.011838083,0.036318459,PASS,PASS,PASS,0.25418179197004065,0,ffdc7832175d96738d6c3c1ac2307210a8ababc51e9ef39a9ef21cb4730fbde9,ff1e6b176f004ea85f1e99690a90388a6a4d24f44cd8d8e636fcd9337dcf67d5,b08475469555ba6a59418d02dc8ecdc0ee5c0d870689abebf3648f8c4d30eb97,2026-09-29T17:53:47.451380+09:00,2026-09-29T17:53:47.705854+09:00,Checked WIN certificate.,,raw/series/n12_m11_fine_lazy/result.json,raw/series/n12_m11_fine_lazy/certificate.json,
46,rolling_scale,v1,n12_m11_merged_lazy,"{""k"": 12, ""m"": 11, ""n"": 12}",inputs/rolling_n12_m11_k01.json,transfers,lazy,LOSS,LOSS,LOSS,PASS,2,1,13,13,13,,2,2,,0.024560875,0.003255875,0.014556583,PASS,NOT_APPLICABLE_LOSS,PASS,0.6706625000224449,2,ffdc7832175d96738d6c3c1ac2307210a8ababc51e9ef39a9ef21cb4730fbde9,ff1e6b176f004ea85f1e99690a90388a6a4d24f44cd8d8e636fcd9337dcf67d5,b08475469555ba6a59418d02dc8ecdc0ee5c0d870689abebf3648f8c4d30eb97,2026-09-29T17:53:48.206965+09:00,2026-09-29T17:53:48.877902+09:00,"The checked discovered-state losing certificate contains 2 states (1 unsafe) and 1/1 initial states; its stored root buckets retain every adversarial outcome and identify the outcomes in this certificate (local closure evidence, not a unique causal explanation).","{""initial_examples"": [{""enabled_action_buckets"": [{""action"": ""ablation.merge.transfers"", ""controllable"": true, ""outcomes"": 1, ""outcomes_in_certificate_region"": 1, ""unsafe_outcome_examples"": [{""pending"": [], ""physical"": [[""NEW"", ""booting""], [""NEW"", ""booting""], [""NEW"", ""booting""], [""NEW"", ""booting""], [""NEW"", ""booting""], [""NEW"", ""booting""], [""NEW"", ""booting""], [""NEW"", ""booting""], [""NEW"", ""booting""], [""NEW"", ""booting""], [""NEW"", ""booting""], [""NEW"", ""booting""]], ""testers"": {""availability"": ""ERR_AVAILABILITY""}}], ""unsafe_outcomes"": 1, ""update"": true}, {""action"": ""serve_1"", ""controllable"": true, ""outcomes"": 1, ""outcomes_in_certificate_region"": 1, ""unsafe_outcome_examples"": [], ""unsafe_outcomes"": 0, ""update"": false}, {""action"": ""serve_10"", ""controllable"": true, ""outcomes"": 1, ""outcomes_in_certificate_region"": 1, ""unsafe_outcome_examples"": [], ""unsafe_outcomes"": 0, ""update"": false}, {""action"": ""serve_11"", ""controllable"": true, ""outcomes"": 1, ""outcomes_in_certificate_region"": 1, ""unsafe_outcome_examples"": [], ""unsafe_outcomes"": 0, ""update"": false}, {""action"": ""serve_12"", ""controllable"": true, ""outcomes"": 1, ""outcomes_in_certificate_region"": 1, ""unsafe_outcome_examples"": [], ""unsafe_outcomes"": 0, ""update"": false}, {""action"": ""serve_2"", ""controllable"": true, ""outcomes"": 1, ""outcomes_in_certificate_region"": 1, ""unsafe_outcome_examples"": [], ""unsafe_outcomes"": 0, ""update"": false}, {""action"": ""serve_3"", ""controllable"": true, ""outcomes"": 1, ""outcomes_in_certificate_region"": 1, ""unsafe_outcome_examples"": [], ""unsafe_outcomes"": 0, ""update"": false}, {""action"": ""serve_4"", ""controllable"": true, ""outcomes"": 1, ""outcomes_in_certificate_region"": 1, ""unsafe_outcome_examples"": [], ""unsafe_outcomes"": 0, ""update"": false}, {""action"": ""serve_5"", ""controllable"": true, ""outcomes"": 1, ""outcomes_in_certificate_region"": 1, ""unsafe_outcome_examples"": [], ""unsafe_outcomes"": 0, ""update"": false}, {""action"": ""serve_6"", ""controllable"": true, ""outcomes"": 1, ""outcomes_in_certificate_region"": 1, ""unsafe_outcome_examples"": [], ""unsafe_outcomes"": 0, ""update"": false}, {""action"": ""serve_7"", ""controllable"": true, ""outcomes"": 1, ""outcomes_in_certificate_region"": 1, ""unsafe_outcome_examples"": [], ""unsafe_outcomes"": 0, ""update"": false}, {""action"": ""serve_8"", ""controllable"": true, ""outcomes"": 1, ""outcomes_in_certificate_region"": 1, ""unsafe_outcome_examples"": [], ""unsafe_outcomes"": 0, ""update"": false}, {""action"": ""serve_9"", ""controllable"": true, ""outcomes"": 1, ""outcomes_in_certificate_region"": 1, ""unsafe_outcome_examples"": [], ""unsafe_outcomes"": 0, ""update"": false}], ""pending"": [""ablation.merge.transfers""], ""physical"": [[""OLD"", ""ready""], [""OLD"", ""ready""], [""OLD"", ""ready""], [""OLD"", ""ready""], [""OLD"", ""ready""], [""OLD"", ""ready""], [""OLD"", ""ready""], [""OLD"", ""ready""], [""OLD"", ""ready""], [""OLD"", ""ready""], [""OLD"", ""ready""], [""OLD"", ""ready""]], ""safe"": true, ""testers"": {""availability"": ""q12""}}], ""initial_examples_limit"": 3, ""initial_states"": 1, ""losing_initial_states"": 1, ""region_states"": 2, ""safe_region_states"": 1, ""scope"": ""checked discovered-state losing certificate; sampled local root closure evidence, not a unique whole-game causal explanation"", ""unsafe_region_states"": 1}",raw/series/n12_m11_merged_lazy/result.json,raw/series/n12_m11_merged_lazy/certificate.json,
47,rolling_scale,v1,n12_m11_all_lazy,"{""k"": 12, ""m"": 11, ""n"": 12}",inputs/rolling_n12_m11_k12.json,none,lazy,LOSS,LOSS,LOSS,PASS,2,1,13,13,13,,2,2,,0.02281625,0.003221542,0.012556291,PASS,NOT_APPLICABLE_LOSS,PASS,0.1994309170404449,2,c0c57fdb45b2dba80cea1ab57f341f2d930c983973dac8d1d54c9aa59d709722,ff1e6b176f004ea85f1e99690a90388a6a4d24f44cd8d8e636fcd9337dcf67d5,b08475469555ba6a59418d02dc8ecdc0ee5c0d870689abebf3648f8c4d30eb97,2026-09-29T17:53:49.403591+09:00,2026-09-29T17:53:49.603312+09:00,"The checked discovered-state losing certificate contains 2 states (1 unsafe) and 1/1 initial states; its stored root buckets retain every adversarial outcome and identify the outcomes in this certificate (local closure evidence, not a unique causal explanation).","{""initial_examples"": [{""enabled_action_buckets"": [{""action"": ""ablation.merge.transfers"", ""controllable"": true, ""outcomes"": 1, ""outcomes_in_certificate_region"": 1, ""unsafe_outcome_examples"": [{""pending"": [], ""physical"": [[""NEW"", ""booting""], [""NEW"", ""booting""], [""NEW"", ""booting""], [""NEW"", ""booting""], [""NEW"", ""booting""], [""NEW"", ""booting""], [""NEW"", ""booting""], [""NEW"", ""booting""], [""NEW"", ""booting""], [""NEW"", ""booting""], [""NEW"", ""booting""], [""NEW"", ""booting""]], ""testers"": {""availability"": ""ERR_AVAILABILITY""}}], ""unsafe_outcomes"": 1, ""update"": true}, {""action"": ""serve_1"", ""controllable"": true, ""outcomes"": 1, ""outcomes_in_certificate_region"": 1, ""unsafe_outcome_examples"": [], ""unsafe_outcomes"": 0, ""update"": false}, {""action"": ""serve_10"", ""controllable"": true, ""outcomes"": 1, ""outcomes_in_certificate_region"": 1, ""unsafe_outcome_examples"": [], ""unsafe_outcomes"": 0, ""update"": false}, {""action"": ""serve_11"", ""controllable"": true, ""outcomes"": 1, ""outcomes_in_certificate_region"": 1, ""unsafe_outcome_examples"": [], ""unsafe_outcomes"": 0, ""update"": false}, {""action"": ""serve_12"", ""controllable"": true, ""outcomes"": 1, ""outcomes_in_certificate_region"": 1, ""unsafe_outcome_examples"": [], ""unsafe_outcomes"": 0, ""update"": false}, {""action"": ""serve_2"", ""controllable"": true, ""outcomes"": 1, ""outcomes_in_certificate_region"": 1, ""unsafe_outcome_examples"": [], ""unsafe_outcomes"": 0, ""update"": false}, {""action"": ""serve_3"", ""controllable"": true, ""outcomes"": 1, ""outcomes_in_certificate_region"": 1, ""unsafe_outcome_examples"": [], ""unsafe_outcomes"": 0, ""update"": false}, {""action"": ""serve_4"", ""controllable"": true, ""outcomes"": 1, ""outcomes_in_certificate_region"": 1, ""unsafe_outcome_examples"": [], ""unsafe_outcomes"": 0, ""update"": false}, {""action"": ""serve_5"", ""controllable"": true, ""outcomes"": 1, ""outcomes_in_certificate_region"": 1, ""unsafe_outcome_examples"": [], ""unsafe_outcomes"": 0, ""update"": false}, {""action"": ""serve_6"", ""controllable"": true, ""outcomes"": 1, ""outcomes_in_certificate_region"": 1, ""unsafe_outcome_examples"": [], ""unsafe_outcomes"": 0, ""update"": false}, {""action"": ""serve_7"", ""controllable"": true, ""outcomes"": 1, ""outcomes_in_certificate_region"": 1, ""unsafe_outcome_examples"": [], ""unsafe_outcomes"": 0, ""update"": false}, {""action"": ""serve_8"", ""controllable"": true, ""outcomes"": 1, ""outcomes_in_certificate_region"": 1, ""unsafe_outcome_examples"": [], ""unsafe_outcomes"": 0, ""update"": false}, {""action"": ""serve_9"", ""controllable"": true, ""outcomes"": 1, ""outcomes_in_certificate_region"": 1, ""unsafe_outcome_examples"": [], ""unsafe_outcomes"": 0, ""update"": false}], ""pending"": [""ablation.merge.transfers""], ""physical"": [[""OLD"", ""ready""], [""OLD"", ""ready""], [""OLD"", ""ready""], [""OLD"", ""ready""], [""OLD"", ""ready""], [""OLD"", ""ready""], [""OLD"", ""ready""], [""OLD"", ""ready""], [""OLD"", ""ready""], [""OLD"", ""ready""], [""OLD"", ""ready""], [""OLD"", ""ready""]], ""safe"": true, ""testers"": {""availability"": ""q12""}}], ""initial_examples_limit"": 3, ""initial_states"": 1, ""losing_initial_states"": 1, ""region_states"": 2, ""safe_region_states"": 1, ""scope"": ""checked discovered-state losing certificate; sampled local root closure evidence, not a unique whole-game causal explanation"", ""unsafe_region_states"": 1}",raw/series/n12_m11_all_lazy/result.json,raw/series/n12_m11_all_lazy/certificate.json,
48,rolling_scale,v1,n12_m11_fine_df,"{""k"": 1, ""m"": 11, ""n"": 12}",inputs/rolling_n12_m11_k01.json,none,direct_full,WIN,WIN,WIN,PASS,28672,28671,688104,368628,368628,24,,25,26,0.021515583,7.475844083,0.019135,PASS,PASS,PASS,7.769579750020057,0,ffdc7832175d96738d6c3c1ac2307210a8ababc51e9ef39a9ef21cb4730fbde9,ff1e6b176f004ea85f1e99690a90388a6a4d24f44cd8d8e636fcd9337dcf67d5,b08475469555ba6a59418d02dc8ecdc0ee5c0d870689abebf3648f8c4d30eb97,2026-09-29T17:53:50.089952+09:00,2026-09-29T17:53:57.859845+09:00,Checked WIN certificate.,,raw/series/n12_m11_fine_df/result.json,raw/series/n12_m11_fine_df/certificate.json,
49,rolling_scale,v1,n13_m01_fine_lazy,"{""k"": 1, ""m"": 1, ""n"": 13}",inputs/rolling_n13_m01_k01.json,none,lazy,WIN,WIN,WIN,PASS,27,26,182,26,26,26,,27,28,0.024838,0.012558042,0.037671292,PASS,PASS,PASS,0.2639371670084074,0,8261c8cb6c76981659881d64df56a01cc2b1ed3b070694d3e7e01dc7ce9badeb,ff1e6b176f004ea85f1e99690a90388a6a4d24f44cd8d8e636fcd9337dcf67d5,b08475469555ba6a59418d02dc8ecdc0ee5c0d870689abebf3648f8c4d30eb97,2026-09-29T17:53:58.338120+09:00,2026-09-29T17:53:58.602342+09:00,Checked WIN certificate.,,raw/series/n13_m01_fine_lazy/result.json,raw/series/n13_m01_fine_lazy/certificate.json,
50,rolling_scale,v1,n13_m01_merged_lazy,"{""k"": 13, ""m"": 1, ""n"": 13}",inputs/rolling_n13_m01_k01.json,transfers,lazy,LOSS,LOSS,LOSS,PASS,2,1,14,14,14,,2,2,,0.030212292,0.003057333,0.011641708,PASS,NOT_APPLICABLE_LOSS,PASS,1.0930835409672,2,8261c8cb6c76981659881d64df56a01cc2b1ed3b070694d3e7e01dc7ce9badeb,ff1e6b176f004ea85f1e99690a90388a6a4d24f44cd8d8e636fcd9337dcf67d5,b08475469555ba6a59418d02dc8ecdc0ee5c0d870689abebf3648f8c4d30eb97,2026-09-29T17:53:59.099148+09:00,2026-09-29T17:54:00.192532+09:00,"The checked discovered-state losing certificate contains 2 states (1 unsafe) and 1/1 initial states; its stored root buckets retain every adversarial outcome and identify the outcomes in this certificate (local closure evidence, not a unique causal explanation).","{""initial_examples"": [{""enabled_action_buckets"": [{""action"": ""ablation.merge.transfers"", ""controllable"": true, ""outcomes"": 1, ""outcomes_in_certificate_region"": 1, ""unsafe_outcome_examples"": [{""pending"": [], ""physical"": [[""NEW"", ""booting""], [""NEW"", ""booting""], [""NEW"", ""booting""], [""NEW"", ""booting""], [""NEW"", ""booting""], [""NEW"", ""booting""], [""NEW"", ""booting""], [""NEW"", ""booting""], [""NEW"", ""booting""], [""NEW"", ""booting""], [""NEW"", ""booting""], [""NEW"", ""booting""], [""NEW"", ""booting""]], ""testers"": {""availability"": ""ERR_AVAILABILITY""}}], ""unsafe_outcomes"": 1, ""update"": true}, {""action"": ""serve_1"", ""controllable"": true, ""outcomes"": 1, ""outcomes_in_certificate_region"": 1, ""unsafe_outcome_examples"": [], ""unsafe_outcomes"": 0, ""update"": false}, {""action"": ""serve_10"", ""controllable"": true, ""outcomes"": 1, ""outcomes_in_certificate_region"": 1, ""unsafe_outcome_examples"": [], ""unsafe_outcomes"": 0, ""update"": false}, {""action"": ""serve_11"", ""controllable"": true, ""outcomes"": 1, ""outcomes_in_certificate_region"": 1, ""unsafe_outcome_examples"": [], ""unsafe_outcomes"": 0, ""update"": false}, {""action"": ""serve_12"", ""controllable"": true, ""outcomes"": 1, ""outcomes_in_certificate_region"": 1, ""unsafe_outcome_examples"": [], ""unsafe_outcomes"": 0, ""update"": false}, {""action"": ""serve_13"", ""controllable"": true, ""outcomes"": 1, ""outcomes_in_certificate_region"": 1, ""unsafe_outcome_examples"": [], ""unsafe_outcomes"": 0, ""update"": false}, {""action"": ""serve_2"", ""controllable"": true, ""outcomes"": 1, ""outcomes_in_certificate_region"": 1, ""unsafe_outcome_examples"": [], ""unsafe_outcomes"": 0, ""update"": false}, {""action"": ""serve_3"", ""controllable"": true, ""outcomes"": 1, ""outcomes_in_certificate_region"": 1, ""unsafe_outcome_examples"": [], ""unsafe_outcomes"": 0, ""update"": false}, {""action"": ""serve_4"", ""controllable"": true, ""outcomes"": 1, ""outcomes_in_certificate_region"": 1, ""unsafe_outcome_examples"": [], ""unsafe_outcomes"": 0, ""update"": false}, {""action"": ""serve_5"", ""controllable"": true, ""outcomes"": 1, ""outcomes_in_certificate_region"": 1, ""unsafe_outcome_examples"": [], ""unsafe_outcomes"": 0, ""update"": false}, {""action"": ""serve_6"", ""controllable"": true, ""outcomes"": 1, ""outcomes_in_certificate_region"": 1, ""unsafe_outcome_examples"": [], ""unsafe_outcomes"": 0, ""update"": false}, {""action"": ""serve_7"", ""controllable"": true, ""outcomes"": 1, ""outcomes_in_certificate_region"": 1, ""unsafe_outcome_examples"": [], ""unsafe_outcomes"": 0, ""update"": false}, {""action"": ""serve_8"", ""controllable"": true, ""outcomes"": 1, ""outcomes_in_certificate_region"": 1, ""unsafe_outcome_examples"": [], ""unsafe_outcomes"": 0, ""update"": false}, {""action"": ""serve_9"", ""controllable"": true, ""outcomes"": 1, ""outcomes_in_certificate_region"": 1, ""unsafe_outcome_examples"": [], ""unsafe_outcomes"": 0, ""update"": false}], ""pending"": [""ablation.merge.transfers""], ""physical"": [[""OLD"", ""ready""], [""OLD"", ""ready""], [""OLD"", ""ready""], [""OLD"", ""ready""], [""OLD"", ""ready""], [""OLD"", ""ready""], [""OLD"", ""ready""], [""OLD"", ""ready""], [""OLD"", ""ready""], [""OLD"", ""ready""], [""OLD"", ""ready""], [""OLD"", ""ready""], [""OLD"", ""ready""]], ""safe"": true, ""testers"": {""availability"": ""q13""}}], ""initial_examples_limit"": 3, ""initial_states"": 1, ""losing_initial_states"": 1, ""region_states"": 2, ""safe_region_states"": 1, ""scope"": ""checked discovered-state losing certificate; sampled local root closure evidence, not a unique whole-game causal explanation"", ""unsafe_region_states"": 1}",raw/series/n13_m01_merged_lazy/result.json,raw/series/n13_m01_merged_lazy/certificate.json,
51,rolling_scale,v1,n13_m01_all_lazy,"{""k"": 13, ""m"": 1, ""n"": 13}",inputs/rolling_n13_m01_k13.json,none,lazy,LOSS,LOSS,LOSS,PASS,2,1,14,14,14,,2,2,,0.023404084,0.003607875,0.011796625,PASS,NOT_APPLICABLE_LOSS,PASS,0.25246133405016735,2,ce24340bca070d465cb0176734f4217b5cfba3a332ff2a9cf9300657b0af5300,ff1e6b176f004ea85f1e99690a90388a6a4d24f44cd8d8e636fcd9337dcf67d5,b08475469555ba6a59418d02dc8ecdc0ee5c0d870689abebf3648f8c4d30eb97,2026-09-29T17:54:00.688356+09:00,2026-09-29T17:54:00.941088+09:00,"The checked discovered-state losing certificate contains 2 states (1 unsafe) and 1/1 initial states; its stored root buckets retain every adversarial outcome and identify the outcomes in this certificate (local closure evidence, not a unique causal explanation).","{""initial_examples"": [{""enabled_action_buckets"": [{""action"": ""ablation.merge.transfers"", ""controllable"": true, ""outcomes"": 1, ""outcomes_in_certificate_region"": 1, ""unsafe_outcome_examples"": [{""pending"": [], ""physical"": [[""NEW"", ""booting""], [""NEW"", ""booting""], [""NEW"", ""booting""], [""NEW"", ""booting""], [""NEW"", ""booting""], [""NEW"", ""booting""], [""NEW"", ""booting""], [""NEW"", ""booting""], [""NEW"", ""booting""], [""NEW"", ""booting""], [""NEW"", ""booting""], [""NEW"", ""booting""], [""NEW"", ""booting""]], ""testers"": {""availability"": ""ERR_AVAILABILITY""}}], ""unsafe_outcomes"": 1, ""update"": true}, {""action"": ""serve_1"", ""controllable"": true, ""outcomes"": 1, ""outcomes_in_certificate_region"": 1, ""unsafe_outcome_examples"": [], ""unsafe_outcomes"": 0, ""update"": false}, {""action"": ""serve_10"", ""controllable"": true, ""outcomes"": 1, ""outcomes_in_certificate_region"": 1, ""unsafe_outcome_examples"": [], ""unsafe_outcomes"": 0, ""update"": false}, {""action"": ""serve_11"", ""controllable"": true, ""outcomes"": 1, ""outcomes_in_certificate_region"": 1, ""unsafe_outcome_examples"": [], ""unsafe_outcomes"": 0, ""update"": false}, {""action"": ""serve_12"", ""controllable"": true, ""outcomes"": 1, ""outcomes_in_certificate_region"": 1, ""unsafe_outcome_examples"": [], ""unsafe_outcomes"": 0, ""update"": false}, {""action"": ""serve_13"", ""controllable"": true, ""outcomes"": 1, ""outcomes_in_certificate_region"": 1, ""unsafe_outcome_examples"": [], ""unsafe_outcomes"": 0, ""update"": false}, {""action"": ""serve_2"", ""controllable"": true, ""outcomes"": 1, ""outcomes_in_certificate_region"": 1, ""unsafe_outcome_examples"": [], ""unsafe_outcomes"": 0, ""update"": false}, {""action"": ""serve_3"", ""controllable"": true, ""outcomes"": 1, ""outcomes_in_certificate_region"": 1, ""unsafe_outcome_examples"": [], ""unsafe_outcomes"": 0, ""update"": false}, {""action"": ""serve_4"", ""controllable"": true, ""outcomes"": 1, ""outcomes_in_certificate_region"": 1, ""unsafe_outcome_examples"": [], ""unsafe_outcomes"": 0, ""update"": false}, {""action"": ""serve_5"", ""controllable"": true, ""outcomes"": 1, ""outcomes_in_certificate_region"": 1, ""unsafe_outcome_examples"": [], ""unsafe_outcomes"": 0, ""update"": false}, {""action"": ""serve_6"", ""controllable"": true, ""outcomes"": 1, ""outcomes_in_certificate_region"": 1, ""unsafe_outcome_examples"": [], ""unsafe_outcomes"": 0, ""update"": false}, {""action"": ""serve_7"", ""controllable"": true, ""outcomes"": 1, ""outcomes_in_certificate_region"": 1, ""unsafe_outcome_examples"": [], ""unsafe_outcomes"": 0, ""update"": false}, {""action"": ""serve_8"", ""controllable"": true, ""outcomes"": 1, ""outcomes_in_certificate_region"": 1, ""unsafe_outcome_examples"": [], ""unsafe_outcomes"": 0, ""update"": false}, {""action"": ""serve_9"", ""controllable"": true, ""outcomes"": 1, ""outcomes_in_certificate_region"": 1, ""unsafe_outcome_examples"": [], ""unsafe_outcomes"": 0, ""update"": false}], ""pending"": [""ablation.merge.transfers""], ""physical"": [[""OLD"", ""ready""], [""OLD"", ""ready""], [""OLD"", ""ready""], [""OLD"", ""ready""], [""OLD"", ""ready""], [""OLD"", ""ready""], [""OLD"", ""ready""], [""OLD"", ""ready""], [""OLD"", ""ready""], [""OLD"", ""ready""], [""OLD"", ""ready""], [""OLD"", ""ready""], [""OLD"", ""ready""]], ""safe"": true, ""testers"": {""availability"": ""q13""}}], ""initial_examples_limit"": 3, ""initial_states"": 1, ""losing_initial_states"": 1, ""region_states"": 2, ""safe_region_states"": 1, ""scope"": ""checked discovered-state losing certificate; sampled local root closure evidence, not a unique whole-game causal explanation"", ""unsafe_region_states"": 1}",raw/series/n13_m01_all_lazy/result.json,raw/series/n13_m01_all_lazy/certificate.json,
52,rolling_scale,v1,n13_m01_fine_df,"{""k"": 1, ""m"": 1, ""n"": 13}",inputs/rolling_n13_m01_k01.json,none,direct_full,WIN,WIN,WIN,PASS,61440,61439,1597414,851955,851955,26,,27,28,0.027578208,18.962736541,0.021978666,PASS,PASS,PASS,19.33626758295577,0,8261c8cb6c76981659881d64df56a01cc2b1ed3b070694d3e7e01dc7ce9badeb,ff1e6b176f004ea85f1e99690a90388a6a4d24f44cd8d8e636fcd9337dcf67d5,b08475469555ba6a59418d02dc8ecdc0ee5c0d870689abebf3648f8c4d30eb97,2026-09-29T17:54:01.431060+09:00,2026-09-29T17:54:20.767582+09:00,Checked WIN certificate.,,raw/series/n13_m01_fine_df/result.json,raw/series/n13_m01_fine_df/certificate.json,
53,rolling_scale,v1,n13_m12_fine_lazy,"{""k"": 1, ""m"": 12, ""n"": 13}",inputs/rolling_n13_m12_k01.json,none,lazy,WIN,WIN,WIN,PASS,27,26,182,26,26,26,,27,28,0.02047175,0.012263917,0.039983667,PASS,PASS,PASS,0.2584317500004545,0,2a5e80b200e217bbc2b808ce57298c87dafe77027666667910dab52062ee7bde,ff1e6b176f004ea85f1e99690a90388a6a4d24f44cd8d8e636fcd9337dcf67d5,b08475469555ba6a59418d02dc8ecdc0ee5c0d870689abebf3648f8c4d30eb97,2026-09-29T17:54:21.237058+09:00,2026-09-29T17:54:21.495759+09:00,Checked WIN certificate.,,raw/series/n13_m12_fine_lazy/result.json,raw/series/n13_m12_fine_lazy/certificate.json,
54,rolling_scale,v1,n13_m12_merged_lazy,"{""k"": 13, ""m"": 12, ""n"": 13}",inputs/rolling_n13_m12_k01.json,transfers,lazy,LOSS,LOSS,LOSS,PASS,2,1,14,14,14,,2,2,,0.023530958,0.003115708,0.011906834,PASS,NOT_APPLICABLE_LOSS,PASS,0.9427744580316357,2,2a5e80b200e217bbc2b808ce57298c87dafe77027666667910dab52062ee7bde,ff1e6b176f004ea85f1e99690a90388a6a4d24f44cd8d8e636fcd9337dcf67d5,b08475469555ba6a59418d02dc8ecdc0ee5c0d870689abebf3648f8c4d30eb97,2026-09-29T17:54:21.987363+09:00,2026-09-29T17:54:22.930436+09:00,"The checked discovered-state losing certificate contains 2 states (1 unsafe) and 1/1 initial states; its stored root buckets retain every adversarial outcome and identify the outcomes in this certificate (local closure evidence, not a unique causal explanation).","{""initial_examples"": [{""enabled_action_buckets"": [{""action"": ""ablation.merge.transfers"", ""controllable"": true, ""outcomes"": 1, ""outcomes_in_certificate_region"": 1, ""unsafe_outcome_examples"": [{""pending"": [], ""physical"": [[""NEW"", ""booting""], [""NEW"", ""booting""], [""NEW"", ""booting""], [""NEW"", ""booting""], [""NEW"", ""booting""], [""NEW"", ""booting""], [""NEW"", ""booting""], [""NEW"", ""booting""], [""NEW"", ""booting""], [""NEW"", ""booting""], [""NEW"", ""booting""], [""NEW"", ""booting""], [""NEW"", ""booting""]], ""testers"": {""availability"": ""ERR_AVAILABILITY""}}], ""unsafe_outcomes"": 1, ""update"": true}, {""action"": ""serve_1"", ""controllable"": true, ""outcomes"": 1, ""outcomes_in_certificate_region"": 1, ""unsafe_outcome_examples"": [], ""unsafe_outcomes"": 0, ""update"": false}, {""action"": ""serve_10"", ""controllable"": true, ""outcomes"": 1, ""outcomes_in_certificate_region"": 1, ""unsafe_outcome_examples"": [], ""unsafe_outcomes"": 0, ""update"": false}, {""action"": ""serve_11"", ""controllable"": true, ""outcomes"": 1, ""outcomes_in_certificate_region"": 1, ""unsafe_outcome_examples"": [], ""unsafe_outcomes"": 0, ""update"": false}, {""action"": ""serve_12"", ""controllable"": true, ""outcomes"": 1, ""outcomes_in_certificate_region"": 1, ""unsafe_outcome_examples"": [], ""unsafe_outcomes"": 0, ""update"": false}, {""action"": ""serve_13"", ""controllable"": true, ""outcomes"": 1, ""outcomes_in_certificate_region"": 1, ""unsafe_outcome_examples"": [], ""unsafe_outcomes"": 0, ""update"": false}, {""action"": ""serve_2"", ""controllable"": true, ""outcomes"": 1, ""outcomes_in_certificate_region"": 1, ""unsafe_outcome_examples"": [], ""unsafe_outcomes"": 0, ""update"": false}, {""action"": ""serve_3"", ""controllable"": true, ""outcomes"": 1, ""outcomes_in_certificate_region"": 1, ""unsafe_outcome_examples"": [], ""unsafe_outcomes"": 0, ""update"": false}, {""action"": ""serve_4"", ""controllable"": true, ""outcomes"": 1, ""outcomes_in_certificate_region"": 1, ""unsafe_outcome_examples"": [], ""unsafe_outcomes"": 0, ""update"": false}, {""action"": ""serve_5"", ""controllable"": true, ""outcomes"": 1, ""outcomes_in_certificate_region"": 1, ""unsafe_outcome_examples"": [], ""unsafe_outcomes"": 0, ""update"": false}, {""action"": ""serve_6"", ""controllable"": true, ""outcomes"": 1, ""outcomes_in_certificate_region"": 1, ""unsafe_outcome_examples"": [], ""unsafe_outcomes"": 0, ""update"": false}, {""action"": ""serve_7"", ""controllable"": true, ""outcomes"": 1, ""outcomes_in_certificate_region"": 1, ""unsafe_outcome_examples"": [], ""unsafe_outcomes"": 0, ""update"": false}, {""action"": ""serve_8"", ""controllable"": true, ""outcomes"": 1, ""outcomes_in_certificate_region"": 1, ""unsafe_outcome_examples"": [], ""unsafe_outcomes"": 0, ""update"": false}, {""action"": ""serve_9"", ""controllable"": true, ""outcomes"": 1, ""outcomes_in_certificate_region"": 1, ""unsafe_outcome_examples"": [], ""unsafe_outcomes"": 0, ""update"": false}], ""pending"": [""ablation.merge.transfers""], ""physical"": [[""OLD"", ""ready""], [""OLD"", ""ready""], [""OLD"", ""ready""], [""OLD"", ""ready""], [""OLD"", ""ready""], [""OLD"", ""ready""], [""OLD"", ""ready""], [""OLD"", ""ready""], [""OLD"", ""ready""], [""OLD"", ""ready""], [""OLD"", ""ready""], [""OLD"", ""ready""], [""OLD"", ""ready""]], ""safe"": true, ""testers"": {""availability"": ""q13""}}], ""initial_examples_limit"": 3, ""initial_states"": 1, ""losing_initial_states"": 1, ""region_states"": 2, ""safe_region_states"": 1, ""scope"": ""checked discovered-state losing certificate; sampled local root closure evidence, not a unique whole-game causal explanation"", ""unsafe_region_states"": 1}",raw/series/n13_m12_merged_lazy/result.json,raw/series/n13_m12_merged_lazy/certificate.json,
55,rolling_scale,v1,n13_m12_all_lazy,"{""k"": 13, ""m"": 12, ""n"": 13}",inputs/rolling_n13_m12_k13.json,none,lazy,LOSS,LOSS,LOSS,PASS,2,1,14,14,14,,2,2,,0.020800333,0.003311875,0.011890542,PASS,NOT_APPLICABLE_LOSS,PASS,0.20354183396557346,2,b0926f3f9833fa309fc913c1911cca46d5ed24ce868d3ba085e8854739c1a08b,ff1e6b176f004ea85f1e99690a90388a6a4d24f44cd8d8e636fcd9337dcf67d5,b08475469555ba6a59418d02dc8ecdc0ee5c0d870689abebf3648f8c4d30eb97,2026-09-29T17:54:23.420235+09:00,2026-09-29T17:54:23.624096+09:00,"The checked discovered-state losing certificate contains 2 states (1 unsafe) and 1/1 initial states; its stored root buckets retain every adversarial outcome and identify the outcomes in this certificate (local closure evidence, not a unique causal explanation).","{""initial_examples"": [{""enabled_action_buckets"": [{""action"": ""ablation.merge.transfers"", ""controllable"": true, ""outcomes"": 1, ""outcomes_in_certificate_region"": 1, ""unsafe_outcome_examples"": [{""pending"": [], ""physical"": [[""NEW"", ""booting""], [""NEW"", ""booting""], [""NEW"", ""booting""], [""NEW"", ""booting""], [""NEW"", ""booting""], [""NEW"", ""booting""], [""NEW"", ""booting""], [""NEW"", ""booting""], [""NEW"", ""booting""], [""NEW"", ""booting""], [""NEW"", ""booting""], [""NEW"", ""booting""], [""NEW"", ""booting""]], ""testers"": {""availability"": ""ERR_AVAILABILITY""}}], ""unsafe_outcomes"": 1, ""update"": true}, {""action"": ""serve_1"", ""controllable"": true, ""outcomes"": 1, ""outcomes_in_certificate_region"": 1, ""unsafe_outcome_examples"": [], ""unsafe_outcomes"": 0, ""update"": false}, {""action"": ""serve_10"", ""controllable"": true, ""outcomes"": 1, ""outcomes_in_certificate_region"": 1, ""unsafe_outcome_examples"": [], ""unsafe_outcomes"": 0, ""update"": false}, {""action"": ""serve_11"", ""controllable"": true, ""outcomes"": 1, ""outcomes_in_certificate_region"": 1, ""unsafe_outcome_examples"": [], ""unsafe_outcomes"": 0, ""update"": false}, {""action"": ""serve_12"", ""controllable"": true, ""outcomes"": 1, ""outcomes_in_certificate_region"": 1, ""unsafe_outcome_examples"": [], ""unsafe_outcomes"": 0, ""update"": false}, {""action"": ""serve_13"", ""controllable"": true, ""outcomes"": 1, ""outcomes_in_certificate_region"": 1, ""unsafe_outcome_examples"": [], ""unsafe_outcomes"": 0, ""update"": false}, {""action"": ""serve_2"", ""controllable"": true, ""outcomes"": 1, ""outcomes_in_certificate_region"": 1, ""unsafe_outcome_examples"": [], ""unsafe_outcomes"": 0, ""update"": false}, {""action"": ""serve_3"", ""controllable"": true, ""outcomes"": 1, ""outcomes_in_certificate_region"": 1, ""unsafe_outcome_examples"": [], ""unsafe_outcomes"": 0, ""update"": false}, {""action"": ""serve_4"", ""controllable"": true, ""outcomes"": 1, ""outcomes_in_certificate_region"": 1, ""unsafe_outcome_examples"": [], ""unsafe_outcomes"": 0, ""update"": false}, {""action"": ""serve_5"", ""controllable"": true, ""outcomes"": 1, ""outcomes_in_certificate_region"": 1, ""unsafe_outcome_examples"": [], ""unsafe_outcomes"": 0, ""update"": false}, {""action"": ""serve_6"", ""controllable"": true, ""outcomes"": 1, ""outcomes_in_certificate_region"": 1, ""unsafe_outcome_examples"": [], ""unsafe_outcomes"": 0, ""update"": false}, {""action"": ""serve_7"", ""controllable"": true, ""outcomes"": 1, ""outcomes_in_certificate_region"": 1, ""unsafe_outcome_examples"": [], ""unsafe_outcomes"": 0, ""update"": false}, {""action"": ""serve_8"", ""controllable"": true, ""outcomes"": 1, ""outcomes_in_certificate_region"": 1, ""unsafe_outcome_examples"": [], ""unsafe_outcomes"": 0, ""update"": false}, {""action"": ""serve_9"", ""controllable"": true, ""outcomes"": 1, ""outcomes_in_certificate_region"": 1, ""unsafe_outcome_examples"": [], ""unsafe_outcomes"": 0, ""update"": false}], ""pending"": [""ablation.merge.transfers""], ""physical"": [[""OLD"", ""ready""], [""OLD"", ""ready""], [""OLD"", ""ready""], [""OLD"", ""ready""], [""OLD"", ""ready""], [""OLD"", ""ready""], [""OLD"", ""ready""], [""OLD"", ""ready""], [""OLD"", ""ready""], [""OLD"", ""ready""], [""OLD"", ""ready""], [""OLD"", ""ready""], [""OLD"", ""ready""]], ""safe"": true, ""testers"": {""availability"": ""q13""}}], ""initial_examples_limit"": 3, ""initial_states"": 1, ""losing_initial_states"": 1, ""region_states"": 2, ""safe_region_states"": 1, ""scope"": ""checked discovered-state losing certificate; sampled local root closure evidence, not a unique whole-game causal explanation"", ""unsafe_region_states"": 1}",raw/series/n13_m12_all_lazy/result.json,raw/series/n13_m12_all_lazy/certificate.json,
56,rolling_scale,v1,n13_m12_fine_df,"{""k"": 1, ""m"": 12, ""n"": 13}",inputs/rolling_n13_m12_k01.json,none,direct_full,WIN,WIN,WIN,PASS,61440,61439,1597414,851955,851955,26,,27,28,0.022740958,18.583172,0.020702709,PASS,PASS,PASS,18.935400292044505,0,2a5e80b200e217bbc2b808ce57298c87dafe77027666667910dab52062ee7bde,ff1e6b176f004ea85f1e99690a90388a6a4d24f44cd8d8e636fcd9337dcf67d5,b08475469555ba6a59418d02dc8ecdc0ee5c0d870689abebf3648f8c4d30eb97,2026-09-29T17:54:24.091459+09:00,2026-09-29T17:54:43.027177+09:00,Checked WIN certificate.,,raw/series/n13_m12_fine_df/result.json,raw/series/n13_m12_fine_df/certificate.json,
57,rolling_scale,v1,n14_m01_fine_lazy,"{""k"": 1, ""m"": 1, ""n"": 14}",inputs/rolling_n14_m01_k01.json,none,lazy,WIN,WIN,WIN,PASS,29,28,210,28,28,28,,29,30,0.025407875,0.012904875,0.040674958,PASS,PASS,PASS,0.2596469590207562,0,ae356ec29ac31d7121a83ad1fadeac5717cf9c4cf1c2ff8ee7e30a04b4468b4e,ff1e6b176f004ea85f1e99690a90388a6a4d24f44cd8d8e636fcd9337dcf67d5,b08475469555ba6a59418d02dc8ecdc0ee5c0d870689abebf3648f8c4d30eb97,2026-09-29T17:54:43.506599+09:00,2026-09-29T17:54:43.766530+09:00,Checked WIN certificate.,,raw/series/n14_m01_fine_lazy/result.json,raw/series/n14_m01_fine_lazy/certificate.json,
58,rolling_scale,v1,n14_m01_merged_lazy,"{""k"": 14, ""m"": 1, ""n"": 14}",inputs/rolling_n14_m01_k01.json,transfers,lazy,LOSS,LOSS,LOSS,PASS,2,1,15,15,15,,2,2,,0.029860125,0.002927333,0.011216375,PASS,NOT_APPLICABLE_LOSS,PASS,1.6367948750266805,2,ae356ec29ac31d7121a83ad1fadeac5717cf9c4cf1c2ff8ee7e30a04b4468b4e,ff1e6b176f004ea85f1e99690a90388a6a4d24f44cd8d8e636fcd9337dcf67d5,b08475469555ba6a59418d02dc8ecdc0ee5c0d870689abebf3648f8c4d30eb97,2026-09-29T17:54:44.249345+09:00,2026-09-29T17:54:45.886439+09:00,"The checked discovered-state losing certificate contains 2 states (1 unsafe) and 1/1 initial states; its stored root buckets retain every adversarial outcome and identify the outcomes in this certificate (local closure evidence, not a unique causal explanation).","{""initial_examples"": [{""enabled_action_buckets"": [{""action"": ""ablation.merge.transfers"", ""controllable"": true, ""outcomes"": 1, ""outcomes_in_certificate_region"": 1, ""unsafe_outcome_examples"": [{""pending"": [], ""physical"": [[""NEW"", ""booting""], [""NEW"", ""booting""], [""NEW"", ""booting""], [""NEW"", ""booting""], [""NEW"", ""booting""], [""NEW"", ""booting""], [""NEW"", ""booting""], [""NEW"", ""booting""], [""NEW"", ""booting""], [""NEW"", ""booting""], [""NEW"", ""booting""], [""NEW"", ""booting""], [""NEW"", ""booting""], [""NEW"", ""booting""]], ""testers"": {""availability"": ""ERR_AVAILABILITY""}}], ""unsafe_outcomes"": 1, ""update"": true}, {""action"": ""serve_1"", ""controllable"": true, ""outcomes"": 1, ""outcomes_in_certificate_region"": 1, ""unsafe_outcome_examples"": [], ""unsafe_outcomes"": 0, ""update"": false}, {""action"": ""serve_10"", ""controllable"": true, ""outcomes"": 1, ""outcomes_in_certificate_region"": 1, ""unsafe_outcome_examples"": [], ""unsafe_outcomes"": 0, ""update"": false}, {""action"": ""serve_11"", ""controllable"": true, ""outcomes"": 1, ""outcomes_in_certificate_region"": 1, ""unsafe_outcome_examples"": [], ""unsafe_outcomes"": 0, ""update"": false}, {""action"": ""serve_12"", ""controllable"": true, ""outcomes"": 1, ""outcomes_in_certificate_region"": 1, ""unsafe_outcome_examples"": [], ""unsafe_outcomes"": 0, ""update"": false}, {""action"": ""serve_13"", ""controllable"": true, ""outcomes"": 1, ""outcomes_in_certificate_region"": 1, ""unsafe_outcome_examples"": [], ""unsafe_outcomes"": 0, ""update"": false}, {""action"": ""serve_14"", ""controllable"": true, ""outcomes"": 1, ""outcomes_in_certificate_region"": 1, ""unsafe_outcome_examples"": [], ""unsafe_outcomes"": 0, ""update"": false}, {""action"": ""serve_2"", ""controllable"": true, ""outcomes"": 1, ""outcomes_in_certificate_region"": 1, ""unsafe_outcome_examples"": [], ""unsafe_outcomes"": 0, ""update"": false}, {""action"": ""serve_3"", ""controllable"": true, ""outcomes"": 1, ""outcomes_in_certificate_region"": 1, ""unsafe_outcome_examples"": [], ""unsafe_outcomes"": 0, ""update"": false}, {""action"": ""serve_4"", ""controllable"": true, ""outcomes"": 1, ""outcomes_in_certificate_region"": 1, ""unsafe_outcome_examples"": [], ""unsafe_outcomes"": 0, ""update"": false}, {""action"": ""serve_5"", ""controllable"": true, ""outcomes"": 1, ""outcomes_in_certificate_region"": 1, ""unsafe_outcome_examples"": [], ""unsafe_outcomes"": 0, ""update"": false}, {""action"": ""serve_6"", ""controllable"": true, ""outcomes"": 1, ""outcomes_in_certificate_region"": 1, ""unsafe_outcome_examples"": [], ""unsafe_outcomes"": 0, ""update"": false}, {""action"": ""serve_7"", ""controllable"": true, ""outcomes"": 1, ""outcomes_in_certificate_region"": 1, ""unsafe_outcome_examples"": [], ""unsafe_outcomes"": 0, ""update"": false}, {""action"": ""serve_8"", ""controllable"": true, ""outcomes"": 1, ""outcomes_in_certificate_region"": 1, ""unsafe_outcome_examples"": [], ""unsafe_outcomes"": 0, ""update"": false}, {""action"": ""serve_9"", ""controllable"": true, ""outcomes"": 1, ""outcomes_in_certificate_region"": 1, ""unsafe_outcome_examples"": [], ""unsafe_outcomes"": 0, ""update"": false}], ""pending"": [""ablation.merge.transfers""], ""physical"": [[""OLD"", ""ready""], [""OLD"", ""ready""], [""OLD"", ""ready""], [""OLD"", ""ready""], [""OLD"", ""ready""], [""OLD"", ""ready""], [""OLD"", ""ready""], [""OLD"", ""ready""], [""OLD"", ""ready""], [""OLD"", ""ready""], [""OLD"", ""ready""], [""OLD"", ""ready""], [""OLD"", ""ready""], [""OLD"", ""ready""]], ""safe"": true, ""testers"": {""availability"": ""q14""}}], ""initial_examples_limit"": 3, ""initial_states"": 1, ""losing_initial_states"": 1, ""region_states"": 2, ""safe_region_states"": 1, ""scope"": ""checked discovered-state losing certificate; sampled local root closure evidence, not a unique whole-game causal explanation"", ""unsafe_region_states"": 1}",raw/series/n14_m01_merged_lazy/result.json,raw/series/n14_m01_merged_lazy/certificate.json,
59,rolling_scale,v1,n14_m01_all_lazy,"{""k"": 14, ""m"": 1, ""n"": 14}",inputs/rolling_n14_m01_k14.json,none,lazy,LOSS,LOSS,LOSS,PASS,2,1,15,15,15,,2,2,,0.023790667,0.003316292,0.011502125,PASS,NOT_APPLICABLE_LOSS,PASS,0.20619416696717963,2,ee4c9a648bc55eaa02f842abd9b6ae525d59a947879087d1c6aef391f26dcb1e,ff1e6b176f004ea85f1e99690a90388a6a4d24f44cd8d8e636fcd9337dcf67d5,b08475469555ba6a59418d02dc8ecdc0ee5c0d870689abebf3648f8c4d30eb97,2026-09-29T17:54:46.350731+09:00,2026-09-29T17:54:46.557214+09:00,"The checked discovered-state losing certificate contains 2 states (1 unsafe) and 1/1 initial states; its stored root buckets retain every adversarial outcome and identify the outcomes in this certificate (local closure evidence, not a unique causal explanation).","{""initial_examples"": [{""enabled_action_buckets"": [{""action"": ""ablation.merge.transfers"", ""controllable"": true, ""outcomes"": 1, ""outcomes_in_certificate_region"": 1, ""unsafe_outcome_examples"": [{""pending"": [], ""physical"": [[""NEW"", ""booting""], [""NEW"", ""booting""], [""NEW"", ""booting""], [""NEW"", ""booting""], [""NEW"", ""booting""], [""NEW"", ""booting""], [""NEW"", ""booting""], [""NEW"", ""booting""], [""NEW"", ""booting""], [""NEW"", ""booting""], [""NEW"", ""booting""], [""NEW"", ""booting""], [""NEW"", ""booting""], [""NEW"", ""booting""]], ""testers"": {""availability"": ""ERR_AVAILABILITY""}}], ""unsafe_outcomes"": 1, ""update"": true}, {""action"": ""serve_1"", ""controllable"": true, ""outcomes"": 1, ""outcomes_in_certificate_region"": 1, ""unsafe_outcome_examples"": [], ""unsafe_outcomes"": 0, ""update"": false}, {""action"": ""serve_10"", ""controllable"": true, ""outcomes"": 1, ""outcomes_in_certificate_region"": 1, ""unsafe_outcome_examples"": [], ""unsafe_outcomes"": 0, ""update"": false}, {""action"": ""serve_11"", ""controllable"": true, ""outcomes"": 1, ""outcomes_in_certificate_region"": 1, ""unsafe_outcome_examples"": [], ""unsafe_outcomes"": 0, ""update"": false}, {""action"": ""serve_12"", ""controllable"": true, ""outcomes"": 1, ""outcomes_in_certificate_region"": 1, ""unsafe_outcome_examples"": [], ""unsafe_outcomes"": 0, ""update"": false}, {""action"": ""serve_13"", ""controllable"": true, ""outcomes"": 1, ""outcomes_in_certificate_region"": 1, ""unsafe_outcome_examples"": [], ""unsafe_outcomes"": 0, ""update"": false}, {""action"": ""serve_14"", ""controllable"": true, ""outcomes"": 1, ""outcomes_in_certificate_region"": 1, ""unsafe_outcome_examples"": [], ""unsafe_outcomes"": 0, ""update"": false}, {""action"": ""serve_2"", ""controllable"": true, ""outcomes"": 1, ""outcomes_in_certificate_region"": 1, ""unsafe_outcome_examples"": [], ""unsafe_outcomes"": 0, ""update"": false}, {""action"": ""serve_3"", ""controllable"": true, ""outcomes"": 1, ""outcomes_in_certificate_region"": 1, ""unsafe_outcome_examples"": [], ""unsafe_outcomes"": 0, ""update"": false}, {""action"": ""serve_4"", ""controllable"": true, ""outcomes"": 1, ""outcomes_in_certificate_region"": 1, ""unsafe_outcome_examples"": [], ""unsafe_outcomes"": 0, ""update"": false}, {""action"": ""serve_5"", ""controllable"": true, ""outcomes"": 1, ""outcomes_in_certificate_region"": 1, ""unsafe_outcome_examples"": [], ""unsafe_outcomes"": 0, ""update"": false}, {""action"": ""serve_6"", ""controllable"": true, ""outcomes"": 1, ""outcomes_in_certificate_region"": 1, ""unsafe_outcome_examples"": [], ""unsafe_outcomes"": 0, ""update"": false}, {""action"": ""serve_7"", ""controllable"": true, ""outcomes"": 1, ""outcomes_in_certificate_region"": 1, ""unsafe_outcome_examples"": [], ""unsafe_outcomes"": 0, ""update"": false}, {""action"": ""serve_8"", ""controllable"": true, ""outcomes"": 1, ""outcomes_in_certificate_region"": 1, ""unsafe_outcome_examples"": [], ""unsafe_outcomes"": 0, ""update"": false}, {""action"": ""serve_9"", ""controllable"": true, ""outcomes"": 1, ""outcomes_in_certificate_region"": 1, ""unsafe_outcome_examples"": [], ""unsafe_outcomes"": 0, ""update"": false}], ""pending"": [""ablation.merge.transfers""], ""physical"": [[""OLD"", ""ready""], [""OLD"", ""ready""], [""OLD"", ""ready""], [""OLD"", ""ready""], [""OLD"", ""ready""], [""OLD"", ""ready""], [""OLD"", ""ready""], [""OLD"", ""ready""], [""OLD"", ""ready""], [""OLD"", ""ready""], [""OLD"", ""ready""], [""OLD"", ""ready""], [""OLD"", ""ready""], [""OLD"", ""ready""]], ""safe"": true, ""testers"": {""availability"": ""q14""}}], ""initial_examples_limit"": 3, ""initial_states"": 1, ""losing_initial_states"": 1, ""region_states"": 2, ""safe_region_states"": 1, ""scope"": ""checked discovered-state losing certificate; sampled local root closure evidence, not a unique whole-game causal explanation"", ""unsafe_region_states"": 1}",raw/series/n14_m01_all_lazy/result.json,raw/series/n14_m01_all_lazy/certificate.json,
60,rolling_scale,v1,n14_m01_fine_df,"{""k"": 1, ""m"": 1, ""n"": 14}",inputs/rolling_n14_m01_k01.json,none,direct_full,WIN,WIN,WIN,PASS,131072,131071,3669988,1949682,1949682,28,,29,30,0.025116291,44.337526958,0.022824459,PASS,PASS,PASS,44.67096083302749,0,ae356ec29ac31d7121a83ad1fadeac5717cf9c4cf1c2ff8ee7e30a04b4468b4e,ff1e6b176f004ea85f1e99690a90388a6a4d24f44cd8d8e636fcd9337dcf67d5,b08475469555ba6a59418d02dc8ecdc0ee5c0d870689abebf3648f8c4d30eb97,2026-09-29T17:54:47.012492+09:00,2026-09-29T17:55:31.683660+09:00,Checked WIN certificate.,,raw/series/n14_m01_fine_df/result.json,raw/series/n14_m01_fine_df/certificate.json,
61,rolling_scale,v1,n14_m13_fine_lazy,"{""k"": 1, ""m"": 13, ""n"": 14}",inputs/rolling_n14_m13_k01.json,none,lazy,WIN,WIN,WIN,PASS,29,28,210,28,28,28,,29,30,0.021674667,0.014583125,0.044330708,PASS,PASS,PASS,0.3020627080113627,0,4db6ca263f7f2fe64a8bfdba049ef7e4b4e3fff4ec5135741465be30c7a04539,ff1e6b176f004ea85f1e99690a90388a6a4d24f44cd8d8e636fcd9337dcf67d5,b08475469555ba6a59418d02dc8ecdc0ee5c0d870689abebf3648f8c4d30eb97,2026-09-29T17:55:32.134272+09:00,2026-09-29T17:55:32.436628+09:00,Checked WIN certificate.,,raw/series/n14_m13_fine_lazy/result.json,raw/series/n14_m13_fine_lazy/certificate.json,
62,rolling_scale,v1,n14_m13_merged_lazy,"{""k"": 14, ""m"": 13, ""n"": 14}",inputs/rolling_n14_m13_k01.json,transfers,lazy,LOSS,LOSS,LOSS,PASS,2,1,15,15,15,,2,2,,0.023258333,0.00292625,0.010660542,PASS,NOT_APPLICABLE_LOSS,PASS,1.5348106659948826,2,4db6ca263f7f2fe64a8bfdba049ef7e4b4e3fff4ec5135741465be30c7a04539,ff1e6b176f004ea85f1e99690a90388a6a4d24f44cd8d8e636fcd9337dcf67d5,b08475469555ba6a59418d02dc8ecdc0ee5c0d870689abebf3648f8c4d30eb97,2026-09-29T17:55:32.896267+09:00,2026-09-29T17:55:34.431344+09:00,"The checked discovered-state losing certificate contains 2 states (1 unsafe) and 1/1 initial states; its stored root buckets retain every adversarial outcome and identify the outcomes in this certificate (local closure evidence, not a unique causal explanation).","{""initial_examples"": [{""enabled_action_buckets"": [{""action"": ""ablation.merge.transfers"", ""controllable"": true, ""outcomes"": 1, ""outcomes_in_certificate_region"": 1, ""unsafe_outcome_examples"": [{""pending"": [], ""physical"": [[""NEW"", ""booting""], [""NEW"", ""booting""], [""NEW"", ""booting""], [""NEW"", ""booting""], [""NEW"", ""booting""], [""NEW"", ""booting""], [""NEW"", ""booting""], [""NEW"", ""booting""], [""NEW"", ""booting""], [""NEW"", ""booting""], [""NEW"", ""booting""], [""NEW"", ""booting""], [""NEW"", ""booting""], [""NEW"", ""booting""]], ""testers"": {""availability"": ""ERR_AVAILABILITY""}}], ""unsafe_outcomes"": 1, ""update"": true}, {""action"": ""serve_1"", ""controllable"": true, ""outcomes"": 1, ""outcomes_in_certificate_region"": 1, ""unsafe_outcome_examples"": [], ""unsafe_outcomes"": 0, ""update"": false}, {""action"": ""serve_10"", ""controllable"": true, ""outcomes"": 1, ""outcomes_in_certificate_region"": 1, ""unsafe_outcome_examples"": [], ""unsafe_outcomes"": 0, ""update"": false}, {""action"": ""serve_11"", ""controllable"": true, ""outcomes"": 1, ""outcomes_in_certificate_region"": 1, ""unsafe_outcome_examples"": [], ""unsafe_outcomes"": 0, ""update"": false}, {""action"": ""serve_12"", ""controllable"": true, ""outcomes"": 1, ""outcomes_in_certificate_region"": 1, ""unsafe_outcome_examples"": [], ""unsafe_outcomes"": 0, ""update"": false}, {""action"": ""serve_13"", ""controllable"": true, ""outcomes"": 1, ""outcomes_in_certificate_region"": 1, ""unsafe_outcome_examples"": [], ""unsafe_outcomes"": 0, ""update"": false}, {""action"": ""serve_14"", ""controllable"": true, ""outcomes"": 1, ""outcomes_in_certificate_region"": 1, ""unsafe_outcome_examples"": [], ""unsafe_outcomes"": 0, ""update"": false}, {""action"": ""serve_2"", ""controllable"": true, ""outcomes"": 1, ""outcomes_in_certificate_region"": 1, ""unsafe_outcome_examples"": [], ""unsafe_outcomes"": 0, ""update"": false}, {""action"": ""serve_3"", ""controllable"": true, ""outcomes"": 1, ""outcomes_in_certificate_region"": 1, ""unsafe_outcome_examples"": [], ""unsafe_outcomes"": 0, ""update"": false}, {""action"": ""serve_4"", ""controllable"": true, ""outcomes"": 1, ""outcomes_in_certificate_region"": 1, ""unsafe_outcome_examples"": [], ""unsafe_outcomes"": 0, ""update"": false}, {""action"": ""serve_5"", ""controllable"": true, ""outcomes"": 1, ""outcomes_in_certificate_region"": 1, ""unsafe_outcome_examples"": [], ""unsafe_outcomes"": 0, ""update"": false}, {""action"": ""serve_6"", ""controllable"": true, ""outcomes"": 1, ""outcomes_in_certificate_region"": 1, ""unsafe_outcome_examples"": [], ""unsafe_outcomes"": 0, ""update"": false}, {""action"": ""serve_7"", ""controllable"": true, ""outcomes"": 1, ""outcomes_in_certificate_region"": 1, ""unsafe_outcome_examples"": [], ""unsafe_outcomes"": 0, ""update"": false}, {""action"": ""serve_8"", ""controllable"": true, ""outcomes"": 1, ""outcomes_in_certificate_region"": 1, ""unsafe_outcome_examples"": [], ""unsafe_outcomes"": 0, ""update"": false}, {""action"": ""serve_9"", ""controllable"": true, ""outcomes"": 1, ""outcomes_in_certificate_region"": 1, ""unsafe_outcome_examples"": [], ""unsafe_outcomes"": 0, ""update"": false}], ""pending"": [""ablation.merge.transfers""], ""physical"": [[""OLD"", ""ready""], [""OLD"", ""ready""], [""OLD"", ""ready""], [""OLD"", ""ready""], [""OLD"", ""ready""], [""OLD"", ""ready""], [""OLD"", ""ready""], [""OLD"", ""ready""], [""OLD"", ""ready""], [""OLD"", ""ready""], [""OLD"", ""ready""], [""OLD"", ""ready""], [""OLD"", ""ready""], [""OLD"", ""ready""]], ""safe"": true, ""testers"": {""availability"": ""q14""}}], ""initial_examples_limit"": 3, ""initial_states"": 1, ""losing_initial_states"": 1, ""region_states"": 2, ""safe_region_states"": 1, ""scope"": ""checked discovered-state losing certificate; sampled local root closure evidence, not a unique whole-game causal explanation"", ""unsafe_region_states"": 1}",raw/series/n14_m13_merged_lazy/result.json,raw/series/n14_m13_merged_lazy/certificate.json,
63,rolling_scale,v1,n14_m13_all_lazy,"{""k"": 14, ""m"": 13, ""n"": 14}",inputs/rolling_n14_m13_k14.json,none,lazy,LOSS,LOSS,LOSS,PASS,2,1,15,15,15,,2,2,,0.020028542,0.003260333,0.011525708,PASS,NOT_APPLICABLE_LOSS,PASS,0.18783183401683345,2,df1803ccde62306118cd313e8ef536d14d3a1e6d84a0097c396dc9deb03516b9,ff1e6b176f004ea85f1e99690a90388a6a4d24f44cd8d8e636fcd9337dcf67d5,b08475469555ba6a59418d02dc8ecdc0ee5c0d870689abebf3648f8c4d30eb97,2026-09-29T17:55:34.885260+09:00,2026-09-29T17:55:35.073354+09:00,"The checked discovered-state losing certificate contains 2 states (1 unsafe) and 1/1 initial states; its stored root buckets retain every adversarial outcome and identify the outcomes in this certificate (local closure evidence, not a unique causal explanation).","{""initial_examples"": [{""enabled_action_buckets"": [{""action"": ""ablation.merge.transfers"", ""controllable"": true, ""outcomes"": 1, ""outcomes_in_certificate_region"": 1, ""unsafe_outcome_examples"": [{""pending"": [], ""physical"": [[""NEW"", ""booting""], [""NEW"", ""booting""], [""NEW"", ""booting""], [""NEW"", ""booting""], [""NEW"", ""booting""], [""NEW"", ""booting""], [""NEW"", ""booting""], [""NEW"", ""booting""], [""NEW"", ""booting""], [""NEW"", ""booting""], [""NEW"", ""booting""], [""NEW"", ""booting""], [""NEW"", ""booting""], [""NEW"", ""booting""]], ""testers"": {""availability"": ""ERR_AVAILABILITY""}}], ""unsafe_outcomes"": 1, ""update"": true}, {""action"": ""serve_1"", ""controllable"": true, ""outcomes"": 1, ""outcomes_in_certificate_region"": 1, ""unsafe_outcome_examples"": [], ""unsafe_outcomes"": 0, ""update"": false}, {""action"": ""serve_10"", ""controllable"": true, ""outcomes"": 1, ""outcomes_in_certificate_region"": 1, ""unsafe_outcome_examples"": [], ""unsafe_outcomes"": 0, ""update"": false}, {""action"": ""serve_11"", ""controllable"": true, ""outcomes"": 1, ""outcomes_in_certificate_region"": 1, ""unsafe_outcome_examples"": [], ""unsafe_outcomes"": 0, ""update"": false}, {""action"": ""serve_12"", ""controllable"": true, ""outcomes"": 1, ""outcomes_in_certificate_region"": 1, ""unsafe_outcome_examples"": [], ""unsafe_outcomes"": 0, ""update"": false}, {""action"": ""serve_13"", ""controllable"": true, ""outcomes"": 1, ""outcomes_in_certificate_region"": 1, ""unsafe_outcome_examples"": [], ""unsafe_outcomes"": 0, ""update"": false}, {""action"": ""serve_14"", ""controllable"": true, ""outcomes"": 1, ""outcomes_in_certificate_region"": 1, ""unsafe_outcome_examples"": [], ""unsafe_outcomes"": 0, ""update"": false}, {""action"": ""serve_2"", ""controllable"": true, ""outcomes"": 1, ""outcomes_in_certificate_region"": 1, ""unsafe_outcome_examples"": [], ""unsafe_outcomes"": 0, ""update"": false}, {""action"": ""serve_3"", ""controllable"": true, ""outcomes"": 1, ""outcomes_in_certificate_region"": 1, ""unsafe_outcome_examples"": [], ""unsafe_outcomes"": 0, ""update"": false}, {""action"": ""serve_4"", ""controllable"": true, ""outcomes"": 1, ""outcomes_in_certificate_region"": 1, ""unsafe_outcome_examples"": [], ""unsafe_outcomes"": 0, ""update"": false}, {""action"": ""serve_5"", ""controllable"": true, ""outcomes"": 1, ""outcomes_in_certificate_region"": 1, ""unsafe_outcome_examples"": [], ""unsafe_outcomes"": 0, ""update"": false}, {""action"": ""serve_6"", ""controllable"": true, ""outcomes"": 1, ""outcomes_in_certificate_region"": 1, ""unsafe_outcome_examples"": [], ""unsafe_outcomes"": 0, ""update"": false}, {""action"": ""serve_7"", ""controllable"": true, ""outcomes"": 1, ""outcomes_in_certificate_region"": 1, ""unsafe_outcome_examples"": [], ""unsafe_outcomes"": 0, ""update"": false}, {""action"": ""serve_8"", ""controllable"": true, ""outcomes"": 1, ""outcomes_in_certificate_region"": 1, ""unsafe_outcome_examples"": [], ""unsafe_outcomes"": 0, ""update"": false}, {""action"": ""serve_9"", ""controllable"": true, ""outcomes"": 1, ""outcomes_in_certificate_region"": 1, ""unsafe_outcome_examples"": [], ""unsafe_outcomes"": 0, ""update"": false}], ""pending"": [""ablation.merge.transfers""], ""physical"": [[""OLD"", ""ready""], [""OLD"", ""ready""], [""OLD"", ""ready""], [""OLD"", ""ready""], [""OLD"", ""ready""], [""OLD"", ""ready""], [""OLD"", ""ready""], [""OLD"", ""ready""], [""OLD"", ""ready""], [""OLD"", ""ready""], [""OLD"", ""ready""], [""OLD"", ""ready""], [""OLD"", ""ready""], [""OLD"", ""ready""]], ""safe"": true, ""testers"": {""availability"": ""q14""}}], ""initial_examples_limit"": 3, ""initial_states"": 1, ""losing_initial_states"": 1, ""region_states"": 2, ""safe_region_states"": 1, ""scope"": ""checked discovered-state losing certificate; sampled local root closure evidence, not a unique whole-game causal explanation"", ""unsafe_region_states"": 1}",raw/series/n14_m13_all_lazy/result.json,raw/series/n14_m13_all_lazy/certificate.json,
64,rolling_scale,v1,n14_m13_fine_df,"{""k"": 1, ""m"": 13, ""n"": 14}",inputs/rolling_n14_m13_k01.json,none,direct_full,WIN,WIN,WIN,PASS,131072,131071,3669988,1949682,1949682,28,,29,30,0.023128041,42.35898375,0.021346334,PASS,PASS,PASS,42.73164466704475,0,4db6ca263f7f2fe64a8bfdba049ef7e4b4e3fff4ec5135741465be30c7a04539,ff1e6b176f004ea85f1e99690a90388a6a4d24f44cd8d8e636fcd9337dcf67d5,b08475469555ba6a59418d02dc8ecdc0ee5c0d870689abebf3648f8c4d30eb97,2026-09-29T17:55:35.527789+09:00,2026-09-29T17:56:18.259626+09:00,Checked WIN certificate.,,raw/series/n14_m13_fine_df/result.json,raw/series/n14_m13_fine_df/certificate.json,
65,rolling_scale,v1,n15_m01_fine_lazy,"{""k"": 1, ""m"": 1, ""n"": 15}",inputs/rolling_n15_m01_k01.json,none,lazy,WIN,WIN,WIN,PASS,31,30,240,30,30,30,,31,32,0.025414333,0.013396416,0.043513792,PASS,PASS,PASS,0.3047054170165211,0,d2ad7d9327471cf802beda6720d122bc6565e4b75ef1555dd1526fa3c9904d7f,ff1e6b176f004ea85f1e99690a90388a6a4d24f44cd8d8e636fcd9337dcf67d5,b08475469555ba6a59418d02dc8ecdc0ee5c0d870689abebf3648f8c4d30eb97,2026-09-29T17:56:18.717856+09:00,2026-09-29T17:56:19.022872+09:00,Checked WIN certificate.,,raw/series/n15_m01_fine_lazy/result.json,raw/series/n15_m01_fine_lazy/certificate.json,
66,rolling_scale,v1,n15_m01_merged_lazy,"{""k"": 15, ""m"": 1, ""n"": 15}",inputs/rolling_n15_m01_k01.json,transfers,lazy,LOSS,LOSS,LOSS,PASS,2,1,16,16,16,,2,2,,0.031150541,0.00289025,0.010926042,PASS,NOT_APPLICABLE_LOSS,PASS,3.312805874971673,2,d2ad7d9327471cf802beda6720d122bc6565e4b75ef1555dd1526fa3c9904d7f,ff1e6b176f004ea85f1e99690a90388a6a4d24f44cd8d8e636fcd9337dcf67d5,b08475469555ba6a59418d02dc8ecdc0ee5c0d870689abebf3648f8c4d30eb97,2026-09-29T17:56:19.485890+09:00,2026-09-29T17:56:22.798969+09:00,"The checked discovered-state losing certificate contains 2 states (1 unsafe) and 1/1 initial states; its stored root buckets retain every adversarial outcome and identify the outcomes in this certificate (local closure evidence, not a unique causal explanation).","{""initial_examples"": [{""enabled_action_buckets"": [{""action"": ""ablation.merge.transfers"", ""controllable"": true, ""outcomes"": 1, ""outcomes_in_certificate_region"": 1, ""unsafe_outcome_examples"": [{""pending"": [], ""physical"": [[""NEW"", ""booting""], [""NEW"", ""booting""], [""NEW"", ""booting""], [""NEW"", ""booting""], [""NEW"", ""booting""], [""NEW"", ""booting""], [""NEW"", ""booting""], [""NEW"", ""booting""], [""NEW"", ""booting""], [""NEW"", ""booting""], [""NEW"", ""booting""], [""NEW"", ""booting""], [""NEW"", ""booting""], [""NEW"", ""booting""], [""NEW"", ""booting""]], ""testers"": {""availability"": ""ERR_AVAILABILITY""}}], ""unsafe_outcomes"": 1, ""update"": true}, {""action"": ""serve_1"", ""controllable"": true, ""outcomes"": 1, ""outcomes_in_certificate_region"": 1, ""unsafe_outcome_examples"": [], ""unsafe_outcomes"": 0, ""update"": false}, {""action"": ""serve_10"", ""controllable"": true, ""outcomes"": 1, ""outcomes_in_certificate_region"": 1, ""unsafe_outcome_examples"": [], ""unsafe_outcomes"": 0, ""update"": false}, {""action"": ""serve_11"", ""controllable"": true, ""outcomes"": 1, ""outcomes_in_certificate_region"": 1, ""unsafe_outcome_examples"": [], ""unsafe_outcomes"": 0, ""update"": false}, {""action"": ""serve_12"", ""controllable"": true, ""outcomes"": 1, ""outcomes_in_certificate_region"": 1, ""unsafe_outcome_examples"": [], ""unsafe_outcomes"": 0, ""update"": false}, {""action"": ""serve_13"", ""controllable"": true, ""outcomes"": 1, ""outcomes_in_certificate_region"": 1, ""unsafe_outcome_examples"": [], ""unsafe_outcomes"": 0, ""update"": false}, {""action"": ""serve_14"", ""controllable"": true, ""outcomes"": 1, ""outcomes_in_certificate_region"": 1, ""unsafe_outcome_examples"": [], ""unsafe_outcomes"": 0, ""update"": false}, {""action"": ""serve_15"", ""controllable"": true, ""outcomes"": 1, ""outcomes_in_certificate_region"": 1, ""unsafe_outcome_examples"": [], ""unsafe_outcomes"": 0, ""update"": false}, {""action"": ""serve_2"", ""controllable"": true, ""outcomes"": 1, ""outcomes_in_certificate_region"": 1, ""unsafe_outcome_examples"": [], ""unsafe_outcomes"": 0, ""update"": false}, {""action"": ""serve_3"", ""controllable"": true, ""outcomes"": 1, ""outcomes_in_certificate_region"": 1, ""unsafe_outcome_examples"": [], ""unsafe_outcomes"": 0, ""update"": false}, {""action"": ""serve_4"", ""controllable"": true, ""outcomes"": 1, ""outcomes_in_certificate_region"": 1, ""unsafe_outcome_examples"": [], ""unsafe_outcomes"": 0, ""update"": false}, {""action"": ""serve_5"", ""controllable"": true, ""outcomes"": 1, ""outcomes_in_certificate_region"": 1, ""unsafe_outcome_examples"": [], ""unsafe_outcomes"": 0, ""update"": false}, {""action"": ""serve_6"", ""controllable"": true, ""outcomes"": 1, ""outcomes_in_certificate_region"": 1, ""unsafe_outcome_examples"": [], ""unsafe_outcomes"": 0, ""update"": false}, {""action"": ""serve_7"", ""controllable"": true, ""outcomes"": 1, ""outcomes_in_certificate_region"": 1, ""unsafe_outcome_examples"": [], ""unsafe_outcomes"": 0, ""update"": false}, {""action"": ""serve_8"", ""controllable"": true, ""outcomes"": 1, ""outcomes_in_certificate_region"": 1, ""unsafe_outcome_examples"": [], ""unsafe_outcomes"": 0, ""update"": false}, {""action"": ""serve_9"", ""controllable"": true, ""outcomes"": 1, ""outcomes_in_certificate_region"": 1, ""unsafe_outcome_examples"": [], ""unsafe_outcomes"": 0, ""update"": false}], ""pending"": [""ablation.merge.transfers""], ""physical"": [[""OLD"", ""ready""], [""OLD"", ""ready""], [""OLD"", ""ready""], [""OLD"", ""ready""], [""OLD"", ""ready""], [""OLD"", ""ready""], [""OLD"", ""ready""], [""OLD"", ""ready""], [""OLD"", ""ready""], [""OLD"", ""ready""], [""OLD"", ""ready""], [""OLD"", ""ready""], [""OLD"", ""ready""], [""OLD"", ""ready""], [""OLD"", ""ready""]], ""safe"": true, ""testers"": {""availability"": ""q15""}}], ""initial_examples_limit"": 3, ""initial_states"": 1, ""losing_initial_states"": 1, ""region_states"": 2, ""safe_region_states"": 1, ""scope"": ""checked discovered-state losing certificate; sampled local root closure evidence, not a unique whole-game causal explanation"", ""unsafe_region_states"": 1}",raw/series/n15_m01_merged_lazy/result.json,raw/series/n15_m01_merged_lazy/certificate.json,
67,rolling_scale,v1,n15_m01_all_lazy,"{""k"": 15, ""m"": 1, ""n"": 15}",inputs/rolling_n15_m01_k15.json,none,lazy,LOSS,LOSS,LOSS,PASS,2,1,16,16,16,,2,2,,0.023312334,0.00356,0.012286666,PASS,NOT_APPLICABLE_LOSS,PASS,0.24748299998464063,2,16e8438184efcc7149a2cdf8242991c467ace7d745aa14103050ca7a7d298d9f,ff1e6b176f004ea85f1e99690a90388a6a4d24f44cd8d8e636fcd9337dcf67d5,b08475469555ba6a59418d02dc8ecdc0ee5c0d870689abebf3648f8c4d30eb97,2026-09-29T17:56:23.260260+09:00,2026-09-29T17:56:23.508014+09:00,"The checked discovered-state losing certificate contains 2 states (1 unsafe) and 1/1 initial states; its stored root buckets retain every adversarial outcome and identify the outcomes in this certificate (local closure evidence, not a unique causal explanation).","{""initial_examples"": [{""enabled_action_buckets"": [{""action"": ""ablation.merge.transfers"", ""controllable"": true, ""outcomes"": 1, ""outcomes_in_certificate_region"": 1, ""unsafe_outcome_examples"": [{""pending"": [], ""physical"": [[""NEW"", ""booting""], [""NEW"", ""booting""], [""NEW"", ""booting""], [""NEW"", ""booting""], [""NEW"", ""booting""], [""NEW"", ""booting""], [""NEW"", ""booting""], [""NEW"", ""booting""], [""NEW"", ""booting""], [""NEW"", ""booting""], [""NEW"", ""booting""], [""NEW"", ""booting""], [""NEW"", ""booting""], [""NEW"", ""booting""], [""NEW"", ""booting""]], ""testers"": {""availability"": ""ERR_AVAILABILITY""}}], ""unsafe_outcomes"": 1, ""update"": true}, {""action"": ""serve_1"", ""controllable"": true, ""outcomes"": 1, ""outcomes_in_certificate_region"": 1, ""unsafe_outcome_examples"": [], ""unsafe_outcomes"": 0, ""update"": false}, {""action"": ""serve_10"", ""controllable"": true, ""outcomes"": 1, ""outcomes_in_certificate_region"": 1, ""unsafe_outcome_examples"": [], ""unsafe_outcomes"": 0, ""update"": false}, {""action"": ""serve_11"", ""controllable"": true, ""outcomes"": 1, ""outcomes_in_certificate_region"": 1, ""unsafe_outcome_examples"": [], ""unsafe_outcomes"": 0, ""update"": false}, {""action"": ""serve_12"", ""controllable"": true, ""outcomes"": 1, ""outcomes_in_certificate_region"": 1, ""unsafe_outcome_examples"": [], ""unsafe_outcomes"": 0, ""update"": false}, {""action"": ""serve_13"", ""controllable"": true, ""outcomes"": 1, ""outcomes_in_certificate_region"": 1, ""unsafe_outcome_examples"": [], ""unsafe_outcomes"": 0, ""update"": false}, {""action"": ""serve_14"", ""controllable"": true, ""outcomes"": 1, ""outcomes_in_certificate_region"": 1, ""unsafe_outcome_examples"": [], ""unsafe_outcomes"": 0, ""update"": false}, {""action"": ""serve_15"", ""controllable"": true, ""outcomes"": 1, ""outcomes_in_certificate_region"": 1, ""unsafe_outcome_examples"": [], ""unsafe_outcomes"": 0, ""update"": false}, {""action"": ""serve_2"", ""controllable"": true, ""outcomes"": 1, ""outcomes_in_certificate_region"": 1, ""unsafe_outcome_examples"": [], ""unsafe_outcomes"": 0, ""update"": false}, {""action"": ""serve_3"", ""controllable"": true, ""outcomes"": 1, ""outcomes_in_certificate_region"": 1, ""unsafe_outcome_examples"": [], ""unsafe_outcomes"": 0, ""update"": false}, {""action"": ""serve_4"", ""controllable"": true, ""outcomes"": 1, ""outcomes_in_certificate_region"": 1, ""unsafe_outcome_examples"": [], ""unsafe_outcomes"": 0, ""update"": false}, {""action"": ""serve_5"", ""controllable"": true, ""outcomes"": 1, ""outcomes_in_certificate_region"": 1, ""unsafe_outcome_examples"": [], ""unsafe_outcomes"": 0, ""update"": false}, {""action"": ""serve_6"", ""controllable"": true, ""outcomes"": 1, ""outcomes_in_certificate_region"": 1, ""unsafe_outcome_examples"": [], ""unsafe_outcomes"": 0, ""update"": false}, {""action"": ""serve_7"", ""controllable"": true, ""outcomes"": 1, ""outcomes_in_certificate_region"": 1, ""unsafe_outcome_examples"": [], ""unsafe_outcomes"": 0, ""update"": false}, {""action"": ""serve_8"", ""controllable"": true, ""outcomes"": 1, ""outcomes_in_certificate_region"": 1, ""unsafe_outcome_examples"": [], ""unsafe_outcomes"": 0, ""update"": false}, {""action"": ""serve_9"", ""controllable"": true, ""outcomes"": 1, ""outcomes_in_certificate_region"": 1, ""unsafe_outcome_examples"": [], ""unsafe_outcomes"": 0, ""update"": false}], ""pending"": [""ablation.merge.transfers""], ""physical"": [[""OLD"", ""ready""], [""OLD"", ""ready""], [""OLD"", ""ready""], [""OLD"", ""ready""], [""OLD"", ""ready""], [""OLD"", ""ready""], [""OLD"", ""ready""], [""OLD"", ""ready""], [""OLD"", ""ready""], [""OLD"", ""ready""], [""OLD"", ""ready""], [""OLD"", ""ready""], [""OLD"", ""ready""], [""OLD"", ""ready""], [""OLD"", ""ready""]], ""safe"": true, ""testers"": {""availability"": ""q15""}}], ""initial_examples_limit"": 3, ""initial_states"": 1, ""losing_initial_states"": 1, ""region_states"": 2, ""safe_region_states"": 1, ""scope"": ""checked discovered-state losing certificate; sampled local root closure evidence, not a unique whole-game causal explanation"", ""unsafe_region_states"": 1}",raw/series/n15_m01_all_lazy/result.json,raw/series/n15_m01_all_lazy/certificate.json,
68,rolling_scale,v1,n15_m01_fine_df,"{""k"": 1, ""m"": 1, ""n"": 15}",inputs/rolling_n15_m01_k01.json,none,direct_full,WIN,WIN,WIN,PASS,278528,278527,8355810,4423665,4423665,30,,31,32,0.026110125,188.679025292,0.0299475,PASS,PASS,PASS,189.8370748749585,0,d2ad7d9327471cf802beda6720d122bc6565e4b75ef1555dd1526fa3c9904d7f,ff1e6b176f004ea85f1e99690a90388a6a4d24f44cd8d8e636fcd9337dcf67d5,b08475469555ba6a59418d02dc8ecdc0ee5c0d870689abebf3648f8c4d30eb97,2026-09-29T17:56:23.967052+09:00,2026-09-29T17:59:33.804184+09:00,Checked WIN certificate.,,raw/series/n15_m01_fine_df/result.json,raw/series/n15_m01_fine_df/certificate.json,
69,rolling_scale,v1,n15_m14_fine_lazy,"{""k"": 1, ""m"": 14, ""n"": 15}",inputs/rolling_n15_m14_k01.json,none,lazy,WIN,WIN,WIN,PASS,31,30,240,30,30,30,,31,32,0.022758792,0.014617709,0.041875584,PASS,PASS,PASS,0.26426129101309925,0,92232b2089e5463aa8f41eecf7990cf3831ca08e76b368964faf776468f323ed,ff1e6b176f004ea85f1e99690a90388a6a4d24f44cd8d8e636fcd9337dcf67d5,b08475469555ba6a59418d02dc8ecdc0ee5c0d870689abebf3648f8c4d30eb97,2026-09-29T17:59:34.332419+09:00,2026-09-29T17:59:34.596901+09:00,Checked WIN certificate.,,raw/series/n15_m14_fine_lazy/result.json,raw/series/n15_m14_fine_lazy/certificate.json,
70,rolling_scale,v1,n15_m14_merged_lazy,"{""k"": 15, ""m"": 14, ""n"": 15}",inputs/rolling_n15_m14_k01.json,transfers,lazy,LOSS,LOSS,LOSS,PASS,2,1,16,16,16,,2,2,,0.024132667,0.003015958,0.011170042,PASS,NOT_APPLICABLE_LOSS,PASS,2.8091734999907203,2,92232b2089e5463aa8f41eecf7990cf3831ca08e76b368964faf776468f323ed,ff1e6b176f004ea85f1e99690a90388a6a4d24f44cd8d8e636fcd9337dcf67d5,b08475469555ba6a59418d02dc8ecdc0ee5c0d870689abebf3648f8c4d30eb97,2026-09-29T17:59:35.044565+09:00,2026-09-29T17:59:37.854008+09:00,"The checked discovered-state losing certificate contains 2 states (1 unsafe) and 1/1 initial states; its stored root buckets retain every adversarial outcome and identify the outcomes in this certificate (local closure evidence, not a unique causal explanation).","{""initial_examples"": [{""enabled_action_buckets"": [{""action"": ""ablation.merge.transfers"", ""controllable"": true, ""outcomes"": 1, ""outcomes_in_certificate_region"": 1, ""unsafe_outcome_examples"": [{""pending"": [], ""physical"": [[""NEW"", ""booting""], [""NEW"", ""booting""], [""NEW"", ""booting""], [""NEW"", ""booting""], [""NEW"", ""booting""], [""NEW"", ""booting""], [""NEW"", ""booting""], [""NEW"", ""booting""], [""NEW"", ""booting""], [""NEW"", ""booting""], [""NEW"", ""booting""], [""NEW"", ""booting""], [""NEW"", ""booting""], [""NEW"", ""booting""], [""NEW"", ""booting""]], ""testers"": {""availability"": ""ERR_AVAILABILITY""}}], ""unsafe_outcomes"": 1, ""update"": true}, {""action"": ""serve_1"", ""controllable"": true, ""outcomes"": 1, ""outcomes_in_certificate_region"": 1, ""unsafe_outcome_examples"": [], ""unsafe_outcomes"": 0, ""update"": false}, {""action"": ""serve_10"", ""controllable"": true, ""outcomes"": 1, ""outcomes_in_certificate_region"": 1, ""unsafe_outcome_examples"": [], ""unsafe_outcomes"": 0, ""update"": false}, {""action"": ""serve_11"", ""controllable"": true, ""outcomes"": 1, ""outcomes_in_certificate_region"": 1, ""unsafe_outcome_examples"": [], ""unsafe_outcomes"": 0, ""update"": false}, {""action"": ""serve_12"", ""controllable"": true, ""outcomes"": 1, ""outcomes_in_certificate_region"": 1, ""unsafe_outcome_examples"": [], ""unsafe_outcomes"": 0, ""update"": false}, {""action"": ""serve_13"", ""controllable"": true, ""outcomes"": 1, ""outcomes_in_certificate_region"": 1, ""unsafe_outcome_examples"": [], ""unsafe_outcomes"": 0, ""update"": false}, {""action"": ""serve_14"", ""controllable"": true, ""outcomes"": 1, ""outcomes_in_certificate_region"": 1, ""unsafe_outcome_examples"": [], ""unsafe_outcomes"": 0, ""update"": false}, {""action"": ""serve_15"", ""controllable"": true, ""outcomes"": 1, ""outcomes_in_certificate_region"": 1, ""unsafe_outcome_examples"": [], ""unsafe_outcomes"": 0, ""update"": false}, {""action"": ""serve_2"", ""controllable"": true, ""outcomes"": 1, ""outcomes_in_certificate_region"": 1, ""unsafe_outcome_examples"": [], ""unsafe_outcomes"": 0, ""update"": false}, {""action"": ""serve_3"", ""controllable"": true, ""outcomes"": 1, ""outcomes_in_certificate_region"": 1, ""unsafe_outcome_examples"": [], ""unsafe_outcomes"": 0, ""update"": false}, {""action"": ""serve_4"", ""controllable"": true, ""outcomes"": 1, ""outcomes_in_certificate_region"": 1, ""unsafe_outcome_examples"": [], ""unsafe_outcomes"": 0, ""update"": false}, {""action"": ""serve_5"", ""controllable"": true, ""outcomes"": 1, ""outcomes_in_certificate_region"": 1, ""unsafe_outcome_examples"": [], ""unsafe_outcomes"": 0, ""update"": false}, {""action"": ""serve_6"", ""controllable"": true, ""outcomes"": 1, ""outcomes_in_certificate_region"": 1, ""unsafe_outcome_examples"": [], ""unsafe_outcomes"": 0, ""update"": false}, {""action"": ""serve_7"", ""controllable"": true, ""outcomes"": 1, ""outcomes_in_certificate_region"": 1, ""unsafe_outcome_examples"": [], ""unsafe_outcomes"": 0, ""update"": false}, {""action"": ""serve_8"", ""controllable"": true, ""outcomes"": 1, ""outcomes_in_certificate_region"": 1, ""unsafe_outcome_examples"": [], ""unsafe_outcomes"": 0, ""update"": false}, {""action"": ""serve_9"", ""controllable"": true, ""outcomes"": 1, ""outcomes_in_certificate_region"": 1, ""unsafe_outcome_examples"": [], ""unsafe_outcomes"": 0, ""update"": false}], ""pending"": [""ablation.merge.transfers""], ""physical"": [[""OLD"", ""ready""], [""OLD"", ""ready""], [""OLD"", ""ready""], [""OLD"", ""ready""], [""OLD"", ""ready""], [""OLD"", ""ready""], [""OLD"", ""ready""], [""OLD"", ""ready""], [""OLD"", ""ready""], [""OLD"", ""ready""], [""OLD"", ""ready""], [""OLD"", ""ready""], [""OLD"", ""ready""], [""OLD"", ""ready""], [""OLD"", ""ready""]], ""safe"": true, ""testers"": {""availability"": ""q15""}}], ""initial_examples_limit"": 3, ""initial_states"": 1, ""losing_initial_states"": 1, ""region_states"": 2, ""safe_region_states"": 1, ""scope"": ""checked discovered-state losing certificate; sampled local root closure evidence, not a unique whole-game causal explanation"", ""unsafe_region_states"": 1}",raw/series/n15_m14_merged_lazy/result.json,raw/series/n15_m14_merged_lazy/certificate.json,
71,rolling_scale,v1,n15_m14_all_lazy,"{""k"": 15, ""m"": 14, ""n"": 15}",inputs/rolling_n15_m14_k15.json,none,lazy,LOSS,LOSS,LOSS,PASS,2,1,16,16,16,,2,2,,0.020852,0.003462875,0.012164625,PASS,NOT_APPLICABLE_LOSS,PASS,0.2015732090221718,2,c3ed39516c9c1edb8541b6cc5f133ba9fb4e071758e0b76bca6f73ffbe4a1289,ff1e6b176f004ea85f1e99690a90388a6a4d24f44cd8d8e636fcd9337dcf67d5,b08475469555ba6a59418d02dc8ecdc0ee5c0d870689abebf3648f8c4d30eb97,2026-09-29T17:59:38.305532+09:00,2026-09-29T17:59:38.507373+09:00,"The checked discovered-state losing certificate contains 2 states (1 unsafe) and 1/1 initial states; its stored root buckets retain every adversarial outcome and identify the outcomes in this certificate (local closure evidence, not a unique causal explanation).","{""initial_examples"": [{""enabled_action_buckets"": [{""action"": ""ablation.merge.transfers"", ""controllable"": true, ""outcomes"": 1, ""outcomes_in_certificate_region"": 1, ""unsafe_outcome_examples"": [{""pending"": [], ""physical"": [[""NEW"", ""booting""], [""NEW"", ""booting""], [""NEW"", ""booting""], [""NEW"", ""booting""], [""NEW"", ""booting""], [""NEW"", ""booting""], [""NEW"", ""booting""], [""NEW"", ""booting""], [""NEW"", ""booting""], [""NEW"", ""booting""], [""NEW"", ""booting""], [""NEW"", ""booting""], [""NEW"", ""booting""], [""NEW"", ""booting""], [""NEW"", ""booting""]], ""testers"": {""availability"": ""ERR_AVAILABILITY""}}], ""unsafe_outcomes"": 1, ""update"": true}, {""action"": ""serve_1"", ""controllable"": true, ""outcomes"": 1, ""outcomes_in_certificate_region"": 1, ""unsafe_outcome_examples"": [], ""unsafe_outcomes"": 0, ""update"": false}, {""action"": ""serve_10"", ""controllable"": true, ""outcomes"": 1, ""outcomes_in_certificate_region"": 1, ""unsafe_outcome_examples"": [], ""unsafe_outcomes"": 0, ""update"": false}, {""action"": ""serve_11"", ""controllable"": true, ""outcomes"": 1, ""outcomes_in_certificate_region"": 1, ""unsafe_outcome_examples"": [], ""unsafe_outcomes"": 0, ""update"": false}, {""action"": ""serve_12"", ""controllable"": true, ""outcomes"": 1, ""outcomes_in_certificate_region"": 1, ""unsafe_outcome_examples"": [], ""unsafe_outcomes"": 0, ""update"": false}, {""action"": ""serve_13"", ""controllable"": true, ""outcomes"": 1, ""outcomes_in_certificate_region"": 1, ""unsafe_outcome_examples"": [], ""unsafe_outcomes"": 0, ""update"": false}, {""action"": ""serve_14"", ""controllable"": true, ""outcomes"": 1, ""outcomes_in_certificate_region"": 1, ""unsafe_outcome_examples"": [], ""unsafe_outcomes"": 0, ""update"": false}, {""action"": ""serve_15"", ""controllable"": true, ""outcomes"": 1, ""outcomes_in_certificate_region"": 1, ""unsafe_outcome_examples"": [], ""unsafe_outcomes"": 0, ""update"": false}, {""action"": ""serve_2"", ""controllable"": true, ""outcomes"": 1, ""outcomes_in_certificate_region"": 1, ""unsafe_outcome_examples"": [], ""unsafe_outcomes"": 0, ""update"": false}, {""action"": ""serve_3"", ""controllable"": true, ""outcomes"": 1, ""outcomes_in_certificate_region"": 1, ""unsafe_outcome_examples"": [], ""unsafe_outcomes"": 0, ""update"": false}, {""action"": ""serve_4"", ""controllable"": true, ""outcomes"": 1, ""outcomes_in_certificate_region"": 1, ""unsafe_outcome_examples"": [], ""unsafe_outcomes"": 0, ""update"": false}, {""action"": ""serve_5"", ""controllable"": true, ""outcomes"": 1, ""outcomes_in_certificate_region"": 1, ""unsafe_outcome_examples"": [], ""unsafe_outcomes"": 0, ""update"": false}, {""action"": ""serve_6"", ""controllable"": true, ""outcomes"": 1, ""outcomes_in_certificate_region"": 1, ""unsafe_outcome_examples"": [], ""unsafe_outcomes"": 0, ""update"": false}, {""action"": ""serve_7"", ""controllable"": true, ""outcomes"": 1, ""outcomes_in_certificate_region"": 1, ""unsafe_outcome_examples"": [], ""unsafe_outcomes"": 0, ""update"": false}, {""action"": ""serve_8"", ""controllable"": true, ""outcomes"": 1, ""outcomes_in_certificate_region"": 1, ""unsafe_outcome_examples"": [], ""unsafe_outcomes"": 0, ""update"": false}, {""action"": ""serve_9"", ""controllable"": true, ""outcomes"": 1, ""outcomes_in_certificate_region"": 1, ""unsafe_outcome_examples"": [], ""unsafe_outcomes"": 0, ""update"": false}], ""pending"": [""ablation.merge.transfers""], ""physical"": [[""OLD"", ""ready""], [""OLD"", ""ready""], [""OLD"", ""ready""], [""OLD"", ""ready""], [""OLD"", ""ready""], [""OLD"", ""ready""], [""OLD"", ""ready""], [""OLD"", ""ready""], [""OLD"", ""ready""], [""OLD"", ""ready""], [""OLD"", ""ready""], [""OLD"", ""ready""], [""OLD"", ""ready""], [""OLD"", ""ready""], [""OLD"", ""ready""]], ""safe"": true, ""testers"": {""availability"": ""q15""}}], ""initial_examples_limit"": 3, ""initial_states"": 1, ""losing_initial_states"": 1, ""region_states"": 2, ""safe_region_states"": 1, ""scope"": ""checked discovered-state losing certificate; sampled local root closure evidence, not a unique whole-game causal explanation"", ""unsafe_region_states"": 1}",raw/series/n15_m14_all_lazy/result.json,raw/series/n15_m14_all_lazy/certificate.json,
72,rolling_scale,v1,n15_m14_fine_df,"{""k"": 1, ""m"": 14, ""n"": 15}",inputs/rolling_n15_m14_k01.json,none,direct_full,WIN,WIN,WIN,PASS,278528,278527,8355810,4423665,4423665,30,,31,32,0.022098167,151.676426584,0.022049667,PASS,PASS,PASS,152.636066749983,0,92232b2089e5463aa8f41eecf7990cf3831ca08e76b368964faf776468f323ed,ff1e6b176f004ea85f1e99690a90388a6a4d24f44cd8d8e636fcd9337dcf67d5,b08475469555ba6a59418d02dc8ecdc0ee5c0d870689abebf3648f8c4d30eb97,2026-09-29T17:59:38.956377+09:00,2026-09-29T18:02:11.592456+09:00,Checked WIN certificate.,,raw/series/n15_m14_fine_df/result.json,raw/series/n15_m14_fine_df/certificate.json,
73,rolling_scale,v1,n16_m01_fine_lazy,"{""k"": 1, ""m"": 1, ""n"": 16}",inputs/rolling_n16_m01_k01.json,none,lazy,WIN,WIN,WIN,PASS,33,32,272,32,32,32,,33,34,0.027933708,0.015637792,0.047936584,PASS,PASS,PASS,0.32927195803495124,0,4cbb4fe19f639f88b91c4fb5d09665d7b95d7c932a4b1b67bf890e6114f7a79a,ff1e6b176f004ea85f1e99690a90388a6a4d24f44cd8d8e636fcd9337dcf67d5,b08475469555ba6a59418d02dc8ecdc0ee5c0d870689abebf3648f8c4d30eb97,2026-09-29T18:02:12.118422+09:00,2026-09-29T18:02:12.447972+09:00,Checked WIN certificate.,,raw/series/n16_m01_fine_lazy/result.json,raw/series/n16_m01_fine_lazy/certificate.json,
74,rolling_scale,v1,n16_m01_merged_lazy,"{""k"": 16, ""m"": 1, ""n"": 16}",inputs/rolling_n16_m01_k01.json,transfers,lazy,LOSS,LOSS,LOSS,PASS,2,1,17,17,17,,2,2,,0.037198959,0.003068042,0.0112095,PASS,NOT_APPLICABLE_LOSS,PASS,6.679087416967377,2,4cbb4fe19f639f88b91c4fb5d09665d7b95d7c932a4b1b67bf890e6114f7a79a,ff1e6b176f004ea85f1e99690a90388a6a4d24f44cd8d8e636fcd9337dcf67d5,b08475469555ba6a59418d02dc8ecdc0ee5c0d870689abebf3648f8c4d30eb97,2026-09-29T18:02:12.917337+09:00,2026-09-29T18:02:19.596686+09:00,"The checked discovered-state losing certificate contains 2 states (1 unsafe) and 1/1 initial states; its stored root buckets retain every adversarial outcome and identify the outcomes in this certificate (local closure evidence, not a unique causal explanation).","{""initial_examples"": [{""enabled_action_buckets"": [{""action"": ""ablation.merge.transfers"", ""controllable"": true, ""outcomes"": 1, ""outcomes_in_certificate_region"": 1, ""unsafe_outcome_examples"": [{""pending"": [], ""physical"": [[""NEW"", ""booting""], [""NEW"", ""booting""], [""NEW"", ""booting""], [""NEW"", ""booting""], [""NEW"", ""booting""], [""NEW"", ""booting""], [""NEW"", ""booting""], [""NEW"", ""booting""], [""NEW"", ""booting""], [""NEW"", ""booting""], [""NEW"", ""booting""], [""NEW"", ""booting""], [""NEW"", ""booting""], [""NEW"", ""booting""], [""NEW"", ""booting""], [""NEW"", ""booting""]], ""testers"": {""availability"": ""ERR_AVAILABILITY""}}], ""unsafe_outcomes"": 1, ""update"": true}, {""action"": ""serve_1"", ""controllable"": true, ""outcomes"": 1, ""outcomes_in_certificate_region"": 1, ""unsafe_outcome_examples"": [], ""unsafe_outcomes"": 0, ""update"": false}, {""action"": ""serve_10"", ""controllable"": true, ""outcomes"": 1, ""outcomes_in_certificate_region"": 1, ""unsafe_outcome_examples"": [], ""unsafe_outcomes"": 0, ""update"": false}, {""action"": ""serve_11"", ""controllable"": true, ""outcomes"": 1, ""outcomes_in_certificate_region"": 1, ""unsafe_outcome_examples"": [], ""unsafe_outcomes"": 0, ""update"": false}, {""action"": ""serve_12"", ""controllable"": true, ""outcomes"": 1, ""outcomes_in_certificate_region"": 1, ""unsafe_outcome_examples"": [], ""unsafe_outcomes"": 0, ""update"": false}, {""action"": ""serve_13"", ""controllable"": true, ""outcomes"": 1, ""outcomes_in_certificate_region"": 1, ""unsafe_outcome_examples"": [], ""unsafe_outcomes"": 0, ""update"": false}, {""action"": ""serve_14"", ""controllable"": true, ""outcomes"": 1, ""outcomes_in_certificate_region"": 1, ""unsafe_outcome_examples"": [], ""unsafe_outcomes"": 0, ""update"": false}, {""action"": ""serve_15"", ""controllable"": true, ""outcomes"": 1, ""outcomes_in_certificate_region"": 1, ""unsafe_outcome_examples"": [], ""unsafe_outcomes"": 0, ""update"": false}, {""action"": ""serve_16"", ""controllable"": true, ""outcomes"": 1, ""outcomes_in_certificate_region"": 1, ""unsafe_outcome_examples"": [], ""unsafe_outcomes"": 0, ""update"": false}, {""action"": ""serve_2"", ""controllable"": true, ""outcomes"": 1, ""outcomes_in_certificate_region"": 1, ""unsafe_outcome_examples"": [], ""unsafe_outcomes"": 0, ""update"": false}, {""action"": ""serve_3"", ""controllable"": true, ""outcomes"": 1, ""outcomes_in_certificate_region"": 1, ""unsafe_outcome_examples"": [], ""unsafe_outcomes"": 0, ""update"": false}, {""action"": ""serve_4"", ""controllable"": true, ""outcomes"": 1, ""outcomes_in_certificate_region"": 1, ""unsafe_outcome_examples"": [], ""unsafe_outcomes"": 0, ""update"": false}, {""action"": ""serve_5"", ""controllable"": true, ""outcomes"": 1, ""outcomes_in_certificate_region"": 1, ""unsafe_outcome_examples"": [], ""unsafe_outcomes"": 0, ""update"": false}, {""action"": ""serve_6"", ""controllable"": true, ""outcomes"": 1, ""outcomes_in_certificate_region"": 1, ""unsafe_outcome_examples"": [], ""unsafe_outcomes"": 0, ""update"": false}, {""action"": ""serve_7"", ""controllable"": true, ""outcomes"": 1, ""outcomes_in_certificate_region"": 1, ""unsafe_outcome_examples"": [], ""unsafe_outcomes"": 0, ""update"": false}, {""action"": ""serve_8"", ""controllable"": true, ""outcomes"": 1, ""outcomes_in_certificate_region"": 1, ""unsafe_outcome_examples"": [], ""unsafe_outcomes"": 0, ""update"": false}, {""action"": ""serve_9"", ""controllable"": true, ""outcomes"": 1, ""outcomes_in_certificate_region"": 1, ""unsafe_outcome_examples"": [], ""unsafe_outcomes"": 0, ""update"": false}], ""pending"": [""ablation.merge.transfers""], ""physical"": [[""OLD"", ""ready""], [""OLD"", ""ready""], [""OLD"", ""ready""], [""OLD"", ""ready""], [""OLD"", ""ready""], [""OLD"", ""ready""], [""OLD"", ""ready""], [""OLD"", ""ready""], [""OLD"", ""ready""], [""OLD"", ""ready""], [""OLD"", ""ready""], [""OLD"", ""ready""], [""OLD"", ""ready""], [""OLD"", ""ready""], [""OLD"", ""ready""], [""OLD"", ""ready""]], ""safe"": true, ""testers"": {""availability"": ""q16""}}], ""initial_examples_limit"": 3, ""initial_states"": 1, ""losing_initial_states"": 1, ""region_states"": 2, ""safe_region_states"": 1, ""scope"": ""checked discovered-state losing certificate; sampled local root closure evidence, not a unique whole-game causal explanation"", ""unsafe_region_states"": 1}",raw/series/n16_m01_merged_lazy/result.json,raw/series/n16_m01_merged_lazy/certificate.json,
75,rolling_scale,v1,n16_m01_all_lazy,"{""k"": 16, ""m"": 1, ""n"": 16}",inputs/rolling_n16_m01_k16.json,none,lazy,LOSS,LOSS,LOSS,PASS,2,1,17,17,17,,2,2,,0.023758209,0.003615125,0.012170584,PASS,NOT_APPLICABLE_LOSS,PASS,0.2040223330259323,2,6a687e7f1778159dfa893cd95ca1d99836b3150de793d470d974bd093928904e,ff1e6b176f004ea85f1e99690a90388a6a4d24f44cd8d8e636fcd9337dcf67d5,b08475469555ba6a59418d02dc8ecdc0ee5c0d870689abebf3648f8c4d30eb97,2026-09-29T18:02:20.047907+09:00,2026-09-29T18:02:20.252188+09:00,"The checked discovered-state losing certificate contains 2 states (1 unsafe) and 1/1 initial states; its stored root buckets retain every adversarial outcome and identify the outcomes in this certificate (local closure evidence, not a unique causal explanation).","{""initial_examples"": [{""enabled_action_buckets"": [{""action"": ""ablation.merge.transfers"", ""controllable"": true, ""outcomes"": 1, ""outcomes_in_certificate_region"": 1, ""unsafe_outcome_examples"": [{""pending"": [], ""physical"": [[""NEW"", ""booting""], [""NEW"", ""booting""], [""NEW"", ""booting""], [""NEW"", ""booting""], [""NEW"", ""booting""], [""NEW"", ""booting""], [""NEW"", ""booting""], [""NEW"", ""booting""], [""NEW"", ""booting""], [""NEW"", ""booting""], [""NEW"", ""booting""], [""NEW"", ""booting""], [""NEW"", ""booting""], [""NEW"", ""booting""], [""NEW"", ""booting""], [""NEW"", ""booting""]], ""testers"": {""availability"": ""ERR_AVAILABILITY""}}], ""unsafe_outcomes"": 1, ""update"": true}, {""action"": ""serve_1"", ""controllable"": true, ""outcomes"": 1, ""outcomes_in_certificate_region"": 1, ""unsafe_outcome_examples"": [], ""unsafe_outcomes"": 0, ""update"": false}, {""action"": ""serve_10"", ""controllable"": true, ""outcomes"": 1, ""outcomes_in_certificate_region"": 1, ""unsafe_outcome_examples"": [], ""unsafe_outcomes"": 0, ""update"": false}, {""action"": ""serve_11"", ""controllable"": true, ""outcomes"": 1, ""outcomes_in_certificate_region"": 1, ""unsafe_outcome_examples"": [], ""unsafe_outcomes"": 0, ""update"": false}, {""action"": ""serve_12"", ""controllable"": true, ""outcomes"": 1, ""outcomes_in_certificate_region"": 1, ""unsafe_outcome_examples"": [], ""unsafe_outcomes"": 0, ""update"": false}, {""action"": ""serve_13"", ""controllable"": true, ""outcomes"": 1, ""outcomes_in_certificate_region"": 1, ""unsafe_outcome_examples"": [], ""unsafe_outcomes"": 0, ""update"": false}, {""action"": ""serve_14"", ""controllable"": true, ""outcomes"": 1, ""outcomes_in_certificate_region"": 1, ""unsafe_outcome_examples"": [], ""unsafe_outcomes"": 0, ""update"": false}, {""action"": ""serve_15"", ""controllable"": true, ""outcomes"": 1, ""outcomes_in_certificate_region"": 1, ""unsafe_outcome_examples"": [], ""unsafe_outcomes"": 0, ""update"": false}, {""action"": ""serve_16"", ""controllable"": true, ""outcomes"": 1, ""outcomes_in_certificate_region"": 1, ""unsafe_outcome_examples"": [], ""unsafe_outcomes"": 0, ""update"": false}, {""action"": ""serve_2"", ""controllable"": true, ""outcomes"": 1, ""outcomes_in_certificate_region"": 1, ""unsafe_outcome_examples"": [], ""unsafe_outcomes"": 0, ""update"": false}, {""action"": ""serve_3"", ""controllable"": true, ""outcomes"": 1, ""outcomes_in_certificate_region"": 1, ""unsafe_outcome_examples"": [], ""unsafe_outcomes"": 0, ""update"": false}, {""action"": ""serve_4"", ""controllable"": true, ""outcomes"": 1, ""outcomes_in_certificate_region"": 1, ""unsafe_outcome_examples"": [], ""unsafe_outcomes"": 0, ""update"": false}, {""action"": ""serve_5"", ""controllable"": true, ""outcomes"": 1, ""outcomes_in_certificate_region"": 1, ""unsafe_outcome_examples"": [], ""unsafe_outcomes"": 0, ""update"": false}, {""action"": ""serve_6"", ""controllable"": true, ""outcomes"": 1, ""outcomes_in_certificate_region"": 1, ""unsafe_outcome_examples"": [], ""unsafe_outcomes"": 0, ""update"": false}, {""action"": ""serve_7"", ""controllable"": true, ""outcomes"": 1, ""outcomes_in_certificate_region"": 1, ""unsafe_outcome_examples"": [], ""unsafe_outcomes"": 0, ""update"": false}, {""action"": ""serve_8"", ""controllable"": true, ""outcomes"": 1, ""outcomes_in_certificate_region"": 1, ""unsafe_outcome_examples"": [], ""unsafe_outcomes"": 0, ""update"": false}, {""action"": ""serve_9"", ""controllable"": true, ""outcomes"": 1, ""outcomes_in_certificate_region"": 1, ""unsafe_outcome_examples"": [], ""unsafe_outcomes"": 0, ""update"": false}], ""pending"": [""ablation.merge.transfers""], ""physical"": [[""OLD"", ""ready""], [""OLD"", ""ready""], [""OLD"", ""ready""], [""OLD"", ""ready""], [""OLD"", ""ready""], [""OLD"", ""ready""], [""OLD"", ""ready""], [""OLD"", ""ready""], [""OLD"", ""ready""], [""OLD"", ""ready""], [""OLD"", ""ready""], [""OLD"", ""ready""], [""OLD"", ""ready""], [""OLD"", ""ready""], [""OLD"", ""ready""], [""OLD"", ""ready""]], ""safe"": true, ""testers"": {""availability"": ""q16""}}], ""initial_examples_limit"": 3, ""initial_states"": 1, ""losing_initial_states"": 1, ""region_states"": 2, ""safe_region_states"": 1, ""scope"": ""checked discovered-state losing certificate; sampled local root closure evidence, not a unique whole-game causal explanation"", ""unsafe_region_states"": 1}",raw/series/n16_m01_all_lazy/result.json,raw/series/n16_m01_all_lazy/certificate.json,
76,rolling_scale,v1,n16_m01_fine_df,"{""k"": 1, ""m"": 1, ""n"": 16}",inputs/rolling_n16_m01_k01.json,none,direct_full,WIN,WIN,WIN,PASS,589824,589823,18874336,9961456,9961456,32,,33,34,0.027820667,704.6978015,0.035896542,PASS,PASS,PASS,706.2484988339711,0,4cbb4fe19f639f88b91c4fb5d09665d7b95d7c932a4b1b67bf890e6114f7a79a,ff1e6b176f004ea85f1e99690a90388a6a4d24f44cd8d8e636fcd9337dcf67d5,b08475469555ba6a59418d02dc8ecdc0ee5c0d870689abebf3648f8c4d30eb97,2026-09-29T18:02:20.703987+09:00,2026-09-29T18:14:06.940735+09:00,Checked WIN certificate.,,raw/series/n16_m01_fine_df/result.json,raw/series/n16_m01_fine_df/certificate.json,
77,rolling_scale,v1,n16_m15_fine_lazy,"{""k"": 1, ""m"": 15, ""n"": 16}",inputs/rolling_n16_m15_k01.json,none,lazy,WIN,WIN,WIN,PASS,33,32,272,32,32,32,,33,34,0.0219155,0.015139875,0.045955375,PASS,PASS,PASS,0.31862137495772913,0,e26fa683f02228cef72d3274e3952c10183c22aa79d7c7057a148f747f809349,ff1e6b176f004ea85f1e99690a90388a6a4d24f44cd8d8e636fcd9337dcf67d5,b08475469555ba6a59418d02dc8ecdc0ee5c0d870689abebf3648f8c4d30eb97,2026-09-29T18:14:07.467473+09:00,2026-09-29T18:14:07.786828+09:00,Checked WIN certificate.,,raw/series/n16_m15_fine_lazy/result.json,raw/series/n16_m15_fine_lazy/certificate.json,
78,rolling_scale,v1,n16_m15_merged_lazy,"{""k"": 16, ""m"": 15, ""n"": 16}",inputs/rolling_n16_m15_k01.json,transfers,lazy,LOSS,LOSS,LOSS,PASS,2,1,17,17,17,,2,2,,0.023802458,0.003180417,0.010618875,PASS,NOT_APPLICABLE_LOSS,PASS,5.664173208991997,2,e26fa683f02228cef72d3274e3952c10183c22aa79d7c7057a148f747f809349,ff1e6b176f004ea85f1e99690a90388a6a4d24f44cd8d8e636fcd9337dcf67d5,b08475469555ba6a59418d02dc8ecdc0ee5c0d870689abebf3648f8c4d30eb97,2026-09-29T18:14:08.252105+09:00,2026-09-29T18:14:13.916484+09:00,"The checked discovered-state losing certificate contains 2 states (1 unsafe) and 1/1 initial states; its stored root buckets retain every adversarial outcome and identify the outcomes in this certificate (local closure evidence, not a unique causal explanation).","{""initial_examples"": [{""enabled_action_buckets"": [{""action"": ""ablation.merge.transfers"", ""controllable"": true, ""outcomes"": 1, ""outcomes_in_certificate_region"": 1, ""unsafe_outcome_examples"": [{""pending"": [], ""physical"": [[""NEW"", ""booting""], [""NEW"", ""booting""], [""NEW"", ""booting""], [""NEW"", ""booting""], [""NEW"", ""booting""], [""NEW"", ""booting""], [""NEW"", ""booting""], [""NEW"", ""booting""], [""NEW"", ""booting""], [""NEW"", ""booting""], [""NEW"", ""booting""], [""NEW"", ""booting""], [""NEW"", ""booting""], [""NEW"", ""booting""], [""NEW"", ""booting""], [""NEW"", ""booting""]], ""testers"": {""availability"": ""ERR_AVAILABILITY""}}], ""unsafe_outcomes"": 1, ""update"": true}, {""action"": ""serve_1"", ""controllable"": true, ""outcomes"": 1, ""outcomes_in_certificate_region"": 1, ""unsafe_outcome_examples"": [], ""unsafe_outcomes"": 0, ""update"": false}, {""action"": ""serve_10"", ""controllable"": true, ""outcomes"": 1, ""outcomes_in_certificate_region"": 1, ""unsafe_outcome_examples"": [], ""unsafe_outcomes"": 0, ""update"": false}, {""action"": ""serve_11"", ""controllable"": true, ""outcomes"": 1, ""outcomes_in_certificate_region"": 1, ""unsafe_outcome_examples"": [], ""unsafe_outcomes"": 0, ""update"": false}, {""action"": ""serve_12"", ""controllable"": true, ""outcomes"": 1, ""outcomes_in_certificate_region"": 1, ""unsafe_outcome_examples"": [], ""unsafe_outcomes"": 0, ""update"": false}, {""action"": ""serve_13"", ""controllable"": true, ""outcomes"": 1, ""outcomes_in_certificate_region"": 1, ""unsafe_outcome_examples"": [], ""unsafe_outcomes"": 0, ""update"": false}, {""action"": ""serve_14"", ""controllable"": true, ""outcomes"": 1, ""outcomes_in_certificate_region"": 1, ""unsafe_outcome_examples"": [], ""unsafe_outcomes"": 0, ""update"": false}, {""action"": ""serve_15"", ""controllable"": true, ""outcomes"": 1, ""outcomes_in_certificate_region"": 1, ""unsafe_outcome_examples"": [], ""unsafe_outcomes"": 0, ""update"": false}, {""action"": ""serve_16"", ""controllable"": true, ""outcomes"": 1, ""outcomes_in_certificate_region"": 1, ""unsafe_outcome_examples"": [], ""unsafe_outcomes"": 0, ""update"": false}, {""action"": ""serve_2"", ""controllable"": true, ""outcomes"": 1, ""outcomes_in_certificate_region"": 1, ""unsafe_outcome_examples"": [], ""unsafe_outcomes"": 0, ""update"": false}, {""action"": ""serve_3"", ""controllable"": true, ""outcomes"": 1, ""outcomes_in_certificate_region"": 1, ""unsafe_outcome_examples"": [], ""unsafe_outcomes"": 0, ""update"": false}, {""action"": ""serve_4"", ""controllable"": true, ""outcomes"": 1, ""outcomes_in_certificate_region"": 1, ""unsafe_outcome_examples"": [], ""unsafe_outcomes"": 0, ""update"": false}, {""action"": ""serve_5"", ""controllable"": true, ""outcomes"": 1, ""outcomes_in_certificate_region"": 1, ""unsafe_outcome_examples"": [], ""unsafe_outcomes"": 0, ""update"": false}, {""action"": ""serve_6"", ""controllable"": true, ""outcomes"": 1, ""outcomes_in_certificate_region"": 1, ""unsafe_outcome_examples"": [], ""unsafe_outcomes"": 0, ""update"": false}, {""action"": ""serve_7"", ""controllable"": true, ""outcomes"": 1, ""outcomes_in_certificate_region"": 1, ""unsafe_outcome_examples"": [], ""unsafe_outcomes"": 0, ""update"": false}, {""action"": ""serve_8"", ""controllable"": true, ""outcomes"": 1, ""outcomes_in_certificate_region"": 1, ""unsafe_outcome_examples"": [], ""unsafe_outcomes"": 0, ""update"": false}, {""action"": ""serve_9"", ""controllable"": true, ""outcomes"": 1, ""outcomes_in_certificate_region"": 1, ""unsafe_outcome_examples"": [], ""unsafe_outcomes"": 0, ""update"": false}], ""pending"": [""ablation.merge.transfers""], ""physical"": [[""OLD"", ""ready""], [""OLD"", ""ready""], [""OLD"", ""ready""], [""OLD"", ""ready""], [""OLD"", ""ready""], [""OLD"", ""ready""], [""OLD"", ""ready""], [""OLD"", ""ready""], [""OLD"", ""ready""], [""OLD"", ""ready""], [""OLD"", ""ready""], [""OLD"", ""ready""], [""OLD"", ""ready""], [""OLD"", ""ready""], [""OLD"", ""ready""], [""OLD"", ""ready""]], ""safe"": true, ""testers"": {""availability"": ""q16""}}], ""initial_examples_limit"": 3, ""initial_states"": 1, ""losing_initial_states"": 1, ""region_states"": 2, ""safe_region_states"": 1, ""scope"": ""checked discovered-state losing certificate; sampled local root closure evidence, not a unique whole-game causal explanation"", ""unsafe_region_states"": 1}",raw/series/n16_m15_merged_lazy/result.json,raw/series/n16_m15_merged_lazy/certificate.json,
79,rolling_scale,v1,n16_m15_all_lazy,"{""k"": 16, ""m"": 15, ""n"": 16}",inputs/rolling_n16_m15_k16.json,none,lazy,LOSS,LOSS,LOSS,PASS,2,1,17,17,17,,2,2,,0.020431333,0.003399791,0.011927583,PASS,NOT_APPLICABLE_LOSS,PASS,0.19903616601368412,2,00f4d1420e94c57b9b3a90e49d74b3e4d97d4ac60f0722a4ecc6fc953a0eef25,ff1e6b176f004ea85f1e99690a90388a6a4d24f44cd8d8e636fcd9337dcf67d5,b08475469555ba6a59418d02dc8ecdc0ee5c0d870689abebf3648f8c4d30eb97,2026-09-29T18:14:14.365042+09:00,2026-09-29T18:14:14.564319+09:00,"The checked discovered-state losing certificate contains 2 states (1 unsafe) and 1/1 initial states; its stored root buckets retain every adversarial outcome and identify the outcomes in this certificate (local closure evidence, not a unique causal explanation).","{""initial_examples"": [{""enabled_action_buckets"": [{""action"": ""ablation.merge.transfers"", ""controllable"": true, ""outcomes"": 1, ""outcomes_in_certificate_region"": 1, ""unsafe_outcome_examples"": [{""pending"": [], ""physical"": [[""NEW"", ""booting""], [""NEW"", ""booting""], [""NEW"", ""booting""], [""NEW"", ""booting""], [""NEW"", ""booting""], [""NEW"", ""booting""], [""NEW"", ""booting""], [""NEW"", ""booting""], [""NEW"", ""booting""], [""NEW"", ""booting""], [""NEW"", ""booting""], [""NEW"", ""booting""], [""NEW"", ""booting""], [""NEW"", ""booting""], [""NEW"", ""booting""], [""NEW"", ""booting""]], ""testers"": {""availability"": ""ERR_AVAILABILITY""}}], ""unsafe_outcomes"": 1, ""update"": true}, {""action"": ""serve_1"", ""controllable"": true, ""outcomes"": 1, ""outcomes_in_certificate_region"": 1, ""unsafe_outcome_examples"": [], ""unsafe_outcomes"": 0, ""update"": false}, {""action"": ""serve_10"", ""controllable"": true, ""outcomes"": 1, ""outcomes_in_certificate_region"": 1, ""unsafe_outcome_examples"": [], ""unsafe_outcomes"": 0, ""update"": false}, {""action"": ""serve_11"", ""controllable"": true, ""outcomes"": 1, ""outcomes_in_certificate_region"": 1, ""unsafe_outcome_examples"": [], ""unsafe_outcomes"": 0, ""update"": false}, {""action"": ""serve_12"", ""controllable"": true, ""outcomes"": 1, ""outcomes_in_certificate_region"": 1, ""unsafe_outcome_examples"": [], ""unsafe_outcomes"": 0, ""update"": false}, {""action"": ""serve_13"", ""controllable"": true, ""outcomes"": 1, ""outcomes_in_certificate_region"": 1, ""unsafe_outcome_examples"": [], ""unsafe_outcomes"": 0, ""update"": false}, {""action"": ""serve_14"", ""controllable"": true, ""outcomes"": 1, ""outcomes_in_certificate_region"": 1, ""unsafe_outcome_examples"": [], ""unsafe_outcomes"": 0, ""update"": false}, {""action"": ""serve_15"", ""controllable"": true, ""outcomes"": 1, ""outcomes_in_certificate_region"": 1, ""unsafe_outcome_examples"": [], ""unsafe_outcomes"": 0, ""update"": false}, {""action"": ""serve_16"", ""controllable"": true, ""outcomes"": 1, ""outcomes_in_certificate_region"": 1, ""unsafe_outcome_examples"": [], ""unsafe_outcomes"": 0, ""update"": false}, {""action"": ""serve_2"", ""controllable"": true, ""outcomes"": 1, ""outcomes_in_certificate_region"": 1, ""unsafe_outcome_examples"": [], ""unsafe_outcomes"": 0, ""update"": false}, {""action"": ""serve_3"", ""controllable"": true, ""outcomes"": 1, ""outcomes_in_certificate_region"": 1, ""unsafe_outcome_examples"": [], ""unsafe_outcomes"": 0, ""update"": false}, {""action"": ""serve_4"", ""controllable"": true, ""outcomes"": 1, ""outcomes_in_certificate_region"": 1, ""unsafe_outcome_examples"": [], ""unsafe_outcomes"": 0, ""update"": false}, {""action"": ""serve_5"", ""controllable"": true, ""outcomes"": 1, ""outcomes_in_certificate_region"": 1, ""unsafe_outcome_examples"": [], ""unsafe_outcomes"": 0, ""update"": false}, {""action"": ""serve_6"", ""controllable"": true, ""outcomes"": 1, ""outcomes_in_certificate_region"": 1, ""unsafe_outcome_examples"": [], ""unsafe_outcomes"": 0, ""update"": false}, {""action"": ""serve_7"", ""controllable"": true, ""outcomes"": 1, ""outcomes_in_certificate_region"": 1, ""unsafe_outcome_examples"": [], ""unsafe_outcomes"": 0, ""update"": false}, {""action"": ""serve_8"", ""controllable"": true, ""outcomes"": 1, ""outcomes_in_certificate_region"": 1, ""unsafe_outcome_examples"": [], ""unsafe_outcomes"": 0, ""update"": false}, {""action"": ""serve_9"", ""controllable"": true, ""outcomes"": 1, ""outcomes_in_certificate_region"": 1, ""unsafe_outcome_examples"": [], ""unsafe_outcomes"": 0, ""update"": false}], ""pending"": [""ablation.merge.transfers""], ""physical"": [[""OLD"", ""ready""], [""OLD"", ""ready""], [""OLD"", ""ready""], [""OLD"", ""ready""], [""OLD"", ""ready""], [""OLD"", ""ready""], [""OLD"", ""ready""], [""OLD"", ""ready""], [""OLD"", ""ready""], [""OLD"", ""ready""], [""OLD"", ""ready""], [""OLD"", ""ready""], [""OLD"", ""ready""], [""OLD"", ""ready""], [""OLD"", ""ready""], [""OLD"", ""ready""]], ""safe"": true, ""testers"": {""availability"": ""q16""}}], ""initial_examples_limit"": 3, ""initial_states"": 1, ""losing_initial_states"": 1, ""region_states"": 2, ""safe_region_states"": 1, ""scope"": ""checked discovered-state losing certificate; sampled local root closure evidence, not a unique whole-game causal explanation"", ""unsafe_region_states"": 1}",raw/series/n16_m15_all_lazy/result.json,raw/series/n16_m15_all_lazy/certificate.json,
80,rolling_scale,v1,n16_m15_fine_df,"{""k"": 1, ""m"": 15, ""n"": 16}",inputs/rolling_n16_m15_k01.json,none,direct_full,WIN,WIN,WIN,PASS,589824,589823,18874336,9961456,9961456,32,,33,34,0.022287291,719.709945333,0.075533125,PASS,PASS,PASS,721.4501705000293,0,e26fa683f02228cef72d3274e3952c10183c22aa79d7c7057a148f747f809349,ff1e6b176f004ea85f1e99690a90388a6a4d24f44cd8d8e636fcd9337dcf67d5,b08475469555ba6a59418d02dc8ecdc0ee5c0d870689abebf3648f8c4d30eb97,2026-09-29T18:14:15.012765+09:00,2026-09-29T18:26:16.458675+09:00,Checked WIN certificate.,,raw/series/n16_m15_fine_df/result.json,raw/series/n16_m15_fine_df/certificate.json,
