model_id,target_id,method_id,stage1_status,stage1_denominator_included,eligible_after_stage1,planned_total_repetitions,completed_valid_repetitions,invalid,inconsistent,expected_mismatch,statuses,timing_summary_eligible,measurement_scope,structure_repetition,states_discovered,successor_queries,transition_outcomes,output_policy_states,output_policy_transitions,solver_time_ms_median,solver_time_ms_min,solver_time_ms_max,elapsed_monotonic_seconds_median,elapsed_monotonic_seconds_min,elapsed_monotonic_seconds_max,peak_rss_bytes_median,peak_rss_bytes_min,peak_rss_bytes_max,K,N,family,profile,seed,source_mode,display_states,display_solver_seconds_median,display_solver_seconds_min,display_solver_seconds_max
independent_k02,base,fg_ducs_otf,SUCCESS,True,True,5,5,False,False,False,1:SUCCESS;2:SUCCESS;3:SUCCESS;4:SUCCESS;5:SUCCESS,True,solve_and_internal_check_lts,1,3,2,2,4,5,8.104,7.621,8.248,0.7123069,0.7107572,0.8119652,99061760.0,97587200.0,100458496.0,2,,independent,,,xeon,3.0,0.008104,0.007621,0.008248
independent_k02,base,fg_ducs_otf_eager_controllable,SUCCESS,True,True,5,5,False,False,False,1:SUCCESS;2:SUCCESS;3:SUCCESS;4:SUCCESS;5:SUCCESS,True,solve_and_internal_check_lts,1,4,5,5,4,5,8.327,8.269,8.454,0.8114349,0.7108397,0.812761,98922496.0,98455552.0,99405824.0,2,,independent,,,xeon,4.0,0.008327,0.008269,0.008454000000000001
independent_k02,base,fg_ducs_otf_update_first,SUCCESS,True,True,5,5,False,False,False,1:SUCCESS;2:SUCCESS;3:SUCCESS;4:SUCCESS;5:SUCCESS,True,solve_and_internal_check_lts,1,3,2,2,4,5,7.809,7.702,8.437,0.8114962,0.711079,0.8147368,99213312.0,98304000.0,99581952.0,2,,independent,,,xeon,3.0,0.007809,0.0077020000000000005,0.008437
independent_k02,base,direct_full,SUCCESS,True,True,5,5,False,False,False,1:SUCCESS;2:SUCCESS;3:SUCCESS;4:SUCCESS;5:SUCCESS,True,solve_and_internal_check_lts,1,4,7,7,4,5,9.153,9.078,9.687,0.7114479,0.7111767,0.8134417,98926592.0,98349056.0,99749888.0,2,,independent,,,xeon,4.0,0.009153000000000001,0.009078,0.009687
independent_k03,base,fg_ducs_otf,SUCCESS,True,True,5,5,False,False,False,1:SUCCESS;2:SUCCESS;3:SUCCESS;4:SUCCESS;5:SUCCESS,True,solve_and_internal_check_lts,1,4,3,3,5,6,9.349,9.24,9.63,0.8120935,0.811368,0.8138968,98521088.0,97652736.0,99024896.0,3,,independent,,,xeon,4.0,0.009349,0.00924,0.009630000000000001
independent_k03,base,fg_ducs_otf_eager_controllable,SUCCESS,True,True,5,5,False,False,False,1:SUCCESS;2:SUCCESS;3:SUCCESS;4:SUCCESS;5:SUCCESS,True,solve_and_internal_check_lts,1,7,9,9,5,6,9.885,9.523,10.443,0.8121357,0.7109307,0.813201,98439168.0,97488896.0,104951808.0,3,,independent,,,xeon,7.0,0.009885,0.009523,0.010443
independent_k03,base,fg_ducs_otf_update_first,SUCCESS,True,True,5,5,False,False,False,1:SUCCESS;2:SUCCESS;3:SUCCESS;4:SUCCESS;5:SUCCESS,True,solve_and_internal_check_lts,1,4,3,3,5,6,8.817,8.696,9.194,0.8113648,0.8106285,0.8133698,98185216.0,97427456.0,104378368.0,3,,independent,,,xeon,4.0,0.008817,0.008696,0.009194
independent_k03,base,direct_full,SUCCESS,True,True,5,5,False,False,False,1:SUCCESS;2:SUCCESS;3:SUCCESS;4:SUCCESS;5:SUCCESS,True,solve_and_internal_check_lts,1,8,19,19,5,6,11.778,11.679,12.469,0.8131375,0.8128332,0.8355884,99049472.0,98234368.0,104288256.0,3,,independent,,,xeon,8.0,0.011778,0.011679,0.012469
independent_k04,base,fg_ducs_otf,SUCCESS,True,True,5,5,False,False,False,1:SUCCESS;2:SUCCESS;3:SUCCESS;4:SUCCESS;5:SUCCESS,True,solve_and_internal_check_lts,1,5,4,4,6,7,9.782,9.54,9.963,0.8122712,0.811793,0.8146685,98095104.0,97456128.0,102330368.0,4,,independent,,,xeon,5.0,0.009782,0.00954,0.009963
independent_k04,base,fg_ducs_otf_eager_controllable,SUCCESS,True,True,5,5,False,False,False,1:SUCCESS;2:SUCCESS;3:SUCCESS;4:SUCCESS;5:SUCCESS,True,solve_and_internal_check_lts,1,11,14,14,6,7,11.59,11.054,11.801,0.8125575,0.7121701,0.8128846,101912576.0,98885632.0,103362560.0,4,,independent,,,xeon,11.0,0.01159,0.011054000000000001,0.011801
independent_k04,base,fg_ducs_otf_update_first,SUCCESS,True,True,5,5,False,False,False,1:SUCCESS;2:SUCCESS;3:SUCCESS;4:SUCCESS;5:SUCCESS,True,solve_and_internal_check_lts,1,5,4,4,6,7,9.388,9.367,10.081,0.8120492,0.8095097,0.8128269,98820096.0,97701888.0,105635840.0,4,,independent,,,xeon,5.0,0.009388,0.009367,0.010081
independent_k04,base,direct_full,SUCCESS,True,True,5,5,False,False,False,1:SUCCESS;2:SUCCESS;3:SUCCESS;4:SUCCESS;5:SUCCESS,True,solve_and_internal_check_lts,1,16,47,47,6,7,19.566,16.325,20.205,0.8124198,0.8114091,0.8130609,103403520.0,101769216.0,105418752.0,4,,independent,,,xeon,16.0,0.019566,0.016325,0.020204999999999997
independent_k05,base,fg_ducs_otf,SUCCESS,True,True,5,5,False,False,False,1:SUCCESS;2:SUCCESS;3:SUCCESS;4:SUCCESS;5:SUCCESS,True,solve_and_internal_check_lts,1,6,5,5,7,8,11.184,10.816,12.4,0.811999,0.8116728,0.8124304,100507648.0,99250176.0,100835328.0,5,,independent,,,xeon,6.0,0.011184,0.010816000000000001,0.012400000000000001
independent_k05,base,fg_ducs_otf_eager_controllable,SUCCESS,True,True,5,5,False,False,False,1:SUCCESS;2:SUCCESS;3:SUCCESS;4:SUCCESS;5:SUCCESS,True,solve_and_internal_check_lts,1,16,20,20,7,8,12.625,12.301,12.851,0.8119433,0.8113808,0.8128365,100810752.0,98902016.0,105410560.0,5,,independent,,,xeon,16.0,0.012625,0.012301000000000001,0.012851000000000001
independent_k05,base,fg_ducs_otf_update_first,SUCCESS,True,True,5,5,False,False,False,1:SUCCESS;2:SUCCESS;3:SUCCESS;4:SUCCESS;5:SUCCESS,True,solve_and_internal_check_lts,1,6,5,5,7,8,11.19,10.858,11.715,0.8123764,0.812074,0.8128761,100630528.0,100335616.0,103022592.0,5,,independent,,,xeon,6.0,0.01119,0.010858000000000001,0.011715
independent_k05,base,direct_full,SUCCESS,True,True,5,5,False,False,False,1:SUCCESS;2:SUCCESS;3:SUCCESS;4:SUCCESS;5:SUCCESS,True,solve_and_internal_check_lts,1,32,111,111,7,8,27.653,26.707,30.131,0.8121759,0.8116272,0.8140395,103219200.0,101830656.0,105984000.0,5,,independent,,,xeon,32.0,0.027653,0.026707,0.030131
independent_k06,base,fg_ducs_otf,SUCCESS,True,True,5,5,False,False,False,1:SUCCESS;2:SUCCESS;3:SUCCESS;4:SUCCESS;5:SUCCESS,True,solve_and_internal_check_lts,1,7,6,6,8,9,12.422,12.104,12.506,0.8131519,0.8127356,0.813988,100753408.0,99827712.0,101298176.0,6,,independent,,,xeon,7.0,0.012422,0.012104,0.012506
independent_k06,base,fg_ducs_otf_eager_controllable,SUCCESS,True,True,5,5,False,False,False,1:SUCCESS;2:SUCCESS;3:SUCCESS;4:SUCCESS;5:SUCCESS,True,solve_and_internal_check_lts,1,22,27,27,8,9,15.017,14.611,15.41,0.8121585,0.8112105,0.8126521,102305792.0,98291712.0,108752896.0,6,,independent,,,xeon,22.0,0.015016999999999999,0.014611,0.01541
independent_k06,base,fg_ducs_otf_update_first,SUCCESS,True,True,5,5,False,False,False,1:SUCCESS;2:SUCCESS;3:SUCCESS;4:SUCCESS;5:SUCCESS,True,solve_and_internal_check_lts,1,7,6,6,8,9,12.026,11.524,12.781,0.8120311,0.8113337,0.8128614,100098048.0,98861056.0,103141376.0,6,,independent,,,xeon,7.0,0.012026,0.011524,0.012781
independent_k06,base,direct_full,SUCCESS,True,True,5,5,False,False,False,1:SUCCESS;2:SUCCESS;3:SUCCESS;4:SUCCESS;5:SUCCESS,True,solve_and_internal_check_lts,1,64,255,255,8,9,40.651,39.131,42.067,0.8130959,0.8120629,0.9118379,121679872.0,120627200.0,129703936.0,6,,independent,,,xeon,64.0,0.04065100000000001,0.039131,0.042067
independent_k07,base,fg_ducs_otf,SUCCESS,True,True,5,5,False,False,False,1:SUCCESS;2:SUCCESS;3:SUCCESS;4:SUCCESS;5:SUCCESS,True,solve_and_internal_check_lts,1,8,7,7,9,10,14.405,13.665,14.582,0.8125227,0.8117163,0.8135906,104771584.0,101990400.0,109858816.0,7,,independent,,,xeon,8.0,0.014405,0.013665,0.014582000000000001
independent_k07,base,fg_ducs_otf_eager_controllable,SUCCESS,True,True,5,5,False,False,False,1:SUCCESS;2:SUCCESS;3:SUCCESS;4:SUCCESS;5:SUCCESS,True,solve_and_internal_check_lts,1,29,35,35,9,10,18.458,18.253,19.896,0.8125635,0.8119311,0.8130636,105111552.0,102641664.0,109887488.0,7,,independent,,,xeon,29.0,0.018458,0.018253000000000002,0.019896
independent_k07,base,fg_ducs_otf_update_first,SUCCESS,True,True,5,5,False,False,False,1:SUCCESS;2:SUCCESS;3:SUCCESS;4:SUCCESS;5:SUCCESS,True,solve_and_internal_check_lts,1,8,7,7,9,10,14.26,14.034,14.93,0.8126774,0.8118751,0.8134221,103092224.0,101072896.0,108093440.0,7,,independent,,,xeon,8.0,0.01426,0.014034000000000001,0.01493
independent_k07,base,direct_full,SUCCESS,True,True,5,5,False,False,False,1:SUCCESS;2:SUCCESS;3:SUCCESS;4:SUCCESS;5:SUCCESS,True,solve_and_internal_check_lts,1,128,575,575,9,10,64.309,63.22,69.033,0.9131483,0.9129992,0.9144688,151736320.0,147787776.0,154243072.0,7,,independent,,,xeon,128.0,0.064309,0.06322,0.069033
independent_k08,base,fg_ducs_otf,SUCCESS,True,True,5,5,False,False,False,1:SUCCESS;2:SUCCESS;3:SUCCESS;4:SUCCESS;5:SUCCESS,True,solve_and_internal_check_lts,1,9,8,8,10,11,14.29,13.92,14.751,0.8121716,0.8102564,0.8126108,102289408.0,98398208.0,111546368.0,8,,independent,,,xeon,9.0,0.014289999999999999,0.01392,0.014751
independent_k08,base,fg_ducs_otf_eager_controllable,SUCCESS,True,True,5,5,False,False,False,1:SUCCESS;2:SUCCESS;3:SUCCESS;4:SUCCESS;5:SUCCESS,True,solve_and_internal_check_lts,1,37,44,44,10,11,21.396,20.122,22.355,0.8125755,0.8107294,0.8129665,101748736.0,99467264.0,110510080.0,8,,independent,,,xeon,37.0,0.021396000000000002,0.020122,0.022355
independent_k08,base,fg_ducs_otf_update_first,SUCCESS,True,True,5,5,False,False,False,1:SUCCESS;2:SUCCESS;3:SUCCESS;4:SUCCESS;5:SUCCESS,True,solve_and_internal_check_lts,1,9,8,8,10,11,14.245,13.912,15.675,0.8121912,0.8118414,0.8128363,100691968.0,99397632.0,104177664.0,8,,independent,,,xeon,9.0,0.014244999999999999,0.013912,0.015675
independent_k08,base,direct_full,SUCCESS,True,True,5,5,False,False,False,1:SUCCESS;2:SUCCESS;3:SUCCESS;4:SUCCESS;5:SUCCESS,True,solve_and_internal_check_lts,1,256,1279,1279,10,11,99.44,97.405,101.214,0.9139734,0.9135574,1.012587,176168960.0,172236800.0,183820288.0,8,,independent,,,xeon,256.0,0.09944,0.097405,0.101214
independent_k09,base,fg_ducs_otf,SUCCESS,True,True,5,5,False,False,False,1:SUCCESS;2:SUCCESS;3:SUCCESS;4:SUCCESS;5:SUCCESS,True,solve_and_internal_check_lts,1,10,9,9,11,12,16.202,15.225,16.449,0.8118404,0.8112775,0.8128432,103239680.0,100028416.0,106405888.0,9,,independent,,,xeon,10.0,0.016202,0.015225,0.016449000000000002
independent_k09,base,fg_ducs_otf_eager_controllable,SUCCESS,True,True,5,5,False,False,False,1:SUCCESS;2:SUCCESS;3:SUCCESS;4:SUCCESS;5:SUCCESS,True,solve_and_internal_check_lts,1,46,54,54,11,12,23.603,23.018,23.876,0.8124301,0.8118609,0.8133195,105062400.0,102408192.0,109182976.0,9,,independent,,,xeon,46.0,0.023603000000000002,0.023018,0.023876
independent_k09,base,fg_ducs_otf_update_first,SUCCESS,True,True,5,5,False,False,False,1:SUCCESS;2:SUCCESS;3:SUCCESS;4:SUCCESS;5:SUCCESS,True,solve_and_internal_check_lts,1,10,9,9,11,12,16.219,14.764,17.332,0.8126848,0.8108908,0.8139853,101445632.0,99442688.0,102395904.0,9,,independent,,,xeon,10.0,0.016219,0.014764,0.017332
independent_k09,base,direct_full,SUCCESS,True,True,5,5,False,False,False,1:SUCCESS;2:SUCCESS;3:SUCCESS;4:SUCCESS;5:SUCCESS,True,solve_and_internal_check_lts,1,512,2815,2815,11,12,165.461,158.358,168.154,1.0136765,1.0133498,1.0158465,229449728.0,222314496.0,247369728.0,9,,independent,,,xeon,512.0,0.16546100000000002,0.158358,0.168154
independent_k10,base,fg_ducs_otf,SUCCESS,True,True,5,5,False,False,False,1:SUCCESS;2:SUCCESS;3:SUCCESS;4:SUCCESS;5:SUCCESS,True,solve_and_internal_check_lts,1,11,10,10,12,13,16.943,16.274,17.68,0.8124345,0.8113413,0.812656,103333888.0,101715968.0,104210432.0,10,,independent,,,xeon,11.0,0.016943000000000003,0.016274,0.01768
independent_k10,base,fg_ducs_otf_eager_controllable,SUCCESS,True,True,5,5,False,False,False,1:SUCCESS;2:SUCCESS;3:SUCCESS;4:SUCCESS;5:SUCCESS,True,solve_and_internal_check_lts,1,56,65,65,12,13,25.884,25.191,28.133,0.8136053,0.8127947,0.8150265,108601344.0,103383040.0,110358528.0,10,,independent,,,xeon,56.0,0.025884,0.025190999999999998,0.028133
independent_k10,base,fg_ducs_otf_update_first,SUCCESS,True,True,5,5,False,False,False,1:SUCCESS;2:SUCCESS;3:SUCCESS;4:SUCCESS;5:SUCCESS,True,solve_and_internal_check_lts,1,11,10,10,12,13,16.892,15.764,17.041,0.8127237,0.8115839,0.8137043,103346176.0,100450304.0,104218624.0,10,,independent,,,xeon,11.0,0.016892,0.015764,0.017041
independent_k10,base,direct_full,SUCCESS,True,True,5,5,False,False,False,1:SUCCESS;2:SUCCESS;3:SUCCESS;4:SUCCESS;5:SUCCESS,True,solve_and_internal_check_lts,1,1024,6143,6143,12,13,359.842,357.271,377.317,1.2169258,1.2166984,1.2172663,437608448.0,432930816.0,461463552.0,10,,independent,,,xeon,1024.0,0.359842,0.357271,0.377317
independent_k11,base,fg_ducs_otf,SUCCESS,True,True,5,5,False,False,False,1:SUCCESS;2:SUCCESS;3:SUCCESS;4:SUCCESS;5:SUCCESS,True,solve_and_internal_check_lts,1,12,11,11,13,14,19.057,18.666,19.542,0.8123919,0.811923,0.8132552,103518208.0,101298176.0,107315200.0,11,,independent,,,xeon,12.0,0.019056999999999998,0.018666000000000002,0.019542
independent_k11,base,fg_ducs_otf_eager_controllable,SUCCESS,True,True,5,5,False,False,False,1:SUCCESS;2:SUCCESS;3:SUCCESS;4:SUCCESS;5:SUCCESS,True,solve_and_internal_check_lts,1,67,77,77,13,14,30.263,30.054,31.308,0.8120963,0.8117918,0.8132513,108175360.0,106668032.0,110968832.0,11,,independent,,,xeon,67.0,0.030263,0.030054,0.031308
independent_k11,base,fg_ducs_otf_update_first,SUCCESS,True,True,5,5,False,False,False,1:SUCCESS;2:SUCCESS;3:SUCCESS;4:SUCCESS;5:SUCCESS,True,solve_and_internal_check_lts,1,12,11,11,13,14,18.843,18.443,19.74,0.8129133,0.8107693,0.8142419,104538112.0,100859904.0,106496000.0,11,,independent,,,xeon,12.0,0.018843,0.018443,0.019739999999999997
independent_k11,base,direct_full,SUCCESS,True,True,5,5,False,False,False,1:SUCCESS;2:SUCCESS;3:SUCCESS;4:SUCCESS;5:SUCCESS,True,solve_and_internal_check_lts,1,2048,13311,13311,13,14,732.002,721.234,735.718,1.6168634,1.5171283,1.6211729,598904832.0,585957376.0,614666240.0,11,,independent,,,xeon,2048.0,0.7320019999999999,0.721234,0.735718
independent_k12,base,fg_ducs_otf,SUCCESS,True,True,5,5,False,False,False,1:SUCCESS;2:SUCCESS;3:SUCCESS;4:SUCCESS;5:SUCCESS,True,solve_and_internal_check_lts,1,13,12,12,14,15,20.162,19.658,23.204,0.812746,0.8092281,0.8137828,107413504.0,102948864.0,109989888.0,12,,independent,,,xeon,13.0,0.020162,0.019658000000000002,0.023204000000000002
independent_k12,base,fg_ducs_otf_eager_controllable,SUCCESS,True,True,5,5,False,False,False,1:SUCCESS;2:SUCCESS;3:SUCCESS;4:SUCCESS;5:SUCCESS,True,solve_and_internal_check_lts,1,79,90,90,14,15,33.293,30.417,34.269,0.8122313,0.8114953,0.8128879,113303552.0,108564480.0,124186624.0,12,,independent,,,xeon,79.0,0.033293,0.030417000000000003,0.034269
independent_k12,base,fg_ducs_otf_update_first,SUCCESS,True,True,5,5,False,False,False,1:SUCCESS;2:SUCCESS;3:SUCCESS;4:SUCCESS;5:SUCCESS,True,solve_and_internal_check_lts,1,13,12,12,14,15,20.141,19.893,20.387,0.8129584,0.8096066,0.8140295,104501248.0,102137856.0,107642880.0,12,,independent,,,xeon,13.0,0.020141,0.019893,0.020387000000000002
independent_k12,base,direct_full,SUCCESS,True,True,5,5,False,False,False,1:SUCCESS;2:SUCCESS;3:SUCCESS;4:SUCCESS;5:SUCCESS,True,solve_and_internal_check_lts,1,4096,28671,28671,14,15,1538.145,1462.721,1551.221,2.4225576,2.3271996,2.427007,1419165696.0,1361256448.0,1437327360.0,12,,independent,,,xeon,4096.0,1.538145,1.462721,1.551221
independent_k13,base,fg_ducs_otf,SUCCESS,True,True,5,5,False,False,False,1:SUCCESS;2:SUCCESS;3:SUCCESS;4:SUCCESS;5:SUCCESS,True,solve_and_internal_check_lts,1,14,13,13,15,16,21.583,21.457,22.548,0.811541,0.8109577,0.8127917,105033728.0,103194624.0,112386048.0,13,,independent,,,xeon,14.0,0.021582999999999998,0.021457,0.022548
independent_k13,base,fg_ducs_otf_eager_controllable,SUCCESS,True,True,5,5,False,False,False,1:SUCCESS;2:SUCCESS;3:SUCCESS;4:SUCCESS;5:SUCCESS,True,solve_and_internal_check_lts,1,92,104,104,15,16,36.819,36.727,37.518,0.9098273,0.8126103,0.9131812,125767680.0,124416000.0,132481024.0,13,,independent,,,xeon,92.0,0.036819000000000005,0.036726999999999996,0.037518
independent_k13,base,fg_ducs_otf_update_first,SUCCESS,True,True,5,5,False,False,False,1:SUCCESS;2:SUCCESS;3:SUCCESS;4:SUCCESS;5:SUCCESS,True,solve_and_internal_check_lts,1,14,13,13,15,16,21.416,20.97,21.818,0.8121898,0.8090145,0.8137171,104148992.0,102854656.0,105787392.0,13,,independent,,,xeon,14.0,0.021416,0.02097,0.021818
independent_k13,base,direct_full,SUCCESS,True,True,5,5,False,False,False,1:SUCCESS;2:SUCCESS;3:SUCCESS;4:SUCCESS;5:SUCCESS,True,solve_and_internal_check_lts,1,8192,61439,61439,15,16,2955.98,2888.417,3040.32,3.8415142,3.8367436,3.9349307,1861312512.0,1856565248.0,1870561280.0,13,,independent,,,xeon,8192.0,2.9559800000000003,2.888417,3.0403200000000004
independent_k14,base,fg_ducs_otf,SUCCESS,True,True,5,5,False,False,False,1:SUCCESS;2:SUCCESS;3:SUCCESS;4:SUCCESS;5:SUCCESS,True,solve_and_internal_check_lts,1,15,14,14,16,17,24.279,23.871,24.829,0.8129476,0.8120065,0.9128304,122937344.0,121679872.0,126259200.0,14,,independent,,,xeon,15.0,0.024279000000000002,0.023871,0.024829
independent_k14,base,fg_ducs_otf_eager_controllable,SUCCESS,True,True,5,5,False,False,False,1:SUCCESS;2:SUCCESS;3:SUCCESS;4:SUCCESS;5:SUCCESS,True,solve_and_internal_check_lts,1,106,119,119,16,17,39.187,37.666,40.964,0.9132518,0.8122884,0.9139004,127176704.0,126287872.0,133095424.0,14,,independent,,,xeon,106.0,0.039187,0.037666,0.040964
independent_k14,base,fg_ducs_otf_update_first,SUCCESS,True,True,5,5,False,False,False,1:SUCCESS;2:SUCCESS;3:SUCCESS;4:SUCCESS;5:SUCCESS,True,solve_and_internal_check_lts,1,15,14,14,16,17,22.492,21.789,22.941,0.8132908,0.812359,0.9126603,119963648.0,119398400.0,123195392.0,14,,independent,,,xeon,15.0,0.022492,0.021789000000000003,0.022941
independent_k14,base,direct_full,SUCCESS,True,True,5,5,False,False,False,1:SUCCESS;2:SUCCESS;3:SUCCESS;4:SUCCESS;5:SUCCESS,True,solve_and_internal_check_lts,1,16384,131071,131071,16,17,6382.027,6359.317,6683.717,7.3618754,7.3557054,7.7625603,3379269632.0,3347402752.0,3394437120.0,14,,independent,,,xeon,16384.0,6.382027,6.359317,6.683717
independent_k15,base,fg_ducs_otf,SUCCESS,True,True,5,5,False,False,False,1:SUCCESS;2:SUCCESS;3:SUCCESS;4:SUCCESS;5:SUCCESS,True,solve_and_internal_check_lts,1,16,15,15,17,18,25.941,24.603,26.764,0.8133122,0.8120815,0.8149796,116539392.0,111558656.0,120786944.0,15,,independent,,,xeon,16.0,0.025941,0.024603000000000003,0.026764
independent_k15,base,fg_ducs_otf_eager_controllable,SUCCESS,True,True,5,5,False,False,False,1:SUCCESS;2:SUCCESS;3:SUCCESS;4:SUCCESS;5:SUCCESS,True,solve_and_internal_check_lts,1,121,135,135,17,18,43.549,41.64,44.728,0.9133358,0.8134462,0.9143768,132063232.0,129425408.0,143814656.0,15,,independent,,,xeon,121.0,0.043549,0.04164,0.044728000000000004
independent_k15,base,fg_ducs_otf_update_first,SUCCESS,True,True,5,5,False,False,False,1:SUCCESS;2:SUCCESS;3:SUCCESS;4:SUCCESS;5:SUCCESS,True,solve_and_internal_check_lts,1,16,15,15,17,18,24.006,23.742,25.603,0.8132587,0.8118736,0.8142012,115093504.0,111906816.0,115908608.0,15,,independent,,,xeon,16.0,0.024006,0.023742000000000003,0.025603
independent_k15,base,direct_full,SUCCESS,True,True,5,5,False,False,False,1:SUCCESS;2:SUCCESS;3:SUCCESS;4:SUCCESS;5:SUCCESS,True,solve_and_internal_check_lts,1,32768,278527,278527,17,18,13822.447,13753.614,14188.151,14.8101741,14.7236311,15.3160561,3623403520.0,3609387008.0,5433638912.0,15,,independent,,,xeon,32768.0,13.822447,13.753614,14.188151
independent_k16,base,fg_ducs_otf,SUCCESS,True,True,5,5,False,False,False,1:SUCCESS;2:SUCCESS;3:SUCCESS;4:SUCCESS;5:SUCCESS,True,solve_and_internal_check_lts,1,17,16,16,18,19,28.252,25.81,29.003,0.8128757,0.8123079,0.8133137,125050880.0,118284288.0,131137536.0,16,,independent,,,xeon,17.0,0.028252,0.02581,0.029003
independent_k16,base,fg_ducs_otf_eager_controllable,SUCCESS,True,True,5,5,False,False,False,1:SUCCESS;2:SUCCESS;3:SUCCESS;4:SUCCESS;5:SUCCESS,True,solve_and_internal_check_lts,1,137,152,152,18,19,46.775,46.491,47.881,0.9134016,0.9132906,0.9157396,136884224.0,132608000.0,140312576.0,16,,independent,,,xeon,137.0,0.046775,0.046491,0.047881
independent_k16,base,fg_ducs_otf_update_first,SUCCESS,True,True,5,5,False,False,False,1:SUCCESS;2:SUCCESS;3:SUCCESS;4:SUCCESS;5:SUCCESS,True,solve_and_internal_check_lts,1,17,16,16,18,19,27.49,26.873,28.39,0.8131699,0.8120113,1.6183188,126787584.0,123305984.0,138067968.0,16,,independent,,,xeon,17.0,0.02749,0.026873,0.028390000000000002
independent_k16,base,direct_full,SUCCESS,True,True,5,5,False,False,False,1:SUCCESS;2:SUCCESS;3:SUCCESS;4:SUCCESS;5:SUCCESS,True,solve_and_internal_check_lts,1,65536,589823,589823,18,19,31639.149,31472.207,34374.842,32.935342,32.6515821,35.6538383,6403002368.0,6185295872.0,6507515904.0,16,,independent,,,xeon,65536.0,31.639149000000003,31.472207,34.374842
independent_k17,base,fg_ducs_otf,SUCCESS,True,True,5,5,False,False,False,1:SUCCESS;2:SUCCESS;3:SUCCESS;4:SUCCESS;5:SUCCESS,True,solve_and_internal_check_lts,1,18,17,17,19,20,29.665,29.277,31.325,0.8136157,0.8113141,0.9126791,126373888.0,125669376.0,126783488.0,17,,independent,,,xeon,18.0,0.029665,0.029277,0.031325
independent_k17,base,fg_ducs_otf_eager_controllable,SUCCESS,True,True,5,5,False,False,False,1:SUCCESS;2:SUCCESS;3:SUCCESS;4:SUCCESS;5:SUCCESS,True,solve_and_internal_check_lts,1,154,170,170,19,20,50.59,49.843,51.454,0.9141958,0.9131215,0.9147031,140271616.0,138285056.0,147988480.0,17,,independent,,,xeon,154.0,0.05059,0.049843000000000005,0.051454
independent_k17,base,fg_ducs_otf_update_first,SUCCESS,True,True,5,5,False,False,False,1:SUCCESS;2:SUCCESS;3:SUCCESS;4:SUCCESS;5:SUCCESS,True,solve_and_internal_check_lts,1,18,17,17,19,20,26.997,26.419,29.516,0.8128346,0.8121503,0.8133828,131420160.0,125259776.0,133722112.0,17,,independent,,,xeon,18.0,0.026997,0.026419,0.029516
independent_k17,base,direct_full,SUCCESS,True,True,5,5,False,False,False,1:SUCCESS;2:SUCCESS;3:SUCCESS;4:SUCCESS;5:SUCCESS,True,solve_and_internal_check_lts,1,131072,1245183,1245183,19,20,73175.122,72509.287,74016.924,74.7225357,73.907013,75.4234239,9209925632.0,8946552832.0,9383645184.0,17,,independent,,,xeon,131072.0,73.175122,72.509287,74.016924
independent_k18,base,fg_ducs_otf,SUCCESS,True,True,5,5,False,False,False,1:SUCCESS;2:SUCCESS;3:SUCCESS;4:SUCCESS;5:SUCCESS,True,solve_and_internal_check_lts,1,19,18,18,20,21,30.846,30.524,30.948,0.8141284,0.8119982,0.9140119,130502656.0,124506112.0,131956736.0,18,,independent,,,xeon,19.0,0.030846000000000002,0.030524000000000003,0.030948
independent_k18,base,fg_ducs_otf_eager_controllable,SUCCESS,True,True,5,5,False,False,False,1:SUCCESS;2:SUCCESS;3:SUCCESS;4:SUCCESS;5:SUCCESS,True,solve_and_internal_check_lts,1,172,189,189,20,21,54.145,53.612,56.717,0.9130669,0.9124227,0.9144311,141930496.0,140128256.0,145788928.0,18,,independent,,,xeon,172.0,0.054145000000000006,0.053612,0.056717
independent_k18,base,fg_ducs_otf_update_first,SUCCESS,True,True,5,5,False,False,False,1:SUCCESS;2:SUCCESS;3:SUCCESS;4:SUCCESS;5:SUCCESS,True,solve_and_internal_check_lts,1,19,18,18,20,21,28.484,28.219,28.758,0.8123147,0.811573,0.9126079,126603264.0,126009344.0,132853760.0,18,,independent,,,xeon,19.0,0.028484000000000002,0.028219,0.028758
independent_k18,base,direct_full,SUCCESS,True,True,5,5,False,False,False,1:SUCCESS;2:SUCCESS;3:SUCCESS;4:SUCCESS;5:SUCCESS,True,solve_and_internal_check_lts,1,262144,2621439,2621439,20,21,165823.342,163145.392,168140.608,167.6440978,164.9965427,170.1392544,14387990528.0,12695805952.0,14661685248.0,18,,independent,,,xeon,262144.0,165.823342,163.145392,168.14060800000001
independent_k19,base,fg_ducs_otf,SUCCESS,True,True,5,5,False,False,False,1:SUCCESS;2:SUCCESS;3:SUCCESS;4:SUCCESS;5:SUCCESS,True,solve_and_internal_check_lts,1,20,19,19,21,22,32.14,30.075,33.184,0.9113745,0.8123391,0.9141629,128487424.0,122892288.0,132427776.0,19,,independent,,,xeon,20.0,0.03214,0.030075,0.033184
independent_k19,base,fg_ducs_otf_eager_controllable,SUCCESS,True,True,5,5,False,False,False,1:SUCCESS;2:SUCCESS;3:SUCCESS;4:SUCCESS;5:SUCCESS,True,solve_and_internal_check_lts,1,191,209,209,21,22,57.332,56.731,58.744,0.9136433,0.9097902,0.914042,145530880.0,141402112.0,148275200.0,19,,independent,,,xeon,191.0,0.057332,0.056731000000000004,0.058744
independent_k19,base,fg_ducs_otf_update_first,SUCCESS,True,True,5,5,False,False,False,1:SUCCESS;2:SUCCESS;3:SUCCESS;4:SUCCESS;5:SUCCESS,True,solve_and_internal_check_lts,1,20,19,19,21,22,30.706,30.258,32.214,0.8136042,0.8116904,0.9138523,127389696.0,124039168.0,140861440.0,19,,independent,,,xeon,20.0,0.030706,0.030258,0.032214
independent_k19,base,direct_full,SUCCESS,True,True,5,5,False,False,False,1:SUCCESS;2:SUCCESS;3:SUCCESS;4:SUCCESS;5:SUCCESS,True,solve_and_internal_check_lts,1,524288,5505023,5505023,21,22,381413.628,376944.792,385571.471,385.2933613,380.4982286,389.3864666,40269377536.0,40239570944.0,42789904384.0,19,,independent,,,xeon,524288.0,381.413628,376.944792,385.57147100000003
independent_k20,base,fg_ducs_otf,SUCCESS,True,True,5,5,False,False,False,1:SUCCESS;2:SUCCESS;3:SUCCESS;4:SUCCESS;5:SUCCESS,True,solve_and_internal_check_lts,1,21,20,20,22,23,35.432,33.902,35.6,0.9133307,0.9105137,0.9148313,136810496.0,125083648.0,139722752.0,20,,independent,,,xeon,21.0,0.035432000000000005,0.033902,0.0356
independent_k20,base,fg_ducs_otf_eager_controllable,SUCCESS,True,True,5,5,False,False,False,1:SUCCESS;2:SUCCESS;3:SUCCESS;4:SUCCESS;5:SUCCESS,True,solve_and_internal_check_lts,1,211,230,230,22,23,62.536,61.863,63.622,0.9134977,0.9117023,0.9153413,149024768.0,147599360.0,153751552.0,20,,independent,,,xeon,211.0,0.06253600000000001,0.061863,0.063622
independent_k20,base,fg_ducs_otf_update_first,SUCCESS,True,True,5,5,False,False,False,1:SUCCESS;2:SUCCESS;3:SUCCESS;4:SUCCESS;5:SUCCESS,True,solve_and_internal_check_lts,1,21,20,20,22,23,31.809,30.658,35.953,0.9128623,0.81231,0.9144539,135536640.0,129691648.0,141549568.0,20,,independent,,,xeon,21.0,0.031809000000000004,0.030658,0.035953000000000006
independent_k20,base,direct_full,SUCCESS,True,True,5,5,False,False,False,1:SUCCESS;2:SUCCESS;3:SUCCESS;4:SUCCESS;5:SUCCESS,True,solve_and_internal_check_lts,1,1048576,11534335,11534335,22,23,853302.356,832492.499,867402.082,857.362377,836.3333561,871.504298,47162380288.0,39255859200.0,53383114752.0,20,,independent,,,xeon,1048576.0,853.302356,832.492499,867.4020820000001
travel_n01_k01,base,fg_ducs_otf,SUCCESS,True,True,5,5,False,False,False,1:SUCCESS;2:SUCCESS;3:SUCCESS;4:SUCCESS;5:SUCCESS,True,solve_and_internal_check_lts,1,12,85,13,27,50,18.545,17.572,20.565,0.812024,0.8097314,0.813033,101736448.0,101113856.0,106774528.0,1,1,travel_derived,,,xeon,12.0,0.018545000000000002,0.017572,0.020565000000000003
travel_n01_k01,base,fg_ducs_otf_eager_controllable,SUCCESS,True,True,5,5,False,False,False,1:SUCCESS;2:SUCCESS;3:SUCCESS;4:SUCCESS;5:SUCCESS,True,solve_and_internal_check_lts,1,26,226,50,27,50,24.653,22.988,26.459,0.8123072,0.8096499,0.8133992,105697280.0,102985728.0,108007424.0,1,1,travel_derived,,,xeon,26.0,0.024652999999999998,0.022988,0.026459
travel_n01_k01,base,fg_ducs_otf_update_first,SUCCESS,True,True,5,5,False,False,False,1:SUCCESS;2:SUCCESS;3:SUCCESS;4:SUCCESS;5:SUCCESS,True,solve_and_internal_check_lts,1,12,85,13,27,50,17.757,17.642,18.648,0.8128232,0.8103677,0.8131714,102383616.0,101134336.0,103612416.0,1,1,travel_derived,,,xeon,12.0,0.017757000000000002,0.017642,0.018648
travel_n01_k01,base,direct_full,SUCCESS,True,True,5,5,False,False,False,1:SUCCESS;2:SUCCESS;3:SUCCESS;4:SUCCESS;5:SUCCESS,True,solve_and_internal_check_lts,1,26,336,50,27,50,27.569,26.777,30.197,0.8122158,0.8099908,0.8124173,112775168.0,109637632.0,119906304.0,1,1,travel_derived,,,xeon,26.0,0.027569,0.026777000000000002,0.030196999999999998
travel_n01_k02,base,fg_ducs_otf,SUCCESS,True,True,5,5,False,False,False,1:SUCCESS;2:SUCCESS;3:SUCCESS;4:SUCCESS;5:SUCCESS,True,solve_and_internal_check_lts,1,13,116,15,30,57,20.378,20.213,20.615,0.811083,0.8093246,0.8134032,103321600.0,101474304.0,103739392.0,2,1,travel_derived,,,xeon,13.0,0.020378,0.020213000000000002,0.020614999999999998
travel_n01_k02,base,fg_ducs_otf_eager_controllable,SUCCESS,True,True,5,5,False,False,False,1:SUCCESS;2:SUCCESS;3:SUCCESS;4:SUCCESS;5:SUCCESS,True,solve_and_internal_check_lts,1,29,300,56,30,57,27.211,23.038,27.64,0.810724,0.8097689,0.8126551,107491328.0,102379520.0,108691456.0,2,1,travel_derived,,,xeon,29.0,0.027211,0.023038,0.02764
travel_n01_k02,base,fg_ducs_otf_update_first,SUCCESS,True,True,5,5,False,False,False,1:SUCCESS;2:SUCCESS;3:SUCCESS;4:SUCCESS;5:SUCCESS,True,solve_and_internal_check_lts,1,13,116,15,30,57,20.265,18.395,21.55,0.8107892,0.8099098,0.8134245,103710720.0,101969920.0,108634112.0,2,1,travel_derived,,,xeon,13.0,0.020265000000000002,0.018395,0.02155
travel_n01_k02,base,direct_full,SUCCESS,True,True,5,5,False,False,False,1:SUCCESS;2:SUCCESS;3:SUCCESS;4:SUCCESS;5:SUCCESS,True,solve_and_internal_check_lts,1,29,432,56,30,57,30.854,29.804,33.309,0.8107199,0.8104044,0.8114692,115056640.0,112623616.0,124289024.0,2,1,travel_derived,,,xeon,29.0,0.030854,0.029804,0.033309
travel_n01_k04,base,fg_ducs_otf,SUCCESS,True,True,5,5,False,False,False,1:SUCCESS;2:SUCCESS;3:SUCCESS;4:SUCCESS;5:SUCCESS,True,solve_and_internal_check_lts,1,15,162,19,36,71,21.995,20.832,23.889,0.8108645,0.8099429,0.8131731,109178880.0,106151936.0,109477888.0,4,1,travel_derived,,,xeon,15.0,0.021995,0.020832,0.023889
travel_n01_k04,base,fg_ducs_otf_eager_controllable,SUCCESS,True,True,5,5,False,False,False,1:SUCCESS;2:SUCCESS;3:SUCCESS;4:SUCCESS;5:SUCCESS,True,solve_and_internal_check_lts,1,35,418,68,36,71,27.639,27.233,28.663,0.8104646,0.8098921,0.9107134,114610176.0,112844800.0,121430016.0,4,1,travel_derived,,,xeon,35.0,0.027639,0.027233,0.028663
travel_n01_k04,base,fg_ducs_otf_update_first,SUCCESS,True,True,5,5,False,False,False,1:SUCCESS;2:SUCCESS;3:SUCCESS;4:SUCCESS;5:SUCCESS,True,solve_and_internal_check_lts,1,15,162,19,36,71,21.676,18.963,21.881,0.8110087,0.8102588,0.8123348,109850624.0,107454464.0,112947200.0,4,1,travel_derived,,,xeon,15.0,0.021675999999999997,0.018963,0.021881
travel_n01_k04,base,direct_full,SUCCESS,True,True,5,5,False,False,False,1:SUCCESS;2:SUCCESS;3:SUCCESS;4:SUCCESS;5:SUCCESS,True,solve_and_internal_check_lts,1,35,594,68,36,71,34.436,32.357,35.084,0.9112867,0.811335,0.9129879,124002304.0,119201792.0,124977152.0,4,1,travel_derived,,,xeon,35.0,0.034436,0.032357,0.035084000000000004
travel_n01_k06,base,fg_ducs_otf,SUCCESS,True,True,5,5,False,False,False,1:SUCCESS;2:SUCCESS;3:SUCCESS;4:SUCCESS;5:SUCCESS,True,solve_and_internal_check_lts,1,17,216,23,42,85,21.131,20.641,22.967,0.8104512,0.8094618,0.8125517,112574464.0,110370816.0,115281920.0,6,1,travel_derived,,,xeon,17.0,0.021131,0.020641,0.022966999999999998
travel_n01_k06,base,fg_ducs_otf_eager_controllable,SUCCESS,True,True,5,5,False,False,False,1:SUCCESS;2:SUCCESS;3:SUCCESS;4:SUCCESS;5:SUCCESS,True,solve_and_internal_check_lts,1,41,560,80,42,85,28.209,27.502,29.646,0.9114766,0.9100488,0.9136014,121827328.0,114761728.0,125661184.0,6,1,travel_derived,,,xeon,41.0,0.028209,0.027502,0.029646000000000002
travel_n01_k06,base,fg_ducs_otf_update_first,SUCCESS,True,True,5,5,False,False,False,1:SUCCESS;2:SUCCESS;3:SUCCESS;4:SUCCESS;5:SUCCESS,True,solve_and_internal_check_lts,1,17,216,23,42,85,20.897,19.707,22.827,0.8113654,0.8105066,0.8125457,114024448.0,111382528.0,116695040.0,6,1,travel_derived,,,xeon,17.0,0.020897,0.019707000000000002,0.022827000000000004
travel_n01_k06,base,direct_full,SUCCESS,True,True,5,5,False,False,False,1:SUCCESS;2:SUCCESS;3:SUCCESS;4:SUCCESS;5:SUCCESS,True,solve_and_internal_check_lts,1,41,780,80,42,85,39.488,37.916,40.724,0.9124788,0.9114438,0.9128849,127860736.0,125689856.0,128446464.0,6,1,travel_derived,,,xeon,41.0,0.039488,0.037916,0.040723999999999996
travel_n01_k08,base,fg_ducs_otf,SUCCESS,True,True,5,5,False,False,False,1:SUCCESS;2:SUCCESS;3:SUCCESS;4:SUCCESS;5:SUCCESS,True,solve_and_internal_check_lts,1,19,278,27,48,99,22.976,22.379,23.692,0.9100294,0.8113054,0.9136131,116600832.0,113467392.0,119697408.0,8,1,travel_derived,,,xeon,19.0,0.022976,0.022379000000000003,0.023692
travel_n01_k08,base,fg_ducs_otf_eager_controllable,SUCCESS,True,True,5,5,False,False,False,1:SUCCESS;2:SUCCESS;3:SUCCESS;4:SUCCESS;5:SUCCESS,True,solve_and_internal_check_lts,1,47,726,92,48,99,31.622,29.418,32.787,0.9125007,0.9102887,0.9132799,125652992.0,123060224.0,126541824.0,8,1,travel_derived,,,xeon,47.0,0.031622,0.029418,0.032787
travel_n01_k08,base,fg_ducs_otf_update_first,SUCCESS,True,True,5,5,False,False,False,1:SUCCESS;2:SUCCESS;3:SUCCESS;4:SUCCESS;5:SUCCESS,True,solve_and_internal_check_lts,1,19,278,27,48,99,22.718,21.544,24.011,0.814576,0.8111272,0.9116241,119025664.0,114941952.0,122265600.0,8,1,travel_derived,,,xeon,19.0,0.022718000000000002,0.021544,0.024011
travel_n01_k08,base,direct_full,SUCCESS,True,True,5,5,False,False,False,1:SUCCESS;2:SUCCESS;3:SUCCESS;4:SUCCESS;5:SUCCESS,True,solve_and_internal_check_lts,1,47,990,92,48,99,45.557,42.492,47.052,0.9118562,0.9107231,0.9135083,146165760.0,137031680.0,148705280.0,8,1,travel_derived,,,xeon,47.0,0.045557,0.042491999999999995,0.047052000000000004
travel_n01_k12,base,fg_ducs_otf,SUCCESS,True,True,5,5,False,False,False,1:SUCCESS;2:SUCCESS;3:SUCCESS;4:SUCCESS;5:SUCCESS,True,solve_and_internal_check_lts,1,23,426,35,60,127,30.846,28.925,32.368,0.9118608,0.9104435,0.9132009,125239296.0,122122240.0,129118208.0,12,1,travel_derived,,,xeon,23.0,0.030846000000000002,0.028925000000000003,0.032368
travel_n01_k12,base,fg_ducs_otf_eager_controllable,SUCCESS,True,True,5,5,False,False,False,1:SUCCESS;2:SUCCESS;3:SUCCESS;4:SUCCESS;5:SUCCESS,True,solve_and_internal_check_lts,1,59,1130,116,60,127,39.685,37.188,40.39,0.9115227,0.910633,0.9143772,135299072.0,131170304.0,140865536.0,12,1,travel_derived,,,xeon,59.0,0.039685000000000005,0.037188000000000006,0.04039
travel_n01_k12,base,fg_ducs_otf_update_first,SUCCESS,True,True,5,5,False,False,False,1:SUCCESS;2:SUCCESS;3:SUCCESS;4:SUCCESS;5:SUCCESS,True,solve_and_internal_check_lts,1,23,426,35,60,127,27.975,27.359,29.292,0.9111515,0.9106668,0.9138445,124268544.0,122703872.0,128413696.0,12,1,travel_derived,,,xeon,23.0,0.027975000000000003,0.027359,0.029292000000000002
travel_n01_k12,base,direct_full,SUCCESS,True,True,5,5,False,False,False,1:SUCCESS;2:SUCCESS;3:SUCCESS;4:SUCCESS;5:SUCCESS,True,solve_and_internal_check_lts,1,59,1482,116,60,127,61.2,59.711,61.426,1.0111618,0.9097571,1.0124275,186372096.0,157544448.0,189108224.0,12,1,travel_derived,,,xeon,59.0,0.061200000000000004,0.059711,0.061426
travel_n01_k16,base,fg_ducs_otf,SUCCESS,True,True,5,5,False,False,False,1:SUCCESS;2:SUCCESS;3:SUCCESS;4:SUCCESS;5:SUCCESS,True,solve_and_internal_check_lts,1,27,606,43,72,155,31.439,30.284,33.153,0.9126755,0.9101001,0.9138196,128057344.0,125366272.0,131678208.0,16,1,travel_derived,,,xeon,27.0,0.031439,0.030284,0.033153
travel_n01_k16,base,fg_ducs_otf_eager_controllable,SUCCESS,True,True,5,5,False,False,False,1:SUCCESS;2:SUCCESS;3:SUCCESS;4:SUCCESS;5:SUCCESS,True,solve_and_internal_check_lts,1,71,1630,140,72,155,45.253,43.9,47.048,0.9114554,0.9110157,0.9136005,133222400.0,131497984.0,135761920.0,16,1,travel_derived,,,xeon,71.0,0.045253,0.0439,0.047048
travel_n01_k16,base,fg_ducs_otf_update_first,SUCCESS,True,True,5,5,False,False,False,1:SUCCESS;2:SUCCESS;3:SUCCESS;4:SUCCESS;5:SUCCESS,True,solve_and_internal_check_lts,1,27,606,43,72,155,30.806,29.31,32.578,0.9120326,0.911768,0.9141735,125657088.0,122933248.0,131018752.0,16,1,travel_derived,,,xeon,27.0,0.030806,0.02931,0.032578
travel_n01_k16,base,direct_full,SUCCESS,True,True,5,5,False,False,False,1:SUCCESS;2:SUCCESS;3:SUCCESS;4:SUCCESS;5:SUCCESS,True,solve_and_internal_check_lts,1,71,2070,140,72,155,70.359,63.791,71.829,0.9121112,0.9112889,1.012959,184717312.0,172482560.0,192643072.0,16,1,travel_derived,,,xeon,71.0,0.07035899999999999,0.063791,0.07182899999999999
travel_n01_k20,base,fg_ducs_otf,SUCCESS,True,True,5,5,False,False,False,1:SUCCESS;2:SUCCESS;3:SUCCESS;4:SUCCESS;5:SUCCESS,True,solve_and_internal_check_lts,1,31,818,51,84,183,36.365,35.558,39.33,0.9118931,0.9111157,0.9131424,139964416.0,138944512.0,143196160.0,20,1,travel_derived,,,xeon,31.0,0.036365,0.035558,0.03933
travel_n01_k20,base,fg_ducs_otf_eager_controllable,SUCCESS,True,True,5,5,False,False,False,1:SUCCESS;2:SUCCESS;3:SUCCESS;4:SUCCESS;5:SUCCESS,True,solve_and_internal_check_lts,1,83,2226,164,84,183,51.572,50.931,52.525,0.9116363,0.9102398,0.9132417,145879040.0,144809984.0,146690048.0,20,1,travel_derived,,,xeon,83.0,0.05157200000000001,0.050931,0.052525
travel_n01_k20,base,fg_ducs_otf_update_first,SUCCESS,True,True,5,5,False,False,False,1:SUCCESS;2:SUCCESS;3:SUCCESS;4:SUCCESS;5:SUCCESS,True,solve_and_internal_check_lts,1,31,818,51,84,183,34.183,33.777,34.747,0.911879,0.9110518,0.9150965,138547200.0,129884160.0,141639680.0,20,1,travel_derived,,,xeon,31.0,0.034183,0.033777,0.034747
travel_n01_k20,base,direct_full,SUCCESS,True,True,5,5,False,False,False,1:SUCCESS;2:SUCCESS;3:SUCCESS;4:SUCCESS;5:SUCCESS,True,solve_and_internal_check_lts,1,83,2754,164,84,183,81.019,76.406,81.912,1.0119982,1.0111313,1.0145736,208060416.0,204722176.0,222662656.0,20,1,travel_derived,,,xeon,83.0,0.08101900000000001,0.076406,0.08191200000000001
travel_n02_k01,base,fg_ducs_otf,SUCCESS,True,True,5,5,False,False,False,1:SUCCESS;2:SUCCESS;3:SUCCESS;4:SUCCESS;5:SUCCESS,True,solve_and_internal_check_lts,1,74,1058,129,187,475,56.953,55.399,58.938,1.0119414,1.0115916,1.0147175,157388800.0,153051136.0,169668608.0,1,2,travel_derived,,,xeon,74.0,0.056953000000000004,0.055399000000000004,0.058938000000000004
travel_n02_k01,base,fg_ducs_otf_eager_controllable,SUCCESS,True,True,5,5,False,False,False,1:SUCCESS;2:SUCCESS;3:SUCCESS;4:SUCCESS;5:SUCCESS,True,solve_and_internal_check_lts,1,206,3195,426,187,475,78.047,77.652,79.445,1.0122812,1.0107034,1.0143446,198156288.0,190287872.0,202747904.0,1,2,travel_derived,,,xeon,206.0,0.078047,0.077652,0.079445
travel_n02_k01,base,fg_ducs_otf_update_first,SUCCESS,True,True,5,5,False,False,False,1:SUCCESS;2:SUCCESS;3:SUCCESS;4:SUCCESS;5:SUCCESS,True,solve_and_internal_check_lts,1,74,1058,129,187,475,54.961,54.045,55.453,1.0131074,1.0119369,1.015194,156721152.0,154324992.0,166662144.0,1,2,travel_derived,,,xeon,74.0,0.054961,0.054045,0.055453
travel_n02_k01,base,direct_full,SUCCESS,True,True,5,5,False,False,False,1:SUCCESS;2:SUCCESS;3:SUCCESS;4:SUCCESS;5:SUCCESS,True,solve_and_internal_check_lts,1,404,9519,1051,187,475,187.491,170.747,190.328,1.2137477,1.1120489,1.2163874,308174848.0,286007296.0,317992960.0,1,2,travel_derived,,,xeon,404.0,0.18749100000000002,0.170747,0.190328
travel_n02_k02,base,fg_ducs_otf,SUCCESS,True,True,5,5,False,False,False,1:SUCCESS;2:SUCCESS;3:SUCCESS;4:SUCCESS;5:SUCCESS,True,solve_and_internal_check_lts,1,91,1655,179,236,645,69.17,67.184,80.881,1.0131854,1.0119778,1.1123436,180178944.0,163803136.0,195825664.0,2,2,travel_derived,,,xeon,91.0,0.06917000000000001,0.067184,0.08088100000000001
travel_n02_k02,base,fg_ducs_otf_eager_controllable,SUCCESS,True,True,5,5,False,False,False,1:SUCCESS;2:SUCCESS;3:SUCCESS;4:SUCCESS;5:SUCCESS,True,solve_and_internal_check_lts,1,240,4593,510,236,645,91.121,90.267,103.207,1.1135226,1.0126196,1.115603,205357056.0,183828480.0,209317888.0,2,2,travel_derived,,,xeon,240.0,0.091121,0.090267,0.103207
travel_n02_k02,base,fg_ducs_otf_update_first,SUCCESS,True,True,5,5,False,False,False,1:SUCCESS;2:SUCCESS;3:SUCCESS;4:SUCCESS;5:SUCCESS,True,solve_and_internal_check_lts,1,91,1655,179,236,645,68.467,64.679,69.706,1.0128814,1.0103851,1.1118446,185786368.0,182771712.0,190382080.0,2,2,travel_derived,,,xeon,91.0,0.068467,0.064679,0.069706
travel_n02_k02,base,direct_full,SUCCESS,True,True,5,5,False,False,False,1:SUCCESS;2:SUCCESS;3:SUCCESS;4:SUCCESS;5:SUCCESS,True,solve_and_internal_check_lts,1,516,14235,1416,236,645,315.823,289.45,321.968,1.3153728,1.3138075,1.3173,345845760.0,337563648.0,350339072.0,2,2,travel_derived,,,xeon,516.0,0.31582299999999996,0.28945,0.32196800000000003
travel_n02_k04,base,fg_ducs_otf,SUCCESS,True,True,5,5,False,False,False,1:SUCCESS;2:SUCCESS;3:SUCCESS;4:SUCCESS;5:SUCCESS,True,solve_and_internal_check_lts,1,131,2893,303,352,1063,97.472,96.51,98.072,1.1128376,1.1125715,1.11441,221163520.0,206708736.0,224391168.0,4,2,travel_derived,,,xeon,131.0,0.097472,0.09651000000000001,0.098072
travel_n02_k04,base,fg_ducs_otf_eager_controllable,SUCCESS,True,True,5,5,False,False,False,1:SUCCESS;2:SUCCESS;3:SUCCESS;4:SUCCESS;5:SUCCESS,True,solve_and_internal_check_lts,1,314,7125,702,352,1063,127.148,125.67,129.764,1.2136935,1.1162106,1.214268,248188928.0,241086464.0,249241600.0,4,2,travel_derived,,,xeon,314.0,0.127148,0.12567,0.12976400000000002
travel_n02_k04,base,fg_ducs_otf_update_first,SUCCESS,True,True,5,5,False,False,False,1:SUCCESS;2:SUCCESS;3:SUCCESS;4:SUCCESS;5:SUCCESS,True,solve_and_internal_check_lts,1,131,2893,303,352,1063,95.115,93.81,96.162,1.1140031,1.1121508,1.1142821,227065856.0,219611136.0,238280704.0,4,2,travel_derived,,,xeon,131.0,0.09511499999999999,0.09381,0.09616200000000001
travel_n02_k04,base,direct_full,SUCCESS,True,True,5,5,False,False,False,1:SUCCESS;2:SUCCESS;3:SUCCESS;4:SUCCESS;5:SUCCESS,True,solve_and_internal_check_lts,1,782,24753,2314,352,1063,562.089,528.275,577.333,1.6170017,1.5178151,1.619842,454828032.0,424333312.0,466763776.0,4,2,travel_derived,,,xeon,782.0,0.5620890000000001,0.5282749999999999,0.577333
travel_n02_k06,base,fg_ducs_otf,SUCCESS,True,True,5,5,False,False,False,1:SUCCESS;2:SUCCESS;3:SUCCESS;4:SUCCESS;5:SUCCESS,True,solve_and_internal_check_lts,1,179,4659,459,492,1585,132.363,129.246,132.729,1.3146685,1.3116752,1.3192308,318173184.0,314572800.0,321286144.0,6,2,travel_derived,,,xeon,179.0,0.132363,0.129246,0.132729
travel_n02_k06,base,fg_ducs_otf_eager_controllable,SUCCESS,True,True,5,5,False,False,False,1:SUCCESS;2:SUCCESS;3:SUCCESS;4:SUCCESS;5:SUCCESS,True,solve_and_internal_check_lts,1,396,10457,926,492,1585,187.346,183.502,191.869,1.3152825,1.3122928,1.318614,343252992.0,335978496.0,350695424.0,6,2,travel_derived,,,xeon,396.0,0.187346,0.18350200000000003,0.191869
travel_n02_k06,base,fg_ducs_otf_update_first,SUCCESS,True,True,5,5,False,False,False,1:SUCCESS;2:SUCCESS;3:SUCCESS;4:SUCCESS;5:SUCCESS,True,solve_and_internal_check_lts,1,179,4659,459,492,1585,132.136,128.64,139.979,1.3155624,1.3133949,1.3170535,320995328.0,315068416.0,323907584.0,6,2,travel_derived,,,xeon,179.0,0.132136,0.12863999999999998,0.13997900000000002
travel_n02_k06,base,direct_full,SUCCESS,True,True,5,5,False,False,False,1:SUCCESS;2:SUCCESS;3:SUCCESS;4:SUCCESS;5:SUCCESS,True,solve_and_internal_check_lts,1,1104,39407,3436,492,1585,980.563,935.49,998.889,2.1194048,2.0200207,2.1221008,731226112.0,707739648.0,744161280.0,6,2,travel_derived,,,xeon,1104.0,0.980563,0.93549,0.998889
travel_n02_k08,base,fg_ducs_otf,SUCCESS,True,True,5,5,False,False,False,1:SUCCESS;2:SUCCESS;3:SUCCESS;4:SUCCESS;5:SUCCESS,True,solve_and_internal_check_lts,1,235,7049,647,656,2211,203.894,201.684,210.517,1.515231,1.4138495,1.5211258,411369472.0,393912320.0,419344384.0,8,2,travel_derived,,,xeon,235.0,0.20389400000000002,0.201684,0.210517
travel_n02_k08,base,fg_ducs_otf_eager_controllable,SUCCESS,True,True,5,5,False,False,False,1:SUCCESS;2:SUCCESS;3:SUCCESS;4:SUCCESS;5:SUCCESS,True,solve_and_internal_check_lts,1,486,14685,1182,656,2211,291.95,280.566,301.948,1.6174409,1.5151178,1.6219141,473133056.0,467374080.0,488865792.0,8,2,travel_derived,,,xeon,486.0,0.29195,0.280566,0.301948
travel_n02_k08,base,fg_ducs_otf_update_first,SUCCESS,True,True,5,5,False,False,False,1:SUCCESS;2:SUCCESS;3:SUCCESS;4:SUCCESS;5:SUCCESS,True,solve_and_internal_check_lts,1,235,7049,647,656,2211,201.628,197.8,206.682,1.515538,1.5139876,1.5200315,406745088.0,396877824.0,417820672.0,8,2,travel_derived,,,xeon,235.0,0.201628,0.1978,0.206682
travel_n02_k08,base,direct_full,SUCCESS,True,True,5,5,False,False,False,1:SUCCESS;2:SUCCESS;3:SUCCESS;4:SUCCESS;5:SUCCESS,True,solve_and_internal_check_lts,1,1482,58869,4782,656,2211,1582.061,1527.939,1786.602,2.8257627,2.8231205,3.0276788,1031487488.0,1011568640.0,1034817536.0,8,2,travel_derived,,,xeon,1482.0,1.582061,1.5279390000000002,1.786602
travel_n02_k12,base,fg_ducs_otf,SUCCESS,True,True,5,5,False,False,False,1:SUCCESS;2:SUCCESS;3:SUCCESS;4:SUCCESS;5:SUCCESS,True,solve_and_internal_check_lts,1,371,14085,1119,1056,3775,344.606,339.135,350.468,1.9179903,1.8211393,1.9210278,491864064.0,481918976.0,508911616.0,12,2,travel_derived,,,xeon,371.0,0.344606,0.339135,0.350468
travel_n02_k12,base,fg_ducs_otf_eager_controllable,SUCCESS,True,True,5,5,False,False,False,1:SUCCESS;2:SUCCESS;3:SUCCESS;4:SUCCESS;5:SUCCESS,True,solve_and_internal_check_lts,1,690,26213,1790,1056,3775,453.509,430.385,462.177,2.0199635,1.9198381,2.0231738,583462912.0,577392640.0,601485312.0,12,2,travel_derived,,,xeon,690.0,0.45350900000000005,0.430385,0.462177
travel_n02_k12,base,fg_ducs_otf_update_first,SUCCESS,True,True,5,5,False,False,False,1:SUCCESS;2:SUCCESS;3:SUCCESS;4:SUCCESS;5:SUCCESS,True,solve_and_internal_check_lts,1,371,14085,1119,1056,3775,344.796,336.157,346.717,1.8172628,1.8163226,1.8246547,493674496.0,471396352.0,496283648.0,12,2,travel_derived,,,xeon,371.0,0.344796,0.336157,0.346717
travel_n02_k12,base,direct_full,SUCCESS,True,True,5,5,False,False,False,1:SUCCESS;2:SUCCESS;3:SUCCESS;4:SUCCESS;5:SUCCESS,True,solve_and_internal_check_lts,1,2406,114905,8146,1056,3775,2699.301,2678.668,2766.993,4.1352261,4.0355334,4.2328582,980086784.0,959262720.0,986808320.0,12,2,travel_derived,,,xeon,2406.0,2.699301,2.678668,2.766993
travel_n02_k16,base,fg_ducs_otf,SUCCESS,True,True,5,5,False,False,False,1:SUCCESS;2:SUCCESS;3:SUCCESS;4:SUCCESS;5:SUCCESS,True,solve_and_internal_check_lts,1,539,24769,1719,1552,5755,515.117,477.347,533.136,2.2279013,2.2202547,2.3202035,818757632.0,805941248.0,886923264.0,16,2,travel_derived,,,xeon,539.0,0.5151169999999999,0.47734699999999997,0.5331359999999999
travel_n02_k16,base,fg_ducs_otf_eager_controllable,SUCCESS,True,True,5,5,False,False,False,1:SUCCESS;2:SUCCESS;3:SUCCESS;4:SUCCESS;5:SUCCESS,True,solve_and_internal_check_lts,1,926,42477,2526,1552,5755,668.056,665.639,698.805,2.4241048,2.4217791,2.4273351,962588672.0,944869376.0,991256576.0,16,2,travel_derived,,,xeon,926.0,0.6680560000000001,0.665639,0.698805
travel_n02_k16,base,fg_ducs_otf_update_first,SUCCESS,True,True,5,5,False,False,False,1:SUCCESS;2:SUCCESS;3:SUCCESS;4:SUCCESS;5:SUCCESS,True,solve_and_internal_check_lts,1,539,24769,1719,1552,5755,495.215,491.584,531.522,2.321336,2.221425,2.3223368,821895168.0,818511872.0,847740928.0,16,2,travel_derived,,,xeon,539.0,0.49521499999999996,0.491584,0.531522
travel_n02_k16,base,direct_full,SUCCESS,True,True,5,5,False,False,False,1:SUCCESS;2:SUCCESS;3:SUCCESS;4:SUCCESS;5:SUCCESS,True,solve_and_internal_check_lts,1,3554,198237,12406,1552,5755,4822.54,4705.015,5089.112,6.4571229,6.3464034,6.7501331,936902656.0,925171712.0,957820928.0,16,2,travel_derived,,,xeon,3554.0,4.82254,4.705015,5.089112
travel_n02_k20,base,fg_ducs_otf,SUCCESS,True,True,5,5,False,False,False,1:SUCCESS;2:SUCCESS;3:SUCCESS;4:SUCCESS;5:SUCCESS,True,solve_and_internal_check_lts,1,739,39869,2447,2144,8151,744.96,719.66,750.997,2.7232648,2.630267,2.7257738,987643904.0,977612800.0,1015230464.0,20,2,travel_derived,,,xeon,739.0,0.7449600000000001,0.71966,0.750997
travel_n02_k20,base,fg_ducs_otf_eager_controllable,SUCCESS,True,True,5,5,False,False,False,1:SUCCESS;2:SUCCESS;3:SUCCESS;4:SUCCESS;5:SUCCESS,True,solve_and_internal_check_lts,1,1194,64245,3390,2144,8151,868.832,837.282,915.801,2.825965,2.8242519,2.9268818,1000992768.0,966500352.0,1035530240.0,20,2,travel_derived,,,xeon,1194.0,0.868832,0.8372820000000001,0.9158010000000001
travel_n02_k20,base,fg_ducs_otf_update_first,SUCCESS,True,True,5,5,False,False,False,1:SUCCESS;2:SUCCESS;3:SUCCESS;4:SUCCESS;5:SUCCESS,True,solve_and_internal_check_lts,1,739,39869,2447,2144,8151,738.549,728.535,751.128,2.7253489,2.6230848,2.7260466,986091520.0,973160448.0,996376576.0,20,2,travel_derived,,,xeon,739.0,0.738549,0.7285349999999999,0.751128
travel_n02_k20,base,direct_full,SUCCESS,True,True,5,5,False,False,False,1:SUCCESS;2:SUCCESS;3:SUCCESS;4:SUCCESS;5:SUCCESS,True,solve_and_internal_check_lts,1,4926,314241,17562,2144,8151,7328.221,7182.714,7535.39,9.2656477,9.0760479,9.4689348,1486503936.0,1438380032.0,1495736320.0,20,2,travel_derived,,,xeon,4926.0,7.328221,7.182714,7.5353900000000005
travel_n04_k01,base,fg_ducs_otf,SUCCESS,True,True,5,5,False,False,False,1:SUCCESS;2:SUCCESS;3:SUCCESS;4:SUCCESS;5:SUCCESS,True,solve_and_internal_check_lts,1,3927,110499,13448,10964,49719,5996.741,5843.655,6140.334,14.5240253,14.3969181,15.3014378,2154545152.0,2030804992.0,2251051008.0,1,4,travel_derived,,,xeon,3927.0,5.996741,5.843655,6.140334
travel_n04_k01,base,fg_ducs_otf_eager_controllable,SUCCESS,True,True,5,5,False,False,False,1:SUCCESS;2:SUCCESS;3:SUCCESS;4:SUCCESS;5:SUCCESS,True,solve_and_internal_check_lts,1,12392,358115,31117,10971,49729,13019.268,12791.571,13310.307,22.5906492,22.3484252,22.8545,2134773760.0,2126012416.0,2338635776.0,1,4,travel_derived,,,xeon,12392.0,13.019268,12.791571,13.310307000000002
travel_n04_k01,base,fg_ducs_otf_update_first,SUCCESS,True,True,5,5,False,False,False,1:SUCCESS;2:SUCCESS;3:SUCCESS;4:SUCCESS;5:SUCCESS,True,solve_and_internal_check_lts,1,3927,110499,13448,10964,49719,5892.68,5767.19,5972.193,14.6066923,14.3962461,14.9030889,2134089728.0,2080419840.0,2431131648.0,1,4,travel_derived,,,xeon,3927.0,5.89268,5.767189999999999,5.972193000000001
travel_n04_k01,base,direct_full,SUCCESS,True,True,5,5,False,False,False,1:SUCCESS;2:SUCCESS;3:SUCCESS;4:SUCCESS;5:SUCCESS,True,solve_and_internal_check_lts,1,111182,4850505,511727,10993,49756,199184.466,190421.182,200378.066,209.0150943,199.6676269,210.2148499,6804774912.0,5877235712.0,7042805760.0,1,4,travel_derived,,,xeon,111182.0,199.184466,190.42118200000002,200.378066
travel_n04_k02,base,fg_ducs_otf,SUCCESS,True,True,5,5,False,False,False,1:SUCCESS;2:SUCCESS;3:SUCCESS;4:SUCCESS;5:SUCCESS,True,solve_and_internal_check_lts,1,6213,224101,24583,17720,88135,13249.901,12783.848,13560.819,31.4093271,30.7996377,31.9969126,1841356800.0,1711198208.0,2751774720.0,2,4,travel_derived,,,xeon,6213.0,13.249901,12.783848,13.560819
travel_n04_k02,base,fg_ducs_otf_eager_controllable,SUCCESS,True,True,5,5,False,False,False,1:SUCCESS;2:SUCCESS;3:SUCCESS;4:SUCCESS;5:SUCCESS,True,solve_and_internal_check_lts,1,15810,577583,44522,17730,88151,24711.757,23992.065,26790.57,41.3277568,40.0652914,45.6151025,2190925824.0,1999298560.0,3325202432.0,2,4,travel_derived,,,xeon,15810.0,24.711757000000002,23.992065,26.79057
travel_n04_k02,base,fg_ducs_otf_update_first,SUCCESS,True,True,5,5,False,False,False,1:SUCCESS;2:SUCCESS;3:SUCCESS;4:SUCCESS;5:SUCCESS,True,solve_and_internal_check_lts,1,6213,224101,24583,17720,88135,12816.135,12493.029,13129.45,30.9015423,30.6026022,31.899148,1800966144.0,1703956480.0,2731712512.0,2,4,travel_derived,,,xeon,6213.0,12.816135000000001,12.493029,13.12945
travel_n04_k02,base,direct_full,SUCCESS,True,True,5,5,False,False,False,1:SUCCESS;2:SUCCESS;3:SUCCESS;4:SUCCESS;5:SUCCESS,True,solve_and_internal_check_lts,1,180870,9338633,900860,17757,88188,453261.212,423220.144,468330.776,471.9040334,440.8267805,486.8763732,5809446912.0,5140180992.0,6245548032.0,2,4,travel_derived,,,xeon,180870.0,453.261212,423.220144,468.330776
travel_n04_k04,base,fg_ducs_otf,SUCCESS,True,True,5,5,False,False,False,1:SUCCESS;2:SUCCESS;3:SUCCESS;4:SUCCESS;5:SUCCESS,True,solve_and_internal_check_lts,1,13757,605535,65151,40178,225189,58691.543,56732.785,62286.769,119.5807744,112.6930375,131.8689265,4278177792.0,3225161728.0,9470210048.0,4,4,travel_derived,,,xeon,13757.0,58.691542999999996,56.73278500000001,62.286769
travel_n04_k04,base,fg_ducs_otf_eager_controllable,SUCCESS,True,True,5,5,False,False,False,1:SUCCESS;2:SUCCESS;3:SUCCESS;4:SUCCESS;5:SUCCESS,True,solve_and_internal_check_lts,1,25628,1130999,89638,40194,225217,92386.842,87904.099,95052.105,153.1500035,144.0666009,162.8607566,4271009792.0,4142104576.0,9454546944.0,4,4,travel_derived,,,xeon,25628.0,92.386842,87.904099,95.052105
travel_n04_k04,base,fg_ducs_otf_update_first,SUCCESS,True,True,5,5,False,False,False,1:SUCCESS;2:SUCCESS;3:SUCCESS;4:SUCCESS;5:SUCCESS,True,solve_and_internal_check_lts,1,13757,605535,65151,40178,225189,61138.058,56041.042,63556.153,118.2164753,112.3610767,134.8873556,4090089472.0,3445530624.0,4732321792.0,4,4,travel_derived,,,xeon,13757.0,61.138058,56.041042000000004,63.556153
travel_n04_k04,base,direct_full,TIMEOUT,True,False,5,0,False,False,False,1:TIMEOUT;2:SKIPPED_AFTER_RESOURCE_FAILURE;3:SKIPPED_AFTER_RESOURCE_FAILURE;4:SKIPPED_AFTER_RESOURCE_FAILURE;5:SKIPPED_AFTER_RESOURCE_FAILURE,False,solve_and_internal_check_lts,1,,,,,,,,,,,,,,,4,4,travel_derived,,,xeon,,,,
travel_n04_k06,base,fg_ducs_otf,SUCCESS,True,True,5,5,False,False,False,1:SUCCESS;2:SUCCESS;3:SUCCESS;4:SUCCESS;5:SUCCESS,True,solve_and_internal_check_lts,1,26877,1397625,141567,79364,479019,262795.144,230960.097,282819.104,520.5947142,481.3238984,544.8969074,7677911040.0,7402754048.0,11446239232.0,6,4,travel_derived,,,xeon,26877.0,262.795144,230.96009700000002,282.819104
travel_n04_k06,base,fg_ducs_otf_eager_controllable,SUCCESS,True,True,5,5,False,False,False,1:SUCCESS;2:SUCCESS;3:SUCCESS;4:SUCCESS;5:SUCCESS,True,solve_and_internal_check_lts,1,41022,2131455,170602,79386,479059,339584.519,309717.73,356117.404,564.3844052,520.0709056,604.1111303,8081866752.0,6295064576.0,12368044032.0,6,4,travel_derived,,,xeon,41022.0,339.584519,309.71772999999996,356.11740399999996
travel_n04_k06,base,fg_ducs_otf_update_first,SUCCESS,True,True,5,5,False,False,False,1:SUCCESS;2:SUCCESS;3:SUCCESS;4:SUCCESS;5:SUCCESS,True,solve_and_internal_check_lts,1,26877,1397625,141567,79364,479019,241435.417,239359.987,306006.361,469.8903521,462.9902011,598.8045277,9411026944.0,7701688320.0,11933560832.0,6,4,travel_derived,,,xeon,26877.0,241.435417,239.359987,306.00636099999997
travel_n04_k06,base,direct_full,TIMEOUT,True,False,5,0,False,False,False,1:TIMEOUT;2:SKIPPED_AFTER_RESOURCE_FAILURE;3:SKIPPED_AFTER_RESOURCE_FAILURE;4:SKIPPED_AFTER_RESOURCE_FAILURE;5:SKIPPED_AFTER_RESOURCE_FAILURE,False,solve_and_internal_check_lts,1,,,,,,,,,,,,,,,6,4,travel_derived,,,xeon,,,,
travel_n04_k08,base,fg_ducs_otf,TIMEOUT,True,False,5,0,False,False,False,1:TIMEOUT;2:SKIPPED_AFTER_RESOURCE_FAILURE;3:SKIPPED_AFTER_RESOURCE_FAILURE;4:SKIPPED_AFTER_RESOURCE_FAILURE;5:SKIPPED_AFTER_RESOURCE_FAILURE,False,solve_and_internal_check_lts,1,,,,,,,,,,,,,,,8,4,travel_derived,,,xeon,,,,
travel_n04_k08,base,fg_ducs_otf_eager_controllable,TIMEOUT,True,False,5,0,False,False,False,1:TIMEOUT;2:SKIPPED_AFTER_RESOURCE_FAILURE;3:SKIPPED_AFTER_RESOURCE_FAILURE;4:SKIPPED_AFTER_RESOURCE_FAILURE;5:SKIPPED_AFTER_RESOURCE_FAILURE,False,solve_and_internal_check_lts,1,,,,,,,,,,,,,,,8,4,travel_derived,,,xeon,,,,
travel_n04_k08,base,fg_ducs_otf_update_first,TIMEOUT,True,False,5,0,False,False,False,1:TIMEOUT;2:SKIPPED_AFTER_RESOURCE_FAILURE;3:SKIPPED_AFTER_RESOURCE_FAILURE;4:SKIPPED_AFTER_RESOURCE_FAILURE;5:SKIPPED_AFTER_RESOURCE_FAILURE,False,solve_and_internal_check_lts,1,,,,,,,,,,,,,,,8,4,travel_derived,,,xeon,,,,
travel_n04_k08,base,direct_full,TIMEOUT,True,False,5,0,False,False,False,1:TIMEOUT;2:SKIPPED_AFTER_RESOURCE_FAILURE;3:SKIPPED_AFTER_RESOURCE_FAILURE;4:SKIPPED_AFTER_RESOURCE_FAILURE;5:SKIPPED_AFTER_RESOURCE_FAILURE,False,solve_and_internal_check_lts,1,,,,,,,,,,,,,,,8,4,travel_derived,,,xeon,,,,
travel_n04_k12,base,fg_ducs_otf,TIMEOUT,True,False,5,0,False,False,False,1:TIMEOUT;2:SKIPPED_AFTER_RESOURCE_FAILURE;3:SKIPPED_AFTER_RESOURCE_FAILURE;4:SKIPPED_AFTER_RESOURCE_FAILURE;5:SKIPPED_AFTER_RESOURCE_FAILURE,False,solve_and_internal_check_lts,1,,,,,,,,,,,,,,,12,4,travel_derived,,,xeon,,,,
travel_n04_k12,base,fg_ducs_otf_eager_controllable,TIMEOUT,True,False,5,0,False,False,False,1:TIMEOUT;2:SKIPPED_AFTER_RESOURCE_FAILURE;3:SKIPPED_AFTER_RESOURCE_FAILURE;4:SKIPPED_AFTER_RESOURCE_FAILURE;5:SKIPPED_AFTER_RESOURCE_FAILURE,False,solve_and_internal_check_lts,1,,,,,,,,,,,,,,,12,4,travel_derived,,,xeon,,,,
travel_n04_k12,base,fg_ducs_otf_update_first,TIMEOUT,True,False,5,0,False,False,False,1:TIMEOUT;2:SKIPPED_AFTER_RESOURCE_FAILURE;3:SKIPPED_AFTER_RESOURCE_FAILURE;4:SKIPPED_AFTER_RESOURCE_FAILURE;5:SKIPPED_AFTER_RESOURCE_FAILURE,False,solve_and_internal_check_lts,1,,,,,,,,,,,,,,,12,4,travel_derived,,,xeon,,,,
travel_n04_k12,base,direct_full,TIMEOUT,True,False,5,0,False,False,False,1:TIMEOUT;2:SKIPPED_AFTER_RESOURCE_FAILURE;3:SKIPPED_AFTER_RESOURCE_FAILURE;4:SKIPPED_AFTER_RESOURCE_FAILURE;5:SKIPPED_AFTER_RESOURCE_FAILURE,False,solve_and_internal_check_lts,1,,,,,,,,,,,,,,,12,4,travel_derived,,,xeon,,,,
travel_n04_k16,base,fg_ducs_otf,TIMEOUT,True,False,5,0,False,False,False,1:TIMEOUT;2:SKIPPED_AFTER_RESOURCE_FAILURE;3:SKIPPED_AFTER_RESOURCE_FAILURE;4:SKIPPED_AFTER_RESOURCE_FAILURE;5:SKIPPED_AFTER_RESOURCE_FAILURE,False,solve_and_internal_check_lts,1,,,,,,,,,,,,,,,16,4,travel_derived,,,xeon,,,,
travel_n04_k16,base,fg_ducs_otf_eager_controllable,TIMEOUT,True,False,5,0,False,False,False,1:TIMEOUT;2:SKIPPED_AFTER_RESOURCE_FAILURE;3:SKIPPED_AFTER_RESOURCE_FAILURE;4:SKIPPED_AFTER_RESOURCE_FAILURE;5:SKIPPED_AFTER_RESOURCE_FAILURE,False,solve_and_internal_check_lts,1,,,,,,,,,,,,,,,16,4,travel_derived,,,xeon,,,,
travel_n04_k16,base,fg_ducs_otf_update_first,TIMEOUT,True,False,5,0,False,False,False,1:TIMEOUT;2:SKIPPED_AFTER_RESOURCE_FAILURE;3:SKIPPED_AFTER_RESOURCE_FAILURE;4:SKIPPED_AFTER_RESOURCE_FAILURE;5:SKIPPED_AFTER_RESOURCE_FAILURE,False,solve_and_internal_check_lts,1,,,,,,,,,,,,,,,16,4,travel_derived,,,xeon,,,,
travel_n04_k16,base,direct_full,TIMEOUT,True,False,5,0,False,False,False,1:TIMEOUT;2:SKIPPED_AFTER_RESOURCE_FAILURE;3:SKIPPED_AFTER_RESOURCE_FAILURE;4:SKIPPED_AFTER_RESOURCE_FAILURE;5:SKIPPED_AFTER_RESOURCE_FAILURE,False,solve_and_internal_check_lts,1,,,,,,,,,,,,,,,16,4,travel_derived,,,xeon,,,,
travel_n04_k20,base,fg_ducs_otf,TIMEOUT,True,False,5,0,False,False,False,1:TIMEOUT;2:SKIPPED_AFTER_RESOURCE_FAILURE;3:SKIPPED_AFTER_RESOURCE_FAILURE;4:SKIPPED_AFTER_RESOURCE_FAILURE;5:SKIPPED_AFTER_RESOURCE_FAILURE,False,solve_and_internal_check_lts,1,,,,,,,,,,,,,,,20,4,travel_derived,,,xeon,,,,
travel_n04_k20,base,fg_ducs_otf_eager_controllable,TIMEOUT,True,False,5,0,False,False,False,1:TIMEOUT;2:SKIPPED_AFTER_RESOURCE_FAILURE;3:SKIPPED_AFTER_RESOURCE_FAILURE;4:SKIPPED_AFTER_RESOURCE_FAILURE;5:SKIPPED_AFTER_RESOURCE_FAILURE,False,solve_and_internal_check_lts,1,,,,,,,,,,,,,,,20,4,travel_derived,,,xeon,,,,
travel_n04_k20,base,fg_ducs_otf_update_first,TIMEOUT,True,False,5,0,False,False,False,1:TIMEOUT;2:SKIPPED_AFTER_RESOURCE_FAILURE;3:SKIPPED_AFTER_RESOURCE_FAILURE;4:SKIPPED_AFTER_RESOURCE_FAILURE;5:SKIPPED_AFTER_RESOURCE_FAILURE,False,solve_and_internal_check_lts,1,,,,,,,,,,,,,,,20,4,travel_derived,,,xeon,,,,
travel_n04_k20,base,direct_full,TIMEOUT,True,False,5,0,False,False,False,1:TIMEOUT;2:SKIPPED_AFTER_RESOURCE_FAILURE;3:SKIPPED_AFTER_RESOURCE_FAILURE;4:SKIPPED_AFTER_RESOURCE_FAILURE;5:SKIPPED_AFTER_RESOURCE_FAILURE,False,solve_and_internal_check_lts,1,,,,,,,,,,,,,,,20,4,travel_derived,,,xeon,,,,
travel_n06_k01,base,fg_ducs_otf,TIMEOUT,True,False,5,0,False,False,False,1:TIMEOUT;2:SKIPPED_AFTER_RESOURCE_FAILURE;3:SKIPPED_AFTER_RESOURCE_FAILURE;4:SKIPPED_AFTER_RESOURCE_FAILURE;5:SKIPPED_AFTER_RESOURCE_FAILURE,False,solve_and_internal_check_lts,1,,,,,,,,,,,,,,,1,6,travel_derived,,,xeon,,,,
travel_n06_k01,base,fg_ducs_otf_eager_controllable,TIMEOUT,True,False,5,0,False,False,False,1:TIMEOUT;2:SKIPPED_AFTER_RESOURCE_FAILURE;3:SKIPPED_AFTER_RESOURCE_FAILURE;4:SKIPPED_AFTER_RESOURCE_FAILURE;5:SKIPPED_AFTER_RESOURCE_FAILURE,False,solve_and_internal_check_lts,1,,,,,,,,,,,,,,,1,6,travel_derived,,,xeon,,,,
travel_n06_k01,base,fg_ducs_otf_update_first,TIMEOUT,True,False,5,0,False,False,False,1:TIMEOUT;2:SKIPPED_AFTER_RESOURCE_FAILURE;3:SKIPPED_AFTER_RESOURCE_FAILURE;4:SKIPPED_AFTER_RESOURCE_FAILURE;5:SKIPPED_AFTER_RESOURCE_FAILURE,False,solve_and_internal_check_lts,1,,,,,,,,,,,,,,,1,6,travel_derived,,,xeon,,,,
travel_n06_k01,base,direct_full,TIMEOUT,True,False,5,0,False,False,False,1:TIMEOUT;2:SKIPPED_AFTER_RESOURCE_FAILURE;3:SKIPPED_AFTER_RESOURCE_FAILURE;4:SKIPPED_AFTER_RESOURCE_FAILURE;5:SKIPPED_AFTER_RESOURCE_FAILURE,False,solve_and_internal_check_lts,1,,,,,,,,,,,,,,,1,6,travel_derived,,,xeon,,,,
travel_n06_k02,base,fg_ducs_otf,TIMEOUT,True,False,5,0,False,False,False,1:TIMEOUT;2:SKIPPED_AFTER_RESOURCE_FAILURE;3:SKIPPED_AFTER_RESOURCE_FAILURE;4:SKIPPED_AFTER_RESOURCE_FAILURE;5:SKIPPED_AFTER_RESOURCE_FAILURE,False,solve_and_internal_check_lts,1,,,,,,,,,,,,,,,2,6,travel_derived,,,xeon,,,,
travel_n06_k02,base,fg_ducs_otf_eager_controllable,TIMEOUT,True,False,5,0,False,False,False,1:TIMEOUT;2:SKIPPED_AFTER_RESOURCE_FAILURE;3:SKIPPED_AFTER_RESOURCE_FAILURE;4:SKIPPED_AFTER_RESOURCE_FAILURE;5:SKIPPED_AFTER_RESOURCE_FAILURE,False,solve_and_internal_check_lts,1,,,,,,,,,,,,,,,2,6,travel_derived,,,xeon,,,,
travel_n06_k02,base,fg_ducs_otf_update_first,TIMEOUT,True,False,5,0,False,False,False,1:TIMEOUT;2:SKIPPED_AFTER_RESOURCE_FAILURE;3:SKIPPED_AFTER_RESOURCE_FAILURE;4:SKIPPED_AFTER_RESOURCE_FAILURE;5:SKIPPED_AFTER_RESOURCE_FAILURE,False,solve_and_internal_check_lts,1,,,,,,,,,,,,,,,2,6,travel_derived,,,xeon,,,,
travel_n06_k02,base,direct_full,TIMEOUT,True,False,5,0,False,False,False,1:TIMEOUT;2:SKIPPED_AFTER_RESOURCE_FAILURE;3:SKIPPED_AFTER_RESOURCE_FAILURE;4:SKIPPED_AFTER_RESOURCE_FAILURE;5:SKIPPED_AFTER_RESOURCE_FAILURE,False,solve_and_internal_check_lts,1,,,,,,,,,,,,,,,2,6,travel_derived,,,xeon,,,,
travel_n06_k04,base,fg_ducs_otf,OOM,True,False,5,0,False,False,False,1:OOM;2:SKIPPED_AFTER_RESOURCE_FAILURE;3:SKIPPED_AFTER_RESOURCE_FAILURE;4:SKIPPED_AFTER_RESOURCE_FAILURE;5:SKIPPED_AFTER_RESOURCE_FAILURE,False,solve_and_internal_check_lts,1,,,,,,,,,,,,,,,4,6,travel_derived,,,xeon,,,,
travel_n06_k04,base,fg_ducs_otf_eager_controllable,OOM,True,False,5,0,False,False,False,1:OOM;2:SKIPPED_AFTER_RESOURCE_FAILURE;3:SKIPPED_AFTER_RESOURCE_FAILURE;4:SKIPPED_AFTER_RESOURCE_FAILURE;5:SKIPPED_AFTER_RESOURCE_FAILURE,False,solve_and_internal_check_lts,1,,,,,,,,,,,,,,,4,6,travel_derived,,,xeon,,,,
travel_n06_k04,base,fg_ducs_otf_update_first,OOM,True,False,5,0,False,False,False,1:OOM;2:SKIPPED_AFTER_RESOURCE_FAILURE;3:SKIPPED_AFTER_RESOURCE_FAILURE;4:SKIPPED_AFTER_RESOURCE_FAILURE;5:SKIPPED_AFTER_RESOURCE_FAILURE,False,solve_and_internal_check_lts,1,,,,,,,,,,,,,,,4,6,travel_derived,,,xeon,,,,
travel_n06_k04,base,direct_full,OOM,True,False,5,0,False,False,False,1:OOM;2:SKIPPED_AFTER_RESOURCE_FAILURE;3:SKIPPED_AFTER_RESOURCE_FAILURE;4:SKIPPED_AFTER_RESOURCE_FAILURE;5:SKIPPED_AFTER_RESOURCE_FAILURE,False,solve_and_internal_check_lts,1,,,,,,,,,,,,,,,4,6,travel_derived,,,xeon,,,,
travel_n06_k06,base,fg_ducs_otf,OOM,True,False,5,0,False,False,False,1:OOM;2:SKIPPED_AFTER_RESOURCE_FAILURE;3:SKIPPED_AFTER_RESOURCE_FAILURE;4:SKIPPED_AFTER_RESOURCE_FAILURE;5:SKIPPED_AFTER_RESOURCE_FAILURE,False,solve_and_internal_check_lts,1,,,,,,,,,,,,,,,6,6,travel_derived,,,xeon,,,,
travel_n06_k06,base,fg_ducs_otf_eager_controllable,OOM,True,False,5,0,False,False,False,1:OOM;2:SKIPPED_AFTER_RESOURCE_FAILURE;3:SKIPPED_AFTER_RESOURCE_FAILURE;4:SKIPPED_AFTER_RESOURCE_FAILURE;5:SKIPPED_AFTER_RESOURCE_FAILURE,False,solve_and_internal_check_lts,1,,,,,,,,,,,,,,,6,6,travel_derived,,,xeon,,,,
travel_n06_k06,base,fg_ducs_otf_update_first,OOM,True,False,5,0,False,False,False,1:OOM;2:SKIPPED_AFTER_RESOURCE_FAILURE;3:SKIPPED_AFTER_RESOURCE_FAILURE;4:SKIPPED_AFTER_RESOURCE_FAILURE;5:SKIPPED_AFTER_RESOURCE_FAILURE,False,solve_and_internal_check_lts,1,,,,,,,,,,,,,,,6,6,travel_derived,,,xeon,,,,
travel_n06_k06,base,direct_full,OOM,True,False,5,0,False,False,False,1:OOM;2:SKIPPED_AFTER_RESOURCE_FAILURE;3:SKIPPED_AFTER_RESOURCE_FAILURE;4:SKIPPED_AFTER_RESOURCE_FAILURE;5:SKIPPED_AFTER_RESOURCE_FAILURE,False,solve_and_internal_check_lts,1,,,,,,,,,,,,,,,6,6,travel_derived,,,xeon,,,,
travel_n06_k08,base,fg_ducs_otf,TIMEOUT,True,False,5,0,False,False,False,1:TIMEOUT;2:SKIPPED_AFTER_RESOURCE_FAILURE;3:SKIPPED_AFTER_RESOURCE_FAILURE;4:SKIPPED_AFTER_RESOURCE_FAILURE;5:SKIPPED_AFTER_RESOURCE_FAILURE,False,solve_and_internal_check_lts,1,,,,,,,,,,,,,,,8,6,travel_derived,,,xeon,,,,
travel_n06_k08,base,fg_ducs_otf_eager_controllable,TIMEOUT,True,False,5,0,False,False,False,1:TIMEOUT;2:SKIPPED_AFTER_RESOURCE_FAILURE;3:SKIPPED_AFTER_RESOURCE_FAILURE;4:SKIPPED_AFTER_RESOURCE_FAILURE;5:SKIPPED_AFTER_RESOURCE_FAILURE,False,solve_and_internal_check_lts,1,,,,,,,,,,,,,,,8,6,travel_derived,,,xeon,,,,
travel_n06_k08,base,fg_ducs_otf_update_first,TIMEOUT,True,False,5,0,False,False,False,1:TIMEOUT;2:SKIPPED_AFTER_RESOURCE_FAILURE;3:SKIPPED_AFTER_RESOURCE_FAILURE;4:SKIPPED_AFTER_RESOURCE_FAILURE;5:SKIPPED_AFTER_RESOURCE_FAILURE,False,solve_and_internal_check_lts,1,,,,,,,,,,,,,,,8,6,travel_derived,,,xeon,,,,
travel_n06_k08,base,direct_full,TIMEOUT,True,False,5,0,False,False,False,1:TIMEOUT;2:SKIPPED_AFTER_RESOURCE_FAILURE;3:SKIPPED_AFTER_RESOURCE_FAILURE;4:SKIPPED_AFTER_RESOURCE_FAILURE;5:SKIPPED_AFTER_RESOURCE_FAILURE,False,solve_and_internal_check_lts,1,,,,,,,,,,,,,,,8,6,travel_derived,,,xeon,,,,
travel_n06_k12,base,fg_ducs_otf,TIMEOUT,True,False,5,0,False,False,False,1:TIMEOUT;2:SKIPPED_AFTER_RESOURCE_FAILURE;3:SKIPPED_AFTER_RESOURCE_FAILURE;4:SKIPPED_AFTER_RESOURCE_FAILURE;5:SKIPPED_AFTER_RESOURCE_FAILURE,False,solve_and_internal_check_lts,1,,,,,,,,,,,,,,,12,6,travel_derived,,,xeon,,,,
travel_n06_k12,base,fg_ducs_otf_eager_controllable,TIMEOUT,True,False,5,0,False,False,False,1:TIMEOUT;2:SKIPPED_AFTER_RESOURCE_FAILURE;3:SKIPPED_AFTER_RESOURCE_FAILURE;4:SKIPPED_AFTER_RESOURCE_FAILURE;5:SKIPPED_AFTER_RESOURCE_FAILURE,False,solve_and_internal_check_lts,1,,,,,,,,,,,,,,,12,6,travel_derived,,,xeon,,,,
travel_n06_k12,base,fg_ducs_otf_update_first,TIMEOUT,True,False,5,0,False,False,False,1:TIMEOUT;2:SKIPPED_AFTER_RESOURCE_FAILURE;3:SKIPPED_AFTER_RESOURCE_FAILURE;4:SKIPPED_AFTER_RESOURCE_FAILURE;5:SKIPPED_AFTER_RESOURCE_FAILURE,False,solve_and_internal_check_lts,1,,,,,,,,,,,,,,,12,6,travel_derived,,,xeon,,,,
travel_n06_k12,base,direct_full,TIMEOUT,True,False,5,0,False,False,False,1:TIMEOUT;2:SKIPPED_AFTER_RESOURCE_FAILURE;3:SKIPPED_AFTER_RESOURCE_FAILURE;4:SKIPPED_AFTER_RESOURCE_FAILURE;5:SKIPPED_AFTER_RESOURCE_FAILURE,False,solve_and_internal_check_lts,1,,,,,,,,,,,,,,,12,6,travel_derived,,,xeon,,,,
travel_n06_k16,base,fg_ducs_otf,TIMEOUT,True,False,5,0,False,False,False,1:TIMEOUT;2:SKIPPED_AFTER_RESOURCE_FAILURE;3:SKIPPED_AFTER_RESOURCE_FAILURE;4:SKIPPED_AFTER_RESOURCE_FAILURE;5:SKIPPED_AFTER_RESOURCE_FAILURE,False,solve_and_internal_check_lts,1,,,,,,,,,,,,,,,16,6,travel_derived,,,xeon,,,,
travel_n06_k16,base,fg_ducs_otf_eager_controllable,TIMEOUT,True,False,5,0,False,False,False,1:TIMEOUT;2:SKIPPED_AFTER_RESOURCE_FAILURE;3:SKIPPED_AFTER_RESOURCE_FAILURE;4:SKIPPED_AFTER_RESOURCE_FAILURE;5:SKIPPED_AFTER_RESOURCE_FAILURE,False,solve_and_internal_check_lts,1,,,,,,,,,,,,,,,16,6,travel_derived,,,xeon,,,,
travel_n06_k16,base,fg_ducs_otf_update_first,TIMEOUT,True,False,5,0,False,False,False,1:TIMEOUT;2:SKIPPED_AFTER_RESOURCE_FAILURE;3:SKIPPED_AFTER_RESOURCE_FAILURE;4:SKIPPED_AFTER_RESOURCE_FAILURE;5:SKIPPED_AFTER_RESOURCE_FAILURE,False,solve_and_internal_check_lts,1,,,,,,,,,,,,,,,16,6,travel_derived,,,xeon,,,,
travel_n06_k16,base,direct_full,TIMEOUT,True,False,5,0,False,False,False,1:TIMEOUT;2:SKIPPED_AFTER_RESOURCE_FAILURE;3:SKIPPED_AFTER_RESOURCE_FAILURE;4:SKIPPED_AFTER_RESOURCE_FAILURE;5:SKIPPED_AFTER_RESOURCE_FAILURE,False,solve_and_internal_check_lts,1,,,,,,,,,,,,,,,16,6,travel_derived,,,xeon,,,,
travel_n06_k20,base,fg_ducs_otf,TIMEOUT,True,False,5,0,False,False,False,1:TIMEOUT;2:SKIPPED_AFTER_RESOURCE_FAILURE;3:SKIPPED_AFTER_RESOURCE_FAILURE;4:SKIPPED_AFTER_RESOURCE_FAILURE;5:SKIPPED_AFTER_RESOURCE_FAILURE,False,solve_and_internal_check_lts,1,,,,,,,,,,,,,,,20,6,travel_derived,,,xeon,,,,
travel_n06_k20,base,fg_ducs_otf_eager_controllable,TIMEOUT,True,False,5,0,False,False,False,1:TIMEOUT;2:SKIPPED_AFTER_RESOURCE_FAILURE;3:SKIPPED_AFTER_RESOURCE_FAILURE;4:SKIPPED_AFTER_RESOURCE_FAILURE;5:SKIPPED_AFTER_RESOURCE_FAILURE,False,solve_and_internal_check_lts,1,,,,,,,,,,,,,,,20,6,travel_derived,,,xeon,,,,
travel_n06_k20,base,fg_ducs_otf_update_first,TIMEOUT,True,False,5,0,False,False,False,1:TIMEOUT;2:SKIPPED_AFTER_RESOURCE_FAILURE;3:SKIPPED_AFTER_RESOURCE_FAILURE;4:SKIPPED_AFTER_RESOURCE_FAILURE;5:SKIPPED_AFTER_RESOURCE_FAILURE,False,solve_and_internal_check_lts,1,,,,,,,,,,,,,,,20,6,travel_derived,,,xeon,,,,
travel_n06_k20,base,direct_full,TIMEOUT,True,False,5,0,False,False,False,1:TIMEOUT;2:SKIPPED_AFTER_RESOURCE_FAILURE;3:SKIPPED_AFTER_RESOURCE_FAILURE;4:SKIPPED_AFTER_RESOURCE_FAILURE;5:SKIPPED_AFTER_RESOURCE_FAILURE,False,solve_and_internal_check_lts,1,,,,,,,,,,,,,,,20,6,travel_derived,,,xeon,,,,
travel_n08_k01,base,fg_ducs_otf,TIMEOUT,True,False,5,0,False,False,False,1:TIMEOUT;2:SKIPPED_AFTER_RESOURCE_FAILURE;3:SKIPPED_AFTER_RESOURCE_FAILURE;4:SKIPPED_AFTER_RESOURCE_FAILURE;5:SKIPPED_AFTER_RESOURCE_FAILURE,False,solve_and_internal_check_lts,1,,,,,,,,,,,,,,,1,8,travel_derived,,,xeon,,,,
travel_n08_k01,base,fg_ducs_otf_eager_controllable,TIMEOUT,True,False,5,0,False,False,False,1:TIMEOUT;2:SKIPPED_AFTER_RESOURCE_FAILURE;3:SKIPPED_AFTER_RESOURCE_FAILURE;4:SKIPPED_AFTER_RESOURCE_FAILURE;5:SKIPPED_AFTER_RESOURCE_FAILURE,False,solve_and_internal_check_lts,1,,,,,,,,,,,,,,,1,8,travel_derived,,,xeon,,,,
travel_n08_k01,base,fg_ducs_otf_update_first,TIMEOUT,True,False,5,0,False,False,False,1:TIMEOUT;2:SKIPPED_AFTER_RESOURCE_FAILURE;3:SKIPPED_AFTER_RESOURCE_FAILURE;4:SKIPPED_AFTER_RESOURCE_FAILURE;5:SKIPPED_AFTER_RESOURCE_FAILURE,False,solve_and_internal_check_lts,1,,,,,,,,,,,,,,,1,8,travel_derived,,,xeon,,,,
travel_n08_k01,base,direct_full,TIMEOUT,True,False,5,0,False,False,False,1:TIMEOUT;2:SKIPPED_AFTER_RESOURCE_FAILURE;3:SKIPPED_AFTER_RESOURCE_FAILURE;4:SKIPPED_AFTER_RESOURCE_FAILURE;5:SKIPPED_AFTER_RESOURCE_FAILURE,False,solve_and_internal_check_lts,1,,,,,,,,,,,,,,,1,8,travel_derived,,,xeon,,,,
travel_n08_k02,base,fg_ducs_otf,TIMEOUT,True,False,5,0,False,False,False,1:TIMEOUT;2:SKIPPED_AFTER_RESOURCE_FAILURE;3:SKIPPED_AFTER_RESOURCE_FAILURE;4:SKIPPED_AFTER_RESOURCE_FAILURE;5:SKIPPED_AFTER_RESOURCE_FAILURE,False,solve_and_internal_check_lts,1,,,,,,,,,,,,,,,2,8,travel_derived,,,xeon,,,,
travel_n08_k02,base,fg_ducs_otf_eager_controllable,TIMEOUT,True,False,5,0,False,False,False,1:TIMEOUT;2:SKIPPED_AFTER_RESOURCE_FAILURE;3:SKIPPED_AFTER_RESOURCE_FAILURE;4:SKIPPED_AFTER_RESOURCE_FAILURE;5:SKIPPED_AFTER_RESOURCE_FAILURE,False,solve_and_internal_check_lts,1,,,,,,,,,,,,,,,2,8,travel_derived,,,xeon,,,,
travel_n08_k02,base,fg_ducs_otf_update_first,TIMEOUT,True,False,5,0,False,False,False,1:TIMEOUT;2:SKIPPED_AFTER_RESOURCE_FAILURE;3:SKIPPED_AFTER_RESOURCE_FAILURE;4:SKIPPED_AFTER_RESOURCE_FAILURE;5:SKIPPED_AFTER_RESOURCE_FAILURE,False,solve_and_internal_check_lts,1,,,,,,,,,,,,,,,2,8,travel_derived,,,xeon,,,,
travel_n08_k02,base,direct_full,TIMEOUT,True,False,5,0,False,False,False,1:TIMEOUT;2:SKIPPED_AFTER_RESOURCE_FAILURE;3:SKIPPED_AFTER_RESOURCE_FAILURE;4:SKIPPED_AFTER_RESOURCE_FAILURE;5:SKIPPED_AFTER_RESOURCE_FAILURE,False,solve_and_internal_check_lts,1,,,,,,,,,,,,,,,2,8,travel_derived,,,xeon,,,,
travel_n08_k04,base,fg_ducs_otf,TIMEOUT,True,False,5,0,False,False,False,1:TIMEOUT;2:SKIPPED_AFTER_RESOURCE_FAILURE;3:SKIPPED_AFTER_RESOURCE_FAILURE;4:SKIPPED_AFTER_RESOURCE_FAILURE;5:SKIPPED_AFTER_RESOURCE_FAILURE,False,solve_and_internal_check_lts,1,,,,,,,,,,,,,,,4,8,travel_derived,,,xeon,,,,
travel_n08_k04,base,fg_ducs_otf_eager_controllable,TIMEOUT,True,False,5,0,False,False,False,1:TIMEOUT;2:SKIPPED_AFTER_RESOURCE_FAILURE;3:SKIPPED_AFTER_RESOURCE_FAILURE;4:SKIPPED_AFTER_RESOURCE_FAILURE;5:SKIPPED_AFTER_RESOURCE_FAILURE,False,solve_and_internal_check_lts,1,,,,,,,,,,,,,,,4,8,travel_derived,,,xeon,,,,
travel_n08_k04,base,fg_ducs_otf_update_first,TIMEOUT,True,False,5,0,False,False,False,1:TIMEOUT;2:SKIPPED_AFTER_RESOURCE_FAILURE;3:SKIPPED_AFTER_RESOURCE_FAILURE;4:SKIPPED_AFTER_RESOURCE_FAILURE;5:SKIPPED_AFTER_RESOURCE_FAILURE,False,solve_and_internal_check_lts,1,,,,,,,,,,,,,,,4,8,travel_derived,,,xeon,,,,
travel_n08_k04,base,direct_full,TIMEOUT,True,False,5,0,False,False,False,1:TIMEOUT;2:SKIPPED_AFTER_RESOURCE_FAILURE;3:SKIPPED_AFTER_RESOURCE_FAILURE;4:SKIPPED_AFTER_RESOURCE_FAILURE;5:SKIPPED_AFTER_RESOURCE_FAILURE,False,solve_and_internal_check_lts,1,,,,,,,,,,,,,,,4,8,travel_derived,,,xeon,,,,
travel_n08_k06,base,fg_ducs_otf,TIMEOUT,True,False,5,0,False,False,False,1:TIMEOUT;2:SKIPPED_AFTER_RESOURCE_FAILURE;3:SKIPPED_AFTER_RESOURCE_FAILURE;4:SKIPPED_AFTER_RESOURCE_FAILURE;5:SKIPPED_AFTER_RESOURCE_FAILURE,False,solve_and_internal_check_lts,1,,,,,,,,,,,,,,,6,8,travel_derived,,,xeon,,,,
travel_n08_k06,base,fg_ducs_otf_eager_controllable,TIMEOUT,True,False,5,0,False,False,False,1:TIMEOUT;2:SKIPPED_AFTER_RESOURCE_FAILURE;3:SKIPPED_AFTER_RESOURCE_FAILURE;4:SKIPPED_AFTER_RESOURCE_FAILURE;5:SKIPPED_AFTER_RESOURCE_FAILURE,False,solve_and_internal_check_lts,1,,,,,,,,,,,,,,,6,8,travel_derived,,,xeon,,,,
travel_n08_k06,base,fg_ducs_otf_update_first,TIMEOUT,True,False,5,0,False,False,False,1:TIMEOUT;2:SKIPPED_AFTER_RESOURCE_FAILURE;3:SKIPPED_AFTER_RESOURCE_FAILURE;4:SKIPPED_AFTER_RESOURCE_FAILURE;5:SKIPPED_AFTER_RESOURCE_FAILURE,False,solve_and_internal_check_lts,1,,,,,,,,,,,,,,,6,8,travel_derived,,,xeon,,,,
travel_n08_k06,base,direct_full,TIMEOUT,True,False,5,0,False,False,False,1:TIMEOUT;2:SKIPPED_AFTER_RESOURCE_FAILURE;3:SKIPPED_AFTER_RESOURCE_FAILURE;4:SKIPPED_AFTER_RESOURCE_FAILURE;5:SKIPPED_AFTER_RESOURCE_FAILURE,False,solve_and_internal_check_lts,1,,,,,,,,,,,,,,,6,8,travel_derived,,,xeon,,,,
travel_n08_k08,base,fg_ducs_otf,TIMEOUT,True,False,5,0,False,False,False,1:TIMEOUT;2:SKIPPED_AFTER_RESOURCE_FAILURE;3:SKIPPED_AFTER_RESOURCE_FAILURE;4:SKIPPED_AFTER_RESOURCE_FAILURE;5:SKIPPED_AFTER_RESOURCE_FAILURE,False,solve_and_internal_check_lts,1,,,,,,,,,,,,,,,8,8,travel_derived,,,xeon,,,,
travel_n08_k08,base,fg_ducs_otf_eager_controllable,TIMEOUT,True,False,5,0,False,False,False,1:TIMEOUT;2:SKIPPED_AFTER_RESOURCE_FAILURE;3:SKIPPED_AFTER_RESOURCE_FAILURE;4:SKIPPED_AFTER_RESOURCE_FAILURE;5:SKIPPED_AFTER_RESOURCE_FAILURE,False,solve_and_internal_check_lts,1,,,,,,,,,,,,,,,8,8,travel_derived,,,xeon,,,,
travel_n08_k08,base,fg_ducs_otf_update_first,TIMEOUT,True,False,5,0,False,False,False,1:TIMEOUT;2:SKIPPED_AFTER_RESOURCE_FAILURE;3:SKIPPED_AFTER_RESOURCE_FAILURE;4:SKIPPED_AFTER_RESOURCE_FAILURE;5:SKIPPED_AFTER_RESOURCE_FAILURE,False,solve_and_internal_check_lts,1,,,,,,,,,,,,,,,8,8,travel_derived,,,xeon,,,,
travel_n08_k08,base,direct_full,TIMEOUT,True,False,5,0,False,False,False,1:TIMEOUT;2:SKIPPED_AFTER_RESOURCE_FAILURE;3:SKIPPED_AFTER_RESOURCE_FAILURE;4:SKIPPED_AFTER_RESOURCE_FAILURE;5:SKIPPED_AFTER_RESOURCE_FAILURE,False,solve_and_internal_check_lts,1,,,,,,,,,,,,,,,8,8,travel_derived,,,xeon,,,,
travel_n08_k12,base,fg_ducs_otf,TIMEOUT,True,False,5,0,False,False,False,1:TIMEOUT;2:SKIPPED_AFTER_RESOURCE_FAILURE;3:SKIPPED_AFTER_RESOURCE_FAILURE;4:SKIPPED_AFTER_RESOURCE_FAILURE;5:SKIPPED_AFTER_RESOURCE_FAILURE,False,solve_and_internal_check_lts,1,,,,,,,,,,,,,,,12,8,travel_derived,,,xeon,,,,
travel_n08_k12,base,fg_ducs_otf_eager_controllable,TIMEOUT,True,False,5,0,False,False,False,1:TIMEOUT;2:SKIPPED_AFTER_RESOURCE_FAILURE;3:SKIPPED_AFTER_RESOURCE_FAILURE;4:SKIPPED_AFTER_RESOURCE_FAILURE;5:SKIPPED_AFTER_RESOURCE_FAILURE,False,solve_and_internal_check_lts,1,,,,,,,,,,,,,,,12,8,travel_derived,,,xeon,,,,
travel_n08_k12,base,fg_ducs_otf_update_first,TIMEOUT,True,False,5,0,False,False,False,1:TIMEOUT;2:SKIPPED_AFTER_RESOURCE_FAILURE;3:SKIPPED_AFTER_RESOURCE_FAILURE;4:SKIPPED_AFTER_RESOURCE_FAILURE;5:SKIPPED_AFTER_RESOURCE_FAILURE,False,solve_and_internal_check_lts,1,,,,,,,,,,,,,,,12,8,travel_derived,,,xeon,,,,
travel_n08_k12,base,direct_full,TIMEOUT,True,False,5,0,False,False,False,1:TIMEOUT;2:SKIPPED_AFTER_RESOURCE_FAILURE;3:SKIPPED_AFTER_RESOURCE_FAILURE;4:SKIPPED_AFTER_RESOURCE_FAILURE;5:SKIPPED_AFTER_RESOURCE_FAILURE,False,solve_and_internal_check_lts,1,,,,,,,,,,,,,,,12,8,travel_derived,,,xeon,,,,
travel_n08_k16,base,fg_ducs_otf,TIMEOUT,True,False,5,0,False,False,False,1:TIMEOUT;2:SKIPPED_AFTER_RESOURCE_FAILURE;3:SKIPPED_AFTER_RESOURCE_FAILURE;4:SKIPPED_AFTER_RESOURCE_FAILURE;5:SKIPPED_AFTER_RESOURCE_FAILURE,False,solve_and_internal_check_lts,1,,,,,,,,,,,,,,,16,8,travel_derived,,,xeon,,,,
travel_n08_k16,base,fg_ducs_otf_eager_controllable,TIMEOUT,True,False,5,0,False,False,False,1:TIMEOUT;2:SKIPPED_AFTER_RESOURCE_FAILURE;3:SKIPPED_AFTER_RESOURCE_FAILURE;4:SKIPPED_AFTER_RESOURCE_FAILURE;5:SKIPPED_AFTER_RESOURCE_FAILURE,False,solve_and_internal_check_lts,1,,,,,,,,,,,,,,,16,8,travel_derived,,,xeon,,,,
travel_n08_k16,base,fg_ducs_otf_update_first,TIMEOUT,True,False,5,0,False,False,False,1:TIMEOUT;2:SKIPPED_AFTER_RESOURCE_FAILURE;3:SKIPPED_AFTER_RESOURCE_FAILURE;4:SKIPPED_AFTER_RESOURCE_FAILURE;5:SKIPPED_AFTER_RESOURCE_FAILURE,False,solve_and_internal_check_lts,1,,,,,,,,,,,,,,,16,8,travel_derived,,,xeon,,,,
travel_n08_k16,base,direct_full,TIMEOUT,True,False,5,0,False,False,False,1:TIMEOUT;2:SKIPPED_AFTER_RESOURCE_FAILURE;3:SKIPPED_AFTER_RESOURCE_FAILURE;4:SKIPPED_AFTER_RESOURCE_FAILURE;5:SKIPPED_AFTER_RESOURCE_FAILURE,False,solve_and_internal_check_lts,1,,,,,,,,,,,,,,,16,8,travel_derived,,,xeon,,,,
travel_n08_k20,base,fg_ducs_otf,TIMEOUT,True,False,5,0,False,False,False,1:TIMEOUT;2:SKIPPED_AFTER_RESOURCE_FAILURE;3:SKIPPED_AFTER_RESOURCE_FAILURE;4:SKIPPED_AFTER_RESOURCE_FAILURE;5:SKIPPED_AFTER_RESOURCE_FAILURE,False,solve_and_internal_check_lts,1,,,,,,,,,,,,,,,20,8,travel_derived,,,xeon,,,,
travel_n08_k20,base,fg_ducs_otf_eager_controllable,TIMEOUT,True,False,5,0,False,False,False,1:TIMEOUT;2:SKIPPED_AFTER_RESOURCE_FAILURE;3:SKIPPED_AFTER_RESOURCE_FAILURE;4:SKIPPED_AFTER_RESOURCE_FAILURE;5:SKIPPED_AFTER_RESOURCE_FAILURE,False,solve_and_internal_check_lts,1,,,,,,,,,,,,,,,20,8,travel_derived,,,xeon,,,,
travel_n08_k20,base,fg_ducs_otf_update_first,TIMEOUT,True,False,5,0,False,False,False,1:TIMEOUT;2:SKIPPED_AFTER_RESOURCE_FAILURE;3:SKIPPED_AFTER_RESOURCE_FAILURE;4:SKIPPED_AFTER_RESOURCE_FAILURE;5:SKIPPED_AFTER_RESOURCE_FAILURE,False,solve_and_internal_check_lts,1,,,,,,,,,,,,,,,20,8,travel_derived,,,xeon,,,,
travel_n08_k20,base,direct_full,TIMEOUT,True,False,5,0,False,False,False,1:TIMEOUT;2:SKIPPED_AFTER_RESOURCE_FAILURE;3:SKIPPED_AFTER_RESOURCE_FAILURE;4:SKIPPED_AFTER_RESOURCE_FAILURE;5:SKIPPED_AFTER_RESOURCE_FAILURE,False,solve_and_internal_check_lts,1,,,,,,,,,,,,,,,20,8,travel_derived,,,xeon,,,,
travel_n12_k01,base,fg_ducs_otf,TIMEOUT,True,False,5,0,False,False,False,1:TIMEOUT;2:SKIPPED_AFTER_RESOURCE_FAILURE;3:SKIPPED_AFTER_RESOURCE_FAILURE;4:SKIPPED_AFTER_RESOURCE_FAILURE;5:SKIPPED_AFTER_RESOURCE_FAILURE,False,solve_and_internal_check_lts,1,,,,,,,,,,,,,,,1,12,travel_derived,,,xeon,,,,
travel_n12_k01,base,fg_ducs_otf_eager_controllable,TIMEOUT,True,False,5,0,False,False,False,1:TIMEOUT;2:SKIPPED_AFTER_RESOURCE_FAILURE;3:SKIPPED_AFTER_RESOURCE_FAILURE;4:SKIPPED_AFTER_RESOURCE_FAILURE;5:SKIPPED_AFTER_RESOURCE_FAILURE,False,solve_and_internal_check_lts,1,,,,,,,,,,,,,,,1,12,travel_derived,,,xeon,,,,
travel_n12_k01,base,fg_ducs_otf_update_first,TIMEOUT,True,False,5,0,False,False,False,1:TIMEOUT;2:SKIPPED_AFTER_RESOURCE_FAILURE;3:SKIPPED_AFTER_RESOURCE_FAILURE;4:SKIPPED_AFTER_RESOURCE_FAILURE;5:SKIPPED_AFTER_RESOURCE_FAILURE,False,solve_and_internal_check_lts,1,,,,,,,,,,,,,,,1,12,travel_derived,,,xeon,,,,
travel_n12_k01,base,direct_full,TIMEOUT,True,False,5,0,False,False,False,1:TIMEOUT;2:SKIPPED_AFTER_RESOURCE_FAILURE;3:SKIPPED_AFTER_RESOURCE_FAILURE;4:SKIPPED_AFTER_RESOURCE_FAILURE;5:SKIPPED_AFTER_RESOURCE_FAILURE,False,solve_and_internal_check_lts,1,,,,,,,,,,,,,,,1,12,travel_derived,,,xeon,,,,
travel_n12_k02,base,fg_ducs_otf,TIMEOUT,True,False,5,0,False,False,False,1:TIMEOUT;2:SKIPPED_AFTER_RESOURCE_FAILURE;3:SKIPPED_AFTER_RESOURCE_FAILURE;4:SKIPPED_AFTER_RESOURCE_FAILURE;5:SKIPPED_AFTER_RESOURCE_FAILURE,False,solve_and_internal_check_lts,1,,,,,,,,,,,,,,,2,12,travel_derived,,,xeon,,,,
travel_n12_k02,base,fg_ducs_otf_eager_controllable,TIMEOUT,True,False,5,0,False,False,False,1:TIMEOUT;2:SKIPPED_AFTER_RESOURCE_FAILURE;3:SKIPPED_AFTER_RESOURCE_FAILURE;4:SKIPPED_AFTER_RESOURCE_FAILURE;5:SKIPPED_AFTER_RESOURCE_FAILURE,False,solve_and_internal_check_lts,1,,,,,,,,,,,,,,,2,12,travel_derived,,,xeon,,,,
travel_n12_k02,base,fg_ducs_otf_update_first,TIMEOUT,True,False,5,0,False,False,False,1:TIMEOUT;2:SKIPPED_AFTER_RESOURCE_FAILURE;3:SKIPPED_AFTER_RESOURCE_FAILURE;4:SKIPPED_AFTER_RESOURCE_FAILURE;5:SKIPPED_AFTER_RESOURCE_FAILURE,False,solve_and_internal_check_lts,1,,,,,,,,,,,,,,,2,12,travel_derived,,,xeon,,,,
travel_n12_k02,base,direct_full,TIMEOUT,True,False,5,0,False,False,False,1:TIMEOUT;2:SKIPPED_AFTER_RESOURCE_FAILURE;3:SKIPPED_AFTER_RESOURCE_FAILURE;4:SKIPPED_AFTER_RESOURCE_FAILURE;5:SKIPPED_AFTER_RESOURCE_FAILURE,False,solve_and_internal_check_lts,1,,,,,,,,,,,,,,,2,12,travel_derived,,,xeon,,,,
travel_n12_k04,base,fg_ducs_otf,TIMEOUT,True,False,5,0,False,False,False,1:TIMEOUT;2:SKIPPED_AFTER_RESOURCE_FAILURE;3:SKIPPED_AFTER_RESOURCE_FAILURE;4:SKIPPED_AFTER_RESOURCE_FAILURE;5:SKIPPED_AFTER_RESOURCE_FAILURE,False,solve_and_internal_check_lts,1,,,,,,,,,,,,,,,4,12,travel_derived,,,xeon,,,,
travel_n12_k04,base,fg_ducs_otf_eager_controllable,TIMEOUT,True,False,5,0,False,False,False,1:TIMEOUT;2:SKIPPED_AFTER_RESOURCE_FAILURE;3:SKIPPED_AFTER_RESOURCE_FAILURE;4:SKIPPED_AFTER_RESOURCE_FAILURE;5:SKIPPED_AFTER_RESOURCE_FAILURE,False,solve_and_internal_check_lts,1,,,,,,,,,,,,,,,4,12,travel_derived,,,xeon,,,,
travel_n12_k04,base,fg_ducs_otf_update_first,TIMEOUT,True,False,5,0,False,False,False,1:TIMEOUT;2:SKIPPED_AFTER_RESOURCE_FAILURE;3:SKIPPED_AFTER_RESOURCE_FAILURE;4:SKIPPED_AFTER_RESOURCE_FAILURE;5:SKIPPED_AFTER_RESOURCE_FAILURE,False,solve_and_internal_check_lts,1,,,,,,,,,,,,,,,4,12,travel_derived,,,xeon,,,,
travel_n12_k04,base,direct_full,TIMEOUT,True,False,5,0,False,False,False,1:TIMEOUT;2:SKIPPED_AFTER_RESOURCE_FAILURE;3:SKIPPED_AFTER_RESOURCE_FAILURE;4:SKIPPED_AFTER_RESOURCE_FAILURE;5:SKIPPED_AFTER_RESOURCE_FAILURE,False,solve_and_internal_check_lts,1,,,,,,,,,,,,,,,4,12,travel_derived,,,xeon,,,,
travel_n12_k06,base,fg_ducs_otf,TIMEOUT,True,False,5,0,False,False,False,1:TIMEOUT;2:SKIPPED_AFTER_RESOURCE_FAILURE;3:SKIPPED_AFTER_RESOURCE_FAILURE;4:SKIPPED_AFTER_RESOURCE_FAILURE;5:SKIPPED_AFTER_RESOURCE_FAILURE,False,solve_and_internal_check_lts,1,,,,,,,,,,,,,,,6,12,travel_derived,,,xeon,,,,
travel_n12_k06,base,fg_ducs_otf_eager_controllable,TIMEOUT,True,False,5,0,False,False,False,1:TIMEOUT;2:SKIPPED_AFTER_RESOURCE_FAILURE;3:SKIPPED_AFTER_RESOURCE_FAILURE;4:SKIPPED_AFTER_RESOURCE_FAILURE;5:SKIPPED_AFTER_RESOURCE_FAILURE,False,solve_and_internal_check_lts,1,,,,,,,,,,,,,,,6,12,travel_derived,,,xeon,,,,
travel_n12_k06,base,fg_ducs_otf_update_first,TIMEOUT,True,False,5,0,False,False,False,1:TIMEOUT;2:SKIPPED_AFTER_RESOURCE_FAILURE;3:SKIPPED_AFTER_RESOURCE_FAILURE;4:SKIPPED_AFTER_RESOURCE_FAILURE;5:SKIPPED_AFTER_RESOURCE_FAILURE,False,solve_and_internal_check_lts,1,,,,,,,,,,,,,,,6,12,travel_derived,,,xeon,,,,
travel_n12_k06,base,direct_full,TIMEOUT,True,False,5,0,False,False,False,1:TIMEOUT;2:SKIPPED_AFTER_RESOURCE_FAILURE;3:SKIPPED_AFTER_RESOURCE_FAILURE;4:SKIPPED_AFTER_RESOURCE_FAILURE;5:SKIPPED_AFTER_RESOURCE_FAILURE,False,solve_and_internal_check_lts,1,,,,,,,,,,,,,,,6,12,travel_derived,,,xeon,,,,
travel_n12_k08,base,fg_ducs_otf,TIMEOUT,True,False,5,0,False,False,False,1:TIMEOUT;2:SKIPPED_AFTER_RESOURCE_FAILURE;3:SKIPPED_AFTER_RESOURCE_FAILURE;4:SKIPPED_AFTER_RESOURCE_FAILURE;5:SKIPPED_AFTER_RESOURCE_FAILURE,False,solve_and_internal_check_lts,1,,,,,,,,,,,,,,,8,12,travel_derived,,,xeon,,,,
travel_n12_k08,base,fg_ducs_otf_eager_controllable,TIMEOUT,True,False,5,0,False,False,False,1:TIMEOUT;2:SKIPPED_AFTER_RESOURCE_FAILURE;3:SKIPPED_AFTER_RESOURCE_FAILURE;4:SKIPPED_AFTER_RESOURCE_FAILURE;5:SKIPPED_AFTER_RESOURCE_FAILURE,False,solve_and_internal_check_lts,1,,,,,,,,,,,,,,,8,12,travel_derived,,,xeon,,,,
travel_n12_k08,base,fg_ducs_otf_update_first,TIMEOUT,True,False,5,0,False,False,False,1:TIMEOUT;2:SKIPPED_AFTER_RESOURCE_FAILURE;3:SKIPPED_AFTER_RESOURCE_FAILURE;4:SKIPPED_AFTER_RESOURCE_FAILURE;5:SKIPPED_AFTER_RESOURCE_FAILURE,False,solve_and_internal_check_lts,1,,,,,,,,,,,,,,,8,12,travel_derived,,,xeon,,,,
travel_n12_k08,base,direct_full,TIMEOUT,True,False,5,0,False,False,False,1:TIMEOUT;2:SKIPPED_AFTER_RESOURCE_FAILURE;3:SKIPPED_AFTER_RESOURCE_FAILURE;4:SKIPPED_AFTER_RESOURCE_FAILURE;5:SKIPPED_AFTER_RESOURCE_FAILURE,False,solve_and_internal_check_lts,1,,,,,,,,,,,,,,,8,12,travel_derived,,,xeon,,,,
travel_n12_k12,base,fg_ducs_otf,TIMEOUT,True,False,5,0,False,False,False,1:TIMEOUT;2:SKIPPED_AFTER_RESOURCE_FAILURE;3:SKIPPED_AFTER_RESOURCE_FAILURE;4:SKIPPED_AFTER_RESOURCE_FAILURE;5:SKIPPED_AFTER_RESOURCE_FAILURE,False,solve_and_internal_check_lts,1,,,,,,,,,,,,,,,12,12,travel_derived,,,xeon,,,,
travel_n12_k12,base,fg_ducs_otf_eager_controllable,TIMEOUT,True,False,5,0,False,False,False,1:TIMEOUT;2:SKIPPED_AFTER_RESOURCE_FAILURE;3:SKIPPED_AFTER_RESOURCE_FAILURE;4:SKIPPED_AFTER_RESOURCE_FAILURE;5:SKIPPED_AFTER_RESOURCE_FAILURE,False,solve_and_internal_check_lts,1,,,,,,,,,,,,,,,12,12,travel_derived,,,xeon,,,,
travel_n12_k12,base,fg_ducs_otf_update_first,TIMEOUT,True,False,5,0,False,False,False,1:TIMEOUT;2:SKIPPED_AFTER_RESOURCE_FAILURE;3:SKIPPED_AFTER_RESOURCE_FAILURE;4:SKIPPED_AFTER_RESOURCE_FAILURE;5:SKIPPED_AFTER_RESOURCE_FAILURE,False,solve_and_internal_check_lts,1,,,,,,,,,,,,,,,12,12,travel_derived,,,xeon,,,,
travel_n12_k12,base,direct_full,TIMEOUT,True,False,5,0,False,False,False,1:TIMEOUT;2:SKIPPED_AFTER_RESOURCE_FAILURE;3:SKIPPED_AFTER_RESOURCE_FAILURE;4:SKIPPED_AFTER_RESOURCE_FAILURE;5:SKIPPED_AFTER_RESOURCE_FAILURE,False,solve_and_internal_check_lts,1,,,,,,,,,,,,,,,12,12,travel_derived,,,xeon,,,,
travel_n12_k16,base,fg_ducs_otf,TIMEOUT,True,False,5,0,False,False,False,1:TIMEOUT;2:SKIPPED_AFTER_RESOURCE_FAILURE;3:SKIPPED_AFTER_RESOURCE_FAILURE;4:SKIPPED_AFTER_RESOURCE_FAILURE;5:SKIPPED_AFTER_RESOURCE_FAILURE,False,solve_and_internal_check_lts,1,,,,,,,,,,,,,,,16,12,travel_derived,,,xeon,,,,
travel_n12_k16,base,fg_ducs_otf_eager_controllable,TIMEOUT,True,False,5,0,False,False,False,1:TIMEOUT;2:SKIPPED_AFTER_RESOURCE_FAILURE;3:SKIPPED_AFTER_RESOURCE_FAILURE;4:SKIPPED_AFTER_RESOURCE_FAILURE;5:SKIPPED_AFTER_RESOURCE_FAILURE,False,solve_and_internal_check_lts,1,,,,,,,,,,,,,,,16,12,travel_derived,,,xeon,,,,
travel_n12_k16,base,fg_ducs_otf_update_first,TIMEOUT,True,False,5,0,False,False,False,1:TIMEOUT;2:SKIPPED_AFTER_RESOURCE_FAILURE;3:SKIPPED_AFTER_RESOURCE_FAILURE;4:SKIPPED_AFTER_RESOURCE_FAILURE;5:SKIPPED_AFTER_RESOURCE_FAILURE,False,solve_and_internal_check_lts,1,,,,,,,,,,,,,,,16,12,travel_derived,,,xeon,,,,
travel_n12_k16,base,direct_full,TIMEOUT,True,False,5,0,False,False,False,1:TIMEOUT;2:SKIPPED_AFTER_RESOURCE_FAILURE;3:SKIPPED_AFTER_RESOURCE_FAILURE;4:SKIPPED_AFTER_RESOURCE_FAILURE;5:SKIPPED_AFTER_RESOURCE_FAILURE,False,solve_and_internal_check_lts,1,,,,,,,,,,,,,,,16,12,travel_derived,,,xeon,,,,
travel_n12_k20,base,fg_ducs_otf,TIMEOUT,True,False,5,0,False,False,False,1:TIMEOUT;2:SKIPPED_AFTER_RESOURCE_FAILURE;3:SKIPPED_AFTER_RESOURCE_FAILURE;4:SKIPPED_AFTER_RESOURCE_FAILURE;5:SKIPPED_AFTER_RESOURCE_FAILURE,False,solve_and_internal_check_lts,1,,,,,,,,,,,,,,,20,12,travel_derived,,,xeon,,,,
travel_n12_k20,base,fg_ducs_otf_eager_controllable,TIMEOUT,True,False,5,0,False,False,False,1:TIMEOUT;2:SKIPPED_AFTER_RESOURCE_FAILURE;3:SKIPPED_AFTER_RESOURCE_FAILURE;4:SKIPPED_AFTER_RESOURCE_FAILURE;5:SKIPPED_AFTER_RESOURCE_FAILURE,False,solve_and_internal_check_lts,1,,,,,,,,,,,,,,,20,12,travel_derived,,,xeon,,,,
travel_n12_k20,base,fg_ducs_otf_update_first,TIMEOUT,True,False,5,0,False,False,False,1:TIMEOUT;2:SKIPPED_AFTER_RESOURCE_FAILURE;3:SKIPPED_AFTER_RESOURCE_FAILURE;4:SKIPPED_AFTER_RESOURCE_FAILURE;5:SKIPPED_AFTER_RESOURCE_FAILURE,False,solve_and_internal_check_lts,1,,,,,,,,,,,,,,,20,12,travel_derived,,,xeon,,,,
travel_n12_k20,base,direct_full,TIMEOUT,True,False,5,0,False,False,False,1:TIMEOUT;2:SKIPPED_AFTER_RESOURCE_FAILURE;3:SKIPPED_AFTER_RESOURCE_FAILURE;4:SKIPPED_AFTER_RESOURCE_FAILURE;5:SKIPPED_AFTER_RESOURCE_FAILURE,False,solve_and_internal_check_lts,1,,,,,,,,,,,,,,,20,12,travel_derived,,,xeon,,,,
hub_s698_u0,base,fg_ducs_otf,SUCCESS,True,True,5,5,False,False,False,1:SUCCESS;2:SUCCESS;3:SUCCESS;4:SUCCESS;5:SUCCESS,True,solver_only_synthetic,1,4609,92849,31340,22,21,654.4729,636.5158,663.9726,2.9225656,2.921332,3.0231137,360235008.0,355131392.0,367869952.0,,,n4_hub,u0,698,xeon,4609.0,0.6544729,0.6365158000000001,0.6639726
hub_s698_u0,base,fg_ducs_otf_eager_controllable,SUCCESS,True,True,5,5,False,False,False,1:SUCCESS;2:SUCCESS;3:SUCCESS;4:SUCCESS;5:SUCCESS,True,solver_only_synthetic,1,84,658,179,23,22,28.6613,27.8545,30.0828,2.3173958,2.2199104,2.3231116,64380928.0,63602688.0,78610432.0,,,n4_hub,u0,698,xeon,84.0,0.0286613,0.0278545,0.0300828
hub_s698_u0,base,fg_ducs_otf_update_first,SUCCESS,True,True,5,5,False,False,False,1:SUCCESS;2:SUCCESS;3:SUCCESS;4:SUCCESS;5:SUCCESS,True,solver_only_synthetic,1,4880,101717,33543,22,21,592.9315,579.7303,595.3588,2.9215972,2.8215315,2.9251446,332935168.0,327684096.0,341237760.0,,,n4_hub,u0,698,xeon,4880.0,0.5929315000000001,0.5797303,0.5953588
hub_s698_u0,base,direct_full,SUCCESS,True,True,5,5,False,False,False,1:SUCCESS;2:SUCCESS;3:SUCCESS;4:SUCCESS;5:SUCCESS,True,solver_only_synthetic,1,8967,264107,83236,22,21,4505.2759,4494.5004,4563.0444,6.9523837,6.9469224,7.0499439,2355855360.0,2348355584.0,2367008768.0,,,n4_hub,u0,698,xeon,8967.0,4.5052759,4.4945004,4.5630444
hub_s698_u_local,base,fg_ducs_otf,SUCCESS,True,True,5,5,False,False,False,1:SUCCESS;2:SUCCESS;3:SUCCESS;4:SUCCESS;5:SUCCESS,True,solver_only_synthetic,1,257,1970,690,23,22,82.8903,82.7713,87.1646,2.319421,2.3174707,2.4239282,123916288.0,100802560.0,128327680.0,,,n4_hub,u_local,698,xeon,257.0,0.0828903,0.08277129999999999,0.0871646
hub_s698_u_local,base,fg_ducs_otf_eager_controllable,SUCCESS,True,True,5,5,False,False,False,1:SUCCESS;2:SUCCESS;3:SUCCESS;4:SUCCESS;5:SUCCESS,True,solver_only_synthetic,1,72,550,139,23,22,28.0879,27.4422,29.1267,2.3181107,2.2217498,2.3195017,73814016.0,68976640.0,83771392.0,,,n4_hub,u_local,698,xeon,72.0,0.028087900000000002,0.0274422,0.029126700000000002
hub_s698_u_local,base,fg_ducs_otf_update_first,SUCCESS,True,True,5,5,False,False,False,1:SUCCESS;2:SUCCESS;3:SUCCESS;4:SUCCESS;5:SUCCESS,True,solver_only_synthetic,1,277,2257,760,23,22,80.904,79.3101,83.9831,2.3183371,2.3166726,2.320159,119554048.0,112812032.0,121589760.0,,,n4_hub,u_local,698,xeon,277.0,0.080904,0.07931010000000001,0.08398309999999999
hub_s698_u_local,base,direct_full,SUCCESS,True,True,5,5,False,False,False,1:SUCCESS;2:SUCCESS;3:SUCCESS;4:SUCCESS;5:SUCCESS,True,solver_only_synthetic,1,9998,324278,91808,23,22,4976.0696,4930.4636,5106.8481,7.4533601,7.3572285,7.5596679,2411847680.0,2384060416.0,2522595328.0,,,n4_hub,u_local,698,xeon,9998.0,4.9760696,4.9304636,5.106848100000001
hub_s698_u_cross,base,fg_ducs_otf,SUCCESS,True,True,5,5,False,False,False,1:SUCCESS;2:SUCCESS;3:SUCCESS;4:SUCCESS;5:SUCCESS,True,solver_only_synthetic,1,258,1980,691,23,22,83.3413,81.7018,86.0125,2.3168162,2.3164595,2.3189474,126775296.0,120389632.0,130203648.0,,,n4_hub,u_cross,698,xeon,258.0,0.08334130000000001,0.0817018,0.0860125
hub_s698_u_cross,base,fg_ducs_otf_eager_controllable,SUCCESS,True,True,5,5,False,False,False,1:SUCCESS;2:SUCCESS;3:SUCCESS;4:SUCCESS;5:SUCCESS,True,solver_only_synthetic,1,72,550,139,23,22,27.9452,27.5553,28.7216,2.3171479,2.3165568,2.3189163,69455872.0,60698624.0,75231232.0,,,n4_hub,u_cross,698,xeon,72.0,0.0279452,0.0275553,0.0287216
hub_s698_u_cross,base,fg_ducs_otf_update_first,SUCCESS,True,True,5,5,False,False,False,1:SUCCESS;2:SUCCESS;3:SUCCESS;4:SUCCESS;5:SUCCESS,True,solver_only_synthetic,1,278,2270,761,23,22,78.9083,77.9336,84.3999,2.3177048,2.3167797,2.3188634,116461568.0,114933760.0,119001088.0,,,n4_hub,u_cross,698,xeon,278.0,0.0789083,0.0779336,0.0843999
hub_s698_u_cross,base,direct_full,SUCCESS,True,True,5,5,False,False,False,1:SUCCESS;2:SUCCESS;3:SUCCESS;4:SUCCESS;5:SUCCESS,True,solver_only_synthetic,1,10472,341192,94806,23,22,5162.5147,5129.5844,5187.9126,7.6541152,7.5599426,7.6581006,2521432064.0,2501648384.0,2570117120.0,,,n4_hub,u_cross,698,xeon,10472.0,5.1625147,5.1295844,5.1879126
hub_s917_u0,base,fg_ducs_otf,SUCCESS,True,True,5,5,False,False,False,1:SUCCESS;2:SUCCESS;3:SUCCESS;4:SUCCESS;5:SUCCESS,True,solver_only_synthetic,1,2980,58542,20482,30,32,480.922,477.1543,485.1677,2.7228177,2.7219163,2.8210364,317132800.0,313032704.0,343805952.0,,,n4_hub,u0,917,xeon,2980.0,0.480922,0.4771543,0.48516770000000004
hub_s917_u0,base,fg_ducs_otf_eager_controllable,SUCCESS,True,True,5,5,False,False,False,1:SUCCESS;2:SUCCESS;3:SUCCESS;4:SUCCESS;5:SUCCESS,True,solver_only_synthetic,1,817,23508,5594,22,23,182.1065,178.6444,182.529,2.4176774,2.4171704,2.4240182,230125568.0,223277056.0,238936064.0,,,n4_hub,u0,917,xeon,817.0,0.1821065,0.17864439999999998,0.182529
hub_s917_u0,base,fg_ducs_otf_update_first,SUCCESS,True,True,5,5,False,False,False,1:SUCCESS;2:SUCCESS;3:SUCCESS;4:SUCCESS;5:SUCCESS,True,solver_only_synthetic,1,3169,63486,21816,30,32,459.4865,450.0635,469.8206,2.7216111,2.7209644,2.7287482,338841600.0,322887680.0,342126592.0,,,n4_hub,u0,917,xeon,3169.0,0.45948649999999996,0.4500635,0.46982060000000003
hub_s917_u0,base,direct_full,SUCCESS,True,True,5,5,False,False,False,1:SUCCESS;2:SUCCESS;3:SUCCESS;4:SUCCESS;5:SUCCESS,True,solver_only_synthetic,1,8967,273073,86820,30,32,4914.0535,4849.3165,4951.8258,7.3546284,7.2566714,7.361568,2404016128.0,2360717312.0,2423447552.0,,,n4_hub,u0,917,xeon,8967.0,4.9140535000000005,4.8493165,4.9518258
hub_s917_u_local,base,fg_ducs_otf,SUCCESS,True,True,5,5,False,False,False,1:SUCCESS;2:SUCCESS;3:SUCCESS;4:SUCCESS;5:SUCCESS,True,solver_only_synthetic,1,131,925,284,39,41,63.1187,61.3194,63.2609,2.3190144,2.317342,2.3203849,107823104.0,104763392.0,112803840.0,,,n4_hub,u_local,917,xeon,131.0,0.0631187,0.0613194,0.0632609
hub_s917_u_local,base,fg_ducs_otf_eager_controllable,SUCCESS,True,True,5,5,False,False,False,1:SUCCESS;2:SUCCESS;3:SUCCESS;4:SUCCESS;5:SUCCESS,True,solver_only_synthetic,1,380,4912,904,31,33,97.6834,93.0184,99.6011,2.3180452,2.3160931,2.3184396,125788160.0,124674048.0,134574080.0,,,n4_hub,u_local,917,xeon,380.0,0.0976834,0.0930184,0.0996011
hub_s917_u_local,base,fg_ducs_otf_update_first,SUCCESS,True,True,5,5,False,False,False,1:SUCCESS;2:SUCCESS;3:SUCCESS;4:SUCCESS;5:SUCCESS,True,solver_only_synthetic,1,133,1034,301,39,41,57.0005,54.6533,57.2606,2.3181057,2.3158283,2.3227134,105209856.0,102305792.0,106426368.0,,,n4_hub,u_local,917,xeon,133.0,0.0570005,0.0546533,0.057260599999999995
hub_s917_u_local,base,direct_full,SUCCESS,True,True,5,5,False,False,False,1:SUCCESS;2:SUCCESS;3:SUCCESS;4:SUCCESS;5:SUCCESS,True,solver_only_synthetic,1,14264,482568,129987,39,41,6846.4859,6790.5339,7125.4411,9.3677305,9.1838522,9.6707252,2552131584.0,2461790208.0,3438755840.0,,,n4_hub,u_local,917,xeon,14264.0,6.8464859,6.790533900000001,7.1254411
hub_s917_u_cross,base,fg_ducs_otf,SUCCESS,True,True,5,5,False,False,False,1:SUCCESS;2:SUCCESS;3:SUCCESS;4:SUCCESS;5:SUCCESS,True,solver_only_synthetic,1,150,1130,318,49,50,65.7002,63.5857,68.9338,2.3183248,2.3180308,2.3228727,113221632.0,107184128.0,116703232.0,,,n4_hub,u_cross,917,xeon,150.0,0.0657002,0.06358570000000001,0.0689338
hub_s917_u_cross,base,fg_ducs_otf_eager_controllable,SUCCESS,True,True,5,5,False,False,False,1:SUCCESS;2:SUCCESS;3:SUCCESS;4:SUCCESS;5:SUCCESS,True,solver_only_synthetic,1,507,8169,1384,41,42,125.4922,123.4404,128.6961,2.4185794,2.4173376,2.4217553,134852608.0,118829056.0,140902400.0,,,n4_hub,u_cross,917,xeon,507.0,0.1254922,0.1234404,0.1286961
hub_s917_u_cross,base,fg_ducs_otf_update_first,SUCCESS,True,True,5,5,False,False,False,1:SUCCESS;2:SUCCESS;3:SUCCESS;4:SUCCESS;5:SUCCESS,True,solver_only_synthetic,1,145,1264,357,30,31,60.5142,57.576,61.7377,2.3184017,2.3172181,2.322002,109395968.0,104386560.0,111894528.0,,,n4_hub,u_cross,917,xeon,145.0,0.060514200000000004,0.057576,0.0617377
hub_s917_u_cross,base,direct_full,SUCCESS,True,True,5,5,False,False,False,1:SUCCESS;2:SUCCESS;3:SUCCESS;4:SUCCESS;5:SUCCESS,True,solver_only_synthetic,1,14264,482568,129987,49,50,6821.9489,6768.3478,6977.3604,9.2779012,9.1779548,9.4715493,2504699904.0,2440777728.0,3305439232.0,,,n4_hub,u_cross,917,xeon,14264.0,6.821948900000001,6.7683478,6.977360399999999
hub_s1818_u0,base,fg_ducs_otf,SUCCESS,True,True,5,5,False,False,False,1:SUCCESS;2:SUCCESS;3:SUCCESS;4:SUCCESS;5:SUCCESS,True,solver_only_synthetic,1,2253,33759,12163,22,21,359.5316,349.8158,366.9459,2.6200214,2.5246104,2.6212655,279687168.0,275529728.0,294555648.0,,,n4_hub,u0,1818,xeon,2253.0,0.3595316,0.3498158,0.3669459
hub_s1818_u0,base,fg_ducs_otf_eager_controllable,SUCCESS,True,True,5,5,False,False,False,1:SUCCESS;2:SUCCESS;3:SUCCESS;4:SUCCESS;5:SUCCESS,True,solver_only_synthetic,1,84,614,179,23,22,28.5627,28.1896,28.8759,2.3165135,2.2169445,2.3193795,63016960.0,62201856.0,65511424.0,,,n4_hub,u0,1818,xeon,84.0,0.0285627,0.0281896,0.028875900000000003
hub_s1818_u0,base,fg_ducs_otf_update_first,SUCCESS,True,True,5,5,False,False,False,1:SUCCESS;2:SUCCESS;3:SUCCESS;4:SUCCESS;5:SUCCESS,True,solver_only_synthetic,1,2509,39375,13647,22,21,326.6729,320.6619,331.2173,2.6193871,2.6184636,2.6219137,292311040.0,282066944.0,296316928.0,,,n4_hub,u0,1818,xeon,2509.0,0.32667290000000004,0.3206619,0.33121730000000005
hub_s1818_u0,base,direct_full,SUCCESS,True,True,5,5,False,False,False,1:SUCCESS;2:SUCCESS;3:SUCCESS;4:SUCCESS;5:SUCCESS,True,solver_only_synthetic,1,8967,246175,78756,22,21,4360.5048,4352.3994,4422.5835,6.7592673,6.7497031,6.8581437,2216124416.0,2196156416.0,2222055424.0,,,n4_hub,u0,1818,xeon,8967.0,4.3605048,4.3523994,4.4225835
hub_s1818_u_local,base,fg_ducs_otf,SUCCESS,True,True,5,5,False,False,False,1:SUCCESS;2:SUCCESS;3:SUCCESS;4:SUCCESS;5:SUCCESS,True,solver_only_synthetic,1,256,1885,690,23,22,82.6442,80.7831,83.6982,2.3174881,2.3169185,2.3187974,123539456.0,118308864.0,125423616.0,,,n4_hub,u_local,1818,xeon,256.0,0.0826442,0.08078310000000001,0.0836982
hub_s1818_u_local,base,fg_ducs_otf_eager_controllable,SUCCESS,True,True,5,5,False,False,False,1:SUCCESS;2:SUCCESS;3:SUCCESS;4:SUCCESS;5:SUCCESS,True,solver_only_synthetic,1,72,522,141,23,22,28.4553,27.2245,29.4382,2.318192,2.316585,2.3195696,72257536.0,62427136.0,74870784.0,,,n4_hub,u_local,1818,xeon,72.0,0.028455300000000003,0.0272245,0.029438199999999998
hub_s1818_u_local,base,fg_ducs_otf_update_first,SUCCESS,True,True,5,5,False,False,False,1:SUCCESS;2:SUCCESS;3:SUCCESS;4:SUCCESS;5:SUCCESS,True,solver_only_synthetic,1,277,2200,766,23,22,77.2749,76.098,78.7897,2.3173555,2.3162722,2.4166801,117411840.0,94543872.0,118218752.0,,,n4_hub,u_local,1818,xeon,277.0,0.07727490000000001,0.076098,0.0787897
hub_s1818_u_local,base,direct_full,SUCCESS,True,True,5,5,False,False,False,1:SUCCESS;2:SUCCESS;3:SUCCESS;4:SUCCESS;5:SUCCESS,True,solver_only_synthetic,1,14264,439800,118982,23,22,6450.4818,6391.5328,6529.9429,8.9565671,8.8630524,9.0755831,3020058624.0,3004911616.0,3027849216.0,,,n4_hub,u_local,1818,xeon,14264.0,6.4504817999999995,6.3915328,6.5299429
hub_s1818_u_cross,base,fg_ducs_otf,SUCCESS,True,True,5,5,False,False,False,1:SUCCESS;2:SUCCESS;3:SUCCESS;4:SUCCESS;5:SUCCESS,True,solver_only_synthetic,1,259,1922,694,23,22,81.4901,81.0142,82.9075,2.3180822,2.3159179,2.3199378,122941440.0,113471488.0,124358656.0,,,n4_hub,u_cross,1818,xeon,259.0,0.0814901,0.08101420000000001,0.0829075
hub_s1818_u_cross,base,fg_ducs_otf_eager_controllable,SUCCESS,True,True,5,5,False,False,False,1:SUCCESS;2:SUCCESS;3:SUCCESS;4:SUCCESS;5:SUCCESS,True,solver_only_synthetic,1,72,522,141,23,22,28.1172,27.4485,29.7426,2.3176153,2.2199254,2.3182493,71122944.0,67866624.0,84598784.0,,,n4_hub,u_cross,1818,xeon,72.0,0.028117200000000002,0.0274485,0.0297426
hub_s1818_u_cross,base,fg_ducs_otf_update_first,SUCCESS,True,True,5,5,False,False,False,1:SUCCESS;2:SUCCESS;3:SUCCESS;4:SUCCESS;5:SUCCESS,True,solver_only_synthetic,1,280,2246,770,23,22,77.5008,74.08,78.5498,2.3196561,2.3180383,2.3202975,115769344.0,108957696.0,118345728.0,,,n4_hub,u_cross,1818,xeon,280.0,0.0775008,0.07408,0.0785498
hub_s1818_u_cross,base,direct_full,SUCCESS,True,True,5,5,False,False,False,1:SUCCESS;2:SUCCESS;3:SUCCESS;4:SUCCESS;5:SUCCESS,True,solver_only_synthetic,1,14264,439800,118982,23,22,6396.8183,6371.1993,6495.0407,8.9668551,8.8606201,8.970208,3015503872.0,2999422976.0,3044143104.0,,,n4_hub,u_cross,1818,xeon,14264.0,6.3968183,6.371199300000001,6.4950407
hub_s2343_u0,base,fg_ducs_otf,SUCCESS,True,True,5,5,False,False,False,1:SUCCESS;2:SUCCESS;3:SUCCESS;4:SUCCESS;5:SUCCESS,True,solver_only_synthetic,1,1742,26172,9232,36,42,299.1903,293.6975,301.1849,2.5195008,2.5190412,2.5202345,265646080.0,263876608.0,268562432.0,,,n4_hub,u0,2343,xeon,1742.0,0.29919029999999996,0.2936975,0.30118490000000003
hub_s2343_u0,base,fg_ducs_otf_eager_controllable,SUCCESS,True,True,5,5,False,False,False,1:SUCCESS;2:SUCCESS;3:SUCCESS;4:SUCCESS;5:SUCCESS,True,solver_only_synthetic,1,3112,85124,22878,31,35,410.6982,407.742,421.9681,2.7202319,2.6191394,2.7229619,311062528.0,303083520.0,317636608.0,,,n4_hub,u0,2343,xeon,3112.0,0.4106982,0.40774200000000005,0.4219681
hub_s2343_u0,base,fg_ducs_otf_update_first,SUCCESS,True,True,5,5,False,False,False,1:SUCCESS;2:SUCCESS;3:SUCCESS;4:SUCCESS;5:SUCCESS,True,solver_only_synthetic,1,1883,29648,10103,36,42,288.9029,285.358,295.3688,2.5182137,2.5173552,2.5202657,275943424.0,275259392.0,285577216.0,,,n4_hub,u0,2343,xeon,1883.0,0.2889029,0.285358,0.29536880000000004
hub_s2343_u0,base,direct_full,SUCCESS,True,True,5,5,False,False,False,1:SUCCESS;2:SUCCESS;3:SUCCESS;4:SUCCESS;5:SUCCESS,True,solver_only_synthetic,1,8967,246175,80932,34,40,4800.066,4783.3357,4849.7731,7.2551038,7.1565734,7.2593113,2344779776.0,2310590464.0,2397024256.0,,,n4_hub,u0,2343,xeon,8967.0,4.800066,4.783335699999999,4.8497731
hub_s2343_u_local,base,fg_ducs_otf,SUCCESS,True,True,5,5,False,False,False,1:SUCCESS;2:SUCCESS;3:SUCCESS;4:SUCCESS;5:SUCCESS,True,solver_only_synthetic,1,227,1453,439,62,68,77.3637,73.8445,80.3668,2.3195362,2.3177425,2.321371,121528320.0,112275456.0,125100032.0,,,n4_hub,u_local,2343,xeon,227.0,0.0773637,0.0738445,0.0803668
hub_s2343_u_local,base,fg_ducs_otf_eager_controllable,SUCCESS,True,True,5,5,False,False,False,1:SUCCESS;2:SUCCESS;3:SUCCESS;4:SUCCESS;5:SUCCESS,True,solver_only_synthetic,1,2104,28826,6924,62,68,294.8276,291.3299,298.5708,2.5196098,2.5175529,2.6201267,267980800.0,263299072.0,269926400.0,,,n4_hub,u_local,2343,xeon,2104.0,0.2948276,0.29132990000000003,0.2985708
hub_s2343_u_local,base,fg_ducs_otf_update_first,SUCCESS,True,True,5,5,False,False,False,1:SUCCESS;2:SUCCESS;3:SUCCESS;4:SUCCESS;5:SUCCESS,True,solver_only_synthetic,1,217,1519,445,62,68,70.3641,70.2275,72.3885,2.3179638,2.3161451,2.3195803,110723072.0,106983424.0,115343360.0,,,n4_hub,u_local,2343,xeon,217.0,0.0703641,0.07022750000000001,0.0723885
hub_s2343_u_local,base,direct_full,SUCCESS,True,True,5,5,False,False,False,1:SUCCESS;2:SUCCESS;3:SUCCESS;4:SUCCESS;5:SUCCESS,True,solver_only_synthetic,1,14264,439800,120473,63,69,6941.2875,6888.9651,7025.7867,9.4689496,9.3662551,9.575771,3171770368.0,3126456320.0,3206647808.0,,,n4_hub,u_local,2343,xeon,14264.0,6.9412875000000005,6.8889651,7.025786699999999
hub_s2343_u_cross,base,fg_ducs_otf,SUCCESS,True,True,5,5,False,False,False,1:SUCCESS;2:SUCCESS;3:SUCCESS;4:SUCCESS;5:SUCCESS,True,solver_only_synthetic,1,295,2022,568,76,80,89.8729,89.0548,90.2209,2.317462,2.316148,2.3190028,124989440.0,118517760.0,129720320.0,,,n4_hub,u_cross,2343,xeon,295.0,0.0898729,0.0890548,0.0902209
hub_s2343_u_cross,base,fg_ducs_otf_eager_controllable,SUCCESS,True,True,5,5,False,False,False,1:SUCCESS;2:SUCCESS;3:SUCCESS;4:SUCCESS;5:SUCCESS,True,solver_only_synthetic,1,2358,35063,7970,73,77,323.0364,320.5352,328.6857,2.6219853,2.6198817,2.6226908,269062144.0,262066176.0,275755008.0,,,n4_hub,u_cross,2343,xeon,2358.0,0.3230364,0.32053519999999996,0.3286857
hub_s2343_u_cross,base,fg_ducs_otf_update_first,SUCCESS,True,True,5,5,False,False,False,1:SUCCESS;2:SUCCESS;3:SUCCESS;4:SUCCESS;5:SUCCESS,True,solver_only_synthetic,1,291,2165,580,47,49,81.3819,80.402,85.6699,2.3172975,2.3172199,2.3202103,117301248.0,111116288.0,119078912.0,,,n4_hub,u_cross,2343,xeon,291.0,0.08138190000000001,0.080402,0.0856699
hub_s2343_u_cross,base,direct_full,SUCCESS,True,True,5,5,False,False,False,1:SUCCESS;2:SUCCESS;3:SUCCESS;4:SUCCESS;5:SUCCESS,True,solver_only_synthetic,1,14264,439800,120473,87,90,6870.9123,6846.0107,7007.4753,9.3718249,9.3624125,9.5710556,3151511552.0,3145371648.0,3168722944.0,,,n4_hub,u_cross,2343,xeon,14264.0,6.8709123000000005,6.8460107,7.0074753
hub_s2673_u0,base,fg_ducs_otf,SUCCESS,True,True,5,5,False,False,False,1:SUCCESS;2:SUCCESS;3:SUCCESS;4:SUCCESS;5:SUCCESS,True,solver_only_synthetic,1,2078,35757,12328,31,33,350.1036,345.7871,352.924,2.6197093,2.6175687,2.6205792,281849856.0,270684160.0,285175808.0,,,n4_hub,u0,2673,xeon,2078.0,0.35010359999999996,0.3457871,0.35292399999999996
hub_s2673_u0,base,fg_ducs_otf_eager_controllable,SUCCESS,True,True,5,5,False,False,False,1:SUCCESS;2:SUCCESS;3:SUCCESS;4:SUCCESS;5:SUCCESS,True,solver_only_synthetic,1,1581,45486,11386,23,24,276.9817,276.4054,277.5485,2.519268,2.5183055,2.5194368,266760192.0,264970240.0,272748544.0,,,n4_hub,u0,2673,xeon,1581.0,0.2769817,0.27640539999999997,0.2775485
hub_s2673_u0,base,fg_ducs_otf_update_first,SUCCESS,True,True,5,5,False,False,False,1:SUCCESS;2:SUCCESS;3:SUCCESS;4:SUCCESS;5:SUCCESS,True,solver_only_synthetic,1,2208,39477,13230,31,33,330.8927,327.7578,336.1365,2.6186847,2.6176595,2.6211218,282103808.0,279392256.0,288882688.0,,,n4_hub,u0,2673,xeon,2208.0,0.3308927,0.3277578,0.3361365
hub_s2673_u0,base,direct_full,SUCCESS,True,True,5,5,False,False,False,1:SUCCESS;2:SUCCESS;3:SUCCESS;4:SUCCESS;5:SUCCESS,True,solver_only_synthetic,1,8967,264107,84580,30,32,4822.8899,4816.6415,4849.4254,7.2547331,7.2518142,7.3602696,2384564224.0,2350911488.0,2416267264.0,,,n4_hub,u0,2673,xeon,8967.0,4.8228899,4.8166415,4.8494254
hub_s2673_u_local,base,fg_ducs_otf,SUCCESS,True,True,5,5,False,False,False,1:SUCCESS;2:SUCCESS;3:SUCCESS;4:SUCCESS;5:SUCCESS,True,solver_only_synthetic,1,151,1099,347,37,39,65.0558,62.5525,66.8222,2.3181415,2.3177383,2.3192174,110612480.0,105590784.0,112955392.0,,,n4_hub,u_local,2673,xeon,151.0,0.06505580000000001,0.0625525,0.0668222
hub_s2673_u_local,base,fg_ducs_otf_eager_controllable,SUCCESS,True,True,5,5,False,False,False,1:SUCCESS;2:SUCCESS;3:SUCCESS;4:SUCCESS;5:SUCCESS,True,solver_only_synthetic,1,889,11858,2423,42,44,168.405,167.605,171.3066,2.4199202,2.4163644,2.4209546,201859072.0,190488576.0,210272256.0,,,n4_hub,u_local,2673,xeon,889.0,0.168405,0.167605,0.1713066
hub_s2673_u_local,base,fg_ducs_otf_update_first,SUCCESS,True,True,5,5,False,False,False,1:SUCCESS;2:SUCCESS;3:SUCCESS;4:SUCCESS;5:SUCCESS,True,solver_only_synthetic,1,157,1217,360,37,39,61.7072,60.2668,62.4405,2.3173882,2.3168666,2.3183798,104333312.0,102002688.0,111529984.0,,,n4_hub,u_local,2673,xeon,157.0,0.061707200000000004,0.0602668,0.0624405
hub_s2673_u_local,base,direct_full,SUCCESS,True,True,5,5,False,False,False,1:SUCCESS;2:SUCCESS;3:SUCCESS;4:SUCCESS;5:SUCCESS,True,solver_only_synthetic,1,9998,324278,92532,45,47,5220.3967,5188.5327,5304.9247,7.6570701,7.6542017,7.7635746,2461249536.0,2436804608.0,2550243328.0,,,n4_hub,u_local,2673,xeon,9998.0,5.2203967,5.1885327,5.3049247
hub_s2673_u_cross,base,fg_ducs_otf,SUCCESS,True,True,5,5,False,False,False,1:SUCCESS;2:SUCCESS;3:SUCCESS;4:SUCCESS;5:SUCCESS,True,solver_only_synthetic,1,172,1295,376,47,48,69.6804,67.6482,70.0439,2.3181154,2.3169128,2.3201835,114401280.0,103608320.0,114765824.0,,,n4_hub,u_cross,2673,xeon,172.0,0.0696804,0.0676482,0.07004389999999999
hub_s2673_u_cross,base,fg_ducs_otf_eager_controllable,SUCCESS,True,True,5,5,False,False,False,1:SUCCESS;2:SUCCESS;3:SUCCESS;4:SUCCESS;5:SUCCESS,True,solver_only_synthetic,1,1074,16495,3140,56,56,210.9252,207.821,213.3178,2.5179611,2.4198098,2.5207844,219971584.0,193265664.0,247664640.0,,,n4_hub,u_cross,2673,xeon,1074.0,0.2109252,0.207821,0.2133178
hub_s2673_u_cross,base,fg_ducs_otf_update_first,SUCCESS,True,True,5,5,False,False,False,1:SUCCESS;2:SUCCESS;3:SUCCESS;4:SUCCESS;5:SUCCESS,True,solver_only_synthetic,1,175,1421,386,47,48,64.4843,57.6247,65.2569,2.3184337,2.3172505,2.3242269,108851200.0,99913728.0,111263744.0,,,n4_hub,u_cross,2673,xeon,175.0,0.06448430000000001,0.0576247,0.0652569
hub_s2673_u_cross,base,direct_full,SUCCESS,True,True,5,5,False,False,False,1:SUCCESS;2:SUCCESS;3:SUCCESS;4:SUCCESS;5:SUCCESS,True,solver_only_synthetic,1,10472,341192,95463,59,59,5433.5639,5324.6877,5471.1781,7.9487795,7.7671609,7.9638588,2584346624.0,2548711424.0,2587074560.0,,,n4_hub,u_cross,2673,xeon,10472.0,5.4335639,5.3246877,5.4711781
hub_s3242_u0,base,fg_ducs_otf,SUCCESS,True,True,5,5,False,False,False,1:SUCCESS;2:SUCCESS;3:SUCCESS;4:SUCCESS;5:SUCCESS,True,solver_only_synthetic,1,3235,60462,21197,28,28,499.605,494.5186,511.2955,2.8210947,2.8192872,2.8221563,322494464.0,308260864.0,343293952.0,,,n4_hub,u0,3242,xeon,3235.0,0.499605,0.4945186,0.5112955
hub_s3242_u0,base,fg_ducs_otf_eager_controllable,SUCCESS,True,True,5,5,False,False,False,1:SUCCESS;2:SUCCESS;3:SUCCESS;4:SUCCESS;5:SUCCESS,True,solver_only_synthetic,1,565,15145,3544,22,22,126.8495,126.0895,127.7636,2.417729,2.41646,2.419061,172474368.0,143466496.0,179097600.0,,,n4_hub,u0,3242,xeon,565.0,0.1268495,0.1260895,0.1277636
hub_s3242_u0,base,fg_ducs_otf_update_first,SUCCESS,True,True,5,5,False,False,False,1:SUCCESS;2:SUCCESS;3:SUCCESS;4:SUCCESS;5:SUCCESS,True,solver_only_synthetic,1,3417,66833,22895,28,28,466.3687,458.0766,479.4525,2.7194337,2.7191903,2.7214203,313417728.0,308445184.0,329363456.0,,,n4_hub,u0,3242,xeon,3417.0,0.4663687,0.4580766,0.4794525
hub_s3242_u0,base,direct_full,SUCCESS,True,True,5,5,False,False,False,1:SUCCESS;2:SUCCESS;3:SUCCESS;4:SUCCESS;5:SUCCESS,True,solver_only_synthetic,1,8967,264107,84068,25,25,4856.4283,4760.7201,4871.6593,7.2533294,7.1594968,7.2581008,2350866432.0,2286538752.0,2450644992.0,,,n4_hub,u0,3242,xeon,8967.0,4.856428299999999,4.7607200999999995,4.8716593
hub_s3242_u_local,base,fg_ducs_otf,SUCCESS,True,True,5,5,False,False,False,1:SUCCESS;2:SUCCESS;3:SUCCESS;4:SUCCESS;5:SUCCESS,True,solver_only_synthetic,1,131,1108,363,30,30,62.6525,58.8071,63.8555,2.3177747,2.3166072,2.3187167,104988672.0,91570176.0,110616576.0,,,n4_hub,u_local,3242,xeon,131.0,0.0626525,0.0588071,0.0638555
hub_s3242_u_local,base,fg_ducs_otf_eager_controllable,SUCCESS,True,True,5,5,False,False,False,1:SUCCESS;2:SUCCESS;3:SUCCESS;4:SUCCESS;5:SUCCESS,True,solver_only_synthetic,1,257,3155,580,28,28,74.8474,73.6738,78.1011,2.317573,2.3156342,2.3197628,118636544.0,115179520.0,125153280.0,,,n4_hub,u_local,3242,xeon,257.0,0.0748474,0.0736738,0.0781011
hub_s3242_u_local,base,fg_ducs_otf_update_first,SUCCESS,True,True,5,5,False,False,False,1:SUCCESS;2:SUCCESS;3:SUCCESS;4:SUCCESS;5:SUCCESS,True,solver_only_synthetic,1,154,1341,425,30,30,61.3297,60.3929,63.647,2.3168784,2.316297,2.3188664,105033728.0,101359616.0,113344512.0,,,n4_hub,u_local,3242,xeon,154.0,0.0613297,0.0603929,0.063647
hub_s3242_u_local,base,direct_full,SUCCESS,True,True,5,5,False,False,False,1:SUCCESS;2:SUCCESS;3:SUCCESS;4:SUCCESS;5:SUCCESS,True,solver_only_synthetic,1,11932,389356,107188,30,30,5845.35,5795.3698,5923.8178,8.2677163,8.2591548,8.4685608,2476654592.0,2464485376.0,2538205184.0,,,n4_hub,u_local,3242,xeon,11932.0,5.845350000000001,5.7953698000000005,5.9238178
hub_s3242_u_cross,base,fg_ducs_otf,SUCCESS,True,True,5,5,False,False,False,1:SUCCESS;2:SUCCESS;3:SUCCESS;4:SUCCESS;5:SUCCESS,True,solver_only_synthetic,1,132,1124,364,30,30,63.1806,61.2897,63.7982,2.3164905,2.3160128,2.3183848,108814336.0,102289408.0,111800320.0,,,n4_hub,u_cross,3242,xeon,132.0,0.0631806,0.0612897,0.0637982
hub_s3242_u_cross,base,fg_ducs_otf_eager_controllable,SUCCESS,True,True,5,5,False,False,False,1:SUCCESS;2:SUCCESS;3:SUCCESS;4:SUCCESS;5:SUCCESS,True,solver_only_synthetic,1,355,5650,953,38,37,98.9444,98.5948,103.3358,2.3184855,2.3148248,2.417774,121569280.0,116559872.0,127918080.0,,,n4_hub,u_cross,3242,xeon,355.0,0.0989444,0.09859480000000001,0.1033358
hub_s3242_u_cross,base,fg_ducs_otf_update_first,SUCCESS,True,True,5,5,False,False,False,1:SUCCESS;2:SUCCESS;3:SUCCESS;4:SUCCESS;5:SUCCESS,True,solver_only_synthetic,1,155,1360,426,30,30,62.5738,61.9701,64.2102,2.3173334,2.3157629,2.3182818,106713088.0,103886848.0,112230400.0,,,n4_hub,u_cross,3242,xeon,155.0,0.0625738,0.0619701,0.0642102
hub_s3242_u_cross,base,direct_full,SUCCESS,True,True,5,5,False,False,False,1:SUCCESS;2:SUCCESS;3:SUCCESS;4:SUCCESS;5:SUCCESS,True,solver_only_synthetic,1,12280,401816,109300,40,39,6024.6546,5933.2307,6031.4237,8.4641867,8.3615429,8.5622885,2600714240.0,2588094464.0,2616082432.0,,,n4_hub,u_cross,3242,xeon,12280.0,6.0246546,5.9332307,6.0314237
hub_s3821_u0,base,fg_ducs_otf,SUCCESS,True,True,5,5,False,False,False,1:SUCCESS;2:SUCCESS;3:SUCCESS;4:SUCCESS;5:SUCCESS,True,solver_only_synthetic,1,2762,50629,17264,30,32,435.6612,429.8581,442.4851,2.7201876,2.718771,2.7203638,306130944.0,296148992.0,310312960.0,,,n4_hub,u0,3821,xeon,2762.0,0.4356612,0.42985809999999997,0.4424851
hub_s3821_u0,base,fg_ducs_otf_eager_controllable,SUCCESS,True,True,5,5,False,False,False,1:SUCCESS;2:SUCCESS;3:SUCCESS;4:SUCCESS;5:SUCCESS,True,solver_only_synthetic,1,817,22733,5403,22,23,175.2781,172.891,176.8333,2.4207988,2.4175757,2.5200353,225120256.0,224276480.0,235671552.0,,,n4_hub,u0,3821,xeon,817.0,0.1752781,0.172891,0.1768333
hub_s3821_u0,base,fg_ducs_otf_update_first,SUCCESS,True,True,5,5,False,False,False,1:SUCCESS;2:SUCCESS;3:SUCCESS;4:SUCCESS;5:SUCCESS,True,solver_only_synthetic,1,2953,55899,18668,30,32,403.6239,399.6704,409.8821,2.7211025,2.6205311,2.7220518,314015744.0,299945984.0,318742528.0,,,n4_hub,u0,3821,xeon,2953.0,0.4036239,0.3996704,0.40988209999999997
hub_s3821_u0,base,direct_full,SUCCESS,True,True,5,5,False,False,False,1:SUCCESS;2:SUCCESS;3:SUCCESS;4:SUCCESS;5:SUCCESS,True,solver_only_synthetic,1,8967,264107,84580,30,32,4838.7251,4782.3389,4855.6333,7.2552944,7.2439733,7.44419,2451042304.0,2385809408.0,2454171648.0,,,n4_hub,u0,3821,xeon,8967.0,4.8387251,4.7823389,4.855633300000001
hub_s3821_u_local,base,fg_ducs_otf,SUCCESS,True,True,5,5,False,False,False,1:SUCCESS;2:SUCCESS;3:SUCCESS;4:SUCCESS;5:SUCCESS,True,solver_only_synthetic,1,131,864,284,39,41,61.0163,59.3123,63.359,2.319123,2.3185248,2.3201291,108969984.0,103673856.0,110043136.0,,,n4_hub,u_local,3821,xeon,131.0,0.0610163,0.0593123,0.063359
hub_s3821_u_local,base,fg_ducs_otf_eager_controllable,SUCCESS,True,True,5,5,False,False,False,1:SUCCESS;2:SUCCESS;3:SUCCESS;4:SUCCESS;5:SUCCESS,True,solver_only_synthetic,1,380,4821,888,31,33,96.0409,93.6997,97.3585,2.3161769,2.3153259,2.3194774,131354624.0,123715584.0,133021696.0,,,n4_hub,u_local,3821,xeon,380.0,0.0960409,0.09369970000000001,0.09735850000000001
hub_s3821_u_local,base,fg_ducs_otf_update_first,SUCCESS,True,True,5,5,False,False,False,1:SUCCESS;2:SUCCESS;3:SUCCESS;4:SUCCESS;5:SUCCESS,True,solver_only_synthetic,1,133,958,301,39,41,56.0216,55.5726,57.4917,2.3177261,2.3167511,2.3185438,105537536.0,99491840.0,106684416.0,,,n4_hub,u_local,3821,xeon,133.0,0.0560216,0.0555726,0.0574917
hub_s3821_u_local,base,direct_full,SUCCESS,True,True,5,5,False,False,False,1:SUCCESS;2:SUCCESS;3:SUCCESS;4:SUCCESS;5:SUCCESS,True,solver_only_synthetic,1,15032,491544,134603,39,41,7114.0724,6999.411,7136.2215,9.5710568,9.4727494,9.6773123,2848579584.0,2745675776.0,2909556736.0,,,n4_hub,u_local,3821,xeon,15032.0,7.1140724,6.999411,7.1362214999999996
hub_s3821_u_cross,base,fg_ducs_otf,SUCCESS,True,True,5,5,False,False,False,1:SUCCESS;2:SUCCESS;3:SUCCESS;4:SUCCESS;5:SUCCESS,True,solver_only_synthetic,1,150,1058,318,49,50,64.325,62.7122,64.9095,2.3190089,2.316383,2.3219896,111276032.0,110399488.0,114847744.0,,,n4_hub,u_cross,3821,xeon,150.0,0.06432500000000001,0.06271220000000001,0.0649095
hub_s3821_u_cross,base,fg_ducs_otf_eager_controllable,SUCCESS,True,True,5,5,False,False,False,1:SUCCESS;2:SUCCESS;3:SUCCESS;4:SUCCESS;5:SUCCESS,True,solver_only_synthetic,1,507,8000,1358,41,42,124.8853,119.5462,125.5527,2.4189963,2.4159097,2.419994,129998848.0,117657600.0,141053952.0,,,n4_hub,u_cross,3821,xeon,507.0,0.1248853,0.1195462,0.12555270000000002
hub_s3821_u_cross,base,fg_ducs_otf_update_first,SUCCESS,True,True,5,5,False,False,False,1:SUCCESS;2:SUCCESS;3:SUCCESS;4:SUCCESS;5:SUCCESS,True,solver_only_synthetic,1,145,1163,357,30,31,57.4064,56.3544,59.2648,2.3179277,2.3167793,2.3186165,105807872.0,102518784.0,109166592.0,,,n4_hub,u_cross,3821,xeon,145.0,0.057406399999999996,0.0563544,0.0592648
hub_s3821_u_cross,base,direct_full,SUCCESS,True,True,5,5,False,False,False,1:SUCCESS;2:SUCCESS;3:SUCCESS;4:SUCCESS;5:SUCCESS,True,solver_only_synthetic,1,15032,491544,134603,49,50,7061.6091,7024.3703,7239.8248,9.5727648,9.4701092,9.7723453,2866434048.0,2837471232.0,2953293824.0,,,n4_hub,u_cross,3821,xeon,15032.0,7.0616091,7.0243703,7.2398248
hub_s4833_u0,base,fg_ducs_otf,SUCCESS,True,True,5,5,False,False,False,1:SUCCESS;2:SUCCESS;3:SUCCESS;4:SUCCESS;5:SUCCESS,True,solver_only_synthetic,1,5746,149173,48084,22,21,918.0398,883.1223,936.7571,3.2250609,3.124824,3.2255394,529620992.0,515907584.0,532877312.0,,,n4_hub,u0,4833,xeon,5746.0,0.9180398000000001,0.8831223,0.9367571
hub_s4833_u0,base,fg_ducs_otf_eager_controllable,SUCCESS,True,True,5,5,False,False,False,1:SUCCESS;2:SUCCESS;3:SUCCESS;4:SUCCESS;5:SUCCESS,True,solver_only_synthetic,1,84,746,183,23,22,29.6689,28.7077,30.2966,2.3167419,2.2162559,2.3181509,65515520.0,63250432.0,78487552.0,,,n4_hub,u0,4833,xeon,84.0,0.0296689,0.0287077,0.030296600000000003
hub_s4833_u0,base,fg_ducs_otf_update_first,SUCCESS,True,True,5,5,False,False,False,1:SUCCESS;2:SUCCESS;3:SUCCESS;4:SUCCESS;5:SUCCESS,True,solver_only_synthetic,1,5947,156826,50094,22,21,839.5224,828.6683,851.9542,3.1232134,3.1223301,3.1246146,491085824.0,470163456.0,499552256.0,,,n4_hub,u0,4833,xeon,5947.0,0.8395224,0.8286683,0.8519542
hub_s4833_u0,base,direct_full,SUCCESS,True,True,5,5,False,False,False,1:SUCCESS;2:SUCCESS;3:SUCCESS;4:SUCCESS;5:SUCCESS,True,solver_only_synthetic,1,8967,299971,92196,22,21,4908.6717,4858.8037,4924.261,7.3539503,7.3489542,7.4591915,2649542656.0,2628612096.0,2657337344.0,,,n4_hub,u0,4833,xeon,8967.0,4.9086717,4.8588037,4.924261
hub_s4833_u_local,base,fg_ducs_otf,SUCCESS,True,True,5,5,False,False,False,1:SUCCESS;2:SUCCESS;3:SUCCESS;4:SUCCESS;5:SUCCESS,True,solver_only_synthetic,1,257,2212,690,23,22,86.5086,85.7563,90.3438,2.3184995,2.3174229,2.321551,122408960.0,117682176.0,130748416.0,,,n4_hub,u_local,4833,xeon,257.0,0.0865086,0.0857563,0.0903438
hub_s4833_u_local,base,fg_ducs_otf_eager_controllable,SUCCESS,True,True,5,5,False,False,False,1:SUCCESS;2:SUCCESS;3:SUCCESS;4:SUCCESS;5:SUCCESS,True,solver_only_synthetic,1,72,606,139,23,22,28.6788,27.7367,31.0357,2.3174304,2.2248195,2.3204788,73936896.0,62824448.0,80691200.0,,,n4_hub,u_local,4833,xeon,72.0,0.0286788,0.0277367,0.0310357
hub_s4833_u_local,base,fg_ducs_otf_update_first,SUCCESS,True,True,5,5,False,False,False,1:SUCCESS;2:SUCCESS;3:SUCCESS;4:SUCCESS;5:SUCCESS,True,solver_only_synthetic,1,277,2528,760,23,22,80.3501,77.724,83.034,2.3178702,2.3162112,2.321914,116121600.0,107966464.0,119320576.0,,,n4_hub,u_local,4833,xeon,277.0,0.0803501,0.077724,0.08303400000000001
hub_s4833_u_local,base,direct_full,SUCCESS,True,True,5,5,False,False,False,1:SUCCESS;2:SUCCESS;3:SUCCESS;4:SUCCESS;5:SUCCESS,True,solver_only_synthetic,1,11932,437068,119384,23,22,5945.2954,5840.7014,6009.9058,8.3686407,8.2711512,8.4649756,2763296768.0,2685501440.0,2786263040.0,,,n4_hub,u_local,4833,xeon,11932.0,5.9452954,5.8407014,6.0099058
hub_s4833_u_cross,base,fg_ducs_otf,SUCCESS,True,True,5,5,False,False,False,1:SUCCESS;2:SUCCESS;3:SUCCESS;4:SUCCESS;5:SUCCESS,True,solver_only_synthetic,1,258,2224,691,23,22,88.3756,85.7001,91.014,2.3188502,2.3169878,2.3198383,124628992.0,101212160.0,127459328.0,,,n4_hub,u_cross,4833,xeon,258.0,0.08837560000000001,0.0857001,0.091014
hub_s4833_u_cross,base,fg_ducs_otf_eager_controllable,SUCCESS,True,True,5,5,False,False,False,1:SUCCESS;2:SUCCESS;3:SUCCESS;4:SUCCESS;5:SUCCESS,True,solver_only_synthetic,1,72,606,139,23,22,30.0977,28.8237,32.1343,2.3176149,2.316355,2.3251875,72937472.0,71258112.0,87527424.0,,,n4_hub,u_cross,4833,xeon,72.0,0.0300977,0.0288237,0.032134300000000005
hub_s4833_u_cross,base,fg_ducs_otf_update_first,SUCCESS,True,True,5,5,False,False,False,1:SUCCESS;2:SUCCESS;3:SUCCESS;4:SUCCESS;5:SUCCESS,True,solver_only_synthetic,1,278,2543,761,23,22,82.8963,80.8136,84.9921,2.3184048,2.3172142,2.4198549,109309952.0,103616512.0,117215232.0,,,n4_hub,u_cross,4833,xeon,278.0,0.08289629999999999,0.0808136,0.0849921
hub_s4833_u_cross,base,direct_full,SUCCESS,True,True,5,5,False,False,False,1:SUCCESS;2:SUCCESS;3:SUCCESS;4:SUCCESS;5:SUCCESS,True,solver_only_synthetic,1,12280,450904,121820,23,22,6104.2203,6031.576,6201.3609,8.565134,8.4758294,8.6632015,2822062080.0,2813665280.0,2853355520.0,,,n4_hub,u_cross,4833,xeon,12280.0,6.1042203,6.031576,6.2013609
hub_s5059_u0,base,fg_ducs_otf,SUCCESS,True,True,5,5,False,False,False,1:SUCCESS;2:SUCCESS;3:SUCCESS;4:SUCCESS;5:SUCCESS,True,solver_only_synthetic,1,1720,24560,8856,26,26,293.0305,286.3643,297.1996,2.521435,2.5181915,2.6200534,256823296.0,250224640.0,274644992.0,,,n4_hub,u0,5059,xeon,1720.0,0.2930305,0.2863643,0.2971996
hub_s5059_u0,base,fg_ducs_otf_eager_controllable,SUCCESS,True,True,5,5,False,False,False,1:SUCCESS;2:SUCCESS;3:SUCCESS;4:SUCCESS;5:SUCCESS,True,solver_only_synthetic,1,566,14086,3064,22,22,120.8025,120.0587,123.8684,2.4188682,2.3247781,2.4204203,141144064.0,123158528.0,174071808.0,,,n4_hub,u0,5059,xeon,566.0,0.1208025,0.1200587,0.1238684
hub_s5059_u0,base,fg_ducs_otf_update_first,SUCCESS,True,True,5,5,False,False,False,1:SUCCESS;2:SUCCESS;3:SUCCESS;4:SUCCESS;5:SUCCESS,True,solver_only_synthetic,1,1973,29355,10134,26,26,282.7559,280.3351,290.7357,2.5195546,2.5187943,2.5291679,281776128.0,278700032.0,283414528.0,,,n4_hub,u0,5059,xeon,1973.0,0.2827559,0.2803351,0.29073570000000004
hub_s5059_u0,base,direct_full,SUCCESS,True,True,5,5,False,False,False,1:SUCCESS;2:SUCCESS;3:SUCCESS;4:SUCCESS;5:SUCCESS,True,solver_only_synthetic,1,8967,237209,77348,25,25,4470.0652,4448.9338,4533.081,6.9500137,6.8498164,6.9526412,2218954752.0,2211844096.0,2238431232.0,,,n4_hub,u0,5059,xeon,8967.0,4.4700652000000005,4.4489338,4.533081
hub_s5059_u_local,base,fg_ducs_otf,SUCCESS,True,True,5,5,False,False,False,1:SUCCESS;2:SUCCESS;3:SUCCESS;4:SUCCESS;5:SUCCESS,True,solver_only_synthetic,1,130,972,358,28,28,58.7953,56.4821,61.3213,2.3187418,2.3171656,2.3252319,104890368.0,98185216.0,107438080.0,,,n4_hub,u_local,5059,xeon,130.0,0.0587953,0.0564821,0.0613213
hub_s5059_u_local,base,fg_ducs_otf_eager_controllable,SUCCESS,True,True,5,5,False,False,False,1:SUCCESS;2:SUCCESS;3:SUCCESS;4:SUCCESS;5:SUCCESS,True,solver_only_synthetic,1,258,3038,570,28,28,75.2826,72.9969,76.4905,2.3194689,2.3159361,2.3225374,123523072.0,119140352.0,124731392.0,,,n4_hub,u_local,5059,xeon,258.0,0.0752826,0.0729969,0.0764905
hub_s5059_u_local,base,fg_ducs_otf_update_first,SUCCESS,True,True,5,5,False,False,False,1:SUCCESS;2:SUCCESS;3:SUCCESS;4:SUCCESS;5:SUCCESS,True,solver_only_synthetic,1,152,1135,397,28,28,57.507,54.9105,59.9751,2.3199082,2.3179361,2.4169463,99344384.0,95817728.0,104984576.0,,,n4_hub,u_local,5059,xeon,152.0,0.057507,0.0549105,0.059975099999999996
hub_s5059_u_local,base,direct_full,SUCCESS,True,True,5,5,False,False,False,1:SUCCESS;2:SUCCESS;3:SUCCESS;4:SUCCESS;5:SUCCESS,True,solver_only_synthetic,1,11932,353572,98638,30,30,5604.0866,5333.5797,5719.1477,8.0571325,7.7787765,8.2595311,2774941696.0,1937072128.0,2835902464.0,,,n4_hub,u_local,5059,xeon,11932.0,5.6040866,5.3335797000000005,5.719147700000001
hub_s5059_u_cross,base,fg_ducs_otf,SUCCESS,True,True,5,5,False,False,False,1:SUCCESS;2:SUCCESS;3:SUCCESS;4:SUCCESS;5:SUCCESS,True,solver_only_synthetic,1,130,972,358,28,28,57.5407,56.2784,60.8283,2.3183905,2.3169571,2.3206974,99704832.0,99106816.0,106188800.0,,,n4_hub,u_cross,5059,xeon,130.0,0.0575407,0.0562784,0.0608283
hub_s5059_u_cross,base,fg_ducs_otf_eager_controllable,SUCCESS,True,True,5,5,False,False,False,1:SUCCESS;2:SUCCESS;3:SUCCESS;4:SUCCESS;5:SUCCESS,True,solver_only_synthetic,1,388,6028,1047,28,28,100.5196,98.2,102.3708,2.3185932,2.3174031,2.3190907,127733760.0,117198848.0,128729088.0,,,n4_hub,u_cross,5059,xeon,388.0,0.1005196,0.09820000000000001,0.1023708
hub_s5059_u_cross,base,fg_ducs_otf_update_first,SUCCESS,True,True,5,5,False,False,False,1:SUCCESS;2:SUCCESS;3:SUCCESS;4:SUCCESS;5:SUCCESS,True,solver_only_synthetic,1,152,1135,397,28,28,57.0824,53.3602,59.5257,2.318461,2.3171736,2.3192109,101879808.0,98529280.0,108449792.0,,,n4_hub,u_cross,5059,xeon,152.0,0.0570824,0.0533602,0.0595257
hub_s5059_u_cross,base,direct_full,SUCCESS,True,True,5,5,False,False,False,1:SUCCESS;2:SUCCESS;3:SUCCESS;4:SUCCESS;5:SUCCESS,True,solver_only_synthetic,1,12280,365000,100665,30,30,5707.7141,5643.6421,5720.9225,8.15528,8.0591714,8.1641215,2229944320.0,2217725952.0,2300899328.0,,,n4_hub,u_cross,5059,xeon,12280.0,5.7077141000000005,5.6436421,5.7209224999999995
hub_s5132_u0,base,fg_ducs_otf,SUCCESS,True,True,5,5,False,False,False,1:SUCCESS;2:SUCCESS;3:SUCCESS;4:SUCCESS;5:SUCCESS,True,solver_only_synthetic,1,1962,29140,10940,27,27,334.609,321.4332,337.0513,2.619687,2.5212815,2.6211015,259309568.0,255680512.0,279416832.0,,,n4_hub,u0,5132,xeon,1962.0,0.334609,0.32143320000000003,0.33705130000000005
hub_s5132_u0,base,fg_ducs_otf_eager_controllable,SUCCESS,True,True,5,5,False,False,False,1:SUCCESS;2:SUCCESS;3:SUCCESS;4:SUCCESS;5:SUCCESS,True,solver_only_synthetic,1,312,7468,1569,22,22,83.4441,82.5686,85.1923,2.3180957,2.3159719,2.3218562,124383232.0,122359808.0,131534848.0,,,n4_hub,u0,5132,xeon,312.0,0.08344410000000001,0.0825686,0.0851923
hub_s5132_u0,base,fg_ducs_otf_update_first,SUCCESS,True,True,5,5,False,False,False,1:SUCCESS;2:SUCCESS;3:SUCCESS;4:SUCCESS;5:SUCCESS,True,solver_only_synthetic,1,2180,34272,12252,27,27,309.3551,306.2661,322.387,2.6204162,2.5197075,2.6229831,289640448.0,282730496.0,291430400.0,,,n4_hub,u0,5132,xeon,2180.0,0.3093551,0.3062661,0.32238700000000003
hub_s5132_u0,base,direct_full,SUCCESS,True,True,5,5,False,False,False,1:SUCCESS;2:SUCCESS;3:SUCCESS;4:SUCCESS;5:SUCCESS,True,solver_only_synthetic,1,8967,246175,79588,25,25,4531.3864,4486.6238,4579.5213,6.9527407,6.8556579,7.0534878,2278703104.0,2246791168.0,2308636672.0,,,n4_hub,u0,5132,xeon,8967.0,4.531386400000001,4.4866238,4.579521300000001
hub_s5132_u_local,base,fg_ducs_otf,SUCCESS,True,True,5,5,False,False,False,1:SUCCESS;2:SUCCESS;3:SUCCESS;4:SUCCESS;5:SUCCESS,True,solver_only_synthetic,1,128,1012,362,30,30,61.4169,58.1268,63.2914,2.3180113,2.3170503,2.3192445,106442752.0,102469632.0,108265472.0,,,n4_hub,u_local,5132,xeon,128.0,0.061416899999999996,0.058126800000000006,0.0632914
hub_s5132_u_local,base,fg_ducs_otf_eager_controllable,SUCCESS,True,True,5,5,False,False,False,1:SUCCESS;2:SUCCESS;3:SUCCESS;4:SUCCESS;5:SUCCESS,True,solver_only_synthetic,1,135,1472,283,23,23,51.0399,49.4271,52.1342,2.3179212,2.3157259,2.3199985,103694336.0,77418496.0,105943040.0,,,n4_hub,u_local,5132,xeon,135.0,0.051039900000000006,0.0494271,0.0521342
hub_s5132_u_local,base,fg_ducs_otf_update_first,SUCCESS,True,True,5,5,False,False,False,1:SUCCESS;2:SUCCESS;3:SUCCESS;4:SUCCESS;5:SUCCESS,True,solver_only_synthetic,1,144,1162,396,30,30,59.0187,58.7061,60.3509,2.3172136,2.2169102,2.3190766,101675008.0,93372416.0,108130304.0,,,n4_hub,u_local,5132,xeon,144.0,0.05901870000000001,0.0587061,0.060350900000000006
hub_s5132_u_local,base,direct_full,SUCCESS,True,True,5,5,False,False,False,1:SUCCESS;2:SUCCESS;3:SUCCESS;4:SUCCESS;5:SUCCESS,True,solver_only_synthetic,1,15032,461496,126180,28,28,6984.5259,6841.6673,7046.5266,9.4774644,9.2736372,9.6708804,3331919872.0,2536267776.0,3400761344.0,,,n4_hub,u_local,5132,xeon,15032.0,6.9845258999999995,6.8416673,7.0465266
hub_s5132_u_cross,base,fg_ducs_otf,SUCCESS,True,True,5,5,False,False,False,1:SUCCESS;2:SUCCESS;3:SUCCESS;4:SUCCESS;5:SUCCESS,True,solver_only_synthetic,1,128,1012,362,30,30,62.4568,56.253,64.5408,2.3178147,2.3165228,2.3180614,102383616.0,101474304.0,107282432.0,,,n4_hub,u_cross,5132,xeon,128.0,0.0624568,0.056253000000000004,0.06454080000000001
hub_s5132_u_cross,base,fg_ducs_otf_eager_controllable,SUCCESS,True,True,5,5,False,False,False,1:SUCCESS;2:SUCCESS;3:SUCCESS;4:SUCCESS;5:SUCCESS,True,solver_only_synthetic,1,214,3430,592,23,23,74.0686,71.955,75.4713,2.3172225,2.3167616,2.3192887,117354496.0,109604864.0,119672832.0,,,n4_hub,u_cross,5132,xeon,214.0,0.0740686,0.071955,0.0754713
hub_s5132_u_cross,base,fg_ducs_otf_update_first,SUCCESS,True,True,5,5,False,False,False,1:SUCCESS;2:SUCCESS;3:SUCCESS;4:SUCCESS;5:SUCCESS,True,solver_only_synthetic,1,144,1162,396,30,30,59.545,56.5908,61.3461,2.3170209,2.3160199,2.3191075,107692032.0,92733440.0,110059520.0,,,n4_hub,u_cross,5132,xeon,144.0,0.059545,0.056590800000000004,0.0613461
hub_s5132_u_cross,base,direct_full,SUCCESS,True,True,5,5,False,False,False,1:SUCCESS;2:SUCCESS;3:SUCCESS;4:SUCCESS;5:SUCCESS,True,solver_only_synthetic,1,15032,461496,126180,28,28,6897.7252,6867.5396,6919.4929,9.3703683,9.3654572,9.4678345,3338407936.0,3255775232.0,3346366464.0,,,n4_hub,u_cross,5132,xeon,15032.0,6.8977252,6.867539600000001,6.919492900000001
hub_s5217_u0,base,fg_ducs_otf,SUCCESS,True,True,5,5,False,False,False,1:SUCCESS;2:SUCCESS;3:SUCCESS;4:SUCCESS;5:SUCCESS,True,solver_only_synthetic,1,3161,54259,19202,22,21,463.2556,456.1539,470.2526,2.7208023,2.719768,2.7252014,313892864.0,312680448.0,318087168.0,,,n4_hub,u0,5217,xeon,3161.0,0.46325560000000005,0.45615390000000006,0.47025259999999997
hub_s5217_u0,base,fg_ducs_otf_eager_controllable,SUCCESS,True,True,5,5,False,False,False,1:SUCCESS;2:SUCCESS;3:SUCCESS;4:SUCCESS;5:SUCCESS,True,solver_only_synthetic,1,84,636,180,23,22,28.0687,26.0408,29.1265,2.3170789,2.2231145,2.3190835,74457088.0,69611520.0,79724544.0,,,n4_hub,u0,5217,xeon,84.0,0.028068700000000002,0.026040800000000003,0.0291265
hub_s5217_u0,base,fg_ducs_otf_update_first,SUCCESS,True,True,5,5,False,False,False,1:SUCCESS;2:SUCCESS;3:SUCCESS;4:SUCCESS;5:SUCCESS,True,solver_only_synthetic,1,3431,61376,21005,22,21,429.3321,426.9807,430.8902,2.7200994,2.7170101,2.7224857,315441152.0,310870016.0,321667072.0,,,n4_hub,u0,5217,xeon,3431.0,0.42933210000000005,0.42698070000000005,0.4308902
hub_s5217_u0,base,direct_full,SUCCESS,True,True,5,5,False,False,False,1:SUCCESS;2:SUCCESS;3:SUCCESS;4:SUCCESS;5:SUCCESS,True,solver_only_synthetic,1,8967,255141,80996,22,21,4503.2355,4404.2319,4539.9655,6.8550921,6.7563784,6.9538477,2272182272.0,2263134208.0,2303688704.0,,,n4_hub,u0,5217,xeon,8967.0,4.5032355,4.4042319,4.5399655
hub_s5217_u_local,base,fg_ducs_otf,SUCCESS,True,True,5,5,False,False,False,1:SUCCESS;2:SUCCESS;3:SUCCESS;4:SUCCESS;5:SUCCESS,True,solver_only_synthetic,1,256,1949,690,23,22,82.8633,79.778,84.8645,2.3189648,2.3165988,2.3193969,123883520.0,118595584.0,126185472.0,,,n4_hub,u_local,5217,xeon,256.0,0.0828633,0.079778,0.08486450000000001
hub_s5217_u_local,base,fg_ducs_otf_eager_controllable,SUCCESS,True,True,5,5,False,False,False,1:SUCCESS;2:SUCCESS;3:SUCCESS;4:SUCCESS;5:SUCCESS,True,solver_only_synthetic,1,72,536,141,23,22,28.2159,26.6403,29.8886,2.3173298,2.3166513,2.3188231,74670080.0,63557632.0,75513856.0,,,n4_hub,u_local,5217,xeon,72.0,0.028215900000000002,0.0266403,0.0298886
hub_s5217_u_local,base,fg_ducs_otf_update_first,SUCCESS,True,True,5,5,False,False,False,1:SUCCESS;2:SUCCESS;3:SUCCESS;4:SUCCESS;5:SUCCESS,True,solver_only_synthetic,1,277,2275,766,23,22,78.4536,77.4928,84.2478,2.318789,2.3172273,2.3197157,113418240.0,110866432.0,119554048.0,,,n4_hub,u_local,5217,xeon,277.0,0.0784536,0.0774928,0.0842478
hub_s5217_u_local,base,direct_full,SUCCESS,True,True,5,5,False,False,False,1:SUCCESS;2:SUCCESS;3:SUCCESS;4:SUCCESS;5:SUCCESS,True,solver_only_synthetic,1,14264,454056,122134,23,22,6518.9139,6484.6329,6524.0291,9.0685115,8.9643395,9.0693783,3103567872.0,3050106880.0,3154485248.0,,,n4_hub,u_local,5217,xeon,14264.0,6.518913899999999,6.484632899999999,6.5240291
hub_s5217_u_cross,base,fg_ducs_otf,SUCCESS,True,True,5,5,False,False,False,1:SUCCESS;2:SUCCESS;3:SUCCESS;4:SUCCESS;5:SUCCESS,True,solver_only_synthetic,1,259,1988,694,23,22,82.0712,81.4744,83.7301,2.3190091,2.3160157,2.4186455,124510208.0,113623040.0,127250432.0,,,n4_hub,u_cross,5217,xeon,259.0,0.08207120000000001,0.0814744,0.0837301
hub_s5217_u_cross,base,fg_ducs_otf_eager_controllable,SUCCESS,True,True,5,5,False,False,False,1:SUCCESS;2:SUCCESS;3:SUCCESS;4:SUCCESS;5:SUCCESS,True,solver_only_synthetic,1,72,536,141,23,22,28.6813,28.0464,30.1023,2.3161536,2.2189335,2.317305,74223616.0,63660032.0,75603968.0,,,n4_hub,u_cross,5217,xeon,72.0,0.0286813,0.0280464,0.030102300000000002
hub_s5217_u_cross,base,fg_ducs_otf_update_first,SUCCESS,True,True,5,5,False,False,False,1:SUCCESS;2:SUCCESS;3:SUCCESS;4:SUCCESS;5:SUCCESS,True,solver_only_synthetic,1,280,2323,770,23,22,79.8694,77.2523,81.2634,2.3189671,2.315866,2.3220416,113975296.0,107155456.0,116432896.0,,,n4_hub,u_cross,5217,xeon,280.0,0.07986940000000001,0.07725230000000001,0.0812634
hub_s5217_u_cross,base,direct_full,SUCCESS,True,True,5,5,False,False,False,1:SUCCESS;2:SUCCESS;3:SUCCESS;4:SUCCESS;5:SUCCESS,True,solver_only_synthetic,1,14264,454056,122134,23,22,6546.1627,6400.7563,6628.6128,9.070532,8.880234,9.1665062,3076190208.0,3042693120.0,3234050048.0,,,n4_hub,u_cross,5217,xeon,14264.0,6.5461627,6.4007563,6.6286128
hub_s5256_u0,base,fg_ducs_otf,SUCCESS,True,True,5,5,False,False,False,1:SUCCESS;2:SUCCESS;3:SUCCESS;4:SUCCESS;5:SUCCESS,True,solver_only_synthetic,1,5197,126799,41844,25,25,819.4088,784.725,829.8884,3.1216725,3.1210438,3.1235181,451403776.0,446889984.0,482992128.0,,,n4_hub,u0,5256,xeon,5197.0,0.8194088,0.784725,0.8298884000000001
hub_s5256_u0,base,fg_ducs_otf_eager_controllable,SUCCESS,True,True,5,5,False,False,False,1:SUCCESS;2:SUCCESS;3:SUCCESS;4:SUCCESS;5:SUCCESS,True,solver_only_synthetic,1,2090,66816,17349,27,27,353.5655,338.264,359.3459,2.6200746,2.6180605,2.6209373,307896320.0,304222208.0,308793344.0,,,n4_hub,u0,5256,xeon,2090.0,0.3535655,0.338264,0.3593459
hub_s5256_u0,base,fg_ducs_otf_update_first,SUCCESS,True,True,5,5,False,False,False,1:SUCCESS;2:SUCCESS;3:SUCCESS;4:SUCCESS;5:SUCCESS,True,solver_only_synthetic,1,5397,134383,43772,25,25,772.1475,758.9614,795.6928,3.0241625,3.0213872,3.1235557,455565312.0,432685056.0,461541376.0,,,n4_hub,u0,5256,xeon,5397.0,0.7721475000000001,0.7589614,0.7956928000000001
hub_s5256_u0,base,direct_full,SUCCESS,True,True,5,5,False,False,False,1:SUCCESS;2:SUCCESS;3:SUCCESS;4:SUCCESS;5:SUCCESS,True,solver_only_synthetic,1,8967,291005,90788,25,25,5001.817,4948.4303,5046.9619,7.4570786,7.4531466,7.5521692,2650406912.0,2614128640.0,2665390080.0,,,n4_hub,u0,5256,xeon,8967.0,5.001817,4.9484303,5.0469619
hub_s5256_u_local,base,fg_ducs_otf,SUCCESS,True,True,5,5,False,False,False,1:SUCCESS;2:SUCCESS;3:SUCCESS;4:SUCCESS;5:SUCCESS,True,solver_only_synthetic,1,163,1374,419,23,23,68.2308,62.5001,69.137,2.3182254,2.3161573,2.3201097,115511296.0,106352640.0,120442880.0,,,n4_hub,u_local,5256,xeon,163.0,0.06823080000000001,0.0625001,0.069137
hub_s5256_u_local,base,fg_ducs_otf_eager_controllable,SUCCESS,True,True,5,5,False,False,False,1:SUCCESS;2:SUCCESS;3:SUCCESS;4:SUCCESS;5:SUCCESS,True,solver_only_synthetic,1,1338,20190,4510,36,36,238.6116,234.8977,244.7303,2.5194765,2.5182364,2.5200434,259153920.0,249778176.0,269635584.0,,,n4_hub,u_local,5256,xeon,1338.0,0.2386116,0.2348977,0.2447303
hub_s5256_u_local,base,fg_ducs_otf_update_first,SUCCESS,True,True,5,5,False,False,False,1:SUCCESS;2:SUCCESS;3:SUCCESS;4:SUCCESS;5:SUCCESS,True,solver_only_synthetic,1,195,1637,479,23,23,64.7996,63.4751,71.7728,2.318335,2.3165951,2.3192477,113016832.0,100220928.0,114831360.0,,,n4_hub,u_local,5256,xeon,195.0,0.0647996,0.06347509999999999,0.07177280000000001
hub_s5256_u_local,base,direct_full,SUCCESS,True,True,5,5,False,False,False,1:SUCCESS;2:SUCCESS;3:SUCCESS;4:SUCCESS;5:SUCCESS,True,solver_only_synthetic,1,9998,354266,99804,34,34,5364.2849,5316.9277,5410.6182,7.8636117,7.7528502,7.8670755,2604986368.0,2581389312.0,2631761920.0,,,n4_hub,u_local,5256,xeon,9998.0,5.3642848999999995,5.3169277,5.4106182
hub_s5256_u_cross,base,fg_ducs_otf,SUCCESS,True,True,5,5,False,False,False,1:SUCCESS;2:SUCCESS;3:SUCCESS;4:SUCCESS;5:SUCCESS,True,solver_only_synthetic,1,164,1383,420,23,23,68.3008,67.5536,72.9345,2.318587,2.3165343,2.3211315,115965952.0,111144960.0,118415360.0,,,n4_hub,u_cross,5256,xeon,164.0,0.0683008,0.0675536,0.0729345
hub_s5256_u_cross,base,fg_ducs_otf_eager_controllable,SUCCESS,True,True,5,5,False,False,False,1:SUCCESS;2:SUCCESS;3:SUCCESS;4:SUCCESS;5:SUCCESS,True,solver_only_synthetic,1,1524,25212,5236,40,39,264.3465,256.8688,265.964,2.5188916,2.5171722,2.5224961,266407936.0,259432448.0,270573568.0,,,n4_hub,u_cross,5256,xeon,1524.0,0.2643465,0.2568688,0.265964
hub_s5256_u_cross,base,fg_ducs_otf_update_first,SUCCESS,True,True,5,5,False,False,False,1:SUCCESS;2:SUCCESS;3:SUCCESS;4:SUCCESS;5:SUCCESS,True,solver_only_synthetic,1,196,1649,480,23,23,66.6322,62.1458,69.7895,2.3181256,2.316077,2.3229497,103510016.0,99368960.0,112971776.0,,,n4_hub,u_cross,5256,xeon,196.0,0.0666322,0.0621458,0.0697895
hub_s5256_u_cross,base,direct_full,SUCCESS,True,True,5,5,False,False,False,1:SUCCESS;2:SUCCESS;3:SUCCESS;4:SUCCESS;5:SUCCESS,True,solver_only_synthetic,1,10472,372584,103019,38,37,5248.8865,5215.6977,5268.6107,7.6563072,7.6273369,7.6631733,1944285184.0,1902743552.0,2035703808.0,,,n4_hub,u_cross,5256,xeon,10472.0,5.248886499999999,5.2156977,5.2686107
hub_s5354_u0,base,fg_ducs_otf,SUCCESS,True,True,5,5,False,False,False,1:SUCCESS;2:SUCCESS;3:SUCCESS;4:SUCCESS;5:SUCCESS,True,solver_only_synthetic,1,2832,48728,17488,24,24,429.664,421.5739,442.2876,2.7213696,2.7197185,2.7264859,305688576.0,300535808.0,311209984.0,,,n4_hub,u0,5354,xeon,2832.0,0.429664,0.4215739,0.4422876
hub_s5354_u0,base,fg_ducs_otf_eager_controllable,SUCCESS,True,True,5,5,False,False,False,1:SUCCESS;2:SUCCESS;3:SUCCESS;4:SUCCESS;5:SUCCESS,True,solver_only_synthetic,1,565,15127,3320,22,22,130.724,127.8927,133.0767,2.4176506,2.3211107,2.4186318,170024960.0,145596416.0,180219904.0,,,n4_hub,u0,5354,xeon,565.0,0.13072399999999998,0.1278927,0.1330767
hub_s5354_u0,base,fg_ducs_otf_update_first,SUCCESS,True,True,5,5,False,False,False,1:SUCCESS;2:SUCCESS;3:SUCCESS;4:SUCCESS;5:SUCCESS,True,solver_only_synthetic,1,3005,53412,18762,24,24,401.6094,396.5201,404.3774,2.7208836,2.6229932,2.7216082,304050176.0,301764608.0,312197120.0,,,n4_hub,u0,5354,xeon,3005.0,0.4016094,0.39652010000000004,0.40437740000000005
hub_s5354_u0,base,direct_full,SUCCESS,True,True,5,5,False,False,False,1:SUCCESS;2:SUCCESS;3:SUCCESS;4:SUCCESS;5:SUCCESS,True,solver_only_synthetic,1,8967,255141,81508,25,25,4547.1129,4469.5142,4567.5347,6.9519788,6.8578266,7.0300604,2342137856.0,2311929856.0,2349023232.0,,,n4_hub,u0,5354,xeon,8967.0,4.5471129,4.4695142,4.5675347
hub_s5354_u_local,base,fg_ducs_otf,SUCCESS,True,True,5,5,False,False,False,1:SUCCESS;2:SUCCESS;3:SUCCESS;4:SUCCESS;5:SUCCESS,True,solver_only_synthetic,1,112,939,319,26,26,56.6366,54.5295,57.706,2.317597,2.3170665,2.3192833,105222144.0,82624512.0,108699648.0,,,n4_hub,u_local,5354,xeon,112.0,0.0566366,0.0545295,0.05770600000000001
hub_s5354_u_local,base,fg_ducs_otf_eager_controllable,SUCCESS,True,True,5,5,False,False,False,1:SUCCESS;2:SUCCESS;3:SUCCESS;4:SUCCESS;5:SUCCESS,True,solver_only_synthetic,1,257,3155,572,28,28,75.6008,74.0122,78.1845,2.319797,2.3163229,2.323147,122171392.0,119689216.0,125030400.0,,,n4_hub,u_local,5354,xeon,257.0,0.07560080000000001,0.07401220000000001,0.0781845
hub_s5354_u_local,base,fg_ducs_otf_update_first,SUCCESS,True,True,5,5,False,False,False,1:SUCCESS;2:SUCCESS;3:SUCCESS;4:SUCCESS;5:SUCCESS,True,solver_only_synthetic,1,135,1119,350,26,26,54.0996,53.5315,55.7174,2.3180433,2.3173372,2.4184708,105521152.0,86175744.0,109563904.0,,,n4_hub,u_local,5354,xeon,135.0,0.054099600000000005,0.0535315,0.0557174
hub_s5354_u_local,base,direct_full,SUCCESS,True,True,5,5,False,False,False,1:SUCCESS;2:SUCCESS;3:SUCCESS;4:SUCCESS;5:SUCCESS,True,solver_only_synthetic,1,9998,314282,89272,30,30,4991.3792,4921.1087,5049.5495,7.4553881,7.3515659,7.4587281,2392465408.0,2374549504.0,2429837312.0,,,n4_hub,u_local,5354,xeon,9998.0,4.991379200000001,4.9211087,5.0495495
hub_s5354_u_cross,base,fg_ducs_otf,SUCCESS,True,True,5,5,False,False,False,1:SUCCESS;2:SUCCESS;3:SUCCESS;4:SUCCESS;5:SUCCESS,True,solver_only_synthetic,1,112,939,319,26,26,57.5646,54.3212,57.7927,2.3190505,2.3170849,2.3203966,104996864.0,85757952.0,108191744.0,,,n4_hub,u_cross,5354,xeon,112.0,0.0575646,0.0543212,0.0577927
hub_s5354_u_cross,base,fg_ducs_otf_eager_controllable,SUCCESS,True,True,5,5,False,False,False,1:SUCCESS;2:SUCCESS;3:SUCCESS;4:SUCCESS;5:SUCCESS,True,solver_only_synthetic,1,384,6256,1040,38,37,103.6912,103.1876,105.5659,2.3192679,2.3147571,2.320498,123748352.0,119730176.0,134369280.0,,,n4_hub,u_cross,5354,xeon,384.0,0.1036912,0.1031876,0.1055659
hub_s5354_u_cross,base,fg_ducs_otf_update_first,SUCCESS,True,True,5,5,False,False,False,1:SUCCESS;2:SUCCESS;3:SUCCESS;4:SUCCESS;5:SUCCESS,True,solver_only_synthetic,1,138,1158,355,26,26,55.1713,53.0517,57.2251,2.3178841,2.31762,2.3257208,98529280.0,96198656.0,108830720.0,,,n4_hub,u_cross,5354,xeon,138.0,0.055171300000000006,0.0530517,0.0572251
hub_s5354_u_cross,base,direct_full,SUCCESS,True,True,5,5,False,False,False,1:SUCCESS;2:SUCCESS;3:SUCCESS;4:SUCCESS;5:SUCCESS,True,solver_only_synthetic,1,10472,330728,92054,40,39,5171.9304,5148.6287,5220.3398,7.653025,7.567551,7.6664607,2520211456.0,2460954624.0,2568523776.0,,,n4_hub,u_cross,5354,xeon,10472.0,5.1719304,5.148628700000001,5.2203398
hub_s5482_u0,base,fg_ducs_otf,SUCCESS,True,True,5,5,False,False,False,1:SUCCESS;2:SUCCESS;3:SUCCESS;4:SUCCESS;5:SUCCESS,True,solver_only_synthetic,1,2821,44986,16307,22,21,415.2891,407.4834,430.944,2.7208864,2.7174604,2.7234747,309932032.0,303284224.0,317681664.0,,,n4_hub,u0,5482,xeon,2821.0,0.4152891,0.40748340000000005,0.43094400000000005
hub_s5482_u0,base,fg_ducs_otf_eager_controllable,SUCCESS,True,True,5,5,False,False,False,1:SUCCESS;2:SUCCESS;3:SUCCESS;4:SUCCESS;5:SUCCESS,True,solver_only_synthetic,1,84,614,179,23,22,29.2315,26.6549,30.1892,2.3179298,2.315703,2.3181701,66891776.0,62136320.0,71598080.0,,,n4_hub,u0,5482,xeon,84.0,0.0292315,0.026654900000000002,0.0301892
hub_s5482_u0,base,fg_ducs_otf_update_first,SUCCESS,True,True,5,5,False,False,False,1:SUCCESS;2:SUCCESS;3:SUCCESS;4:SUCCESS;5:SUCCESS,True,solver_only_synthetic,1,3108,51836,18035,22,21,394.4828,381.9143,401.8446,2.6202985,2.6189426,2.7186721,308002816.0,298962944.0,314445824.0,,,n4_hub,u0,5482,xeon,3108.0,0.3944828,0.38191430000000004,0.4018446
hub_s5482_u0,base,direct_full,SUCCESS,True,True,5,5,False,False,False,1:SUCCESS;2:SUCCESS;3:SUCCESS;4:SUCCESS;5:SUCCESS,True,solver_only_synthetic,1,8967,246175,78756,22,21,4391.4631,4367.4049,4459.2116,6.8479517,6.7515206,6.8557064,2211991552.0,2179854336.0,2258001920.0,,,n4_hub,u0,5482,xeon,8967.0,4.3914631,4.3674049,4.4592116
hub_s5482_u_local,base,fg_ducs_otf,SUCCESS,True,True,5,5,False,False,False,1:SUCCESS;2:SUCCESS;3:SUCCESS;4:SUCCESS;5:SUCCESS,True,solver_only_synthetic,1,256,1876,690,23,22,81.5765,79.7104,82.5775,2.3176092,2.3169861,2.3187182,122605568.0,114704384.0,123572224.0,,,n4_hub,u_local,5482,xeon,256.0,0.0815765,0.07971040000000001,0.0825775
hub_s5482_u_local,base,fg_ducs_otf_eager_controllable,SUCCESS,True,True,5,5,False,False,False,1:SUCCESS;2:SUCCESS;3:SUCCESS;4:SUCCESS;5:SUCCESS,True,solver_only_synthetic,1,72,522,141,23,22,28.865,27.6177,29.1839,2.3196811,2.3180744,2.3208466,74190848.0,63610880.0,75321344.0,,,n4_hub,u_local,5482,xeon,72.0,0.028865,0.0276177,0.029183900000000002
hub_s5482_u_local,base,fg_ducs_otf_update_first,SUCCESS,True,True,5,5,False,False,False,1:SUCCESS;2:SUCCESS;3:SUCCESS;4:SUCCESS;5:SUCCESS,True,solver_only_synthetic,1,277,2187,766,23,22,77.071,76.5848,78.079,2.3174981,2.3161721,2.3188901,116129792.0,115351552.0,118857728.0,,,n4_hub,u_local,5482,xeon,277.0,0.077071,0.07658480000000001,0.078079
hub_s5482_u_local,base,direct_full,SUCCESS,True,True,5,5,False,False,False,1:SUCCESS;2:SUCCESS;3:SUCCESS;4:SUCCESS;5:SUCCESS,True,solver_only_synthetic,1,14264,439800,118006,23,22,6356.6541,6324.6729,6412.6516,8.8743276,8.8547322,8.9651807,3009830912.0,2994401280.0,3021393920.0,,,n4_hub,u_local,5482,xeon,14264.0,6.3566541,6.3246728999999995,6.4126516
hub_s5482_u_cross,base,fg_ducs_otf,SUCCESS,True,True,5,5,False,False,False,1:SUCCESS;2:SUCCESS;3:SUCCESS;4:SUCCESS;5:SUCCESS,True,solver_only_synthetic,1,259,1913,694,23,22,82.0993,80.6522,83.3606,2.3172582,2.3156601,2.3194556,121876480.0,116813824.0,125648896.0,,,n4_hub,u_cross,5482,xeon,259.0,0.0820993,0.0806522,0.0833606
hub_s5482_u_cross,base,fg_ducs_otf_eager_controllable,SUCCESS,True,True,5,5,False,False,False,1:SUCCESS;2:SUCCESS;3:SUCCESS;4:SUCCESS;5:SUCCESS,True,solver_only_synthetic,1,72,522,141,23,22,28.739,26.6087,29.4136,2.3172598,2.3165754,2.3188882,71806976.0,63725568.0,78909440.0,,,n4_hub,u_cross,5482,xeon,72.0,0.028739,0.0266087,0.029413599999999998
hub_s5482_u_cross,base,fg_ducs_otf_update_first,SUCCESS,True,True,5,5,False,False,False,1:SUCCESS;2:SUCCESS;3:SUCCESS;4:SUCCESS;5:SUCCESS,True,solver_only_synthetic,1,280,2233,770,23,22,77.8727,75.1944,86.5119,2.3181741,2.3166594,2.3192564,115195904.0,107663360.0,116826112.0,,,n4_hub,u_cross,5482,xeon,280.0,0.0778727,0.07519440000000001,0.0865119
hub_s5482_u_cross,base,direct_full,SUCCESS,True,True,5,5,False,False,False,1:SUCCESS;2:SUCCESS;3:SUCCESS;4:SUCCESS;5:SUCCESS,True,solver_only_synthetic,1,14264,439800,118006,23,22,6433.2445,6316.1985,6522.8145,8.9647768,8.8611938,9.0696772,3019059200.0,2997866496.0,3042381824.0,,,n4_hub,u_cross,5482,xeon,14264.0,6.4332445,6.3161985000000005,6.522814500000001
hub_s5588_u0,base,fg_ducs_otf,SUCCESS,True,True,5,5,False,False,False,1:SUCCESS;2:SUCCESS;3:SUCCESS;4:SUCCESS;5:SUCCESS,True,solver_only_synthetic,1,3738,67403,23154,22,21,523.1097,516.4094,535.4988,2.821301,2.8198336,2.8242499,314675200.0,303251456.0,315678720.0,,,n4_hub,u0,5588,xeon,3738.0,0.5231097,0.5164094,0.5354987999999999
hub_s5588_u0,base,fg_ducs_otf_eager_controllable,SUCCESS,True,True,5,5,False,False,False,1:SUCCESS;2:SUCCESS;3:SUCCESS;4:SUCCESS;5:SUCCESS,True,solver_only_synthetic,1,84,633,181,23,22,28.0516,26.5553,29.0829,2.2186498,2.2157481,2.3189234,67514368.0,61648896.0,77615104.0,,,n4_hub,u0,5588,xeon,84.0,0.0280516,0.0265553,0.0290829
hub_s5588_u0,base,fg_ducs_otf_update_first,SUCCESS,True,True,5,5,False,False,False,1:SUCCESS;2:SUCCESS;3:SUCCESS;4:SUCCESS;5:SUCCESS,True,solver_only_synthetic,1,4014,74822,25148,22,21,489.2156,486.4479,490.2452,2.7261666,2.7205074,2.822834,316882944.0,306323456.0,324091904.0,,,n4_hub,u0,5588,xeon,4014.0,0.48921560000000003,0.4864479,0.49024520000000005
hub_s5588_u0,base,direct_full,SUCCESS,True,True,5,5,False,False,False,1:SUCCESS;2:SUCCESS;3:SUCCESS;4:SUCCESS;5:SUCCESS,True,solver_only_synthetic,1,8967,255141,80996,22,21,4505.1362,4476.0725,4531.4198,6.9490914,6.853976,6.9652226,2306514944.0,2292240384.0,2318856192.0,,,n4_hub,u0,5588,xeon,8967.0,4.5051362,4.4760725,4.5314198
hub_s5588_u_local,base,fg_ducs_otf,SUCCESS,True,True,5,5,False,False,False,1:SUCCESS;2:SUCCESS;3:SUCCESS;4:SUCCESS;5:SUCCESS,True,solver_only_synthetic,1,255,1937,699,23,22,82.5864,80.0406,86.0137,2.3187432,2.3157841,2.4190122,119844864.0,90738688.0,126914560.0,,,n4_hub,u_local,5588,xeon,255.0,0.0825864,0.0800406,0.0860137
hub_s5588_u_local,base,fg_ducs_otf_eager_controllable,SUCCESS,True,True,5,5,False,False,False,1:SUCCESS;2:SUCCESS;3:SUCCESS;4:SUCCESS;5:SUCCESS,True,solver_only_synthetic,1,72,533,142,23,22,27.3211,27.0768,29.8276,2.3162751,2.316047,2.3179812,72978432.0,62603264.0,78491648.0,,,n4_hub,u_local,5588,xeon,72.0,0.0273211,0.027076799999999998,0.0298276
hub_s5588_u_local,base,fg_ducs_otf_update_first,SUCCESS,True,True,5,5,False,False,False,1:SUCCESS;2:SUCCESS;3:SUCCESS;4:SUCCESS;5:SUCCESS,True,solver_only_synthetic,1,281,2284,788,23,22,80.6617,79.9876,83.2111,2.3184576,2.3164568,2.3204579,112508928.0,111136768.0,121204736.0,,,n4_hub,u_local,5588,xeon,281.0,0.0806617,0.0799876,0.08321110000000001
hub_s5588_u_local,base,direct_full,SUCCESS,True,True,5,5,False,False,False,1:SUCCESS;2:SUCCESS;3:SUCCESS;4:SUCCESS;5:SUCCESS,True,solver_only_synthetic,1,15032,476520,129934,23,22,6687.7071,6636.6843,6699.9465,9.1669265,9.0746442,9.1680477,2551939072.0,2537328640.0,2666278912.0,,,n4_hub,u_local,5588,xeon,15032.0,6.6877071,6.6366843,6.6999465
hub_s5588_u_cross,base,fg_ducs_otf,SUCCESS,True,True,5,5,False,False,False,1:SUCCESS;2:SUCCESS;3:SUCCESS;4:SUCCESS;5:SUCCESS,True,solver_only_synthetic,1,262,2015,709,23,22,84.5778,80.5921,87.675,2.3181497,2.3167575,2.3189549,124026880.0,119304192.0,126111744.0,,,n4_hub,u_cross,5588,xeon,262.0,0.0845778,0.0805921,0.087675
hub_s5588_u_cross,base,fg_ducs_otf_eager_controllable,SUCCESS,True,True,5,5,False,False,False,1:SUCCESS;2:SUCCESS;3:SUCCESS;4:SUCCESS;5:SUCCESS,True,solver_only_synthetic,1,72,533,142,23,22,28.359,27.6422,29.5837,2.3178446,2.3159684,2.3188786,70537216.0,62472192.0,78655488.0,,,n4_hub,u_cross,5588,xeon,72.0,0.028359000000000002,0.0276422,0.0295837
hub_s5588_u_cross,base,fg_ducs_otf_update_first,SUCCESS,True,True,5,5,False,False,False,1:SUCCESS;2:SUCCESS;3:SUCCESS;4:SUCCESS;5:SUCCESS,True,solver_only_synthetic,1,288,2376,798,23,22,79.2848,77.5823,82.4897,2.3179776,2.3163179,2.4177046,115400704.0,91254784.0,117223424.0,,,n4_hub,u_cross,5588,xeon,288.0,0.0792848,0.0775823,0.0824897
hub_s5588_u_cross,base,direct_full,SUCCESS,True,True,5,5,False,False,False,1:SUCCESS;2:SUCCESS;3:SUCCESS;4:SUCCESS;5:SUCCESS,True,solver_only_synthetic,1,15032,476520,129934,23,22,6788.7788,6726.8436,6871.5385,9.2700803,9.166685,9.3669477,2649284608.0,2538352640.0,2986692608.0,,,n4_hub,u_cross,5588,xeon,15032.0,6.7887788,6.7268436000000005,6.8715385
hub_s5831_u0,base,fg_ducs_otf,SUCCESS,True,True,5,5,False,False,False,1:SUCCESS;2:SUCCESS;3:SUCCESS;4:SUCCESS;5:SUCCESS,True,solver_only_synthetic,1,1587,23686,8239,30,32,279.1471,273.4362,281.0632,2.5203143,2.5173204,2.5242982,260632576.0,256229376.0,263610368.0,,,n4_hub,u0,5831,xeon,1587.0,0.27914710000000004,0.2734362,0.2810632
hub_s5831_u0,base,fg_ducs_otf_eager_controllable,SUCCESS,True,True,5,5,False,False,False,1:SUCCESS;2:SUCCESS;3:SUCCESS;4:SUCCESS;5:SUCCESS,True,solver_only_synthetic,1,817,21183,5021,22,23,168.6795,165.3622,172.3601,2.418825,2.418091,2.4211339,226590720.0,221982720.0,228253696.0,,,n4_hub,u0,5831,xeon,817.0,0.16867949999999998,0.16536220000000001,0.1723601
hub_s5831_u0,base,fg_ducs_otf_update_first,SUCCESS,True,True,5,5,False,False,False,1:SUCCESS;2:SUCCESS;3:SUCCESS;4:SUCCESS;5:SUCCESS,True,solver_only_synthetic,1,1727,26986,9039,30,32,263.0328,261.3713,264.6129,2.5189033,2.5169166,2.5276453,266104832.0,259399680.0,269975552.0,,,n4_hub,u0,5831,xeon,1727.0,0.2630328,0.26137130000000003,0.26461290000000004
hub_s5831_u0,base,direct_full,SUCCESS,True,True,5,5,False,False,False,1:SUCCESS;2:SUCCESS;3:SUCCESS;4:SUCCESS;5:SUCCESS,True,solver_only_synthetic,1,8967,246175,80100,30,32,4690.2346,4661.1907,4724.7305,7.1530587,7.0501584,7.1656104,2300968960.0,2285162496.0,2319978496.0,,,n4_hub,u0,5831,xeon,8967.0,4.6902346,4.661190700000001,4.7247305
hub_s5831_u_local,base,fg_ducs_otf,SUCCESS,True,True,5,5,False,False,False,1:SUCCESS;2:SUCCESS;3:SUCCESS;4:SUCCESS;5:SUCCESS,True,solver_only_synthetic,1,131,838,284,39,41,60.3752,59.1015,60.8471,2.3185369,2.2198173,2.3208001,105037824.0,90787840.0,107286528.0,,,n4_hub,u_local,5831,xeon,131.0,0.060375200000000004,0.0591015,0.0608471
hub_s5831_u_local,base,fg_ducs_otf_eager_controllable,SUCCESS,True,True,5,5,False,False,False,1:SUCCESS;2:SUCCESS;3:SUCCESS;4:SUCCESS;5:SUCCESS,True,solver_only_synthetic,1,380,4639,872,31,33,91.0253,89.9705,91.4056,2.3175145,2.3154198,2.3239003,128630784.0,124944384.0,134524928.0,,,n4_hub,u_local,5831,xeon,380.0,0.0910253,0.08997050000000001,0.0914056
hub_s5831_u_local,base,fg_ducs_otf_update_first,SUCCESS,True,True,5,5,False,False,False,1:SUCCESS;2:SUCCESS;3:SUCCESS;4:SUCCESS;5:SUCCESS,True,solver_only_synthetic,1,133,916,301,39,41,53.1906,52.0524,56.2587,2.3189326,2.3161627,2.3227884,105943040.0,99880960.0,106967040.0,,,n4_hub,u_local,5831,xeon,133.0,0.053190600000000005,0.0520524,0.0562587
hub_s5831_u_local,base,direct_full,SUCCESS,True,True,5,5,False,False,False,1:SUCCESS;2:SUCCESS;3:SUCCESS;4:SUCCESS;5:SUCCESS,True,solver_only_synthetic,1,14264,439800,119842,39,41,6759.0132,6612.8068,6801.5086,9.2628132,9.0822454,9.2670009,3079905280.0,3068424192.0,3120197632.0,,,n4_hub,u_local,5831,xeon,14264.0,6.7590132,6.6128068,6.8015086
hub_s5831_u_cross,base,fg_ducs_otf,SUCCESS,True,True,5,5,False,False,False,1:SUCCESS;2:SUCCESS;3:SUCCESS;4:SUCCESS;5:SUCCESS,True,solver_only_synthetic,1,150,1024,318,49,50,64.4926,64.0193,65.4303,2.3165491,2.3163,2.3180888,110968832.0,105639936.0,112558080.0,,,n4_hub,u_cross,5831,xeon,150.0,0.0644926,0.0640193,0.06543030000000001
hub_s5831_u_cross,base,fg_ducs_otf_eager_controllable,SUCCESS,True,True,5,5,False,False,False,1:SUCCESS;2:SUCCESS;3:SUCCESS;4:SUCCESS;5:SUCCESS,True,solver_only_synthetic,1,507,7662,1342,41,42,121.084,117.3579,122.1716,2.4196044,2.4172526,2.4211415,130658304.0,126283776.0,135749632.0,,,n4_hub,u_cross,5831,xeon,507.0,0.12108400000000001,0.1173579,0.1221716
hub_s5831_u_cross,base,fg_ducs_otf_update_first,SUCCESS,True,True,5,5,False,False,False,1:SUCCESS;2:SUCCESS;3:SUCCESS;4:SUCCESS;5:SUCCESS,True,solver_only_synthetic,1,145,1103,357,30,31,58.5622,58.0031,59.2804,2.3191054,2.3164932,2.4200549,100196352.0,87330816.0,109391872.0,,,n4_hub,u_cross,5831,xeon,145.0,0.0585622,0.0580031,0.059280400000000004
hub_s5831_u_cross,base,direct_full,SUCCESS,True,True,5,5,False,False,False,1:SUCCESS;2:SUCCESS;3:SUCCESS;4:SUCCESS;5:SUCCESS,True,solver_only_synthetic,1,14264,439800,119842,49,50,6771.6971,6745.767,6784.7123,9.2692529,9.2668959,9.3761826,3109748736.0,3082113024.0,3142909952.0,,,n4_hub,u_cross,5831,xeon,14264.0,6.771697100000001,6.745767,6.784712300000001
hub_s6212_u0,base,fg_ducs_otf,SUCCESS,True,True,5,5,False,False,False,1:SUCCESS;2:SUCCESS;3:SUCCESS;4:SUCCESS;5:SUCCESS,True,solver_only_synthetic,1,2770,43651,15254,22,21,408.4168,401.1684,410.6042,2.7200652,2.6183539,2.7212988,298852352.0,291053568.0,299814912.0,,,n4_hub,u0,6212,xeon,2770.0,0.4084168,0.40116840000000004,0.4106042
hub_s6212_u0,base,fg_ducs_otf_eager_controllable,SUCCESS,True,True,5,5,False,False,False,1:SUCCESS;2:SUCCESS;3:SUCCESS;4:SUCCESS;5:SUCCESS,True,solver_only_synthetic,1,84,611,180,23,22,28.0644,26.0533,29.3635,2.3174173,2.3158692,2.3177687,67526656.0,61845504.0,76914688.0,,,n4_hub,u0,6212,xeon,84.0,0.0280644,0.0260533,0.0293635
hub_s6212_u0,base,fg_ducs_otf_update_first,SUCCESS,True,True,5,5,False,False,False,1:SUCCESS;2:SUCCESS;3:SUCCESS;4:SUCCESS;5:SUCCESS,True,solver_only_synthetic,1,3068,50280,17012,22,21,377.2645,370.0208,382.6308,2.6199858,2.6188828,2.621707,309305344.0,295710720.0,320987136.0,,,n4_hub,u0,6212,xeon,3068.0,0.3772645,0.37002080000000004,0.38263080000000005
hub_s6212_u0,base,direct_full,SUCCESS,True,True,5,5,False,False,False,1:SUCCESS;2:SUCCESS;3:SUCCESS;4:SUCCESS;5:SUCCESS,True,solver_only_synthetic,1,8967,246175,78756,22,21,4423.8297,4367.605,4454.7994,6.852381,6.7516449,6.8547595,2226491392.0,2204229632.0,2265083904.0,,,n4_hub,u0,6212,xeon,8967.0,4.423829700000001,4.367604999999999,4.4547994
hub_s6212_u_local,base,fg_ducs_otf,SUCCESS,True,True,5,5,False,False,False,1:SUCCESS;2:SUCCESS;3:SUCCESS;4:SUCCESS;5:SUCCESS,True,solver_only_synthetic,1,255,1888,699,23,22,82.4186,80.3468,85.7541,2.3188585,2.3163957,2.4195824,115929088.0,92807168.0,128360448.0,,,n4_hub,u_local,6212,xeon,255.0,0.0824186,0.08034680000000001,0.0857541
hub_s6212_u_local,base,fg_ducs_otf_eager_controllable,SUCCESS,True,True,5,5,False,False,False,1:SUCCESS;2:SUCCESS;3:SUCCESS;4:SUCCESS;5:SUCCESS,True,solver_only_synthetic,1,72,519,142,23,22,27.743,26.7708,29.6693,2.317933,2.3166533,2.3198059,83660800.0,62509056.0,85499904.0,,,n4_hub,u_local,6212,xeon,72.0,0.027743,0.0267708,0.0296693
hub_s6212_u_local,base,fg_ducs_otf_update_first,SUCCESS,True,True,5,5,False,False,False,1:SUCCESS;2:SUCCESS;3:SUCCESS;4:SUCCESS;5:SUCCESS,True,solver_only_synthetic,1,298,2340,807,23,22,80.4701,79.318,84.805,2.317627,2.3161513,2.3191481,114716672.0,112754688.0,122413056.0,,,n4_hub,u_local,6212,xeon,298.0,0.0804701,0.079318,0.084805
hub_s6212_u_local,base,direct_full,SUCCESS,True,True,5,5,False,False,False,1:SUCCESS;2:SUCCESS;3:SUCCESS;4:SUCCESS;5:SUCCESS,True,solver_only_synthetic,1,14264,439800,118982,23,22,6492.1773,6386.1148,6575.9434,9.0611484,8.8672066,9.0668186,3065475072.0,3033440256.0,3084652544.0,,,n4_hub,u_local,6212,xeon,14264.0,6.492177300000001,6.3861148000000005,6.5759434
hub_s6212_u_cross,base,fg_ducs_otf,SUCCESS,True,True,5,5,False,False,False,1:SUCCESS;2:SUCCESS;3:SUCCESS;4:SUCCESS;5:SUCCESS,True,solver_only_synthetic,1,262,1966,709,23,22,82.5883,79.7097,84.0199,2.319049,2.3170768,2.3190855,120041472.0,110391296.0,122740736.0,,,n4_hub,u_cross,6212,xeon,262.0,0.0825883,0.0797097,0.08401990000000001
hub_s6212_u_cross,base,fg_ducs_otf_eager_controllable,SUCCESS,True,True,5,5,False,False,False,1:SUCCESS;2:SUCCESS;3:SUCCESS;4:SUCCESS;5:SUCCESS,True,solver_only_synthetic,1,72,519,142,23,22,27.9348,27.6941,28.9536,2.3170639,2.2158756,2.3197726,69140480.0,62558208.0,84602880.0,,,n4_hub,u_cross,6212,xeon,72.0,0.0279348,0.0276941,0.028953600000000003
hub_s6212_u_cross,base,fg_ducs_otf_update_first,SUCCESS,True,True,5,5,False,False,False,1:SUCCESS;2:SUCCESS;3:SUCCESS;4:SUCCESS;5:SUCCESS,True,solver_only_synthetic,1,307,2453,820,23,22,80.8607,80.4238,82.1478,2.3177527,2.316477,2.4193133,115265536.0,107122688.0,115888128.0,,,n4_hub,u_cross,6212,xeon,307.0,0.0808607,0.0804238,0.0821478
hub_s6212_u_cross,base,direct_full,SUCCESS,True,True,5,5,False,False,False,1:SUCCESS;2:SUCCESS;3:SUCCESS;4:SUCCESS;5:SUCCESS,True,solver_only_synthetic,1,14264,439800,118982,23,22,6533.1011,6439.7487,6573.0307,9.059692,8.9702804,9.0695975,3056484352.0,3033497600.0,3071463424.0,,,n4_hub,u_cross,6212,xeon,14264.0,6.5331011,6.4397487,6.5730307
hub_s6569_u0,base,fg_ducs_otf,SUCCESS,True,True,5,5,False,False,False,1:SUCCESS;2:SUCCESS;3:SUCCESS;4:SUCCESS;5:SUCCESS,True,solver_only_synthetic,1,2162,33890,12326,37,39,355.2418,353.5329,358.3874,2.62107,2.6189215,2.6215301,279646208.0,267653120.0,285147136.0,,,n4_hub,u0,6569,xeon,2162.0,0.3552418,0.3535329,0.3583874
hub_s6569_u0,base,fg_ducs_otf_eager_controllable,SUCCESS,True,True,5,5,False,False,False,1:SUCCESS;2:SUCCESS;3:SUCCESS;4:SUCCESS;5:SUCCESS,True,solver_only_synthetic,1,1581,42150,10854,23,24,258.9304,254.9336,261.3182,2.5193803,2.5186851,2.6207813,263512064.0,254894080.0,268935168.0,,,n4_hub,u0,6569,xeon,1581.0,0.2589304,0.25493360000000004,0.2613182
hub_s6569_u0,base,fg_ducs_otf_update_first,SUCCESS,True,True,5,5,False,False,False,1:SUCCESS;2:SUCCESS;3:SUCCESS;4:SUCCESS;5:SUCCESS,True,solver_only_synthetic,1,2385,39440,13806,37,39,339.7386,329.9069,350.2534,2.6191736,2.6186606,2.621993,299995136.0,276520960.0,304328704.0,,,n4_hub,u0,6569,xeon,2385.0,0.3397386,0.3299069,0.3502534
hub_s6569_u0,base,direct_full,SUCCESS,True,True,5,5,False,False,False,1:SUCCESS;2:SUCCESS;3:SUCCESS;4:SUCCESS;5:SUCCESS,True,solver_only_synthetic,1,8967,246175,80420,30,32,4830.6806,4752.4741,4915.8541,7.2591533,7.2551622,7.3616579,2330554368.0,2302988288.0,2384535552.0,,,n4_hub,u0,6569,xeon,8967.0,4.8306806,4.752474100000001,4.9158541
hub_s6569_u_local,base,fg_ducs_otf,SUCCESS,True,True,5,5,False,False,False,1:SUCCESS;2:SUCCESS;3:SUCCESS;4:SUCCESS;5:SUCCESS,True,solver_only_synthetic,1,171,1117,385,43,45,66.3237,64.4773,67.5585,2.3180545,2.3162106,2.4198346,112791552.0,103993344.0,115662848.0,,,n4_hub,u_local,6569,xeon,171.0,0.0663237,0.0644773,0.0675585
hub_s6569_u_local,base,fg_ducs_otf_eager_controllable,SUCCESS,True,True,5,5,False,False,False,1:SUCCESS;2:SUCCESS;3:SUCCESS;4:SUCCESS;5:SUCCESS,True,solver_only_synthetic,1,889,11296,2429,42,44,161.5808,160.8382,164.0127,2.4178213,2.4169254,2.4198934,195579904.0,190140416.0,205234176.0,,,n4_hub,u_local,6569,xeon,889.0,0.16158080000000002,0.16083820000000001,0.1640127
hub_s6569_u_local,base,fg_ducs_otf_update_first,SUCCESS,True,True,5,5,False,False,False,1:SUCCESS;2:SUCCESS;3:SUCCESS;4:SUCCESS;5:SUCCESS,True,solver_only_synthetic,1,181,1308,442,43,45,66.61,65.324,67.9535,2.3178422,2.3171042,2.3192627,110063616.0,104083456.0,114106368.0,,,n4_hub,u_local,6569,xeon,181.0,0.06661,0.065324,0.0679535
hub_s6569_u_local,base,direct_full,SUCCESS,True,True,5,5,False,False,False,1:SUCCESS;2:SUCCESS;3:SUCCESS;4:SUCCESS;5:SUCCESS,True,solver_only_synthetic,1,14264,439800,119027,45,47,6856.8585,6788.2396,6868.0439,9.3669431,9.2643575,9.3784196,3098685440.0,3076669440.0,3112779776.0,,,n4_hub,u_local,6569,xeon,14264.0,6.8568585,6.7882396,6.8680439
hub_s6569_u_cross,base,fg_ducs_otf,SUCCESS,True,True,5,5,False,False,False,1:SUCCESS;2:SUCCESS;3:SUCCESS;4:SUCCESS;5:SUCCESS,True,solver_only_synthetic,1,175,1144,388,43,45,67.1469,65.5634,69.1806,2.3190852,2.3173418,2.3225281,112893952.0,109182976.0,116887552.0,,,n4_hub,u_cross,6569,xeon,175.0,0.06714690000000001,0.06556340000000001,0.0691806
hub_s6569_u_cross,base,fg_ducs_otf_eager_controllable,SUCCESS,True,True,5,5,False,False,False,1:SUCCESS;2:SUCCESS;3:SUCCESS;4:SUCCESS;5:SUCCESS,True,solver_only_synthetic,1,1059,15221,3055,66,65,197.8751,195.4753,198.3088,2.418705,2.4180852,2.4210895,230543360.0,225845248.0,245272576.0,,,n4_hub,u_cross,6569,xeon,1059.0,0.1978751,0.19547530000000002,0.1983088
hub_s6569_u_cross,base,fg_ducs_otf_update_first,SUCCESS,True,True,5,5,False,False,False,1:SUCCESS;2:SUCCESS;3:SUCCESS;4:SUCCESS;5:SUCCESS,True,solver_only_synthetic,1,185,1335,445,43,45,67.8108,67.4053,79.568,2.3175927,2.3150843,2.3241266,110788608.0,105377792.0,112693248.0,,,n4_hub,u_cross,6569,xeon,185.0,0.0678108,0.0674053,0.079568
hub_s6569_u_cross,base,direct_full,SUCCESS,True,True,5,5,False,False,False,1:SUCCESS;2:SUCCESS;3:SUCCESS;4:SUCCESS;5:SUCCESS,True,solver_only_synthetic,1,14264,439800,119027,69,68,6863.6062,6666.9787,6911.1696,9.3723026,9.163003,9.4699087,3104632832.0,3083280384.0,3148165120.0,,,n4_hub,u_cross,6569,xeon,14264.0,6.8636062,6.6669787,6.9111696
hub_s6808_u0,base,fg_ducs_otf,SUCCESS,True,True,5,5,False,False,False,1:SUCCESS;2:SUCCESS;3:SUCCESS;4:SUCCESS;5:SUCCESS,True,solver_only_synthetic,1,4526,110833,36987,34,36,705.7901,698.559,714.9775,3.0225506,2.9225305,3.0258965,359661568.0,351916032.0,384466944.0,,,n4_hub,u0,6808,xeon,4526.0,0.7057901000000001,0.6985589999999999,0.7149774999999999
hub_s6808_u0,base,fg_ducs_otf_eager_controllable,SUCCESS,True,True,5,5,False,False,False,1:SUCCESS;2:SUCCESS;3:SUCCESS;4:SUCCESS;5:SUCCESS,True,solver_only_synthetic,1,818,26342,6073,22,23,194.4029,192.5072,196.3134,2.419714,2.4172131,2.5177665,235859968.0,235433984.0,241147904.0,,,n4_hub,u0,6808,xeon,818.0,0.1944029,0.19250720000000002,0.1963134
hub_s6808_u0,base,fg_ducs_otf_update_first,SUCCESS,True,True,5,5,False,False,False,1:SUCCESS;2:SUCCESS;3:SUCCESS;4:SUCCESS;5:SUCCESS,True,solver_only_synthetic,1,4776,118541,38931,34,36,690.7138,684.2508,694.2059,3.024015,2.922356,3.0249564,376328192.0,360144896.0,384774144.0,,,n4_hub,u0,6808,xeon,4776.0,0.6907138,0.6842508,0.6942059
hub_s6808_u0,base,direct_full,SUCCESS,True,True,5,5,False,False,False,1:SUCCESS;2:SUCCESS;3:SUCCESS;4:SUCCESS;5:SUCCESS,True,solver_only_synthetic,1,8967,299971,93860,30,32,5260.7363,5235.0311,5299.1698,7.7577079,7.7479959,7.7612451,2764075008.0,2747342848.0,2780663808.0,,,n4_hub,u0,6808,xeon,8967.0,5.2607363,5.2350311000000005,5.2991698
hub_s6808_u_local,base,fg_ducs_otf,SUCCESS,True,True,5,5,False,False,False,1:SUCCESS;2:SUCCESS;3:SUCCESS;4:SUCCESS;5:SUCCESS,True,solver_only_synthetic,1,148,1012,310,43,45,63.0695,61.0938,66.2124,2.3170781,2.3166373,2.3200081,114528256.0,108691456.0,120307712.0,,,n4_hub,u_local,6808,xeon,148.0,0.0630695,0.061093800000000004,0.0662124
hub_s6808_u_local,base,fg_ducs_otf_eager_controllable,SUCCESS,True,True,5,5,False,False,False,1:SUCCESS;2:SUCCESS;3:SUCCESS;4:SUCCESS;5:SUCCESS,True,solver_only_synthetic,1,381,5250,902,31,33,101.38,97.7023,102.9165,2.3171314,2.3167117,2.3235174,126238720.0,125313024.0,142909440.0,,,n4_hub,u_local,6808,xeon,381.0,0.10138,0.09770229999999999,0.10291650000000001
hub_s6808_u_local,base,fg_ducs_otf_update_first,SUCCESS,True,True,5,5,False,False,False,1:SUCCESS;2:SUCCESS;3:SUCCESS;4:SUCCESS;5:SUCCESS,True,solver_only_synthetic,1,142,1086,321,43,45,56.9112,56.4599,59.1864,2.3177539,2.3166623,2.3213593,104902656.0,100962304.0,112168960.0,,,n4_hub,u_local,6808,xeon,142.0,0.0569112,0.0564599,0.0591864
hub_s6808_u_local,base,direct_full,SUCCESS,True,True,5,5,False,False,False,1:SUCCESS;2:SUCCESS;3:SUCCESS;4:SUCCESS;5:SUCCESS,True,solver_only_synthetic,1,15032,551640,149818,39,41,7466.4749,7347.465,7537.5903,9.9672077,9.8805447,10.0742338,3209715712.0,3152777216.0,3236749312.0,,,n4_hub,u_local,6808,xeon,15032.0,7.466474900000001,7.347465000000001,7.5375903
hub_s6808_u_cross,base,fg_ducs_otf,SUCCESS,True,True,5,5,False,False,False,1:SUCCESS;2:SUCCESS;3:SUCCESS;4:SUCCESS;5:SUCCESS,True,solver_only_synthetic,1,148,1012,310,43,45,65.1806,62.8626,65.6039,2.3172139,2.3156511,2.3211018,117366784.0,109047808.0,119959552.0,,,n4_hub,u_cross,6808,xeon,148.0,0.0651806,0.0628626,0.06560389999999999
hub_s6808_u_cross,base,fg_ducs_otf_eager_controllable,SUCCESS,True,True,5,5,False,False,False,1:SUCCESS;2:SUCCESS;3:SUCCESS;4:SUCCESS;5:SUCCESS,True,solver_only_synthetic,1,543,9597,1509,31,33,137.2191,134.4717,138.5877,2.4190517,2.3182836,2.420176,146661376.0,123219968.0,155971584.0,,,n4_hub,u_cross,6808,xeon,543.0,0.1372191,0.1344717,0.1385877
hub_s6808_u_cross,base,fg_ducs_otf_update_first,SUCCESS,True,True,5,5,False,False,False,1:SUCCESS;2:SUCCESS;3:SUCCESS;4:SUCCESS;5:SUCCESS,True,solver_only_synthetic,1,142,1086,321,43,45,56.8804,56.2712,59.6519,2.3179006,2.3162939,2.3202234,105156608.0,92733440.0,113680384.0,,,n4_hub,u_cross,6808,xeon,142.0,0.056880400000000005,0.0562712,0.0596519
hub_s6808_u_cross,base,direct_full,SUCCESS,True,True,5,5,False,False,False,1:SUCCESS;2:SUCCESS;3:SUCCESS;4:SUCCESS;5:SUCCESS,True,solver_only_synthetic,1,15032,551640,149818,39,41,7452.832,7387.5405,7518.9726,9.992554,9.9732006,10.0837158,3239428096.0,3213778944.0,3343069184.0,,,n4_hub,u_cross,6808,xeon,15032.0,7.452832000000001,7.3875405,7.518972600000001
hub_s7096_u0,base,fg_ducs_otf,SUCCESS,True,True,5,5,False,False,False,1:SUCCESS;2:SUCCESS;3:SUCCESS;4:SUCCESS;5:SUCCESS,True,solver_only_synthetic,1,5001,115083,38363,25,25,764.3249,753.4629,770.1299,3.0238219,3.0232994,3.0243043,378036224.0,368922624.0,393191424.0,,,n4_hub,u0,7096,xeon,5001.0,0.7643249,0.7534629,0.7701299
hub_s7096_u0,base,fg_ducs_otf_eager_controllable,SUCCESS,True,True,5,5,False,False,False,1:SUCCESS;2:SUCCESS;3:SUCCESS;4:SUCCESS;5:SUCCESS,True,solver_only_synthetic,1,2090,64760,16837,27,27,341.7597,334.9023,347.5556,2.6205113,2.6192787,2.6234273,293945344.0,269860864.0,306200576.0,,,n4_hub,u0,7096,xeon,2090.0,0.3417597,0.33490230000000004,0.3475556
hub_s7096_u0,base,fg_ducs_otf_update_first,SUCCESS,True,True,5,5,False,False,False,1:SUCCESS;2:SUCCESS;3:SUCCESS;4:SUCCESS;5:SUCCESS,True,solver_only_synthetic,1,5229,122865,40378,25,25,723.0996,692.5133,734.6493,3.0221488,2.9192497,3.0257104,416882688.0,376643584.0,433623040.0,,,n4_hub,u0,7096,xeon,5229.0,0.7230996000000001,0.6925133,0.7346493000000001
hub_s7096_u0,base,direct_full,SUCCESS,True,True,5,5,False,False,False,1:SUCCESS;2:SUCCESS;3:SUCCESS;4:SUCCESS;5:SUCCESS,True,solver_only_synthetic,1,8967,282039,88548,25,25,4903.9332,4870.0551,4953.8732,7.3606673,7.3531582,7.4563282,2426007552.0,2397798400.0,2459127808.0,,,n4_hub,u0,7096,xeon,8967.0,4.903933200000001,4.8700551,4.9538732
hub_s7096_u_local,base,fg_ducs_otf,SUCCESS,True,True,5,5,False,False,False,1:SUCCESS;2:SUCCESS;3:SUCCESS;4:SUCCESS;5:SUCCESS,True,solver_only_synthetic,1,163,1320,419,23,23,69.1297,63.8633,70.9477,2.3180925,2.31674,2.3199619,116846592.0,99725312.0,118968320.0,,,n4_hub,u_local,7096,xeon,163.0,0.0691297,0.0638633,0.0709477
hub_s7096_u_local,base,fg_ducs_otf_eager_controllable,SUCCESS,True,True,5,5,False,False,False,1:SUCCESS;2:SUCCESS;3:SUCCESS;4:SUCCESS;5:SUCCESS,True,solver_only_synthetic,1,1338,19748,4438,36,36,241.3711,237.3641,242.9873,2.5186743,2.4219896,2.5230349,256782336.0,254590976.0,267923456.0,,,n4_hub,u_local,7096,xeon,1338.0,0.2413711,0.23736410000000002,0.24298730000000002
hub_s7096_u_local,base,fg_ducs_otf_update_first,SUCCESS,True,True,5,5,False,False,False,1:SUCCESS;2:SUCCESS;3:SUCCESS;4:SUCCESS;5:SUCCESS,True,solver_only_synthetic,1,195,1580,479,23,23,69.7341,67.4306,70.8485,2.3171104,2.3153279,2.3222851,109064192.0,104001536.0,114716672.0,,,n4_hub,u_local,7096,xeon,195.0,0.0697341,0.0674306,0.07084850000000001
hub_s7096_u_local,base,direct_full,SUCCESS,True,True,5,5,False,False,False,1:SUCCESS;2:SUCCESS;3:SUCCESS;4:SUCCESS;5:SUCCESS,True,solver_only_synthetic,1,11932,413212,113518,34,34,5918.1366,5772.3619,5997.3729,8.3724905,8.1747553,8.4629369,2632298496.0,2626539520.0,2640801792.0,,,n4_hub,u_local,7096,xeon,11932.0,5.9181365999999995,5.7723619,5.9973729
hub_s7096_u_cross,base,fg_ducs_otf,SUCCESS,True,True,5,5,False,False,False,1:SUCCESS;2:SUCCESS;3:SUCCESS;4:SUCCESS;5:SUCCESS,True,solver_only_synthetic,1,164,1329,420,23,23,69.2839,68.7371,70.3544,2.3186548,2.31765,2.3190963,115515392.0,110895104.0,119885824.0,,,n4_hub,u_cross,7096,xeon,164.0,0.06928390000000001,0.0687371,0.0703544
hub_s7096_u_cross,base,fg_ducs_otf_eager_controllable,SUCCESS,True,True,5,5,False,False,False,1:SUCCESS;2:SUCCESS;3:SUCCESS;4:SUCCESS;5:SUCCESS,True,solver_only_synthetic,1,1524,24653,5155,40,39,259.3391,255.2232,266.9775,2.5195744,2.517971,2.5208017,267141120.0,261238784.0,270721024.0,,,n4_hub,u_cross,7096,xeon,1524.0,0.2593391,0.2552232,0.26697750000000003
hub_s7096_u_cross,base,fg_ducs_otf_update_first,SUCCESS,True,True,5,5,False,False,False,1:SUCCESS;2:SUCCESS;3:SUCCESS;4:SUCCESS;5:SUCCESS,True,solver_only_synthetic,1,196,1592,480,23,23,67.5942,63.1123,69.3697,2.31831,2.3178422,2.3205614,111915008.0,104775680.0,114130944.0,,,n4_hub,u_cross,7096,xeon,196.0,0.06759420000000001,0.0631123,0.06936969999999999
hub_s7096_u_cross,base,direct_full,SUCCESS,True,True,5,5,False,False,False,1:SUCCESS;2:SUCCESS;3:SUCCESS;4:SUCCESS;5:SUCCESS,True,solver_only_synthetic,1,12280,426360,115825,38,37,6110.2729,6057.1793,6213.2328,8.574611,8.5630377,8.76658,2706345984.0,2686328832.0,2832797696.0,,,n4_hub,u_cross,7096,xeon,12280.0,6.1102729,6.0571793,6.2132328
hub_s7833_u0,base,fg_ducs_otf,SUCCESS,True,True,5,5,False,False,False,1:SUCCESS;2:SUCCESS;3:SUCCESS;4:SUCCESS;5:SUCCESS,True,solver_only_synthetic,1,2895,55430,20076,32,34,489.073,482.7765,492.522,2.7227615,2.7194749,2.819282,307908608.0,303992832.0,309719040.0,,,n4_hub,u0,7833,xeon,2895.0,0.489073,0.4827765,0.492522
hub_s7833_u0,base,fg_ducs_otf_eager_controllable,SUCCESS,True,True,5,5,False,False,False,1:SUCCESS;2:SUCCESS;3:SUCCESS;4:SUCCESS;5:SUCCESS,True,solver_only_synthetic,1,3111,94099,25421,30,32,444.6756,434.0902,452.1855,2.722737,2.7194338,2.7250457,321523712.0,312291328.0,323239936.0,,,n4_hub,u0,7833,xeon,3111.0,0.4446756,0.4340902,0.4521855
hub_s7833_u0,base,fg_ducs_otf_update_first,SUCCESS,True,True,5,5,False,False,False,1:SUCCESS;2:SUCCESS;3:SUCCESS;4:SUCCESS;5:SUCCESS,True,solver_only_synthetic,1,3118,61438,21672,32,34,453.7528,442.0355,455.8904,2.7203003,2.7189154,2.7268952,319352832.0,302411776.0,340951040.0,,,n4_hub,u0,7833,xeon,3118.0,0.4537528,0.4420355,0.45589040000000003
hub_s7833_u0,base,direct_full,SUCCESS,True,True,5,5,False,False,False,1:SUCCESS;2:SUCCESS;3:SUCCESS;4:SUCCESS;5:SUCCESS,True,solver_only_synthetic,1,8967,273073,87140,30,32,4985.7458,4870.3493,5022.0443,7.4527941,7.2622953,7.463377,2491277312.0,2397048832.0,2605248512.0,,,n4_hub,u0,7833,xeon,8967.0,4.9857458,4.8703493,5.022044299999999
hub_s7833_u_local,base,fg_ducs_otf,SUCCESS,True,True,5,5,False,False,False,1:SUCCESS;2:SUCCESS;3:SUCCESS;4:SUCCESS;5:SUCCESS,True,solver_only_synthetic,1,211,1628,482,33,35,77.615,76.2041,78.797,2.3180569,2.3173955,2.319884,120582144.0,109694976.0,121561088.0,,,n4_hub,u_local,7833,xeon,211.0,0.077615,0.0762041,0.07879699999999999
hub_s7833_u_local,base,fg_ducs_otf_eager_controllable,SUCCESS,True,True,5,5,False,False,False,1:SUCCESS;2:SUCCESS;3:SUCCESS;4:SUCCESS;5:SUCCESS,True,solver_only_synthetic,1,2103,30949,7481,52,54,305.0375,301.0379,310.1383,2.6187091,2.5214171,2.6197554,266313728.0,252903424.0,272465920.0,,,n4_hub,u_local,7833,xeon,2103.0,0.3050375,0.30103789999999997,0.31013830000000003
hub_s7833_u_local,base,fg_ducs_otf_update_first,SUCCESS,True,True,5,5,False,False,False,1:SUCCESS;2:SUCCESS;3:SUCCESS;4:SUCCESS;5:SUCCESS,True,solver_only_synthetic,1,254,2009,570,33,35,78.7568,76.4436,81.9014,2.3185422,2.3176757,2.3207409,115642368.0,109002752.0,120623104.0,,,n4_hub,u_local,7833,xeon,254.0,0.0787568,0.0764436,0.0819014
hub_s7833_u_local,base,direct_full,SUCCESS,True,True,5,5,False,False,False,1:SUCCESS;2:SUCCESS;3:SUCCESS;4:SUCCESS;5:SUCCESS,True,solver_only_synthetic,1,11932,401284,110730,51,53,6066.9067,5967.6482,6169.7736,8.5660651,8.4724572,8.6576757,2572763136.0,2547732480.0,2646073344.0,,,n4_hub,u_local,7833,xeon,11932.0,6.0669067,5.9676482,6.169773600000001
hub_s7833_u_cross,base,fg_ducs_otf,SUCCESS,True,True,5,5,False,False,False,1:SUCCESS;2:SUCCESS;3:SUCCESS;4:SUCCESS;5:SUCCESS,True,solver_only_synthetic,1,217,1673,487,33,35,80.8087,76.8387,84.3074,2.3177107,2.3158258,2.3206387,115691520.0,110358528.0,121978880.0,,,n4_hub,u_cross,7833,xeon,217.0,0.0808087,0.07683870000000001,0.0843074
hub_s7833_u_cross,base,fg_ducs_otf_eager_controllable,SUCCESS,True,True,5,5,False,False,False,1:SUCCESS;2:SUCCESS;3:SUCCESS;4:SUCCESS;5:SUCCESS,True,solver_only_synthetic,1,2341,37133,8449,67,66,333.3512,332.0456,344.8494,2.619311,2.5244528,2.6216634,260194304.0,259198976.0,272326656.0,,,n4_hub,u_cross,7833,xeon,2341.0,0.3333512,0.3320456,0.34484940000000003
hub_s7833_u_cross,base,fg_ducs_otf_update_first,SUCCESS,True,True,5,5,False,False,False,1:SUCCESS;2:SUCCESS;3:SUCCESS;4:SUCCESS;5:SUCCESS,True,solver_only_synthetic,1,260,2060,575,33,35,79.4795,76.1861,81.2371,2.3193249,2.3160484,2.3198851,111063040.0,107573248.0,119095296.0,,,n4_hub,u_cross,7833,xeon,260.0,0.07947950000000001,0.07618609999999999,0.0812371
hub_s7833_u_cross,base,direct_full,SUCCESS,True,True,5,5,False,False,False,1:SUCCESS;2:SUCCESS;3:SUCCESS;4:SUCCESS;5:SUCCESS,True,solver_only_synthetic,1,12280,414088,112889,66,65,6235.8598,6159.1598,6343.4969,8.6680357,8.5729787,8.7689867,2719223808.0,2665615360.0,2775216128.0,,,n4_hub,u_cross,7833,xeon,12280.0,6.2358598,6.1591598,6.3434969
hub_s7855_u0,base,fg_ducs_otf,SUCCESS,True,True,5,5,False,False,False,1:SUCCESS;2:SUCCESS;3:SUCCESS;4:SUCCESS;5:SUCCESS,True,solver_only_synthetic,1,2546,43325,15504,26,26,402.4719,398.4104,416.5152,2.7200183,2.7186561,2.720226,299065344.0,294203392.0,307740672.0,,,n4_hub,u0,7855,xeon,2546.0,0.4024719,0.3984104,0.4165152
hub_s7855_u0,base,fg_ducs_otf_eager_controllable,SUCCESS,True,True,5,5,False,False,False,1:SUCCESS;2:SUCCESS;3:SUCCESS;4:SUCCESS;5:SUCCESS,True,solver_only_synthetic,1,566,15130,3322,22,22,128.2934,127.2068,129.8569,2.4192374,2.4174294,2.4211374,149401600.0,140115968.0,172343296.0,,,n4_hub,u0,7855,xeon,566.0,0.1282934,0.1272068,0.1298569
hub_s7855_u0,base,fg_ducs_otf_update_first,SUCCESS,True,True,5,5,False,False,False,1:SUCCESS;2:SUCCESS;3:SUCCESS;4:SUCCESS;5:SUCCESS,True,solver_only_synthetic,1,2797,49276,17053,26,26,380.3475,378.6713,384.6233,2.6199217,2.6179231,2.7197546,309116928.0,300589056.0,320503808.0,,,n4_hub,u0,7855,xeon,2797.0,0.38034750000000006,0.3786713,0.3846233
hub_s7855_u0,base,direct_full,SUCCESS,True,True,5,5,False,False,False,1:SUCCESS;2:SUCCESS;3:SUCCESS;4:SUCCESS;5:SUCCESS,True,solver_only_synthetic,1,8967,255141,81828,25,25,4711.057,4635.0691,4729.7027,7.1529617,7.1505569,7.1545632,2351955968.0,2346487808.0,2379771904.0,,,n4_hub,u0,7855,xeon,8967.0,4.711057,4.6350691,4.7297027
hub_s7855_u_local,base,fg_ducs_otf,SUCCESS,True,True,5,5,False,False,False,1:SUCCESS;2:SUCCESS;3:SUCCESS;4:SUCCESS;5:SUCCESS,True,solver_only_synthetic,1,130,1037,358,28,28,59.9796,58.9344,60.529,2.3174178,2.3163259,2.3183767,106799104.0,102510592.0,108843008.0,,,n4_hub,u_local,7855,xeon,130.0,0.0599796,0.0589344,0.060529000000000006
hub_s7855_u_local,base,fg_ducs_otf_eager_controllable,SUCCESS,True,True,5,5,False,False,False,1:SUCCESS;2:SUCCESS;3:SUCCESS;4:SUCCESS;5:SUCCESS,True,solver_only_synthetic,1,258,3158,580,28,28,79.0338,76.9014,80.7148,2.3186316,2.316853,2.4197948,116457472.0,107536384.0,124645376.0,,,n4_hub,u_local,7855,xeon,258.0,0.0790338,0.0769014,0.0807148
hub_s7855_u_local,base,fg_ducs_otf_update_first,SUCCESS,True,True,5,5,False,False,False,1:SUCCESS;2:SUCCESS;3:SUCCESS;4:SUCCESS;5:SUCCESS,True,solver_only_synthetic,1,154,1224,404,28,28,61.8125,56.9916,63.2618,2.3190857,2.316134,2.4180433,100651008.0,83947520.0,106225664.0,,,n4_hub,u_local,7855,xeon,154.0,0.0618125,0.056991599999999996,0.0632618
hub_s7855_u_local,base,direct_full,SUCCESS,True,True,5,5,False,False,False,1:SUCCESS;2:SUCCESS;3:SUCCESS;4:SUCCESS;5:SUCCESS,True,solver_only_synthetic,1,11932,377428,104270,30,30,5683.0243,5644.8141,5843.3555,8.1600228,8.0629021,8.2600641,2365325312.0,2315329536.0,2461143040.0,,,n4_hub,u_local,7855,xeon,11932.0,5.6830243000000005,5.6448141,5.8433554999999995
hub_s7855_u_cross,base,fg_ducs_otf,SUCCESS,True,True,5,5,False,False,False,1:SUCCESS;2:SUCCESS;3:SUCCESS;4:SUCCESS;5:SUCCESS,True,solver_only_synthetic,1,131,1051,359,28,28,60.6851,56.9887,61.7121,2.318343,2.3161984,2.3247545,108961792.0,85385216.0,111878144.0,,,n4_hub,u_cross,7855,xeon,131.0,0.0606851,0.0569887,0.0617121
hub_s7855_u_cross,base,fg_ducs_otf_eager_controllable,SUCCESS,True,True,5,5,False,False,False,1:SUCCESS;2:SUCCESS;3:SUCCESS;4:SUCCESS;5:SUCCESS,True,solver_only_synthetic,1,388,6306,1062,28,28,105.0254,102.0955,105.7022,2.3192759,2.3171849,2.3229123,127627264.0,120029184.0,128786432.0,,,n4_hub,u_cross,7855,xeon,388.0,0.1050254,0.1020955,0.10570220000000001
hub_s7855_u_cross,base,fg_ducs_otf_update_first,SUCCESS,True,True,5,5,False,False,False,1:SUCCESS;2:SUCCESS;3:SUCCESS;4:SUCCESS;5:SUCCESS,True,solver_only_synthetic,1,155,1241,405,28,28,60.7635,59.368,61.6718,2.3173408,2.3169849,2.3199747,100868096.0,99401728.0,107786240.0,,,n4_hub,u_cross,7855,xeon,155.0,0.060763500000000005,0.059368000000000004,0.0616718
hub_s7855_u_cross,base,direct_full,SUCCESS,True,True,5,5,False,False,False,1:SUCCESS;2:SUCCESS;3:SUCCESS;4:SUCCESS;5:SUCCESS,True,solver_only_synthetic,1,12280,389544,106337,30,30,5935.0491,5816.5196,5985.8502,8.3771039,8.2667402,8.4629632,2482057216.0,2464833536.0,2580008960.0,,,n4_hub,u_cross,7855,xeon,12280.0,5.9350491000000005,5.8165195999999995,5.9858502
hub_s8126_u0,base,fg_ducs_otf,SUCCESS,True,True,5,5,False,False,False,1:SUCCESS;2:SUCCESS;3:SUCCESS;4:SUCCESS;5:SUCCESS,True,solver_only_synthetic,1,1187,14651,5259,27,27,212.4056,209.1834,214.7648,2.5190308,2.418413,2.5226303,245719040.0,239730688.0,250363904.0,,,n4_hub,u0,8126,xeon,1187.0,0.2124056,0.20918340000000002,0.2147648
hub_s8126_u0,base,fg_ducs_otf_eager_controllable,SUCCESS,True,True,5,5,False,False,False,1:SUCCESS;2:SUCCESS;3:SUCCESS;4:SUCCESS;5:SUCCESS,True,solver_only_synthetic,1,312,6934,1443,22,22,80.6751,80.1988,86.2037,2.3190131,2.3175895,2.3198456,118366208.0,116695040.0,124747776.0,,,n4_hub,u0,8126,xeon,312.0,0.0806751,0.0801988,0.0862037
hub_s8126_u0,base,fg_ducs_otf_update_first,SUCCESS,True,True,5,5,False,False,False,1:SUCCESS;2:SUCCESS;3:SUCCESS;4:SUCCESS;5:SUCCESS,True,solver_only_synthetic,1,1389,18565,6214,27,27,207.5505,204.5232,210.4682,2.4187481,2.4181686,2.5183172,239509504.0,234053632.0,254734336.0,,,n4_hub,u0,8126,xeon,1389.0,0.2075505,0.20452320000000002,0.2104682
hub_s8126_u0,base,direct_full,SUCCESS,True,True,5,5,False,False,False,1:SUCCESS;2:SUCCESS;3:SUCCESS;4:SUCCESS;5:SUCCESS,True,solver_only_synthetic,1,8967,228243,75108,25,25,4421.9748,4383.8947,4469.2516,6.8501796,6.847469,6.8825102,2157019136.0,2136805376.0,2168492032.0,,,n4_hub,u0,8126,xeon,8967.0,4.4219748,4.3838947,4.4692516
hub_s8126_u_local,base,fg_ducs_otf,SUCCESS,True,True,5,5,False,False,False,1:SUCCESS;2:SUCCESS;3:SUCCESS;4:SUCCESS;5:SUCCESS,True,solver_only_synthetic,1,128,943,362,30,30,58.8749,58.1934,61.232,2.3188419,2.3151585,2.3234871,97935360.0,87977984.0,101498880.0,,,n4_hub,u_local,8126,xeon,128.0,0.0588749,0.0581934,0.061232
hub_s8126_u_local,base,fg_ducs_otf_eager_controllable,SUCCESS,True,True,5,5,False,False,False,1:SUCCESS;2:SUCCESS;3:SUCCESS;4:SUCCESS;5:SUCCESS,True,solver_only_synthetic,1,135,1414,285,23,23,49.597,48.4496,50.1951,2.319403,2.3161162,2.3249306,93806592.0,83300352.0,103870464.0,,,n4_hub,u_local,8126,xeon,135.0,0.049597,0.048449599999999995,0.0501951
hub_s8126_u_local,base,fg_ducs_otf_update_first,SUCCESS,True,True,5,5,False,False,False,1:SUCCESS;2:SUCCESS;3:SUCCESS;4:SUCCESS;5:SUCCESS,True,solver_only_synthetic,1,142,1085,398,30,30,56.2238,52.9695,58.0927,2.3187828,2.3170284,2.3228014,104566784.0,87568384.0,110600192.0,,,n4_hub,u_local,8126,xeon,142.0,0.0562238,0.052969499999999996,0.058092700000000004
hub_s8126_u_local,base,direct_full,SUCCESS,True,True,5,5,False,False,False,1:SUCCESS;2:SUCCESS;3:SUCCESS;4:SUCCESS;5:SUCCESS,True,solver_only_synthetic,1,14264,411288,112444,28,28,6405.2183,6358.3461,6438.8611,8.8783949,8.7731295,8.9661323,2920439808.0,2873593856.0,2930663424.0,,,n4_hub,u_local,8126,xeon,14264.0,6.4052183000000005,6.3583460999999994,6.4388611000000004
hub_s8126_u_cross,base,fg_ducs_otf,SUCCESS,True,True,5,5,False,False,False,1:SUCCESS;2:SUCCESS;3:SUCCESS;4:SUCCESS;5:SUCCESS,True,solver_only_synthetic,1,129,955,363,30,30,58.5381,57.8017,61.0897,2.3180684,2.3169938,2.3221933,104898560.0,98607104.0,106704896.0,,,n4_hub,u_cross,8126,xeon,129.0,0.0585381,0.0578017,0.061089700000000004
hub_s8126_u_cross,base,fg_ducs_otf_eager_controllable,SUCCESS,True,True,5,5,False,False,False,1:SUCCESS;2:SUCCESS;3:SUCCESS;4:SUCCESS;5:SUCCESS,True,solver_only_synthetic,1,214,3270,594,23,23,70.819,70.2997,72.0341,2.3182749,2.3170989,2.3202025,106737664.0,105684992.0,116330496.0,,,n4_hub,u_cross,8126,xeon,214.0,0.07081900000000001,0.0702997,0.07203409999999999
hub_s8126_u_cross,base,fg_ducs_otf_update_first,SUCCESS,True,True,5,5,False,False,False,1:SUCCESS;2:SUCCESS;3:SUCCESS;4:SUCCESS;5:SUCCESS,True,solver_only_synthetic,1,143,1100,399,30,30,56.3002,54.5988,59.4416,2.3180753,2.3162113,2.4171414,96022528.0,84021248.0,100327424.0,,,n4_hub,u_cross,8126,xeon,143.0,0.056300199999999995,0.054598799999999996,0.059441600000000004
hub_s8126_u_cross,base,direct_full,SUCCESS,True,True,5,5,False,False,False,1:SUCCESS;2:SUCCESS;3:SUCCESS;4:SUCCESS;5:SUCCESS,True,solver_only_synthetic,1,14264,411288,112444,28,28,6414.28,6344.1226,6431.7617,8.8757271,8.8539312,8.9771045,2910482432.0,2868854784.0,2960596992.0,,,n4_hub,u_cross,8126,xeon,14264.0,6.41428,6.3441225999999995,6.4317617
hub_s8285_u0,base,fg_ducs_otf,SUCCESS,True,True,5,5,False,False,False,1:SUCCESS;2:SUCCESS;3:SUCCESS;4:SUCCESS;5:SUCCESS,True,solver_only_synthetic,1,3345,58546,21074,22,21,489.9443,482.3054,503.4814,2.8207389,2.7195973,2.8233283,306634752.0,301981696.0,323497984.0,,,n4_hub,u0,8285,xeon,3345.0,0.4899443,0.48230540000000005,0.5034814
hub_s8285_u0,base,fg_ducs_otf_eager_controllable,SUCCESS,True,True,5,5,False,False,False,1:SUCCESS;2:SUCCESS;3:SUCCESS;4:SUCCESS;5:SUCCESS,True,solver_only_synthetic,1,84,636,180,23,22,28.1598,26.756,29.6911,2.3171633,2.2157017,2.3183271,66457600.0,61710336.0,74276864.0,,,n4_hub,u0,8285,xeon,84.0,0.028159800000000002,0.026756000000000002,0.029691099999999998
hub_s8285_u0,base,fg_ducs_otf_update_first,SUCCESS,True,True,5,5,False,False,False,1:SUCCESS;2:SUCCESS;3:SUCCESS;4:SUCCESS;5:SUCCESS,True,solver_only_synthetic,1,3614,65932,22906,22,21,453.9901,446.989,466.8289,2.7214867,2.7200509,2.7219872,317288448.0,305799168.0,323526656.0,,,n4_hub,u0,8285,xeon,3614.0,0.4539901,0.44698899999999997,0.4668289
hub_s8285_u0,base,direct_full,SUCCESS,True,True,5,5,False,False,False,1:SUCCESS;2:SUCCESS;3:SUCCESS;4:SUCCESS;5:SUCCESS,True,solver_only_synthetic,1,8967,255141,80996,22,21,4500.115,4458.7587,4523.8385,6.9498713,6.8475147,6.9538985,2285027328.0,2259898368.0,2295418880.0,,,n4_hub,u0,8285,xeon,8967.0,4.500115,4.458758700000001,4.5238385
hub_s8285_u_local,base,fg_ducs_otf,SUCCESS,True,True,5,5,False,False,False,1:SUCCESS;2:SUCCESS;3:SUCCESS;4:SUCCESS;5:SUCCESS,True,solver_only_synthetic,1,256,1941,690,23,22,82.833,80.6882,85.1758,2.3187317,2.316575,2.3211417,122601472.0,113451008.0,125550592.0,,,n4_hub,u_local,8285,xeon,256.0,0.082833,0.0806882,0.0851758
hub_s8285_u_local,base,fg_ducs_otf_eager_controllable,SUCCESS,True,True,5,5,False,False,False,1:SUCCESS;2:SUCCESS;3:SUCCESS;4:SUCCESS;5:SUCCESS,True,solver_only_synthetic,1,72,536,141,23,22,28.6042,26.9116,29.6179,2.3174257,2.2221704,2.3186981,72622080.0,62795776.0,76308480.0,,,n4_hub,u_local,8285,xeon,72.0,0.0286042,0.0269116,0.0296179
hub_s8285_u_local,base,fg_ducs_otf_update_first,SUCCESS,True,True,5,5,False,False,False,1:SUCCESS;2:SUCCESS;3:SUCCESS;4:SUCCESS;5:SUCCESS,True,solver_only_synthetic,1,277,2258,766,23,22,77.7668,76.9476,81.607,2.3198322,2.3170913,2.3241253,114589696.0,111689728.0,118210560.0,,,n4_hub,u_local,8285,xeon,277.0,0.07776680000000001,0.07694759999999999,0.081607
hub_s8285_u_local,base,direct_full,SUCCESS,True,True,5,5,False,False,False,1:SUCCESS;2:SUCCESS;3:SUCCESS;4:SUCCESS;5:SUCCESS,True,solver_only_synthetic,1,11932,377428,104184,23,22,5576.5195,5555.4656,5602.3679,8.0579946,7.9576328,8.0709983,2344534016.0,2302967808.0,2429349888.0,,,n4_hub,u_local,8285,xeon,11932.0,5.576519500000001,5.555465600000001,5.6023679
hub_s8285_u_cross,base,fg_ducs_otf,SUCCESS,True,True,5,5,False,False,False,1:SUCCESS;2:SUCCESS;3:SUCCESS;4:SUCCESS;5:SUCCESS,True,solver_only_synthetic,1,259,1980,694,23,22,84.1434,82.2479,85.4392,2.3193696,2.3175134,2.3221656,123883520.0,121757696.0,126832640.0,,,n4_hub,u_cross,8285,xeon,259.0,0.08414340000000001,0.0822479,0.0854392
hub_s8285_u_cross,base,fg_ducs_otf_eager_controllable,SUCCESS,True,True,5,5,False,False,False,1:SUCCESS;2:SUCCESS;3:SUCCESS;4:SUCCESS;5:SUCCESS,True,solver_only_synthetic,1,72,536,141,23,22,28.0567,27.9096,29.2731,2.3184687,2.2225243,2.319937,71475200.0,62885888.0,81448960.0,,,n4_hub,u_cross,8285,xeon,72.0,0.0280567,0.027909600000000003,0.0292731
hub_s8285_u_cross,base,fg_ducs_otf_update_first,SUCCESS,True,True,5,5,False,False,False,1:SUCCESS;2:SUCCESS;3:SUCCESS;4:SUCCESS;5:SUCCESS,True,solver_only_synthetic,1,280,2306,770,23,22,79.9105,78.9807,80.6547,2.3172849,2.3165851,2.3224461,115044352.0,107937792.0,118542336.0,,,n4_hub,u_cross,8285,xeon,280.0,0.0799105,0.0789807,0.08065470000000001
hub_s8285_u_cross,base,direct_full,SUCCESS,True,True,5,5,False,False,False,1:SUCCESS;2:SUCCESS;3:SUCCESS;4:SUCCESS;5:SUCCESS,True,solver_only_synthetic,1,12280,389544,106220,23,22,5764.0732,5682.134,5790.3137,8.255328,8.0754042,8.2591643,2411966464.0,2369183744.0,2442616832.0,,,n4_hub,u_cross,8285,xeon,12280.0,5.7640732,5.6821340000000005,5.7903137
hub_s8511_u0,base,fg_ducs_otf,SUCCESS,True,True,5,5,False,False,False,1:SUCCESS;2:SUCCESS;3:SUCCESS;4:SUCCESS;5:SUCCESS,True,solver_only_synthetic,1,2854,49824,17152,26,26,434.4921,424.0466,440.231,2.7199108,2.7165171,2.72095,298688512.0,292532224.0,305328128.0,,,n4_hub,u0,8511,xeon,2854.0,0.4344921,0.4240466,0.440231
hub_s8511_u0,base,fg_ducs_otf_eager_controllable,SUCCESS,True,True,5,5,False,False,False,1:SUCCESS;2:SUCCESS;3:SUCCESS;4:SUCCESS;5:SUCCESS,True,solver_only_synthetic,1,566,15130,3320,22,22,129.705,125.3176,133.4999,2.4182478,2.4179035,2.4193304,148250624.0,139546624.0,183541760.0,,,n4_hub,u0,8511,xeon,566.0,0.12970500000000001,0.1253176,0.1334999
hub_s8511_u0,base,fg_ducs_otf_update_first,SUCCESS,True,True,5,5,False,False,False,1:SUCCESS;2:SUCCESS;3:SUCCESS;4:SUCCESS;5:SUCCESS,True,solver_only_synthetic,1,3138,56704,18992,26,26,404.6084,403.1287,409.8714,2.7192965,2.6200929,2.7221551,319168512.0,309964800.0,325730304.0,,,n4_hub,u0,8511,xeon,3138.0,0.40460840000000003,0.4031287,0.4098714
hub_s8511_u0,base,direct_full,SUCCESS,True,True,5,5,False,False,False,1:SUCCESS;2:SUCCESS;3:SUCCESS;4:SUCCESS;5:SUCCESS,True,solver_only_synthetic,1,8967,255141,81828,25,25,4620.966,4612.9845,4648.954,7.0587006,7.0526766,7.1544325,2376486912.0,2345865216.0,2379276288.0,,,n4_hub,u0,8511,xeon,8967.0,4.620966,4.6129845,4.648954
hub_s8511_u_local,base,fg_ducs_otf,SUCCESS,True,True,5,5,False,False,False,1:SUCCESS;2:SUCCESS;3:SUCCESS;4:SUCCESS;5:SUCCESS,True,solver_only_synthetic,1,130,1023,358,28,28,60.5415,58.2479,61.9966,2.3183274,2.3180278,2.320679,103108608.0,101650432.0,108310528.0,,,n4_hub,u_local,8511,xeon,130.0,0.0605415,0.058247900000000005,0.0619966
hub_s8511_u_local,base,fg_ducs_otf_eager_controllable,SUCCESS,True,True,5,5,False,False,False,1:SUCCESS;2:SUCCESS;3:SUCCESS;4:SUCCESS;5:SUCCESS,True,solver_only_synthetic,1,258,3158,578,28,28,76.6562,73.533,76.7987,2.3171931,2.3166119,2.3221351,121520128.0,115363840.0,123764736.0,,,n4_hub,u_local,8511,xeon,258.0,0.0766562,0.073533,0.0767987
hub_s8511_u_local,base,fg_ducs_otf_update_first,SUCCESS,True,True,5,5,False,False,False,1:SUCCESS;2:SUCCESS;3:SUCCESS;4:SUCCESS;5:SUCCESS,True,solver_only_synthetic,1,152,1193,397,28,28,59.2537,58.758,59.7768,2.3170189,2.3156503,2.3192149,108363776.0,106024960.0,111468544.0,,,n4_hub,u_local,8511,xeon,152.0,0.059253700000000006,0.058758000000000005,0.059776800000000005
hub_s8511_u_local,base,direct_full,SUCCESS,True,True,5,5,False,False,False,1:SUCCESS;2:SUCCESS;3:SUCCESS;4:SUCCESS;5:SUCCESS,True,solver_only_synthetic,1,14264,454056,123100,30,30,6732.4639,6635.7963,6789.7772,9.2669174,9.1639821,9.2742249,3172851712.0,3125100544.0,3187052544.0,,,n4_hub,u_local,8511,xeon,14264.0,6.7324639,6.6357963,6.7897772000000005
hub_s8511_u_cross,base,fg_ducs_otf,SUCCESS,True,True,5,5,False,False,False,1:SUCCESS;2:SUCCESS;3:SUCCESS;4:SUCCESS;5:SUCCESS,True,solver_only_synthetic,1,130,1023,358,28,28,60.4162,58.5924,60.7007,2.3179675,2.3164569,2.3205876,108072960.0,106311680.0,108597248.0,,,n4_hub,u_cross,8511,xeon,130.0,0.0604162,0.058592399999999996,0.060700699999999996
hub_s8511_u_cross,base,fg_ducs_otf_eager_controllable,SUCCESS,True,True,5,5,False,False,False,1:SUCCESS;2:SUCCESS;3:SUCCESS;4:SUCCESS;5:SUCCESS,True,solver_only_synthetic,1,388,6306,1060,28,28,103.0624,102.5649,106.0436,2.320364,2.3157975,2.4185334,130490368.0,126304256.0,131018752.0,,,n4_hub,u_cross,8511,xeon,388.0,0.1030624,0.1025649,0.1060436
hub_s8511_u_cross,base,fg_ducs_otf_update_first,SUCCESS,True,True,5,5,False,False,False,1:SUCCESS;2:SUCCESS;3:SUCCESS;4:SUCCESS;5:SUCCESS,True,solver_only_synthetic,1,152,1193,397,28,28,59.3549,57.5699,61.37,2.3174901,2.316438,2.3220955,107622400.0,99221504.0,108457984.0,,,n4_hub,u_cross,8511,xeon,152.0,0.0593549,0.0575699,0.06137
hub_s8511_u_cross,base,direct_full,SUCCESS,True,True,5,5,False,False,False,1:SUCCESS;2:SUCCESS;3:SUCCESS;4:SUCCESS;5:SUCCESS,True,solver_only_synthetic,1,14264,454056,123100,30,30,6683.3127,6675.3969,6762.9327,9.2628239,9.1700563,9.2698471,3178196992.0,3161296896.0,3298480128.0,,,n4_hub,u_cross,8511,xeon,14264.0,6.6833127,6.6753969,6.7629327
hub_s9203_u0,base,fg_ducs_otf,SUCCESS,True,True,5,5,False,False,False,1:SUCCESS;2:SUCCESS;3:SUCCESS;4:SUCCESS;5:SUCCESS,True,solver_only_synthetic,1,984,12673,4749,30,32,192.7893,189.7772,194.0358,2.4189806,2.4174138,2.4224224,234000384.0,228274176.0,235040768.0,,,n4_hub,u0,9203,xeon,984.0,0.1927893,0.1897772,0.1940358
hub_s9203_u0,base,fg_ducs_otf_eager_controllable,SUCCESS,True,True,5,5,False,False,False,1:SUCCESS;2:SUCCESS;3:SUCCESS;4:SUCCESS;5:SUCCESS,True,solver_only_synthetic,1,3110,82047,21732,30,32,401.044,395.9614,410.1598,2.7189694,2.6214088,2.7209499,313401344.0,312201216.0,322473984.0,,,n4_hub,u0,9203,xeon,3110.0,0.401044,0.3959614,0.4101598
hub_s9203_u0,base,fg_ducs_otf_update_first,SUCCESS,True,True,5,5,False,False,False,1:SUCCESS;2:SUCCESS;3:SUCCESS;4:SUCCESS;5:SUCCESS,True,solver_only_synthetic,1,1060,14431,5129,30,32,186.9234,185.9453,188.5504,2.4182325,2.4168898,2.4217496,230801408.0,223502336.0,233263104.0,,,n4_hub,u0,9203,xeon,1060.0,0.1869234,0.1859453,0.1885504
hub_s9203_u0,base,direct_full,SUCCESS,True,True,5,5,False,False,False,1:SUCCESS;2:SUCCESS;3:SUCCESS;4:SUCCESS;5:SUCCESS,True,solver_only_synthetic,1,8967,237209,77860,30,32,4581.867,4559.9044,4642.2004,7.050716,6.954813,7.0971551,2251276288.0,2239438848.0,2268889088.0,,,n4_hub,u0,9203,xeon,8967.0,4.581867,4.559904400000001,4.6422004
hub_s9203_u_local,base,fg_ducs_otf,SUCCESS,True,True,5,5,False,False,False,1:SUCCESS;2:SUCCESS;3:SUCCESS;4:SUCCESS;5:SUCCESS,True,solver_only_synthetic,1,191,1408,444,31,33,70.5219,68.8562,71.3482,2.3164995,2.3155477,2.3207636,114188288.0,112316416.0,114606080.0,,,n4_hub,u_local,9203,xeon,191.0,0.0705219,0.0688562,0.0713482
hub_s9203_u_local,base,fg_ducs_otf_eager_controllable,SUCCESS,True,True,5,5,False,False,False,1:SUCCESS;2:SUCCESS;3:SUCCESS;4:SUCCESS;5:SUCCESS,True,solver_only_synthetic,1,2102,28097,6780,52,54,290.8687,289.2993,292.2928,2.5192068,2.517038,2.5202565,262418432.0,256847872.0,267595776.0,,,n4_hub,u_local,9203,xeon,2102.0,0.2908687,0.28929930000000004,0.2922928
hub_s9203_u_local,base,fg_ducs_otf_update_first,SUCCESS,True,True,5,5,False,False,False,1:SUCCESS;2:SUCCESS;3:SUCCESS;4:SUCCESS;5:SUCCESS,True,solver_only_synthetic,1,216,1615,478,31,33,66.082,64.9739,70.3715,2.3167511,2.315584,2.3188578,109199360.0,104284160.0,113766400.0,,,n4_hub,u_local,9203,xeon,216.0,0.066082,0.0649739,0.0703715
hub_s9203_u_local,base,direct_full,SUCCESS,True,True,5,5,False,False,False,1:SUCCESS;2:SUCCESS;3:SUCCESS;4:SUCCESS;5:SUCCESS,True,solver_only_synthetic,1,14264,425544,116290,51,53,6633.8663,6445.003,6654.9952,9.1647638,8.9618515,9.2022714,2953814016.0,2900611072.0,3000455168.0,,,n4_hub,u_local,9203,xeon,14264.0,6.6338663,6.445003,6.6549952
hub_s9203_u_cross,base,fg_ducs_otf,SUCCESS,True,True,5,5,False,False,False,1:SUCCESS;2:SUCCESS;3:SUCCESS;4:SUCCESS;5:SUCCESS,True,solver_only_synthetic,1,219,1651,478,41,42,76.0438,74.0286,76.8922,2.3182824,2.3150661,2.3192421,116740096.0,116240384.0,119431168.0,,,n4_hub,u_cross,9203,xeon,219.0,0.07604380000000001,0.0740286,0.07689220000000001
hub_s9203_u_cross,base,fg_ducs_otf_eager_controllable,SUCCESS,True,True,5,5,False,False,False,1:SUCCESS;2:SUCCESS;3:SUCCESS;4:SUCCESS;5:SUCCESS,True,solver_only_synthetic,1,2356,34165,7800,60,60,315.799,312.8367,326.1388,2.6211335,2.619748,2.6224296,268152832.0,258002944.0,278638592.0,,,n4_hub,u_cross,9203,xeon,2356.0,0.315799,0.3128367,0.3261388
hub_s9203_u_cross,base,fg_ducs_otf_update_first,SUCCESS,True,True,5,5,False,False,False,1:SUCCESS;2:SUCCESS;3:SUCCESS;4:SUCCESS;5:SUCCESS,True,solver_only_synthetic,1,247,1916,515,41,42,73.858,71.2749,74.602,2.3185838,2.3168216,2.3192593,114327552.0,112496640.0,115494912.0,,,n4_hub,u_cross,9203,xeon,247.0,0.07385800000000001,0.0712749,0.074602
hub_s9203_u_cross,base,direct_full,SUCCESS,True,True,5,5,False,False,False,1:SUCCESS;2:SUCCESS;3:SUCCESS;4:SUCCESS;5:SUCCESS,True,solver_only_synthetic,1,14264,425544,116290,59,59,6541.8781,6487.451,6556.3377,9.0628711,8.971887,9.1637835,2998370304.0,2919477248.0,3007680512.0,,,n4_hub,u_cross,9203,xeon,14264.0,6.5418781,6.487451,6.5563377
hub_s9606_u0,base,fg_ducs_otf,SUCCESS,True,True,5,5,False,False,False,1:SUCCESS;2:SUCCESS;3:SUCCESS;4:SUCCESS;5:SUCCESS,True,solver_only_synthetic,1,3051,51467,18368,22,21,457.549,443.8075,473.5396,2.7214207,2.7196293,2.7230988,306118656.0,300347392.0,320327680.0,,,n4_hub,u0,9606,xeon,3051.0,0.457549,0.4438075,0.4735396
hub_s9606_u0,base,fg_ducs_otf_eager_controllable,SUCCESS,True,True,5,5,False,False,False,1:SUCCESS;2:SUCCESS;3:SUCCESS;4:SUCCESS;5:SUCCESS,True,solver_only_synthetic,1,84,636,178,23,22,28.6939,28.22,29.8208,2.3181872,2.3159665,2.319229,64364544.0,63184896.0,71491584.0,,,n4_hub,u0,9606,xeon,84.0,0.0286939,0.02822,0.029820799999999998
hub_s9606_u0,base,fg_ducs_otf_update_first,SUCCESS,True,True,5,5,False,False,False,1:SUCCESS;2:SUCCESS;3:SUCCESS;4:SUCCESS;5:SUCCESS,True,solver_only_synthetic,1,3332,58622,20193,22,21,418.5251,415.4651,420.3683,2.7207995,2.7185384,2.7248082,306917376.0,299933696.0,317104128.0,,,n4_hub,u0,9606,xeon,3332.0,0.41852510000000004,0.41546510000000003,0.4203683
hub_s9606_u0,base,direct_full,SUCCESS,True,True,5,5,False,False,False,1:SUCCESS;2:SUCCESS;3:SUCCESS;4:SUCCESS;5:SUCCESS,True,solver_only_synthetic,1,8967,255141,80996,22,21,4461.336,4426.7845,4497.2395,6.9532427,6.8518209,6.9569964,2293227520.0,2270646272.0,2302214144.0,,,n4_hub,u0,9606,xeon,8967.0,4.461336,4.4267845,4.4972395
hub_s9606_u_local,base,fg_ducs_otf,SUCCESS,True,True,5,5,False,False,False,1:SUCCESS;2:SUCCESS;3:SUCCESS;4:SUCCESS;5:SUCCESS,True,solver_only_synthetic,1,257,1953,690,23,22,81.2762,80.4831,82.5787,2.3183404,2.3168281,2.3241028,126300160.0,125538304.0,129769472.0,,,n4_hub,u_local,9606,xeon,257.0,0.0812762,0.08048309999999999,0.0825787
hub_s9606_u_local,base,fg_ducs_otf_eager_controllable,SUCCESS,True,True,5,5,False,False,False,1:SUCCESS;2:SUCCESS;3:SUCCESS;4:SUCCESS;5:SUCCESS,True,solver_only_synthetic,1,72,536,139,23,22,28.918,27.5774,29.3399,2.3172854,2.218252,2.3201653,71860224.0,64172032.0,76873728.0,,,n4_hub,u_local,9606,xeon,72.0,0.028918,0.027577400000000002,0.029339900000000002
hub_s9606_u_local,base,fg_ducs_otf_update_first,SUCCESS,True,True,5,5,False,False,False,1:SUCCESS;2:SUCCESS;3:SUCCESS;4:SUCCESS;5:SUCCESS,True,solver_only_synthetic,1,277,2244,760,23,22,77.9533,77.0758,78.5409,2.3177301,2.3171544,2.323317,116883456.0,109531136.0,119418880.0,,,n4_hub,u_local,9606,xeon,277.0,0.0779533,0.0770758,0.0785409
hub_s9606_u_local,base,direct_full,SUCCESS,True,True,5,5,False,False,False,1:SUCCESS;2:SUCCESS;3:SUCCESS;4:SUCCESS;5:SUCCESS,True,solver_only_synthetic,1,11932,377428,104024,23,22,5528.5637,5476.3325,5618.9927,7.9692059,7.9572222,8.0702648,2349584384.0,2262638592.0,2396291072.0,,,n4_hub,u_local,9606,xeon,11932.0,5.528563699999999,5.476332500000001,5.6189927
hub_s9606_u_cross,base,fg_ducs_otf,SUCCESS,True,True,5,5,False,False,False,1:SUCCESS;2:SUCCESS;3:SUCCESS;4:SUCCESS;5:SUCCESS,True,solver_only_synthetic,1,258,1964,691,23,22,81.7512,80.4394,86.2367,2.3190833,2.3163174,2.3208438,124633088.0,117280768.0,128016384.0,,,n4_hub,u_cross,9606,xeon,258.0,0.0817512,0.08043940000000001,0.0862367
hub_s9606_u_cross,base,fg_ducs_otf_eager_controllable,SUCCESS,True,True,5,5,False,False,False,1:SUCCESS;2:SUCCESS;3:SUCCESS;4:SUCCESS;5:SUCCESS,True,solver_only_synthetic,1,72,536,139,23,22,28.5651,27.5385,30.3905,2.3167724,2.2223404,2.3181748,72908800.0,63057920.0,77115392.0,,,n4_hub,u_cross,9606,xeon,72.0,0.028565100000000003,0.0275385,0.0303905
hub_s9606_u_cross,base,fg_ducs_otf_update_first,SUCCESS,True,True,5,5,False,False,False,1:SUCCESS;2:SUCCESS;3:SUCCESS;4:SUCCESS;5:SUCCESS,True,solver_only_synthetic,1,278,2258,761,23,22,77.5656,76.7007,80.3897,2.3187909,2.3156144,2.3219427,114266112.0,109023232.0,116555776.0,,,n4_hub,u_cross,9606,xeon,278.0,0.0775656,0.0767007,0.08038970000000001
hub_s9606_u_cross,base,direct_full,SUCCESS,True,True,5,5,False,False,False,1:SUCCESS;2:SUCCESS;3:SUCCESS;4:SUCCESS;5:SUCCESS,True,solver_only_synthetic,1,12280,389544,106124,23,22,5738.2381,5650.0554,5813.6802,8.2591639,8.0743598,8.2685462,2428481536.0,2361323520.0,2442170368.0,,,n4_hub,u_cross,9606,xeon,12280.0,5.738238099999999,5.6500554,5.8136802
hub_s9643_u0,base,fg_ducs_otf,SUCCESS,True,True,5,5,False,False,False,1:SUCCESS;2:SUCCESS;3:SUCCESS;4:SUCCESS;5:SUCCESS,True,solver_only_synthetic,1,1595,24176,9006,30,32,290.8053,285.0343,292.2206,2.5208909,2.5177667,2.5217589,258101248.0,251875328.0,263839744.0,,,n4_hub,u0,9643,xeon,1595.0,0.2908053,0.28503429999999996,0.2922206
hub_s9643_u0,base,fg_ducs_otf_eager_controllable,SUCCESS,True,True,5,5,False,False,False,1:SUCCESS;2:SUCCESS;3:SUCCESS;4:SUCCESS;5:SUCCESS,True,solver_only_synthetic,1,3110,85124,22499,30,32,414.849,403.6683,436.3797,2.7218639,2.7189317,2.7278281,313921536.0,304988160.0,318492672.0,,,n4_hub,u0,9643,xeon,3110.0,0.414849,0.4036683,0.43637970000000004
hub_s9643_u0,base,fg_ducs_otf_update_first,SUCCESS,True,True,5,5,False,False,False,1:SUCCESS;2:SUCCESS;3:SUCCESS;4:SUCCESS;5:SUCCESS,True,solver_only_synthetic,1,1717,26669,9616,30,32,274.0022,267.9997,276.1836,2.5207954,2.5199275,2.5254383,270958592.0,269209600.0,279408640.0,,,n4_hub,u0,9643,xeon,1717.0,0.27400220000000003,0.2679997,0.27618360000000003
hub_s9643_u0,base,direct_full,SUCCESS,True,True,5,5,False,False,False,1:SUCCESS;2:SUCCESS;3:SUCCESS;4:SUCCESS;5:SUCCESS,True,solver_only_synthetic,1,8967,246175,80100,30,32,4656.0721,4638.5017,4685.3153,7.05826,7.0547315,7.0639553,2308571136.0,2257088512.0,2342453248.0,,,n4_hub,u0,9643,xeon,8967.0,4.6560721,4.6385017,4.6853153
hub_s9643_u_local,base,fg_ducs_otf,SUCCESS,True,True,5,5,False,False,False,1:SUCCESS;2:SUCCESS;3:SUCCESS;4:SUCCESS;5:SUCCESS,True,solver_only_synthetic,1,191,1421,444,31,33,70.1674,69.3366,72.1323,2.3192223,2.3166889,2.3241941,112013312.0,94588928.0,116535296.0,,,n4_hub,u_local,9643,xeon,191.0,0.0701674,0.06933660000000001,0.0721323
hub_s9643_u_local,base,fg_ducs_otf_eager_controllable,SUCCESS,True,True,5,5,False,False,False,1:SUCCESS;2:SUCCESS;3:SUCCESS;4:SUCCESS;5:SUCCESS,True,solver_only_synthetic,1,2102,28826,6852,52,54,293.6227,290.5287,305.3928,2.523196,2.5194663,2.6195343,261574656.0,258654208.0,265486336.0,,,n4_hub,u_local,9643,xeon,2102.0,0.2936227,0.29052870000000003,0.3053928
hub_s9643_u_local,base,fg_ducs_otf_update_first,SUCCESS,True,True,5,5,False,False,False,1:SUCCESS;2:SUCCESS;3:SUCCESS;4:SUCCESS;5:SUCCESS,True,solver_only_synthetic,1,216,1642,483,31,33,69.9711,67.6985,70.8984,2.3196065,2.3176164,2.3240989,107057152.0,105541632.0,113639424.0,,,n4_hub,u_local,9643,xeon,216.0,0.06997110000000001,0.0676985,0.0708984
hub_s9643_u_local,base,direct_full,SUCCESS,True,True,5,5,False,False,False,1:SUCCESS;2:SUCCESS;3:SUCCESS;4:SUCCESS;5:SUCCESS,True,solver_only_synthetic,1,11932,365500,102346,51,53,5714.0632,5666.2795,5736.009,8.1595764,8.1581901,8.1686414,2320244736.0,2266079232.0,2716139520.0,,,n4_hub,u_local,9643,xeon,11932.0,5.7140632,5.6662795,5.736009
hub_s9643_u_cross,base,fg_ducs_otf,SUCCESS,True,True,5,5,False,False,False,1:SUCCESS;2:SUCCESS;3:SUCCESS;4:SUCCESS;5:SUCCESS,True,solver_only_synthetic,1,221,1683,480,41,42,76.3236,74.2971,79.1943,2.3187651,2.3167843,2.3199866,115699712.0,115027968.0,121991168.0,,,n4_hub,u_cross,9643,xeon,221.0,0.0763236,0.0742971,0.0791943
hub_s9643_u_cross,base,fg_ducs_otf_eager_controllable,SUCCESS,True,True,5,5,False,False,False,1:SUCCESS;2:SUCCESS;3:SUCCESS;4:SUCCESS;5:SUCCESS,True,solver_only_synthetic,1,2356,35063,7885,63,63,321.3962,315.7537,331.5172,2.6199988,2.6190742,2.6221199,272162816.0,261222400.0,287793152.0,,,n4_hub,u_cross,9643,xeon,2356.0,0.3213962,0.31575369999999997,0.3315172
hub_s9643_u_cross,base,fg_ducs_otf_update_first,SUCCESS,True,True,5,5,False,False,False,1:SUCCESS;2:SUCCESS;3:SUCCESS;4:SUCCESS;5:SUCCESS,True,solver_only_synthetic,1,256,2027,533,41,42,76.0633,73.3682,76.6674,2.3174816,2.317146,2.3181437,114917376.0,108171264.0,117579776.0,,,n4_hub,u_cross,9643,xeon,256.0,0.0760633,0.07336820000000001,0.0766674
hub_s9643_u_cross,base,direct_full,SUCCESS,True,True,5,5,False,False,False,1:SUCCESS;2:SUCCESS;3:SUCCESS;4:SUCCESS;5:SUCCESS,True,solver_only_synthetic,1,12280,377272,104389,62,62,5849.1854,5798.6383,5910.3048,8.3567039,8.2578588,8.3656818,2396434432.0,2303037440.0,2428895232.0,,,n4_hub,u_cross,9643,xeon,12280.0,5.8491854000000005,5.7986382999999995,5.9103048
hub_s9814_u0,base,fg_ducs_otf,SUCCESS,True,True,5,5,False,False,False,1:SUCCESS;2:SUCCESS;3:SUCCESS;4:SUCCESS;5:SUCCESS,True,solver_only_synthetic,1,2741,46686,16389,27,27,425.3199,421.9201,442.1535,2.7200441,2.7188778,2.7213687,299016192.0,296550400.0,311709696.0,,,n4_hub,u0,9814,xeon,2741.0,0.42531990000000003,0.4219201,0.44215350000000003
hub_s9814_u0,base,fg_ducs_otf_eager_controllable,SUCCESS,True,True,5,5,False,False,False,1:SUCCESS;2:SUCCESS;3:SUCCESS;4:SUCCESS;5:SUCCESS,True,solver_only_synthetic,1,312,7734,1636,22,22,85.0957,84.45,88.0396,2.3188531,2.3167212,2.3211566,124993536.0,118493184.0,131866624.0,,,n4_hub,u0,9814,xeon,312.0,0.0850957,0.08445000000000001,0.0880396
hub_s9814_u0,base,fg_ducs_otf_update_first,SUCCESS,True,True,5,5,False,False,False,1:SUCCESS;2:SUCCESS;3:SUCCESS;4:SUCCESS;5:SUCCESS,True,solver_only_synthetic,1,3010,53101,18124,27,27,394.3566,392.0382,395.4657,2.6207441,2.6192166,2.6234295,305901568.0,298627072.0,323153920.0,,,n4_hub,u0,9814,xeon,3010.0,0.3943566,0.3920382,0.39546570000000003
hub_s9814_u0,base,direct_full,SUCCESS,True,True,5,5,False,False,False,1:SUCCESS;2:SUCCESS;3:SUCCESS;4:SUCCESS;5:SUCCESS,True,solver_only_synthetic,1,8967,255141,81828,25,25,4657.1056,4578.1812,4722.0419,7.0664944,7.0513013,7.166678,2316505088.0,2299838464.0,2323898368.0,,,n4_hub,u0,9814,xeon,8967.0,4.6571056,4.5781812,4.722041900000001
hub_s9814_u_local,base,fg_ducs_otf,SUCCESS,True,True,5,5,False,False,False,1:SUCCESS;2:SUCCESS;3:SUCCESS;4:SUCCESS;5:SUCCESS,True,solver_only_synthetic,1,126,1020,360,30,30,60.8532,60.1558,61.4002,2.318156,2.3180584,2.3192894,107335680.0,106508288.0,108941312.0,,,n4_hub,u_local,9814,xeon,126.0,0.0608532,0.0601558,0.0614002
hub_s9814_u_local,base,fg_ducs_otf_eager_controllable,SUCCESS,True,True,5,5,False,False,False,1:SUCCESS;2:SUCCESS;3:SUCCESS;4:SUCCESS;5:SUCCESS,True,solver_only_synthetic,1,135,1500,286,23,23,51.1428,50.0816,53.472,2.3176956,2.3163849,2.3194274,100384768.0,94666752.0,104771584.0,,,n4_hub,u_local,9814,xeon,135.0,0.0511428,0.050081600000000004,0.053472000000000006
hub_s9814_u_local,base,fg_ducs_otf_update_first,SUCCESS,True,True,5,5,False,False,False,1:SUCCESS;2:SUCCESS;3:SUCCESS;4:SUCCESS;5:SUCCESS,True,solver_only_synthetic,1,146,1227,409,30,30,58.9669,58.623,60.732,2.3175592,2.3168878,2.3207712,107921408.0,106602496.0,109961216.0,,,n4_hub,u_local,9814,xeon,146.0,0.0589669,0.058623,0.060732
hub_s9814_u_local,base,direct_full,SUCCESS,True,True,5,5,False,False,False,1:SUCCESS;2:SUCCESS;3:SUCCESS;4:SUCCESS;5:SUCCESS,True,solver_only_synthetic,1,14264,454056,122524,28,28,6711.6343,6666.2414,6786.006,9.2656158,9.1680894,9.3556179,3182469120.0,3114074112.0,3201630208.0,,,n4_hub,u_local,9814,xeon,14264.0,6.7116343,6.6662414,6.786006
hub_s9814_u_cross,base,fg_ducs_otf,SUCCESS,True,True,5,5,False,False,False,1:SUCCESS;2:SUCCESS;3:SUCCESS;4:SUCCESS;5:SUCCESS,True,solver_only_synthetic,1,127,1033,361,30,30,61.6694,59.2406,61.8306,2.3176883,2.3169581,2.3198944,107528192.0,102821888.0,110895104.0,,,n4_hub,u_cross,9814,xeon,127.0,0.061669400000000006,0.059240600000000004,0.0618306
hub_s9814_u_cross,base,fg_ducs_otf_eager_controllable,SUCCESS,True,True,5,5,False,False,False,1:SUCCESS;2:SUCCESS;3:SUCCESS;4:SUCCESS;5:SUCCESS,True,solver_only_synthetic,1,228,3723,628,23,23,76.9814,76.129,78.3022,2.31775,2.3161183,2.3191748,118112256.0,98648064.0,123166720.0,,,n4_hub,u_cross,9814,xeon,228.0,0.07698139999999999,0.076129,0.0783022
hub_s9814_u_cross,base,fg_ducs_otf_update_first,SUCCESS,True,True,5,5,False,False,False,1:SUCCESS;2:SUCCESS;3:SUCCESS;4:SUCCESS;5:SUCCESS,True,solver_only_synthetic,1,147,1243,410,30,30,60.5352,58.4792,61.8587,2.3183773,2.3174128,2.3199296,105984000.0,99684352.0,106819584.0,,,n4_hub,u_cross,9814,xeon,147.0,0.060535200000000004,0.0584792,0.0618587
hub_s9814_u_cross,base,direct_full,SUCCESS,True,True,5,5,False,False,False,1:SUCCESS;2:SUCCESS;3:SUCCESS;4:SUCCESS;5:SUCCESS,True,solver_only_synthetic,1,14264,454056,122524,28,28,6730.9945,6691.0158,6846.3657,9.2646926,9.1653159,9.4695019,3160891392.0,3103715328.0,3212079104.0,,,n4_hub,u_cross,9814,xeon,14264.0,6.7309944999999995,6.691015800000001,6.846365700000001
hub_s9944_u0,base,fg_ducs_otf,SUCCESS,True,True,5,5,False,False,False,1:SUCCESS;2:SUCCESS;3:SUCCESS;4:SUCCESS;5:SUCCESS,True,solver_only_synthetic,1,3458,67053,23141,27,27,521.9075,514.4316,543.8489,2.821242,2.8206073,2.828434,318771200.0,304644096.0,320888832.0,,,n4_hub,u0,9944,xeon,3458.0,0.5219075000000001,0.5144316,0.5438489
hub_s9944_u0,base,fg_ducs_otf_eager_controllable,SUCCESS,True,True,5,5,False,False,False,1:SUCCESS;2:SUCCESS;3:SUCCESS;4:SUCCESS;5:SUCCESS,True,solver_only_synthetic,1,312,8002,1697,22,22,85.7769,83.947,86.811,2.3181412,2.3168182,2.3210309,131530752.0,127176704.0,136024064.0,,,n4_hub,u0,9944,xeon,312.0,0.0857769,0.08394700000000001,0.08681100000000001
hub_s9944_u0,base,fg_ducs_otf_update_first,SUCCESS,True,True,5,5,False,False,False,1:SUCCESS;2:SUCCESS;3:SUCCESS;4:SUCCESS;5:SUCCESS,True,solver_only_synthetic,1,3747,74353,25018,27,27,492.3589,485.5551,499.1245,2.8216773,2.8199567,2.8272556,324800512.0,313540608.0,328855552.0,,,n4_hub,u0,9944,xeon,3747.0,0.4923589,0.4855551,0.4991245
hub_s9944_u0,base,direct_full,SUCCESS,True,True,5,5,False,False,False,1:SUCCESS;2:SUCCESS;3:SUCCESS;4:SUCCESS;5:SUCCESS,True,solver_only_synthetic,1,8967,264107,84068,25,25,4693.1368,4646.5702,4764.2228,7.1525125,7.0565609,7.1551123,2416947200.0,2288254976.0,2445414400.0,,,n4_hub,u0,9944,xeon,8967.0,4.6931368,4.6465702,4.7642228
hub_s9944_u_local,base,fg_ducs_otf,SUCCESS,True,True,5,5,False,False,False,1:SUCCESS;2:SUCCESS;3:SUCCESS;4:SUCCESS;5:SUCCESS,True,solver_only_synthetic,1,128,1076,362,30,30,61.205,59.2031,63.9672,2.3174167,2.3168055,2.3191724,109617152.0,108646400.0,110895104.0,,,n4_hub,u_local,9944,xeon,128.0,0.061205,0.0592031,0.0639672
hub_s9944_u_local,base,fg_ducs_otf_eager_controllable,SUCCESS,True,True,5,5,False,False,False,1:SUCCESS;2:SUCCESS;3:SUCCESS;4:SUCCESS;5:SUCCESS,True,solver_only_synthetic,1,135,1530,283,23,23,52.8765,50.2577,54.2192,2.3175766,2.3162766,2.3186334,104771584.0,94515200.0,105984000.0,,,n4_hub,u_local,9944,xeon,135.0,0.0528765,0.0502577,0.0542192
hub_s9944_u_local,base,fg_ducs_otf_update_first,SUCCESS,True,True,5,5,False,False,False,1:SUCCESS;2:SUCCESS;3:SUCCESS;4:SUCCESS;5:SUCCESS,True,solver_only_synthetic,1,144,1234,396,30,30,60.7944,59.2054,61.7629,2.3175866,2.3157936,2.3218139,108175360.0,106729472.0,109871104.0,,,n4_hub,u_local,9944,xeon,144.0,0.060794400000000005,0.0592054,0.0617629
hub_s9944_u_local,base,direct_full,SUCCESS,True,True,5,5,False,False,False,1:SUCCESS;2:SUCCESS;3:SUCCESS;4:SUCCESS;5:SUCCESS,True,solver_only_synthetic,1,15032,491544,133668,28,28,6895.9367,6753.0313,7002.2486,9.3723694,9.2757475,9.4713929,2687655936.0,2537742336.0,2795118592.0,,,n4_hub,u_local,9944,xeon,15032.0,6.8959367,6.7530313,7.0022486
hub_s9944_u_cross,base,fg_ducs_otf,SUCCESS,True,True,5,5,False,False,False,1:SUCCESS;2:SUCCESS;3:SUCCESS;4:SUCCESS;5:SUCCESS,True,solver_only_synthetic,1,128,1076,362,30,30,61.98,57.2888,64.0138,2.3191393,2.3174921,2.3216402,107188224.0,93339648.0,109907968.0,,,n4_hub,u_cross,9944,xeon,128.0,0.06198,0.0572888,0.06401380000000001
hub_s9944_u_cross,base,fg_ducs_otf_eager_controllable,SUCCESS,True,True,5,5,False,False,False,1:SUCCESS;2:SUCCESS;3:SUCCESS;4:SUCCESS;5:SUCCESS,True,solver_only_synthetic,1,214,3590,592,23,23,76.8579,73.9026,78.5187,2.3179274,2.3149083,2.3207924,108642304.0,104632320.0,119349248.0,,,n4_hub,u_cross,9944,xeon,214.0,0.0768579,0.07390260000000001,0.0785187
hub_s9944_u_cross,base,fg_ducs_otf_update_first,SUCCESS,True,True,5,5,False,False,False,1:SUCCESS;2:SUCCESS;3:SUCCESS;4:SUCCESS;5:SUCCESS,True,solver_only_synthetic,1,144,1234,396,30,30,59.9025,57.3401,61.2121,2.3175226,2.3161205,2.3210192,105709568.0,90726400.0,106545152.0,,,n4_hub,u_cross,9944,xeon,144.0,0.059902500000000004,0.0573401,0.0612121
hub_s9944_u_cross,base,direct_full,SUCCESS,True,True,5,5,False,False,False,1:SUCCESS;2:SUCCESS;3:SUCCESS;4:SUCCESS;5:SUCCESS,True,solver_only_synthetic,1,15032,491544,133668,28,28,6830.478,6782.5704,6974.6065,9.3694905,9.2773163,9.4662348,2684039168.0,2629210112.0,2761838592.0,,,n4_hub,u_cross,9944,xeon,15032.0,6.830478,6.7825704,6.9746065
