single-normal-filter-distinct-0	single-normal-filter-distinct	single	2	0	0	filter	distinct	normal	0
single-normal-filter-distinct-1	single-normal-filter-distinct	single	2	0	0	filter	distinct	normal	1
single-normal-filter-colliding-0	single-normal-filter-colliding	single	2	0	0	filter	colliding	normal	0
single-normal-filter-colliding-1	single-normal-filter-colliding	single	2	0	0	filter	colliding	normal	1
single-normal-allfresh-distinct-0	single-normal-allfresh-distinct	single	2	0	0	allfresh	distinct	normal	-
single-normal-allfresh-colliding-0	single-normal-allfresh-colliding	single	2	0	0	allfresh	colliding	normal	-
single-normal-allcached-distinct-0	single-normal-allcached-distinct	single	2	0	0	allcached	distinct	normal	0
single-normal-allcached-distinct-1	single-normal-allcached-distinct	single	2	0	0	allcached	distinct	normal	1
single-normal-allcached-colliding-0	single-normal-allcached-colliding	single	2	0	0	allcached	colliding	normal	0
single-normal-allcached-colliding-1	single-normal-allcached-colliding	single	2	0	0	allcached	colliding	normal	1
unsafe-chain-normal-filter-distinct-0	unsafe-chain-normal-filter-distinct	unsafe-chain	1,1,10	0,1,2	0	filter	distinct	normal	000
unsafe-chain-normal-filter-distinct-1	unsafe-chain-normal-filter-distinct	unsafe-chain	1,1,10	0,1,2	0	filter	distinct	normal	001
unsafe-chain-normal-filter-distinct-2	unsafe-chain-normal-filter-distinct	unsafe-chain	1,1,10	0,1,2	0	filter	distinct	normal	010
unsafe-chain-normal-filter-distinct-3	unsafe-chain-normal-filter-distinct	unsafe-chain	1,1,10	0,1,2	0	filter	distinct	normal	011
unsafe-chain-normal-filter-distinct-4	unsafe-chain-normal-filter-distinct	unsafe-chain	1,1,10	0,1,2	0	filter	distinct	normal	100
unsafe-chain-normal-filter-distinct-5	unsafe-chain-normal-filter-distinct	unsafe-chain	1,1,10	0,1,2	0	filter	distinct	normal	101
unsafe-chain-normal-filter-distinct-6	unsafe-chain-normal-filter-distinct	unsafe-chain	1,1,10	0,1,2	0	filter	distinct	normal	110
unsafe-chain-normal-filter-distinct-7	unsafe-chain-normal-filter-distinct	unsafe-chain	1,1,10	0,1,2	0	filter	distinct	normal	111
unsafe-chain-normal-filter-colliding-0	unsafe-chain-normal-filter-colliding	unsafe-chain	1,1,10	0,1,2	0	filter	colliding	normal	000
unsafe-chain-normal-filter-colliding-1	unsafe-chain-normal-filter-colliding	unsafe-chain	1,1,10	0,1,2	0	filter	colliding	normal	001
unsafe-chain-normal-filter-colliding-2	unsafe-chain-normal-filter-colliding	unsafe-chain	1,1,10	0,1,2	0	filter	colliding	normal	010
unsafe-chain-normal-filter-colliding-3	unsafe-chain-normal-filter-colliding	unsafe-chain	1,1,10	0,1,2	0	filter	colliding	normal	011
unsafe-chain-normal-filter-colliding-4	unsafe-chain-normal-filter-colliding	unsafe-chain	1,1,10	0,1,2	0	filter	colliding	normal	100
unsafe-chain-normal-filter-colliding-5	unsafe-chain-normal-filter-colliding	unsafe-chain	1,1,10	0,1,2	0	filter	colliding	normal	101
unsafe-chain-normal-filter-colliding-6	unsafe-chain-normal-filter-colliding	unsafe-chain	1,1,10	0,1,2	0	filter	colliding	normal	110
unsafe-chain-normal-filter-colliding-7	unsafe-chain-normal-filter-colliding	unsafe-chain	1,1,10	0,1,2	0	filter	colliding	normal	111
unsafe-chain-normal-allfresh-distinct-0	unsafe-chain-normal-allfresh-distinct	unsafe-chain	1,1,10	0,1,2	0	allfresh	distinct	normal	-
unsafe-chain-normal-allfresh-colliding-0	unsafe-chain-normal-allfresh-colliding	unsafe-chain	1,1,10	0,1,2	0	allfresh	colliding	normal	-
unsafe-chain-normal-allcached-distinct-0	unsafe-chain-normal-allcached-distinct	unsafe-chain	1,1,10	0,1,2	0	allcached	distinct	normal	000
unsafe-chain-normal-allcached-distinct-1	unsafe-chain-normal-allcached-distinct	unsafe-chain	1,1,10	0,1,2	0	allcached	distinct	normal	001
unsafe-chain-normal-allcached-distinct-2	unsafe-chain-normal-allcached-distinct	unsafe-chain	1,1,10	0,1,2	0	allcached	distinct	normal	010
unsafe-chain-normal-allcached-distinct-3	unsafe-chain-normal-allcached-distinct	unsafe-chain	1,1,10	0,1,2	0	allcached	distinct	normal	011
unsafe-chain-normal-allcached-distinct-4	unsafe-chain-normal-allcached-distinct	unsafe-chain	1,1,10	0,1,2	0	allcached	distinct	normal	100
unsafe-chain-normal-allcached-distinct-5	unsafe-chain-normal-allcached-distinct	unsafe-chain	1,1,10	0,1,2	0	allcached	distinct	normal	101
unsafe-chain-normal-allcached-distinct-6	unsafe-chain-normal-allcached-distinct	unsafe-chain	1,1,10	0,1,2	0	allcached	distinct	normal	110
unsafe-chain-normal-allcached-distinct-7	unsafe-chain-normal-allcached-distinct	unsafe-chain	1,1,10	0,1,2	0	allcached	distinct	normal	111
unsafe-chain-normal-allcached-colliding-0	unsafe-chain-normal-allcached-colliding	unsafe-chain	1,1,10	0,1,2	0	allcached	colliding	normal	000
unsafe-chain-normal-allcached-colliding-1	unsafe-chain-normal-allcached-colliding	unsafe-chain	1,1,10	0,1,2	0	allcached	colliding	normal	001
unsafe-chain-normal-allcached-colliding-2	unsafe-chain-normal-allcached-colliding	unsafe-chain	1,1,10	0,1,2	0	allcached	colliding	normal	010
unsafe-chain-normal-allcached-colliding-3	unsafe-chain-normal-allcached-colliding	unsafe-chain	1,1,10	0,1,2	0	allcached	colliding	normal	011
unsafe-chain-normal-allcached-colliding-4	unsafe-chain-normal-allcached-colliding	unsafe-chain	1,1,10	0,1,2	0	allcached	colliding	normal	100
unsafe-chain-normal-allcached-colliding-5	unsafe-chain-normal-allcached-colliding	unsafe-chain	1,1,10	0,1,2	0	allcached	colliding	normal	101
unsafe-chain-normal-allcached-colliding-6	unsafe-chain-normal-allcached-colliding	unsafe-chain	1,1,10	0,1,2	0	allcached	colliding	normal	110
unsafe-chain-normal-allcached-colliding-7	unsafe-chain-normal-allcached-colliding	unsafe-chain	1,1,10	0,1,2	0	allcached	colliding	normal	111
independent-normal-filter-distinct-0	independent-normal-filter-distinct	independent	1,3,2	0,0,0	1	filter	distinct	normal	000
independent-normal-filter-distinct-1	independent-normal-filter-distinct	independent	1,3,2	0,0,0	1	filter	distinct	normal	0010
independent-normal-filter-distinct-2	independent-normal-filter-distinct	independent	1,3,2	0,0,0	1	filter	distinct	normal	0011
independent-normal-filter-distinct-3	independent-normal-filter-distinct	independent	1,3,2	0,0,0	1	filter	distinct	normal	0100
independent-normal-filter-distinct-4	independent-normal-filter-distinct	independent	1,3,2	0,0,0	1	filter	distinct	normal	0101
independent-normal-filter-distinct-5	independent-normal-filter-distinct	independent	1,3,2	0,0,0	1	filter	distinct	normal	0110
independent-normal-filter-distinct-6	independent-normal-filter-distinct	independent	1,3,2	0,0,0	1	filter	distinct	normal	0111
independent-normal-filter-distinct-7	independent-normal-filter-distinct	independent	1,3,2	0,0,0	1	filter	distinct	normal	1000
independent-normal-filter-distinct-8	independent-normal-filter-distinct	independent	1,3,2	0,0,0	1	filter	distinct	normal	1001
independent-normal-filter-distinct-9	independent-normal-filter-distinct	independent	1,3,2	0,0,0	1	filter	distinct	normal	1010
independent-normal-filter-distinct-10	independent-normal-filter-distinct	independent	1,3,2	0,0,0	1	filter	distinct	normal	1011
independent-normal-filter-distinct-11	independent-normal-filter-distinct	independent	1,3,2	0,0,0	1	filter	distinct	normal	110
independent-normal-filter-distinct-12	independent-normal-filter-distinct	independent	1,3,2	0,0,0	1	filter	distinct	normal	1110
independent-normal-filter-distinct-13	independent-normal-filter-distinct	independent	1,3,2	0,0,0	1	filter	distinct	normal	1111
independent-normal-filter-colliding-0	independent-normal-filter-colliding	independent	1,3,2	0,0,0	1	filter	colliding	normal	000
independent-normal-filter-colliding-1	independent-normal-filter-colliding	independent	1,3,2	0,0,0	1	filter	colliding	normal	0010
independent-normal-filter-colliding-2	independent-normal-filter-colliding	independent	1,3,2	0,0,0	1	filter	colliding	normal	0011
independent-normal-filter-colliding-3	independent-normal-filter-colliding	independent	1,3,2	0,0,0	1	filter	colliding	normal	0100
independent-normal-filter-colliding-4	independent-normal-filter-colliding	independent	1,3,2	0,0,0	1	filter	colliding	normal	0101
independent-normal-filter-colliding-5	independent-normal-filter-colliding	independent	1,3,2	0,0,0	1	filter	colliding	normal	0110
independent-normal-filter-colliding-6	independent-normal-filter-colliding	independent	1,3,2	0,0,0	1	filter	colliding	normal	0111
independent-normal-filter-colliding-7	independent-normal-filter-colliding	independent	1,3,2	0,0,0	1	filter	colliding	normal	1000
independent-normal-filter-colliding-8	independent-normal-filter-colliding	independent	1,3,2	0,0,0	1	filter	colliding	normal	1001
independent-normal-filter-colliding-9	independent-normal-filter-colliding	independent	1,3,2	0,0,0	1	filter	colliding	normal	1010
independent-normal-filter-colliding-10	independent-normal-filter-colliding	independent	1,3,2	0,0,0	1	filter	colliding	normal	1011
independent-normal-filter-colliding-11	independent-normal-filter-colliding	independent	1,3,2	0,0,0	1	filter	colliding	normal	110
independent-normal-filter-colliding-12	independent-normal-filter-colliding	independent	1,3,2	0,0,0	1	filter	colliding	normal	1110
independent-normal-filter-colliding-13	independent-normal-filter-colliding	independent	1,3,2	0,0,0	1	filter	colliding	normal	1111
independent-normal-allfresh-distinct-0	independent-normal-allfresh-distinct	independent	1,3,2	0,0,0	1	allfresh	distinct	normal	-
independent-normal-allfresh-colliding-0	independent-normal-allfresh-colliding	independent	1,3,2	0,0,0	1	allfresh	colliding	normal	-
independent-normal-allcached-distinct-0	independent-normal-allcached-distinct	independent	1,3,2	0,0,0	1	allcached	distinct	normal	000
independent-normal-allcached-distinct-1	independent-normal-allcached-distinct	independent	1,3,2	0,0,0	1	allcached	distinct	normal	0010
independent-normal-allcached-distinct-2	independent-normal-allcached-distinct	independent	1,3,2	0,0,0	1	allcached	distinct	normal	0011
independent-normal-allcached-distinct-3	independent-normal-allcached-distinct	independent	1,3,2	0,0,0	1	allcached	distinct	normal	0100
independent-normal-allcached-distinct-4	independent-normal-allcached-distinct	independent	1,3,2	0,0,0	1	allcached	distinct	normal	0101
independent-normal-allcached-distinct-5	independent-normal-allcached-distinct	independent	1,3,2	0,0,0	1	allcached	distinct	normal	0110
independent-normal-allcached-distinct-6	independent-normal-allcached-distinct	independent	1,3,2	0,0,0	1	allcached	distinct	normal	0111
independent-normal-allcached-distinct-7	independent-normal-allcached-distinct	independent	1,3,2	0,0,0	1	allcached	distinct	normal	1000
independent-normal-allcached-distinct-8	independent-normal-allcached-distinct	independent	1,3,2	0,0,0	1	allcached	distinct	normal	1001
independent-normal-allcached-distinct-9	independent-normal-allcached-distinct	independent	1,3,2	0,0,0	1	allcached	distinct	normal	1010
independent-normal-allcached-distinct-10	independent-normal-allcached-distinct	independent	1,3,2	0,0,0	1	allcached	distinct	normal	1011
independent-normal-allcached-distinct-11	independent-normal-allcached-distinct	independent	1,3,2	0,0,0	1	allcached	distinct	normal	1100
independent-normal-allcached-distinct-12	independent-normal-allcached-distinct	independent	1,3,2	0,0,0	1	allcached	distinct	normal	1101
independent-normal-allcached-distinct-13	independent-normal-allcached-distinct	independent	1,3,2	0,0,0	1	allcached	distinct	normal	1110
independent-normal-allcached-distinct-14	independent-normal-allcached-distinct	independent	1,3,2	0,0,0	1	allcached	distinct	normal	1111
independent-normal-allcached-colliding-0	independent-normal-allcached-colliding	independent	1,3,2	0,0,0	1	allcached	colliding	normal	000
independent-normal-allcached-colliding-1	independent-normal-allcached-colliding	independent	1,3,2	0,0,0	1	allcached	colliding	normal	0010
independent-normal-allcached-colliding-2	independent-normal-allcached-colliding	independent	1,3,2	0,0,0	1	allcached	colliding	normal	0011
independent-normal-allcached-colliding-3	independent-normal-allcached-colliding	independent	1,3,2	0,0,0	1	allcached	colliding	normal	0100
independent-normal-allcached-colliding-4	independent-normal-allcached-colliding	independent	1,3,2	0,0,0	1	allcached	colliding	normal	0101
independent-normal-allcached-colliding-5	independent-normal-allcached-colliding	independent	1,3,2	0,0,0	1	allcached	colliding	normal	0110
independent-normal-allcached-colliding-6	independent-normal-allcached-colliding	independent	1,3,2	0,0,0	1	allcached	colliding	normal	0111
independent-normal-allcached-colliding-7	independent-normal-allcached-colliding	independent	1,3,2	0,0,0	1	allcached	colliding	normal	1000
independent-normal-allcached-colliding-8	independent-normal-allcached-colliding	independent	1,3,2	0,0,0	1	allcached	colliding	normal	1001
independent-normal-allcached-colliding-9	independent-normal-allcached-colliding	independent	1,3,2	0,0,0	1	allcached	colliding	normal	1010
independent-normal-allcached-colliding-10	independent-normal-allcached-colliding	independent	1,3,2	0,0,0	1	allcached	colliding	normal	1011
independent-normal-allcached-colliding-11	independent-normal-allcached-colliding	independent	1,3,2	0,0,0	1	allcached	colliding	normal	1100
independent-normal-allcached-colliding-12	independent-normal-allcached-colliding	independent	1,3,2	0,0,0	1	allcached	colliding	normal	1101
independent-normal-allcached-colliding-13	independent-normal-allcached-colliding	independent	1,3,2	0,0,0	1	allcached	colliding	normal	1110
independent-normal-allcached-colliding-14	independent-normal-allcached-colliding	independent	1,3,2	0,0,0	1	allcached	colliding	normal	1111
diamond-normal-filter-distinct-0	diamond-normal-filter-distinct	diamond	5,1,2,4	0,1,1,6	1	filter	distinct	normal	0000
diamond-normal-filter-distinct-1	diamond-normal-filter-distinct	diamond	5,1,2,4	0,1,1,6	1	filter	distinct	normal	00010
diamond-normal-filter-distinct-2	diamond-normal-filter-distinct	diamond	5,1,2,4	0,1,1,6	1	filter	distinct	normal	00011
diamond-normal-filter-distinct-3	diamond-normal-filter-distinct	diamond	5,1,2,4	0,1,1,6	1	filter	distinct	normal	00100
diamond-normal-filter-distinct-4	diamond-normal-filter-distinct	diamond	5,1,2,4	0,1,1,6	1	filter	distinct	normal	00101
diamond-normal-filter-distinct-5	diamond-normal-filter-distinct	diamond	5,1,2,4	0,1,1,6	1	filter	distinct	normal	00110
diamond-normal-filter-distinct-6	diamond-normal-filter-distinct	diamond	5,1,2,4	0,1,1,6	1	filter	distinct	normal	00111
diamond-normal-filter-distinct-7	diamond-normal-filter-distinct	diamond	5,1,2,4	0,1,1,6	1	filter	distinct	normal	01000
diamond-normal-filter-distinct-8	diamond-normal-filter-distinct	diamond	5,1,2,4	0,1,1,6	1	filter	distinct	normal	01001
diamond-normal-filter-distinct-9	diamond-normal-filter-distinct	diamond	5,1,2,4	0,1,1,6	1	filter	distinct	normal	01010
diamond-normal-filter-distinct-10	diamond-normal-filter-distinct	diamond	5,1,2,4	0,1,1,6	1	filter	distinct	normal	01011
diamond-normal-filter-distinct-11	diamond-normal-filter-distinct	diamond	5,1,2,4	0,1,1,6	1	filter	distinct	normal	0110
diamond-normal-filter-distinct-12	diamond-normal-filter-distinct	diamond	5,1,2,4	0,1,1,6	1	filter	distinct	normal	0111
diamond-normal-filter-distinct-13	diamond-normal-filter-distinct	diamond	5,1,2,4	0,1,1,6	1	filter	distinct	normal	10000
diamond-normal-filter-distinct-14	diamond-normal-filter-distinct	diamond	5,1,2,4	0,1,1,6	1	filter	distinct	normal	10001
diamond-normal-filter-distinct-15	diamond-normal-filter-distinct	diamond	5,1,2,4	0,1,1,6	1	filter	distinct	normal	10010
diamond-normal-filter-distinct-16	diamond-normal-filter-distinct	diamond	5,1,2,4	0,1,1,6	1	filter	distinct	normal	10011
diamond-normal-filter-distinct-17	diamond-normal-filter-distinct	diamond	5,1,2,4	0,1,1,6	1	filter	distinct	normal	1010
diamond-normal-filter-distinct-18	diamond-normal-filter-distinct	diamond	5,1,2,4	0,1,1,6	1	filter	distinct	normal	1011
diamond-normal-filter-distinct-19	diamond-normal-filter-distinct	diamond	5,1,2,4	0,1,1,6	1	filter	distinct	normal	11000
diamond-normal-filter-distinct-20	diamond-normal-filter-distinct	diamond	5,1,2,4	0,1,1,6	1	filter	distinct	normal	11001
diamond-normal-filter-distinct-21	diamond-normal-filter-distinct	diamond	5,1,2,4	0,1,1,6	1	filter	distinct	normal	11010
diamond-normal-filter-distinct-22	diamond-normal-filter-distinct	diamond	5,1,2,4	0,1,1,6	1	filter	distinct	normal	11011
diamond-normal-filter-distinct-23	diamond-normal-filter-distinct	diamond	5,1,2,4	0,1,1,6	1	filter	distinct	normal	11100
diamond-normal-filter-distinct-24	diamond-normal-filter-distinct	diamond	5,1,2,4	0,1,1,6	1	filter	distinct	normal	11101
diamond-normal-filter-distinct-25	diamond-normal-filter-distinct	diamond	5,1,2,4	0,1,1,6	1	filter	distinct	normal	11110
diamond-normal-filter-distinct-26	diamond-normal-filter-distinct	diamond	5,1,2,4	0,1,1,6	1	filter	distinct	normal	11111
diamond-normal-filter-colliding-0	diamond-normal-filter-colliding	diamond	5,1,2,4	0,1,1,6	1	filter	colliding	normal	0000
diamond-normal-filter-colliding-1	diamond-normal-filter-colliding	diamond	5,1,2,4	0,1,1,6	1	filter	colliding	normal	00010
diamond-normal-filter-colliding-2	diamond-normal-filter-colliding	diamond	5,1,2,4	0,1,1,6	1	filter	colliding	normal	00011
diamond-normal-filter-colliding-3	diamond-normal-filter-colliding	diamond	5,1,2,4	0,1,1,6	1	filter	colliding	normal	00100
diamond-normal-filter-colliding-4	diamond-normal-filter-colliding	diamond	5,1,2,4	0,1,1,6	1	filter	colliding	normal	00101
diamond-normal-filter-colliding-5	diamond-normal-filter-colliding	diamond	5,1,2,4	0,1,1,6	1	filter	colliding	normal	00110
diamond-normal-filter-colliding-6	diamond-normal-filter-colliding	diamond	5,1,2,4	0,1,1,6	1	filter	colliding	normal	00111
diamond-normal-filter-colliding-7	diamond-normal-filter-colliding	diamond	5,1,2,4	0,1,1,6	1	filter	colliding	normal	01000
diamond-normal-filter-colliding-8	diamond-normal-filter-colliding	diamond	5,1,2,4	0,1,1,6	1	filter	colliding	normal	01001
diamond-normal-filter-colliding-9	diamond-normal-filter-colliding	diamond	5,1,2,4	0,1,1,6	1	filter	colliding	normal	01010
diamond-normal-filter-colliding-10	diamond-normal-filter-colliding	diamond	5,1,2,4	0,1,1,6	1	filter	colliding	normal	01011
diamond-normal-filter-colliding-11	diamond-normal-filter-colliding	diamond	5,1,2,4	0,1,1,6	1	filter	colliding	normal	0110
diamond-normal-filter-colliding-12	diamond-normal-filter-colliding	diamond	5,1,2,4	0,1,1,6	1	filter	colliding	normal	0111
diamond-normal-filter-colliding-13	diamond-normal-filter-colliding	diamond	5,1,2,4	0,1,1,6	1	filter	colliding	normal	10000
diamond-normal-filter-colliding-14	diamond-normal-filter-colliding	diamond	5,1,2,4	0,1,1,6	1	filter	colliding	normal	10001
diamond-normal-filter-colliding-15	diamond-normal-filter-colliding	diamond	5,1,2,4	0,1,1,6	1	filter	colliding	normal	10010
diamond-normal-filter-colliding-16	diamond-normal-filter-colliding	diamond	5,1,2,4	0,1,1,6	1	filter	colliding	normal	10011
diamond-normal-filter-colliding-17	diamond-normal-filter-colliding	diamond	5,1,2,4	0,1,1,6	1	filter	colliding	normal	1010
diamond-normal-filter-colliding-18	diamond-normal-filter-colliding	diamond	5,1,2,4	0,1,1,6	1	filter	colliding	normal	1011
diamond-normal-filter-colliding-19	diamond-normal-filter-colliding	diamond	5,1,2,4	0,1,1,6	1	filter	colliding	normal	11000
diamond-normal-filter-colliding-20	diamond-normal-filter-colliding	diamond	5,1,2,4	0,1,1,6	1	filter	colliding	normal	11001
diamond-normal-filter-colliding-21	diamond-normal-filter-colliding	diamond	5,1,2,4	0,1,1,6	1	filter	colliding	normal	11010
diamond-normal-filter-colliding-22	diamond-normal-filter-colliding	diamond	5,1,2,4	0,1,1,6	1	filter	colliding	normal	11011
diamond-normal-filter-colliding-23	diamond-normal-filter-colliding	diamond	5,1,2,4	0,1,1,6	1	filter	colliding	normal	11100
diamond-normal-filter-colliding-24	diamond-normal-filter-colliding	diamond	5,1,2,4	0,1,1,6	1	filter	colliding	normal	11101
diamond-normal-filter-colliding-25	diamond-normal-filter-colliding	diamond	5,1,2,4	0,1,1,6	1	filter	colliding	normal	11110
diamond-normal-filter-colliding-26	diamond-normal-filter-colliding	diamond	5,1,2,4	0,1,1,6	1	filter	colliding	normal	11111
diamond-normal-allfresh-distinct-0	diamond-normal-allfresh-distinct	diamond	5,1,2,4	0,1,1,6	1	allfresh	distinct	normal	-
diamond-normal-allfresh-colliding-0	diamond-normal-allfresh-colliding	diamond	5,1,2,4	0,1,1,6	1	allfresh	colliding	normal	-
diamond-normal-allcached-distinct-0	diamond-normal-allcached-distinct	diamond	5,1,2,4	0,1,1,6	1	allcached	distinct	normal	0000
diamond-normal-allcached-distinct-1	diamond-normal-allcached-distinct	diamond	5,1,2,4	0,1,1,6	1	allcached	distinct	normal	00010
diamond-normal-allcached-distinct-2	diamond-normal-allcached-distinct	diamond	5,1,2,4	0,1,1,6	1	allcached	distinct	normal	00011
diamond-normal-allcached-distinct-3	diamond-normal-allcached-distinct	diamond	5,1,2,4	0,1,1,6	1	allcached	distinct	normal	00100
diamond-normal-allcached-distinct-4	diamond-normal-allcached-distinct	diamond	5,1,2,4	0,1,1,6	1	allcached	distinct	normal	00101
diamond-normal-allcached-distinct-5	diamond-normal-allcached-distinct	diamond	5,1,2,4	0,1,1,6	1	allcached	distinct	normal	00110
diamond-normal-allcached-distinct-6	diamond-normal-allcached-distinct	diamond	5,1,2,4	0,1,1,6	1	allcached	distinct	normal	00111
diamond-normal-allcached-distinct-7	diamond-normal-allcached-distinct	diamond	5,1,2,4	0,1,1,6	1	allcached	distinct	normal	01000
diamond-normal-allcached-distinct-8	diamond-normal-allcached-distinct	diamond	5,1,2,4	0,1,1,6	1	allcached	distinct	normal	01001
diamond-normal-allcached-distinct-9	diamond-normal-allcached-distinct	diamond	5,1,2,4	0,1,1,6	1	allcached	distinct	normal	01010
diamond-normal-allcached-distinct-10	diamond-normal-allcached-distinct	diamond	5,1,2,4	0,1,1,6	1	allcached	distinct	normal	01011
diamond-normal-allcached-distinct-11	diamond-normal-allcached-distinct	diamond	5,1,2,4	0,1,1,6	1	allcached	distinct	normal	01100
diamond-normal-allcached-distinct-12	diamond-normal-allcached-distinct	diamond	5,1,2,4	0,1,1,6	1	allcached	distinct	normal	01101
diamond-normal-allcached-distinct-13	diamond-normal-allcached-distinct	diamond	5,1,2,4	0,1,1,6	1	allcached	distinct	normal	01110
diamond-normal-allcached-distinct-14	diamond-normal-allcached-distinct	diamond	5,1,2,4	0,1,1,6	1	allcached	distinct	normal	01111
diamond-normal-allcached-distinct-15	diamond-normal-allcached-distinct	diamond	5,1,2,4	0,1,1,6	1	allcached	distinct	normal	10000
diamond-normal-allcached-distinct-16	diamond-normal-allcached-distinct	diamond	5,1,2,4	0,1,1,6	1	allcached	distinct	normal	10001
diamond-normal-allcached-distinct-17	diamond-normal-allcached-distinct	diamond	5,1,2,4	0,1,1,6	1	allcached	distinct	normal	10010
diamond-normal-allcached-distinct-18	diamond-normal-allcached-distinct	diamond	5,1,2,4	0,1,1,6	1	allcached	distinct	normal	10011
diamond-normal-allcached-distinct-19	diamond-normal-allcached-distinct	diamond	5,1,2,4	0,1,1,6	1	allcached	distinct	normal	10100
diamond-normal-allcached-distinct-20	diamond-normal-allcached-distinct	diamond	5,1,2,4	0,1,1,6	1	allcached	distinct	normal	10101
diamond-normal-allcached-distinct-21	diamond-normal-allcached-distinct	diamond	5,1,2,4	0,1,1,6	1	allcached	distinct	normal	10110
diamond-normal-allcached-distinct-22	diamond-normal-allcached-distinct	diamond	5,1,2,4	0,1,1,6	1	allcached	distinct	normal	10111
diamond-normal-allcached-distinct-23	diamond-normal-allcached-distinct	diamond	5,1,2,4	0,1,1,6	1	allcached	distinct	normal	11000
diamond-normal-allcached-distinct-24	diamond-normal-allcached-distinct	diamond	5,1,2,4	0,1,1,6	1	allcached	distinct	normal	11001
diamond-normal-allcached-distinct-25	diamond-normal-allcached-distinct	diamond	5,1,2,4	0,1,1,6	1	allcached	distinct	normal	11010
diamond-normal-allcached-distinct-26	diamond-normal-allcached-distinct	diamond	5,1,2,4	0,1,1,6	1	allcached	distinct	normal	11011
diamond-normal-allcached-distinct-27	diamond-normal-allcached-distinct	diamond	5,1,2,4	0,1,1,6	1	allcached	distinct	normal	11100
diamond-normal-allcached-distinct-28	diamond-normal-allcached-distinct	diamond	5,1,2,4	0,1,1,6	1	allcached	distinct	normal	11101
diamond-normal-allcached-distinct-29	diamond-normal-allcached-distinct	diamond	5,1,2,4	0,1,1,6	1	allcached	distinct	normal	11110
diamond-normal-allcached-distinct-30	diamond-normal-allcached-distinct	diamond	5,1,2,4	0,1,1,6	1	allcached	distinct	normal	11111
diamond-normal-allcached-colliding-0	diamond-normal-allcached-colliding	diamond	5,1,2,4	0,1,1,6	1	allcached	colliding	normal	0000
diamond-normal-allcached-colliding-1	diamond-normal-allcached-colliding	diamond	5,1,2,4	0,1,1,6	1	allcached	colliding	normal	00010
diamond-normal-allcached-colliding-2	diamond-normal-allcached-colliding	diamond	5,1,2,4	0,1,1,6	1	allcached	colliding	normal	00011
diamond-normal-allcached-colliding-3	diamond-normal-allcached-colliding	diamond	5,1,2,4	0,1,1,6	1	allcached	colliding	normal	00100
diamond-normal-allcached-colliding-4	diamond-normal-allcached-colliding	diamond	5,1,2,4	0,1,1,6	1	allcached	colliding	normal	00101
diamond-normal-allcached-colliding-5	diamond-normal-allcached-colliding	diamond	5,1,2,4	0,1,1,6	1	allcached	colliding	normal	00110
diamond-normal-allcached-colliding-6	diamond-normal-allcached-colliding	diamond	5,1,2,4	0,1,1,6	1	allcached	colliding	normal	00111
diamond-normal-allcached-colliding-7	diamond-normal-allcached-colliding	diamond	5,1,2,4	0,1,1,6	1	allcached	colliding	normal	01000
diamond-normal-allcached-colliding-8	diamond-normal-allcached-colliding	diamond	5,1,2,4	0,1,1,6	1	allcached	colliding	normal	01001
diamond-normal-allcached-colliding-9	diamond-normal-allcached-colliding	diamond	5,1,2,4	0,1,1,6	1	allcached	colliding	normal	01010
diamond-normal-allcached-colliding-10	diamond-normal-allcached-colliding	diamond	5,1,2,4	0,1,1,6	1	allcached	colliding	normal	01011
diamond-normal-allcached-colliding-11	diamond-normal-allcached-colliding	diamond	5,1,2,4	0,1,1,6	1	allcached	colliding	normal	01100
diamond-normal-allcached-colliding-12	diamond-normal-allcached-colliding	diamond	5,1,2,4	0,1,1,6	1	allcached	colliding	normal	01101
diamond-normal-allcached-colliding-13	diamond-normal-allcached-colliding	diamond	5,1,2,4	0,1,1,6	1	allcached	colliding	normal	01110
diamond-normal-allcached-colliding-14	diamond-normal-allcached-colliding	diamond	5,1,2,4	0,1,1,6	1	allcached	colliding	normal	01111
diamond-normal-allcached-colliding-15	diamond-normal-allcached-colliding	diamond	5,1,2,4	0,1,1,6	1	allcached	colliding	normal	10000
diamond-normal-allcached-colliding-16	diamond-normal-allcached-colliding	diamond	5,1,2,4	0,1,1,6	1	allcached	colliding	normal	10001
diamond-normal-allcached-colliding-17	diamond-normal-allcached-colliding	diamond	5,1,2,4	0,1,1,6	1	allcached	colliding	normal	10010
diamond-normal-allcached-colliding-18	diamond-normal-allcached-colliding	diamond	5,1,2,4	0,1,1,6	1	allcached	colliding	normal	10011
diamond-normal-allcached-colliding-19	diamond-normal-allcached-colliding	diamond	5,1,2,4	0,1,1,6	1	allcached	colliding	normal	10100
diamond-normal-allcached-colliding-20	diamond-normal-allcached-colliding	diamond	5,1,2,4	0,1,1,6	1	allcached	colliding	normal	10101
diamond-normal-allcached-colliding-21	diamond-normal-allcached-colliding	diamond	5,1,2,4	0,1,1,6	1	allcached	colliding	normal	10110
diamond-normal-allcached-colliding-22	diamond-normal-allcached-colliding	diamond	5,1,2,4	0,1,1,6	1	allcached	colliding	normal	10111
diamond-normal-allcached-colliding-23	diamond-normal-allcached-colliding	diamond	5,1,2,4	0,1,1,6	1	allcached	colliding	normal	11000
diamond-normal-allcached-colliding-24	diamond-normal-allcached-colliding	diamond	5,1,2,4	0,1,1,6	1	allcached	colliding	normal	11001
diamond-normal-allcached-colliding-25	diamond-normal-allcached-colliding	diamond	5,1,2,4	0,1,1,6	1	allcached	colliding	normal	11010
diamond-normal-allcached-colliding-26	diamond-normal-allcached-colliding	diamond	5,1,2,4	0,1,1,6	1	allcached	colliding	normal	11011
diamond-normal-allcached-colliding-27	diamond-normal-allcached-colliding	diamond	5,1,2,4	0,1,1,6	1	allcached	colliding	normal	11100
diamond-normal-allcached-colliding-28	diamond-normal-allcached-colliding	diamond	5,1,2,4	0,1,1,6	1	allcached	colliding	normal	11101
diamond-normal-allcached-colliding-29	diamond-normal-allcached-colliding	diamond	5,1,2,4	0,1,1,6	1	allcached	colliding	normal	11110
diamond-normal-allcached-colliding-30	diamond-normal-allcached-colliding	diamond	5,1,2,4	0,1,1,6	1	allcached	colliding	normal	11111
ties-chain-normal-filter-distinct-0	ties-chain-normal-filter-distinct	ties-chain	2,2,2	0,1,2	2	filter	distinct	normal	000
ties-chain-normal-filter-distinct-1	ties-chain-normal-filter-distinct	ties-chain	2,2,2	0,1,2	2	filter	distinct	normal	0010
ties-chain-normal-filter-distinct-2	ties-chain-normal-filter-distinct	ties-chain	2,2,2	0,1,2	2	filter	distinct	normal	00110
ties-chain-normal-filter-distinct-3	ties-chain-normal-filter-distinct	ties-chain	2,2,2	0,1,2	2	filter	distinct	normal	00111
ties-chain-normal-filter-distinct-4	ties-chain-normal-filter-distinct	ties-chain	2,2,2	0,1,2	2	filter	distinct	normal	0100
ties-chain-normal-filter-distinct-5	ties-chain-normal-filter-distinct	ties-chain	2,2,2	0,1,2	2	filter	distinct	normal	01010
ties-chain-normal-filter-distinct-6	ties-chain-normal-filter-distinct	ties-chain	2,2,2	0,1,2	2	filter	distinct	normal	01011
ties-chain-normal-filter-distinct-7	ties-chain-normal-filter-distinct	ties-chain	2,2,2	0,1,2	2	filter	distinct	normal	01100
ties-chain-normal-filter-distinct-8	ties-chain-normal-filter-distinct	ties-chain	2,2,2	0,1,2	2	filter	distinct	normal	01101
ties-chain-normal-filter-distinct-9	ties-chain-normal-filter-distinct	ties-chain	2,2,2	0,1,2	2	filter	distinct	normal	01110
ties-chain-normal-filter-distinct-10	ties-chain-normal-filter-distinct	ties-chain	2,2,2	0,1,2	2	filter	distinct	normal	01111
ties-chain-normal-filter-distinct-11	ties-chain-normal-filter-distinct	ties-chain	2,2,2	0,1,2	2	filter	distinct	normal	1000
ties-chain-normal-filter-distinct-12	ties-chain-normal-filter-distinct	ties-chain	2,2,2	0,1,2	2	filter	distinct	normal	10010
ties-chain-normal-filter-distinct-13	ties-chain-normal-filter-distinct	ties-chain	2,2,2	0,1,2	2	filter	distinct	normal	10011
ties-chain-normal-filter-distinct-14	ties-chain-normal-filter-distinct	ties-chain	2,2,2	0,1,2	2	filter	distinct	normal	10100
ties-chain-normal-filter-distinct-15	ties-chain-normal-filter-distinct	ties-chain	2,2,2	0,1,2	2	filter	distinct	normal	10101
ties-chain-normal-filter-distinct-16	ties-chain-normal-filter-distinct	ties-chain	2,2,2	0,1,2	2	filter	distinct	normal	10110
ties-chain-normal-filter-distinct-17	ties-chain-normal-filter-distinct	ties-chain	2,2,2	0,1,2	2	filter	distinct	normal	10111
ties-chain-normal-filter-distinct-18	ties-chain-normal-filter-distinct	ties-chain	2,2,2	0,1,2	2	filter	distinct	normal	11000
ties-chain-normal-filter-distinct-19	ties-chain-normal-filter-distinct	ties-chain	2,2,2	0,1,2	2	filter	distinct	normal	11001
ties-chain-normal-filter-distinct-20	ties-chain-normal-filter-distinct	ties-chain	2,2,2	0,1,2	2	filter	distinct	normal	11010
ties-chain-normal-filter-distinct-21	ties-chain-normal-filter-distinct	ties-chain	2,2,2	0,1,2	2	filter	distinct	normal	11011
ties-chain-normal-filter-distinct-22	ties-chain-normal-filter-distinct	ties-chain	2,2,2	0,1,2	2	filter	distinct	normal	11100
ties-chain-normal-filter-distinct-23	ties-chain-normal-filter-distinct	ties-chain	2,2,2	0,1,2	2	filter	distinct	normal	11101
ties-chain-normal-filter-distinct-24	ties-chain-normal-filter-distinct	ties-chain	2,2,2	0,1,2	2	filter	distinct	normal	11110
ties-chain-normal-filter-distinct-25	ties-chain-normal-filter-distinct	ties-chain	2,2,2	0,1,2	2	filter	distinct	normal	11111
ties-chain-normal-filter-colliding-0	ties-chain-normal-filter-colliding	ties-chain	2,2,2	0,1,2	2	filter	colliding	normal	000
ties-chain-normal-filter-colliding-1	ties-chain-normal-filter-colliding	ties-chain	2,2,2	0,1,2	2	filter	colliding	normal	0010
ties-chain-normal-filter-colliding-2	ties-chain-normal-filter-colliding	ties-chain	2,2,2	0,1,2	2	filter	colliding	normal	00110
ties-chain-normal-filter-colliding-3	ties-chain-normal-filter-colliding	ties-chain	2,2,2	0,1,2	2	filter	colliding	normal	00111
ties-chain-normal-filter-colliding-4	ties-chain-normal-filter-colliding	ties-chain	2,2,2	0,1,2	2	filter	colliding	normal	0100
ties-chain-normal-filter-colliding-5	ties-chain-normal-filter-colliding	ties-chain	2,2,2	0,1,2	2	filter	colliding	normal	01010
ties-chain-normal-filter-colliding-6	ties-chain-normal-filter-colliding	ties-chain	2,2,2	0,1,2	2	filter	colliding	normal	01011
ties-chain-normal-filter-colliding-7	ties-chain-normal-filter-colliding	ties-chain	2,2,2	0,1,2	2	filter	colliding	normal	01100
ties-chain-normal-filter-colliding-8	ties-chain-normal-filter-colliding	ties-chain	2,2,2	0,1,2	2	filter	colliding	normal	01101
ties-chain-normal-filter-colliding-9	ties-chain-normal-filter-colliding	ties-chain	2,2,2	0,1,2	2	filter	colliding	normal	01110
ties-chain-normal-filter-colliding-10	ties-chain-normal-filter-colliding	ties-chain	2,2,2	0,1,2	2	filter	colliding	normal	01111
ties-chain-normal-filter-colliding-11	ties-chain-normal-filter-colliding	ties-chain	2,2,2	0,1,2	2	filter	colliding	normal	1000
ties-chain-normal-filter-colliding-12	ties-chain-normal-filter-colliding	ties-chain	2,2,2	0,1,2	2	filter	colliding	normal	10010
ties-chain-normal-filter-colliding-13	ties-chain-normal-filter-colliding	ties-chain	2,2,2	0,1,2	2	filter	colliding	normal	10011
ties-chain-normal-filter-colliding-14	ties-chain-normal-filter-colliding	ties-chain	2,2,2	0,1,2	2	filter	colliding	normal	10100
ties-chain-normal-filter-colliding-15	ties-chain-normal-filter-colliding	ties-chain	2,2,2	0,1,2	2	filter	colliding	normal	10101
ties-chain-normal-filter-colliding-16	ties-chain-normal-filter-colliding	ties-chain	2,2,2	0,1,2	2	filter	colliding	normal	10110
ties-chain-normal-filter-colliding-17	ties-chain-normal-filter-colliding	ties-chain	2,2,2	0,1,2	2	filter	colliding	normal	10111
ties-chain-normal-filter-colliding-18	ties-chain-normal-filter-colliding	ties-chain	2,2,2	0,1,2	2	filter	colliding	normal	11000
ties-chain-normal-filter-colliding-19	ties-chain-normal-filter-colliding	ties-chain	2,2,2	0,1,2	2	filter	colliding	normal	11001
ties-chain-normal-filter-colliding-20	ties-chain-normal-filter-colliding	ties-chain	2,2,2	0,1,2	2	filter	colliding	normal	11010
ties-chain-normal-filter-colliding-21	ties-chain-normal-filter-colliding	ties-chain	2,2,2	0,1,2	2	filter	colliding	normal	11011
ties-chain-normal-filter-colliding-22	ties-chain-normal-filter-colliding	ties-chain	2,2,2	0,1,2	2	filter	colliding	normal	11100
ties-chain-normal-filter-colliding-23	ties-chain-normal-filter-colliding	ties-chain	2,2,2	0,1,2	2	filter	colliding	normal	11101
ties-chain-normal-filter-colliding-24	ties-chain-normal-filter-colliding	ties-chain	2,2,2	0,1,2	2	filter	colliding	normal	11110
ties-chain-normal-filter-colliding-25	ties-chain-normal-filter-colliding	ties-chain	2,2,2	0,1,2	2	filter	colliding	normal	11111
ties-chain-normal-allfresh-distinct-0	ties-chain-normal-allfresh-distinct	ties-chain	2,2,2	0,1,2	2	allfresh	distinct	normal	-
ties-chain-normal-allfresh-colliding-0	ties-chain-normal-allfresh-colliding	ties-chain	2,2,2	0,1,2	2	allfresh	colliding	normal	-
ties-chain-normal-allcached-distinct-0	ties-chain-normal-allcached-distinct	ties-chain	2,2,2	0,1,2	2	allcached	distinct	normal	000
ties-chain-normal-allcached-distinct-1	ties-chain-normal-allcached-distinct	ties-chain	2,2,2	0,1,2	2	allcached	distinct	normal	0010
ties-chain-normal-allcached-distinct-2	ties-chain-normal-allcached-distinct	ties-chain	2,2,2	0,1,2	2	allcached	distinct	normal	00110
ties-chain-normal-allcached-distinct-3	ties-chain-normal-allcached-distinct	ties-chain	2,2,2	0,1,2	2	allcached	distinct	normal	00111
ties-chain-normal-allcached-distinct-4	ties-chain-normal-allcached-distinct	ties-chain	2,2,2	0,1,2	2	allcached	distinct	normal	0100
ties-chain-normal-allcached-distinct-5	ties-chain-normal-allcached-distinct	ties-chain	2,2,2	0,1,2	2	allcached	distinct	normal	01010
ties-chain-normal-allcached-distinct-6	ties-chain-normal-allcached-distinct	ties-chain	2,2,2	0,1,2	2	allcached	distinct	normal	01011
ties-chain-normal-allcached-distinct-7	ties-chain-normal-allcached-distinct	ties-chain	2,2,2	0,1,2	2	allcached	distinct	normal	01100
ties-chain-normal-allcached-distinct-8	ties-chain-normal-allcached-distinct	ties-chain	2,2,2	0,1,2	2	allcached	distinct	normal	01101
ties-chain-normal-allcached-distinct-9	ties-chain-normal-allcached-distinct	ties-chain	2,2,2	0,1,2	2	allcached	distinct	normal	01110
ties-chain-normal-allcached-distinct-10	ties-chain-normal-allcached-distinct	ties-chain	2,2,2	0,1,2	2	allcached	distinct	normal	01111
ties-chain-normal-allcached-distinct-11	ties-chain-normal-allcached-distinct	ties-chain	2,2,2	0,1,2	2	allcached	distinct	normal	1000
ties-chain-normal-allcached-distinct-12	ties-chain-normal-allcached-distinct	ties-chain	2,2,2	0,1,2	2	allcached	distinct	normal	10010
ties-chain-normal-allcached-distinct-13	ties-chain-normal-allcached-distinct	ties-chain	2,2,2	0,1,2	2	allcached	distinct	normal	10011
ties-chain-normal-allcached-distinct-14	ties-chain-normal-allcached-distinct	ties-chain	2,2,2	0,1,2	2	allcached	distinct	normal	10100
ties-chain-normal-allcached-distinct-15	ties-chain-normal-allcached-distinct	ties-chain	2,2,2	0,1,2	2	allcached	distinct	normal	10101
ties-chain-normal-allcached-distinct-16	ties-chain-normal-allcached-distinct	ties-chain	2,2,2	0,1,2	2	allcached	distinct	normal	10110
ties-chain-normal-allcached-distinct-17	ties-chain-normal-allcached-distinct	ties-chain	2,2,2	0,1,2	2	allcached	distinct	normal	10111
ties-chain-normal-allcached-distinct-18	ties-chain-normal-allcached-distinct	ties-chain	2,2,2	0,1,2	2	allcached	distinct	normal	11000
ties-chain-normal-allcached-distinct-19	ties-chain-normal-allcached-distinct	ties-chain	2,2,2	0,1,2	2	allcached	distinct	normal	11001
ties-chain-normal-allcached-distinct-20	ties-chain-normal-allcached-distinct	ties-chain	2,2,2	0,1,2	2	allcached	distinct	normal	11010
ties-chain-normal-allcached-distinct-21	ties-chain-normal-allcached-distinct	ties-chain	2,2,2	0,1,2	2	allcached	distinct	normal	11011
ties-chain-normal-allcached-distinct-22	ties-chain-normal-allcached-distinct	ties-chain	2,2,2	0,1,2	2	allcached	distinct	normal	11100
ties-chain-normal-allcached-distinct-23	ties-chain-normal-allcached-distinct	ties-chain	2,2,2	0,1,2	2	allcached	distinct	normal	11101
ties-chain-normal-allcached-distinct-24	ties-chain-normal-allcached-distinct	ties-chain	2,2,2	0,1,2	2	allcached	distinct	normal	11110
ties-chain-normal-allcached-distinct-25	ties-chain-normal-allcached-distinct	ties-chain	2,2,2	0,1,2	2	allcached	distinct	normal	11111
ties-chain-normal-allcached-colliding-0	ties-chain-normal-allcached-colliding	ties-chain	2,2,2	0,1,2	2	allcached	colliding	normal	000
ties-chain-normal-allcached-colliding-1	ties-chain-normal-allcached-colliding	ties-chain	2,2,2	0,1,2	2	allcached	colliding	normal	0010
ties-chain-normal-allcached-colliding-2	ties-chain-normal-allcached-colliding	ties-chain	2,2,2	0,1,2	2	allcached	colliding	normal	00110
ties-chain-normal-allcached-colliding-3	ties-chain-normal-allcached-colliding	ties-chain	2,2,2	0,1,2	2	allcached	colliding	normal	00111
ties-chain-normal-allcached-colliding-4	ties-chain-normal-allcached-colliding	ties-chain	2,2,2	0,1,2	2	allcached	colliding	normal	0100
ties-chain-normal-allcached-colliding-5	ties-chain-normal-allcached-colliding	ties-chain	2,2,2	0,1,2	2	allcached	colliding	normal	01010
ties-chain-normal-allcached-colliding-6	ties-chain-normal-allcached-colliding	ties-chain	2,2,2	0,1,2	2	allcached	colliding	normal	01011
ties-chain-normal-allcached-colliding-7	ties-chain-normal-allcached-colliding	ties-chain	2,2,2	0,1,2	2	allcached	colliding	normal	01100
ties-chain-normal-allcached-colliding-8	ties-chain-normal-allcached-colliding	ties-chain	2,2,2	0,1,2	2	allcached	colliding	normal	01101
ties-chain-normal-allcached-colliding-9	ties-chain-normal-allcached-colliding	ties-chain	2,2,2	0,1,2	2	allcached	colliding	normal	01110
ties-chain-normal-allcached-colliding-10	ties-chain-normal-allcached-colliding	ties-chain	2,2,2	0,1,2	2	allcached	colliding	normal	01111
ties-chain-normal-allcached-colliding-11	ties-chain-normal-allcached-colliding	ties-chain	2,2,2	0,1,2	2	allcached	colliding	normal	1000
ties-chain-normal-allcached-colliding-12	ties-chain-normal-allcached-colliding	ties-chain	2,2,2	0,1,2	2	allcached	colliding	normal	10010
ties-chain-normal-allcached-colliding-13	ties-chain-normal-allcached-colliding	ties-chain	2,2,2	0,1,2	2	allcached	colliding	normal	10011
ties-chain-normal-allcached-colliding-14	ties-chain-normal-allcached-colliding	ties-chain	2,2,2	0,1,2	2	allcached	colliding	normal	10100
ties-chain-normal-allcached-colliding-15	ties-chain-normal-allcached-colliding	ties-chain	2,2,2	0,1,2	2	allcached	colliding	normal	10101
ties-chain-normal-allcached-colliding-16	ties-chain-normal-allcached-colliding	ties-chain	2,2,2	0,1,2	2	allcached	colliding	normal	10110
ties-chain-normal-allcached-colliding-17	ties-chain-normal-allcached-colliding	ties-chain	2,2,2	0,1,2	2	allcached	colliding	normal	10111
ties-chain-normal-allcached-colliding-18	ties-chain-normal-allcached-colliding	ties-chain	2,2,2	0,1,2	2	allcached	colliding	normal	11000
ties-chain-normal-allcached-colliding-19	ties-chain-normal-allcached-colliding	ties-chain	2,2,2	0,1,2	2	allcached	colliding	normal	11001
ties-chain-normal-allcached-colliding-20	ties-chain-normal-allcached-colliding	ties-chain	2,2,2	0,1,2	2	allcached	colliding	normal	11010
ties-chain-normal-allcached-colliding-21	ties-chain-normal-allcached-colliding	ties-chain	2,2,2	0,1,2	2	allcached	colliding	normal	11011
ties-chain-normal-allcached-colliding-22	ties-chain-normal-allcached-colliding	ties-chain	2,2,2	0,1,2	2	allcached	colliding	normal	11100
ties-chain-normal-allcached-colliding-23	ties-chain-normal-allcached-colliding	ties-chain	2,2,2	0,1,2	2	allcached	colliding	normal	11101
ties-chain-normal-allcached-colliding-24	ties-chain-normal-allcached-colliding	ties-chain	2,2,2	0,1,2	2	allcached	colliding	normal	11110
ties-chain-normal-allcached-colliding-25	ties-chain-normal-allcached-colliding	ties-chain	2,2,2	0,1,2	2	allcached	colliding	normal	11111
strict-safe-fresh-normal-filter-distinct-0	strict-safe-fresh-normal-filter-distinct	strict-safe-fresh	100,1,2,80,80,80	0,1,2,4,8,16	1	filter	distinct	normal	000000
strict-safe-fresh-normal-filter-distinct-1	strict-safe-fresh-normal-filter-distinct	strict-safe-fresh	100,1,2,80,80,80	0,1,2,4,8,16	1	filter	distinct	normal	0000010
strict-safe-fresh-normal-filter-distinct-2	strict-safe-fresh-normal-filter-distinct	strict-safe-fresh	100,1,2,80,80,80	0,1,2,4,8,16	1	filter	distinct	normal	0000011
strict-safe-fresh-normal-filter-distinct-3	strict-safe-fresh-normal-filter-distinct	strict-safe-fresh	100,1,2,80,80,80	0,1,2,4,8,16	1	filter	distinct	normal	0000100
strict-safe-fresh-normal-filter-distinct-4	strict-safe-fresh-normal-filter-distinct	strict-safe-fresh	100,1,2,80,80,80	0,1,2,4,8,16	1	filter	distinct	normal	0000101
strict-safe-fresh-normal-filter-distinct-5	strict-safe-fresh-normal-filter-distinct	strict-safe-fresh	100,1,2,80,80,80	0,1,2,4,8,16	1	filter	distinct	normal	0000110
strict-safe-fresh-normal-filter-distinct-6	strict-safe-fresh-normal-filter-distinct	strict-safe-fresh	100,1,2,80,80,80	0,1,2,4,8,16	1	filter	distinct	normal	0000111
strict-safe-fresh-normal-filter-distinct-7	strict-safe-fresh-normal-filter-distinct	strict-safe-fresh	100,1,2,80,80,80	0,1,2,4,8,16	1	filter	distinct	normal	0001000
strict-safe-fresh-normal-filter-distinct-8	strict-safe-fresh-normal-filter-distinct	strict-safe-fresh	100,1,2,80,80,80	0,1,2,4,8,16	1	filter	distinct	normal	0001001
strict-safe-fresh-normal-filter-distinct-9	strict-safe-fresh-normal-filter-distinct	strict-safe-fresh	100,1,2,80,80,80	0,1,2,4,8,16	1	filter	distinct	normal	0001010
strict-safe-fresh-normal-filter-distinct-10	strict-safe-fresh-normal-filter-distinct	strict-safe-fresh	100,1,2,80,80,80	0,1,2,4,8,16	1	filter	distinct	normal	0001011
strict-safe-fresh-normal-filter-distinct-11	strict-safe-fresh-normal-filter-distinct	strict-safe-fresh	100,1,2,80,80,80	0,1,2,4,8,16	1	filter	distinct	normal	0001100
strict-safe-fresh-normal-filter-distinct-12	strict-safe-fresh-normal-filter-distinct	strict-safe-fresh	100,1,2,80,80,80	0,1,2,4,8,16	1	filter	distinct	normal	0001101
strict-safe-fresh-normal-filter-distinct-13	strict-safe-fresh-normal-filter-distinct	strict-safe-fresh	100,1,2,80,80,80	0,1,2,4,8,16	1	filter	distinct	normal	0001110
strict-safe-fresh-normal-filter-distinct-14	strict-safe-fresh-normal-filter-distinct	strict-safe-fresh	100,1,2,80,80,80	0,1,2,4,8,16	1	filter	distinct	normal	0001111
strict-safe-fresh-normal-filter-distinct-15	strict-safe-fresh-normal-filter-distinct	strict-safe-fresh	100,1,2,80,80,80	0,1,2,4,8,16	1	filter	distinct	normal	0010000
strict-safe-fresh-normal-filter-distinct-16	strict-safe-fresh-normal-filter-distinct	strict-safe-fresh	100,1,2,80,80,80	0,1,2,4,8,16	1	filter	distinct	normal	0010001
strict-safe-fresh-normal-filter-distinct-17	strict-safe-fresh-normal-filter-distinct	strict-safe-fresh	100,1,2,80,80,80	0,1,2,4,8,16	1	filter	distinct	normal	0010010
strict-safe-fresh-normal-filter-distinct-18	strict-safe-fresh-normal-filter-distinct	strict-safe-fresh	100,1,2,80,80,80	0,1,2,4,8,16	1	filter	distinct	normal	0010011
strict-safe-fresh-normal-filter-distinct-19	strict-safe-fresh-normal-filter-distinct	strict-safe-fresh	100,1,2,80,80,80	0,1,2,4,8,16	1	filter	distinct	normal	0010100
strict-safe-fresh-normal-filter-distinct-20	strict-safe-fresh-normal-filter-distinct	strict-safe-fresh	100,1,2,80,80,80	0,1,2,4,8,16	1	filter	distinct	normal	0010101
strict-safe-fresh-normal-filter-distinct-21	strict-safe-fresh-normal-filter-distinct	strict-safe-fresh	100,1,2,80,80,80	0,1,2,4,8,16	1	filter	distinct	normal	0010110
strict-safe-fresh-normal-filter-distinct-22	strict-safe-fresh-normal-filter-distinct	strict-safe-fresh	100,1,2,80,80,80	0,1,2,4,8,16	1	filter	distinct	normal	0010111
strict-safe-fresh-normal-filter-distinct-23	strict-safe-fresh-normal-filter-distinct	strict-safe-fresh	100,1,2,80,80,80	0,1,2,4,8,16	1	filter	distinct	normal	001100
strict-safe-fresh-normal-filter-distinct-24	strict-safe-fresh-normal-filter-distinct	strict-safe-fresh	100,1,2,80,80,80	0,1,2,4,8,16	1	filter	distinct	normal	001101
strict-safe-fresh-normal-filter-distinct-25	strict-safe-fresh-normal-filter-distinct	strict-safe-fresh	100,1,2,80,80,80	0,1,2,4,8,16	1	filter	distinct	normal	001110
strict-safe-fresh-normal-filter-distinct-26	strict-safe-fresh-normal-filter-distinct	strict-safe-fresh	100,1,2,80,80,80	0,1,2,4,8,16	1	filter	distinct	normal	001111
strict-safe-fresh-normal-filter-distinct-27	strict-safe-fresh-normal-filter-distinct	strict-safe-fresh	100,1,2,80,80,80	0,1,2,4,8,16	1	filter	distinct	normal	0100000
strict-safe-fresh-normal-filter-distinct-28	strict-safe-fresh-normal-filter-distinct	strict-safe-fresh	100,1,2,80,80,80	0,1,2,4,8,16	1	filter	distinct	normal	0100001
strict-safe-fresh-normal-filter-distinct-29	strict-safe-fresh-normal-filter-distinct	strict-safe-fresh	100,1,2,80,80,80	0,1,2,4,8,16	1	filter	distinct	normal	0100010
strict-safe-fresh-normal-filter-distinct-30	strict-safe-fresh-normal-filter-distinct	strict-safe-fresh	100,1,2,80,80,80	0,1,2,4,8,16	1	filter	distinct	normal	0100011
strict-safe-fresh-normal-filter-distinct-31	strict-safe-fresh-normal-filter-distinct	strict-safe-fresh	100,1,2,80,80,80	0,1,2,4,8,16	1	filter	distinct	normal	0100100
strict-safe-fresh-normal-filter-distinct-32	strict-safe-fresh-normal-filter-distinct	strict-safe-fresh	100,1,2,80,80,80	0,1,2,4,8,16	1	filter	distinct	normal	0100101
strict-safe-fresh-normal-filter-distinct-33	strict-safe-fresh-normal-filter-distinct	strict-safe-fresh	100,1,2,80,80,80	0,1,2,4,8,16	1	filter	distinct	normal	0100110
strict-safe-fresh-normal-filter-distinct-34	strict-safe-fresh-normal-filter-distinct	strict-safe-fresh	100,1,2,80,80,80	0,1,2,4,8,16	1	filter	distinct	normal	0100111
strict-safe-fresh-normal-filter-distinct-35	strict-safe-fresh-normal-filter-distinct	strict-safe-fresh	100,1,2,80,80,80	0,1,2,4,8,16	1	filter	distinct	normal	010100
strict-safe-fresh-normal-filter-distinct-36	strict-safe-fresh-normal-filter-distinct	strict-safe-fresh	100,1,2,80,80,80	0,1,2,4,8,16	1	filter	distinct	normal	010101
strict-safe-fresh-normal-filter-distinct-37	strict-safe-fresh-normal-filter-distinct	strict-safe-fresh	100,1,2,80,80,80	0,1,2,4,8,16	1	filter	distinct	normal	010110
strict-safe-fresh-normal-filter-distinct-38	strict-safe-fresh-normal-filter-distinct	strict-safe-fresh	100,1,2,80,80,80	0,1,2,4,8,16	1	filter	distinct	normal	010111
strict-safe-fresh-normal-filter-distinct-39	strict-safe-fresh-normal-filter-distinct	strict-safe-fresh	100,1,2,80,80,80	0,1,2,4,8,16	1	filter	distinct	normal	01100
strict-safe-fresh-normal-filter-distinct-40	strict-safe-fresh-normal-filter-distinct	strict-safe-fresh	100,1,2,80,80,80	0,1,2,4,8,16	1	filter	distinct	normal	01101
strict-safe-fresh-normal-filter-distinct-41	strict-safe-fresh-normal-filter-distinct	strict-safe-fresh	100,1,2,80,80,80	0,1,2,4,8,16	1	filter	distinct	normal	01110
strict-safe-fresh-normal-filter-distinct-42	strict-safe-fresh-normal-filter-distinct	strict-safe-fresh	100,1,2,80,80,80	0,1,2,4,8,16	1	filter	distinct	normal	01111
strict-safe-fresh-normal-filter-distinct-43	strict-safe-fresh-normal-filter-distinct	strict-safe-fresh	100,1,2,80,80,80	0,1,2,4,8,16	1	filter	distinct	normal	1000000
strict-safe-fresh-normal-filter-distinct-44	strict-safe-fresh-normal-filter-distinct	strict-safe-fresh	100,1,2,80,80,80	0,1,2,4,8,16	1	filter	distinct	normal	1000001
strict-safe-fresh-normal-filter-distinct-45	strict-safe-fresh-normal-filter-distinct	strict-safe-fresh	100,1,2,80,80,80	0,1,2,4,8,16	1	filter	distinct	normal	1000010
strict-safe-fresh-normal-filter-distinct-46	strict-safe-fresh-normal-filter-distinct	strict-safe-fresh	100,1,2,80,80,80	0,1,2,4,8,16	1	filter	distinct	normal	1000011
strict-safe-fresh-normal-filter-distinct-47	strict-safe-fresh-normal-filter-distinct	strict-safe-fresh	100,1,2,80,80,80	0,1,2,4,8,16	1	filter	distinct	normal	1000100
strict-safe-fresh-normal-filter-distinct-48	strict-safe-fresh-normal-filter-distinct	strict-safe-fresh	100,1,2,80,80,80	0,1,2,4,8,16	1	filter	distinct	normal	1000101
strict-safe-fresh-normal-filter-distinct-49	strict-safe-fresh-normal-filter-distinct	strict-safe-fresh	100,1,2,80,80,80	0,1,2,4,8,16	1	filter	distinct	normal	1000110
strict-safe-fresh-normal-filter-distinct-50	strict-safe-fresh-normal-filter-distinct	strict-safe-fresh	100,1,2,80,80,80	0,1,2,4,8,16	1	filter	distinct	normal	1000111
strict-safe-fresh-normal-filter-distinct-51	strict-safe-fresh-normal-filter-distinct	strict-safe-fresh	100,1,2,80,80,80	0,1,2,4,8,16	1	filter	distinct	normal	100100
strict-safe-fresh-normal-filter-distinct-52	strict-safe-fresh-normal-filter-distinct	strict-safe-fresh	100,1,2,80,80,80	0,1,2,4,8,16	1	filter	distinct	normal	100101
strict-safe-fresh-normal-filter-distinct-53	strict-safe-fresh-normal-filter-distinct	strict-safe-fresh	100,1,2,80,80,80	0,1,2,4,8,16	1	filter	distinct	normal	100110
strict-safe-fresh-normal-filter-distinct-54	strict-safe-fresh-normal-filter-distinct	strict-safe-fresh	100,1,2,80,80,80	0,1,2,4,8,16	1	filter	distinct	normal	100111
strict-safe-fresh-normal-filter-distinct-55	strict-safe-fresh-normal-filter-distinct	strict-safe-fresh	100,1,2,80,80,80	0,1,2,4,8,16	1	filter	distinct	normal	10100
strict-safe-fresh-normal-filter-distinct-56	strict-safe-fresh-normal-filter-distinct	strict-safe-fresh	100,1,2,80,80,80	0,1,2,4,8,16	1	filter	distinct	normal	10101
strict-safe-fresh-normal-filter-distinct-57	strict-safe-fresh-normal-filter-distinct	strict-safe-fresh	100,1,2,80,80,80	0,1,2,4,8,16	1	filter	distinct	normal	10110
strict-safe-fresh-normal-filter-distinct-58	strict-safe-fresh-normal-filter-distinct	strict-safe-fresh	100,1,2,80,80,80	0,1,2,4,8,16	1	filter	distinct	normal	10111
strict-safe-fresh-normal-filter-distinct-59	strict-safe-fresh-normal-filter-distinct	strict-safe-fresh	100,1,2,80,80,80	0,1,2,4,8,16	1	filter	distinct	normal	1100000
strict-safe-fresh-normal-filter-distinct-60	strict-safe-fresh-normal-filter-distinct	strict-safe-fresh	100,1,2,80,80,80	0,1,2,4,8,16	1	filter	distinct	normal	1100001
strict-safe-fresh-normal-filter-distinct-61	strict-safe-fresh-normal-filter-distinct	strict-safe-fresh	100,1,2,80,80,80	0,1,2,4,8,16	1	filter	distinct	normal	1100010
strict-safe-fresh-normal-filter-distinct-62	strict-safe-fresh-normal-filter-distinct	strict-safe-fresh	100,1,2,80,80,80	0,1,2,4,8,16	1	filter	distinct	normal	1100011
strict-safe-fresh-normal-filter-distinct-63	strict-safe-fresh-normal-filter-distinct	strict-safe-fresh	100,1,2,80,80,80	0,1,2,4,8,16	1	filter	distinct	normal	1100100
strict-safe-fresh-normal-filter-distinct-64	strict-safe-fresh-normal-filter-distinct	strict-safe-fresh	100,1,2,80,80,80	0,1,2,4,8,16	1	filter	distinct	normal	1100101
strict-safe-fresh-normal-filter-distinct-65	strict-safe-fresh-normal-filter-distinct	strict-safe-fresh	100,1,2,80,80,80	0,1,2,4,8,16	1	filter	distinct	normal	1100110
strict-safe-fresh-normal-filter-distinct-66	strict-safe-fresh-normal-filter-distinct	strict-safe-fresh	100,1,2,80,80,80	0,1,2,4,8,16	1	filter	distinct	normal	1100111
strict-safe-fresh-normal-filter-distinct-67	strict-safe-fresh-normal-filter-distinct	strict-safe-fresh	100,1,2,80,80,80	0,1,2,4,8,16	1	filter	distinct	normal	1101000
strict-safe-fresh-normal-filter-distinct-68	strict-safe-fresh-normal-filter-distinct	strict-safe-fresh	100,1,2,80,80,80	0,1,2,4,8,16	1	filter	distinct	normal	1101001
strict-safe-fresh-normal-filter-distinct-69	strict-safe-fresh-normal-filter-distinct	strict-safe-fresh	100,1,2,80,80,80	0,1,2,4,8,16	1	filter	distinct	normal	1101010
strict-safe-fresh-normal-filter-distinct-70	strict-safe-fresh-normal-filter-distinct	strict-safe-fresh	100,1,2,80,80,80	0,1,2,4,8,16	1	filter	distinct	normal	1101011
strict-safe-fresh-normal-filter-distinct-71	strict-safe-fresh-normal-filter-distinct	strict-safe-fresh	100,1,2,80,80,80	0,1,2,4,8,16	1	filter	distinct	normal	1101100
strict-safe-fresh-normal-filter-distinct-72	strict-safe-fresh-normal-filter-distinct	strict-safe-fresh	100,1,2,80,80,80	0,1,2,4,8,16	1	filter	distinct	normal	1101101
strict-safe-fresh-normal-filter-distinct-73	strict-safe-fresh-normal-filter-distinct	strict-safe-fresh	100,1,2,80,80,80	0,1,2,4,8,16	1	filter	distinct	normal	1101110
strict-safe-fresh-normal-filter-distinct-74	strict-safe-fresh-normal-filter-distinct	strict-safe-fresh	100,1,2,80,80,80	0,1,2,4,8,16	1	filter	distinct	normal	1101111
strict-safe-fresh-normal-filter-distinct-75	strict-safe-fresh-normal-filter-distinct	strict-safe-fresh	100,1,2,80,80,80	0,1,2,4,8,16	1	filter	distinct	normal	1110000
strict-safe-fresh-normal-filter-distinct-76	strict-safe-fresh-normal-filter-distinct	strict-safe-fresh	100,1,2,80,80,80	0,1,2,4,8,16	1	filter	distinct	normal	1110001
strict-safe-fresh-normal-filter-distinct-77	strict-safe-fresh-normal-filter-distinct	strict-safe-fresh	100,1,2,80,80,80	0,1,2,4,8,16	1	filter	distinct	normal	1110010
strict-safe-fresh-normal-filter-distinct-78	strict-safe-fresh-normal-filter-distinct	strict-safe-fresh	100,1,2,80,80,80	0,1,2,4,8,16	1	filter	distinct	normal	1110011
strict-safe-fresh-normal-filter-distinct-79	strict-safe-fresh-normal-filter-distinct	strict-safe-fresh	100,1,2,80,80,80	0,1,2,4,8,16	1	filter	distinct	normal	1110100
strict-safe-fresh-normal-filter-distinct-80	strict-safe-fresh-normal-filter-distinct	strict-safe-fresh	100,1,2,80,80,80	0,1,2,4,8,16	1	filter	distinct	normal	1110101
strict-safe-fresh-normal-filter-distinct-81	strict-safe-fresh-normal-filter-distinct	strict-safe-fresh	100,1,2,80,80,80	0,1,2,4,8,16	1	filter	distinct	normal	1110110
strict-safe-fresh-normal-filter-distinct-82	strict-safe-fresh-normal-filter-distinct	strict-safe-fresh	100,1,2,80,80,80	0,1,2,4,8,16	1	filter	distinct	normal	1110111
strict-safe-fresh-normal-filter-distinct-83	strict-safe-fresh-normal-filter-distinct	strict-safe-fresh	100,1,2,80,80,80	0,1,2,4,8,16	1	filter	distinct	normal	111100
strict-safe-fresh-normal-filter-distinct-84	strict-safe-fresh-normal-filter-distinct	strict-safe-fresh	100,1,2,80,80,80	0,1,2,4,8,16	1	filter	distinct	normal	111101
strict-safe-fresh-normal-filter-distinct-85	strict-safe-fresh-normal-filter-distinct	strict-safe-fresh	100,1,2,80,80,80	0,1,2,4,8,16	1	filter	distinct	normal	111110
strict-safe-fresh-normal-filter-distinct-86	strict-safe-fresh-normal-filter-distinct	strict-safe-fresh	100,1,2,80,80,80	0,1,2,4,8,16	1	filter	distinct	normal	1111110
strict-safe-fresh-normal-filter-distinct-87	strict-safe-fresh-normal-filter-distinct	strict-safe-fresh	100,1,2,80,80,80	0,1,2,4,8,16	1	filter	distinct	normal	1111111
strict-safe-fresh-normal-filter-colliding-0	strict-safe-fresh-normal-filter-colliding	strict-safe-fresh	100,1,2,80,80,80	0,1,2,4,8,16	1	filter	colliding	normal	000000
strict-safe-fresh-normal-filter-colliding-1	strict-safe-fresh-normal-filter-colliding	strict-safe-fresh	100,1,2,80,80,80	0,1,2,4,8,16	1	filter	colliding	normal	0000010
strict-safe-fresh-normal-filter-colliding-2	strict-safe-fresh-normal-filter-colliding	strict-safe-fresh	100,1,2,80,80,80	0,1,2,4,8,16	1	filter	colliding	normal	0000011
strict-safe-fresh-normal-filter-colliding-3	strict-safe-fresh-normal-filter-colliding	strict-safe-fresh	100,1,2,80,80,80	0,1,2,4,8,16	1	filter	colliding	normal	0000100
strict-safe-fresh-normal-filter-colliding-4	strict-safe-fresh-normal-filter-colliding	strict-safe-fresh	100,1,2,80,80,80	0,1,2,4,8,16	1	filter	colliding	normal	0000101
strict-safe-fresh-normal-filter-colliding-5	strict-safe-fresh-normal-filter-colliding	strict-safe-fresh	100,1,2,80,80,80	0,1,2,4,8,16	1	filter	colliding	normal	0000110
strict-safe-fresh-normal-filter-colliding-6	strict-safe-fresh-normal-filter-colliding	strict-safe-fresh	100,1,2,80,80,80	0,1,2,4,8,16	1	filter	colliding	normal	0000111
strict-safe-fresh-normal-filter-colliding-7	strict-safe-fresh-normal-filter-colliding	strict-safe-fresh	100,1,2,80,80,80	0,1,2,4,8,16	1	filter	colliding	normal	0001000
strict-safe-fresh-normal-filter-colliding-8	strict-safe-fresh-normal-filter-colliding	strict-safe-fresh	100,1,2,80,80,80	0,1,2,4,8,16	1	filter	colliding	normal	0001001
strict-safe-fresh-normal-filter-colliding-9	strict-safe-fresh-normal-filter-colliding	strict-safe-fresh	100,1,2,80,80,80	0,1,2,4,8,16	1	filter	colliding	normal	0001010
strict-safe-fresh-normal-filter-colliding-10	strict-safe-fresh-normal-filter-colliding	strict-safe-fresh	100,1,2,80,80,80	0,1,2,4,8,16	1	filter	colliding	normal	0001011
strict-safe-fresh-normal-filter-colliding-11	strict-safe-fresh-normal-filter-colliding	strict-safe-fresh	100,1,2,80,80,80	0,1,2,4,8,16	1	filter	colliding	normal	0001100
strict-safe-fresh-normal-filter-colliding-12	strict-safe-fresh-normal-filter-colliding	strict-safe-fresh	100,1,2,80,80,80	0,1,2,4,8,16	1	filter	colliding	normal	0001101
strict-safe-fresh-normal-filter-colliding-13	strict-safe-fresh-normal-filter-colliding	strict-safe-fresh	100,1,2,80,80,80	0,1,2,4,8,16	1	filter	colliding	normal	0001110
strict-safe-fresh-normal-filter-colliding-14	strict-safe-fresh-normal-filter-colliding	strict-safe-fresh	100,1,2,80,80,80	0,1,2,4,8,16	1	filter	colliding	normal	0001111
strict-safe-fresh-normal-filter-colliding-15	strict-safe-fresh-normal-filter-colliding	strict-safe-fresh	100,1,2,80,80,80	0,1,2,4,8,16	1	filter	colliding	normal	0010000
strict-safe-fresh-normal-filter-colliding-16	strict-safe-fresh-normal-filter-colliding	strict-safe-fresh	100,1,2,80,80,80	0,1,2,4,8,16	1	filter	colliding	normal	0010001
strict-safe-fresh-normal-filter-colliding-17	strict-safe-fresh-normal-filter-colliding	strict-safe-fresh	100,1,2,80,80,80	0,1,2,4,8,16	1	filter	colliding	normal	0010010
strict-safe-fresh-normal-filter-colliding-18	strict-safe-fresh-normal-filter-colliding	strict-safe-fresh	100,1,2,80,80,80	0,1,2,4,8,16	1	filter	colliding	normal	0010011
strict-safe-fresh-normal-filter-colliding-19	strict-safe-fresh-normal-filter-colliding	strict-safe-fresh	100,1,2,80,80,80	0,1,2,4,8,16	1	filter	colliding	normal	0010100
strict-safe-fresh-normal-filter-colliding-20	strict-safe-fresh-normal-filter-colliding	strict-safe-fresh	100,1,2,80,80,80	0,1,2,4,8,16	1	filter	colliding	normal	0010101
strict-safe-fresh-normal-filter-colliding-21	strict-safe-fresh-normal-filter-colliding	strict-safe-fresh	100,1,2,80,80,80	0,1,2,4,8,16	1	filter	colliding	normal	0010110
strict-safe-fresh-normal-filter-colliding-22	strict-safe-fresh-normal-filter-colliding	strict-safe-fresh	100,1,2,80,80,80	0,1,2,4,8,16	1	filter	colliding	normal	0010111
strict-safe-fresh-normal-filter-colliding-23	strict-safe-fresh-normal-filter-colliding	strict-safe-fresh	100,1,2,80,80,80	0,1,2,4,8,16	1	filter	colliding	normal	001100
strict-safe-fresh-normal-filter-colliding-24	strict-safe-fresh-normal-filter-colliding	strict-safe-fresh	100,1,2,80,80,80	0,1,2,4,8,16	1	filter	colliding	normal	001101
strict-safe-fresh-normal-filter-colliding-25	strict-safe-fresh-normal-filter-colliding	strict-safe-fresh	100,1,2,80,80,80	0,1,2,4,8,16	1	filter	colliding	normal	001110
strict-safe-fresh-normal-filter-colliding-26	strict-safe-fresh-normal-filter-colliding	strict-safe-fresh	100,1,2,80,80,80	0,1,2,4,8,16	1	filter	colliding	normal	001111
strict-safe-fresh-normal-filter-colliding-27	strict-safe-fresh-normal-filter-colliding	strict-safe-fresh	100,1,2,80,80,80	0,1,2,4,8,16	1	filter	colliding	normal	0100000
strict-safe-fresh-normal-filter-colliding-28	strict-safe-fresh-normal-filter-colliding	strict-safe-fresh	100,1,2,80,80,80	0,1,2,4,8,16	1	filter	colliding	normal	0100001
strict-safe-fresh-normal-filter-colliding-29	strict-safe-fresh-normal-filter-colliding	strict-safe-fresh	100,1,2,80,80,80	0,1,2,4,8,16	1	filter	colliding	normal	0100010
strict-safe-fresh-normal-filter-colliding-30	strict-safe-fresh-normal-filter-colliding	strict-safe-fresh	100,1,2,80,80,80	0,1,2,4,8,16	1	filter	colliding	normal	0100011
strict-safe-fresh-normal-filter-colliding-31	strict-safe-fresh-normal-filter-colliding	strict-safe-fresh	100,1,2,80,80,80	0,1,2,4,8,16	1	filter	colliding	normal	0100100
strict-safe-fresh-normal-filter-colliding-32	strict-safe-fresh-normal-filter-colliding	strict-safe-fresh	100,1,2,80,80,80	0,1,2,4,8,16	1	filter	colliding	normal	0100101
strict-safe-fresh-normal-filter-colliding-33	strict-safe-fresh-normal-filter-colliding	strict-safe-fresh	100,1,2,80,80,80	0,1,2,4,8,16	1	filter	colliding	normal	0100110
strict-safe-fresh-normal-filter-colliding-34	strict-safe-fresh-normal-filter-colliding	strict-safe-fresh	100,1,2,80,80,80	0,1,2,4,8,16	1	filter	colliding	normal	0100111
strict-safe-fresh-normal-filter-colliding-35	strict-safe-fresh-normal-filter-colliding	strict-safe-fresh	100,1,2,80,80,80	0,1,2,4,8,16	1	filter	colliding	normal	010100
strict-safe-fresh-normal-filter-colliding-36	strict-safe-fresh-normal-filter-colliding	strict-safe-fresh	100,1,2,80,80,80	0,1,2,4,8,16	1	filter	colliding	normal	010101
strict-safe-fresh-normal-filter-colliding-37	strict-safe-fresh-normal-filter-colliding	strict-safe-fresh	100,1,2,80,80,80	0,1,2,4,8,16	1	filter	colliding	normal	010110
strict-safe-fresh-normal-filter-colliding-38	strict-safe-fresh-normal-filter-colliding	strict-safe-fresh	100,1,2,80,80,80	0,1,2,4,8,16	1	filter	colliding	normal	010111
strict-safe-fresh-normal-filter-colliding-39	strict-safe-fresh-normal-filter-colliding	strict-safe-fresh	100,1,2,80,80,80	0,1,2,4,8,16	1	filter	colliding	normal	01100
strict-safe-fresh-normal-filter-colliding-40	strict-safe-fresh-normal-filter-colliding	strict-safe-fresh	100,1,2,80,80,80	0,1,2,4,8,16	1	filter	colliding	normal	01101
strict-safe-fresh-normal-filter-colliding-41	strict-safe-fresh-normal-filter-colliding	strict-safe-fresh	100,1,2,80,80,80	0,1,2,4,8,16	1	filter	colliding	normal	01110
strict-safe-fresh-normal-filter-colliding-42	strict-safe-fresh-normal-filter-colliding	strict-safe-fresh	100,1,2,80,80,80	0,1,2,4,8,16	1	filter	colliding	normal	01111
strict-safe-fresh-normal-filter-colliding-43	strict-safe-fresh-normal-filter-colliding	strict-safe-fresh	100,1,2,80,80,80	0,1,2,4,8,16	1	filter	colliding	normal	1000000
strict-safe-fresh-normal-filter-colliding-44	strict-safe-fresh-normal-filter-colliding	strict-safe-fresh	100,1,2,80,80,80	0,1,2,4,8,16	1	filter	colliding	normal	1000001
strict-safe-fresh-normal-filter-colliding-45	strict-safe-fresh-normal-filter-colliding	strict-safe-fresh	100,1,2,80,80,80	0,1,2,4,8,16	1	filter	colliding	normal	1000010
strict-safe-fresh-normal-filter-colliding-46	strict-safe-fresh-normal-filter-colliding	strict-safe-fresh	100,1,2,80,80,80	0,1,2,4,8,16	1	filter	colliding	normal	1000011
strict-safe-fresh-normal-filter-colliding-47	strict-safe-fresh-normal-filter-colliding	strict-safe-fresh	100,1,2,80,80,80	0,1,2,4,8,16	1	filter	colliding	normal	1000100
strict-safe-fresh-normal-filter-colliding-48	strict-safe-fresh-normal-filter-colliding	strict-safe-fresh	100,1,2,80,80,80	0,1,2,4,8,16	1	filter	colliding	normal	1000101
strict-safe-fresh-normal-filter-colliding-49	strict-safe-fresh-normal-filter-colliding	strict-safe-fresh	100,1,2,80,80,80	0,1,2,4,8,16	1	filter	colliding	normal	1000110
strict-safe-fresh-normal-filter-colliding-50	strict-safe-fresh-normal-filter-colliding	strict-safe-fresh	100,1,2,80,80,80	0,1,2,4,8,16	1	filter	colliding	normal	1000111
strict-safe-fresh-normal-filter-colliding-51	strict-safe-fresh-normal-filter-colliding	strict-safe-fresh	100,1,2,80,80,80	0,1,2,4,8,16	1	filter	colliding	normal	100100
strict-safe-fresh-normal-filter-colliding-52	strict-safe-fresh-normal-filter-colliding	strict-safe-fresh	100,1,2,80,80,80	0,1,2,4,8,16	1	filter	colliding	normal	100101
strict-safe-fresh-normal-filter-colliding-53	strict-safe-fresh-normal-filter-colliding	strict-safe-fresh	100,1,2,80,80,80	0,1,2,4,8,16	1	filter	colliding	normal	100110
strict-safe-fresh-normal-filter-colliding-54	strict-safe-fresh-normal-filter-colliding	strict-safe-fresh	100,1,2,80,80,80	0,1,2,4,8,16	1	filter	colliding	normal	100111
strict-safe-fresh-normal-filter-colliding-55	strict-safe-fresh-normal-filter-colliding	strict-safe-fresh	100,1,2,80,80,80	0,1,2,4,8,16	1	filter	colliding	normal	10100
strict-safe-fresh-normal-filter-colliding-56	strict-safe-fresh-normal-filter-colliding	strict-safe-fresh	100,1,2,80,80,80	0,1,2,4,8,16	1	filter	colliding	normal	10101
strict-safe-fresh-normal-filter-colliding-57	strict-safe-fresh-normal-filter-colliding	strict-safe-fresh	100,1,2,80,80,80	0,1,2,4,8,16	1	filter	colliding	normal	10110
strict-safe-fresh-normal-filter-colliding-58	strict-safe-fresh-normal-filter-colliding	strict-safe-fresh	100,1,2,80,80,80	0,1,2,4,8,16	1	filter	colliding	normal	10111
strict-safe-fresh-normal-filter-colliding-59	strict-safe-fresh-normal-filter-colliding	strict-safe-fresh	100,1,2,80,80,80	0,1,2,4,8,16	1	filter	colliding	normal	1100000
strict-safe-fresh-normal-filter-colliding-60	strict-safe-fresh-normal-filter-colliding	strict-safe-fresh	100,1,2,80,80,80	0,1,2,4,8,16	1	filter	colliding	normal	1100001
strict-safe-fresh-normal-filter-colliding-61	strict-safe-fresh-normal-filter-colliding	strict-safe-fresh	100,1,2,80,80,80	0,1,2,4,8,16	1	filter	colliding	normal	1100010
strict-safe-fresh-normal-filter-colliding-62	strict-safe-fresh-normal-filter-colliding	strict-safe-fresh	100,1,2,80,80,80	0,1,2,4,8,16	1	filter	colliding	normal	1100011
strict-safe-fresh-normal-filter-colliding-63	strict-safe-fresh-normal-filter-colliding	strict-safe-fresh	100,1,2,80,80,80	0,1,2,4,8,16	1	filter	colliding	normal	1100100
strict-safe-fresh-normal-filter-colliding-64	strict-safe-fresh-normal-filter-colliding	strict-safe-fresh	100,1,2,80,80,80	0,1,2,4,8,16	1	filter	colliding	normal	1100101
strict-safe-fresh-normal-filter-colliding-65	strict-safe-fresh-normal-filter-colliding	strict-safe-fresh	100,1,2,80,80,80	0,1,2,4,8,16	1	filter	colliding	normal	1100110
strict-safe-fresh-normal-filter-colliding-66	strict-safe-fresh-normal-filter-colliding	strict-safe-fresh	100,1,2,80,80,80	0,1,2,4,8,16	1	filter	colliding	normal	1100111
strict-safe-fresh-normal-filter-colliding-67	strict-safe-fresh-normal-filter-colliding	strict-safe-fresh	100,1,2,80,80,80	0,1,2,4,8,16	1	filter	colliding	normal	1101000
strict-safe-fresh-normal-filter-colliding-68	strict-safe-fresh-normal-filter-colliding	strict-safe-fresh	100,1,2,80,80,80	0,1,2,4,8,16	1	filter	colliding	normal	1101001
strict-safe-fresh-normal-filter-colliding-69	strict-safe-fresh-normal-filter-colliding	strict-safe-fresh	100,1,2,80,80,80	0,1,2,4,8,16	1	filter	colliding	normal	1101010
strict-safe-fresh-normal-filter-colliding-70	strict-safe-fresh-normal-filter-colliding	strict-safe-fresh	100,1,2,80,80,80	0,1,2,4,8,16	1	filter	colliding	normal	1101011
strict-safe-fresh-normal-filter-colliding-71	strict-safe-fresh-normal-filter-colliding	strict-safe-fresh	100,1,2,80,80,80	0,1,2,4,8,16	1	filter	colliding	normal	1101100
strict-safe-fresh-normal-filter-colliding-72	strict-safe-fresh-normal-filter-colliding	strict-safe-fresh	100,1,2,80,80,80	0,1,2,4,8,16	1	filter	colliding	normal	1101101
strict-safe-fresh-normal-filter-colliding-73	strict-safe-fresh-normal-filter-colliding	strict-safe-fresh	100,1,2,80,80,80	0,1,2,4,8,16	1	filter	colliding	normal	1101110
strict-safe-fresh-normal-filter-colliding-74	strict-safe-fresh-normal-filter-colliding	strict-safe-fresh	100,1,2,80,80,80	0,1,2,4,8,16	1	filter	colliding	normal	1101111
strict-safe-fresh-normal-filter-colliding-75	strict-safe-fresh-normal-filter-colliding	strict-safe-fresh	100,1,2,80,80,80	0,1,2,4,8,16	1	filter	colliding	normal	1110000
strict-safe-fresh-normal-filter-colliding-76	strict-safe-fresh-normal-filter-colliding	strict-safe-fresh	100,1,2,80,80,80	0,1,2,4,8,16	1	filter	colliding	normal	1110001
strict-safe-fresh-normal-filter-colliding-77	strict-safe-fresh-normal-filter-colliding	strict-safe-fresh	100,1,2,80,80,80	0,1,2,4,8,16	1	filter	colliding	normal	1110010
strict-safe-fresh-normal-filter-colliding-78	strict-safe-fresh-normal-filter-colliding	strict-safe-fresh	100,1,2,80,80,80	0,1,2,4,8,16	1	filter	colliding	normal	1110011
strict-safe-fresh-normal-filter-colliding-79	strict-safe-fresh-normal-filter-colliding	strict-safe-fresh	100,1,2,80,80,80	0,1,2,4,8,16	1	filter	colliding	normal	1110100
strict-safe-fresh-normal-filter-colliding-80	strict-safe-fresh-normal-filter-colliding	strict-safe-fresh	100,1,2,80,80,80	0,1,2,4,8,16	1	filter	colliding	normal	1110101
strict-safe-fresh-normal-filter-colliding-81	strict-safe-fresh-normal-filter-colliding	strict-safe-fresh	100,1,2,80,80,80	0,1,2,4,8,16	1	filter	colliding	normal	1110110
strict-safe-fresh-normal-filter-colliding-82	strict-safe-fresh-normal-filter-colliding	strict-safe-fresh	100,1,2,80,80,80	0,1,2,4,8,16	1	filter	colliding	normal	1110111
strict-safe-fresh-normal-filter-colliding-83	strict-safe-fresh-normal-filter-colliding	strict-safe-fresh	100,1,2,80,80,80	0,1,2,4,8,16	1	filter	colliding	normal	111100
strict-safe-fresh-normal-filter-colliding-84	strict-safe-fresh-normal-filter-colliding	strict-safe-fresh	100,1,2,80,80,80	0,1,2,4,8,16	1	filter	colliding	normal	111101
strict-safe-fresh-normal-filter-colliding-85	strict-safe-fresh-normal-filter-colliding	strict-safe-fresh	100,1,2,80,80,80	0,1,2,4,8,16	1	filter	colliding	normal	111110
strict-safe-fresh-normal-filter-colliding-86	strict-safe-fresh-normal-filter-colliding	strict-safe-fresh	100,1,2,80,80,80	0,1,2,4,8,16	1	filter	colliding	normal	1111110
strict-safe-fresh-normal-filter-colliding-87	strict-safe-fresh-normal-filter-colliding	strict-safe-fresh	100,1,2,80,80,80	0,1,2,4,8,16	1	filter	colliding	normal	1111111
strict-safe-fresh-normal-allfresh-distinct-0	strict-safe-fresh-normal-allfresh-distinct	strict-safe-fresh	100,1,2,80,80,80	0,1,2,4,8,16	1	allfresh	distinct	normal	-
strict-safe-fresh-normal-allfresh-colliding-0	strict-safe-fresh-normal-allfresh-colliding	strict-safe-fresh	100,1,2,80,80,80	0,1,2,4,8,16	1	allfresh	colliding	normal	-
strict-safe-fresh-normal-allcached-distinct-0	strict-safe-fresh-normal-allcached-distinct	strict-safe-fresh	100,1,2,80,80,80	0,1,2,4,8,16	1	allcached	distinct	normal	000000
strict-safe-fresh-normal-allcached-distinct-1	strict-safe-fresh-normal-allcached-distinct	strict-safe-fresh	100,1,2,80,80,80	0,1,2,4,8,16	1	allcached	distinct	normal	0000010
strict-safe-fresh-normal-allcached-distinct-2	strict-safe-fresh-normal-allcached-distinct	strict-safe-fresh	100,1,2,80,80,80	0,1,2,4,8,16	1	allcached	distinct	normal	0000011
strict-safe-fresh-normal-allcached-distinct-3	strict-safe-fresh-normal-allcached-distinct	strict-safe-fresh	100,1,2,80,80,80	0,1,2,4,8,16	1	allcached	distinct	normal	0000100
strict-safe-fresh-normal-allcached-distinct-4	strict-safe-fresh-normal-allcached-distinct	strict-safe-fresh	100,1,2,80,80,80	0,1,2,4,8,16	1	allcached	distinct	normal	0000101
strict-safe-fresh-normal-allcached-distinct-5	strict-safe-fresh-normal-allcached-distinct	strict-safe-fresh	100,1,2,80,80,80	0,1,2,4,8,16	1	allcached	distinct	normal	0000110
strict-safe-fresh-normal-allcached-distinct-6	strict-safe-fresh-normal-allcached-distinct	strict-safe-fresh	100,1,2,80,80,80	0,1,2,4,8,16	1	allcached	distinct	normal	0000111
strict-safe-fresh-normal-allcached-distinct-7	strict-safe-fresh-normal-allcached-distinct	strict-safe-fresh	100,1,2,80,80,80	0,1,2,4,8,16	1	allcached	distinct	normal	0001000
strict-safe-fresh-normal-allcached-distinct-8	strict-safe-fresh-normal-allcached-distinct	strict-safe-fresh	100,1,2,80,80,80	0,1,2,4,8,16	1	allcached	distinct	normal	0001001
strict-safe-fresh-normal-allcached-distinct-9	strict-safe-fresh-normal-allcached-distinct	strict-safe-fresh	100,1,2,80,80,80	0,1,2,4,8,16	1	allcached	distinct	normal	0001010
strict-safe-fresh-normal-allcached-distinct-10	strict-safe-fresh-normal-allcached-distinct	strict-safe-fresh	100,1,2,80,80,80	0,1,2,4,8,16	1	allcached	distinct	normal	0001011
strict-safe-fresh-normal-allcached-distinct-11	strict-safe-fresh-normal-allcached-distinct	strict-safe-fresh	100,1,2,80,80,80	0,1,2,4,8,16	1	allcached	distinct	normal	0001100
strict-safe-fresh-normal-allcached-distinct-12	strict-safe-fresh-normal-allcached-distinct	strict-safe-fresh	100,1,2,80,80,80	0,1,2,4,8,16	1	allcached	distinct	normal	0001101
strict-safe-fresh-normal-allcached-distinct-13	strict-safe-fresh-normal-allcached-distinct	strict-safe-fresh	100,1,2,80,80,80	0,1,2,4,8,16	1	allcached	distinct	normal	0001110
strict-safe-fresh-normal-allcached-distinct-14	strict-safe-fresh-normal-allcached-distinct	strict-safe-fresh	100,1,2,80,80,80	0,1,2,4,8,16	1	allcached	distinct	normal	0001111
strict-safe-fresh-normal-allcached-distinct-15	strict-safe-fresh-normal-allcached-distinct	strict-safe-fresh	100,1,2,80,80,80	0,1,2,4,8,16	1	allcached	distinct	normal	0010000
strict-safe-fresh-normal-allcached-distinct-16	strict-safe-fresh-normal-allcached-distinct	strict-safe-fresh	100,1,2,80,80,80	0,1,2,4,8,16	1	allcached	distinct	normal	0010001
strict-safe-fresh-normal-allcached-distinct-17	strict-safe-fresh-normal-allcached-distinct	strict-safe-fresh	100,1,2,80,80,80	0,1,2,4,8,16	1	allcached	distinct	normal	0010010
strict-safe-fresh-normal-allcached-distinct-18	strict-safe-fresh-normal-allcached-distinct	strict-safe-fresh	100,1,2,80,80,80	0,1,2,4,8,16	1	allcached	distinct	normal	0010011
strict-safe-fresh-normal-allcached-distinct-19	strict-safe-fresh-normal-allcached-distinct	strict-safe-fresh	100,1,2,80,80,80	0,1,2,4,8,16	1	allcached	distinct	normal	0010100
strict-safe-fresh-normal-allcached-distinct-20	strict-safe-fresh-normal-allcached-distinct	strict-safe-fresh	100,1,2,80,80,80	0,1,2,4,8,16	1	allcached	distinct	normal	0010101
strict-safe-fresh-normal-allcached-distinct-21	strict-safe-fresh-normal-allcached-distinct	strict-safe-fresh	100,1,2,80,80,80	0,1,2,4,8,16	1	allcached	distinct	normal	0010110
strict-safe-fresh-normal-allcached-distinct-22	strict-safe-fresh-normal-allcached-distinct	strict-safe-fresh	100,1,2,80,80,80	0,1,2,4,8,16	1	allcached	distinct	normal	0010111
strict-safe-fresh-normal-allcached-distinct-23	strict-safe-fresh-normal-allcached-distinct	strict-safe-fresh	100,1,2,80,80,80	0,1,2,4,8,16	1	allcached	distinct	normal	0011000
strict-safe-fresh-normal-allcached-distinct-24	strict-safe-fresh-normal-allcached-distinct	strict-safe-fresh	100,1,2,80,80,80	0,1,2,4,8,16	1	allcached	distinct	normal	0011001
strict-safe-fresh-normal-allcached-distinct-25	strict-safe-fresh-normal-allcached-distinct	strict-safe-fresh	100,1,2,80,80,80	0,1,2,4,8,16	1	allcached	distinct	normal	0011010
strict-safe-fresh-normal-allcached-distinct-26	strict-safe-fresh-normal-allcached-distinct	strict-safe-fresh	100,1,2,80,80,80	0,1,2,4,8,16	1	allcached	distinct	normal	0011011
strict-safe-fresh-normal-allcached-distinct-27	strict-safe-fresh-normal-allcached-distinct	strict-safe-fresh	100,1,2,80,80,80	0,1,2,4,8,16	1	allcached	distinct	normal	0011100
strict-safe-fresh-normal-allcached-distinct-28	strict-safe-fresh-normal-allcached-distinct	strict-safe-fresh	100,1,2,80,80,80	0,1,2,4,8,16	1	allcached	distinct	normal	0011101
strict-safe-fresh-normal-allcached-distinct-29	strict-safe-fresh-normal-allcached-distinct	strict-safe-fresh	100,1,2,80,80,80	0,1,2,4,8,16	1	allcached	distinct	normal	0011110
strict-safe-fresh-normal-allcached-distinct-30	strict-safe-fresh-normal-allcached-distinct	strict-safe-fresh	100,1,2,80,80,80	0,1,2,4,8,16	1	allcached	distinct	normal	0011111
strict-safe-fresh-normal-allcached-distinct-31	strict-safe-fresh-normal-allcached-distinct	strict-safe-fresh	100,1,2,80,80,80	0,1,2,4,8,16	1	allcached	distinct	normal	0100000
strict-safe-fresh-normal-allcached-distinct-32	strict-safe-fresh-normal-allcached-distinct	strict-safe-fresh	100,1,2,80,80,80	0,1,2,4,8,16	1	allcached	distinct	normal	0100001
strict-safe-fresh-normal-allcached-distinct-33	strict-safe-fresh-normal-allcached-distinct	strict-safe-fresh	100,1,2,80,80,80	0,1,2,4,8,16	1	allcached	distinct	normal	0100010
strict-safe-fresh-normal-allcached-distinct-34	strict-safe-fresh-normal-allcached-distinct	strict-safe-fresh	100,1,2,80,80,80	0,1,2,4,8,16	1	allcached	distinct	normal	0100011
strict-safe-fresh-normal-allcached-distinct-35	strict-safe-fresh-normal-allcached-distinct	strict-safe-fresh	100,1,2,80,80,80	0,1,2,4,8,16	1	allcached	distinct	normal	0100100
strict-safe-fresh-normal-allcached-distinct-36	strict-safe-fresh-normal-allcached-distinct	strict-safe-fresh	100,1,2,80,80,80	0,1,2,4,8,16	1	allcached	distinct	normal	0100101
strict-safe-fresh-normal-allcached-distinct-37	strict-safe-fresh-normal-allcached-distinct	strict-safe-fresh	100,1,2,80,80,80	0,1,2,4,8,16	1	allcached	distinct	normal	0100110
strict-safe-fresh-normal-allcached-distinct-38	strict-safe-fresh-normal-allcached-distinct	strict-safe-fresh	100,1,2,80,80,80	0,1,2,4,8,16	1	allcached	distinct	normal	0100111
strict-safe-fresh-normal-allcached-distinct-39	strict-safe-fresh-normal-allcached-distinct	strict-safe-fresh	100,1,2,80,80,80	0,1,2,4,8,16	1	allcached	distinct	normal	0101000
strict-safe-fresh-normal-allcached-distinct-40	strict-safe-fresh-normal-allcached-distinct	strict-safe-fresh	100,1,2,80,80,80	0,1,2,4,8,16	1	allcached	distinct	normal	0101001
strict-safe-fresh-normal-allcached-distinct-41	strict-safe-fresh-normal-allcached-distinct	strict-safe-fresh	100,1,2,80,80,80	0,1,2,4,8,16	1	allcached	distinct	normal	0101010
strict-safe-fresh-normal-allcached-distinct-42	strict-safe-fresh-normal-allcached-distinct	strict-safe-fresh	100,1,2,80,80,80	0,1,2,4,8,16	1	allcached	distinct	normal	0101011
strict-safe-fresh-normal-allcached-distinct-43	strict-safe-fresh-normal-allcached-distinct	strict-safe-fresh	100,1,2,80,80,80	0,1,2,4,8,16	1	allcached	distinct	normal	0101100
strict-safe-fresh-normal-allcached-distinct-44	strict-safe-fresh-normal-allcached-distinct	strict-safe-fresh	100,1,2,80,80,80	0,1,2,4,8,16	1	allcached	distinct	normal	0101101
strict-safe-fresh-normal-allcached-distinct-45	strict-safe-fresh-normal-allcached-distinct	strict-safe-fresh	100,1,2,80,80,80	0,1,2,4,8,16	1	allcached	distinct	normal	0101110
strict-safe-fresh-normal-allcached-distinct-46	strict-safe-fresh-normal-allcached-distinct	strict-safe-fresh	100,1,2,80,80,80	0,1,2,4,8,16	1	allcached	distinct	normal	0101111
strict-safe-fresh-normal-allcached-distinct-47	strict-safe-fresh-normal-allcached-distinct	strict-safe-fresh	100,1,2,80,80,80	0,1,2,4,8,16	1	allcached	distinct	normal	0110000
strict-safe-fresh-normal-allcached-distinct-48	strict-safe-fresh-normal-allcached-distinct	strict-safe-fresh	100,1,2,80,80,80	0,1,2,4,8,16	1	allcached	distinct	normal	0110001
strict-safe-fresh-normal-allcached-distinct-49	strict-safe-fresh-normal-allcached-distinct	strict-safe-fresh	100,1,2,80,80,80	0,1,2,4,8,16	1	allcached	distinct	normal	0110010
strict-safe-fresh-normal-allcached-distinct-50	strict-safe-fresh-normal-allcached-distinct	strict-safe-fresh	100,1,2,80,80,80	0,1,2,4,8,16	1	allcached	distinct	normal	0110011
strict-safe-fresh-normal-allcached-distinct-51	strict-safe-fresh-normal-allcached-distinct	strict-safe-fresh	100,1,2,80,80,80	0,1,2,4,8,16	1	allcached	distinct	normal	0110100
strict-safe-fresh-normal-allcached-distinct-52	strict-safe-fresh-normal-allcached-distinct	strict-safe-fresh	100,1,2,80,80,80	0,1,2,4,8,16	1	allcached	distinct	normal	0110101
strict-safe-fresh-normal-allcached-distinct-53	strict-safe-fresh-normal-allcached-distinct	strict-safe-fresh	100,1,2,80,80,80	0,1,2,4,8,16	1	allcached	distinct	normal	0110110
strict-safe-fresh-normal-allcached-distinct-54	strict-safe-fresh-normal-allcached-distinct	strict-safe-fresh	100,1,2,80,80,80	0,1,2,4,8,16	1	allcached	distinct	normal	0110111
strict-safe-fresh-normal-allcached-distinct-55	strict-safe-fresh-normal-allcached-distinct	strict-safe-fresh	100,1,2,80,80,80	0,1,2,4,8,16	1	allcached	distinct	normal	0111000
strict-safe-fresh-normal-allcached-distinct-56	strict-safe-fresh-normal-allcached-distinct	strict-safe-fresh	100,1,2,80,80,80	0,1,2,4,8,16	1	allcached	distinct	normal	0111001
strict-safe-fresh-normal-allcached-distinct-57	strict-safe-fresh-normal-allcached-distinct	strict-safe-fresh	100,1,2,80,80,80	0,1,2,4,8,16	1	allcached	distinct	normal	0111010
strict-safe-fresh-normal-allcached-distinct-58	strict-safe-fresh-normal-allcached-distinct	strict-safe-fresh	100,1,2,80,80,80	0,1,2,4,8,16	1	allcached	distinct	normal	0111011
strict-safe-fresh-normal-allcached-distinct-59	strict-safe-fresh-normal-allcached-distinct	strict-safe-fresh	100,1,2,80,80,80	0,1,2,4,8,16	1	allcached	distinct	normal	0111100
strict-safe-fresh-normal-allcached-distinct-60	strict-safe-fresh-normal-allcached-distinct	strict-safe-fresh	100,1,2,80,80,80	0,1,2,4,8,16	1	allcached	distinct	normal	0111101
strict-safe-fresh-normal-allcached-distinct-61	strict-safe-fresh-normal-allcached-distinct	strict-safe-fresh	100,1,2,80,80,80	0,1,2,4,8,16	1	allcached	distinct	normal	0111110
strict-safe-fresh-normal-allcached-distinct-62	strict-safe-fresh-normal-allcached-distinct	strict-safe-fresh	100,1,2,80,80,80	0,1,2,4,8,16	1	allcached	distinct	normal	0111111
strict-safe-fresh-normal-allcached-distinct-63	strict-safe-fresh-normal-allcached-distinct	strict-safe-fresh	100,1,2,80,80,80	0,1,2,4,8,16	1	allcached	distinct	normal	1000000
strict-safe-fresh-normal-allcached-distinct-64	strict-safe-fresh-normal-allcached-distinct	strict-safe-fresh	100,1,2,80,80,80	0,1,2,4,8,16	1	allcached	distinct	normal	1000001
strict-safe-fresh-normal-allcached-distinct-65	strict-safe-fresh-normal-allcached-distinct	strict-safe-fresh	100,1,2,80,80,80	0,1,2,4,8,16	1	allcached	distinct	normal	1000010
strict-safe-fresh-normal-allcached-distinct-66	strict-safe-fresh-normal-allcached-distinct	strict-safe-fresh	100,1,2,80,80,80	0,1,2,4,8,16	1	allcached	distinct	normal	1000011
strict-safe-fresh-normal-allcached-distinct-67	strict-safe-fresh-normal-allcached-distinct	strict-safe-fresh	100,1,2,80,80,80	0,1,2,4,8,16	1	allcached	distinct	normal	1000100
strict-safe-fresh-normal-allcached-distinct-68	strict-safe-fresh-normal-allcached-distinct	strict-safe-fresh	100,1,2,80,80,80	0,1,2,4,8,16	1	allcached	distinct	normal	1000101
strict-safe-fresh-normal-allcached-distinct-69	strict-safe-fresh-normal-allcached-distinct	strict-safe-fresh	100,1,2,80,80,80	0,1,2,4,8,16	1	allcached	distinct	normal	1000110
strict-safe-fresh-normal-allcached-distinct-70	strict-safe-fresh-normal-allcached-distinct	strict-safe-fresh	100,1,2,80,80,80	0,1,2,4,8,16	1	allcached	distinct	normal	1000111
strict-safe-fresh-normal-allcached-distinct-71	strict-safe-fresh-normal-allcached-distinct	strict-safe-fresh	100,1,2,80,80,80	0,1,2,4,8,16	1	allcached	distinct	normal	1001000
strict-safe-fresh-normal-allcached-distinct-72	strict-safe-fresh-normal-allcached-distinct	strict-safe-fresh	100,1,2,80,80,80	0,1,2,4,8,16	1	allcached	distinct	normal	1001001
strict-safe-fresh-normal-allcached-distinct-73	strict-safe-fresh-normal-allcached-distinct	strict-safe-fresh	100,1,2,80,80,80	0,1,2,4,8,16	1	allcached	distinct	normal	1001010
strict-safe-fresh-normal-allcached-distinct-74	strict-safe-fresh-normal-allcached-distinct	strict-safe-fresh	100,1,2,80,80,80	0,1,2,4,8,16	1	allcached	distinct	normal	1001011
strict-safe-fresh-normal-allcached-distinct-75	strict-safe-fresh-normal-allcached-distinct	strict-safe-fresh	100,1,2,80,80,80	0,1,2,4,8,16	1	allcached	distinct	normal	1001100
strict-safe-fresh-normal-allcached-distinct-76	strict-safe-fresh-normal-allcached-distinct	strict-safe-fresh	100,1,2,80,80,80	0,1,2,4,8,16	1	allcached	distinct	normal	1001101
strict-safe-fresh-normal-allcached-distinct-77	strict-safe-fresh-normal-allcached-distinct	strict-safe-fresh	100,1,2,80,80,80	0,1,2,4,8,16	1	allcached	distinct	normal	1001110
strict-safe-fresh-normal-allcached-distinct-78	strict-safe-fresh-normal-allcached-distinct	strict-safe-fresh	100,1,2,80,80,80	0,1,2,4,8,16	1	allcached	distinct	normal	1001111
strict-safe-fresh-normal-allcached-distinct-79	strict-safe-fresh-normal-allcached-distinct	strict-safe-fresh	100,1,2,80,80,80	0,1,2,4,8,16	1	allcached	distinct	normal	1010000
strict-safe-fresh-normal-allcached-distinct-80	strict-safe-fresh-normal-allcached-distinct	strict-safe-fresh	100,1,2,80,80,80	0,1,2,4,8,16	1	allcached	distinct	normal	1010001
strict-safe-fresh-normal-allcached-distinct-81	strict-safe-fresh-normal-allcached-distinct	strict-safe-fresh	100,1,2,80,80,80	0,1,2,4,8,16	1	allcached	distinct	normal	1010010
strict-safe-fresh-normal-allcached-distinct-82	strict-safe-fresh-normal-allcached-distinct	strict-safe-fresh	100,1,2,80,80,80	0,1,2,4,8,16	1	allcached	distinct	normal	1010011
strict-safe-fresh-normal-allcached-distinct-83	strict-safe-fresh-normal-allcached-distinct	strict-safe-fresh	100,1,2,80,80,80	0,1,2,4,8,16	1	allcached	distinct	normal	1010100
strict-safe-fresh-normal-allcached-distinct-84	strict-safe-fresh-normal-allcached-distinct	strict-safe-fresh	100,1,2,80,80,80	0,1,2,4,8,16	1	allcached	distinct	normal	1010101
strict-safe-fresh-normal-allcached-distinct-85	strict-safe-fresh-normal-allcached-distinct	strict-safe-fresh	100,1,2,80,80,80	0,1,2,4,8,16	1	allcached	distinct	normal	1010110
strict-safe-fresh-normal-allcached-distinct-86	strict-safe-fresh-normal-allcached-distinct	strict-safe-fresh	100,1,2,80,80,80	0,1,2,4,8,16	1	allcached	distinct	normal	1010111
strict-safe-fresh-normal-allcached-distinct-87	strict-safe-fresh-normal-allcached-distinct	strict-safe-fresh	100,1,2,80,80,80	0,1,2,4,8,16	1	allcached	distinct	normal	1011000
strict-safe-fresh-normal-allcached-distinct-88	strict-safe-fresh-normal-allcached-distinct	strict-safe-fresh	100,1,2,80,80,80	0,1,2,4,8,16	1	allcached	distinct	normal	1011001
strict-safe-fresh-normal-allcached-distinct-89	strict-safe-fresh-normal-allcached-distinct	strict-safe-fresh	100,1,2,80,80,80	0,1,2,4,8,16	1	allcached	distinct	normal	1011010
strict-safe-fresh-normal-allcached-distinct-90	strict-safe-fresh-normal-allcached-distinct	strict-safe-fresh	100,1,2,80,80,80	0,1,2,4,8,16	1	allcached	distinct	normal	1011011
strict-safe-fresh-normal-allcached-distinct-91	strict-safe-fresh-normal-allcached-distinct	strict-safe-fresh	100,1,2,80,80,80	0,1,2,4,8,16	1	allcached	distinct	normal	1011100
strict-safe-fresh-normal-allcached-distinct-92	strict-safe-fresh-normal-allcached-distinct	strict-safe-fresh	100,1,2,80,80,80	0,1,2,4,8,16	1	allcached	distinct	normal	1011101
strict-safe-fresh-normal-allcached-distinct-93	strict-safe-fresh-normal-allcached-distinct	strict-safe-fresh	100,1,2,80,80,80	0,1,2,4,8,16	1	allcached	distinct	normal	1011110
strict-safe-fresh-normal-allcached-distinct-94	strict-safe-fresh-normal-allcached-distinct	strict-safe-fresh	100,1,2,80,80,80	0,1,2,4,8,16	1	allcached	distinct	normal	1011111
strict-safe-fresh-normal-allcached-distinct-95	strict-safe-fresh-normal-allcached-distinct	strict-safe-fresh	100,1,2,80,80,80	0,1,2,4,8,16	1	allcached	distinct	normal	1100000
strict-safe-fresh-normal-allcached-distinct-96	strict-safe-fresh-normal-allcached-distinct	strict-safe-fresh	100,1,2,80,80,80	0,1,2,4,8,16	1	allcached	distinct	normal	1100001
strict-safe-fresh-normal-allcached-distinct-97	strict-safe-fresh-normal-allcached-distinct	strict-safe-fresh	100,1,2,80,80,80	0,1,2,4,8,16	1	allcached	distinct	normal	1100010
strict-safe-fresh-normal-allcached-distinct-98	strict-safe-fresh-normal-allcached-distinct	strict-safe-fresh	100,1,2,80,80,80	0,1,2,4,8,16	1	allcached	distinct	normal	1100011
strict-safe-fresh-normal-allcached-distinct-99	strict-safe-fresh-normal-allcached-distinct	strict-safe-fresh	100,1,2,80,80,80	0,1,2,4,8,16	1	allcached	distinct	normal	1100100
strict-safe-fresh-normal-allcached-distinct-100	strict-safe-fresh-normal-allcached-distinct	strict-safe-fresh	100,1,2,80,80,80	0,1,2,4,8,16	1	allcached	distinct	normal	1100101
strict-safe-fresh-normal-allcached-distinct-101	strict-safe-fresh-normal-allcached-distinct	strict-safe-fresh	100,1,2,80,80,80	0,1,2,4,8,16	1	allcached	distinct	normal	1100110
strict-safe-fresh-normal-allcached-distinct-102	strict-safe-fresh-normal-allcached-distinct	strict-safe-fresh	100,1,2,80,80,80	0,1,2,4,8,16	1	allcached	distinct	normal	1100111
strict-safe-fresh-normal-allcached-distinct-103	strict-safe-fresh-normal-allcached-distinct	strict-safe-fresh	100,1,2,80,80,80	0,1,2,4,8,16	1	allcached	distinct	normal	1101000
strict-safe-fresh-normal-allcached-distinct-104	strict-safe-fresh-normal-allcached-distinct	strict-safe-fresh	100,1,2,80,80,80	0,1,2,4,8,16	1	allcached	distinct	normal	1101001
strict-safe-fresh-normal-allcached-distinct-105	strict-safe-fresh-normal-allcached-distinct	strict-safe-fresh	100,1,2,80,80,80	0,1,2,4,8,16	1	allcached	distinct	normal	1101010
strict-safe-fresh-normal-allcached-distinct-106	strict-safe-fresh-normal-allcached-distinct	strict-safe-fresh	100,1,2,80,80,80	0,1,2,4,8,16	1	allcached	distinct	normal	1101011
strict-safe-fresh-normal-allcached-distinct-107	strict-safe-fresh-normal-allcached-distinct	strict-safe-fresh	100,1,2,80,80,80	0,1,2,4,8,16	1	allcached	distinct	normal	1101100
strict-safe-fresh-normal-allcached-distinct-108	strict-safe-fresh-normal-allcached-distinct	strict-safe-fresh	100,1,2,80,80,80	0,1,2,4,8,16	1	allcached	distinct	normal	1101101
strict-safe-fresh-normal-allcached-distinct-109	strict-safe-fresh-normal-allcached-distinct	strict-safe-fresh	100,1,2,80,80,80	0,1,2,4,8,16	1	allcached	distinct	normal	1101110
strict-safe-fresh-normal-allcached-distinct-110	strict-safe-fresh-normal-allcached-distinct	strict-safe-fresh	100,1,2,80,80,80	0,1,2,4,8,16	1	allcached	distinct	normal	1101111
strict-safe-fresh-normal-allcached-distinct-111	strict-safe-fresh-normal-allcached-distinct	strict-safe-fresh	100,1,2,80,80,80	0,1,2,4,8,16	1	allcached	distinct	normal	1110000
strict-safe-fresh-normal-allcached-distinct-112	strict-safe-fresh-normal-allcached-distinct	strict-safe-fresh	100,1,2,80,80,80	0,1,2,4,8,16	1	allcached	distinct	normal	1110001
strict-safe-fresh-normal-allcached-distinct-113	strict-safe-fresh-normal-allcached-distinct	strict-safe-fresh	100,1,2,80,80,80	0,1,2,4,8,16	1	allcached	distinct	normal	1110010
strict-safe-fresh-normal-allcached-distinct-114	strict-safe-fresh-normal-allcached-distinct	strict-safe-fresh	100,1,2,80,80,80	0,1,2,4,8,16	1	allcached	distinct	normal	1110011
strict-safe-fresh-normal-allcached-distinct-115	strict-safe-fresh-normal-allcached-distinct	strict-safe-fresh	100,1,2,80,80,80	0,1,2,4,8,16	1	allcached	distinct	normal	1110100
strict-safe-fresh-normal-allcached-distinct-116	strict-safe-fresh-normal-allcached-distinct	strict-safe-fresh	100,1,2,80,80,80	0,1,2,4,8,16	1	allcached	distinct	normal	1110101
strict-safe-fresh-normal-allcached-distinct-117	strict-safe-fresh-normal-allcached-distinct	strict-safe-fresh	100,1,2,80,80,80	0,1,2,4,8,16	1	allcached	distinct	normal	1110110
strict-safe-fresh-normal-allcached-distinct-118	strict-safe-fresh-normal-allcached-distinct	strict-safe-fresh	100,1,2,80,80,80	0,1,2,4,8,16	1	allcached	distinct	normal	1110111
strict-safe-fresh-normal-allcached-distinct-119	strict-safe-fresh-normal-allcached-distinct	strict-safe-fresh	100,1,2,80,80,80	0,1,2,4,8,16	1	allcached	distinct	normal	1111000
strict-safe-fresh-normal-allcached-distinct-120	strict-safe-fresh-normal-allcached-distinct	strict-safe-fresh	100,1,2,80,80,80	0,1,2,4,8,16	1	allcached	distinct	normal	1111001
strict-safe-fresh-normal-allcached-distinct-121	strict-safe-fresh-normal-allcached-distinct	strict-safe-fresh	100,1,2,80,80,80	0,1,2,4,8,16	1	allcached	distinct	normal	1111010
strict-safe-fresh-normal-allcached-distinct-122	strict-safe-fresh-normal-allcached-distinct	strict-safe-fresh	100,1,2,80,80,80	0,1,2,4,8,16	1	allcached	distinct	normal	1111011
strict-safe-fresh-normal-allcached-distinct-123	strict-safe-fresh-normal-allcached-distinct	strict-safe-fresh	100,1,2,80,80,80	0,1,2,4,8,16	1	allcached	distinct	normal	1111100
strict-safe-fresh-normal-allcached-distinct-124	strict-safe-fresh-normal-allcached-distinct	strict-safe-fresh	100,1,2,80,80,80	0,1,2,4,8,16	1	allcached	distinct	normal	1111101
strict-safe-fresh-normal-allcached-distinct-125	strict-safe-fresh-normal-allcached-distinct	strict-safe-fresh	100,1,2,80,80,80	0,1,2,4,8,16	1	allcached	distinct	normal	1111110
strict-safe-fresh-normal-allcached-distinct-126	strict-safe-fresh-normal-allcached-distinct	strict-safe-fresh	100,1,2,80,80,80	0,1,2,4,8,16	1	allcached	distinct	normal	1111111
strict-safe-fresh-normal-allcached-colliding-0	strict-safe-fresh-normal-allcached-colliding	strict-safe-fresh	100,1,2,80,80,80	0,1,2,4,8,16	1	allcached	colliding	normal	000000
strict-safe-fresh-normal-allcached-colliding-1	strict-safe-fresh-normal-allcached-colliding	strict-safe-fresh	100,1,2,80,80,80	0,1,2,4,8,16	1	allcached	colliding	normal	0000010
strict-safe-fresh-normal-allcached-colliding-2	strict-safe-fresh-normal-allcached-colliding	strict-safe-fresh	100,1,2,80,80,80	0,1,2,4,8,16	1	allcached	colliding	normal	0000011
strict-safe-fresh-normal-allcached-colliding-3	strict-safe-fresh-normal-allcached-colliding	strict-safe-fresh	100,1,2,80,80,80	0,1,2,4,8,16	1	allcached	colliding	normal	0000100
strict-safe-fresh-normal-allcached-colliding-4	strict-safe-fresh-normal-allcached-colliding	strict-safe-fresh	100,1,2,80,80,80	0,1,2,4,8,16	1	allcached	colliding	normal	0000101
strict-safe-fresh-normal-allcached-colliding-5	strict-safe-fresh-normal-allcached-colliding	strict-safe-fresh	100,1,2,80,80,80	0,1,2,4,8,16	1	allcached	colliding	normal	0000110
strict-safe-fresh-normal-allcached-colliding-6	strict-safe-fresh-normal-allcached-colliding	strict-safe-fresh	100,1,2,80,80,80	0,1,2,4,8,16	1	allcached	colliding	normal	0000111
strict-safe-fresh-normal-allcached-colliding-7	strict-safe-fresh-normal-allcached-colliding	strict-safe-fresh	100,1,2,80,80,80	0,1,2,4,8,16	1	allcached	colliding	normal	0001000
strict-safe-fresh-normal-allcached-colliding-8	strict-safe-fresh-normal-allcached-colliding	strict-safe-fresh	100,1,2,80,80,80	0,1,2,4,8,16	1	allcached	colliding	normal	0001001
strict-safe-fresh-normal-allcached-colliding-9	strict-safe-fresh-normal-allcached-colliding	strict-safe-fresh	100,1,2,80,80,80	0,1,2,4,8,16	1	allcached	colliding	normal	0001010
strict-safe-fresh-normal-allcached-colliding-10	strict-safe-fresh-normal-allcached-colliding	strict-safe-fresh	100,1,2,80,80,80	0,1,2,4,8,16	1	allcached	colliding	normal	0001011
strict-safe-fresh-normal-allcached-colliding-11	strict-safe-fresh-normal-allcached-colliding	strict-safe-fresh	100,1,2,80,80,80	0,1,2,4,8,16	1	allcached	colliding	normal	0001100
strict-safe-fresh-normal-allcached-colliding-12	strict-safe-fresh-normal-allcached-colliding	strict-safe-fresh	100,1,2,80,80,80	0,1,2,4,8,16	1	allcached	colliding	normal	0001101
strict-safe-fresh-normal-allcached-colliding-13	strict-safe-fresh-normal-allcached-colliding	strict-safe-fresh	100,1,2,80,80,80	0,1,2,4,8,16	1	allcached	colliding	normal	0001110
strict-safe-fresh-normal-allcached-colliding-14	strict-safe-fresh-normal-allcached-colliding	strict-safe-fresh	100,1,2,80,80,80	0,1,2,4,8,16	1	allcached	colliding	normal	0001111
strict-safe-fresh-normal-allcached-colliding-15	strict-safe-fresh-normal-allcached-colliding	strict-safe-fresh	100,1,2,80,80,80	0,1,2,4,8,16	1	allcached	colliding	normal	0010000
strict-safe-fresh-normal-allcached-colliding-16	strict-safe-fresh-normal-allcached-colliding	strict-safe-fresh	100,1,2,80,80,80	0,1,2,4,8,16	1	allcached	colliding	normal	0010001
strict-safe-fresh-normal-allcached-colliding-17	strict-safe-fresh-normal-allcached-colliding	strict-safe-fresh	100,1,2,80,80,80	0,1,2,4,8,16	1	allcached	colliding	normal	0010010
strict-safe-fresh-normal-allcached-colliding-18	strict-safe-fresh-normal-allcached-colliding	strict-safe-fresh	100,1,2,80,80,80	0,1,2,4,8,16	1	allcached	colliding	normal	0010011
strict-safe-fresh-normal-allcached-colliding-19	strict-safe-fresh-normal-allcached-colliding	strict-safe-fresh	100,1,2,80,80,80	0,1,2,4,8,16	1	allcached	colliding	normal	0010100
strict-safe-fresh-normal-allcached-colliding-20	strict-safe-fresh-normal-allcached-colliding	strict-safe-fresh	100,1,2,80,80,80	0,1,2,4,8,16	1	allcached	colliding	normal	0010101
strict-safe-fresh-normal-allcached-colliding-21	strict-safe-fresh-normal-allcached-colliding	strict-safe-fresh	100,1,2,80,80,80	0,1,2,4,8,16	1	allcached	colliding	normal	0010110
strict-safe-fresh-normal-allcached-colliding-22	strict-safe-fresh-normal-allcached-colliding	strict-safe-fresh	100,1,2,80,80,80	0,1,2,4,8,16	1	allcached	colliding	normal	0010111
strict-safe-fresh-normal-allcached-colliding-23	strict-safe-fresh-normal-allcached-colliding	strict-safe-fresh	100,1,2,80,80,80	0,1,2,4,8,16	1	allcached	colliding	normal	0011000
strict-safe-fresh-normal-allcached-colliding-24	strict-safe-fresh-normal-allcached-colliding	strict-safe-fresh	100,1,2,80,80,80	0,1,2,4,8,16	1	allcached	colliding	normal	0011001
strict-safe-fresh-normal-allcached-colliding-25	strict-safe-fresh-normal-allcached-colliding	strict-safe-fresh	100,1,2,80,80,80	0,1,2,4,8,16	1	allcached	colliding	normal	0011010
strict-safe-fresh-normal-allcached-colliding-26	strict-safe-fresh-normal-allcached-colliding	strict-safe-fresh	100,1,2,80,80,80	0,1,2,4,8,16	1	allcached	colliding	normal	0011011
strict-safe-fresh-normal-allcached-colliding-27	strict-safe-fresh-normal-allcached-colliding	strict-safe-fresh	100,1,2,80,80,80	0,1,2,4,8,16	1	allcached	colliding	normal	0011100
strict-safe-fresh-normal-allcached-colliding-28	strict-safe-fresh-normal-allcached-colliding	strict-safe-fresh	100,1,2,80,80,80	0,1,2,4,8,16	1	allcached	colliding	normal	0011101
strict-safe-fresh-normal-allcached-colliding-29	strict-safe-fresh-normal-allcached-colliding	strict-safe-fresh	100,1,2,80,80,80	0,1,2,4,8,16	1	allcached	colliding	normal	0011110
strict-safe-fresh-normal-allcached-colliding-30	strict-safe-fresh-normal-allcached-colliding	strict-safe-fresh	100,1,2,80,80,80	0,1,2,4,8,16	1	allcached	colliding	normal	0011111
strict-safe-fresh-normal-allcached-colliding-31	strict-safe-fresh-normal-allcached-colliding	strict-safe-fresh	100,1,2,80,80,80	0,1,2,4,8,16	1	allcached	colliding	normal	0100000
strict-safe-fresh-normal-allcached-colliding-32	strict-safe-fresh-normal-allcached-colliding	strict-safe-fresh	100,1,2,80,80,80	0,1,2,4,8,16	1	allcached	colliding	normal	0100001
strict-safe-fresh-normal-allcached-colliding-33	strict-safe-fresh-normal-allcached-colliding	strict-safe-fresh	100,1,2,80,80,80	0,1,2,4,8,16	1	allcached	colliding	normal	0100010
strict-safe-fresh-normal-allcached-colliding-34	strict-safe-fresh-normal-allcached-colliding	strict-safe-fresh	100,1,2,80,80,80	0,1,2,4,8,16	1	allcached	colliding	normal	0100011
strict-safe-fresh-normal-allcached-colliding-35	strict-safe-fresh-normal-allcached-colliding	strict-safe-fresh	100,1,2,80,80,80	0,1,2,4,8,16	1	allcached	colliding	normal	0100100
strict-safe-fresh-normal-allcached-colliding-36	strict-safe-fresh-normal-allcached-colliding	strict-safe-fresh	100,1,2,80,80,80	0,1,2,4,8,16	1	allcached	colliding	normal	0100101
strict-safe-fresh-normal-allcached-colliding-37	strict-safe-fresh-normal-allcached-colliding	strict-safe-fresh	100,1,2,80,80,80	0,1,2,4,8,16	1	allcached	colliding	normal	0100110
strict-safe-fresh-normal-allcached-colliding-38	strict-safe-fresh-normal-allcached-colliding	strict-safe-fresh	100,1,2,80,80,80	0,1,2,4,8,16	1	allcached	colliding	normal	0100111
strict-safe-fresh-normal-allcached-colliding-39	strict-safe-fresh-normal-allcached-colliding	strict-safe-fresh	100,1,2,80,80,80	0,1,2,4,8,16	1	allcached	colliding	normal	0101000
strict-safe-fresh-normal-allcached-colliding-40	strict-safe-fresh-normal-allcached-colliding	strict-safe-fresh	100,1,2,80,80,80	0,1,2,4,8,16	1	allcached	colliding	normal	0101001
strict-safe-fresh-normal-allcached-colliding-41	strict-safe-fresh-normal-allcached-colliding	strict-safe-fresh	100,1,2,80,80,80	0,1,2,4,8,16	1	allcached	colliding	normal	0101010
strict-safe-fresh-normal-allcached-colliding-42	strict-safe-fresh-normal-allcached-colliding	strict-safe-fresh	100,1,2,80,80,80	0,1,2,4,8,16	1	allcached	colliding	normal	0101011
strict-safe-fresh-normal-allcached-colliding-43	strict-safe-fresh-normal-allcached-colliding	strict-safe-fresh	100,1,2,80,80,80	0,1,2,4,8,16	1	allcached	colliding	normal	0101100
strict-safe-fresh-normal-allcached-colliding-44	strict-safe-fresh-normal-allcached-colliding	strict-safe-fresh	100,1,2,80,80,80	0,1,2,4,8,16	1	allcached	colliding	normal	0101101
strict-safe-fresh-normal-allcached-colliding-45	strict-safe-fresh-normal-allcached-colliding	strict-safe-fresh	100,1,2,80,80,80	0,1,2,4,8,16	1	allcached	colliding	normal	0101110
strict-safe-fresh-normal-allcached-colliding-46	strict-safe-fresh-normal-allcached-colliding	strict-safe-fresh	100,1,2,80,80,80	0,1,2,4,8,16	1	allcached	colliding	normal	0101111
strict-safe-fresh-normal-allcached-colliding-47	strict-safe-fresh-normal-allcached-colliding	strict-safe-fresh	100,1,2,80,80,80	0,1,2,4,8,16	1	allcached	colliding	normal	0110000
strict-safe-fresh-normal-allcached-colliding-48	strict-safe-fresh-normal-allcached-colliding	strict-safe-fresh	100,1,2,80,80,80	0,1,2,4,8,16	1	allcached	colliding	normal	0110001
strict-safe-fresh-normal-allcached-colliding-49	strict-safe-fresh-normal-allcached-colliding	strict-safe-fresh	100,1,2,80,80,80	0,1,2,4,8,16	1	allcached	colliding	normal	0110010
strict-safe-fresh-normal-allcached-colliding-50	strict-safe-fresh-normal-allcached-colliding	strict-safe-fresh	100,1,2,80,80,80	0,1,2,4,8,16	1	allcached	colliding	normal	0110011
strict-safe-fresh-normal-allcached-colliding-51	strict-safe-fresh-normal-allcached-colliding	strict-safe-fresh	100,1,2,80,80,80	0,1,2,4,8,16	1	allcached	colliding	normal	0110100
strict-safe-fresh-normal-allcached-colliding-52	strict-safe-fresh-normal-allcached-colliding	strict-safe-fresh	100,1,2,80,80,80	0,1,2,4,8,16	1	allcached	colliding	normal	0110101
strict-safe-fresh-normal-allcached-colliding-53	strict-safe-fresh-normal-allcached-colliding	strict-safe-fresh	100,1,2,80,80,80	0,1,2,4,8,16	1	allcached	colliding	normal	0110110
strict-safe-fresh-normal-allcached-colliding-54	strict-safe-fresh-normal-allcached-colliding	strict-safe-fresh	100,1,2,80,80,80	0,1,2,4,8,16	1	allcached	colliding	normal	0110111
strict-safe-fresh-normal-allcached-colliding-55	strict-safe-fresh-normal-allcached-colliding	strict-safe-fresh	100,1,2,80,80,80	0,1,2,4,8,16	1	allcached	colliding	normal	0111000
strict-safe-fresh-normal-allcached-colliding-56	strict-safe-fresh-normal-allcached-colliding	strict-safe-fresh	100,1,2,80,80,80	0,1,2,4,8,16	1	allcached	colliding	normal	0111001
strict-safe-fresh-normal-allcached-colliding-57	strict-safe-fresh-normal-allcached-colliding	strict-safe-fresh	100,1,2,80,80,80	0,1,2,4,8,16	1	allcached	colliding	normal	0111010
strict-safe-fresh-normal-allcached-colliding-58	strict-safe-fresh-normal-allcached-colliding	strict-safe-fresh	100,1,2,80,80,80	0,1,2,4,8,16	1	allcached	colliding	normal	0111011
strict-safe-fresh-normal-allcached-colliding-59	strict-safe-fresh-normal-allcached-colliding	strict-safe-fresh	100,1,2,80,80,80	0,1,2,4,8,16	1	allcached	colliding	normal	0111100
strict-safe-fresh-normal-allcached-colliding-60	strict-safe-fresh-normal-allcached-colliding	strict-safe-fresh	100,1,2,80,80,80	0,1,2,4,8,16	1	allcached	colliding	normal	0111101
strict-safe-fresh-normal-allcached-colliding-61	strict-safe-fresh-normal-allcached-colliding	strict-safe-fresh	100,1,2,80,80,80	0,1,2,4,8,16	1	allcached	colliding	normal	0111110
strict-safe-fresh-normal-allcached-colliding-62	strict-safe-fresh-normal-allcached-colliding	strict-safe-fresh	100,1,2,80,80,80	0,1,2,4,8,16	1	allcached	colliding	normal	0111111
strict-safe-fresh-normal-allcached-colliding-63	strict-safe-fresh-normal-allcached-colliding	strict-safe-fresh	100,1,2,80,80,80	0,1,2,4,8,16	1	allcached	colliding	normal	1000000
strict-safe-fresh-normal-allcached-colliding-64	strict-safe-fresh-normal-allcached-colliding	strict-safe-fresh	100,1,2,80,80,80	0,1,2,4,8,16	1	allcached	colliding	normal	1000001
strict-safe-fresh-normal-allcached-colliding-65	strict-safe-fresh-normal-allcached-colliding	strict-safe-fresh	100,1,2,80,80,80	0,1,2,4,8,16	1	allcached	colliding	normal	1000010
strict-safe-fresh-normal-allcached-colliding-66	strict-safe-fresh-normal-allcached-colliding	strict-safe-fresh	100,1,2,80,80,80	0,1,2,4,8,16	1	allcached	colliding	normal	1000011
strict-safe-fresh-normal-allcached-colliding-67	strict-safe-fresh-normal-allcached-colliding	strict-safe-fresh	100,1,2,80,80,80	0,1,2,4,8,16	1	allcached	colliding	normal	1000100
strict-safe-fresh-normal-allcached-colliding-68	strict-safe-fresh-normal-allcached-colliding	strict-safe-fresh	100,1,2,80,80,80	0,1,2,4,8,16	1	allcached	colliding	normal	1000101
strict-safe-fresh-normal-allcached-colliding-69	strict-safe-fresh-normal-allcached-colliding	strict-safe-fresh	100,1,2,80,80,80	0,1,2,4,8,16	1	allcached	colliding	normal	1000110
strict-safe-fresh-normal-allcached-colliding-70	strict-safe-fresh-normal-allcached-colliding	strict-safe-fresh	100,1,2,80,80,80	0,1,2,4,8,16	1	allcached	colliding	normal	1000111
strict-safe-fresh-normal-allcached-colliding-71	strict-safe-fresh-normal-allcached-colliding	strict-safe-fresh	100,1,2,80,80,80	0,1,2,4,8,16	1	allcached	colliding	normal	1001000
strict-safe-fresh-normal-allcached-colliding-72	strict-safe-fresh-normal-allcached-colliding	strict-safe-fresh	100,1,2,80,80,80	0,1,2,4,8,16	1	allcached	colliding	normal	1001001
strict-safe-fresh-normal-allcached-colliding-73	strict-safe-fresh-normal-allcached-colliding	strict-safe-fresh	100,1,2,80,80,80	0,1,2,4,8,16	1	allcached	colliding	normal	1001010
strict-safe-fresh-normal-allcached-colliding-74	strict-safe-fresh-normal-allcached-colliding	strict-safe-fresh	100,1,2,80,80,80	0,1,2,4,8,16	1	allcached	colliding	normal	1001011
strict-safe-fresh-normal-allcached-colliding-75	strict-safe-fresh-normal-allcached-colliding	strict-safe-fresh	100,1,2,80,80,80	0,1,2,4,8,16	1	allcached	colliding	normal	1001100
strict-safe-fresh-normal-allcached-colliding-76	strict-safe-fresh-normal-allcached-colliding	strict-safe-fresh	100,1,2,80,80,80	0,1,2,4,8,16	1	allcached	colliding	normal	1001101
strict-safe-fresh-normal-allcached-colliding-77	strict-safe-fresh-normal-allcached-colliding	strict-safe-fresh	100,1,2,80,80,80	0,1,2,4,8,16	1	allcached	colliding	normal	1001110
strict-safe-fresh-normal-allcached-colliding-78	strict-safe-fresh-normal-allcached-colliding	strict-safe-fresh	100,1,2,80,80,80	0,1,2,4,8,16	1	allcached	colliding	normal	1001111
strict-safe-fresh-normal-allcached-colliding-79	strict-safe-fresh-normal-allcached-colliding	strict-safe-fresh	100,1,2,80,80,80	0,1,2,4,8,16	1	allcached	colliding	normal	1010000
strict-safe-fresh-normal-allcached-colliding-80	strict-safe-fresh-normal-allcached-colliding	strict-safe-fresh	100,1,2,80,80,80	0,1,2,4,8,16	1	allcached	colliding	normal	1010001
strict-safe-fresh-normal-allcached-colliding-81	strict-safe-fresh-normal-allcached-colliding	strict-safe-fresh	100,1,2,80,80,80	0,1,2,4,8,16	1	allcached	colliding	normal	1010010
strict-safe-fresh-normal-allcached-colliding-82	strict-safe-fresh-normal-allcached-colliding	strict-safe-fresh	100,1,2,80,80,80	0,1,2,4,8,16	1	allcached	colliding	normal	1010011
strict-safe-fresh-normal-allcached-colliding-83	strict-safe-fresh-normal-allcached-colliding	strict-safe-fresh	100,1,2,80,80,80	0,1,2,4,8,16	1	allcached	colliding	normal	1010100
strict-safe-fresh-normal-allcached-colliding-84	strict-safe-fresh-normal-allcached-colliding	strict-safe-fresh	100,1,2,80,80,80	0,1,2,4,8,16	1	allcached	colliding	normal	1010101
strict-safe-fresh-normal-allcached-colliding-85	strict-safe-fresh-normal-allcached-colliding	strict-safe-fresh	100,1,2,80,80,80	0,1,2,4,8,16	1	allcached	colliding	normal	1010110
strict-safe-fresh-normal-allcached-colliding-86	strict-safe-fresh-normal-allcached-colliding	strict-safe-fresh	100,1,2,80,80,80	0,1,2,4,8,16	1	allcached	colliding	normal	1010111
strict-safe-fresh-normal-allcached-colliding-87	strict-safe-fresh-normal-allcached-colliding	strict-safe-fresh	100,1,2,80,80,80	0,1,2,4,8,16	1	allcached	colliding	normal	1011000
strict-safe-fresh-normal-allcached-colliding-88	strict-safe-fresh-normal-allcached-colliding	strict-safe-fresh	100,1,2,80,80,80	0,1,2,4,8,16	1	allcached	colliding	normal	1011001
strict-safe-fresh-normal-allcached-colliding-89	strict-safe-fresh-normal-allcached-colliding	strict-safe-fresh	100,1,2,80,80,80	0,1,2,4,8,16	1	allcached	colliding	normal	1011010
strict-safe-fresh-normal-allcached-colliding-90	strict-safe-fresh-normal-allcached-colliding	strict-safe-fresh	100,1,2,80,80,80	0,1,2,4,8,16	1	allcached	colliding	normal	1011011
strict-safe-fresh-normal-allcached-colliding-91	strict-safe-fresh-normal-allcached-colliding	strict-safe-fresh	100,1,2,80,80,80	0,1,2,4,8,16	1	allcached	colliding	normal	1011100
strict-safe-fresh-normal-allcached-colliding-92	strict-safe-fresh-normal-allcached-colliding	strict-safe-fresh	100,1,2,80,80,80	0,1,2,4,8,16	1	allcached	colliding	normal	1011101
strict-safe-fresh-normal-allcached-colliding-93	strict-safe-fresh-normal-allcached-colliding	strict-safe-fresh	100,1,2,80,80,80	0,1,2,4,8,16	1	allcached	colliding	normal	1011110
strict-safe-fresh-normal-allcached-colliding-94	strict-safe-fresh-normal-allcached-colliding	strict-safe-fresh	100,1,2,80,80,80	0,1,2,4,8,16	1	allcached	colliding	normal	1011111
strict-safe-fresh-normal-allcached-colliding-95	strict-safe-fresh-normal-allcached-colliding	strict-safe-fresh	100,1,2,80,80,80	0,1,2,4,8,16	1	allcached	colliding	normal	1100000
strict-safe-fresh-normal-allcached-colliding-96	strict-safe-fresh-normal-allcached-colliding	strict-safe-fresh	100,1,2,80,80,80	0,1,2,4,8,16	1	allcached	colliding	normal	1100001
strict-safe-fresh-normal-allcached-colliding-97	strict-safe-fresh-normal-allcached-colliding	strict-safe-fresh	100,1,2,80,80,80	0,1,2,4,8,16	1	allcached	colliding	normal	1100010
strict-safe-fresh-normal-allcached-colliding-98	strict-safe-fresh-normal-allcached-colliding	strict-safe-fresh	100,1,2,80,80,80	0,1,2,4,8,16	1	allcached	colliding	normal	1100011
strict-safe-fresh-normal-allcached-colliding-99	strict-safe-fresh-normal-allcached-colliding	strict-safe-fresh	100,1,2,80,80,80	0,1,2,4,8,16	1	allcached	colliding	normal	1100100
strict-safe-fresh-normal-allcached-colliding-100	strict-safe-fresh-normal-allcached-colliding	strict-safe-fresh	100,1,2,80,80,80	0,1,2,4,8,16	1	allcached	colliding	normal	1100101
strict-safe-fresh-normal-allcached-colliding-101	strict-safe-fresh-normal-allcached-colliding	strict-safe-fresh	100,1,2,80,80,80	0,1,2,4,8,16	1	allcached	colliding	normal	1100110
strict-safe-fresh-normal-allcached-colliding-102	strict-safe-fresh-normal-allcached-colliding	strict-safe-fresh	100,1,2,80,80,80	0,1,2,4,8,16	1	allcached	colliding	normal	1100111
strict-safe-fresh-normal-allcached-colliding-103	strict-safe-fresh-normal-allcached-colliding	strict-safe-fresh	100,1,2,80,80,80	0,1,2,4,8,16	1	allcached	colliding	normal	1101000
strict-safe-fresh-normal-allcached-colliding-104	strict-safe-fresh-normal-allcached-colliding	strict-safe-fresh	100,1,2,80,80,80	0,1,2,4,8,16	1	allcached	colliding	normal	1101001
strict-safe-fresh-normal-allcached-colliding-105	strict-safe-fresh-normal-allcached-colliding	strict-safe-fresh	100,1,2,80,80,80	0,1,2,4,8,16	1	allcached	colliding	normal	1101010
strict-safe-fresh-normal-allcached-colliding-106	strict-safe-fresh-normal-allcached-colliding	strict-safe-fresh	100,1,2,80,80,80	0,1,2,4,8,16	1	allcached	colliding	normal	1101011
strict-safe-fresh-normal-allcached-colliding-107	strict-safe-fresh-normal-allcached-colliding	strict-safe-fresh	100,1,2,80,80,80	0,1,2,4,8,16	1	allcached	colliding	normal	1101100
strict-safe-fresh-normal-allcached-colliding-108	strict-safe-fresh-normal-allcached-colliding	strict-safe-fresh	100,1,2,80,80,80	0,1,2,4,8,16	1	allcached	colliding	normal	1101101
strict-safe-fresh-normal-allcached-colliding-109	strict-safe-fresh-normal-allcached-colliding	strict-safe-fresh	100,1,2,80,80,80	0,1,2,4,8,16	1	allcached	colliding	normal	1101110
strict-safe-fresh-normal-allcached-colliding-110	strict-safe-fresh-normal-allcached-colliding	strict-safe-fresh	100,1,2,80,80,80	0,1,2,4,8,16	1	allcached	colliding	normal	1101111
strict-safe-fresh-normal-allcached-colliding-111	strict-safe-fresh-normal-allcached-colliding	strict-safe-fresh	100,1,2,80,80,80	0,1,2,4,8,16	1	allcached	colliding	normal	1110000
strict-safe-fresh-normal-allcached-colliding-112	strict-safe-fresh-normal-allcached-colliding	strict-safe-fresh	100,1,2,80,80,80	0,1,2,4,8,16	1	allcached	colliding	normal	1110001
strict-safe-fresh-normal-allcached-colliding-113	strict-safe-fresh-normal-allcached-colliding	strict-safe-fresh	100,1,2,80,80,80	0,1,2,4,8,16	1	allcached	colliding	normal	1110010
strict-safe-fresh-normal-allcached-colliding-114	strict-safe-fresh-normal-allcached-colliding	strict-safe-fresh	100,1,2,80,80,80	0,1,2,4,8,16	1	allcached	colliding	normal	1110011
strict-safe-fresh-normal-allcached-colliding-115	strict-safe-fresh-normal-allcached-colliding	strict-safe-fresh	100,1,2,80,80,80	0,1,2,4,8,16	1	allcached	colliding	normal	1110100
strict-safe-fresh-normal-allcached-colliding-116	strict-safe-fresh-normal-allcached-colliding	strict-safe-fresh	100,1,2,80,80,80	0,1,2,4,8,16	1	allcached	colliding	normal	1110101
strict-safe-fresh-normal-allcached-colliding-117	strict-safe-fresh-normal-allcached-colliding	strict-safe-fresh	100,1,2,80,80,80	0,1,2,4,8,16	1	allcached	colliding	normal	1110110
strict-safe-fresh-normal-allcached-colliding-118	strict-safe-fresh-normal-allcached-colliding	strict-safe-fresh	100,1,2,80,80,80	0,1,2,4,8,16	1	allcached	colliding	normal	1110111
strict-safe-fresh-normal-allcached-colliding-119	strict-safe-fresh-normal-allcached-colliding	strict-safe-fresh	100,1,2,80,80,80	0,1,2,4,8,16	1	allcached	colliding	normal	1111000
strict-safe-fresh-normal-allcached-colliding-120	strict-safe-fresh-normal-allcached-colliding	strict-safe-fresh	100,1,2,80,80,80	0,1,2,4,8,16	1	allcached	colliding	normal	1111001
strict-safe-fresh-normal-allcached-colliding-121	strict-safe-fresh-normal-allcached-colliding	strict-safe-fresh	100,1,2,80,80,80	0,1,2,4,8,16	1	allcached	colliding	normal	1111010
strict-safe-fresh-normal-allcached-colliding-122	strict-safe-fresh-normal-allcached-colliding	strict-safe-fresh	100,1,2,80,80,80	0,1,2,4,8,16	1	allcached	colliding	normal	1111011
strict-safe-fresh-normal-allcached-colliding-123	strict-safe-fresh-normal-allcached-colliding	strict-safe-fresh	100,1,2,80,80,80	0,1,2,4,8,16	1	allcached	colliding	normal	1111100
strict-safe-fresh-normal-allcached-colliding-124	strict-safe-fresh-normal-allcached-colliding	strict-safe-fresh	100,1,2,80,80,80	0,1,2,4,8,16	1	allcached	colliding	normal	1111101
strict-safe-fresh-normal-allcached-colliding-125	strict-safe-fresh-normal-allcached-colliding	strict-safe-fresh	100,1,2,80,80,80	0,1,2,4,8,16	1	allcached	colliding	normal	1111110
strict-safe-fresh-normal-allcached-colliding-126	strict-safe-fresh-normal-allcached-colliding	strict-safe-fresh	100,1,2,80,80,80	0,1,2,4,8,16	1	allcached	colliding	normal	1111111
diamond-postwrite-filter-distinct-0	diamond-postwrite-filter-distinct	diamond	5,1,2,4	0,1,1,6	1	filter	distinct	postwrite	0000
diamond-postwrite-filter-distinct-1	diamond-postwrite-filter-distinct	diamond	5,1,2,4	0,1,1,6	1	filter	distinct	postwrite	00010
diamond-postwrite-filter-distinct-2	diamond-postwrite-filter-distinct	diamond	5,1,2,4	0,1,1,6	1	filter	distinct	postwrite	00011
diamond-postwrite-filter-distinct-3	diamond-postwrite-filter-distinct	diamond	5,1,2,4	0,1,1,6	1	filter	distinct	postwrite	00100
diamond-postwrite-filter-distinct-4	diamond-postwrite-filter-distinct	diamond	5,1,2,4	0,1,1,6	1	filter	distinct	postwrite	00101
diamond-postwrite-filter-distinct-5	diamond-postwrite-filter-distinct	diamond	5,1,2,4	0,1,1,6	1	filter	distinct	postwrite	00110
diamond-postwrite-filter-distinct-6	diamond-postwrite-filter-distinct	diamond	5,1,2,4	0,1,1,6	1	filter	distinct	postwrite	00111
diamond-postwrite-filter-distinct-7	diamond-postwrite-filter-distinct	diamond	5,1,2,4	0,1,1,6	1	filter	distinct	postwrite	01000
diamond-postwrite-filter-distinct-8	diamond-postwrite-filter-distinct	diamond	5,1,2,4	0,1,1,6	1	filter	distinct	postwrite	01001
diamond-postwrite-filter-distinct-9	diamond-postwrite-filter-distinct	diamond	5,1,2,4	0,1,1,6	1	filter	distinct	postwrite	01010
diamond-postwrite-filter-distinct-10	diamond-postwrite-filter-distinct	diamond	5,1,2,4	0,1,1,6	1	filter	distinct	postwrite	01011
diamond-postwrite-filter-distinct-11	diamond-postwrite-filter-distinct	diamond	5,1,2,4	0,1,1,6	1	filter	distinct	postwrite	0110
diamond-postwrite-filter-distinct-12	diamond-postwrite-filter-distinct	diamond	5,1,2,4	0,1,1,6	1	filter	distinct	postwrite	0111
diamond-postwrite-filter-distinct-13	diamond-postwrite-filter-distinct	diamond	5,1,2,4	0,1,1,6	1	filter	distinct	postwrite	10000
diamond-postwrite-filter-distinct-14	diamond-postwrite-filter-distinct	diamond	5,1,2,4	0,1,1,6	1	filter	distinct	postwrite	10001
diamond-postwrite-filter-distinct-15	diamond-postwrite-filter-distinct	diamond	5,1,2,4	0,1,1,6	1	filter	distinct	postwrite	10010
diamond-postwrite-filter-distinct-16	diamond-postwrite-filter-distinct	diamond	5,1,2,4	0,1,1,6	1	filter	distinct	postwrite	10011
diamond-postwrite-filter-distinct-17	diamond-postwrite-filter-distinct	diamond	5,1,2,4	0,1,1,6	1	filter	distinct	postwrite	1010
diamond-postwrite-filter-distinct-18	diamond-postwrite-filter-distinct	diamond	5,1,2,4	0,1,1,6	1	filter	distinct	postwrite	1011
diamond-postwrite-filter-distinct-19	diamond-postwrite-filter-distinct	diamond	5,1,2,4	0,1,1,6	1	filter	distinct	postwrite	11000
diamond-postwrite-filter-distinct-20	diamond-postwrite-filter-distinct	diamond	5,1,2,4	0,1,1,6	1	filter	distinct	postwrite	11001
diamond-postwrite-filter-distinct-21	diamond-postwrite-filter-distinct	diamond	5,1,2,4	0,1,1,6	1	filter	distinct	postwrite	11010
diamond-postwrite-filter-distinct-22	diamond-postwrite-filter-distinct	diamond	5,1,2,4	0,1,1,6	1	filter	distinct	postwrite	11011
diamond-postwrite-filter-distinct-23	diamond-postwrite-filter-distinct	diamond	5,1,2,4	0,1,1,6	1	filter	distinct	postwrite	11100
diamond-postwrite-filter-distinct-24	diamond-postwrite-filter-distinct	diamond	5,1,2,4	0,1,1,6	1	filter	distinct	postwrite	11101
diamond-postwrite-filter-distinct-25	diamond-postwrite-filter-distinct	diamond	5,1,2,4	0,1,1,6	1	filter	distinct	postwrite	11110
diamond-postwrite-filter-distinct-26	diamond-postwrite-filter-distinct	diamond	5,1,2,4	0,1,1,6	1	filter	distinct	postwrite	11111
diamond-postwrite-filter-colliding-0	diamond-postwrite-filter-colliding	diamond	5,1,2,4	0,1,1,6	1	filter	colliding	postwrite	0000
diamond-postwrite-filter-colliding-1	diamond-postwrite-filter-colliding	diamond	5,1,2,4	0,1,1,6	1	filter	colliding	postwrite	00010
diamond-postwrite-filter-colliding-2	diamond-postwrite-filter-colliding	diamond	5,1,2,4	0,1,1,6	1	filter	colliding	postwrite	00011
diamond-postwrite-filter-colliding-3	diamond-postwrite-filter-colliding	diamond	5,1,2,4	0,1,1,6	1	filter	colliding	postwrite	00100
diamond-postwrite-filter-colliding-4	diamond-postwrite-filter-colliding	diamond	5,1,2,4	0,1,1,6	1	filter	colliding	postwrite	00101
diamond-postwrite-filter-colliding-5	diamond-postwrite-filter-colliding	diamond	5,1,2,4	0,1,1,6	1	filter	colliding	postwrite	00110
diamond-postwrite-filter-colliding-6	diamond-postwrite-filter-colliding	diamond	5,1,2,4	0,1,1,6	1	filter	colliding	postwrite	00111
diamond-postwrite-filter-colliding-7	diamond-postwrite-filter-colliding	diamond	5,1,2,4	0,1,1,6	1	filter	colliding	postwrite	01000
diamond-postwrite-filter-colliding-8	diamond-postwrite-filter-colliding	diamond	5,1,2,4	0,1,1,6	1	filter	colliding	postwrite	01001
diamond-postwrite-filter-colliding-9	diamond-postwrite-filter-colliding	diamond	5,1,2,4	0,1,1,6	1	filter	colliding	postwrite	01010
diamond-postwrite-filter-colliding-10	diamond-postwrite-filter-colliding	diamond	5,1,2,4	0,1,1,6	1	filter	colliding	postwrite	01011
diamond-postwrite-filter-colliding-11	diamond-postwrite-filter-colliding	diamond	5,1,2,4	0,1,1,6	1	filter	colliding	postwrite	0110
diamond-postwrite-filter-colliding-12	diamond-postwrite-filter-colliding	diamond	5,1,2,4	0,1,1,6	1	filter	colliding	postwrite	0111
diamond-postwrite-filter-colliding-13	diamond-postwrite-filter-colliding	diamond	5,1,2,4	0,1,1,6	1	filter	colliding	postwrite	10000
diamond-postwrite-filter-colliding-14	diamond-postwrite-filter-colliding	diamond	5,1,2,4	0,1,1,6	1	filter	colliding	postwrite	10001
diamond-postwrite-filter-colliding-15	diamond-postwrite-filter-colliding	diamond	5,1,2,4	0,1,1,6	1	filter	colliding	postwrite	10010
diamond-postwrite-filter-colliding-16	diamond-postwrite-filter-colliding	diamond	5,1,2,4	0,1,1,6	1	filter	colliding	postwrite	10011
diamond-postwrite-filter-colliding-17	diamond-postwrite-filter-colliding	diamond	5,1,2,4	0,1,1,6	1	filter	colliding	postwrite	1010
diamond-postwrite-filter-colliding-18	diamond-postwrite-filter-colliding	diamond	5,1,2,4	0,1,1,6	1	filter	colliding	postwrite	1011
diamond-postwrite-filter-colliding-19	diamond-postwrite-filter-colliding	diamond	5,1,2,4	0,1,1,6	1	filter	colliding	postwrite	11000
diamond-postwrite-filter-colliding-20	diamond-postwrite-filter-colliding	diamond	5,1,2,4	0,1,1,6	1	filter	colliding	postwrite	11001
diamond-postwrite-filter-colliding-21	diamond-postwrite-filter-colliding	diamond	5,1,2,4	0,1,1,6	1	filter	colliding	postwrite	11010
diamond-postwrite-filter-colliding-22	diamond-postwrite-filter-colliding	diamond	5,1,2,4	0,1,1,6	1	filter	colliding	postwrite	11011
diamond-postwrite-filter-colliding-23	diamond-postwrite-filter-colliding	diamond	5,1,2,4	0,1,1,6	1	filter	colliding	postwrite	11100
diamond-postwrite-filter-colliding-24	diamond-postwrite-filter-colliding	diamond	5,1,2,4	0,1,1,6	1	filter	colliding	postwrite	11101
diamond-postwrite-filter-colliding-25	diamond-postwrite-filter-colliding	diamond	5,1,2,4	0,1,1,6	1	filter	colliding	postwrite	11110
diamond-postwrite-filter-colliding-26	diamond-postwrite-filter-colliding	diamond	5,1,2,4	0,1,1,6	1	filter	colliding	postwrite	11111
diamond-postwrite-allfresh-distinct-0	diamond-postwrite-allfresh-distinct	diamond	5,1,2,4	0,1,1,6	1	allfresh	distinct	postwrite	-
diamond-postwrite-allfresh-colliding-0	diamond-postwrite-allfresh-colliding	diamond	5,1,2,4	0,1,1,6	1	allfresh	colliding	postwrite	-
diamond-postwrite-allcached-distinct-0	diamond-postwrite-allcached-distinct	diamond	5,1,2,4	0,1,1,6	1	allcached	distinct	postwrite	0000
diamond-postwrite-allcached-distinct-1	diamond-postwrite-allcached-distinct	diamond	5,1,2,4	0,1,1,6	1	allcached	distinct	postwrite	00010
diamond-postwrite-allcached-distinct-2	diamond-postwrite-allcached-distinct	diamond	5,1,2,4	0,1,1,6	1	allcached	distinct	postwrite	00011
diamond-postwrite-allcached-distinct-3	diamond-postwrite-allcached-distinct	diamond	5,1,2,4	0,1,1,6	1	allcached	distinct	postwrite	00100
diamond-postwrite-allcached-distinct-4	diamond-postwrite-allcached-distinct	diamond	5,1,2,4	0,1,1,6	1	allcached	distinct	postwrite	00101
diamond-postwrite-allcached-distinct-5	diamond-postwrite-allcached-distinct	diamond	5,1,2,4	0,1,1,6	1	allcached	distinct	postwrite	00110
diamond-postwrite-allcached-distinct-6	diamond-postwrite-allcached-distinct	diamond	5,1,2,4	0,1,1,6	1	allcached	distinct	postwrite	00111
diamond-postwrite-allcached-distinct-7	diamond-postwrite-allcached-distinct	diamond	5,1,2,4	0,1,1,6	1	allcached	distinct	postwrite	01000
diamond-postwrite-allcached-distinct-8	diamond-postwrite-allcached-distinct	diamond	5,1,2,4	0,1,1,6	1	allcached	distinct	postwrite	01001
diamond-postwrite-allcached-distinct-9	diamond-postwrite-allcached-distinct	diamond	5,1,2,4	0,1,1,6	1	allcached	distinct	postwrite	01010
diamond-postwrite-allcached-distinct-10	diamond-postwrite-allcached-distinct	diamond	5,1,2,4	0,1,1,6	1	allcached	distinct	postwrite	01011
diamond-postwrite-allcached-distinct-11	diamond-postwrite-allcached-distinct	diamond	5,1,2,4	0,1,1,6	1	allcached	distinct	postwrite	01100
diamond-postwrite-allcached-distinct-12	diamond-postwrite-allcached-distinct	diamond	5,1,2,4	0,1,1,6	1	allcached	distinct	postwrite	01101
diamond-postwrite-allcached-distinct-13	diamond-postwrite-allcached-distinct	diamond	5,1,2,4	0,1,1,6	1	allcached	distinct	postwrite	01110
diamond-postwrite-allcached-distinct-14	diamond-postwrite-allcached-distinct	diamond	5,1,2,4	0,1,1,6	1	allcached	distinct	postwrite	01111
diamond-postwrite-allcached-distinct-15	diamond-postwrite-allcached-distinct	diamond	5,1,2,4	0,1,1,6	1	allcached	distinct	postwrite	10000
diamond-postwrite-allcached-distinct-16	diamond-postwrite-allcached-distinct	diamond	5,1,2,4	0,1,1,6	1	allcached	distinct	postwrite	10001
diamond-postwrite-allcached-distinct-17	diamond-postwrite-allcached-distinct	diamond	5,1,2,4	0,1,1,6	1	allcached	distinct	postwrite	10010
diamond-postwrite-allcached-distinct-18	diamond-postwrite-allcached-distinct	diamond	5,1,2,4	0,1,1,6	1	allcached	distinct	postwrite	10011
diamond-postwrite-allcached-distinct-19	diamond-postwrite-allcached-distinct	diamond	5,1,2,4	0,1,1,6	1	allcached	distinct	postwrite	10100
diamond-postwrite-allcached-distinct-20	diamond-postwrite-allcached-distinct	diamond	5,1,2,4	0,1,1,6	1	allcached	distinct	postwrite	10101
diamond-postwrite-allcached-distinct-21	diamond-postwrite-allcached-distinct	diamond	5,1,2,4	0,1,1,6	1	allcached	distinct	postwrite	10110
diamond-postwrite-allcached-distinct-22	diamond-postwrite-allcached-distinct	diamond	5,1,2,4	0,1,1,6	1	allcached	distinct	postwrite	10111
diamond-postwrite-allcached-distinct-23	diamond-postwrite-allcached-distinct	diamond	5,1,2,4	0,1,1,6	1	allcached	distinct	postwrite	11000
diamond-postwrite-allcached-distinct-24	diamond-postwrite-allcached-distinct	diamond	5,1,2,4	0,1,1,6	1	allcached	distinct	postwrite	11001
diamond-postwrite-allcached-distinct-25	diamond-postwrite-allcached-distinct	diamond	5,1,2,4	0,1,1,6	1	allcached	distinct	postwrite	11010
diamond-postwrite-allcached-distinct-26	diamond-postwrite-allcached-distinct	diamond	5,1,2,4	0,1,1,6	1	allcached	distinct	postwrite	11011
diamond-postwrite-allcached-distinct-27	diamond-postwrite-allcached-distinct	diamond	5,1,2,4	0,1,1,6	1	allcached	distinct	postwrite	11100
diamond-postwrite-allcached-distinct-28	diamond-postwrite-allcached-distinct	diamond	5,1,2,4	0,1,1,6	1	allcached	distinct	postwrite	11101
diamond-postwrite-allcached-distinct-29	diamond-postwrite-allcached-distinct	diamond	5,1,2,4	0,1,1,6	1	allcached	distinct	postwrite	11110
diamond-postwrite-allcached-distinct-30	diamond-postwrite-allcached-distinct	diamond	5,1,2,4	0,1,1,6	1	allcached	distinct	postwrite	11111
diamond-postwrite-allcached-colliding-0	diamond-postwrite-allcached-colliding	diamond	5,1,2,4	0,1,1,6	1	allcached	colliding	postwrite	0000
diamond-postwrite-allcached-colliding-1	diamond-postwrite-allcached-colliding	diamond	5,1,2,4	0,1,1,6	1	allcached	colliding	postwrite	00010
diamond-postwrite-allcached-colliding-2	diamond-postwrite-allcached-colliding	diamond	5,1,2,4	0,1,1,6	1	allcached	colliding	postwrite	00011
diamond-postwrite-allcached-colliding-3	diamond-postwrite-allcached-colliding	diamond	5,1,2,4	0,1,1,6	1	allcached	colliding	postwrite	00100
diamond-postwrite-allcached-colliding-4	diamond-postwrite-allcached-colliding	diamond	5,1,2,4	0,1,1,6	1	allcached	colliding	postwrite	00101
diamond-postwrite-allcached-colliding-5	diamond-postwrite-allcached-colliding	diamond	5,1,2,4	0,1,1,6	1	allcached	colliding	postwrite	00110
diamond-postwrite-allcached-colliding-6	diamond-postwrite-allcached-colliding	diamond	5,1,2,4	0,1,1,6	1	allcached	colliding	postwrite	00111
diamond-postwrite-allcached-colliding-7	diamond-postwrite-allcached-colliding	diamond	5,1,2,4	0,1,1,6	1	allcached	colliding	postwrite	01000
diamond-postwrite-allcached-colliding-8	diamond-postwrite-allcached-colliding	diamond	5,1,2,4	0,1,1,6	1	allcached	colliding	postwrite	01001
diamond-postwrite-allcached-colliding-9	diamond-postwrite-allcached-colliding	diamond	5,1,2,4	0,1,1,6	1	allcached	colliding	postwrite	01010
diamond-postwrite-allcached-colliding-10	diamond-postwrite-allcached-colliding	diamond	5,1,2,4	0,1,1,6	1	allcached	colliding	postwrite	01011
diamond-postwrite-allcached-colliding-11	diamond-postwrite-allcached-colliding	diamond	5,1,2,4	0,1,1,6	1	allcached	colliding	postwrite	01100
diamond-postwrite-allcached-colliding-12	diamond-postwrite-allcached-colliding	diamond	5,1,2,4	0,1,1,6	1	allcached	colliding	postwrite	01101
diamond-postwrite-allcached-colliding-13	diamond-postwrite-allcached-colliding	diamond	5,1,2,4	0,1,1,6	1	allcached	colliding	postwrite	01110
diamond-postwrite-allcached-colliding-14	diamond-postwrite-allcached-colliding	diamond	5,1,2,4	0,1,1,6	1	allcached	colliding	postwrite	01111
diamond-postwrite-allcached-colliding-15	diamond-postwrite-allcached-colliding	diamond	5,1,2,4	0,1,1,6	1	allcached	colliding	postwrite	10000
diamond-postwrite-allcached-colliding-16	diamond-postwrite-allcached-colliding	diamond	5,1,2,4	0,1,1,6	1	allcached	colliding	postwrite	10001
diamond-postwrite-allcached-colliding-17	diamond-postwrite-allcached-colliding	diamond	5,1,2,4	0,1,1,6	1	allcached	colliding	postwrite	10010
diamond-postwrite-allcached-colliding-18	diamond-postwrite-allcached-colliding	diamond	5,1,2,4	0,1,1,6	1	allcached	colliding	postwrite	10011
diamond-postwrite-allcached-colliding-19	diamond-postwrite-allcached-colliding	diamond	5,1,2,4	0,1,1,6	1	allcached	colliding	postwrite	10100
diamond-postwrite-allcached-colliding-20	diamond-postwrite-allcached-colliding	diamond	5,1,2,4	0,1,1,6	1	allcached	colliding	postwrite	10101
diamond-postwrite-allcached-colliding-21	diamond-postwrite-allcached-colliding	diamond	5,1,2,4	0,1,1,6	1	allcached	colliding	postwrite	10110
diamond-postwrite-allcached-colliding-22	diamond-postwrite-allcached-colliding	diamond	5,1,2,4	0,1,1,6	1	allcached	colliding	postwrite	10111
diamond-postwrite-allcached-colliding-23	diamond-postwrite-allcached-colliding	diamond	5,1,2,4	0,1,1,6	1	allcached	colliding	postwrite	11000
diamond-postwrite-allcached-colliding-24	diamond-postwrite-allcached-colliding	diamond	5,1,2,4	0,1,1,6	1	allcached	colliding	postwrite	11001
diamond-postwrite-allcached-colliding-25	diamond-postwrite-allcached-colliding	diamond	5,1,2,4	0,1,1,6	1	allcached	colliding	postwrite	11010
diamond-postwrite-allcached-colliding-26	diamond-postwrite-allcached-colliding	diamond	5,1,2,4	0,1,1,6	1	allcached	colliding	postwrite	11011
diamond-postwrite-allcached-colliding-27	diamond-postwrite-allcached-colliding	diamond	5,1,2,4	0,1,1,6	1	allcached	colliding	postwrite	11100
diamond-postwrite-allcached-colliding-28	diamond-postwrite-allcached-colliding	diamond	5,1,2,4	0,1,1,6	1	allcached	colliding	postwrite	11101
diamond-postwrite-allcached-colliding-29	diamond-postwrite-allcached-colliding	diamond	5,1,2,4	0,1,1,6	1	allcached	colliding	postwrite	11110
diamond-postwrite-allcached-colliding-30	diamond-postwrite-allcached-colliding	diamond	5,1,2,4	0,1,1,6	1	allcached	colliding	postwrite	11111
diamond-doublewrite-filter-distinct-0	diamond-doublewrite-filter-distinct	diamond	5,1,2,4	0,1,1,6	1	filter	distinct	doublewrite	0000
diamond-doublewrite-filter-distinct-1	diamond-doublewrite-filter-distinct	diamond	5,1,2,4	0,1,1,6	1	filter	distinct	doublewrite	00010
diamond-doublewrite-filter-distinct-2	diamond-doublewrite-filter-distinct	diamond	5,1,2,4	0,1,1,6	1	filter	distinct	doublewrite	00011
diamond-doublewrite-filter-distinct-3	diamond-doublewrite-filter-distinct	diamond	5,1,2,4	0,1,1,6	1	filter	distinct	doublewrite	00100
diamond-doublewrite-filter-distinct-4	diamond-doublewrite-filter-distinct	diamond	5,1,2,4	0,1,1,6	1	filter	distinct	doublewrite	00101
diamond-doublewrite-filter-distinct-5	diamond-doublewrite-filter-distinct	diamond	5,1,2,4	0,1,1,6	1	filter	distinct	doublewrite	00110
diamond-doublewrite-filter-distinct-6	diamond-doublewrite-filter-distinct	diamond	5,1,2,4	0,1,1,6	1	filter	distinct	doublewrite	00111
diamond-doublewrite-filter-distinct-7	diamond-doublewrite-filter-distinct	diamond	5,1,2,4	0,1,1,6	1	filter	distinct	doublewrite	01000
diamond-doublewrite-filter-distinct-8	diamond-doublewrite-filter-distinct	diamond	5,1,2,4	0,1,1,6	1	filter	distinct	doublewrite	01001
diamond-doublewrite-filter-distinct-9	diamond-doublewrite-filter-distinct	diamond	5,1,2,4	0,1,1,6	1	filter	distinct	doublewrite	01010
diamond-doublewrite-filter-distinct-10	diamond-doublewrite-filter-distinct	diamond	5,1,2,4	0,1,1,6	1	filter	distinct	doublewrite	01011
diamond-doublewrite-filter-distinct-11	diamond-doublewrite-filter-distinct	diamond	5,1,2,4	0,1,1,6	1	filter	distinct	doublewrite	0110
diamond-doublewrite-filter-distinct-12	diamond-doublewrite-filter-distinct	diamond	5,1,2,4	0,1,1,6	1	filter	distinct	doublewrite	0111
diamond-doublewrite-filter-distinct-13	diamond-doublewrite-filter-distinct	diamond	5,1,2,4	0,1,1,6	1	filter	distinct	doublewrite	10000
diamond-doublewrite-filter-distinct-14	diamond-doublewrite-filter-distinct	diamond	5,1,2,4	0,1,1,6	1	filter	distinct	doublewrite	10001
diamond-doublewrite-filter-distinct-15	diamond-doublewrite-filter-distinct	diamond	5,1,2,4	0,1,1,6	1	filter	distinct	doublewrite	10010
diamond-doublewrite-filter-distinct-16	diamond-doublewrite-filter-distinct	diamond	5,1,2,4	0,1,1,6	1	filter	distinct	doublewrite	10011
diamond-doublewrite-filter-distinct-17	diamond-doublewrite-filter-distinct	diamond	5,1,2,4	0,1,1,6	1	filter	distinct	doublewrite	1010
diamond-doublewrite-filter-distinct-18	diamond-doublewrite-filter-distinct	diamond	5,1,2,4	0,1,1,6	1	filter	distinct	doublewrite	1011
diamond-doublewrite-filter-distinct-19	diamond-doublewrite-filter-distinct	diamond	5,1,2,4	0,1,1,6	1	filter	distinct	doublewrite	11000
diamond-doublewrite-filter-distinct-20	diamond-doublewrite-filter-distinct	diamond	5,1,2,4	0,1,1,6	1	filter	distinct	doublewrite	11001
diamond-doublewrite-filter-distinct-21	diamond-doublewrite-filter-distinct	diamond	5,1,2,4	0,1,1,6	1	filter	distinct	doublewrite	11010
diamond-doublewrite-filter-distinct-22	diamond-doublewrite-filter-distinct	diamond	5,1,2,4	0,1,1,6	1	filter	distinct	doublewrite	11011
diamond-doublewrite-filter-distinct-23	diamond-doublewrite-filter-distinct	diamond	5,1,2,4	0,1,1,6	1	filter	distinct	doublewrite	11100
diamond-doublewrite-filter-distinct-24	diamond-doublewrite-filter-distinct	diamond	5,1,2,4	0,1,1,6	1	filter	distinct	doublewrite	11101
diamond-doublewrite-filter-distinct-25	diamond-doublewrite-filter-distinct	diamond	5,1,2,4	0,1,1,6	1	filter	distinct	doublewrite	11110
diamond-doublewrite-filter-distinct-26	diamond-doublewrite-filter-distinct	diamond	5,1,2,4	0,1,1,6	1	filter	distinct	doublewrite	11111
diamond-doublewrite-filter-colliding-0	diamond-doublewrite-filter-colliding	diamond	5,1,2,4	0,1,1,6	1	filter	colliding	doublewrite	0000
diamond-doublewrite-filter-colliding-1	diamond-doublewrite-filter-colliding	diamond	5,1,2,4	0,1,1,6	1	filter	colliding	doublewrite	00010
diamond-doublewrite-filter-colliding-2	diamond-doublewrite-filter-colliding	diamond	5,1,2,4	0,1,1,6	1	filter	colliding	doublewrite	00011
diamond-doublewrite-filter-colliding-3	diamond-doublewrite-filter-colliding	diamond	5,1,2,4	0,1,1,6	1	filter	colliding	doublewrite	00100
diamond-doublewrite-filter-colliding-4	diamond-doublewrite-filter-colliding	diamond	5,1,2,4	0,1,1,6	1	filter	colliding	doublewrite	00101
diamond-doublewrite-filter-colliding-5	diamond-doublewrite-filter-colliding	diamond	5,1,2,4	0,1,1,6	1	filter	colliding	doublewrite	00110
diamond-doublewrite-filter-colliding-6	diamond-doublewrite-filter-colliding	diamond	5,1,2,4	0,1,1,6	1	filter	colliding	doublewrite	00111
diamond-doublewrite-filter-colliding-7	diamond-doublewrite-filter-colliding	diamond	5,1,2,4	0,1,1,6	1	filter	colliding	doublewrite	01000
diamond-doublewrite-filter-colliding-8	diamond-doublewrite-filter-colliding	diamond	5,1,2,4	0,1,1,6	1	filter	colliding	doublewrite	01001
diamond-doublewrite-filter-colliding-9	diamond-doublewrite-filter-colliding	diamond	5,1,2,4	0,1,1,6	1	filter	colliding	doublewrite	01010
diamond-doublewrite-filter-colliding-10	diamond-doublewrite-filter-colliding	diamond	5,1,2,4	0,1,1,6	1	filter	colliding	doublewrite	01011
diamond-doublewrite-filter-colliding-11	diamond-doublewrite-filter-colliding	diamond	5,1,2,4	0,1,1,6	1	filter	colliding	doublewrite	0110
diamond-doublewrite-filter-colliding-12	diamond-doublewrite-filter-colliding	diamond	5,1,2,4	0,1,1,6	1	filter	colliding	doublewrite	0111
diamond-doublewrite-filter-colliding-13	diamond-doublewrite-filter-colliding	diamond	5,1,2,4	0,1,1,6	1	filter	colliding	doublewrite	10000
diamond-doublewrite-filter-colliding-14	diamond-doublewrite-filter-colliding	diamond	5,1,2,4	0,1,1,6	1	filter	colliding	doublewrite	10001
diamond-doublewrite-filter-colliding-15	diamond-doublewrite-filter-colliding	diamond	5,1,2,4	0,1,1,6	1	filter	colliding	doublewrite	10010
diamond-doublewrite-filter-colliding-16	diamond-doublewrite-filter-colliding	diamond	5,1,2,4	0,1,1,6	1	filter	colliding	doublewrite	10011
diamond-doublewrite-filter-colliding-17	diamond-doublewrite-filter-colliding	diamond	5,1,2,4	0,1,1,6	1	filter	colliding	doublewrite	1010
diamond-doublewrite-filter-colliding-18	diamond-doublewrite-filter-colliding	diamond	5,1,2,4	0,1,1,6	1	filter	colliding	doublewrite	1011
diamond-doublewrite-filter-colliding-19	diamond-doublewrite-filter-colliding	diamond	5,1,2,4	0,1,1,6	1	filter	colliding	doublewrite	11000
diamond-doublewrite-filter-colliding-20	diamond-doublewrite-filter-colliding	diamond	5,1,2,4	0,1,1,6	1	filter	colliding	doublewrite	11001
diamond-doublewrite-filter-colliding-21	diamond-doublewrite-filter-colliding	diamond	5,1,2,4	0,1,1,6	1	filter	colliding	doublewrite	11010
diamond-doublewrite-filter-colliding-22	diamond-doublewrite-filter-colliding	diamond	5,1,2,4	0,1,1,6	1	filter	colliding	doublewrite	11011
diamond-doublewrite-filter-colliding-23	diamond-doublewrite-filter-colliding	diamond	5,1,2,4	0,1,1,6	1	filter	colliding	doublewrite	11100
diamond-doublewrite-filter-colliding-24	diamond-doublewrite-filter-colliding	diamond	5,1,2,4	0,1,1,6	1	filter	colliding	doublewrite	11101
diamond-doublewrite-filter-colliding-25	diamond-doublewrite-filter-colliding	diamond	5,1,2,4	0,1,1,6	1	filter	colliding	doublewrite	11110
diamond-doublewrite-filter-colliding-26	diamond-doublewrite-filter-colliding	diamond	5,1,2,4	0,1,1,6	1	filter	colliding	doublewrite	11111
diamond-doublewrite-allfresh-distinct-0	diamond-doublewrite-allfresh-distinct	diamond	5,1,2,4	0,1,1,6	1	allfresh	distinct	doublewrite	-
diamond-doublewrite-allfresh-colliding-0	diamond-doublewrite-allfresh-colliding	diamond	5,1,2,4	0,1,1,6	1	allfresh	colliding	doublewrite	-
diamond-doublewrite-allcached-distinct-0	diamond-doublewrite-allcached-distinct	diamond	5,1,2,4	0,1,1,6	1	allcached	distinct	doublewrite	0000
diamond-doublewrite-allcached-distinct-1	diamond-doublewrite-allcached-distinct	diamond	5,1,2,4	0,1,1,6	1	allcached	distinct	doublewrite	00010
diamond-doublewrite-allcached-distinct-2	diamond-doublewrite-allcached-distinct	diamond	5,1,2,4	0,1,1,6	1	allcached	distinct	doublewrite	00011
diamond-doublewrite-allcached-distinct-3	diamond-doublewrite-allcached-distinct	diamond	5,1,2,4	0,1,1,6	1	allcached	distinct	doublewrite	00100
diamond-doublewrite-allcached-distinct-4	diamond-doublewrite-allcached-distinct	diamond	5,1,2,4	0,1,1,6	1	allcached	distinct	doublewrite	00101
diamond-doublewrite-allcached-distinct-5	diamond-doublewrite-allcached-distinct	diamond	5,1,2,4	0,1,1,6	1	allcached	distinct	doublewrite	00110
diamond-doublewrite-allcached-distinct-6	diamond-doublewrite-allcached-distinct	diamond	5,1,2,4	0,1,1,6	1	allcached	distinct	doublewrite	00111
diamond-doublewrite-allcached-distinct-7	diamond-doublewrite-allcached-distinct	diamond	5,1,2,4	0,1,1,6	1	allcached	distinct	doublewrite	01000
diamond-doublewrite-allcached-distinct-8	diamond-doublewrite-allcached-distinct	diamond	5,1,2,4	0,1,1,6	1	allcached	distinct	doublewrite	01001
diamond-doublewrite-allcached-distinct-9	diamond-doublewrite-allcached-distinct	diamond	5,1,2,4	0,1,1,6	1	allcached	distinct	doublewrite	01010
diamond-doublewrite-allcached-distinct-10	diamond-doublewrite-allcached-distinct	diamond	5,1,2,4	0,1,1,6	1	allcached	distinct	doublewrite	01011
diamond-doublewrite-allcached-distinct-11	diamond-doublewrite-allcached-distinct	diamond	5,1,2,4	0,1,1,6	1	allcached	distinct	doublewrite	01100
diamond-doublewrite-allcached-distinct-12	diamond-doublewrite-allcached-distinct	diamond	5,1,2,4	0,1,1,6	1	allcached	distinct	doublewrite	01101
diamond-doublewrite-allcached-distinct-13	diamond-doublewrite-allcached-distinct	diamond	5,1,2,4	0,1,1,6	1	allcached	distinct	doublewrite	01110
diamond-doublewrite-allcached-distinct-14	diamond-doublewrite-allcached-distinct	diamond	5,1,2,4	0,1,1,6	1	allcached	distinct	doublewrite	01111
diamond-doublewrite-allcached-distinct-15	diamond-doublewrite-allcached-distinct	diamond	5,1,2,4	0,1,1,6	1	allcached	distinct	doublewrite	10000
diamond-doublewrite-allcached-distinct-16	diamond-doublewrite-allcached-distinct	diamond	5,1,2,4	0,1,1,6	1	allcached	distinct	doublewrite	10001
diamond-doublewrite-allcached-distinct-17	diamond-doublewrite-allcached-distinct	diamond	5,1,2,4	0,1,1,6	1	allcached	distinct	doublewrite	10010
diamond-doublewrite-allcached-distinct-18	diamond-doublewrite-allcached-distinct	diamond	5,1,2,4	0,1,1,6	1	allcached	distinct	doublewrite	10011
diamond-doublewrite-allcached-distinct-19	diamond-doublewrite-allcached-distinct	diamond	5,1,2,4	0,1,1,6	1	allcached	distinct	doublewrite	10100
diamond-doublewrite-allcached-distinct-20	diamond-doublewrite-allcached-distinct	diamond	5,1,2,4	0,1,1,6	1	allcached	distinct	doublewrite	10101
diamond-doublewrite-allcached-distinct-21	diamond-doublewrite-allcached-distinct	diamond	5,1,2,4	0,1,1,6	1	allcached	distinct	doublewrite	10110
diamond-doublewrite-allcached-distinct-22	diamond-doublewrite-allcached-distinct	diamond	5,1,2,4	0,1,1,6	1	allcached	distinct	doublewrite	10111
diamond-doublewrite-allcached-distinct-23	diamond-doublewrite-allcached-distinct	diamond	5,1,2,4	0,1,1,6	1	allcached	distinct	doublewrite	11000
diamond-doublewrite-allcached-distinct-24	diamond-doublewrite-allcached-distinct	diamond	5,1,2,4	0,1,1,6	1	allcached	distinct	doublewrite	11001
diamond-doublewrite-allcached-distinct-25	diamond-doublewrite-allcached-distinct	diamond	5,1,2,4	0,1,1,6	1	allcached	distinct	doublewrite	11010
diamond-doublewrite-allcached-distinct-26	diamond-doublewrite-allcached-distinct	diamond	5,1,2,4	0,1,1,6	1	allcached	distinct	doublewrite	11011
diamond-doublewrite-allcached-distinct-27	diamond-doublewrite-allcached-distinct	diamond	5,1,2,4	0,1,1,6	1	allcached	distinct	doublewrite	11100
diamond-doublewrite-allcached-distinct-28	diamond-doublewrite-allcached-distinct	diamond	5,1,2,4	0,1,1,6	1	allcached	distinct	doublewrite	11101
diamond-doublewrite-allcached-distinct-29	diamond-doublewrite-allcached-distinct	diamond	5,1,2,4	0,1,1,6	1	allcached	distinct	doublewrite	11110
diamond-doublewrite-allcached-distinct-30	diamond-doublewrite-allcached-distinct	diamond	5,1,2,4	0,1,1,6	1	allcached	distinct	doublewrite	11111
diamond-doublewrite-allcached-colliding-0	diamond-doublewrite-allcached-colliding	diamond	5,1,2,4	0,1,1,6	1	allcached	colliding	doublewrite	0000
diamond-doublewrite-allcached-colliding-1	diamond-doublewrite-allcached-colliding	diamond	5,1,2,4	0,1,1,6	1	allcached	colliding	doublewrite	00010
diamond-doublewrite-allcached-colliding-2	diamond-doublewrite-allcached-colliding	diamond	5,1,2,4	0,1,1,6	1	allcached	colliding	doublewrite	00011
diamond-doublewrite-allcached-colliding-3	diamond-doublewrite-allcached-colliding	diamond	5,1,2,4	0,1,1,6	1	allcached	colliding	doublewrite	00100
diamond-doublewrite-allcached-colliding-4	diamond-doublewrite-allcached-colliding	diamond	5,1,2,4	0,1,1,6	1	allcached	colliding	doublewrite	00101
diamond-doublewrite-allcached-colliding-5	diamond-doublewrite-allcached-colliding	diamond	5,1,2,4	0,1,1,6	1	allcached	colliding	doublewrite	00110
diamond-doublewrite-allcached-colliding-6	diamond-doublewrite-allcached-colliding	diamond	5,1,2,4	0,1,1,6	1	allcached	colliding	doublewrite	00111
diamond-doublewrite-allcached-colliding-7	diamond-doublewrite-allcached-colliding	diamond	5,1,2,4	0,1,1,6	1	allcached	colliding	doublewrite	01000
diamond-doublewrite-allcached-colliding-8	diamond-doublewrite-allcached-colliding	diamond	5,1,2,4	0,1,1,6	1	allcached	colliding	doublewrite	01001
diamond-doublewrite-allcached-colliding-9	diamond-doublewrite-allcached-colliding	diamond	5,1,2,4	0,1,1,6	1	allcached	colliding	doublewrite	01010
diamond-doublewrite-allcached-colliding-10	diamond-doublewrite-allcached-colliding	diamond	5,1,2,4	0,1,1,6	1	allcached	colliding	doublewrite	01011
diamond-doublewrite-allcached-colliding-11	diamond-doublewrite-allcached-colliding	diamond	5,1,2,4	0,1,1,6	1	allcached	colliding	doublewrite	01100
diamond-doublewrite-allcached-colliding-12	diamond-doublewrite-allcached-colliding	diamond	5,1,2,4	0,1,1,6	1	allcached	colliding	doublewrite	01101
diamond-doublewrite-allcached-colliding-13	diamond-doublewrite-allcached-colliding	diamond	5,1,2,4	0,1,1,6	1	allcached	colliding	doublewrite	01110
diamond-doublewrite-allcached-colliding-14	diamond-doublewrite-allcached-colliding	diamond	5,1,2,4	0,1,1,6	1	allcached	colliding	doublewrite	01111
diamond-doublewrite-allcached-colliding-15	diamond-doublewrite-allcached-colliding	diamond	5,1,2,4	0,1,1,6	1	allcached	colliding	doublewrite	10000
diamond-doublewrite-allcached-colliding-16	diamond-doublewrite-allcached-colliding	diamond	5,1,2,4	0,1,1,6	1	allcached	colliding	doublewrite	10001
diamond-doublewrite-allcached-colliding-17	diamond-doublewrite-allcached-colliding	diamond	5,1,2,4	0,1,1,6	1	allcached	colliding	doublewrite	10010
diamond-doublewrite-allcached-colliding-18	diamond-doublewrite-allcached-colliding	diamond	5,1,2,4	0,1,1,6	1	allcached	colliding	doublewrite	10011
diamond-doublewrite-allcached-colliding-19	diamond-doublewrite-allcached-colliding	diamond	5,1,2,4	0,1,1,6	1	allcached	colliding	doublewrite	10100
diamond-doublewrite-allcached-colliding-20	diamond-doublewrite-allcached-colliding	diamond	5,1,2,4	0,1,1,6	1	allcached	colliding	doublewrite	10101
diamond-doublewrite-allcached-colliding-21	diamond-doublewrite-allcached-colliding	diamond	5,1,2,4	0,1,1,6	1	allcached	colliding	doublewrite	10110
diamond-doublewrite-allcached-colliding-22	diamond-doublewrite-allcached-colliding	diamond	5,1,2,4	0,1,1,6	1	allcached	colliding	doublewrite	10111
diamond-doublewrite-allcached-colliding-23	diamond-doublewrite-allcached-colliding	diamond	5,1,2,4	0,1,1,6	1	allcached	colliding	doublewrite	11000
diamond-doublewrite-allcached-colliding-24	diamond-doublewrite-allcached-colliding	diamond	5,1,2,4	0,1,1,6	1	allcached	colliding	doublewrite	11001
diamond-doublewrite-allcached-colliding-25	diamond-doublewrite-allcached-colliding	diamond	5,1,2,4	0,1,1,6	1	allcached	colliding	doublewrite	11010
diamond-doublewrite-allcached-colliding-26	diamond-doublewrite-allcached-colliding	diamond	5,1,2,4	0,1,1,6	1	allcached	colliding	doublewrite	11011
diamond-doublewrite-allcached-colliding-27	diamond-doublewrite-allcached-colliding	diamond	5,1,2,4	0,1,1,6	1	allcached	colliding	doublewrite	11100
diamond-doublewrite-allcached-colliding-28	diamond-doublewrite-allcached-colliding	diamond	5,1,2,4	0,1,1,6	1	allcached	colliding	doublewrite	11101
diamond-doublewrite-allcached-colliding-29	diamond-doublewrite-allcached-colliding	diamond	5,1,2,4	0,1,1,6	1	allcached	colliding	doublewrite	11110
diamond-doublewrite-allcached-colliding-30	diamond-doublewrite-allcached-colliding	diamond	5,1,2,4	0,1,1,6	1	allcached	colliding	doublewrite	11111
