schedule_index,family,version,job_id,parameters,input,merge,solver,expected_decision,status,decision,expected_check,states_discovered,states_expanded,successor_queries,materialized_transitions,enabled_buckets,worst_completion_rank,losing_region_states,certificate_states,linked_states,preparation_seconds,solver_seconds,checking_and_link_seconds,certificate_checker,link_checker,endpoint_checker,wall_seconds,exit_code,input_sha256,jar_sha256,frozen_manifest_sha256,started_at,finished_at,reason,loss_summary,result_file,certificate_file,validation_errors
1,threads,v1,threads_n02_b01_backpressure_fine_lazy,"{""B"": 1, ""group"": ""fine"", ""n"": 2, ""regime"": ""backpressure""}",inputs/threads_n02_b01_backpressure_fine.json,none,lazy,WIN,WIN,WIN,PASS,10,9,29,14,14,5,,10,25,0.016637417,0.004022917,0.013006125,PASS,PASS,PASS,0.19834737497149035,0,a35431be42d67d8f39691209e001008ffcee5e51f6adb1a58a01c0cf507844a1,ff1e6b176f004ea85f1e99690a90388a6a4d24f44cd8d8e636fcd9337dcf67d5,60d7486e196f034c55e69df3219d58fe7fc987a87f047e1e750b8e35c733faf3,2026-09-29T17:51:54.260539+09:00,2026-09-29T17:51:54.459166+09:00,Checked WIN certificate.,,raw/series/threads_n02_b01_backpressure_fine_lazy/result.json,raw/series/threads_n02_b01_backpressure_fine_lazy/certificate.json,
2,threads,v1,threads_n02_b01_backpressure_e1merged_lazy,"{""B"": 1, ""group"": ""fine"", ""n"": 2, ""regime"": ""backpressure""}",inputs/threads_n02_b01_backpressure_fine.json,transfers,lazy,WIN,WIN,WIN,PASS,9,8,25,13,13,4,,9,24,0.017458166,0.003661916,0.012532708,PASS,PASS,PASS,0.1954835409997031,0,a35431be42d67d8f39691209e001008ffcee5e51f6adb1a58a01c0cf507844a1,ff1e6b176f004ea85f1e99690a90388a6a4d24f44cd8d8e636fcd9337dcf67d5,60d7486e196f034c55e69df3219d58fe7fc987a87f047e1e750b8e35c733faf3,2026-09-29T17:51:54.880067+09:00,2026-09-29T17:51:55.075816+09:00,Checked WIN certificate.,,raw/series/threads_n02_b01_backpressure_e1merged_lazy/result.json,raw/series/threads_n02_b01_backpressure_e1merged_lazy/certificate.json,
3,threads,v1,threads_n02_b01_backpressure_generated_all_lazy,"{""B"": 1, ""group"": ""all"", ""n"": 2, ""regime"": ""backpressure""}",inputs/threads_n02_b01_backpressure_all.json,none,lazy,WIN,WIN,WIN,PASS,9,8,25,13,13,4,,9,24,0.017517667,0.00387,0.012608042,PASS,PASS,PASS,0.20637504203477874,0,c5e5f4329e95c0bfadbc8f391c569ffcb1b088b344b7dbd8e1c56b0c298188db,ff1e6b176f004ea85f1e99690a90388a6a4d24f44cd8d8e636fcd9337dcf67d5,60d7486e196f034c55e69df3219d58fe7fc987a87f047e1e750b8e35c733faf3,2026-09-29T17:51:55.495865+09:00,2026-09-29T17:51:55.702497+09:00,Checked WIN certificate.,,raw/series/threads_n02_b01_backpressure_generated_all_lazy/result.json,raw/series/threads_n02_b01_backpressure_generated_all_lazy/certificate.json,
4,threads,v1,threads_n02_b01_backpressure_fine_df,"{""B"": 1, ""group"": ""fine"", ""n"": 2, ""regime"": ""backpressure""}",inputs/threads_n02_b01_backpressure_fine.json,none,direct_full,WIN,WIN,WIN,PASS,25,24,152,52,52,5,,10,25,0.018165791,0.006764125,0.013625167,PASS,PASS,PASS,0.20531662495341152,0,a35431be42d67d8f39691209e001008ffcee5e51f6adb1a58a01c0cf507844a1,ff1e6b176f004ea85f1e99690a90388a6a4d24f44cd8d8e636fcd9337dcf67d5,60d7486e196f034c55e69df3219d58fe7fc987a87f047e1e750b8e35c733faf3,2026-09-29T17:51:56.130287+09:00,2026-09-29T17:51:56.335870+09:00,Checked WIN certificate.,,raw/series/threads_n02_b01_backpressure_fine_df/result.json,raw/series/threads_n02_b01_backpressure_fine_df/certificate.json,
5,threads,v1,threads_n02_b01_saturated_offers_fine_lazy,"{""B"": 1, ""group"": ""fine"", ""n"": 2, ""regime"": ""saturated_offers""}",inputs/threads_n02_b01_saturated_offers_fine.json,none,lazy,LOSS,LOSS,LOSS,PASS,8,8,24,16,16,,8,8,,0.017230666,0.003854667,0.010718542,PASS,NOT_APPLICABLE_LOSS,PASS,0.20998304203385487,2,b677a192fd7f3880aeca9ff221ad21abc466698ebc1b64c95e6b11aa4d5fce1b,ff1e6b176f004ea85f1e99690a90388a6a4d24f44cd8d8e636fcd9337dcf67d5,60d7486e196f034c55e69df3219d58fe7fc987a87f047e1e750b8e35c733faf3,2026-09-29T17:51:56.762921+09:00,2026-09-29T17:51:56.973205+09:00,"The checked discovered-state losing certificate contains 8 states (0 unsafe) and 8/8 initial states; its stored root buckets retain every adversarial outcome and identify the outcomes in this certificate (local closure evidence, not a unique causal explanation).","{""initial_examples"": [{""enabled_action_buckets"": [{""action"": ""arrival"", ""controllable"": false, ""outcomes"": 1, ""outcomes_in_certificate_region"": 1, ""unsafe_outcome_examples"": [], ""unsafe_outcomes"": 0, ""update"": false}], ""pending"": [""rho_1"", ""rho_2""], ""physical"": [[""OLD"", ""I_q0""], [""OLD"", ""I""]], ""safe"": true, ""testers"": {}}, {""enabled_action_buckets"": [{""action"": ""arrival"", ""controllable"": false, ""outcomes"": 1, ""outcomes_in_certificate_region"": 1, ""unsafe_outcome_examples"": [], ""unsafe_outcomes"": 0, ""update"": false}, {""action"": ""dispatch_1"", ""controllable"": true, ""outcomes"": 1, ""outcomes_in_certificate_region"": 1, ""unsafe_outcome_examples"": [], ""unsafe_outcomes"": 0, ""update"": false}, {""action"": ""dispatch_2"", ""controllable"": true, ""outcomes"": 1, ""outcomes_in_certificate_region"": 1, ""unsafe_outcome_examples"": [], ""unsafe_outcomes"": 0, ""update"": false}], ""pending"": [""rho_1"", ""rho_2""], ""physical"": [[""OLD"", ""I_q1""], [""OLD"", ""I""]], ""safe"": true, ""testers"": {}}, {""enabled_action_buckets"": [{""action"": ""arrival"", ""controllable"": false, ""outcomes"": 1, ""outcomes_in_certificate_region"": 1, ""unsafe_outcome_examples"": [], ""unsafe_outcomes"": 0, ""update"": false}, {""action"": ""finish_1"", ""controllable"": false, ""outcomes"": 1, ""outcomes_in_certificate_region"": 1, ""unsafe_outcome_examples"": [], ""unsafe_outcomes"": 0, ""update"": false}], ""pending"": [""rho_1"", ""rho_2""], ""physical"": [[""OLD"", ""B_q0""], [""OLD"", ""I""]], ""safe"": true, ""testers"": {}}], ""initial_examples_limit"": 3, ""initial_states"": 8, ""losing_initial_states"": 8, ""region_states"": 8, ""safe_region_states"": 8, ""scope"": ""checked discovered-state losing certificate; sampled local root closure evidence, not a unique whole-game causal explanation"", ""unsafe_region_states"": 0}",raw/series/threads_n02_b01_saturated_offers_fine_lazy/result.json,raw/series/threads_n02_b01_saturated_offers_fine_lazy/certificate.json,
6,threads,v1,threads_n02_b01_saturated_offers_e1merged_lazy,"{""B"": 1, ""group"": ""fine"", ""n"": 2, ""regime"": ""saturated_offers""}",inputs/threads_n02_b01_saturated_offers_fine.json,transfers,lazy,LOSS,LOSS,LOSS,PASS,8,8,24,16,16,,8,8,,0.017736625,0.002481083,0.011250625,PASS,NOT_APPLICABLE_LOSS,PASS,0.2053128330153413,2,b677a192fd7f3880aeca9ff221ad21abc466698ebc1b64c95e6b11aa4d5fce1b,ff1e6b176f004ea85f1e99690a90388a6a4d24f44cd8d8e636fcd9337dcf67d5,60d7486e196f034c55e69df3219d58fe7fc987a87f047e1e750b8e35c733faf3,2026-09-29T17:51:57.403388+09:00,2026-09-29T17:51:57.609119+09:00,"The checked discovered-state losing certificate contains 8 states (0 unsafe) and 8/8 initial states; its stored root buckets retain every adversarial outcome and identify the outcomes in this certificate (local closure evidence, not a unique causal explanation).","{""initial_examples"": [{""enabled_action_buckets"": [{""action"": ""arrival"", ""controllable"": false, ""outcomes"": 1, ""outcomes_in_certificate_region"": 1, ""unsafe_outcome_examples"": [], ""unsafe_outcomes"": 0, ""update"": false}], ""pending"": [""ablation.merge.transfers""], ""physical"": [[""OLD"", ""I_q0""], [""OLD"", ""I""]], ""safe"": true, ""testers"": {}}, {""enabled_action_buckets"": [{""action"": ""arrival"", ""controllable"": false, ""outcomes"": 1, ""outcomes_in_certificate_region"": 1, ""unsafe_outcome_examples"": [], ""unsafe_outcomes"": 0, ""update"": false}, {""action"": ""dispatch_1"", ""controllable"": true, ""outcomes"": 1, ""outcomes_in_certificate_region"": 1, ""unsafe_outcome_examples"": [], ""unsafe_outcomes"": 0, ""update"": false}, {""action"": ""dispatch_2"", ""controllable"": true, ""outcomes"": 1, ""outcomes_in_certificate_region"": 1, ""unsafe_outcome_examples"": [], ""unsafe_outcomes"": 0, ""update"": false}], ""pending"": [""ablation.merge.transfers""], ""physical"": [[""OLD"", ""I_q1""], [""OLD"", ""I""]], ""safe"": true, ""testers"": {}}, {""enabled_action_buckets"": [{""action"": ""arrival"", ""controllable"": false, ""outcomes"": 1, ""outcomes_in_certificate_region"": 1, ""unsafe_outcome_examples"": [], ""unsafe_outcomes"": 0, ""update"": false}, {""action"": ""finish_1"", ""controllable"": false, ""outcomes"": 1, ""outcomes_in_certificate_region"": 1, ""unsafe_outcome_examples"": [], ""unsafe_outcomes"": 0, ""update"": false}], ""pending"": [""ablation.merge.transfers""], ""physical"": [[""OLD"", ""B_q0""], [""OLD"", ""I""]], ""safe"": true, ""testers"": {}}], ""initial_examples_limit"": 3, ""initial_states"": 8, ""losing_initial_states"": 8, ""region_states"": 8, ""safe_region_states"": 8, ""scope"": ""checked discovered-state losing certificate; sampled local root closure evidence, not a unique whole-game causal explanation"", ""unsafe_region_states"": 0}",raw/series/threads_n02_b01_saturated_offers_e1merged_lazy/result.json,raw/series/threads_n02_b01_saturated_offers_e1merged_lazy/certificate.json,
7,threads,v1,threads_n02_b01_saturated_offers_generated_all_lazy,"{""B"": 1, ""group"": ""all"", ""n"": 2, ""regime"": ""saturated_offers""}",inputs/threads_n02_b01_saturated_offers_all.json,none,lazy,LOSS,LOSS,LOSS,PASS,8,8,24,16,16,,8,8,,0.017348625,0.00291425,0.010723625,PASS,NOT_APPLICABLE_LOSS,PASS,0.20197225001174957,2,e21fa3a9413b5064a1b82a5c4bd718940f037104a0a2919034f2227c2cf5e2c3,ff1e6b176f004ea85f1e99690a90388a6a4d24f44cd8d8e636fcd9337dcf67d5,60d7486e196f034c55e69df3219d58fe7fc987a87f047e1e750b8e35c733faf3,2026-09-29T17:51:58.032804+09:00,2026-09-29T17:51:58.235875+09:00,"The checked discovered-state losing certificate contains 8 states (0 unsafe) and 8/8 initial states; its stored root buckets retain every adversarial outcome and identify the outcomes in this certificate (local closure evidence, not a unique causal explanation).","{""initial_examples"": [{""enabled_action_buckets"": [{""action"": ""arrival"", ""controllable"": false, ""outcomes"": 1, ""outcomes_in_certificate_region"": 1, ""unsafe_outcome_examples"": [], ""unsafe_outcomes"": 0, ""update"": false}], ""pending"": [""ablation.merge.transfers""], ""physical"": [[""OLD"", ""I_q0""], [""OLD"", ""I""]], ""safe"": true, ""testers"": {}}, {""enabled_action_buckets"": [{""action"": ""arrival"", ""controllable"": false, ""outcomes"": 1, ""outcomes_in_certificate_region"": 1, ""unsafe_outcome_examples"": [], ""unsafe_outcomes"": 0, ""update"": false}, {""action"": ""dispatch_1"", ""controllable"": true, ""outcomes"": 1, ""outcomes_in_certificate_region"": 1, ""unsafe_outcome_examples"": [], ""unsafe_outcomes"": 0, ""update"": false}, {""action"": ""dispatch_2"", ""controllable"": true, ""outcomes"": 1, ""outcomes_in_certificate_region"": 1, ""unsafe_outcome_examples"": [], ""unsafe_outcomes"": 0, ""update"": false}], ""pending"": [""ablation.merge.transfers""], ""physical"": [[""OLD"", ""I_q1""], [""OLD"", ""I""]], ""safe"": true, ""testers"": {}}, {""enabled_action_buckets"": [{""action"": ""arrival"", ""controllable"": false, ""outcomes"": 1, ""outcomes_in_certificate_region"": 1, ""unsafe_outcome_examples"": [], ""unsafe_outcomes"": 0, ""update"": false}, {""action"": ""finish_1"", ""controllable"": false, ""outcomes"": 1, ""outcomes_in_certificate_region"": 1, ""unsafe_outcome_examples"": [], ""unsafe_outcomes"": 0, ""update"": false}], ""pending"": [""ablation.merge.transfers""], ""physical"": [[""OLD"", ""B_q0""], [""OLD"", ""I""]], ""safe"": true, ""testers"": {}}], ""initial_examples_limit"": 3, ""initial_states"": 8, ""losing_initial_states"": 8, ""region_states"": 8, ""safe_region_states"": 8, ""scope"": ""checked discovered-state losing certificate; sampled local root closure evidence, not a unique whole-game causal explanation"", ""unsafe_region_states"": 0}",raw/series/threads_n02_b01_saturated_offers_generated_all_lazy/result.json,raw/series/threads_n02_b01_saturated_offers_generated_all_lazy/certificate.json,
8,threads,v1,threads_n02_b01_saturated_offers_fine_df,"{""B"": 1, ""group"": ""fine"", ""n"": 2, ""regime"": ""saturated_offers""}",inputs/threads_n02_b01_saturated_offers_fine.json,none,direct_full,LOSS,LOSS,LOSS,PASS,8,8,56,20,20,,8,8,,0.017413917,0.002895208,0.011086458,PASS,NOT_APPLICABLE_LOSS,PASS,0.1953085419954732,2,b677a192fd7f3880aeca9ff221ad21abc466698ebc1b64c95e6b11aa4d5fce1b,ff1e6b176f004ea85f1e99690a90388a6a4d24f44cd8d8e636fcd9337dcf67d5,60d7486e196f034c55e69df3219d58fe7fc987a87f047e1e750b8e35c733faf3,2026-09-29T17:51:58.657466+09:00,2026-09-29T17:51:58.853046+09:00,"The checked discovered-state losing certificate contains 8 states (0 unsafe) and 8/8 initial states; its stored root buckets retain every adversarial outcome and identify the outcomes in this certificate (local closure evidence, not a unique causal explanation).","{""initial_examples"": [{""enabled_action_buckets"": [{""action"": ""arrival"", ""controllable"": false, ""outcomes"": 1, ""outcomes_in_certificate_region"": 1, ""unsafe_outcome_examples"": [], ""unsafe_outcomes"": 0, ""update"": false}], ""pending"": [""rho_1"", ""rho_2""], ""physical"": [[""OLD"", ""I_q0""], [""OLD"", ""I""]], ""safe"": true, ""testers"": {}}, {""enabled_action_buckets"": [{""action"": ""arrival"", ""controllable"": false, ""outcomes"": 1, ""outcomes_in_certificate_region"": 1, ""unsafe_outcome_examples"": [], ""unsafe_outcomes"": 0, ""update"": false}, {""action"": ""dispatch_1"", ""controllable"": true, ""outcomes"": 1, ""outcomes_in_certificate_region"": 1, ""unsafe_outcome_examples"": [], ""unsafe_outcomes"": 0, ""update"": false}, {""action"": ""dispatch_2"", ""controllable"": true, ""outcomes"": 1, ""outcomes_in_certificate_region"": 1, ""unsafe_outcome_examples"": [], ""unsafe_outcomes"": 0, ""update"": false}], ""pending"": [""rho_1"", ""rho_2""], ""physical"": [[""OLD"", ""I_q1""], [""OLD"", ""I""]], ""safe"": true, ""testers"": {}}, {""enabled_action_buckets"": [{""action"": ""arrival"", ""controllable"": false, ""outcomes"": 1, ""outcomes_in_certificate_region"": 1, ""unsafe_outcome_examples"": [], ""unsafe_outcomes"": 0, ""update"": false}, {""action"": ""finish_1"", ""controllable"": false, ""outcomes"": 1, ""outcomes_in_certificate_region"": 1, ""unsafe_outcome_examples"": [], ""unsafe_outcomes"": 0, ""update"": false}], ""pending"": [""rho_1"", ""rho_2""], ""physical"": [[""OLD"", ""B_q0""], [""OLD"", ""I""]], ""safe"": true, ""testers"": {}}], ""initial_examples_limit"": 3, ""initial_states"": 8, ""losing_initial_states"": 8, ""region_states"": 8, ""safe_region_states"": 8, ""scope"": ""checked discovered-state losing certificate; sampled local root closure evidence, not a unique whole-game causal explanation"", ""unsafe_region_states"": 0}",raw/series/threads_n02_b01_saturated_offers_fine_df/result.json,raw/series/threads_n02_b01_saturated_offers_fine_df/certificate.json,
9,threads,v1,threads_n02_b02_backpressure_fine_lazy,"{""B"": 2, ""group"": ""fine"", ""n"": 2, ""regime"": ""backpressure""}",inputs/threads_n02_b02_backpressure_fine.json,none,lazy,WIN,WIN,WIN,PASS,14,13,41,22,22,6,,14,37,0.018031292,0.004656417,0.015800833,PASS,PASS,PASS,0.19679808296496049,0,5d7fdcb99fe5f6eb9d9e5e281fb6c0af0cff917582db3262eea1e2a9296ba0eb,ff1e6b176f004ea85f1e99690a90388a6a4d24f44cd8d8e636fcd9337dcf67d5,60d7486e196f034c55e69df3219d58fe7fc987a87f047e1e750b8e35c733faf3,2026-09-29T17:51:59.278655+09:00,2026-09-29T17:51:59.475708+09:00,Checked WIN certificate.,,raw/series/threads_n02_b02_backpressure_fine_lazy/result.json,raw/series/threads_n02_b02_backpressure_fine_lazy/certificate.json,
10,threads,v1,threads_n02_b02_backpressure_e1merged_lazy,"{""B"": 2, ""group"": ""fine"", ""n"": 2, ""regime"": ""backpressure""}",inputs/threads_n02_b02_backpressure_fine.json,transfers,lazy,WIN,WIN,WIN,PASS,13,12,37,21,21,5,,13,36,0.019182375,0.003918,0.014359667,PASS,PASS,PASS,0.2053052909905091,0,5d7fdcb99fe5f6eb9d9e5e281fb6c0af0cff917582db3262eea1e2a9296ba0eb,ff1e6b176f004ea85f1e99690a90388a6a4d24f44cd8d8e636fcd9337dcf67d5,60d7486e196f034c55e69df3219d58fe7fc987a87f047e1e750b8e35c733faf3,2026-09-29T17:51:59.906155+09:00,2026-09-29T17:52:00.111741+09:00,Checked WIN certificate.,,raw/series/threads_n02_b02_backpressure_e1merged_lazy/result.json,raw/series/threads_n02_b02_backpressure_e1merged_lazy/certificate.json,
11,threads,v1,threads_n02_b02_backpressure_generated_all_lazy,"{""B"": 2, ""group"": ""all"", ""n"": 2, ""regime"": ""backpressure""}",inputs/threads_n02_b02_backpressure_all.json,none,lazy,WIN,WIN,WIN,PASS,13,12,37,21,21,5,,13,36,0.019304125,0.00469125,0.014307583,PASS,PASS,PASS,0.1898686659988016,0,c70899121675c1f96cc6c6d70d18fc19f206cdfaf8e94ef5392fc317bf4fcf4c,ff1e6b176f004ea85f1e99690a90388a6a4d24f44cd8d8e636fcd9337dcf67d5,60d7486e196f034c55e69df3219d58fe7fc987a87f047e1e750b8e35c733faf3,2026-09-29T17:52:00.543742+09:00,2026-09-29T17:52:00.733908+09:00,Checked WIN certificate.,,raw/series/threads_n02_b02_backpressure_generated_all_lazy/result.json,raw/series/threads_n02_b02_backpressure_generated_all_lazy/certificate.json,
12,threads,v1,threads_n02_b02_backpressure_fine_df,"{""B"": 2, ""group"": ""fine"", ""n"": 2, ""regime"": ""backpressure""}",inputs/threads_n02_b02_backpressure_fine.json,none,direct_full,WIN,WIN,WIN,PASS,37,36,228,88,88,6,,14,37,0.019620125,0.009529417,0.018198666,PASS,PASS,PASS,0.25716562499292195,0,5d7fdcb99fe5f6eb9d9e5e281fb6c0af0cff917582db3262eea1e2a9296ba0eb,ff1e6b176f004ea85f1e99690a90388a6a4d24f44cd8d8e636fcd9337dcf67d5,60d7486e196f034c55e69df3219d58fe7fc987a87f047e1e750b8e35c733faf3,2026-09-29T17:52:01.167193+09:00,2026-09-29T17:52:01.424855+09:00,Checked WIN certificate.,,raw/series/threads_n02_b02_backpressure_fine_df/result.json,raw/series/threads_n02_b02_backpressure_fine_df/certificate.json,
13,threads,v1,threads_n02_b02_saturated_offers_fine_lazy,"{""B"": 2, ""group"": ""fine"", ""n"": 2, ""regime"": ""saturated_offers""}",inputs/threads_n02_b02_saturated_offers_fine.json,none,lazy,LOSS,LOSS,LOSS,PASS,12,12,36,24,24,,12,12,,0.019406042,0.003454,0.011063,PASS,NOT_APPLICABLE_LOSS,PASS,0.20254883402958512,2,97b0c825f9b8fd4d0b571af530fdc7aa3a9d9efe1f019231e26ba3291ac3db9b,ff1e6b176f004ea85f1e99690a90388a6a4d24f44cd8d8e636fcd9337dcf67d5,60d7486e196f034c55e69df3219d58fe7fc987a87f047e1e750b8e35c733faf3,2026-09-29T17:52:01.864278+09:00,2026-09-29T17:52:02.067905+09:00,"The checked discovered-state losing certificate contains 12 states (0 unsafe) and 12/12 initial states; its stored root buckets retain every adversarial outcome and identify the outcomes in this certificate (local closure evidence, not a unique causal explanation).","{""initial_examples"": [{""enabled_action_buckets"": [{""action"": ""arrival"", ""controllable"": false, ""outcomes"": 1, ""outcomes_in_certificate_region"": 1, ""unsafe_outcome_examples"": [], ""unsafe_outcomes"": 0, ""update"": false}], ""pending"": [""rho_1"", ""rho_2""], ""physical"": [[""OLD"", ""I_q0""], [""OLD"", ""I""]], ""safe"": true, ""testers"": {}}, {""enabled_action_buckets"": [{""action"": ""arrival"", ""controllable"": false, ""outcomes"": 1, ""outcomes_in_certificate_region"": 1, ""unsafe_outcome_examples"": [], ""unsafe_outcomes"": 0, ""update"": false}, {""action"": ""dispatch_1"", ""controllable"": true, ""outcomes"": 1, ""outcomes_in_certificate_region"": 1, ""unsafe_outcome_examples"": [], ""unsafe_outcomes"": 0, ""update"": false}, {""action"": ""dispatch_2"", ""controllable"": true, ""outcomes"": 1, ""outcomes_in_certificate_region"": 1, ""unsafe_outcome_examples"": [], ""unsafe_outcomes"": 0, ""update"": false}], ""pending"": [""rho_1"", ""rho_2""], ""physical"": [[""OLD"", ""I_q1""], [""OLD"", ""I""]], ""safe"": true, ""testers"": {}}, {""enabled_action_buckets"": [{""action"": ""arrival"", ""controllable"": false, ""outcomes"": 1, ""outcomes_in_certificate_region"": 1, ""unsafe_outcome_examples"": [], ""unsafe_outcomes"": 0, ""update"": false}, {""action"": ""dispatch_1"", ""controllable"": true, ""outcomes"": 1, ""outcomes_in_certificate_region"": 1, ""unsafe_outcome_examples"": [], ""unsafe_outcomes"": 0, ""update"": false}, {""action"": ""dispatch_2"", ""controllable"": true, ""outcomes"": 1, ""outcomes_in_certificate_region"": 1, ""unsafe_outcome_examples"": [], ""unsafe_outcomes"": 0, ""update"": false}], ""pending"": [""rho_1"", ""rho_2""], ""physical"": [[""OLD"", ""I_q2""], [""OLD"", ""I""]], ""safe"": true, ""testers"": {}}], ""initial_examples_limit"": 3, ""initial_states"": 12, ""losing_initial_states"": 12, ""region_states"": 12, ""safe_region_states"": 12, ""scope"": ""checked discovered-state losing certificate; sampled local root closure evidence, not a unique whole-game causal explanation"", ""unsafe_region_states"": 0}",raw/series/threads_n02_b02_saturated_offers_fine_lazy/result.json,raw/series/threads_n02_b02_saturated_offers_fine_lazy/certificate.json,
14,threads,v1,threads_n02_b02_saturated_offers_e1merged_lazy,"{""B"": 2, ""group"": ""fine"", ""n"": 2, ""regime"": ""saturated_offers""}",inputs/threads_n02_b02_saturated_offers_fine.json,transfers,lazy,LOSS,LOSS,LOSS,PASS,12,12,36,24,24,,12,12,,0.019010875,0.003740833,0.014025375,PASS,NOT_APPLICABLE_LOSS,PASS,0.19478537497343495,2,97b0c825f9b8fd4d0b571af530fdc7aa3a9d9efe1f019231e26ba3291ac3db9b,ff1e6b176f004ea85f1e99690a90388a6a4d24f44cd8d8e636fcd9337dcf67d5,60d7486e196f034c55e69df3219d58fe7fc987a87f047e1e750b8e35c733faf3,2026-09-29T17:52:02.502412+09:00,2026-09-29T17:52:02.697459+09:00,"The checked discovered-state losing certificate contains 12 states (0 unsafe) and 12/12 initial states; its stored root buckets retain every adversarial outcome and identify the outcomes in this certificate (local closure evidence, not a unique causal explanation).","{""initial_examples"": [{""enabled_action_buckets"": [{""action"": ""arrival"", ""controllable"": false, ""outcomes"": 1, ""outcomes_in_certificate_region"": 1, ""unsafe_outcome_examples"": [], ""unsafe_outcomes"": 0, ""update"": false}], ""pending"": [""ablation.merge.transfers""], ""physical"": [[""OLD"", ""I_q0""], [""OLD"", ""I""]], ""safe"": true, ""testers"": {}}, {""enabled_action_buckets"": [{""action"": ""arrival"", ""controllable"": false, ""outcomes"": 1, ""outcomes_in_certificate_region"": 1, ""unsafe_outcome_examples"": [], ""unsafe_outcomes"": 0, ""update"": false}, {""action"": ""dispatch_1"", ""controllable"": true, ""outcomes"": 1, ""outcomes_in_certificate_region"": 1, ""unsafe_outcome_examples"": [], ""unsafe_outcomes"": 0, ""update"": false}, {""action"": ""dispatch_2"", ""controllable"": true, ""outcomes"": 1, ""outcomes_in_certificate_region"": 1, ""unsafe_outcome_examples"": [], ""unsafe_outcomes"": 0, ""update"": false}], ""pending"": [""ablation.merge.transfers""], ""physical"": [[""OLD"", ""I_q1""], [""OLD"", ""I""]], ""safe"": true, ""testers"": {}}, {""enabled_action_buckets"": [{""action"": ""arrival"", ""controllable"": false, ""outcomes"": 1, ""outcomes_in_certificate_region"": 1, ""unsafe_outcome_examples"": [], ""unsafe_outcomes"": 0, ""update"": false}, {""action"": ""dispatch_1"", ""controllable"": true, ""outcomes"": 1, ""outcomes_in_certificate_region"": 1, ""unsafe_outcome_examples"": [], ""unsafe_outcomes"": 0, ""update"": false}, {""action"": ""dispatch_2"", ""controllable"": true, ""outcomes"": 1, ""outcomes_in_certificate_region"": 1, ""unsafe_outcome_examples"": [], ""unsafe_outcomes"": 0, ""update"": false}], ""pending"": [""ablation.merge.transfers""], ""physical"": [[""OLD"", ""I_q2""], [""OLD"", ""I""]], ""safe"": true, ""testers"": {}}], ""initial_examples_limit"": 3, ""initial_states"": 12, ""losing_initial_states"": 12, ""region_states"": 12, ""safe_region_states"": 12, ""scope"": ""checked discovered-state losing certificate; sampled local root closure evidence, not a unique whole-game causal explanation"", ""unsafe_region_states"": 0}",raw/series/threads_n02_b02_saturated_offers_e1merged_lazy/result.json,raw/series/threads_n02_b02_saturated_offers_e1merged_lazy/certificate.json,
15,threads,v1,threads_n02_b02_saturated_offers_generated_all_lazy,"{""B"": 2, ""group"": ""all"", ""n"": 2, ""regime"": ""saturated_offers""}",inputs/threads_n02_b02_saturated_offers_all.json,none,lazy,LOSS,LOSS,LOSS,PASS,12,12,36,24,24,,12,12,,0.020940208,0.003265916,0.011456625,PASS,NOT_APPLICABLE_LOSS,PASS,0.20614941598614678,2,db668d0d09743e9c67eef40b82b6931c69b0a37fb3801e8431b0ddaa6965f5de,ff1e6b176f004ea85f1e99690a90388a6a4d24f44cd8d8e636fcd9337dcf67d5,60d7486e196f034c55e69df3219d58fe7fc987a87f047e1e750b8e35c733faf3,2026-09-29T17:52:03.130647+09:00,2026-09-29T17:52:03.337840+09:00,"The checked discovered-state losing certificate contains 12 states (0 unsafe) and 12/12 initial states; its stored root buckets retain every adversarial outcome and identify the outcomes in this certificate (local closure evidence, not a unique causal explanation).","{""initial_examples"": [{""enabled_action_buckets"": [{""action"": ""arrival"", ""controllable"": false, ""outcomes"": 1, ""outcomes_in_certificate_region"": 1, ""unsafe_outcome_examples"": [], ""unsafe_outcomes"": 0, ""update"": false}], ""pending"": [""ablation.merge.transfers""], ""physical"": [[""OLD"", ""I_q0""], [""OLD"", ""I""]], ""safe"": true, ""testers"": {}}, {""enabled_action_buckets"": [{""action"": ""arrival"", ""controllable"": false, ""outcomes"": 1, ""outcomes_in_certificate_region"": 1, ""unsafe_outcome_examples"": [], ""unsafe_outcomes"": 0, ""update"": false}, {""action"": ""dispatch_1"", ""controllable"": true, ""outcomes"": 1, ""outcomes_in_certificate_region"": 1, ""unsafe_outcome_examples"": [], ""unsafe_outcomes"": 0, ""update"": false}, {""action"": ""dispatch_2"", ""controllable"": true, ""outcomes"": 1, ""outcomes_in_certificate_region"": 1, ""unsafe_outcome_examples"": [], ""unsafe_outcomes"": 0, ""update"": false}], ""pending"": [""ablation.merge.transfers""], ""physical"": [[""OLD"", ""I_q1""], [""OLD"", ""I""]], ""safe"": true, ""testers"": {}}, {""enabled_action_buckets"": [{""action"": ""arrival"", ""controllable"": false, ""outcomes"": 1, ""outcomes_in_certificate_region"": 1, ""unsafe_outcome_examples"": [], ""unsafe_outcomes"": 0, ""update"": false}, {""action"": ""dispatch_1"", ""controllable"": true, ""outcomes"": 1, ""outcomes_in_certificate_region"": 1, ""unsafe_outcome_examples"": [], ""unsafe_outcomes"": 0, ""update"": false}, {""action"": ""dispatch_2"", ""controllable"": true, ""outcomes"": 1, ""outcomes_in_certificate_region"": 1, ""unsafe_outcome_examples"": [], ""unsafe_outcomes"": 0, ""update"": false}], ""pending"": [""ablation.merge.transfers""], ""physical"": [[""OLD"", ""I_q2""], [""OLD"", ""I""]], ""safe"": true, ""testers"": {}}], ""initial_examples_limit"": 3, ""initial_states"": 12, ""losing_initial_states"": 12, ""region_states"": 12, ""safe_region_states"": 12, ""scope"": ""checked discovered-state losing certificate; sampled local root closure evidence, not a unique whole-game causal explanation"", ""unsafe_region_states"": 0}",raw/series/threads_n02_b02_saturated_offers_generated_all_lazy/result.json,raw/series/threads_n02_b02_saturated_offers_generated_all_lazy/certificate.json,
16,threads,v1,threads_n02_b02_saturated_offers_fine_df,"{""B"": 2, ""group"": ""fine"", ""n"": 2, ""regime"": ""saturated_offers""}",inputs/threads_n02_b02_saturated_offers_fine.json,none,direct_full,LOSS,LOSS,LOSS,PASS,12,12,84,32,32,,12,12,,0.0202175,0.003251,0.011936458,PASS,NOT_APPLICABLE_LOSS,PASS,0.20139083301182836,2,97b0c825f9b8fd4d0b571af530fdc7aa3a9d9efe1f019231e26ba3291ac3db9b,ff1e6b176f004ea85f1e99690a90388a6a4d24f44cd8d8e636fcd9337dcf67d5,60d7486e196f034c55e69df3219d58fe7fc987a87f047e1e750b8e35c733faf3,2026-09-29T17:52:03.767474+09:00,2026-09-29T17:52:03.969133+09:00,"The checked discovered-state losing certificate contains 12 states (0 unsafe) and 12/12 initial states; its stored root buckets retain every adversarial outcome and identify the outcomes in this certificate (local closure evidence, not a unique causal explanation).","{""initial_examples"": [{""enabled_action_buckets"": [{""action"": ""arrival"", ""controllable"": false, ""outcomes"": 1, ""outcomes_in_certificate_region"": 1, ""unsafe_outcome_examples"": [], ""unsafe_outcomes"": 0, ""update"": false}], ""pending"": [""rho_1"", ""rho_2""], ""physical"": [[""OLD"", ""I_q0""], [""OLD"", ""I""]], ""safe"": true, ""testers"": {}}, {""enabled_action_buckets"": [{""action"": ""arrival"", ""controllable"": false, ""outcomes"": 1, ""outcomes_in_certificate_region"": 1, ""unsafe_outcome_examples"": [], ""unsafe_outcomes"": 0, ""update"": false}, {""action"": ""dispatch_1"", ""controllable"": true, ""outcomes"": 1, ""outcomes_in_certificate_region"": 1, ""unsafe_outcome_examples"": [], ""unsafe_outcomes"": 0, ""update"": false}, {""action"": ""dispatch_2"", ""controllable"": true, ""outcomes"": 1, ""outcomes_in_certificate_region"": 1, ""unsafe_outcome_examples"": [], ""unsafe_outcomes"": 0, ""update"": false}], ""pending"": [""rho_1"", ""rho_2""], ""physical"": [[""OLD"", ""I_q1""], [""OLD"", ""I""]], ""safe"": true, ""testers"": {}}, {""enabled_action_buckets"": [{""action"": ""arrival"", ""controllable"": false, ""outcomes"": 1, ""outcomes_in_certificate_region"": 1, ""unsafe_outcome_examples"": [], ""unsafe_outcomes"": 0, ""update"": false}, {""action"": ""dispatch_1"", ""controllable"": true, ""outcomes"": 1, ""outcomes_in_certificate_region"": 1, ""unsafe_outcome_examples"": [], ""unsafe_outcomes"": 0, ""update"": false}, {""action"": ""dispatch_2"", ""controllable"": true, ""outcomes"": 1, ""outcomes_in_certificate_region"": 1, ""unsafe_outcome_examples"": [], ""unsafe_outcomes"": 0, ""update"": false}], ""pending"": [""rho_1"", ""rho_2""], ""physical"": [[""OLD"", ""I_q2""], [""OLD"", ""I""]], ""safe"": true, ""testers"": {}}], ""initial_examples_limit"": 3, ""initial_states"": 12, ""losing_initial_states"": 12, ""region_states"": 12, ""safe_region_states"": 12, ""scope"": ""checked discovered-state losing certificate; sampled local root closure evidence, not a unique whole-game causal explanation"", ""unsafe_region_states"": 0}",raw/series/threads_n02_b02_saturated_offers_fine_df/result.json,raw/series/threads_n02_b02_saturated_offers_fine_df/certificate.json,
17,threads,v1,threads_n03_b01_backpressure_fine_lazy,"{""B"": 1, ""group"": ""fine"", ""n"": 3, ""regime"": ""backpressure""}",inputs/threads_n03_b01_backpressure_fine.json,none,lazy,WIN,WIN,WIN,PASS,19,18,75,35,35,7,,19,50,0.020582208,0.007609542,0.022627166,PASS,PASS,PASS,0.20893087500007823,0,8d716345e10e66f44e3591c26817f4018feb4af895c861254c45735b1d771ae4,ff1e6b176f004ea85f1e99690a90388a6a4d24f44cd8d8e636fcd9337dcf67d5,60d7486e196f034c55e69df3219d58fe7fc987a87f047e1e750b8e35c733faf3,2026-09-29T17:52:04.403322+09:00,2026-09-29T17:52:04.612527+09:00,Checked WIN certificate.,,raw/series/threads_n03_b01_backpressure_fine_lazy/result.json,raw/series/threads_n03_b01_backpressure_fine_lazy/certificate.json,
18,threads,v1,threads_n03_b01_backpressure_e1merged_lazy,"{""B"": 1, ""group"": ""fine"", ""n"": 3, ""regime"": ""backpressure""}",inputs/threads_n03_b01_backpressure_fine.json,transfers,lazy,WIN,WIN,WIN,PASS,17,16,65,33,33,5,,17,48,0.022736959,0.005757167,0.019017167,PASS,PASS,PASS,0.2558370410115458,0,8d716345e10e66f44e3591c26817f4018feb4af895c861254c45735b1d771ae4,ff1e6b176f004ea85f1e99690a90388a6a4d24f44cd8d8e636fcd9337dcf67d5,60d7486e196f034c55e69df3219d58fe7fc987a87f047e1e750b8e35c733faf3,2026-09-29T17:52:05.048266+09:00,2026-09-29T17:52:05.304408+09:00,Checked WIN certificate.,,raw/series/threads_n03_b01_backpressure_e1merged_lazy/result.json,raw/series/threads_n03_b01_backpressure_e1merged_lazy/certificate.json,
19,threads,v1,threads_n03_b01_backpressure_generated_all_lazy,"{""B"": 1, ""group"": ""all"", ""n"": 3, ""regime"": ""backpressure""}",inputs/threads_n03_b01_backpressure_all.json,none,lazy,WIN,WIN,WIN,PASS,17,16,65,33,33,5,,17,48,0.020520333,0.005447083,0.01837925,PASS,PASS,PASS,0.20583795802667737,0,8807bcfe63404de33113f1fc8ad71203a24257d1ff77eaf9c95153a657845321,ff1e6b176f004ea85f1e99690a90388a6a4d24f44cd8d8e636fcd9337dcf67d5,60d7486e196f034c55e69df3219d58fe7fc987a87f047e1e750b8e35c733faf3,2026-09-29T17:52:05.736244+09:00,2026-09-29T17:52:05.942368+09:00,Checked WIN certificate.,,raw/series/threads_n03_b01_backpressure_generated_all_lazy/result.json,raw/series/threads_n03_b01_backpressure_generated_all_lazy/certificate.json,
20,threads,v1,threads_n03_b01_backpressure_fine_df,"{""B"": 1, ""group"": ""fine"", ""n"": 3, ""regime"": ""backpressure""}",inputs/threads_n03_b01_backpressure_fine.json,none,direct_full,WIN,WIN,WIN,PASS,113,112,976,320,320,7,,19,50,0.020237125,0.020901041,0.019048917,PASS,PASS,PASS,0.26510458398843184,0,8d716345e10e66f44e3591c26817f4018feb4af895c861254c45735b1d771ae4,ff1e6b176f004ea85f1e99690a90388a6a4d24f44cd8d8e636fcd9337dcf67d5,60d7486e196f034c55e69df3219d58fe7fc987a87f047e1e750b8e35c733faf3,2026-09-29T17:52:06.369312+09:00,2026-09-29T17:52:06.635514+09:00,Checked WIN certificate.,,raw/series/threads_n03_b01_backpressure_fine_df/result.json,raw/series/threads_n03_b01_backpressure_fine_df/certificate.json,
21,threads,v1,threads_n03_b01_saturated_offers_fine_lazy,"{""B"": 1, ""group"": ""fine"", ""n"": 3, ""regime"": ""saturated_offers""}",inputs/threads_n03_b01_saturated_offers_fine.json,none,lazy,LOSS,LOSS,LOSS,PASS,16,16,64,40,40,,16,16,,0.020703083,0.004524833,0.0135895,PASS,NOT_APPLICABLE_LOSS,PASS,0.2565805830527097,2,5f4e7ac4351af46bab36c635e2548e504e32e575dff5f22e108e33ed4320ec7d,ff1e6b176f004ea85f1e99690a90388a6a4d24f44cd8d8e636fcd9337dcf67d5,60d7486e196f034c55e69df3219d58fe7fc987a87f047e1e750b8e35c733faf3,2026-09-29T17:52:07.068957+09:00,2026-09-29T17:52:07.325821+09:00,"The checked discovered-state losing certificate contains 16 states (0 unsafe) and 16/16 initial states; its stored root buckets retain every adversarial outcome and identify the outcomes in this certificate (local closure evidence, not a unique causal explanation).","{""initial_examples"": [{""enabled_action_buckets"": [{""action"": ""arrival"", ""controllable"": false, ""outcomes"": 1, ""outcomes_in_certificate_region"": 1, ""unsafe_outcome_examples"": [], ""unsafe_outcomes"": 0, ""update"": false}], ""pending"": [""rho_1"", ""rho_2"", ""rho_3""], ""physical"": [[""OLD"", ""I_q0""], [""OLD"", ""I""], [""OLD"", ""I""]], ""safe"": true, ""testers"": {}}, {""enabled_action_buckets"": [{""action"": ""arrival"", ""controllable"": false, ""outcomes"": 1, ""outcomes_in_certificate_region"": 1, ""unsafe_outcome_examples"": [], ""unsafe_outcomes"": 0, ""update"": false}, {""action"": ""dispatch_1"", ""controllable"": true, ""outcomes"": 1, ""outcomes_in_certificate_region"": 1, ""unsafe_outcome_examples"": [], ""unsafe_outcomes"": 0, ""update"": false}, {""action"": ""dispatch_2"", ""controllable"": true, ""outcomes"": 1, ""outcomes_in_certificate_region"": 1, ""unsafe_outcome_examples"": [], ""unsafe_outcomes"": 0, ""update"": false}, {""action"": ""dispatch_3"", ""controllable"": true, ""outcomes"": 1, ""outcomes_in_certificate_region"": 1, ""unsafe_outcome_examples"": [], ""unsafe_outcomes"": 0, ""update"": false}], ""pending"": [""rho_1"", ""rho_2"", ""rho_3""], ""physical"": [[""OLD"", ""I_q1""], [""OLD"", ""I""], [""OLD"", ""I""]], ""safe"": true, ""testers"": {}}, {""enabled_action_buckets"": [{""action"": ""arrival"", ""controllable"": false, ""outcomes"": 1, ""outcomes_in_certificate_region"": 1, ""unsafe_outcome_examples"": [], ""unsafe_outcomes"": 0, ""update"": false}, {""action"": ""finish_1"", ""controllable"": false, ""outcomes"": 1, ""outcomes_in_certificate_region"": 1, ""unsafe_outcome_examples"": [], ""unsafe_outcomes"": 0, ""update"": false}], ""pending"": [""rho_1"", ""rho_2"", ""rho_3""], ""physical"": [[""OLD"", ""B_q0""], [""OLD"", ""I""], [""OLD"", ""I""]], ""safe"": true, ""testers"": {}}], ""initial_examples_limit"": 3, ""initial_states"": 16, ""losing_initial_states"": 16, ""region_states"": 16, ""safe_region_states"": 16, ""scope"": ""checked discovered-state losing certificate; sampled local root closure evidence, not a unique whole-game causal explanation"", ""unsafe_region_states"": 0}",raw/series/threads_n03_b01_saturated_offers_fine_lazy/result.json,raw/series/threads_n03_b01_saturated_offers_fine_lazy/certificate.json,
22,threads,v1,threads_n03_b01_saturated_offers_e1merged_lazy,"{""B"": 1, ""group"": ""fine"", ""n"": 3, ""regime"": ""saturated_offers""}",inputs/threads_n03_b01_saturated_offers_fine.json,transfers,lazy,LOSS,LOSS,LOSS,PASS,16,16,64,40,40,,16,16,,0.022566667,0.0054235,0.014429125,PASS,NOT_APPLICABLE_LOSS,PASS,0.24987199995666742,2,5f4e7ac4351af46bab36c635e2548e504e32e575dff5f22e108e33ed4320ec7d,ff1e6b176f004ea85f1e99690a90388a6a4d24f44cd8d8e636fcd9337dcf67d5,60d7486e196f034c55e69df3219d58fe7fc987a87f047e1e750b8e35c733faf3,2026-09-29T17:52:07.765204+09:00,2026-09-29T17:52:08.015359+09:00,"The checked discovered-state losing certificate contains 16 states (0 unsafe) and 16/16 initial states; its stored root buckets retain every adversarial outcome and identify the outcomes in this certificate (local closure evidence, not a unique causal explanation).","{""initial_examples"": [{""enabled_action_buckets"": [{""action"": ""arrival"", ""controllable"": false, ""outcomes"": 1, ""outcomes_in_certificate_region"": 1, ""unsafe_outcome_examples"": [], ""unsafe_outcomes"": 0, ""update"": false}], ""pending"": [""ablation.merge.transfers""], ""physical"": [[""OLD"", ""I_q0""], [""OLD"", ""I""], [""OLD"", ""I""]], ""safe"": true, ""testers"": {}}, {""enabled_action_buckets"": [{""action"": ""arrival"", ""controllable"": false, ""outcomes"": 1, ""outcomes_in_certificate_region"": 1, ""unsafe_outcome_examples"": [], ""unsafe_outcomes"": 0, ""update"": false}, {""action"": ""dispatch_1"", ""controllable"": true, ""outcomes"": 1, ""outcomes_in_certificate_region"": 1, ""unsafe_outcome_examples"": [], ""unsafe_outcomes"": 0, ""update"": false}, {""action"": ""dispatch_2"", ""controllable"": true, ""outcomes"": 1, ""outcomes_in_certificate_region"": 1, ""unsafe_outcome_examples"": [], ""unsafe_outcomes"": 0, ""update"": false}, {""action"": ""dispatch_3"", ""controllable"": true, ""outcomes"": 1, ""outcomes_in_certificate_region"": 1, ""unsafe_outcome_examples"": [], ""unsafe_outcomes"": 0, ""update"": false}], ""pending"": [""ablation.merge.transfers""], ""physical"": [[""OLD"", ""I_q1""], [""OLD"", ""I""], [""OLD"", ""I""]], ""safe"": true, ""testers"": {}}, {""enabled_action_buckets"": [{""action"": ""arrival"", ""controllable"": false, ""outcomes"": 1, ""outcomes_in_certificate_region"": 1, ""unsafe_outcome_examples"": [], ""unsafe_outcomes"": 0, ""update"": false}, {""action"": ""finish_1"", ""controllable"": false, ""outcomes"": 1, ""outcomes_in_certificate_region"": 1, ""unsafe_outcome_examples"": [], ""unsafe_outcomes"": 0, ""update"": false}], ""pending"": [""ablation.merge.transfers""], ""physical"": [[""OLD"", ""B_q0""], [""OLD"", ""I""], [""OLD"", ""I""]], ""safe"": true, ""testers"": {}}], ""initial_examples_limit"": 3, ""initial_states"": 16, ""losing_initial_states"": 16, ""region_states"": 16, ""safe_region_states"": 16, ""scope"": ""checked discovered-state losing certificate; sampled local root closure evidence, not a unique whole-game causal explanation"", ""unsafe_region_states"": 0}",raw/series/threads_n03_b01_saturated_offers_e1merged_lazy/result.json,raw/series/threads_n03_b01_saturated_offers_e1merged_lazy/certificate.json,
23,threads,v1,threads_n03_b01_saturated_offers_generated_all_lazy,"{""B"": 1, ""group"": ""all"", ""n"": 3, ""regime"": ""saturated_offers""}",inputs/threads_n03_b01_saturated_offers_all.json,none,lazy,LOSS,LOSS,LOSS,PASS,16,16,64,40,40,,16,16,,0.023223375,0.00630175,0.014316375,PASS,NOT_APPLICABLE_LOSS,PASS,0.2619324589613825,2,4b60f8b7fec35748eeb7e1f0847e09084564b95228270963a1a635da40193e56,ff1e6b176f004ea85f1e99690a90388a6a4d24f44cd8d8e636fcd9337dcf67d5,60d7486e196f034c55e69df3219d58fe7fc987a87f047e1e750b8e35c733faf3,2026-09-29T17:52:08.456885+09:00,2026-09-29T17:52:08.719085+09:00,"The checked discovered-state losing certificate contains 16 states (0 unsafe) and 16/16 initial states; its stored root buckets retain every adversarial outcome and identify the outcomes in this certificate (local closure evidence, not a unique causal explanation).","{""initial_examples"": [{""enabled_action_buckets"": [{""action"": ""arrival"", ""controllable"": false, ""outcomes"": 1, ""outcomes_in_certificate_region"": 1, ""unsafe_outcome_examples"": [], ""unsafe_outcomes"": 0, ""update"": false}], ""pending"": [""ablation.merge.transfers""], ""physical"": [[""OLD"", ""I_q0""], [""OLD"", ""I""], [""OLD"", ""I""]], ""safe"": true, ""testers"": {}}, {""enabled_action_buckets"": [{""action"": ""arrival"", ""controllable"": false, ""outcomes"": 1, ""outcomes_in_certificate_region"": 1, ""unsafe_outcome_examples"": [], ""unsafe_outcomes"": 0, ""update"": false}, {""action"": ""dispatch_1"", ""controllable"": true, ""outcomes"": 1, ""outcomes_in_certificate_region"": 1, ""unsafe_outcome_examples"": [], ""unsafe_outcomes"": 0, ""update"": false}, {""action"": ""dispatch_2"", ""controllable"": true, ""outcomes"": 1, ""outcomes_in_certificate_region"": 1, ""unsafe_outcome_examples"": [], ""unsafe_outcomes"": 0, ""update"": false}, {""action"": ""dispatch_3"", ""controllable"": true, ""outcomes"": 1, ""outcomes_in_certificate_region"": 1, ""unsafe_outcome_examples"": [], ""unsafe_outcomes"": 0, ""update"": false}], ""pending"": [""ablation.merge.transfers""], ""physical"": [[""OLD"", ""I_q1""], [""OLD"", ""I""], [""OLD"", ""I""]], ""safe"": true, ""testers"": {}}, {""enabled_action_buckets"": [{""action"": ""arrival"", ""controllable"": false, ""outcomes"": 1, ""outcomes_in_certificate_region"": 1, ""unsafe_outcome_examples"": [], ""unsafe_outcomes"": 0, ""update"": false}, {""action"": ""finish_1"", ""controllable"": false, ""outcomes"": 1, ""outcomes_in_certificate_region"": 1, ""unsafe_outcome_examples"": [], ""unsafe_outcomes"": 0, ""update"": false}], ""pending"": [""ablation.merge.transfers""], ""physical"": [[""OLD"", ""B_q0""], [""OLD"", ""I""], [""OLD"", ""I""]], ""safe"": true, ""testers"": {}}], ""initial_examples_limit"": 3, ""initial_states"": 16, ""losing_initial_states"": 16, ""region_states"": 16, ""safe_region_states"": 16, ""scope"": ""checked discovered-state losing certificate; sampled local root closure evidence, not a unique whole-game causal explanation"", ""unsafe_region_states"": 0}",raw/series/threads_n03_b01_saturated_offers_generated_all_lazy/result.json,raw/series/threads_n03_b01_saturated_offers_generated_all_lazy/certificate.json,
24,threads,v1,threads_n03_b01_saturated_offers_fine_df,"{""B"": 1, ""group"": ""fine"", ""n"": 3, ""regime"": ""saturated_offers""}",inputs/threads_n03_b01_saturated_offers_fine.json,none,direct_full,LOSS,LOSS,LOSS,PASS,16,16,160,52,52,,16,16,,0.019982417,0.00489075,0.015135083,PASS,NOT_APPLICABLE_LOSS,PASS,0.20541833399329334,2,5f4e7ac4351af46bab36c635e2548e504e32e575dff5f22e108e33ed4320ec7d,ff1e6b176f004ea85f1e99690a90388a6a4d24f44cd8d8e636fcd9337dcf67d5,60d7486e196f034c55e69df3219d58fe7fc987a87f047e1e750b8e35c733faf3,2026-09-29T17:52:09.169872+09:00,2026-09-29T17:52:09.375662+09:00,"The checked discovered-state losing certificate contains 16 states (0 unsafe) and 16/16 initial states; its stored root buckets retain every adversarial outcome and identify the outcomes in this certificate (local closure evidence, not a unique causal explanation).","{""initial_examples"": [{""enabled_action_buckets"": [{""action"": ""arrival"", ""controllable"": false, ""outcomes"": 1, ""outcomes_in_certificate_region"": 1, ""unsafe_outcome_examples"": [], ""unsafe_outcomes"": 0, ""update"": false}], ""pending"": [""rho_1"", ""rho_2"", ""rho_3""], ""physical"": [[""OLD"", ""I_q0""], [""OLD"", ""I""], [""OLD"", ""I""]], ""safe"": true, ""testers"": {}}, {""enabled_action_buckets"": [{""action"": ""arrival"", ""controllable"": false, ""outcomes"": 1, ""outcomes_in_certificate_region"": 1, ""unsafe_outcome_examples"": [], ""unsafe_outcomes"": 0, ""update"": false}, {""action"": ""dispatch_1"", ""controllable"": true, ""outcomes"": 1, ""outcomes_in_certificate_region"": 1, ""unsafe_outcome_examples"": [], ""unsafe_outcomes"": 0, ""update"": false}, {""action"": ""dispatch_2"", ""controllable"": true, ""outcomes"": 1, ""outcomes_in_certificate_region"": 1, ""unsafe_outcome_examples"": [], ""unsafe_outcomes"": 0, ""update"": false}, {""action"": ""dispatch_3"", ""controllable"": true, ""outcomes"": 1, ""outcomes_in_certificate_region"": 1, ""unsafe_outcome_examples"": [], ""unsafe_outcomes"": 0, ""update"": false}], ""pending"": [""rho_1"", ""rho_2"", ""rho_3""], ""physical"": [[""OLD"", ""I_q1""], [""OLD"", ""I""], [""OLD"", ""I""]], ""safe"": true, ""testers"": {}}, {""enabled_action_buckets"": [{""action"": ""arrival"", ""controllable"": false, ""outcomes"": 1, ""outcomes_in_certificate_region"": 1, ""unsafe_outcome_examples"": [], ""unsafe_outcomes"": 0, ""update"": false}, {""action"": ""finish_1"", ""controllable"": false, ""outcomes"": 1, ""outcomes_in_certificate_region"": 1, ""unsafe_outcome_examples"": [], ""unsafe_outcomes"": 0, ""update"": false}], ""pending"": [""rho_1"", ""rho_2"", ""rho_3""], ""physical"": [[""OLD"", ""B_q0""], [""OLD"", ""I""], [""OLD"", ""I""]], ""safe"": true, ""testers"": {}}], ""initial_examples_limit"": 3, ""initial_states"": 16, ""losing_initial_states"": 16, ""region_states"": 16, ""safe_region_states"": 16, ""scope"": ""checked discovered-state losing certificate; sampled local root closure evidence, not a unique whole-game causal explanation"", ""unsafe_region_states"": 0}",raw/series/threads_n03_b01_saturated_offers_fine_df/result.json,raw/series/threads_n03_b01_saturated_offers_fine_df/certificate.json,
25,threads,v1,threads_n03_b02_backpressure_fine_lazy,"{""B"": 2, ""group"": ""fine"", ""n"": 3, ""regime"": ""backpressure""}",inputs/threads_n03_b02_backpressure_fine.json,none,lazy,WIN,WIN,WIN,PASS,27,26,107,55,55,8,,27,74,0.023204791,0.009848542,0.019442792,PASS,PASS,PASS,0.2467507499968633,0,4e1c92f93482000c19fe7797478943e68670b57b010616cff8837cb795432404,ff1e6b176f004ea85f1e99690a90388a6a4d24f44cd8d8e636fcd9337dcf67d5,60d7486e196f034c55e69df3219d58fe7fc987a87f047e1e750b8e35c733faf3,2026-09-29T17:52:09.811953+09:00,2026-09-29T17:52:10.058987+09:00,Checked WIN certificate.,,raw/series/threads_n03_b02_backpressure_fine_lazy/result.json,raw/series/threads_n03_b02_backpressure_fine_lazy/certificate.json,
26,threads,v1,threads_n03_b02_backpressure_e1merged_lazy,"{""B"": 2, ""group"": ""fine"", ""n"": 3, ""regime"": ""backpressure""}",inputs/threads_n03_b02_backpressure_fine.json,transfers,lazy,WIN,WIN,WIN,PASS,25,24,97,53,53,6,,25,72,0.024265709,0.006098625,0.020874958,PASS,PASS,PASS,0.2649879170348868,0,4e1c92f93482000c19fe7797478943e68670b57b010616cff8837cb795432404,ff1e6b176f004ea85f1e99690a90388a6a4d24f44cd8d8e636fcd9337dcf67d5,60d7486e196f034c55e69df3219d58fe7fc987a87f047e1e750b8e35c733faf3,2026-09-29T17:52:10.498467+09:00,2026-09-29T17:52:10.763754+09:00,Checked WIN certificate.,,raw/series/threads_n03_b02_backpressure_e1merged_lazy/result.json,raw/series/threads_n03_b02_backpressure_e1merged_lazy/certificate.json,
27,threads,v1,threads_n03_b02_backpressure_generated_all_lazy,"{""B"": 2, ""group"": ""all"", ""n"": 3, ""regime"": ""backpressure""}",inputs/threads_n03_b02_backpressure_all.json,none,lazy,WIN,WIN,WIN,PASS,25,24,97,53,53,6,,25,72,0.022411833,0.008101166,0.018196,PASS,PASS,PASS,0.2098254580050707,0,d1cc4f9aa4cdd22c2a8d6c7415d5be6d602d65a412f45121663ba5c4128b63f3,ff1e6b176f004ea85f1e99690a90388a6a4d24f44cd8d8e636fcd9337dcf67d5,60d7486e196f034c55e69df3219d58fe7fc987a87f047e1e750b8e35c733faf3,2026-09-29T17:52:11.196866+09:00,2026-09-29T17:52:11.407008+09:00,Checked WIN certificate.,,raw/series/threads_n03_b02_backpressure_generated_all_lazy/result.json,raw/series/threads_n03_b02_backpressure_generated_all_lazy/certificate.json,
28,threads,v1,threads_n03_b02_backpressure_fine_df,"{""B"": 2, ""group"": ""fine"", ""n"": 3, ""regime"": ""backpressure""}",inputs/threads_n03_b02_backpressure_fine.json,none,direct_full,WIN,WIN,WIN,PASS,169,168,1464,544,544,8,,27,74,0.023915166,0.032627042,0.020184583,PASS,PASS,PASS,0.25430312496609986,0,4e1c92f93482000c19fe7797478943e68670b57b010616cff8837cb795432404,ff1e6b176f004ea85f1e99690a90388a6a4d24f44cd8d8e636fcd9337dcf67d5,60d7486e196f034c55e69df3219d58fe7fc987a87f047e1e750b8e35c733faf3,2026-09-29T17:52:11.837848+09:00,2026-09-29T17:52:12.092447+09:00,Checked WIN certificate.,,raw/series/threads_n03_b02_backpressure_fine_df/result.json,raw/series/threads_n03_b02_backpressure_fine_df/certificate.json,
29,threads,v1,threads_n03_b02_saturated_offers_fine_lazy,"{""B"": 2, ""group"": ""fine"", ""n"": 3, ""regime"": ""saturated_offers""}",inputs/threads_n03_b02_saturated_offers_fine.json,none,lazy,LOSS,LOSS,LOSS,PASS,24,24,96,60,60,,24,24,,0.023411125,0.006437375,0.014942042,PASS,NOT_APPLICABLE_LOSS,PASS,0.2600240000174381,2,695787ea82b6f9e25488ac28a7af86c4c9479f6d4010eed95c401e2544ff4558,ff1e6b176f004ea85f1e99690a90388a6a4d24f44cd8d8e636fcd9337dcf67d5,60d7486e196f034c55e69df3219d58fe7fc987a87f047e1e750b8e35c733faf3,2026-09-29T17:52:12.530694+09:00,2026-09-29T17:52:12.791012+09:00,"The checked discovered-state losing certificate contains 24 states (0 unsafe) and 24/24 initial states; its stored root buckets retain every adversarial outcome and identify the outcomes in this certificate (local closure evidence, not a unique causal explanation).","{""initial_examples"": [{""enabled_action_buckets"": [{""action"": ""arrival"", ""controllable"": false, ""outcomes"": 1, ""outcomes_in_certificate_region"": 1, ""unsafe_outcome_examples"": [], ""unsafe_outcomes"": 0, ""update"": false}], ""pending"": [""rho_1"", ""rho_2"", ""rho_3""], ""physical"": [[""OLD"", ""I_q0""], [""OLD"", ""I""], [""OLD"", ""I""]], ""safe"": true, ""testers"": {}}, {""enabled_action_buckets"": [{""action"": ""arrival"", ""controllable"": false, ""outcomes"": 1, ""outcomes_in_certificate_region"": 1, ""unsafe_outcome_examples"": [], ""unsafe_outcomes"": 0, ""update"": false}, {""action"": ""dispatch_1"", ""controllable"": true, ""outcomes"": 1, ""outcomes_in_certificate_region"": 1, ""unsafe_outcome_examples"": [], ""unsafe_outcomes"": 0, ""update"": false}, {""action"": ""dispatch_2"", ""controllable"": true, ""outcomes"": 1, ""outcomes_in_certificate_region"": 1, ""unsafe_outcome_examples"": [], ""unsafe_outcomes"": 0, ""update"": false}, {""action"": ""dispatch_3"", ""controllable"": true, ""outcomes"": 1, ""outcomes_in_certificate_region"": 1, ""unsafe_outcome_examples"": [], ""unsafe_outcomes"": 0, ""update"": false}], ""pending"": [""rho_1"", ""rho_2"", ""rho_3""], ""physical"": [[""OLD"", ""I_q1""], [""OLD"", ""I""], [""OLD"", ""I""]], ""safe"": true, ""testers"": {}}, {""enabled_action_buckets"": [{""action"": ""arrival"", ""controllable"": false, ""outcomes"": 1, ""outcomes_in_certificate_region"": 1, ""unsafe_outcome_examples"": [], ""unsafe_outcomes"": 0, ""update"": false}, {""action"": ""dispatch_1"", ""controllable"": true, ""outcomes"": 1, ""outcomes_in_certificate_region"": 1, ""unsafe_outcome_examples"": [], ""unsafe_outcomes"": 0, ""update"": false}, {""action"": ""dispatch_2"", ""controllable"": true, ""outcomes"": 1, ""outcomes_in_certificate_region"": 1, ""unsafe_outcome_examples"": [], ""unsafe_outcomes"": 0, ""update"": false}, {""action"": ""dispatch_3"", ""controllable"": true, ""outcomes"": 1, ""outcomes_in_certificate_region"": 1, ""unsafe_outcome_examples"": [], ""unsafe_outcomes"": 0, ""update"": false}], ""pending"": [""rho_1"", ""rho_2"", ""rho_3""], ""physical"": [[""OLD"", ""I_q2""], [""OLD"", ""I""], [""OLD"", ""I""]], ""safe"": true, ""testers"": {}}], ""initial_examples_limit"": 3, ""initial_states"": 24, ""losing_initial_states"": 24, ""region_states"": 24, ""safe_region_states"": 24, ""scope"": ""checked discovered-state losing certificate; sampled local root closure evidence, not a unique whole-game causal explanation"", ""unsafe_region_states"": 0}",raw/series/threads_n03_b02_saturated_offers_fine_lazy/result.json,raw/series/threads_n03_b02_saturated_offers_fine_lazy/certificate.json,
30,threads,v1,threads_n03_b02_saturated_offers_e1merged_lazy,"{""B"": 2, ""group"": ""fine"", ""n"": 3, ""regime"": ""saturated_offers""}",inputs/threads_n03_b02_saturated_offers_fine.json,transfers,lazy,LOSS,LOSS,LOSS,PASS,24,24,96,60,60,,24,24,,0.022987375,0.00460525,0.014405959,PASS,NOT_APPLICABLE_LOSS,PASS,0.24256249994505197,2,695787ea82b6f9e25488ac28a7af86c4c9479f6d4010eed95c401e2544ff4558,ff1e6b176f004ea85f1e99690a90388a6a4d24f44cd8d8e636fcd9337dcf67d5,60d7486e196f034c55e69df3219d58fe7fc987a87f047e1e750b8e35c733faf3,2026-09-29T17:52:13.231412+09:00,2026-09-29T17:52:13.474269+09:00,"The checked discovered-state losing certificate contains 24 states (0 unsafe) and 24/24 initial states; its stored root buckets retain every adversarial outcome and identify the outcomes in this certificate (local closure evidence, not a unique causal explanation).","{""initial_examples"": [{""enabled_action_buckets"": [{""action"": ""arrival"", ""controllable"": false, ""outcomes"": 1, ""outcomes_in_certificate_region"": 1, ""unsafe_outcome_examples"": [], ""unsafe_outcomes"": 0, ""update"": false}], ""pending"": [""ablation.merge.transfers""], ""physical"": [[""OLD"", ""I_q0""], [""OLD"", ""I""], [""OLD"", ""I""]], ""safe"": true, ""testers"": {}}, {""enabled_action_buckets"": [{""action"": ""arrival"", ""controllable"": false, ""outcomes"": 1, ""outcomes_in_certificate_region"": 1, ""unsafe_outcome_examples"": [], ""unsafe_outcomes"": 0, ""update"": false}, {""action"": ""dispatch_1"", ""controllable"": true, ""outcomes"": 1, ""outcomes_in_certificate_region"": 1, ""unsafe_outcome_examples"": [], ""unsafe_outcomes"": 0, ""update"": false}, {""action"": ""dispatch_2"", ""controllable"": true, ""outcomes"": 1, ""outcomes_in_certificate_region"": 1, ""unsafe_outcome_examples"": [], ""unsafe_outcomes"": 0, ""update"": false}, {""action"": ""dispatch_3"", ""controllable"": true, ""outcomes"": 1, ""outcomes_in_certificate_region"": 1, ""unsafe_outcome_examples"": [], ""unsafe_outcomes"": 0, ""update"": false}], ""pending"": [""ablation.merge.transfers""], ""physical"": [[""OLD"", ""I_q1""], [""OLD"", ""I""], [""OLD"", ""I""]], ""safe"": true, ""testers"": {}}, {""enabled_action_buckets"": [{""action"": ""arrival"", ""controllable"": false, ""outcomes"": 1, ""outcomes_in_certificate_region"": 1, ""unsafe_outcome_examples"": [], ""unsafe_outcomes"": 0, ""update"": false}, {""action"": ""dispatch_1"", ""controllable"": true, ""outcomes"": 1, ""outcomes_in_certificate_region"": 1, ""unsafe_outcome_examples"": [], ""unsafe_outcomes"": 0, ""update"": false}, {""action"": ""dispatch_2"", ""controllable"": true, ""outcomes"": 1, ""outcomes_in_certificate_region"": 1, ""unsafe_outcome_examples"": [], ""unsafe_outcomes"": 0, ""update"": false}, {""action"": ""dispatch_3"", ""controllable"": true, ""outcomes"": 1, ""outcomes_in_certificate_region"": 1, ""unsafe_outcome_examples"": [], ""unsafe_outcomes"": 0, ""update"": false}], ""pending"": [""ablation.merge.transfers""], ""physical"": [[""OLD"", ""I_q2""], [""OLD"", ""I""], [""OLD"", ""I""]], ""safe"": true, ""testers"": {}}], ""initial_examples_limit"": 3, ""initial_states"": 24, ""losing_initial_states"": 24, ""region_states"": 24, ""safe_region_states"": 24, ""scope"": ""checked discovered-state losing certificate; sampled local root closure evidence, not a unique whole-game causal explanation"", ""unsafe_region_states"": 0}",raw/series/threads_n03_b02_saturated_offers_e1merged_lazy/result.json,raw/series/threads_n03_b02_saturated_offers_e1merged_lazy/certificate.json,
31,threads,v1,threads_n03_b02_saturated_offers_generated_all_lazy,"{""B"": 2, ""group"": ""all"", ""n"": 3, ""regime"": ""saturated_offers""}",inputs/threads_n03_b02_saturated_offers_all.json,none,lazy,LOSS,LOSS,LOSS,PASS,24,24,96,60,60,,24,24,,0.02739425,0.007335291,0.015739208,PASS,NOT_APPLICABLE_LOSS,PASS,0.2493002499686554,2,f99eb62109b8d6a4e98f73a5f0d11086f1e5deada51bbe98bee383fa52010ee5,ff1e6b176f004ea85f1e99690a90388a6a4d24f44cd8d8e636fcd9337dcf67d5,60d7486e196f034c55e69df3219d58fe7fc987a87f047e1e750b8e35c733faf3,2026-09-29T17:52:13.909307+09:00,2026-09-29T17:52:14.158945+09:00,"The checked discovered-state losing certificate contains 24 states (0 unsafe) and 24/24 initial states; its stored root buckets retain every adversarial outcome and identify the outcomes in this certificate (local closure evidence, not a unique causal explanation).","{""initial_examples"": [{""enabled_action_buckets"": [{""action"": ""arrival"", ""controllable"": false, ""outcomes"": 1, ""outcomes_in_certificate_region"": 1, ""unsafe_outcome_examples"": [], ""unsafe_outcomes"": 0, ""update"": false}], ""pending"": [""ablation.merge.transfers""], ""physical"": [[""OLD"", ""I_q0""], [""OLD"", ""I""], [""OLD"", ""I""]], ""safe"": true, ""testers"": {}}, {""enabled_action_buckets"": [{""action"": ""arrival"", ""controllable"": false, ""outcomes"": 1, ""outcomes_in_certificate_region"": 1, ""unsafe_outcome_examples"": [], ""unsafe_outcomes"": 0, ""update"": false}, {""action"": ""dispatch_1"", ""controllable"": true, ""outcomes"": 1, ""outcomes_in_certificate_region"": 1, ""unsafe_outcome_examples"": [], ""unsafe_outcomes"": 0, ""update"": false}, {""action"": ""dispatch_2"", ""controllable"": true, ""outcomes"": 1, ""outcomes_in_certificate_region"": 1, ""unsafe_outcome_examples"": [], ""unsafe_outcomes"": 0, ""update"": false}, {""action"": ""dispatch_3"", ""controllable"": true, ""outcomes"": 1, ""outcomes_in_certificate_region"": 1, ""unsafe_outcome_examples"": [], ""unsafe_outcomes"": 0, ""update"": false}], ""pending"": [""ablation.merge.transfers""], ""physical"": [[""OLD"", ""I_q1""], [""OLD"", ""I""], [""OLD"", ""I""]], ""safe"": true, ""testers"": {}}, {""enabled_action_buckets"": [{""action"": ""arrival"", ""controllable"": false, ""outcomes"": 1, ""outcomes_in_certificate_region"": 1, ""unsafe_outcome_examples"": [], ""unsafe_outcomes"": 0, ""update"": false}, {""action"": ""dispatch_1"", ""controllable"": true, ""outcomes"": 1, ""outcomes_in_certificate_region"": 1, ""unsafe_outcome_examples"": [], ""unsafe_outcomes"": 0, ""update"": false}, {""action"": ""dispatch_2"", ""controllable"": true, ""outcomes"": 1, ""outcomes_in_certificate_region"": 1, ""unsafe_outcome_examples"": [], ""unsafe_outcomes"": 0, ""update"": false}, {""action"": ""dispatch_3"", ""controllable"": true, ""outcomes"": 1, ""outcomes_in_certificate_region"": 1, ""unsafe_outcome_examples"": [], ""unsafe_outcomes"": 0, ""update"": false}], ""pending"": [""ablation.merge.transfers""], ""physical"": [[""OLD"", ""I_q2""], [""OLD"", ""I""], [""OLD"", ""I""]], ""safe"": true, ""testers"": {}}], ""initial_examples_limit"": 3, ""initial_states"": 24, ""losing_initial_states"": 24, ""region_states"": 24, ""safe_region_states"": 24, ""scope"": ""checked discovered-state losing certificate; sampled local root closure evidence, not a unique whole-game causal explanation"", ""unsafe_region_states"": 0}",raw/series/threads_n03_b02_saturated_offers_generated_all_lazy/result.json,raw/series/threads_n03_b02_saturated_offers_generated_all_lazy/certificate.json,
32,threads,v1,threads_n03_b02_saturated_offers_fine_df,"{""B"": 2, ""group"": ""fine"", ""n"": 3, ""regime"": ""saturated_offers""}",inputs/threads_n03_b02_saturated_offers_fine.json,none,direct_full,LOSS,LOSS,LOSS,PASS,24,24,240,84,84,,24,24,,0.02272025,0.006878,0.015239,PASS,NOT_APPLICABLE_LOSS,PASS,0.26301200001034886,2,695787ea82b6f9e25488ac28a7af86c4c9479f6d4010eed95c401e2544ff4558,ff1e6b176f004ea85f1e99690a90388a6a4d24f44cd8d8e636fcd9337dcf67d5,60d7486e196f034c55e69df3219d58fe7fc987a87f047e1e750b8e35c733faf3,2026-09-29T17:52:14.598550+09:00,2026-09-29T17:52:14.861861+09:00,"The checked discovered-state losing certificate contains 24 states (0 unsafe) and 24/24 initial states; its stored root buckets retain every adversarial outcome and identify the outcomes in this certificate (local closure evidence, not a unique causal explanation).","{""initial_examples"": [{""enabled_action_buckets"": [{""action"": ""arrival"", ""controllable"": false, ""outcomes"": 1, ""outcomes_in_certificate_region"": 1, ""unsafe_outcome_examples"": [], ""unsafe_outcomes"": 0, ""update"": false}], ""pending"": [""rho_1"", ""rho_2"", ""rho_3""], ""physical"": [[""OLD"", ""I_q0""], [""OLD"", ""I""], [""OLD"", ""I""]], ""safe"": true, ""testers"": {}}, {""enabled_action_buckets"": [{""action"": ""arrival"", ""controllable"": false, ""outcomes"": 1, ""outcomes_in_certificate_region"": 1, ""unsafe_outcome_examples"": [], ""unsafe_outcomes"": 0, ""update"": false}, {""action"": ""dispatch_1"", ""controllable"": true, ""outcomes"": 1, ""outcomes_in_certificate_region"": 1, ""unsafe_outcome_examples"": [], ""unsafe_outcomes"": 0, ""update"": false}, {""action"": ""dispatch_2"", ""controllable"": true, ""outcomes"": 1, ""outcomes_in_certificate_region"": 1, ""unsafe_outcome_examples"": [], ""unsafe_outcomes"": 0, ""update"": false}, {""action"": ""dispatch_3"", ""controllable"": true, ""outcomes"": 1, ""outcomes_in_certificate_region"": 1, ""unsafe_outcome_examples"": [], ""unsafe_outcomes"": 0, ""update"": false}], ""pending"": [""rho_1"", ""rho_2"", ""rho_3""], ""physical"": [[""OLD"", ""I_q1""], [""OLD"", ""I""], [""OLD"", ""I""]], ""safe"": true, ""testers"": {}}, {""enabled_action_buckets"": [{""action"": ""arrival"", ""controllable"": false, ""outcomes"": 1, ""outcomes_in_certificate_region"": 1, ""unsafe_outcome_examples"": [], ""unsafe_outcomes"": 0, ""update"": false}, {""action"": ""dispatch_1"", ""controllable"": true, ""outcomes"": 1, ""outcomes_in_certificate_region"": 1, ""unsafe_outcome_examples"": [], ""unsafe_outcomes"": 0, ""update"": false}, {""action"": ""dispatch_2"", ""controllable"": true, ""outcomes"": 1, ""outcomes_in_certificate_region"": 1, ""unsafe_outcome_examples"": [], ""unsafe_outcomes"": 0, ""update"": false}, {""action"": ""dispatch_3"", ""controllable"": true, ""outcomes"": 1, ""outcomes_in_certificate_region"": 1, ""unsafe_outcome_examples"": [], ""unsafe_outcomes"": 0, ""update"": false}], ""pending"": [""rho_1"", ""rho_2"", ""rho_3""], ""physical"": [[""OLD"", ""I_q2""], [""OLD"", ""I""], [""OLD"", ""I""]], ""safe"": true, ""testers"": {}}], ""initial_examples_limit"": 3, ""initial_states"": 24, ""losing_initial_states"": 24, ""region_states"": 24, ""safe_region_states"": 24, ""scope"": ""checked discovered-state losing certificate; sampled local root closure evidence, not a unique whole-game causal explanation"", ""unsafe_region_states"": 0}",raw/series/threads_n03_b02_saturated_offers_fine_df/result.json,raw/series/threads_n03_b02_saturated_offers_fine_df/certificate.json,
33,threads,v1,threads_n04_b01_backpressure_fine_lazy,"{""B"": 1, ""group"": ""fine"", ""n"": 4, ""regime"": ""backpressure""}",inputs/threads_n04_b01_backpressure_fine.json,none,lazy,WIN,WIN,WIN,PASS,36,35,179,84,84,9,,36,99,0.025569125,0.013074,0.027157333,PASS,PASS,PASS,0.25945499999215826,0,1db1f121ec6fd248b3bb7a6b67436e801e3fe252717e48046d1abda71ddf77b1,ff1e6b176f004ea85f1e99690a90388a6a4d24f44cd8d8e636fcd9337dcf67d5,60d7486e196f034c55e69df3219d58fe7fc987a87f047e1e750b8e35c733faf3,2026-09-29T17:52:15.306002+09:00,2026-09-29T17:52:15.565755+09:00,Checked WIN certificate.,,raw/series/threads_n04_b01_backpressure_fine_lazy/result.json,raw/series/threads_n04_b01_backpressure_fine_lazy/certificate.json,
34,threads,v1,threads_n04_b01_backpressure_e1merged_lazy,"{""B"": 1, ""group"": ""fine"", ""n"": 4, ""regime"": ""backpressure""}",inputs/threads_n04_b01_backpressure_fine.json,transfers,lazy,WIN,WIN,WIN,PASS,33,32,161,81,81,6,,33,96,0.027070042,0.008433792,0.021504375,PASS,PASS,PASS,0.2518129999516532,0,1db1f121ec6fd248b3bb7a6b67436e801e3fe252717e48046d1abda71ddf77b1,ff1e6b176f004ea85f1e99690a90388a6a4d24f44cd8d8e636fcd9337dcf67d5,60d7486e196f034c55e69df3219d58fe7fc987a87f047e1e750b8e35c733faf3,2026-09-29T17:52:16.011060+09:00,2026-09-29T17:52:16.263164+09:00,Checked WIN certificate.,,raw/series/threads_n04_b01_backpressure_e1merged_lazy/result.json,raw/series/threads_n04_b01_backpressure_e1merged_lazy/certificate.json,
35,threads,v1,threads_n04_b01_backpressure_generated_all_lazy,"{""B"": 1, ""group"": ""all"", ""n"": 4, ""regime"": ""backpressure""}",inputs/threads_n04_b01_backpressure_all.json,none,lazy,WIN,WIN,WIN,PASS,33,32,161,81,81,6,,33,96,0.025687833,0.010477125,0.025182042,PASS,PASS,PASS,0.2615367079852149,0,002ced9c307ebd8b4b1262bf5edc6555fe9cc2052116ec0328a2ce76b5889a16,ff1e6b176f004ea85f1e99690a90388a6a4d24f44cd8d8e636fcd9337dcf67d5,60d7486e196f034c55e69df3219d58fe7fc987a87f047e1e750b8e35c733faf3,2026-09-29T17:52:16.696925+09:00,2026-09-29T17:52:16.958729+09:00,Checked WIN certificate.,,raw/series/threads_n04_b01_backpressure_generated_all_lazy/result.json,raw/series/threads_n04_b01_backpressure_generated_all_lazy/certificate.json,
36,threads,v1,threads_n04_b01_backpressure_fine_df,"{""B"": 1, ""group"": ""fine"", ""n"": 4, ""regime"": ""backpressure""}",inputs/threads_n04_b01_backpressure_fine.json,none,direct_full,WIN,WIN,WIN,PASS,481,480,5344,1712,1712,9,,36,99,0.026273375,0.062815084,0.021138875,PASS,PASS,PASS,0.31998737499816343,0,1db1f121ec6fd248b3bb7a6b67436e801e3fe252717e48046d1abda71ddf77b1,ff1e6b176f004ea85f1e99690a90388a6a4d24f44cd8d8e636fcd9337dcf67d5,60d7486e196f034c55e69df3219d58fe7fc987a87f047e1e750b8e35c733faf3,2026-09-29T17:52:17.398626+09:00,2026-09-29T17:52:17.718930+09:00,Checked WIN certificate.,,raw/series/threads_n04_b01_backpressure_fine_df/result.json,raw/series/threads_n04_b01_backpressure_fine_df/certificate.json,
37,threads,v1,threads_n04_b01_saturated_offers_fine_lazy,"{""B"": 1, ""group"": ""fine"", ""n"": 4, ""regime"": ""saturated_offers""}",inputs/threads_n04_b01_saturated_offers_fine.json,none,lazy,LOSS,LOSS,LOSS,PASS,32,32,160,96,96,,32,32,,0.025962667,0.009201416,0.018347709,PASS,NOT_APPLICABLE_LOSS,PASS,0.2559569159639068,2,ae7d9c62597fbd87c665c8e9023fa15559a8bf3bc187174a09c9b07790ded287,ff1e6b176f004ea85f1e99690a90388a6a4d24f44cd8d8e636fcd9337dcf67d5,60d7486e196f034c55e69df3219d58fe7fc987a87f047e1e750b8e35c733faf3,2026-09-29T17:52:18.156862+09:00,2026-09-29T17:52:18.413131+09:00,"The checked discovered-state losing certificate contains 32 states (0 unsafe) and 32/32 initial states; its stored root buckets retain every adversarial outcome and identify the outcomes in this certificate (local closure evidence, not a unique causal explanation).","{""initial_examples"": [{""enabled_action_buckets"": [{""action"": ""arrival"", ""controllable"": false, ""outcomes"": 1, ""outcomes_in_certificate_region"": 1, ""unsafe_outcome_examples"": [], ""unsafe_outcomes"": 0, ""update"": false}], ""pending"": [""rho_1"", ""rho_2"", ""rho_3"", ""rho_4""], ""physical"": [[""OLD"", ""I_q0""], [""OLD"", ""I""], [""OLD"", ""I""], [""OLD"", ""I""]], ""safe"": true, ""testers"": {}}, {""enabled_action_buckets"": [{""action"": ""arrival"", ""controllable"": false, ""outcomes"": 1, ""outcomes_in_certificate_region"": 1, ""unsafe_outcome_examples"": [], ""unsafe_outcomes"": 0, ""update"": false}, {""action"": ""dispatch_1"", ""controllable"": true, ""outcomes"": 1, ""outcomes_in_certificate_region"": 1, ""unsafe_outcome_examples"": [], ""unsafe_outcomes"": 0, ""update"": false}, {""action"": ""dispatch_2"", ""controllable"": true, ""outcomes"": 1, ""outcomes_in_certificate_region"": 1, ""unsafe_outcome_examples"": [], ""unsafe_outcomes"": 0, ""update"": false}, {""action"": ""dispatch_3"", ""controllable"": true, ""outcomes"": 1, ""outcomes_in_certificate_region"": 1, ""unsafe_outcome_examples"": [], ""unsafe_outcomes"": 0, ""update"": false}, {""action"": ""dispatch_4"", ""controllable"": true, ""outcomes"": 1, ""outcomes_in_certificate_region"": 1, ""unsafe_outcome_examples"": [], ""unsafe_outcomes"": 0, ""update"": false}], ""pending"": [""rho_1"", ""rho_2"", ""rho_3"", ""rho_4""], ""physical"": [[""OLD"", ""I_q1""], [""OLD"", ""I""], [""OLD"", ""I""], [""OLD"", ""I""]], ""safe"": true, ""testers"": {}}, {""enabled_action_buckets"": [{""action"": ""arrival"", ""controllable"": false, ""outcomes"": 1, ""outcomes_in_certificate_region"": 1, ""unsafe_outcome_examples"": [], ""unsafe_outcomes"": 0, ""update"": false}, {""action"": ""finish_1"", ""controllable"": false, ""outcomes"": 1, ""outcomes_in_certificate_region"": 1, ""unsafe_outcome_examples"": [], ""unsafe_outcomes"": 0, ""update"": false}], ""pending"": [""rho_1"", ""rho_2"", ""rho_3"", ""rho_4""], ""physical"": [[""OLD"", ""B_q0""], [""OLD"", ""I""], [""OLD"", ""I""], [""OLD"", ""I""]], ""safe"": true, ""testers"": {}}], ""initial_examples_limit"": 3, ""initial_states"": 32, ""losing_initial_states"": 32, ""region_states"": 32, ""safe_region_states"": 32, ""scope"": ""checked discovered-state losing certificate; sampled local root closure evidence, not a unique whole-game causal explanation"", ""unsafe_region_states"": 0}",raw/series/threads_n04_b01_saturated_offers_fine_lazy/result.json,raw/series/threads_n04_b01_saturated_offers_fine_lazy/certificate.json,
38,threads,v1,threads_n04_b01_saturated_offers_e1merged_lazy,"{""B"": 1, ""group"": ""fine"", ""n"": 4, ""regime"": ""saturated_offers""}",inputs/threads_n04_b01_saturated_offers_fine.json,transfers,lazy,LOSS,LOSS,LOSS,PASS,32,32,160,96,96,,32,32,,0.027571542,0.006052416,0.016600625,PASS,NOT_APPLICABLE_LOSS,PASS,0.2550246670143679,2,ae7d9c62597fbd87c665c8e9023fa15559a8bf3bc187174a09c9b07790ded287,ff1e6b176f004ea85f1e99690a90388a6a4d24f44cd8d8e636fcd9337dcf67d5,60d7486e196f034c55e69df3219d58fe7fc987a87f047e1e750b8e35c733faf3,2026-09-29T17:52:18.853716+09:00,2026-09-29T17:52:19.109047+09:00,"The checked discovered-state losing certificate contains 32 states (0 unsafe) and 32/32 initial states; its stored root buckets retain every adversarial outcome and identify the outcomes in this certificate (local closure evidence, not a unique causal explanation).","{""initial_examples"": [{""enabled_action_buckets"": [{""action"": ""arrival"", ""controllable"": false, ""outcomes"": 1, ""outcomes_in_certificate_region"": 1, ""unsafe_outcome_examples"": [], ""unsafe_outcomes"": 0, ""update"": false}], ""pending"": [""ablation.merge.transfers""], ""physical"": [[""OLD"", ""I_q0""], [""OLD"", ""I""], [""OLD"", ""I""], [""OLD"", ""I""]], ""safe"": true, ""testers"": {}}, {""enabled_action_buckets"": [{""action"": ""arrival"", ""controllable"": false, ""outcomes"": 1, ""outcomes_in_certificate_region"": 1, ""unsafe_outcome_examples"": [], ""unsafe_outcomes"": 0, ""update"": false}, {""action"": ""dispatch_1"", ""controllable"": true, ""outcomes"": 1, ""outcomes_in_certificate_region"": 1, ""unsafe_outcome_examples"": [], ""unsafe_outcomes"": 0, ""update"": false}, {""action"": ""dispatch_2"", ""controllable"": true, ""outcomes"": 1, ""outcomes_in_certificate_region"": 1, ""unsafe_outcome_examples"": [], ""unsafe_outcomes"": 0, ""update"": false}, {""action"": ""dispatch_3"", ""controllable"": true, ""outcomes"": 1, ""outcomes_in_certificate_region"": 1, ""unsafe_outcome_examples"": [], ""unsafe_outcomes"": 0, ""update"": false}, {""action"": ""dispatch_4"", ""controllable"": true, ""outcomes"": 1, ""outcomes_in_certificate_region"": 1, ""unsafe_outcome_examples"": [], ""unsafe_outcomes"": 0, ""update"": false}], ""pending"": [""ablation.merge.transfers""], ""physical"": [[""OLD"", ""I_q1""], [""OLD"", ""I""], [""OLD"", ""I""], [""OLD"", ""I""]], ""safe"": true, ""testers"": {}}, {""enabled_action_buckets"": [{""action"": ""arrival"", ""controllable"": false, ""outcomes"": 1, ""outcomes_in_certificate_region"": 1, ""unsafe_outcome_examples"": [], ""unsafe_outcomes"": 0, ""update"": false}, {""action"": ""finish_1"", ""controllable"": false, ""outcomes"": 1, ""outcomes_in_certificate_region"": 1, ""unsafe_outcome_examples"": [], ""unsafe_outcomes"": 0, ""update"": false}], ""pending"": [""ablation.merge.transfers""], ""physical"": [[""OLD"", ""B_q0""], [""OLD"", ""I""], [""OLD"", ""I""], [""OLD"", ""I""]], ""safe"": true, ""testers"": {}}], ""initial_examples_limit"": 3, ""initial_states"": 32, ""losing_initial_states"": 32, ""region_states"": 32, ""safe_region_states"": 32, ""scope"": ""checked discovered-state losing certificate; sampled local root closure evidence, not a unique whole-game causal explanation"", ""unsafe_region_states"": 0}",raw/series/threads_n04_b01_saturated_offers_e1merged_lazy/result.json,raw/series/threads_n04_b01_saturated_offers_e1merged_lazy/certificate.json,
39,threads,v1,threads_n04_b01_saturated_offers_generated_all_lazy,"{""B"": 1, ""group"": ""all"", ""n"": 4, ""regime"": ""saturated_offers""}",inputs/threads_n04_b01_saturated_offers_all.json,none,lazy,LOSS,LOSS,LOSS,PASS,32,32,160,96,96,,32,32,,0.026652875,0.008012125,0.015152875,PASS,NOT_APPLICABLE_LOSS,PASS,0.25377912499243394,2,c60061243c71214861c715afe582892d96128616b0f27e9cd649ef57b36b7c47,ff1e6b176f004ea85f1e99690a90388a6a4d24f44cd8d8e636fcd9337dcf67d5,60d7486e196f034c55e69df3219d58fe7fc987a87f047e1e750b8e35c733faf3,2026-09-29T17:52:19.551552+09:00,2026-09-29T17:52:19.805702+09:00,"The checked discovered-state losing certificate contains 32 states (0 unsafe) and 32/32 initial states; its stored root buckets retain every adversarial outcome and identify the outcomes in this certificate (local closure evidence, not a unique causal explanation).","{""initial_examples"": [{""enabled_action_buckets"": [{""action"": ""arrival"", ""controllable"": false, ""outcomes"": 1, ""outcomes_in_certificate_region"": 1, ""unsafe_outcome_examples"": [], ""unsafe_outcomes"": 0, ""update"": false}], ""pending"": [""ablation.merge.transfers""], ""physical"": [[""OLD"", ""I_q0""], [""OLD"", ""I""], [""OLD"", ""I""], [""OLD"", ""I""]], ""safe"": true, ""testers"": {}}, {""enabled_action_buckets"": [{""action"": ""arrival"", ""controllable"": false, ""outcomes"": 1, ""outcomes_in_certificate_region"": 1, ""unsafe_outcome_examples"": [], ""unsafe_outcomes"": 0, ""update"": false}, {""action"": ""dispatch_1"", ""controllable"": true, ""outcomes"": 1, ""outcomes_in_certificate_region"": 1, ""unsafe_outcome_examples"": [], ""unsafe_outcomes"": 0, ""update"": false}, {""action"": ""dispatch_2"", ""controllable"": true, ""outcomes"": 1, ""outcomes_in_certificate_region"": 1, ""unsafe_outcome_examples"": [], ""unsafe_outcomes"": 0, ""update"": false}, {""action"": ""dispatch_3"", ""controllable"": true, ""outcomes"": 1, ""outcomes_in_certificate_region"": 1, ""unsafe_outcome_examples"": [], ""unsafe_outcomes"": 0, ""update"": false}, {""action"": ""dispatch_4"", ""controllable"": true, ""outcomes"": 1, ""outcomes_in_certificate_region"": 1, ""unsafe_outcome_examples"": [], ""unsafe_outcomes"": 0, ""update"": false}], ""pending"": [""ablation.merge.transfers""], ""physical"": [[""OLD"", ""I_q1""], [""OLD"", ""I""], [""OLD"", ""I""], [""OLD"", ""I""]], ""safe"": true, ""testers"": {}}, {""enabled_action_buckets"": [{""action"": ""arrival"", ""controllable"": false, ""outcomes"": 1, ""outcomes_in_certificate_region"": 1, ""unsafe_outcome_examples"": [], ""unsafe_outcomes"": 0, ""update"": false}, {""action"": ""finish_1"", ""controllable"": false, ""outcomes"": 1, ""outcomes_in_certificate_region"": 1, ""unsafe_outcome_examples"": [], ""unsafe_outcomes"": 0, ""update"": false}], ""pending"": [""ablation.merge.transfers""], ""physical"": [[""OLD"", ""B_q0""], [""OLD"", ""I""], [""OLD"", ""I""], [""OLD"", ""I""]], ""safe"": true, ""testers"": {}}], ""initial_examples_limit"": 3, ""initial_states"": 32, ""losing_initial_states"": 32, ""region_states"": 32, ""safe_region_states"": 32, ""scope"": ""checked discovered-state losing certificate; sampled local root closure evidence, not a unique whole-game causal explanation"", ""unsafe_region_states"": 0}",raw/series/threads_n04_b01_saturated_offers_generated_all_lazy/result.json,raw/series/threads_n04_b01_saturated_offers_generated_all_lazy/certificate.json,
40,threads,v1,threads_n04_b01_saturated_offers_fine_df,"{""B"": 1, ""group"": ""fine"", ""n"": 4, ""regime"": ""saturated_offers""}",inputs/threads_n04_b01_saturated_offers_fine.json,none,direct_full,LOSS,LOSS,LOSS,PASS,32,32,416,128,128,,32,32,,0.026364917,0.009924042,0.016935709,PASS,NOT_APPLICABLE_LOSS,PASS,0.2596933329477906,2,ae7d9c62597fbd87c665c8e9023fa15559a8bf3bc187174a09c9b07790ded287,ff1e6b176f004ea85f1e99690a90388a6a4d24f44cd8d8e636fcd9337dcf67d5,60d7486e196f034c55e69df3219d58fe7fc987a87f047e1e750b8e35c733faf3,2026-09-29T17:52:20.248855+09:00,2026-09-29T17:52:20.508876+09:00,"The checked discovered-state losing certificate contains 32 states (0 unsafe) and 32/32 initial states; its stored root buckets retain every adversarial outcome and identify the outcomes in this certificate (local closure evidence, not a unique causal explanation).","{""initial_examples"": [{""enabled_action_buckets"": [{""action"": ""arrival"", ""controllable"": false, ""outcomes"": 1, ""outcomes_in_certificate_region"": 1, ""unsafe_outcome_examples"": [], ""unsafe_outcomes"": 0, ""update"": false}], ""pending"": [""rho_1"", ""rho_2"", ""rho_3"", ""rho_4""], ""physical"": [[""OLD"", ""I_q0""], [""OLD"", ""I""], [""OLD"", ""I""], [""OLD"", ""I""]], ""safe"": true, ""testers"": {}}, {""enabled_action_buckets"": [{""action"": ""arrival"", ""controllable"": false, ""outcomes"": 1, ""outcomes_in_certificate_region"": 1, ""unsafe_outcome_examples"": [], ""unsafe_outcomes"": 0, ""update"": false}, {""action"": ""dispatch_1"", ""controllable"": true, ""outcomes"": 1, ""outcomes_in_certificate_region"": 1, ""unsafe_outcome_examples"": [], ""unsafe_outcomes"": 0, ""update"": false}, {""action"": ""dispatch_2"", ""controllable"": true, ""outcomes"": 1, ""outcomes_in_certificate_region"": 1, ""unsafe_outcome_examples"": [], ""unsafe_outcomes"": 0, ""update"": false}, {""action"": ""dispatch_3"", ""controllable"": true, ""outcomes"": 1, ""outcomes_in_certificate_region"": 1, ""unsafe_outcome_examples"": [], ""unsafe_outcomes"": 0, ""update"": false}, {""action"": ""dispatch_4"", ""controllable"": true, ""outcomes"": 1, ""outcomes_in_certificate_region"": 1, ""unsafe_outcome_examples"": [], ""unsafe_outcomes"": 0, ""update"": false}], ""pending"": [""rho_1"", ""rho_2"", ""rho_3"", ""rho_4""], ""physical"": [[""OLD"", ""I_q1""], [""OLD"", ""I""], [""OLD"", ""I""], [""OLD"", ""I""]], ""safe"": true, ""testers"": {}}, {""enabled_action_buckets"": [{""action"": ""arrival"", ""controllable"": false, ""outcomes"": 1, ""outcomes_in_certificate_region"": 1, ""unsafe_outcome_examples"": [], ""unsafe_outcomes"": 0, ""update"": false}, {""action"": ""finish_1"", ""controllable"": false, ""outcomes"": 1, ""outcomes_in_certificate_region"": 1, ""unsafe_outcome_examples"": [], ""unsafe_outcomes"": 0, ""update"": false}], ""pending"": [""rho_1"", ""rho_2"", ""rho_3"", ""rho_4""], ""physical"": [[""OLD"", ""B_q0""], [""OLD"", ""I""], [""OLD"", ""I""], [""OLD"", ""I""]], ""safe"": true, ""testers"": {}}], ""initial_examples_limit"": 3, ""initial_states"": 32, ""losing_initial_states"": 32, ""region_states"": 32, ""safe_region_states"": 32, ""scope"": ""checked discovered-state losing certificate; sampled local root closure evidence, not a unique whole-game causal explanation"", ""unsafe_region_states"": 0}",raw/series/threads_n04_b01_saturated_offers_fine_df/result.json,raw/series/threads_n04_b01_saturated_offers_fine_df/certificate.json,
41,threads,v1,threads_n04_b02_backpressure_fine_lazy,"{""B"": 2, ""group"": ""fine"", ""n"": 4, ""regime"": ""backpressure""}",inputs/threads_n04_b02_backpressure_fine.json,none,lazy,WIN,WIN,WIN,PASS,52,51,259,132,132,10,,52,147,0.031579,0.015778834,0.031597583,PASS,PASS,PASS,0.2570702499942854,0,9e3989517adf8285904108401a352c8e4daa4d874b6051e54195a2b6cbf5ea3e,ff1e6b176f004ea85f1e99690a90388a6a4d24f44cd8d8e636fcd9337dcf67d5,60d7486e196f034c55e69df3219d58fe7fc987a87f047e1e750b8e35c733faf3,2026-09-29T17:52:20.951494+09:00,2026-09-29T17:52:21.208867+09:00,Checked WIN certificate.,,raw/series/threads_n04_b02_backpressure_fine_lazy/result.json,raw/series/threads_n04_b02_backpressure_fine_lazy/certificate.json,
42,threads,v1,threads_n04_b02_backpressure_e1merged_lazy,"{""B"": 2, ""group"": ""fine"", ""n"": 4, ""regime"": ""backpressure""}",inputs/threads_n04_b02_backpressure_fine.json,transfers,lazy,WIN,WIN,WIN,PASS,49,48,241,129,129,7,,49,144,0.033207167,0.00940475,0.027430166,PASS,PASS,PASS,0.30346145801013336,0,9e3989517adf8285904108401a352c8e4daa4d874b6051e54195a2b6cbf5ea3e,ff1e6b176f004ea85f1e99690a90388a6a4d24f44cd8d8e636fcd9337dcf67d5,60d7486e196f034c55e69df3219d58fe7fc987a87f047e1e750b8e35c733faf3,2026-09-29T17:52:21.647852+09:00,2026-09-29T17:52:21.951632+09:00,Checked WIN certificate.,,raw/series/threads_n04_b02_backpressure_e1merged_lazy/result.json,raw/series/threads_n04_b02_backpressure_e1merged_lazy/certificate.json,
43,threads,v1,threads_n04_b02_backpressure_generated_all_lazy,"{""B"": 2, ""group"": ""all"", ""n"": 4, ""regime"": ""backpressure""}",inputs/threads_n04_b02_backpressure_all.json,none,lazy,WIN,WIN,WIN,PASS,49,48,241,129,129,7,,49,144,0.031796666,0.012993291,0.030608667,PASS,PASS,PASS,0.26361891702981666,0,fb551a6e1c61c57b61863ce59383c5d0fb155756b109ba39b33697c88a1192b4,ff1e6b176f004ea85f1e99690a90388a6a4d24f44cd8d8e636fcd9337dcf67d5,60d7486e196f034c55e69df3219d58fe7fc987a87f047e1e750b8e35c733faf3,2026-09-29T17:52:22.394179+09:00,2026-09-29T17:52:22.658853+09:00,Checked WIN certificate.,,raw/series/threads_n04_b02_backpressure_generated_all_lazy/result.json,raw/series/threads_n04_b02_backpressure_generated_all_lazy/certificate.json,
44,threads,v1,threads_n04_b02_backpressure_fine_df,"{""B"": 2, ""group"": ""fine"", ""n"": 4, ""regime"": ""backpressure""}",inputs/threads_n04_b02_backpressure_fine.json,none,direct_full,WIN,WIN,WIN,PASS,721,720,8016,2912,2912,10,,52,147,0.031568292,0.086014958,0.0272495,PASS,PASS,PASS,0.3147429579985328,0,9e3989517adf8285904108401a352c8e4daa4d874b6051e54195a2b6cbf5ea3e,ff1e6b176f004ea85f1e99690a90388a6a4d24f44cd8d8e636fcd9337dcf67d5,60d7486e196f034c55e69df3219d58fe7fc987a87f047e1e750b8e35c733faf3,2026-09-29T17:52:23.101315+09:00,2026-09-29T17:52:23.417276+09:00,Checked WIN certificate.,,raw/series/threads_n04_b02_backpressure_fine_df/result.json,raw/series/threads_n04_b02_backpressure_fine_df/certificate.json,
45,threads,v1,threads_n04_b02_saturated_offers_fine_lazy,"{""B"": 2, ""group"": ""fine"", ""n"": 4, ""regime"": ""saturated_offers""}",inputs/threads_n04_b02_saturated_offers_fine.json,none,lazy,LOSS,LOSS,LOSS,PASS,48,48,240,144,144,,48,48,,0.032279792,0.012938834,0.01998725,PASS,NOT_APPLICABLE_LOSS,PASS,0.24946783302584663,2,18626ac0f07950a71bd347ce15d1a6c4fe5c98cdd69d207e26518895d11a0849,ff1e6b176f004ea85f1e99690a90388a6a4d24f44cd8d8e636fcd9337dcf67d5,60d7486e196f034c55e69df3219d58fe7fc987a87f047e1e750b8e35c733faf3,2026-09-29T17:52:23.858264+09:00,2026-09-29T17:52:24.108807+09:00,"The checked discovered-state losing certificate contains 48 states (0 unsafe) and 48/48 initial states; its stored root buckets retain every adversarial outcome and identify the outcomes in this certificate (local closure evidence, not a unique causal explanation).","{""initial_examples"": [{""enabled_action_buckets"": [{""action"": ""arrival"", ""controllable"": false, ""outcomes"": 1, ""outcomes_in_certificate_region"": 1, ""unsafe_outcome_examples"": [], ""unsafe_outcomes"": 0, ""update"": false}], ""pending"": [""rho_1"", ""rho_2"", ""rho_3"", ""rho_4""], ""physical"": [[""OLD"", ""I_q0""], [""OLD"", ""I""], [""OLD"", ""I""], [""OLD"", ""I""]], ""safe"": true, ""testers"": {}}, {""enabled_action_buckets"": [{""action"": ""arrival"", ""controllable"": false, ""outcomes"": 1, ""outcomes_in_certificate_region"": 1, ""unsafe_outcome_examples"": [], ""unsafe_outcomes"": 0, ""update"": false}, {""action"": ""dispatch_1"", ""controllable"": true, ""outcomes"": 1, ""outcomes_in_certificate_region"": 1, ""unsafe_outcome_examples"": [], ""unsafe_outcomes"": 0, ""update"": false}, {""action"": ""dispatch_2"", ""controllable"": true, ""outcomes"": 1, ""outcomes_in_certificate_region"": 1, ""unsafe_outcome_examples"": [], ""unsafe_outcomes"": 0, ""update"": false}, {""action"": ""dispatch_3"", ""controllable"": true, ""outcomes"": 1, ""outcomes_in_certificate_region"": 1, ""unsafe_outcome_examples"": [], ""unsafe_outcomes"": 0, ""update"": false}, {""action"": ""dispatch_4"", ""controllable"": true, ""outcomes"": 1, ""outcomes_in_certificate_region"": 1, ""unsafe_outcome_examples"": [], ""unsafe_outcomes"": 0, ""update"": false}], ""pending"": [""rho_1"", ""rho_2"", ""rho_3"", ""rho_4""], ""physical"": [[""OLD"", ""I_q1""], [""OLD"", ""I""], [""OLD"", ""I""], [""OLD"", ""I""]], ""safe"": true, ""testers"": {}}, {""enabled_action_buckets"": [{""action"": ""arrival"", ""controllable"": false, ""outcomes"": 1, ""outcomes_in_certificate_region"": 1, ""unsafe_outcome_examples"": [], ""unsafe_outcomes"": 0, ""update"": false}, {""action"": ""dispatch_1"", ""controllable"": true, ""outcomes"": 1, ""outcomes_in_certificate_region"": 1, ""unsafe_outcome_examples"": [], ""unsafe_outcomes"": 0, ""update"": false}, {""action"": ""dispatch_2"", ""controllable"": true, ""outcomes"": 1, ""outcomes_in_certificate_region"": 1, ""unsafe_outcome_examples"": [], ""unsafe_outcomes"": 0, ""update"": false}, {""action"": ""dispatch_3"", ""controllable"": true, ""outcomes"": 1, ""outcomes_in_certificate_region"": 1, ""unsafe_outcome_examples"": [], ""unsafe_outcomes"": 0, ""update"": false}, {""action"": ""dispatch_4"", ""controllable"": true, ""outcomes"": 1, ""outcomes_in_certificate_region"": 1, ""unsafe_outcome_examples"": [], ""unsafe_outcomes"": 0, ""update"": false}], ""pending"": [""rho_1"", ""rho_2"", ""rho_3"", ""rho_4""], ""physical"": [[""OLD"", ""I_q2""], [""OLD"", ""I""], [""OLD"", ""I""], [""OLD"", ""I""]], ""safe"": true, ""testers"": {}}], ""initial_examples_limit"": 3, ""initial_states"": 48, ""losing_initial_states"": 48, ""region_states"": 48, ""safe_region_states"": 48, ""scope"": ""checked discovered-state losing certificate; sampled local root closure evidence, not a unique whole-game causal explanation"", ""unsafe_region_states"": 0}",raw/series/threads_n04_b02_saturated_offers_fine_lazy/result.json,raw/series/threads_n04_b02_saturated_offers_fine_lazy/certificate.json,
46,threads,v1,threads_n04_b02_saturated_offers_e1merged_lazy,"{""B"": 2, ""group"": ""fine"", ""n"": 4, ""regime"": ""saturated_offers""}",inputs/threads_n04_b02_saturated_offers_fine.json,transfers,lazy,LOSS,LOSS,LOSS,PASS,48,48,240,144,144,,48,48,,0.03254525,0.009551041,0.016448458,PASS,NOT_APPLICABLE_LOSS,PASS,0.302359749970492,2,18626ac0f07950a71bd347ce15d1a6c4fe5c98cdd69d207e26518895d11a0849,ff1e6b176f004ea85f1e99690a90388a6a4d24f44cd8d8e636fcd9337dcf67d5,60d7486e196f034c55e69df3219d58fe7fc987a87f047e1e750b8e35c733faf3,2026-09-29T17:52:24.559865+09:00,2026-09-29T17:52:24.863423+09:00,"The checked discovered-state losing certificate contains 48 states (0 unsafe) and 48/48 initial states; its stored root buckets retain every adversarial outcome and identify the outcomes in this certificate (local closure evidence, not a unique causal explanation).","{""initial_examples"": [{""enabled_action_buckets"": [{""action"": ""arrival"", ""controllable"": false, ""outcomes"": 1, ""outcomes_in_certificate_region"": 1, ""unsafe_outcome_examples"": [], ""unsafe_outcomes"": 0, ""update"": false}], ""pending"": [""ablation.merge.transfers""], ""physical"": [[""OLD"", ""I_q0""], [""OLD"", ""I""], [""OLD"", ""I""], [""OLD"", ""I""]], ""safe"": true, ""testers"": {}}, {""enabled_action_buckets"": [{""action"": ""arrival"", ""controllable"": false, ""outcomes"": 1, ""outcomes_in_certificate_region"": 1, ""unsafe_outcome_examples"": [], ""unsafe_outcomes"": 0, ""update"": false}, {""action"": ""dispatch_1"", ""controllable"": true, ""outcomes"": 1, ""outcomes_in_certificate_region"": 1, ""unsafe_outcome_examples"": [], ""unsafe_outcomes"": 0, ""update"": false}, {""action"": ""dispatch_2"", ""controllable"": true, ""outcomes"": 1, ""outcomes_in_certificate_region"": 1, ""unsafe_outcome_examples"": [], ""unsafe_outcomes"": 0, ""update"": false}, {""action"": ""dispatch_3"", ""controllable"": true, ""outcomes"": 1, ""outcomes_in_certificate_region"": 1, ""unsafe_outcome_examples"": [], ""unsafe_outcomes"": 0, ""update"": false}, {""action"": ""dispatch_4"", ""controllable"": true, ""outcomes"": 1, ""outcomes_in_certificate_region"": 1, ""unsafe_outcome_examples"": [], ""unsafe_outcomes"": 0, ""update"": false}], ""pending"": [""ablation.merge.transfers""], ""physical"": [[""OLD"", ""I_q1""], [""OLD"", ""I""], [""OLD"", ""I""], [""OLD"", ""I""]], ""safe"": true, ""testers"": {}}, {""enabled_action_buckets"": [{""action"": ""arrival"", ""controllable"": false, ""outcomes"": 1, ""outcomes_in_certificate_region"": 1, ""unsafe_outcome_examples"": [], ""unsafe_outcomes"": 0, ""update"": false}, {""action"": ""dispatch_1"", ""controllable"": true, ""outcomes"": 1, ""outcomes_in_certificate_region"": 1, ""unsafe_outcome_examples"": [], ""unsafe_outcomes"": 0, ""update"": false}, {""action"": ""dispatch_2"", ""controllable"": true, ""outcomes"": 1, ""outcomes_in_certificate_region"": 1, ""unsafe_outcome_examples"": [], ""unsafe_outcomes"": 0, ""update"": false}, {""action"": ""dispatch_3"", ""controllable"": true, ""outcomes"": 1, ""outcomes_in_certificate_region"": 1, ""unsafe_outcome_examples"": [], ""unsafe_outcomes"": 0, ""update"": false}, {""action"": ""dispatch_4"", ""controllable"": true, ""outcomes"": 1, ""outcomes_in_certificate_region"": 1, ""unsafe_outcome_examples"": [], ""unsafe_outcomes"": 0, ""update"": false}], ""pending"": [""ablation.merge.transfers""], ""physical"": [[""OLD"", ""I_q2""], [""OLD"", ""I""], [""OLD"", ""I""], [""OLD"", ""I""]], ""safe"": true, ""testers"": {}}], ""initial_examples_limit"": 3, ""initial_states"": 48, ""losing_initial_states"": 48, ""region_states"": 48, ""safe_region_states"": 48, ""scope"": ""checked discovered-state losing certificate; sampled local root closure evidence, not a unique whole-game causal explanation"", ""unsafe_region_states"": 0}",raw/series/threads_n04_b02_saturated_offers_e1merged_lazy/result.json,raw/series/threads_n04_b02_saturated_offers_e1merged_lazy/certificate.json,
47,threads,v1,threads_n04_b02_saturated_offers_generated_all_lazy,"{""B"": 2, ""group"": ""all"", ""n"": 4, ""regime"": ""saturated_offers""}",inputs/threads_n04_b02_saturated_offers_all.json,none,lazy,LOSS,LOSS,LOSS,PASS,48,48,240,144,144,,48,48,,0.032751666,0.011071959,0.017476666,PASS,NOT_APPLICABLE_LOSS,PASS,0.26811016601277515,2,9f5297912e7d7356f0938d55c295180c386cc1355205f231143213e3305090b3,ff1e6b176f004ea85f1e99690a90388a6a4d24f44cd8d8e636fcd9337dcf67d5,60d7486e196f034c55e69df3219d58fe7fc987a87f047e1e750b8e35c733faf3,2026-09-29T17:52:25.314265+09:00,2026-09-29T17:52:25.583492+09:00,"The checked discovered-state losing certificate contains 48 states (0 unsafe) and 48/48 initial states; its stored root buckets retain every adversarial outcome and identify the outcomes in this certificate (local closure evidence, not a unique causal explanation).","{""initial_examples"": [{""enabled_action_buckets"": [{""action"": ""arrival"", ""controllable"": false, ""outcomes"": 1, ""outcomes_in_certificate_region"": 1, ""unsafe_outcome_examples"": [], ""unsafe_outcomes"": 0, ""update"": false}], ""pending"": [""ablation.merge.transfers""], ""physical"": [[""OLD"", ""I_q0""], [""OLD"", ""I""], [""OLD"", ""I""], [""OLD"", ""I""]], ""safe"": true, ""testers"": {}}, {""enabled_action_buckets"": [{""action"": ""arrival"", ""controllable"": false, ""outcomes"": 1, ""outcomes_in_certificate_region"": 1, ""unsafe_outcome_examples"": [], ""unsafe_outcomes"": 0, ""update"": false}, {""action"": ""dispatch_1"", ""controllable"": true, ""outcomes"": 1, ""outcomes_in_certificate_region"": 1, ""unsafe_outcome_examples"": [], ""unsafe_outcomes"": 0, ""update"": false}, {""action"": ""dispatch_2"", ""controllable"": true, ""outcomes"": 1, ""outcomes_in_certificate_region"": 1, ""unsafe_outcome_examples"": [], ""unsafe_outcomes"": 0, ""update"": false}, {""action"": ""dispatch_3"", ""controllable"": true, ""outcomes"": 1, ""outcomes_in_certificate_region"": 1, ""unsafe_outcome_examples"": [], ""unsafe_outcomes"": 0, ""update"": false}, {""action"": ""dispatch_4"", ""controllable"": true, ""outcomes"": 1, ""outcomes_in_certificate_region"": 1, ""unsafe_outcome_examples"": [], ""unsafe_outcomes"": 0, ""update"": false}], ""pending"": [""ablation.merge.transfers""], ""physical"": [[""OLD"", ""I_q1""], [""OLD"", ""I""], [""OLD"", ""I""], [""OLD"", ""I""]], ""safe"": true, ""testers"": {}}, {""enabled_action_buckets"": [{""action"": ""arrival"", ""controllable"": false, ""outcomes"": 1, ""outcomes_in_certificate_region"": 1, ""unsafe_outcome_examples"": [], ""unsafe_outcomes"": 0, ""update"": false}, {""action"": ""dispatch_1"", ""controllable"": true, ""outcomes"": 1, ""outcomes_in_certificate_region"": 1, ""unsafe_outcome_examples"": [], ""unsafe_outcomes"": 0, ""update"": false}, {""action"": ""dispatch_2"", ""controllable"": true, ""outcomes"": 1, ""outcomes_in_certificate_region"": 1, ""unsafe_outcome_examples"": [], ""unsafe_outcomes"": 0, ""update"": false}, {""action"": ""dispatch_3"", ""controllable"": true, ""outcomes"": 1, ""outcomes_in_certificate_region"": 1, ""unsafe_outcome_examples"": [], ""unsafe_outcomes"": 0, ""update"": false}, {""action"": ""dispatch_4"", ""controllable"": true, ""outcomes"": 1, ""outcomes_in_certificate_region"": 1, ""unsafe_outcome_examples"": [], ""unsafe_outcomes"": 0, ""update"": false}], ""pending"": [""ablation.merge.transfers""], ""physical"": [[""OLD"", ""I_q2""], [""OLD"", ""I""], [""OLD"", ""I""], [""OLD"", ""I""]], ""safe"": true, ""testers"": {}}], ""initial_examples_limit"": 3, ""initial_states"": 48, ""losing_initial_states"": 48, ""region_states"": 48, ""safe_region_states"": 48, ""scope"": ""checked discovered-state losing certificate; sampled local root closure evidence, not a unique whole-game causal explanation"", ""unsafe_region_states"": 0}",raw/series/threads_n04_b02_saturated_offers_generated_all_lazy/result.json,raw/series/threads_n04_b02_saturated_offers_generated_all_lazy/certificate.json,
48,threads,v1,threads_n04_b02_saturated_offers_fine_df,"{""B"": 2, ""group"": ""fine"", ""n"": 4, ""regime"": ""saturated_offers""}",inputs/threads_n04_b02_saturated_offers_fine.json,none,direct_full,LOSS,LOSS,LOSS,PASS,48,48,624,208,208,,48,48,,0.032473833,0.011971917,0.01799,PASS,NOT_APPLICABLE_LOSS,PASS,0.26098725001793355,2,18626ac0f07950a71bd347ce15d1a6c4fe5c98cdd69d207e26518895d11a0849,ff1e6b176f004ea85f1e99690a90388a6a4d24f44cd8d8e636fcd9337dcf67d5,60d7486e196f034c55e69df3219d58fe7fc987a87f047e1e750b8e35c733faf3,2026-09-29T17:52:26.034270+09:00,2026-09-29T17:52:26.295575+09:00,"The checked discovered-state losing certificate contains 48 states (0 unsafe) and 48/48 initial states; its stored root buckets retain every adversarial outcome and identify the outcomes in this certificate (local closure evidence, not a unique causal explanation).","{""initial_examples"": [{""enabled_action_buckets"": [{""action"": ""arrival"", ""controllable"": false, ""outcomes"": 1, ""outcomes_in_certificate_region"": 1, ""unsafe_outcome_examples"": [], ""unsafe_outcomes"": 0, ""update"": false}], ""pending"": [""rho_1"", ""rho_2"", ""rho_3"", ""rho_4""], ""physical"": [[""OLD"", ""I_q0""], [""OLD"", ""I""], [""OLD"", ""I""], [""OLD"", ""I""]], ""safe"": true, ""testers"": {}}, {""enabled_action_buckets"": [{""action"": ""arrival"", ""controllable"": false, ""outcomes"": 1, ""outcomes_in_certificate_region"": 1, ""unsafe_outcome_examples"": [], ""unsafe_outcomes"": 0, ""update"": false}, {""action"": ""dispatch_1"", ""controllable"": true, ""outcomes"": 1, ""outcomes_in_certificate_region"": 1, ""unsafe_outcome_examples"": [], ""unsafe_outcomes"": 0, ""update"": false}, {""action"": ""dispatch_2"", ""controllable"": true, ""outcomes"": 1, ""outcomes_in_certificate_region"": 1, ""unsafe_outcome_examples"": [], ""unsafe_outcomes"": 0, ""update"": false}, {""action"": ""dispatch_3"", ""controllable"": true, ""outcomes"": 1, ""outcomes_in_certificate_region"": 1, ""unsafe_outcome_examples"": [], ""unsafe_outcomes"": 0, ""update"": false}, {""action"": ""dispatch_4"", ""controllable"": true, ""outcomes"": 1, ""outcomes_in_certificate_region"": 1, ""unsafe_outcome_examples"": [], ""unsafe_outcomes"": 0, ""update"": false}], ""pending"": [""rho_1"", ""rho_2"", ""rho_3"", ""rho_4""], ""physical"": [[""OLD"", ""I_q1""], [""OLD"", ""I""], [""OLD"", ""I""], [""OLD"", ""I""]], ""safe"": true, ""testers"": {}}, {""enabled_action_buckets"": [{""action"": ""arrival"", ""controllable"": false, ""outcomes"": 1, ""outcomes_in_certificate_region"": 1, ""unsafe_outcome_examples"": [], ""unsafe_outcomes"": 0, ""update"": false}, {""action"": ""dispatch_1"", ""controllable"": true, ""outcomes"": 1, ""outcomes_in_certificate_region"": 1, ""unsafe_outcome_examples"": [], ""unsafe_outcomes"": 0, ""update"": false}, {""action"": ""dispatch_2"", ""controllable"": true, ""outcomes"": 1, ""outcomes_in_certificate_region"": 1, ""unsafe_outcome_examples"": [], ""unsafe_outcomes"": 0, ""update"": false}, {""action"": ""dispatch_3"", ""controllable"": true, ""outcomes"": 1, ""outcomes_in_certificate_region"": 1, ""unsafe_outcome_examples"": [], ""unsafe_outcomes"": 0, ""update"": false}, {""action"": ""dispatch_4"", ""controllable"": true, ""outcomes"": 1, ""outcomes_in_certificate_region"": 1, ""unsafe_outcome_examples"": [], ""unsafe_outcomes"": 0, ""update"": false}], ""pending"": [""rho_1"", ""rho_2"", ""rho_3"", ""rho_4""], ""physical"": [[""OLD"", ""I_q2""], [""OLD"", ""I""], [""OLD"", ""I""], [""OLD"", ""I""]], ""safe"": true, ""testers"": {}}], ""initial_examples_limit"": 3, ""initial_states"": 48, ""losing_initial_states"": 48, ""region_states"": 48, ""safe_region_states"": 48, ""scope"": ""checked discovered-state losing certificate; sampled local root closure evidence, not a unique whole-game causal explanation"", ""unsafe_region_states"": 0}",raw/series/threads_n04_b02_saturated_offers_fine_df/result.json,raw/series/threads_n04_b02_saturated_offers_fine_df/certificate.json,
49,threads,v1,threads_n05_b01_backpressure_fine_lazy,"{""B"": 1, ""group"": ""fine"", ""n"": 5, ""regime"": ""backpressure""}",inputs/threads_n05_b01_backpressure_fine.json,none,lazy,WIN,WIN,WIN,PASS,69,68,413,197,197,11,,69,196,0.050145917,0.030410292,0.043250667,PASS,PASS,PASS,0.3193307920009829,0,7e877f5ebace86f8c88e099b24d0a25204eda0d3f01c0ec41230521152b11faf,ff1e6b176f004ea85f1e99690a90388a6a4d24f44cd8d8e636fcd9337dcf67d5,60d7486e196f034c55e69df3219d58fe7fc987a87f047e1e750b8e35c733faf3,2026-09-29T17:52:26.739085+09:00,2026-09-29T17:52:27.058726+09:00,Checked WIN certificate.,,raw/series/threads_n05_b01_backpressure_fine_lazy/result.json,raw/series/threads_n05_b01_backpressure_fine_lazy/certificate.json,
50,threads,v1,threads_n05_b01_backpressure_e1merged_lazy,"{""B"": 1, ""group"": ""fine"", ""n"": 5, ""regime"": ""backpressure""}",inputs/threads_n05_b01_backpressure_fine.json,transfers,lazy,WIN,WIN,WIN,PASS,65,64,385,193,193,7,,65,192,0.035380625,0.01329525,0.032810833,PASS,PASS,PASS,0.31741033401340246,0,7e877f5ebace86f8c88e099b24d0a25204eda0d3f01c0ec41230521152b11faf,ff1e6b176f004ea85f1e99690a90388a6a4d24f44cd8d8e636fcd9337dcf67d5,60d7486e196f034c55e69df3219d58fe7fc987a87f047e1e750b8e35c733faf3,2026-09-29T17:52:27.522416+09:00,2026-09-29T17:52:27.840156+09:00,Checked WIN certificate.,,raw/series/threads_n05_b01_backpressure_e1merged_lazy/result.json,raw/series/threads_n05_b01_backpressure_e1merged_lazy/certificate.json,
51,threads,v1,threads_n05_b01_backpressure_generated_all_lazy,"{""B"": 1, ""group"": ""all"", ""n"": 5, ""regime"": ""backpressure""}",inputs/threads_n05_b01_backpressure_all.json,none,lazy,WIN,WIN,WIN,PASS,65,64,385,193,193,7,,65,192,0.038577625,0.020244541,0.037791958,PASS,PASS,PASS,0.31974258297123015,0,8cfc37cea761a1a871b07ccd0c9caf9f977095e77664847234629a82d19dd489,ff1e6b176f004ea85f1e99690a90388a6a4d24f44cd8d8e636fcd9337dcf67d5,60d7486e196f034c55e69df3219d58fe7fc987a87f047e1e750b8e35c733faf3,2026-09-29T17:52:28.299573+09:00,2026-09-29T17:52:28.619635+09:00,Checked WIN certificate.,,raw/series/threads_n05_b01_backpressure_generated_all_lazy/result.json,raw/series/threads_n05_b01_backpressure_generated_all_lazy/certificate.json,
52,threads,v1,threads_n05_b01_backpressure_fine_df,"{""B"": 1, ""group"": ""fine"", ""n"": 5, ""regime"": ""backpressure""}",inputs/threads_n05_b01_backpressure_fine.json,none,direct_full,WIN,WIN,WIN,PASS,1985,1984,26944,8512,8512,11,,69,196,0.036083333,0.228553667,0.034818584,PASS,PASS,PASS,0.49108120903838426,0,7e877f5ebace86f8c88e099b24d0a25204eda0d3f01c0ec41230521152b11faf,ff1e6b176f004ea85f1e99690a90388a6a4d24f44cd8d8e636fcd9337dcf67d5,60d7486e196f034c55e69df3219d58fe7fc987a87f047e1e750b8e35c733faf3,2026-09-29T17:52:29.073304+09:00,2026-09-29T17:52:29.564707+09:00,Checked WIN certificate.,,raw/series/threads_n05_b01_backpressure_fine_df/result.json,raw/series/threads_n05_b01_backpressure_fine_df/certificate.json,
53,threads,v1,threads_n05_b01_saturated_offers_fine_lazy,"{""B"": 1, ""group"": ""fine"", ""n"": 5, ""regime"": ""saturated_offers""}",inputs/threads_n05_b01_saturated_offers_fine.json,none,lazy,LOSS,LOSS,LOSS,PASS,64,64,384,224,224,,64,64,,0.037696708,0.01837975,0.02094075,PASS,NOT_APPLICABLE_LOSS,PASS,0.25342516700038686,2,9313c559cebe50761770490828e87dcfcc313b75bef92d60920b7a951fa45106,ff1e6b176f004ea85f1e99690a90388a6a4d24f44cd8d8e636fcd9337dcf67d5,60d7486e196f034c55e69df3219d58fe7fc987a87f047e1e750b8e35c733faf3,2026-09-29T17:52:30.017008+09:00,2026-09-29T17:52:30.270796+09:00,"The checked discovered-state losing certificate contains 64 states (0 unsafe) and 64/64 initial states; its stored root buckets retain every adversarial outcome and identify the outcomes in this certificate (local closure evidence, not a unique causal explanation).","{""initial_examples"": [{""enabled_action_buckets"": [{""action"": ""arrival"", ""controllable"": false, ""outcomes"": 1, ""outcomes_in_certificate_region"": 1, ""unsafe_outcome_examples"": [], ""unsafe_outcomes"": 0, ""update"": false}], ""pending"": [""rho_1"", ""rho_2"", ""rho_3"", ""rho_4"", ""rho_5""], ""physical"": [[""OLD"", ""I_q0""], [""OLD"", ""I""], [""OLD"", ""I""], [""OLD"", ""I""], [""OLD"", ""I""]], ""safe"": true, ""testers"": {}}, {""enabled_action_buckets"": [{""action"": ""arrival"", ""controllable"": false, ""outcomes"": 1, ""outcomes_in_certificate_region"": 1, ""unsafe_outcome_examples"": [], ""unsafe_outcomes"": 0, ""update"": false}, {""action"": ""dispatch_1"", ""controllable"": true, ""outcomes"": 1, ""outcomes_in_certificate_region"": 1, ""unsafe_outcome_examples"": [], ""unsafe_outcomes"": 0, ""update"": false}, {""action"": ""dispatch_2"", ""controllable"": true, ""outcomes"": 1, ""outcomes_in_certificate_region"": 1, ""unsafe_outcome_examples"": [], ""unsafe_outcomes"": 0, ""update"": false}, {""action"": ""dispatch_3"", ""controllable"": true, ""outcomes"": 1, ""outcomes_in_certificate_region"": 1, ""unsafe_outcome_examples"": [], ""unsafe_outcomes"": 0, ""update"": false}, {""action"": ""dispatch_4"", ""controllable"": true, ""outcomes"": 1, ""outcomes_in_certificate_region"": 1, ""unsafe_outcome_examples"": [], ""unsafe_outcomes"": 0, ""update"": false}, {""action"": ""dispatch_5"", ""controllable"": true, ""outcomes"": 1, ""outcomes_in_certificate_region"": 1, ""unsafe_outcome_examples"": [], ""unsafe_outcomes"": 0, ""update"": false}], ""pending"": [""rho_1"", ""rho_2"", ""rho_3"", ""rho_4"", ""rho_5""], ""physical"": [[""OLD"", ""I_q1""], [""OLD"", ""I""], [""OLD"", ""I""], [""OLD"", ""I""], [""OLD"", ""I""]], ""safe"": true, ""testers"": {}}, {""enabled_action_buckets"": [{""action"": ""arrival"", ""controllable"": false, ""outcomes"": 1, ""outcomes_in_certificate_region"": 1, ""unsafe_outcome_examples"": [], ""unsafe_outcomes"": 0, ""update"": false}, {""action"": ""finish_1"", ""controllable"": false, ""outcomes"": 1, ""outcomes_in_certificate_region"": 1, ""unsafe_outcome_examples"": [], ""unsafe_outcomes"": 0, ""update"": false}], ""pending"": [""rho_1"", ""rho_2"", ""rho_3"", ""rho_4"", ""rho_5""], ""physical"": [[""OLD"", ""B_q0""], [""OLD"", ""I""], [""OLD"", ""I""], [""OLD"", ""I""], [""OLD"", ""I""]], ""safe"": true, ""testers"": {}}], ""initial_examples_limit"": 3, ""initial_states"": 64, ""losing_initial_states"": 64, ""region_states"": 64, ""safe_region_states"": 64, ""scope"": ""checked discovered-state losing certificate; sampled local root closure evidence, not a unique whole-game causal explanation"", ""unsafe_region_states"": 0}",raw/series/threads_n05_b01_saturated_offers_fine_lazy/result.json,raw/series/threads_n05_b01_saturated_offers_fine_lazy/certificate.json,
54,threads,v1,threads_n05_b01_saturated_offers_e1merged_lazy,"{""B"": 1, ""group"": ""fine"", ""n"": 5, ""regime"": ""saturated_offers""}",inputs/threads_n05_b01_saturated_offers_fine.json,transfers,lazy,LOSS,LOSS,LOSS,PASS,64,64,384,224,224,,64,64,,0.036194209,0.012825042,0.01935,PASS,NOT_APPLICABLE_LOSS,PASS,0.3146927079651505,2,9313c559cebe50761770490828e87dcfcc313b75bef92d60920b7a951fa45106,ff1e6b176f004ea85f1e99690a90388a6a4d24f44cd8d8e636fcd9337dcf67d5,60d7486e196f034c55e69df3219d58fe7fc987a87f047e1e750b8e35c733faf3,2026-09-29T17:52:30.722742+09:00,2026-09-29T17:52:31.037796+09:00,"The checked discovered-state losing certificate contains 64 states (0 unsafe) and 64/64 initial states; its stored root buckets retain every adversarial outcome and identify the outcomes in this certificate (local closure evidence, not a unique causal explanation).","{""initial_examples"": [{""enabled_action_buckets"": [{""action"": ""arrival"", ""controllable"": false, ""outcomes"": 1, ""outcomes_in_certificate_region"": 1, ""unsafe_outcome_examples"": [], ""unsafe_outcomes"": 0, ""update"": false}], ""pending"": [""ablation.merge.transfers""], ""physical"": [[""OLD"", ""I_q0""], [""OLD"", ""I""], [""OLD"", ""I""], [""OLD"", ""I""], [""OLD"", ""I""]], ""safe"": true, ""testers"": {}}, {""enabled_action_buckets"": [{""action"": ""arrival"", ""controllable"": false, ""outcomes"": 1, ""outcomes_in_certificate_region"": 1, ""unsafe_outcome_examples"": [], ""unsafe_outcomes"": 0, ""update"": false}, {""action"": ""dispatch_1"", ""controllable"": true, ""outcomes"": 1, ""outcomes_in_certificate_region"": 1, ""unsafe_outcome_examples"": [], ""unsafe_outcomes"": 0, ""update"": false}, {""action"": ""dispatch_2"", ""controllable"": true, ""outcomes"": 1, ""outcomes_in_certificate_region"": 1, ""unsafe_outcome_examples"": [], ""unsafe_outcomes"": 0, ""update"": false}, {""action"": ""dispatch_3"", ""controllable"": true, ""outcomes"": 1, ""outcomes_in_certificate_region"": 1, ""unsafe_outcome_examples"": [], ""unsafe_outcomes"": 0, ""update"": false}, {""action"": ""dispatch_4"", ""controllable"": true, ""outcomes"": 1, ""outcomes_in_certificate_region"": 1, ""unsafe_outcome_examples"": [], ""unsafe_outcomes"": 0, ""update"": false}, {""action"": ""dispatch_5"", ""controllable"": true, ""outcomes"": 1, ""outcomes_in_certificate_region"": 1, ""unsafe_outcome_examples"": [], ""unsafe_outcomes"": 0, ""update"": false}], ""pending"": [""ablation.merge.transfers""], ""physical"": [[""OLD"", ""I_q1""], [""OLD"", ""I""], [""OLD"", ""I""], [""OLD"", ""I""], [""OLD"", ""I""]], ""safe"": true, ""testers"": {}}, {""enabled_action_buckets"": [{""action"": ""arrival"", ""controllable"": false, ""outcomes"": 1, ""outcomes_in_certificate_region"": 1, ""unsafe_outcome_examples"": [], ""unsafe_outcomes"": 0, ""update"": false}, {""action"": ""finish_1"", ""controllable"": false, ""outcomes"": 1, ""outcomes_in_certificate_region"": 1, ""unsafe_outcome_examples"": [], ""unsafe_outcomes"": 0, ""update"": false}], ""pending"": [""ablation.merge.transfers""], ""physical"": [[""OLD"", ""B_q0""], [""OLD"", ""I""], [""OLD"", ""I""], [""OLD"", ""I""], [""OLD"", ""I""]], ""safe"": true, ""testers"": {}}], ""initial_examples_limit"": 3, ""initial_states"": 64, ""losing_initial_states"": 64, ""region_states"": 64, ""safe_region_states"": 64, ""scope"": ""checked discovered-state losing certificate; sampled local root closure evidence, not a unique whole-game causal explanation"", ""unsafe_region_states"": 0}",raw/series/threads_n05_b01_saturated_offers_e1merged_lazy/result.json,raw/series/threads_n05_b01_saturated_offers_e1merged_lazy/certificate.json,
55,threads,v1,threads_n05_b01_saturated_offers_generated_all_lazy,"{""B"": 1, ""group"": ""all"", ""n"": 5, ""regime"": ""saturated_offers""}",inputs/threads_n05_b01_saturated_offers_all.json,none,lazy,LOSS,LOSS,LOSS,PASS,64,64,384,224,224,,64,64,,0.03662775,0.014753959,0.022246958,PASS,NOT_APPLICABLE_LOSS,PASS,0.25984045903896913,2,da01e1c961510a55dcece9c684e1b613fa087af01a825157875a97f8ac936fee,ff1e6b176f004ea85f1e99690a90388a6a4d24f44cd8d8e636fcd9337dcf67d5,60d7486e196f034c55e69df3219d58fe7fc987a87f047e1e750b8e35c733faf3,2026-09-29T17:52:31.501686+09:00,2026-09-29T17:52:31.761897+09:00,"The checked discovered-state losing certificate contains 64 states (0 unsafe) and 64/64 initial states; its stored root buckets retain every adversarial outcome and identify the outcomes in this certificate (local closure evidence, not a unique causal explanation).","{""initial_examples"": [{""enabled_action_buckets"": [{""action"": ""arrival"", ""controllable"": false, ""outcomes"": 1, ""outcomes_in_certificate_region"": 1, ""unsafe_outcome_examples"": [], ""unsafe_outcomes"": 0, ""update"": false}], ""pending"": [""ablation.merge.transfers""], ""physical"": [[""OLD"", ""I_q0""], [""OLD"", ""I""], [""OLD"", ""I""], [""OLD"", ""I""], [""OLD"", ""I""]], ""safe"": true, ""testers"": {}}, {""enabled_action_buckets"": [{""action"": ""arrival"", ""controllable"": false, ""outcomes"": 1, ""outcomes_in_certificate_region"": 1, ""unsafe_outcome_examples"": [], ""unsafe_outcomes"": 0, ""update"": false}, {""action"": ""dispatch_1"", ""controllable"": true, ""outcomes"": 1, ""outcomes_in_certificate_region"": 1, ""unsafe_outcome_examples"": [], ""unsafe_outcomes"": 0, ""update"": false}, {""action"": ""dispatch_2"", ""controllable"": true, ""outcomes"": 1, ""outcomes_in_certificate_region"": 1, ""unsafe_outcome_examples"": [], ""unsafe_outcomes"": 0, ""update"": false}, {""action"": ""dispatch_3"", ""controllable"": true, ""outcomes"": 1, ""outcomes_in_certificate_region"": 1, ""unsafe_outcome_examples"": [], ""unsafe_outcomes"": 0, ""update"": false}, {""action"": ""dispatch_4"", ""controllable"": true, ""outcomes"": 1, ""outcomes_in_certificate_region"": 1, ""unsafe_outcome_examples"": [], ""unsafe_outcomes"": 0, ""update"": false}, {""action"": ""dispatch_5"", ""controllable"": true, ""outcomes"": 1, ""outcomes_in_certificate_region"": 1, ""unsafe_outcome_examples"": [], ""unsafe_outcomes"": 0, ""update"": false}], ""pending"": [""ablation.merge.transfers""], ""physical"": [[""OLD"", ""I_q1""], [""OLD"", ""I""], [""OLD"", ""I""], [""OLD"", ""I""], [""OLD"", ""I""]], ""safe"": true, ""testers"": {}}, {""enabled_action_buckets"": [{""action"": ""arrival"", ""controllable"": false, ""outcomes"": 1, ""outcomes_in_certificate_region"": 1, ""unsafe_outcome_examples"": [], ""unsafe_outcomes"": 0, ""update"": false}, {""action"": ""finish_1"", ""controllable"": false, ""outcomes"": 1, ""outcomes_in_certificate_region"": 1, ""unsafe_outcome_examples"": [], ""unsafe_outcomes"": 0, ""update"": false}], ""pending"": [""ablation.merge.transfers""], ""physical"": [[""OLD"", ""B_q0""], [""OLD"", ""I""], [""OLD"", ""I""], [""OLD"", ""I""], [""OLD"", ""I""]], ""safe"": true, ""testers"": {}}], ""initial_examples_limit"": 3, ""initial_states"": 64, ""losing_initial_states"": 64, ""region_states"": 64, ""safe_region_states"": 64, ""scope"": ""checked discovered-state losing certificate; sampled local root closure evidence, not a unique whole-game causal explanation"", ""unsafe_region_states"": 0}",raw/series/threads_n05_b01_saturated_offers_generated_all_lazy/result.json,raw/series/threads_n05_b01_saturated_offers_generated_all_lazy/certificate.json,
56,threads,v1,threads_n05_b01_saturated_offers_fine_df,"{""B"": 1, ""group"": ""fine"", ""n"": 5, ""regime"": ""saturated_offers""}",inputs/threads_n05_b01_saturated_offers_fine.json,none,direct_full,LOSS,LOSS,LOSS,PASS,64,64,1024,304,304,,64,64,,0.035338334,0.018624833,0.021875583,PASS,NOT_APPLICABLE_LOSS,PASS,0.2532155830413103,2,9313c559cebe50761770490828e87dcfcc313b75bef92d60920b7a951fa45106,ff1e6b176f004ea85f1e99690a90388a6a4d24f44cd8d8e636fcd9337dcf67d5,60d7486e196f034c55e69df3219d58fe7fc987a87f047e1e750b8e35c733faf3,2026-09-29T17:52:32.213228+09:00,2026-09-29T17:52:32.466766+09:00,"The checked discovered-state losing certificate contains 64 states (0 unsafe) and 64/64 initial states; its stored root buckets retain every adversarial outcome and identify the outcomes in this certificate (local closure evidence, not a unique causal explanation).","{""initial_examples"": [{""enabled_action_buckets"": [{""action"": ""arrival"", ""controllable"": false, ""outcomes"": 1, ""outcomes_in_certificate_region"": 1, ""unsafe_outcome_examples"": [], ""unsafe_outcomes"": 0, ""update"": false}], ""pending"": [""rho_1"", ""rho_2"", ""rho_3"", ""rho_4"", ""rho_5""], ""physical"": [[""OLD"", ""I_q0""], [""OLD"", ""I""], [""OLD"", ""I""], [""OLD"", ""I""], [""OLD"", ""I""]], ""safe"": true, ""testers"": {}}, {""enabled_action_buckets"": [{""action"": ""arrival"", ""controllable"": false, ""outcomes"": 1, ""outcomes_in_certificate_region"": 1, ""unsafe_outcome_examples"": [], ""unsafe_outcomes"": 0, ""update"": false}, {""action"": ""dispatch_1"", ""controllable"": true, ""outcomes"": 1, ""outcomes_in_certificate_region"": 1, ""unsafe_outcome_examples"": [], ""unsafe_outcomes"": 0, ""update"": false}, {""action"": ""dispatch_2"", ""controllable"": true, ""outcomes"": 1, ""outcomes_in_certificate_region"": 1, ""unsafe_outcome_examples"": [], ""unsafe_outcomes"": 0, ""update"": false}, {""action"": ""dispatch_3"", ""controllable"": true, ""outcomes"": 1, ""outcomes_in_certificate_region"": 1, ""unsafe_outcome_examples"": [], ""unsafe_outcomes"": 0, ""update"": false}, {""action"": ""dispatch_4"", ""controllable"": true, ""outcomes"": 1, ""outcomes_in_certificate_region"": 1, ""unsafe_outcome_examples"": [], ""unsafe_outcomes"": 0, ""update"": false}, {""action"": ""dispatch_5"", ""controllable"": true, ""outcomes"": 1, ""outcomes_in_certificate_region"": 1, ""unsafe_outcome_examples"": [], ""unsafe_outcomes"": 0, ""update"": false}], ""pending"": [""rho_1"", ""rho_2"", ""rho_3"", ""rho_4"", ""rho_5""], ""physical"": [[""OLD"", ""I_q1""], [""OLD"", ""I""], [""OLD"", ""I""], [""OLD"", ""I""], [""OLD"", ""I""]], ""safe"": true, ""testers"": {}}, {""enabled_action_buckets"": [{""action"": ""arrival"", ""controllable"": false, ""outcomes"": 1, ""outcomes_in_certificate_region"": 1, ""unsafe_outcome_examples"": [], ""unsafe_outcomes"": 0, ""update"": false}, {""action"": ""finish_1"", ""controllable"": false, ""outcomes"": 1, ""outcomes_in_certificate_region"": 1, ""unsafe_outcome_examples"": [], ""unsafe_outcomes"": 0, ""update"": false}], ""pending"": [""rho_1"", ""rho_2"", ""rho_3"", ""rho_4"", ""rho_5""], ""physical"": [[""OLD"", ""B_q0""], [""OLD"", ""I""], [""OLD"", ""I""], [""OLD"", ""I""], [""OLD"", ""I""]], ""safe"": true, ""testers"": {}}], ""initial_examples_limit"": 3, ""initial_states"": 64, ""losing_initial_states"": 64, ""region_states"": 64, ""safe_region_states"": 64, ""scope"": ""checked discovered-state losing certificate; sampled local root closure evidence, not a unique whole-game causal explanation"", ""unsafe_region_states"": 0}",raw/series/threads_n05_b01_saturated_offers_fine_df/result.json,raw/series/threads_n05_b01_saturated_offers_fine_df/certificate.json,
57,threads,v1,threads_n05_b02_backpressure_fine_lazy,"{""B"": 2, ""group"": ""fine"", ""n"": 5, ""regime"": ""backpressure""}",inputs/threads_n05_b02_backpressure_fine.json,none,lazy,WIN,WIN,WIN,PASS,101,100,605,309,309,12,,101,292,0.045580792,0.0303795,0.04915675,PASS,PASS,PASS,0.30532933300128207,0,058a133d5c17c6997c0b50aca167c9b169d1961e8f84647fb5cb6fac865bc2b0,ff1e6b176f004ea85f1e99690a90388a6a4d24f44cd8d8e636fcd9337dcf67d5,60d7486e196f034c55e69df3219d58fe7fc987a87f047e1e750b8e35c733faf3,2026-09-29T17:52:32.913142+09:00,2026-09-29T17:52:33.218820+09:00,Checked WIN certificate.,,raw/series/threads_n05_b02_backpressure_fine_lazy/result.json,raw/series/threads_n05_b02_backpressure_fine_lazy/certificate.json,
58,threads,v1,threads_n05_b02_backpressure_e1merged_lazy,"{""B"": 2, ""group"": ""fine"", ""n"": 5, ""regime"": ""backpressure""}",inputs/threads_n05_b02_backpressure_fine.json,transfers,lazy,WIN,WIN,WIN,PASS,97,96,577,305,305,8,,97,288,0.0460685,0.022043959,0.038545917,PASS,PASS,PASS,0.3205271670012735,0,058a133d5c17c6997c0b50aca167c9b169d1961e8f84647fb5cb6fac865bc2b0,ff1e6b176f004ea85f1e99690a90388a6a4d24f44cd8d8e636fcd9337dcf67d5,60d7486e196f034c55e69df3219d58fe7fc987a87f047e1e750b8e35c733faf3,2026-09-29T17:52:33.664549+09:00,2026-09-29T17:52:33.985440+09:00,Checked WIN certificate.,,raw/series/threads_n05_b02_backpressure_e1merged_lazy/result.json,raw/series/threads_n05_b02_backpressure_e1merged_lazy/certificate.json,
59,threads,v1,threads_n05_b02_backpressure_generated_all_lazy,"{""B"": 2, ""group"": ""all"", ""n"": 5, ""regime"": ""backpressure""}",inputs/threads_n05_b02_backpressure_all.json,none,lazy,WIN,WIN,WIN,PASS,97,96,577,305,305,8,,97,288,0.045675,0.025140666,0.0436045,PASS,PASS,PASS,0.2934559159912169,0,3753a7679f632f3b9ef8273ac20ea460aa88cda21b91539c0e373ec0839962e3,ff1e6b176f004ea85f1e99690a90388a6a4d24f44cd8d8e636fcd9337dcf67d5,60d7486e196f034c55e69df3219d58fe7fc987a87f047e1e750b8e35c733faf3,2026-09-29T17:52:34.434747+09:00,2026-09-29T17:52:34.728563+09:00,Checked WIN certificate.,,raw/series/threads_n05_b02_backpressure_generated_all_lazy/result.json,raw/series/threads_n05_b02_backpressure_generated_all_lazy/certificate.json,
60,threads,v1,threads_n05_b02_backpressure_fine_df,"{""B"": 2, ""group"": ""fine"", ""n"": 5, ""regime"": ""backpressure""}",inputs/threads_n05_b02_backpressure_fine.json,none,direct_full,WIN,WIN,WIN,PASS,2977,2976,40416,14464,14464,12,,101,292,0.043703375,0.394083792,0.053603875,PASS,PASS,PASS,0.6864149169996381,0,058a133d5c17c6997c0b50aca167c9b169d1961e8f84647fb5cb6fac865bc2b0,ff1e6b176f004ea85f1e99690a90388a6a4d24f44cd8d8e636fcd9337dcf67d5,60d7486e196f034c55e69df3219d58fe7fc987a87f047e1e750b8e35c733faf3,2026-09-29T17:52:35.174123+09:00,2026-09-29T17:52:35.860881+09:00,Checked WIN certificate.,,raw/series/threads_n05_b02_backpressure_fine_df/result.json,raw/series/threads_n05_b02_backpressure_fine_df/certificate.json,
61,threads,v1,threads_n05_b02_saturated_offers_fine_lazy,"{""B"": 2, ""group"": ""fine"", ""n"": 5, ""regime"": ""saturated_offers""}",inputs/threads_n05_b02_saturated_offers_fine.json,none,lazy,LOSS,LOSS,LOSS,PASS,96,96,576,336,336,,96,96,,0.04646075,0.022931875,0.025709083,PASS,NOT_APPLICABLE_LOSS,PASS,0.3129975000047125,2,f5e80d48540909a2dcb2faa8c7ef2ad7d66d6b715a0e0d313918df169ad918e0,ff1e6b176f004ea85f1e99690a90388a6a4d24f44cd8d8e636fcd9337dcf67d5,60d7486e196f034c55e69df3219d58fe7fc987a87f047e1e750b8e35c733faf3,2026-09-29T17:52:36.312008+09:00,2026-09-29T17:52:36.625378+09:00,"The checked discovered-state losing certificate contains 96 states (0 unsafe) and 96/96 initial states; its stored root buckets retain every adversarial outcome and identify the outcomes in this certificate (local closure evidence, not a unique causal explanation).","{""initial_examples"": [{""enabled_action_buckets"": [{""action"": ""arrival"", ""controllable"": false, ""outcomes"": 1, ""outcomes_in_certificate_region"": 1, ""unsafe_outcome_examples"": [], ""unsafe_outcomes"": 0, ""update"": false}], ""pending"": [""rho_1"", ""rho_2"", ""rho_3"", ""rho_4"", ""rho_5""], ""physical"": [[""OLD"", ""I_q0""], [""OLD"", ""I""], [""OLD"", ""I""], [""OLD"", ""I""], [""OLD"", ""I""]], ""safe"": true, ""testers"": {}}, {""enabled_action_buckets"": [{""action"": ""arrival"", ""controllable"": false, ""outcomes"": 1, ""outcomes_in_certificate_region"": 1, ""unsafe_outcome_examples"": [], ""unsafe_outcomes"": 0, ""update"": false}, {""action"": ""dispatch_1"", ""controllable"": true, ""outcomes"": 1, ""outcomes_in_certificate_region"": 1, ""unsafe_outcome_examples"": [], ""unsafe_outcomes"": 0, ""update"": false}, {""action"": ""dispatch_2"", ""controllable"": true, ""outcomes"": 1, ""outcomes_in_certificate_region"": 1, ""unsafe_outcome_examples"": [], ""unsafe_outcomes"": 0, ""update"": false}, {""action"": ""dispatch_3"", ""controllable"": true, ""outcomes"": 1, ""outcomes_in_certificate_region"": 1, ""unsafe_outcome_examples"": [], ""unsafe_outcomes"": 0, ""update"": false}, {""action"": ""dispatch_4"", ""controllable"": true, ""outcomes"": 1, ""outcomes_in_certificate_region"": 1, ""unsafe_outcome_examples"": [], ""unsafe_outcomes"": 0, ""update"": false}, {""action"": ""dispatch_5"", ""controllable"": true, ""outcomes"": 1, ""outcomes_in_certificate_region"": 1, ""unsafe_outcome_examples"": [], ""unsafe_outcomes"": 0, ""update"": false}], ""pending"": [""rho_1"", ""rho_2"", ""rho_3"", ""rho_4"", ""rho_5""], ""physical"": [[""OLD"", ""I_q1""], [""OLD"", ""I""], [""OLD"", ""I""], [""OLD"", ""I""], [""OLD"", ""I""]], ""safe"": true, ""testers"": {}}, {""enabled_action_buckets"": [{""action"": ""arrival"", ""controllable"": false, ""outcomes"": 1, ""outcomes_in_certificate_region"": 1, ""unsafe_outcome_examples"": [], ""unsafe_outcomes"": 0, ""update"": false}, {""action"": ""dispatch_1"", ""controllable"": true, ""outcomes"": 1, ""outcomes_in_certificate_region"": 1, ""unsafe_outcome_examples"": [], ""unsafe_outcomes"": 0, ""update"": false}, {""action"": ""dispatch_2"", ""controllable"": true, ""outcomes"": 1, ""outcomes_in_certificate_region"": 1, ""unsafe_outcome_examples"": [], ""unsafe_outcomes"": 0, ""update"": false}, {""action"": ""dispatch_3"", ""controllable"": true, ""outcomes"": 1, ""outcomes_in_certificate_region"": 1, ""unsafe_outcome_examples"": [], ""unsafe_outcomes"": 0, ""update"": false}, {""action"": ""dispatch_4"", ""controllable"": true, ""outcomes"": 1, ""outcomes_in_certificate_region"": 1, ""unsafe_outcome_examples"": [], ""unsafe_outcomes"": 0, ""update"": false}, {""action"": ""dispatch_5"", ""controllable"": true, ""outcomes"": 1, ""outcomes_in_certificate_region"": 1, ""unsafe_outcome_examples"": [], ""unsafe_outcomes"": 0, ""update"": false}], ""pending"": [""rho_1"", ""rho_2"", ""rho_3"", ""rho_4"", ""rho_5""], ""physical"": [[""OLD"", ""I_q2""], [""OLD"", ""I""], [""OLD"", ""I""], [""OLD"", ""I""], [""OLD"", ""I""]], ""safe"": true, ""testers"": {}}], ""initial_examples_limit"": 3, ""initial_states"": 96, ""losing_initial_states"": 96, ""region_states"": 96, ""safe_region_states"": 96, ""scope"": ""checked discovered-state losing certificate; sampled local root closure evidence, not a unique whole-game causal explanation"", ""unsafe_region_states"": 0}",raw/series/threads_n05_b02_saturated_offers_fine_lazy/result.json,raw/series/threads_n05_b02_saturated_offers_fine_lazy/certificate.json,
62,threads,v1,threads_n05_b02_saturated_offers_e1merged_lazy,"{""B"": 2, ""group"": ""fine"", ""n"": 5, ""regime"": ""saturated_offers""}",inputs/threads_n05_b02_saturated_offers_fine.json,transfers,lazy,LOSS,LOSS,LOSS,PASS,96,96,576,336,336,,96,96,,0.04631,0.020672584,0.029411125,PASS,NOT_APPLICABLE_LOSS,PASS,0.31570566596928984,2,f5e80d48540909a2dcb2faa8c7ef2ad7d66d6b715a0e0d313918df169ad918e0,ff1e6b176f004ea85f1e99690a90388a6a4d24f44cd8d8e636fcd9337dcf67d5,60d7486e196f034c55e69df3219d58fe7fc987a87f047e1e750b8e35c733faf3,2026-09-29T17:52:37.082179+09:00,2026-09-29T17:52:37.398260+09:00,"The checked discovered-state losing certificate contains 96 states (0 unsafe) and 96/96 initial states; its stored root buckets retain every adversarial outcome and identify the outcomes in this certificate (local closure evidence, not a unique causal explanation).","{""initial_examples"": [{""enabled_action_buckets"": [{""action"": ""arrival"", ""controllable"": false, ""outcomes"": 1, ""outcomes_in_certificate_region"": 1, ""unsafe_outcome_examples"": [], ""unsafe_outcomes"": 0, ""update"": false}], ""pending"": [""ablation.merge.transfers""], ""physical"": [[""OLD"", ""I_q0""], [""OLD"", ""I""], [""OLD"", ""I""], [""OLD"", ""I""], [""OLD"", ""I""]], ""safe"": true, ""testers"": {}}, {""enabled_action_buckets"": [{""action"": ""arrival"", ""controllable"": false, ""outcomes"": 1, ""outcomes_in_certificate_region"": 1, ""unsafe_outcome_examples"": [], ""unsafe_outcomes"": 0, ""update"": false}, {""action"": ""dispatch_1"", ""controllable"": true, ""outcomes"": 1, ""outcomes_in_certificate_region"": 1, ""unsafe_outcome_examples"": [], ""unsafe_outcomes"": 0, ""update"": false}, {""action"": ""dispatch_2"", ""controllable"": true, ""outcomes"": 1, ""outcomes_in_certificate_region"": 1, ""unsafe_outcome_examples"": [], ""unsafe_outcomes"": 0, ""update"": false}, {""action"": ""dispatch_3"", ""controllable"": true, ""outcomes"": 1, ""outcomes_in_certificate_region"": 1, ""unsafe_outcome_examples"": [], ""unsafe_outcomes"": 0, ""update"": false}, {""action"": ""dispatch_4"", ""controllable"": true, ""outcomes"": 1, ""outcomes_in_certificate_region"": 1, ""unsafe_outcome_examples"": [], ""unsafe_outcomes"": 0, ""update"": false}, {""action"": ""dispatch_5"", ""controllable"": true, ""outcomes"": 1, ""outcomes_in_certificate_region"": 1, ""unsafe_outcome_examples"": [], ""unsafe_outcomes"": 0, ""update"": false}], ""pending"": [""ablation.merge.transfers""], ""physical"": [[""OLD"", ""I_q1""], [""OLD"", ""I""], [""OLD"", ""I""], [""OLD"", ""I""], [""OLD"", ""I""]], ""safe"": true, ""testers"": {}}, {""enabled_action_buckets"": [{""action"": ""arrival"", ""controllable"": false, ""outcomes"": 1, ""outcomes_in_certificate_region"": 1, ""unsafe_outcome_examples"": [], ""unsafe_outcomes"": 0, ""update"": false}, {""action"": ""dispatch_1"", ""controllable"": true, ""outcomes"": 1, ""outcomes_in_certificate_region"": 1, ""unsafe_outcome_examples"": [], ""unsafe_outcomes"": 0, ""update"": false}, {""action"": ""dispatch_2"", ""controllable"": true, ""outcomes"": 1, ""outcomes_in_certificate_region"": 1, ""unsafe_outcome_examples"": [], ""unsafe_outcomes"": 0, ""update"": false}, {""action"": ""dispatch_3"", ""controllable"": true, ""outcomes"": 1, ""outcomes_in_certificate_region"": 1, ""unsafe_outcome_examples"": [], ""unsafe_outcomes"": 0, ""update"": false}, {""action"": ""dispatch_4"", ""controllable"": true, ""outcomes"": 1, ""outcomes_in_certificate_region"": 1, ""unsafe_outcome_examples"": [], ""unsafe_outcomes"": 0, ""update"": false}, {""action"": ""dispatch_5"", ""controllable"": true, ""outcomes"": 1, ""outcomes_in_certificate_region"": 1, ""unsafe_outcome_examples"": [], ""unsafe_outcomes"": 0, ""update"": false}], ""pending"": [""ablation.merge.transfers""], ""physical"": [[""OLD"", ""I_q2""], [""OLD"", ""I""], [""OLD"", ""I""], [""OLD"", ""I""], [""OLD"", ""I""]], ""safe"": true, ""testers"": {}}], ""initial_examples_limit"": 3, ""initial_states"": 96, ""losing_initial_states"": 96, ""region_states"": 96, ""safe_region_states"": 96, ""scope"": ""checked discovered-state losing certificate; sampled local root closure evidence, not a unique whole-game causal explanation"", ""unsafe_region_states"": 0}",raw/series/threads_n05_b02_saturated_offers_e1merged_lazy/result.json,raw/series/threads_n05_b02_saturated_offers_e1merged_lazy/certificate.json,
63,threads,v1,threads_n05_b02_saturated_offers_generated_all_lazy,"{""B"": 2, ""group"": ""all"", ""n"": 5, ""regime"": ""saturated_offers""}",inputs/threads_n05_b02_saturated_offers_all.json,none,lazy,LOSS,LOSS,LOSS,PASS,96,96,576,336,336,,96,96,,0.054919375,0.025472542,0.024924458,PASS,NOT_APPLICABLE_LOSS,PASS,0.3173382499953732,2,478f53e4cb883c13c68982e4d778961ac8cd50649689181b7ef37e800fe59295,ff1e6b176f004ea85f1e99690a90388a6a4d24f44cd8d8e636fcd9337dcf67d5,60d7486e196f034c55e69df3219d58fe7fc987a87f047e1e750b8e35c733faf3,2026-09-29T17:52:37.857648+09:00,2026-09-29T17:52:38.175337+09:00,"The checked discovered-state losing certificate contains 96 states (0 unsafe) and 96/96 initial states; its stored root buckets retain every adversarial outcome and identify the outcomes in this certificate (local closure evidence, not a unique causal explanation).","{""initial_examples"": [{""enabled_action_buckets"": [{""action"": ""arrival"", ""controllable"": false, ""outcomes"": 1, ""outcomes_in_certificate_region"": 1, ""unsafe_outcome_examples"": [], ""unsafe_outcomes"": 0, ""update"": false}], ""pending"": [""ablation.merge.transfers""], ""physical"": [[""OLD"", ""I_q0""], [""OLD"", ""I""], [""OLD"", ""I""], [""OLD"", ""I""], [""OLD"", ""I""]], ""safe"": true, ""testers"": {}}, {""enabled_action_buckets"": [{""action"": ""arrival"", ""controllable"": false, ""outcomes"": 1, ""outcomes_in_certificate_region"": 1, ""unsafe_outcome_examples"": [], ""unsafe_outcomes"": 0, ""update"": false}, {""action"": ""dispatch_1"", ""controllable"": true, ""outcomes"": 1, ""outcomes_in_certificate_region"": 1, ""unsafe_outcome_examples"": [], ""unsafe_outcomes"": 0, ""update"": false}, {""action"": ""dispatch_2"", ""controllable"": true, ""outcomes"": 1, ""outcomes_in_certificate_region"": 1, ""unsafe_outcome_examples"": [], ""unsafe_outcomes"": 0, ""update"": false}, {""action"": ""dispatch_3"", ""controllable"": true, ""outcomes"": 1, ""outcomes_in_certificate_region"": 1, ""unsafe_outcome_examples"": [], ""unsafe_outcomes"": 0, ""update"": false}, {""action"": ""dispatch_4"", ""controllable"": true, ""outcomes"": 1, ""outcomes_in_certificate_region"": 1, ""unsafe_outcome_examples"": [], ""unsafe_outcomes"": 0, ""update"": false}, {""action"": ""dispatch_5"", ""controllable"": true, ""outcomes"": 1, ""outcomes_in_certificate_region"": 1, ""unsafe_outcome_examples"": [], ""unsafe_outcomes"": 0, ""update"": false}], ""pending"": [""ablation.merge.transfers""], ""physical"": [[""OLD"", ""I_q1""], [""OLD"", ""I""], [""OLD"", ""I""], [""OLD"", ""I""], [""OLD"", ""I""]], ""safe"": true, ""testers"": {}}, {""enabled_action_buckets"": [{""action"": ""arrival"", ""controllable"": false, ""outcomes"": 1, ""outcomes_in_certificate_region"": 1, ""unsafe_outcome_examples"": [], ""unsafe_outcomes"": 0, ""update"": false}, {""action"": ""dispatch_1"", ""controllable"": true, ""outcomes"": 1, ""outcomes_in_certificate_region"": 1, ""unsafe_outcome_examples"": [], ""unsafe_outcomes"": 0, ""update"": false}, {""action"": ""dispatch_2"", ""controllable"": true, ""outcomes"": 1, ""outcomes_in_certificate_region"": 1, ""unsafe_outcome_examples"": [], ""unsafe_outcomes"": 0, ""update"": false}, {""action"": ""dispatch_3"", ""controllable"": true, ""outcomes"": 1, ""outcomes_in_certificate_region"": 1, ""unsafe_outcome_examples"": [], ""unsafe_outcomes"": 0, ""update"": false}, {""action"": ""dispatch_4"", ""controllable"": true, ""outcomes"": 1, ""outcomes_in_certificate_region"": 1, ""unsafe_outcome_examples"": [], ""unsafe_outcomes"": 0, ""update"": false}, {""action"": ""dispatch_5"", ""controllable"": true, ""outcomes"": 1, ""outcomes_in_certificate_region"": 1, ""unsafe_outcome_examples"": [], ""unsafe_outcomes"": 0, ""update"": false}], ""pending"": [""ablation.merge.transfers""], ""physical"": [[""OLD"", ""I_q2""], [""OLD"", ""I""], [""OLD"", ""I""], [""OLD"", ""I""], [""OLD"", ""I""]], ""safe"": true, ""testers"": {}}], ""initial_examples_limit"": 3, ""initial_states"": 96, ""losing_initial_states"": 96, ""region_states"": 96, ""safe_region_states"": 96, ""scope"": ""checked discovered-state losing certificate; sampled local root closure evidence, not a unique whole-game causal explanation"", ""unsafe_region_states"": 0}",raw/series/threads_n05_b02_saturated_offers_generated_all_lazy/result.json,raw/series/threads_n05_b02_saturated_offers_generated_all_lazy/certificate.json,
64,threads,v1,threads_n05_b02_saturated_offers_fine_df,"{""B"": 2, ""group"": ""fine"", ""n"": 5, ""regime"": ""saturated_offers""}",inputs/threads_n05_b02_saturated_offers_fine.json,none,direct_full,LOSS,LOSS,LOSS,PASS,96,96,1536,496,496,,96,96,,0.044972833,0.025239375,0.024979291,PASS,NOT_APPLICABLE_LOSS,PASS,0.2568025420187041,2,f5e80d48540909a2dcb2faa8c7ef2ad7d66d6b715a0e0d313918df169ad918e0,ff1e6b176f004ea85f1e99690a90388a6a4d24f44cd8d8e636fcd9337dcf67d5,60d7486e196f034c55e69df3219d58fe7fc987a87f047e1e750b8e35c733faf3,2026-09-29T17:52:38.628041+09:00,2026-09-29T17:52:38.885198+09:00,"The checked discovered-state losing certificate contains 96 states (0 unsafe) and 96/96 initial states; its stored root buckets retain every adversarial outcome and identify the outcomes in this certificate (local closure evidence, not a unique causal explanation).","{""initial_examples"": [{""enabled_action_buckets"": [{""action"": ""arrival"", ""controllable"": false, ""outcomes"": 1, ""outcomes_in_certificate_region"": 1, ""unsafe_outcome_examples"": [], ""unsafe_outcomes"": 0, ""update"": false}], ""pending"": [""rho_1"", ""rho_2"", ""rho_3"", ""rho_4"", ""rho_5""], ""physical"": [[""OLD"", ""I_q0""], [""OLD"", ""I""], [""OLD"", ""I""], [""OLD"", ""I""], [""OLD"", ""I""]], ""safe"": true, ""testers"": {}}, {""enabled_action_buckets"": [{""action"": ""arrival"", ""controllable"": false, ""outcomes"": 1, ""outcomes_in_certificate_region"": 1, ""unsafe_outcome_examples"": [], ""unsafe_outcomes"": 0, ""update"": false}, {""action"": ""dispatch_1"", ""controllable"": true, ""outcomes"": 1, ""outcomes_in_certificate_region"": 1, ""unsafe_outcome_examples"": [], ""unsafe_outcomes"": 0, ""update"": false}, {""action"": ""dispatch_2"", ""controllable"": true, ""outcomes"": 1, ""outcomes_in_certificate_region"": 1, ""unsafe_outcome_examples"": [], ""unsafe_outcomes"": 0, ""update"": false}, {""action"": ""dispatch_3"", ""controllable"": true, ""outcomes"": 1, ""outcomes_in_certificate_region"": 1, ""unsafe_outcome_examples"": [], ""unsafe_outcomes"": 0, ""update"": false}, {""action"": ""dispatch_4"", ""controllable"": true, ""outcomes"": 1, ""outcomes_in_certificate_region"": 1, ""unsafe_outcome_examples"": [], ""unsafe_outcomes"": 0, ""update"": false}, {""action"": ""dispatch_5"", ""controllable"": true, ""outcomes"": 1, ""outcomes_in_certificate_region"": 1, ""unsafe_outcome_examples"": [], ""unsafe_outcomes"": 0, ""update"": false}], ""pending"": [""rho_1"", ""rho_2"", ""rho_3"", ""rho_4"", ""rho_5""], ""physical"": [[""OLD"", ""I_q1""], [""OLD"", ""I""], [""OLD"", ""I""], [""OLD"", ""I""], [""OLD"", ""I""]], ""safe"": true, ""testers"": {}}, {""enabled_action_buckets"": [{""action"": ""arrival"", ""controllable"": false, ""outcomes"": 1, ""outcomes_in_certificate_region"": 1, ""unsafe_outcome_examples"": [], ""unsafe_outcomes"": 0, ""update"": false}, {""action"": ""dispatch_1"", ""controllable"": true, ""outcomes"": 1, ""outcomes_in_certificate_region"": 1, ""unsafe_outcome_examples"": [], ""unsafe_outcomes"": 0, ""update"": false}, {""action"": ""dispatch_2"", ""controllable"": true, ""outcomes"": 1, ""outcomes_in_certificate_region"": 1, ""unsafe_outcome_examples"": [], ""unsafe_outcomes"": 0, ""update"": false}, {""action"": ""dispatch_3"", ""controllable"": true, ""outcomes"": 1, ""outcomes_in_certificate_region"": 1, ""unsafe_outcome_examples"": [], ""unsafe_outcomes"": 0, ""update"": false}, {""action"": ""dispatch_4"", ""controllable"": true, ""outcomes"": 1, ""outcomes_in_certificate_region"": 1, ""unsafe_outcome_examples"": [], ""unsafe_outcomes"": 0, ""update"": false}, {""action"": ""dispatch_5"", ""controllable"": true, ""outcomes"": 1, ""outcomes_in_certificate_region"": 1, ""unsafe_outcome_examples"": [], ""unsafe_outcomes"": 0, ""update"": false}], ""pending"": [""rho_1"", ""rho_2"", ""rho_3"", ""rho_4"", ""rho_5""], ""physical"": [[""OLD"", ""I_q2""], [""OLD"", ""I""], [""OLD"", ""I""], [""OLD"", ""I""], [""OLD"", ""I""]], ""safe"": true, ""testers"": {}}], ""initial_examples_limit"": 3, ""initial_states"": 96, ""losing_initial_states"": 96, ""region_states"": 96, ""safe_region_states"": 96, ""scope"": ""checked discovered-state losing certificate; sampled local root closure evidence, not a unique whole-game causal explanation"", ""unsafe_region_states"": 0}",raw/series/threads_n05_b02_saturated_offers_fine_df/result.json,raw/series/threads_n05_b02_saturated_offers_fine_df/certificate.json,
65,threads,v1,threads_n06_b01_backpressure_fine_lazy,"{""B"": 1, ""group"": ""fine"", ""n"": 6, ""regime"": ""backpressure""}",inputs/threads_n06_b01_backpressure_fine.json,none,lazy,WIN,WIN,WIN,PASS,134,133,937,454,454,13,,134,389,0.053942542,0.039926833,0.063940667,PASS,PASS,PASS,0.3614524999866262,0,15ecb42c776fa0820eaf8b51722ba3dafab19544e8372f0421107205056d7e1f,ff1e6b176f004ea85f1e99690a90388a6a4d24f44cd8d8e636fcd9337dcf67d5,60d7486e196f034c55e69df3219d58fe7fc987a87f047e1e750b8e35c733faf3,2026-09-29T17:52:39.336467+09:00,2026-09-29T17:52:39.698317+09:00,Checked WIN certificate.,,raw/series/threads_n06_b01_backpressure_fine_lazy/result.json,raw/series/threads_n06_b01_backpressure_fine_lazy/certificate.json,
66,threads,v1,threads_n06_b01_backpressure_e1merged_lazy,"{""B"": 1, ""group"": ""fine"", ""n"": 6, ""regime"": ""backpressure""}",inputs/threads_n06_b01_backpressure_fine.json,transfers,lazy,WIN,WIN,WIN,PASS,129,128,897,449,449,8,,129,384,0.054969292,0.034051333,0.052116166,PASS,PASS,PASS,0.3716063750325702,0,15ecb42c776fa0820eaf8b51722ba3dafab19544e8372f0421107205056d7e1f,ff1e6b176f004ea85f1e99690a90388a6a4d24f44cd8d8e636fcd9337dcf67d5,60d7486e196f034c55e69df3219d58fe7fc987a87f047e1e750b8e35c733faf3,2026-09-29T17:52:40.152803+09:00,2026-09-29T17:52:40.524815+09:00,Checked WIN certificate.,,raw/series/threads_n06_b01_backpressure_e1merged_lazy/result.json,raw/series/threads_n06_b01_backpressure_e1merged_lazy/certificate.json,
67,threads,v1,threads_n06_b01_backpressure_generated_all_lazy,"{""B"": 1, ""group"": ""all"", ""n"": 6, ""regime"": ""backpressure""}",inputs/threads_n06_b01_backpressure_all.json,none,lazy,WIN,WIN,WIN,PASS,129,128,897,449,449,8,,129,384,0.055328083,0.039571042,0.050152167,PASS,PASS,PASS,0.3726346669718623,0,3219276e6d1552a9c44acc129d8c8c398def793089e277bf55f5bc77b893e23b,ff1e6b176f004ea85f1e99690a90388a6a4d24f44cd8d8e636fcd9337dcf67d5,60d7486e196f034c55e69df3219d58fe7fc987a87f047e1e750b8e35c733faf3,2026-09-29T17:52:40.990822+09:00,2026-09-29T17:52:41.363846+09:00,Checked WIN certificate.,,raw/series/threads_n06_b01_backpressure_generated_all_lazy/result.json,raw/series/threads_n06_b01_backpressure_generated_all_lazy/certificate.json,
68,threads,v1,threads_n06_b01_backpressure_fine_df,"{""B"": 1, ""group"": ""fine"", ""n"": 6, ""regime"": ""backpressure""}",inputs/threads_n06_b01_backpressure_fine.json,none,direct_full,WIN,WIN,WIN,PASS,8065,8064,129408,40512,40512,13,,134,389,0.055216791,0.870628125,0.052638375,PASS,PASS,PASS,1.215030667022802,0,15ecb42c776fa0820eaf8b51722ba3dafab19544e8372f0421107205056d7e1f,ff1e6b176f004ea85f1e99690a90388a6a4d24f44cd8d8e636fcd9337dcf67d5,60d7486e196f034c55e69df3219d58fe7fc987a87f047e1e750b8e35c733faf3,2026-09-29T17:52:41.832061+09:00,2026-09-29T17:52:43.047486+09:00,Checked WIN certificate.,,raw/series/threads_n06_b01_backpressure_fine_df/result.json,raw/series/threads_n06_b01_backpressure_fine_df/certificate.json,
69,threads,v1,threads_n06_b01_saturated_offers_fine_lazy,"{""B"": 1, ""group"": ""fine"", ""n"": 6, ""regime"": ""saturated_offers""}",inputs/threads_n06_b01_saturated_offers_fine.json,none,lazy,LOSS,LOSS,LOSS,PASS,128,128,896,512,512,,128,128,,0.053891792,0.035200792,0.028280166,PASS,NOT_APPLICABLE_LOSS,PASS,0.3147551250294782,2,f7f40b33f6b7dc77511dcf9d2ba0b531ffb3789c3cf9f0488bfd48f52c352206,ff1e6b176f004ea85f1e99690a90388a6a4d24f44cd8d8e636fcd9337dcf67d5,60d7486e196f034c55e69df3219d58fe7fc987a87f047e1e750b8e35c733faf3,2026-09-29T17:52:43.518072+09:00,2026-09-29T17:52:43.833304+09:00,"The checked discovered-state losing certificate contains 128 states (0 unsafe) and 128/128 initial states; its stored root buckets retain every adversarial outcome and identify the outcomes in this certificate (local closure evidence, not a unique causal explanation).","{""initial_examples"": [{""enabled_action_buckets"": [{""action"": ""arrival"", ""controllable"": false, ""outcomes"": 1, ""outcomes_in_certificate_region"": 1, ""unsafe_outcome_examples"": [], ""unsafe_outcomes"": 0, ""update"": false}], ""pending"": [""rho_1"", ""rho_2"", ""rho_3"", ""rho_4"", ""rho_5"", ""rho_6""], ""physical"": [[""OLD"", ""I_q0""], [""OLD"", ""I""], [""OLD"", ""I""], [""OLD"", ""I""], [""OLD"", ""I""], [""OLD"", ""I""]], ""safe"": true, ""testers"": {}}, {""enabled_action_buckets"": [{""action"": ""arrival"", ""controllable"": false, ""outcomes"": 1, ""outcomes_in_certificate_region"": 1, ""unsafe_outcome_examples"": [], ""unsafe_outcomes"": 0, ""update"": false}, {""action"": ""dispatch_1"", ""controllable"": true, ""outcomes"": 1, ""outcomes_in_certificate_region"": 1, ""unsafe_outcome_examples"": [], ""unsafe_outcomes"": 0, ""update"": false}, {""action"": ""dispatch_2"", ""controllable"": true, ""outcomes"": 1, ""outcomes_in_certificate_region"": 1, ""unsafe_outcome_examples"": [], ""unsafe_outcomes"": 0, ""update"": false}, {""action"": ""dispatch_3"", ""controllable"": true, ""outcomes"": 1, ""outcomes_in_certificate_region"": 1, ""unsafe_outcome_examples"": [], ""unsafe_outcomes"": 0, ""update"": false}, {""action"": ""dispatch_4"", ""controllable"": true, ""outcomes"": 1, ""outcomes_in_certificate_region"": 1, ""unsafe_outcome_examples"": [], ""unsafe_outcomes"": 0, ""update"": false}, {""action"": ""dispatch_5"", ""controllable"": true, ""outcomes"": 1, ""outcomes_in_certificate_region"": 1, ""unsafe_outcome_examples"": [], ""unsafe_outcomes"": 0, ""update"": false}, {""action"": ""dispatch_6"", ""controllable"": true, ""outcomes"": 1, ""outcomes_in_certificate_region"": 1, ""unsafe_outcome_examples"": [], ""unsafe_outcomes"": 0, ""update"": false}], ""pending"": [""rho_1"", ""rho_2"", ""rho_3"", ""rho_4"", ""rho_5"", ""rho_6""], ""physical"": [[""OLD"", ""I_q1""], [""OLD"", ""I""], [""OLD"", ""I""], [""OLD"", ""I""], [""OLD"", ""I""], [""OLD"", ""I""]], ""safe"": true, ""testers"": {}}, {""enabled_action_buckets"": [{""action"": ""arrival"", ""controllable"": false, ""outcomes"": 1, ""outcomes_in_certificate_region"": 1, ""unsafe_outcome_examples"": [], ""unsafe_outcomes"": 0, ""update"": false}, {""action"": ""finish_1"", ""controllable"": false, ""outcomes"": 1, ""outcomes_in_certificate_region"": 1, ""unsafe_outcome_examples"": [], ""unsafe_outcomes"": 0, ""update"": false}], ""pending"": [""rho_1"", ""rho_2"", ""rho_3"", ""rho_4"", ""rho_5"", ""rho_6""], ""physical"": [[""OLD"", ""B_q0""], [""OLD"", ""I""], [""OLD"", ""I""], [""OLD"", ""I""], [""OLD"", ""I""], [""OLD"", ""I""]], ""safe"": true, ""testers"": {}}], ""initial_examples_limit"": 3, ""initial_states"": 128, ""losing_initial_states"": 128, ""region_states"": 128, ""safe_region_states"": 128, ""scope"": ""checked discovered-state losing certificate; sampled local root closure evidence, not a unique whole-game causal explanation"", ""unsafe_region_states"": 0}",raw/series/threads_n06_b01_saturated_offers_fine_lazy/result.json,raw/series/threads_n06_b01_saturated_offers_fine_lazy/certificate.json,
70,threads,v1,threads_n06_b01_saturated_offers_e1merged_lazy,"{""B"": 1, ""group"": ""fine"", ""n"": 6, ""regime"": ""saturated_offers""}",inputs/threads_n06_b01_saturated_offers_fine.json,transfers,lazy,LOSS,LOSS,LOSS,PASS,128,128,896,512,512,,128,128,,0.056432417,0.029759958,0.022987959,PASS,NOT_APPLICABLE_LOSS,PASS,0.31161562498891726,2,f7f40b33f6b7dc77511dcf9d2ba0b531ffb3789c3cf9f0488bfd48f52c352206,ff1e6b176f004ea85f1e99690a90388a6a4d24f44cd8d8e636fcd9337dcf67d5,60d7486e196f034c55e69df3219d58fe7fc987a87f047e1e750b8e35c733faf3,2026-09-29T17:52:44.294578+09:00,2026-09-29T17:52:44.606601+09:00,"The checked discovered-state losing certificate contains 128 states (0 unsafe) and 128/128 initial states; its stored root buckets retain every adversarial outcome and identify the outcomes in this certificate (local closure evidence, not a unique causal explanation).","{""initial_examples"": [{""enabled_action_buckets"": [{""action"": ""arrival"", ""controllable"": false, ""outcomes"": 1, ""outcomes_in_certificate_region"": 1, ""unsafe_outcome_examples"": [], ""unsafe_outcomes"": 0, ""update"": false}], ""pending"": [""ablation.merge.transfers""], ""physical"": [[""OLD"", ""I_q0""], [""OLD"", ""I""], [""OLD"", ""I""], [""OLD"", ""I""], [""OLD"", ""I""], [""OLD"", ""I""]], ""safe"": true, ""testers"": {}}, {""enabled_action_buckets"": [{""action"": ""arrival"", ""controllable"": false, ""outcomes"": 1, ""outcomes_in_certificate_region"": 1, ""unsafe_outcome_examples"": [], ""unsafe_outcomes"": 0, ""update"": false}, {""action"": ""dispatch_1"", ""controllable"": true, ""outcomes"": 1, ""outcomes_in_certificate_region"": 1, ""unsafe_outcome_examples"": [], ""unsafe_outcomes"": 0, ""update"": false}, {""action"": ""dispatch_2"", ""controllable"": true, ""outcomes"": 1, ""outcomes_in_certificate_region"": 1, ""unsafe_outcome_examples"": [], ""unsafe_outcomes"": 0, ""update"": false}, {""action"": ""dispatch_3"", ""controllable"": true, ""outcomes"": 1, ""outcomes_in_certificate_region"": 1, ""unsafe_outcome_examples"": [], ""unsafe_outcomes"": 0, ""update"": false}, {""action"": ""dispatch_4"", ""controllable"": true, ""outcomes"": 1, ""outcomes_in_certificate_region"": 1, ""unsafe_outcome_examples"": [], ""unsafe_outcomes"": 0, ""update"": false}, {""action"": ""dispatch_5"", ""controllable"": true, ""outcomes"": 1, ""outcomes_in_certificate_region"": 1, ""unsafe_outcome_examples"": [], ""unsafe_outcomes"": 0, ""update"": false}, {""action"": ""dispatch_6"", ""controllable"": true, ""outcomes"": 1, ""outcomes_in_certificate_region"": 1, ""unsafe_outcome_examples"": [], ""unsafe_outcomes"": 0, ""update"": false}], ""pending"": [""ablation.merge.transfers""], ""physical"": [[""OLD"", ""I_q1""], [""OLD"", ""I""], [""OLD"", ""I""], [""OLD"", ""I""], [""OLD"", ""I""], [""OLD"", ""I""]], ""safe"": true, ""testers"": {}}, {""enabled_action_buckets"": [{""action"": ""arrival"", ""controllable"": false, ""outcomes"": 1, ""outcomes_in_certificate_region"": 1, ""unsafe_outcome_examples"": [], ""unsafe_outcomes"": 0, ""update"": false}, {""action"": ""finish_1"", ""controllable"": false, ""outcomes"": 1, ""outcomes_in_certificate_region"": 1, ""unsafe_outcome_examples"": [], ""unsafe_outcomes"": 0, ""update"": false}], ""pending"": [""ablation.merge.transfers""], ""physical"": [[""OLD"", ""B_q0""], [""OLD"", ""I""], [""OLD"", ""I""], [""OLD"", ""I""], [""OLD"", ""I""], [""OLD"", ""I""]], ""safe"": true, ""testers"": {}}], ""initial_examples_limit"": 3, ""initial_states"": 128, ""losing_initial_states"": 128, ""region_states"": 128, ""safe_region_states"": 128, ""scope"": ""checked discovered-state losing certificate; sampled local root closure evidence, not a unique whole-game causal explanation"", ""unsafe_region_states"": 0}",raw/series/threads_n06_b01_saturated_offers_e1merged_lazy/result.json,raw/series/threads_n06_b01_saturated_offers_e1merged_lazy/certificate.json,
71,threads,v1,threads_n06_b01_saturated_offers_generated_all_lazy,"{""B"": 1, ""group"": ""all"", ""n"": 6, ""regime"": ""saturated_offers""}",inputs/threads_n06_b01_saturated_offers_all.json,none,lazy,LOSS,LOSS,LOSS,PASS,128,128,896,512,512,,128,128,,0.054520125,0.033971542,0.025601416,PASS,NOT_APPLICABLE_LOSS,PASS,0.31830508302664384,2,cc61e741b5939d6c8c1a83fbc8ef38d53a50c8256fd305ce74540177c13df909,ff1e6b176f004ea85f1e99690a90388a6a4d24f44cd8d8e636fcd9337dcf67d5,60d7486e196f034c55e69df3219d58fe7fc987a87f047e1e750b8e35c733faf3,2026-09-29T17:52:45.067534+09:00,2026-09-29T17:52:45.386328+09:00,"The checked discovered-state losing certificate contains 128 states (0 unsafe) and 128/128 initial states; its stored root buckets retain every adversarial outcome and identify the outcomes in this certificate (local closure evidence, not a unique causal explanation).","{""initial_examples"": [{""enabled_action_buckets"": [{""action"": ""arrival"", ""controllable"": false, ""outcomes"": 1, ""outcomes_in_certificate_region"": 1, ""unsafe_outcome_examples"": [], ""unsafe_outcomes"": 0, ""update"": false}], ""pending"": [""ablation.merge.transfers""], ""physical"": [[""OLD"", ""I_q0""], [""OLD"", ""I""], [""OLD"", ""I""], [""OLD"", ""I""], [""OLD"", ""I""], [""OLD"", ""I""]], ""safe"": true, ""testers"": {}}, {""enabled_action_buckets"": [{""action"": ""arrival"", ""controllable"": false, ""outcomes"": 1, ""outcomes_in_certificate_region"": 1, ""unsafe_outcome_examples"": [], ""unsafe_outcomes"": 0, ""update"": false}, {""action"": ""dispatch_1"", ""controllable"": true, ""outcomes"": 1, ""outcomes_in_certificate_region"": 1, ""unsafe_outcome_examples"": [], ""unsafe_outcomes"": 0, ""update"": false}, {""action"": ""dispatch_2"", ""controllable"": true, ""outcomes"": 1, ""outcomes_in_certificate_region"": 1, ""unsafe_outcome_examples"": [], ""unsafe_outcomes"": 0, ""update"": false}, {""action"": ""dispatch_3"", ""controllable"": true, ""outcomes"": 1, ""outcomes_in_certificate_region"": 1, ""unsafe_outcome_examples"": [], ""unsafe_outcomes"": 0, ""update"": false}, {""action"": ""dispatch_4"", ""controllable"": true, ""outcomes"": 1, ""outcomes_in_certificate_region"": 1, ""unsafe_outcome_examples"": [], ""unsafe_outcomes"": 0, ""update"": false}, {""action"": ""dispatch_5"", ""controllable"": true, ""outcomes"": 1, ""outcomes_in_certificate_region"": 1, ""unsafe_outcome_examples"": [], ""unsafe_outcomes"": 0, ""update"": false}, {""action"": ""dispatch_6"", ""controllable"": true, ""outcomes"": 1, ""outcomes_in_certificate_region"": 1, ""unsafe_outcome_examples"": [], ""unsafe_outcomes"": 0, ""update"": false}], ""pending"": [""ablation.merge.transfers""], ""physical"": [[""OLD"", ""I_q1""], [""OLD"", ""I""], [""OLD"", ""I""], [""OLD"", ""I""], [""OLD"", ""I""], [""OLD"", ""I""]], ""safe"": true, ""testers"": {}}, {""enabled_action_buckets"": [{""action"": ""arrival"", ""controllable"": false, ""outcomes"": 1, ""outcomes_in_certificate_region"": 1, ""unsafe_outcome_examples"": [], ""unsafe_outcomes"": 0, ""update"": false}, {""action"": ""finish_1"", ""controllable"": false, ""outcomes"": 1, ""outcomes_in_certificate_region"": 1, ""unsafe_outcome_examples"": [], ""unsafe_outcomes"": 0, ""update"": false}], ""pending"": [""ablation.merge.transfers""], ""physical"": [[""OLD"", ""B_q0""], [""OLD"", ""I""], [""OLD"", ""I""], [""OLD"", ""I""], [""OLD"", ""I""], [""OLD"", ""I""]], ""safe"": true, ""testers"": {}}], ""initial_examples_limit"": 3, ""initial_states"": 128, ""losing_initial_states"": 128, ""region_states"": 128, ""safe_region_states"": 128, ""scope"": ""checked discovered-state losing certificate; sampled local root closure evidence, not a unique whole-game causal explanation"", ""unsafe_region_states"": 0}",raw/series/threads_n06_b01_saturated_offers_generated_all_lazy/result.json,raw/series/threads_n06_b01_saturated_offers_generated_all_lazy/certificate.json,
72,threads,v1,threads_n06_b01_saturated_offers_fine_df,"{""B"": 1, ""group"": ""fine"", ""n"": 6, ""regime"": ""saturated_offers""}",inputs/threads_n06_b01_saturated_offers_fine.json,none,direct_full,LOSS,LOSS,LOSS,PASS,128,128,2432,704,704,,128,128,,0.055049042,0.0391575,0.027250083,PASS,NOT_APPLICABLE_LOSS,PASS,0.3142662920290604,2,f7f40b33f6b7dc77511dcf9d2ba0b531ffb3789c3cf9f0488bfd48f52c352206,ff1e6b176f004ea85f1e99690a90388a6a4d24f44cd8d8e636fcd9337dcf67d5,60d7486e196f034c55e69df3219d58fe7fc987a87f047e1e750b8e35c733faf3,2026-09-29T17:52:45.852307+09:00,2026-09-29T17:52:46.167003+09:00,"The checked discovered-state losing certificate contains 128 states (0 unsafe) and 128/128 initial states; its stored root buckets retain every adversarial outcome and identify the outcomes in this certificate (local closure evidence, not a unique causal explanation).","{""initial_examples"": [{""enabled_action_buckets"": [{""action"": ""arrival"", ""controllable"": false, ""outcomes"": 1, ""outcomes_in_certificate_region"": 1, ""unsafe_outcome_examples"": [], ""unsafe_outcomes"": 0, ""update"": false}], ""pending"": [""rho_1"", ""rho_2"", ""rho_3"", ""rho_4"", ""rho_5"", ""rho_6""], ""physical"": [[""OLD"", ""I_q0""], [""OLD"", ""I""], [""OLD"", ""I""], [""OLD"", ""I""], [""OLD"", ""I""], [""OLD"", ""I""]], ""safe"": true, ""testers"": {}}, {""enabled_action_buckets"": [{""action"": ""arrival"", ""controllable"": false, ""outcomes"": 1, ""outcomes_in_certificate_region"": 1, ""unsafe_outcome_examples"": [], ""unsafe_outcomes"": 0, ""update"": false}, {""action"": ""dispatch_1"", ""controllable"": true, ""outcomes"": 1, ""outcomes_in_certificate_region"": 1, ""unsafe_outcome_examples"": [], ""unsafe_outcomes"": 0, ""update"": false}, {""action"": ""dispatch_2"", ""controllable"": true, ""outcomes"": 1, ""outcomes_in_certificate_region"": 1, ""unsafe_outcome_examples"": [], ""unsafe_outcomes"": 0, ""update"": false}, {""action"": ""dispatch_3"", ""controllable"": true, ""outcomes"": 1, ""outcomes_in_certificate_region"": 1, ""unsafe_outcome_examples"": [], ""unsafe_outcomes"": 0, ""update"": false}, {""action"": ""dispatch_4"", ""controllable"": true, ""outcomes"": 1, ""outcomes_in_certificate_region"": 1, ""unsafe_outcome_examples"": [], ""unsafe_outcomes"": 0, ""update"": false}, {""action"": ""dispatch_5"", ""controllable"": true, ""outcomes"": 1, ""outcomes_in_certificate_region"": 1, ""unsafe_outcome_examples"": [], ""unsafe_outcomes"": 0, ""update"": false}, {""action"": ""dispatch_6"", ""controllable"": true, ""outcomes"": 1, ""outcomes_in_certificate_region"": 1, ""unsafe_outcome_examples"": [], ""unsafe_outcomes"": 0, ""update"": false}], ""pending"": [""rho_1"", ""rho_2"", ""rho_3"", ""rho_4"", ""rho_5"", ""rho_6""], ""physical"": [[""OLD"", ""I_q1""], [""OLD"", ""I""], [""OLD"", ""I""], [""OLD"", ""I""], [""OLD"", ""I""], [""OLD"", ""I""]], ""safe"": true, ""testers"": {}}, {""enabled_action_buckets"": [{""action"": ""arrival"", ""controllable"": false, ""outcomes"": 1, ""outcomes_in_certificate_region"": 1, ""unsafe_outcome_examples"": [], ""unsafe_outcomes"": 0, ""update"": false}, {""action"": ""finish_1"", ""controllable"": false, ""outcomes"": 1, ""outcomes_in_certificate_region"": 1, ""unsafe_outcome_examples"": [], ""unsafe_outcomes"": 0, ""update"": false}], ""pending"": [""rho_1"", ""rho_2"", ""rho_3"", ""rho_4"", ""rho_5"", ""rho_6""], ""physical"": [[""OLD"", ""B_q0""], [""OLD"", ""I""], [""OLD"", ""I""], [""OLD"", ""I""], [""OLD"", ""I""], [""OLD"", ""I""]], ""safe"": true, ""testers"": {}}], ""initial_examples_limit"": 3, ""initial_states"": 128, ""losing_initial_states"": 128, ""region_states"": 128, ""safe_region_states"": 128, ""scope"": ""checked discovered-state losing certificate; sampled local root closure evidence, not a unique whole-game causal explanation"", ""unsafe_region_states"": 0}",raw/series/threads_n06_b01_saturated_offers_fine_df/result.json,raw/series/threads_n06_b01_saturated_offers_fine_df/certificate.json,
73,threads,v1,threads_n06_b02_backpressure_fine_lazy,"{""B"": 2, ""group"": ""fine"", ""n"": 6, ""regime"": ""backpressure""}",inputs/threads_n06_b02_backpressure_fine.json,none,lazy,WIN,WIN,WIN,PASS,198,197,1385,710,710,14,,198,581,0.070251042,0.05206475,0.083513625,PASS,PASS,PASS,0.42468662501778454,0,64b121492cebf63292066f1defd547e1b103df2645fc86529fdcef51cd317859,ff1e6b176f004ea85f1e99690a90388a6a4d24f44cd8d8e636fcd9337dcf67d5,60d7486e196f034c55e69df3219d58fe7fc987a87f047e1e750b8e35c733faf3,2026-09-29T17:52:46.633454+09:00,2026-09-29T17:52:47.058593+09:00,Checked WIN certificate.,,raw/series/threads_n06_b02_backpressure_fine_lazy/result.json,raw/series/threads_n06_b02_backpressure_fine_lazy/certificate.json,
74,threads,v1,threads_n06_b02_backpressure_e1merged_lazy,"{""B"": 2, ""group"": ""fine"", ""n"": 6, ""regime"": ""backpressure""}",inputs/threads_n06_b02_backpressure_fine.json,transfers,lazy,WIN,WIN,WIN,PASS,193,192,1345,705,705,9,,193,576,0.071024875,0.049233083,0.074368208,PASS,PASS,PASS,0.48011516698170453,0,64b121492cebf63292066f1defd547e1b103df2645fc86529fdcef51cd317859,ff1e6b176f004ea85f1e99690a90388a6a4d24f44cd8d8e636fcd9337dcf67d5,60d7486e196f034c55e69df3219d58fe7fc987a87f047e1e750b8e35c733faf3,2026-09-29T17:52:47.528038+09:00,2026-09-29T17:52:48.008603+09:00,Checked WIN certificate.,,raw/series/threads_n06_b02_backpressure_e1merged_lazy/result.json,raw/series/threads_n06_b02_backpressure_e1merged_lazy/certificate.json,
75,threads,v1,threads_n06_b02_backpressure_generated_all_lazy,"{""B"": 2, ""group"": ""all"", ""n"": 6, ""regime"": ""backpressure""}",inputs/threads_n06_b02_backpressure_all.json,none,lazy,WIN,WIN,WIN,PASS,193,192,1345,705,705,9,,193,576,0.070019208,0.045689583,0.067892917,PASS,PASS,PASS,0.3642560000298545,0,7b80a2ddd9e8be1454530f2f33b835219546602d0c5fb193ebadd5c9de619a48,ff1e6b176f004ea85f1e99690a90388a6a4d24f44cd8d8e636fcd9337dcf67d5,60d7486e196f034c55e69df3219d58fe7fc987a87f047e1e750b8e35c733faf3,2026-09-29T17:52:48.482558+09:00,2026-09-29T17:52:48.848075+09:00,Checked WIN certificate.,,raw/series/threads_n06_b02_backpressure_generated_all_lazy/result.json,raw/series/threads_n06_b02_backpressure_generated_all_lazy/certificate.json,
76,threads,v1,threads_n06_b02_backpressure_fine_df,"{""B"": 2, ""group"": ""fine"", ""n"": 6, ""regime"": ""backpressure""}",inputs/threads_n06_b02_backpressure_fine.json,none,direct_full,WIN,WIN,WIN,PASS,12097,12096,194112,68736,68736,14,,198,581,0.070809084,1.486289875,0.069709334,PASS,PASS,PASS,1.8285717500257306,0,64b121492cebf63292066f1defd547e1b103df2645fc86529fdcef51cd317859,ff1e6b176f004ea85f1e99690a90388a6a4d24f44cd8d8e636fcd9337dcf67d5,60d7486e196f034c55e69df3219d58fe7fc987a87f047e1e750b8e35c733faf3,2026-09-29T17:52:49.312892+09:00,2026-09-29T17:52:51.141921+09:00,Checked WIN certificate.,,raw/series/threads_n06_b02_backpressure_fine_df/result.json,raw/series/threads_n06_b02_backpressure_fine_df/certificate.json,
77,threads,v1,threads_n06_b02_saturated_offers_fine_lazy,"{""B"": 2, ""group"": ""fine"", ""n"": 6, ""regime"": ""saturated_offers""}",inputs/threads_n06_b02_saturated_offers_fine.json,none,lazy,LOSS,LOSS,LOSS,PASS,192,192,1344,768,768,,192,192,,0.071786417,0.049380958,0.0311315,PASS,NOT_APPLICABLE_LOSS,PASS,0.35979795799357817,2,c7d6121e5b6704e55dbb97f6c9157fa370687184855a3183ffa4ee51792689e0,ff1e6b176f004ea85f1e99690a90388a6a4d24f44cd8d8e636fcd9337dcf67d5,60d7486e196f034c55e69df3219d58fe7fc987a87f047e1e750b8e35c733faf3,2026-09-29T17:52:51.609258+09:00,2026-09-29T17:52:51.969650+09:00,"The checked discovered-state losing certificate contains 192 states (0 unsafe) and 192/192 initial states; its stored root buckets retain every adversarial outcome and identify the outcomes in this certificate (local closure evidence, not a unique causal explanation).","{""initial_examples"": [{""enabled_action_buckets"": [{""action"": ""arrival"", ""controllable"": false, ""outcomes"": 1, ""outcomes_in_certificate_region"": 1, ""unsafe_outcome_examples"": [], ""unsafe_outcomes"": 0, ""update"": false}], ""pending"": [""rho_1"", ""rho_2"", ""rho_3"", ""rho_4"", ""rho_5"", ""rho_6""], ""physical"": [[""OLD"", ""I_q0""], [""OLD"", ""I""], [""OLD"", ""I""], [""OLD"", ""I""], [""OLD"", ""I""], [""OLD"", ""I""]], ""safe"": true, ""testers"": {}}, {""enabled_action_buckets"": [{""action"": ""arrival"", ""controllable"": false, ""outcomes"": 1, ""outcomes_in_certificate_region"": 1, ""unsafe_outcome_examples"": [], ""unsafe_outcomes"": 0, ""update"": false}, {""action"": ""dispatch_1"", ""controllable"": true, ""outcomes"": 1, ""outcomes_in_certificate_region"": 1, ""unsafe_outcome_examples"": [], ""unsafe_outcomes"": 0, ""update"": false}, {""action"": ""dispatch_2"", ""controllable"": true, ""outcomes"": 1, ""outcomes_in_certificate_region"": 1, ""unsafe_outcome_examples"": [], ""unsafe_outcomes"": 0, ""update"": false}, {""action"": ""dispatch_3"", ""controllable"": true, ""outcomes"": 1, ""outcomes_in_certificate_region"": 1, ""unsafe_outcome_examples"": [], ""unsafe_outcomes"": 0, ""update"": false}, {""action"": ""dispatch_4"", ""controllable"": true, ""outcomes"": 1, ""outcomes_in_certificate_region"": 1, ""unsafe_outcome_examples"": [], ""unsafe_outcomes"": 0, ""update"": false}, {""action"": ""dispatch_5"", ""controllable"": true, ""outcomes"": 1, ""outcomes_in_certificate_region"": 1, ""unsafe_outcome_examples"": [], ""unsafe_outcomes"": 0, ""update"": false}, {""action"": ""dispatch_6"", ""controllable"": true, ""outcomes"": 1, ""outcomes_in_certificate_region"": 1, ""unsafe_outcome_examples"": [], ""unsafe_outcomes"": 0, ""update"": false}], ""pending"": [""rho_1"", ""rho_2"", ""rho_3"", ""rho_4"", ""rho_5"", ""rho_6""], ""physical"": [[""OLD"", ""I_q1""], [""OLD"", ""I""], [""OLD"", ""I""], [""OLD"", ""I""], [""OLD"", ""I""], [""OLD"", ""I""]], ""safe"": true, ""testers"": {}}, {""enabled_action_buckets"": [{""action"": ""arrival"", ""controllable"": false, ""outcomes"": 1, ""outcomes_in_certificate_region"": 1, ""unsafe_outcome_examples"": [], ""unsafe_outcomes"": 0, ""update"": false}, {""action"": ""dispatch_1"", ""controllable"": true, ""outcomes"": 1, ""outcomes_in_certificate_region"": 1, ""unsafe_outcome_examples"": [], ""unsafe_outcomes"": 0, ""update"": false}, {""action"": ""dispatch_2"", ""controllable"": true, ""outcomes"": 1, ""outcomes_in_certificate_region"": 1, ""unsafe_outcome_examples"": [], ""unsafe_outcomes"": 0, ""update"": false}, {""action"": ""dispatch_3"", ""controllable"": true, ""outcomes"": 1, ""outcomes_in_certificate_region"": 1, ""unsafe_outcome_examples"": [], ""unsafe_outcomes"": 0, ""update"": false}, {""action"": ""dispatch_4"", ""controllable"": true, ""outcomes"": 1, ""outcomes_in_certificate_region"": 1, ""unsafe_outcome_examples"": [], ""unsafe_outcomes"": 0, ""update"": false}, {""action"": ""dispatch_5"", ""controllable"": true, ""outcomes"": 1, ""outcomes_in_certificate_region"": 1, ""unsafe_outcome_examples"": [], ""unsafe_outcomes"": 0, ""update"": false}, {""action"": ""dispatch_6"", ""controllable"": true, ""outcomes"": 1, ""outcomes_in_certificate_region"": 1, ""unsafe_outcome_examples"": [], ""unsafe_outcomes"": 0, ""update"": false}], ""pending"": [""rho_1"", ""rho_2"", ""rho_3"", ""rho_4"", ""rho_5"", ""rho_6""], ""physical"": [[""OLD"", ""I_q2""], [""OLD"", ""I""], [""OLD"", ""I""], [""OLD"", ""I""], [""OLD"", ""I""], [""OLD"", ""I""]], ""safe"": true, ""testers"": {}}], ""initial_examples_limit"": 3, ""initial_states"": 192, ""losing_initial_states"": 192, ""region_states"": 192, ""safe_region_states"": 192, ""scope"": ""checked discovered-state losing certificate; sampled local root closure evidence, not a unique whole-game causal explanation"", ""unsafe_region_states"": 0}",raw/series/threads_n06_b02_saturated_offers_fine_lazy/result.json,raw/series/threads_n06_b02_saturated_offers_fine_lazy/certificate.json,
78,threads,v1,threads_n06_b02_saturated_offers_e1merged_lazy,"{""B"": 2, ""group"": ""fine"", ""n"": 6, ""regime"": ""saturated_offers""}",inputs/threads_n06_b02_saturated_offers_fine.json,transfers,lazy,LOSS,LOSS,LOSS,PASS,192,192,1344,768,768,,192,192,,0.073017333,0.0407305,0.032463666,PASS,NOT_APPLICABLE_LOSS,PASS,0.40279850002843887,2,c7d6121e5b6704e55dbb97f6c9157fa370687184855a3183ffa4ee51792689e0,ff1e6b176f004ea85f1e99690a90388a6a4d24f44cd8d8e636fcd9337dcf67d5,60d7486e196f034c55e69df3219d58fe7fc987a87f047e1e750b8e35c733faf3,2026-09-29T17:52:52.438628+09:00,2026-09-29T17:52:52.841871+09:00,"The checked discovered-state losing certificate contains 192 states (0 unsafe) and 192/192 initial states; its stored root buckets retain every adversarial outcome and identify the outcomes in this certificate (local closure evidence, not a unique causal explanation).","{""initial_examples"": [{""enabled_action_buckets"": [{""action"": ""arrival"", ""controllable"": false, ""outcomes"": 1, ""outcomes_in_certificate_region"": 1, ""unsafe_outcome_examples"": [], ""unsafe_outcomes"": 0, ""update"": false}], ""pending"": [""ablation.merge.transfers""], ""physical"": [[""OLD"", ""I_q0""], [""OLD"", ""I""], [""OLD"", ""I""], [""OLD"", ""I""], [""OLD"", ""I""], [""OLD"", ""I""]], ""safe"": true, ""testers"": {}}, {""enabled_action_buckets"": [{""action"": ""arrival"", ""controllable"": false, ""outcomes"": 1, ""outcomes_in_certificate_region"": 1, ""unsafe_outcome_examples"": [], ""unsafe_outcomes"": 0, ""update"": false}, {""action"": ""dispatch_1"", ""controllable"": true, ""outcomes"": 1, ""outcomes_in_certificate_region"": 1, ""unsafe_outcome_examples"": [], ""unsafe_outcomes"": 0, ""update"": false}, {""action"": ""dispatch_2"", ""controllable"": true, ""outcomes"": 1, ""outcomes_in_certificate_region"": 1, ""unsafe_outcome_examples"": [], ""unsafe_outcomes"": 0, ""update"": false}, {""action"": ""dispatch_3"", ""controllable"": true, ""outcomes"": 1, ""outcomes_in_certificate_region"": 1, ""unsafe_outcome_examples"": [], ""unsafe_outcomes"": 0, ""update"": false}, {""action"": ""dispatch_4"", ""controllable"": true, ""outcomes"": 1, ""outcomes_in_certificate_region"": 1, ""unsafe_outcome_examples"": [], ""unsafe_outcomes"": 0, ""update"": false}, {""action"": ""dispatch_5"", ""controllable"": true, ""outcomes"": 1, ""outcomes_in_certificate_region"": 1, ""unsafe_outcome_examples"": [], ""unsafe_outcomes"": 0, ""update"": false}, {""action"": ""dispatch_6"", ""controllable"": true, ""outcomes"": 1, ""outcomes_in_certificate_region"": 1, ""unsafe_outcome_examples"": [], ""unsafe_outcomes"": 0, ""update"": false}], ""pending"": [""ablation.merge.transfers""], ""physical"": [[""OLD"", ""I_q1""], [""OLD"", ""I""], [""OLD"", ""I""], [""OLD"", ""I""], [""OLD"", ""I""], [""OLD"", ""I""]], ""safe"": true, ""testers"": {}}, {""enabled_action_buckets"": [{""action"": ""arrival"", ""controllable"": false, ""outcomes"": 1, ""outcomes_in_certificate_region"": 1, ""unsafe_outcome_examples"": [], ""unsafe_outcomes"": 0, ""update"": false}, {""action"": ""dispatch_1"", ""controllable"": true, ""outcomes"": 1, ""outcomes_in_certificate_region"": 1, ""unsafe_outcome_examples"": [], ""unsafe_outcomes"": 0, ""update"": false}, {""action"": ""dispatch_2"", ""controllable"": true, ""outcomes"": 1, ""outcomes_in_certificate_region"": 1, ""unsafe_outcome_examples"": [], ""unsafe_outcomes"": 0, ""update"": false}, {""action"": ""dispatch_3"", ""controllable"": true, ""outcomes"": 1, ""outcomes_in_certificate_region"": 1, ""unsafe_outcome_examples"": [], ""unsafe_outcomes"": 0, ""update"": false}, {""action"": ""dispatch_4"", ""controllable"": true, ""outcomes"": 1, ""outcomes_in_certificate_region"": 1, ""unsafe_outcome_examples"": [], ""unsafe_outcomes"": 0, ""update"": false}, {""action"": ""dispatch_5"", ""controllable"": true, ""outcomes"": 1, ""outcomes_in_certificate_region"": 1, ""unsafe_outcome_examples"": [], ""unsafe_outcomes"": 0, ""update"": false}, {""action"": ""dispatch_6"", ""controllable"": true, ""outcomes"": 1, ""outcomes_in_certificate_region"": 1, ""unsafe_outcome_examples"": [], ""unsafe_outcomes"": 0, ""update"": false}], ""pending"": [""ablation.merge.transfers""], ""physical"": [[""OLD"", ""I_q2""], [""OLD"", ""I""], [""OLD"", ""I""], [""OLD"", ""I""], [""OLD"", ""I""], [""OLD"", ""I""]], ""safe"": true, ""testers"": {}}], ""initial_examples_limit"": 3, ""initial_states"": 192, ""losing_initial_states"": 192, ""region_states"": 192, ""safe_region_states"": 192, ""scope"": ""checked discovered-state losing certificate; sampled local root closure evidence, not a unique whole-game causal explanation"", ""unsafe_region_states"": 0}",raw/series/threads_n06_b02_saturated_offers_e1merged_lazy/result.json,raw/series/threads_n06_b02_saturated_offers_e1merged_lazy/certificate.json,
79,threads,v1,threads_n06_b02_saturated_offers_generated_all_lazy,"{""B"": 2, ""group"": ""all"", ""n"": 6, ""regime"": ""saturated_offers""}",inputs/threads_n06_b02_saturated_offers_all.json,none,lazy,LOSS,LOSS,LOSS,PASS,192,192,1344,768,768,,192,192,,0.071351458,0.041659375,0.034066875,PASS,NOT_APPLICABLE_LOSS,PASS,0.37915941601386294,2,e8b139dfa54fb41053b52c2134035ec9e38a48f075f834ff2a2060e477f1f7aa,ff1e6b176f004ea85f1e99690a90388a6a4d24f44cd8d8e636fcd9337dcf67d5,60d7486e196f034c55e69df3219d58fe7fc987a87f047e1e750b8e35c733faf3,2026-09-29T17:52:53.312244+09:00,2026-09-29T17:52:53.691867+09:00,"The checked discovered-state losing certificate contains 192 states (0 unsafe) and 192/192 initial states; its stored root buckets retain every adversarial outcome and identify the outcomes in this certificate (local closure evidence, not a unique causal explanation).","{""initial_examples"": [{""enabled_action_buckets"": [{""action"": ""arrival"", ""controllable"": false, ""outcomes"": 1, ""outcomes_in_certificate_region"": 1, ""unsafe_outcome_examples"": [], ""unsafe_outcomes"": 0, ""update"": false}], ""pending"": [""ablation.merge.transfers""], ""physical"": [[""OLD"", ""I_q0""], [""OLD"", ""I""], [""OLD"", ""I""], [""OLD"", ""I""], [""OLD"", ""I""], [""OLD"", ""I""]], ""safe"": true, ""testers"": {}}, {""enabled_action_buckets"": [{""action"": ""arrival"", ""controllable"": false, ""outcomes"": 1, ""outcomes_in_certificate_region"": 1, ""unsafe_outcome_examples"": [], ""unsafe_outcomes"": 0, ""update"": false}, {""action"": ""dispatch_1"", ""controllable"": true, ""outcomes"": 1, ""outcomes_in_certificate_region"": 1, ""unsafe_outcome_examples"": [], ""unsafe_outcomes"": 0, ""update"": false}, {""action"": ""dispatch_2"", ""controllable"": true, ""outcomes"": 1, ""outcomes_in_certificate_region"": 1, ""unsafe_outcome_examples"": [], ""unsafe_outcomes"": 0, ""update"": false}, {""action"": ""dispatch_3"", ""controllable"": true, ""outcomes"": 1, ""outcomes_in_certificate_region"": 1, ""unsafe_outcome_examples"": [], ""unsafe_outcomes"": 0, ""update"": false}, {""action"": ""dispatch_4"", ""controllable"": true, ""outcomes"": 1, ""outcomes_in_certificate_region"": 1, ""unsafe_outcome_examples"": [], ""unsafe_outcomes"": 0, ""update"": false}, {""action"": ""dispatch_5"", ""controllable"": true, ""outcomes"": 1, ""outcomes_in_certificate_region"": 1, ""unsafe_outcome_examples"": [], ""unsafe_outcomes"": 0, ""update"": false}, {""action"": ""dispatch_6"", ""controllable"": true, ""outcomes"": 1, ""outcomes_in_certificate_region"": 1, ""unsafe_outcome_examples"": [], ""unsafe_outcomes"": 0, ""update"": false}], ""pending"": [""ablation.merge.transfers""], ""physical"": [[""OLD"", ""I_q1""], [""OLD"", ""I""], [""OLD"", ""I""], [""OLD"", ""I""], [""OLD"", ""I""], [""OLD"", ""I""]], ""safe"": true, ""testers"": {}}, {""enabled_action_buckets"": [{""action"": ""arrival"", ""controllable"": false, ""outcomes"": 1, ""outcomes_in_certificate_region"": 1, ""unsafe_outcome_examples"": [], ""unsafe_outcomes"": 0, ""update"": false}, {""action"": ""dispatch_1"", ""controllable"": true, ""outcomes"": 1, ""outcomes_in_certificate_region"": 1, ""unsafe_outcome_examples"": [], ""unsafe_outcomes"": 0, ""update"": false}, {""action"": ""dispatch_2"", ""controllable"": true, ""outcomes"": 1, ""outcomes_in_certificate_region"": 1, ""unsafe_outcome_examples"": [], ""unsafe_outcomes"": 0, ""update"": false}, {""action"": ""dispatch_3"", ""controllable"": true, ""outcomes"": 1, ""outcomes_in_certificate_region"": 1, ""unsafe_outcome_examples"": [], ""unsafe_outcomes"": 0, ""update"": false}, {""action"": ""dispatch_4"", ""controllable"": true, ""outcomes"": 1, ""outcomes_in_certificate_region"": 1, ""unsafe_outcome_examples"": [], ""unsafe_outcomes"": 0, ""update"": false}, {""action"": ""dispatch_5"", ""controllable"": true, ""outcomes"": 1, ""outcomes_in_certificate_region"": 1, ""unsafe_outcome_examples"": [], ""unsafe_outcomes"": 0, ""update"": false}, {""action"": ""dispatch_6"", ""controllable"": true, ""outcomes"": 1, ""outcomes_in_certificate_region"": 1, ""unsafe_outcome_examples"": [], ""unsafe_outcomes"": 0, ""update"": false}], ""pending"": [""ablation.merge.transfers""], ""physical"": [[""OLD"", ""I_q2""], [""OLD"", ""I""], [""OLD"", ""I""], [""OLD"", ""I""], [""OLD"", ""I""], [""OLD"", ""I""]], ""safe"": true, ""testers"": {}}], ""initial_examples_limit"": 3, ""initial_states"": 192, ""losing_initial_states"": 192, ""region_states"": 192, ""safe_region_states"": 192, ""scope"": ""checked discovered-state losing certificate; sampled local root closure evidence, not a unique whole-game causal explanation"", ""unsafe_region_states"": 0}",raw/series/threads_n06_b02_saturated_offers_generated_all_lazy/result.json,raw/series/threads_n06_b02_saturated_offers_generated_all_lazy/certificate.json,
80,threads,v1,threads_n06_b02_saturated_offers_fine_df,"{""B"": 2, ""group"": ""fine"", ""n"": 6, ""regime"": ""saturated_offers""}",inputs/threads_n06_b02_saturated_offers_fine.json,none,direct_full,LOSS,LOSS,LOSS,PASS,192,192,3648,1152,1152,,192,192,,0.069479834,0.048991083,0.035072125,PASS,NOT_APPLICABLE_LOSS,PASS,0.36347829195437953,2,c7d6121e5b6704e55dbb97f6c9157fa370687184855a3183ffa4ee51792689e0,ff1e6b176f004ea85f1e99690a90388a6a4d24f44cd8d8e636fcd9337dcf67d5,60d7486e196f034c55e69df3219d58fe7fc987a87f047e1e750b8e35c733faf3,2026-09-29T17:52:54.167980+09:00,2026-09-29T17:52:54.531928+09:00,"The checked discovered-state losing certificate contains 192 states (0 unsafe) and 192/192 initial states; its stored root buckets retain every adversarial outcome and identify the outcomes in this certificate (local closure evidence, not a unique causal explanation).","{""initial_examples"": [{""enabled_action_buckets"": [{""action"": ""arrival"", ""controllable"": false, ""outcomes"": 1, ""outcomes_in_certificate_region"": 1, ""unsafe_outcome_examples"": [], ""unsafe_outcomes"": 0, ""update"": false}], ""pending"": [""rho_1"", ""rho_2"", ""rho_3"", ""rho_4"", ""rho_5"", ""rho_6""], ""physical"": [[""OLD"", ""I_q0""], [""OLD"", ""I""], [""OLD"", ""I""], [""OLD"", ""I""], [""OLD"", ""I""], [""OLD"", ""I""]], ""safe"": true, ""testers"": {}}, {""enabled_action_buckets"": [{""action"": ""arrival"", ""controllable"": false, ""outcomes"": 1, ""outcomes_in_certificate_region"": 1, ""unsafe_outcome_examples"": [], ""unsafe_outcomes"": 0, ""update"": false}, {""action"": ""dispatch_1"", ""controllable"": true, ""outcomes"": 1, ""outcomes_in_certificate_region"": 1, ""unsafe_outcome_examples"": [], ""unsafe_outcomes"": 0, ""update"": false}, {""action"": ""dispatch_2"", ""controllable"": true, ""outcomes"": 1, ""outcomes_in_certificate_region"": 1, ""unsafe_outcome_examples"": [], ""unsafe_outcomes"": 0, ""update"": false}, {""action"": ""dispatch_3"", ""controllable"": true, ""outcomes"": 1, ""outcomes_in_certificate_region"": 1, ""unsafe_outcome_examples"": [], ""unsafe_outcomes"": 0, ""update"": false}, {""action"": ""dispatch_4"", ""controllable"": true, ""outcomes"": 1, ""outcomes_in_certificate_region"": 1, ""unsafe_outcome_examples"": [], ""unsafe_outcomes"": 0, ""update"": false}, {""action"": ""dispatch_5"", ""controllable"": true, ""outcomes"": 1, ""outcomes_in_certificate_region"": 1, ""unsafe_outcome_examples"": [], ""unsafe_outcomes"": 0, ""update"": false}, {""action"": ""dispatch_6"", ""controllable"": true, ""outcomes"": 1, ""outcomes_in_certificate_region"": 1, ""unsafe_outcome_examples"": [], ""unsafe_outcomes"": 0, ""update"": false}], ""pending"": [""rho_1"", ""rho_2"", ""rho_3"", ""rho_4"", ""rho_5"", ""rho_6""], ""physical"": [[""OLD"", ""I_q1""], [""OLD"", ""I""], [""OLD"", ""I""], [""OLD"", ""I""], [""OLD"", ""I""], [""OLD"", ""I""]], ""safe"": true, ""testers"": {}}, {""enabled_action_buckets"": [{""action"": ""arrival"", ""controllable"": false, ""outcomes"": 1, ""outcomes_in_certificate_region"": 1, ""unsafe_outcome_examples"": [], ""unsafe_outcomes"": 0, ""update"": false}, {""action"": ""dispatch_1"", ""controllable"": true, ""outcomes"": 1, ""outcomes_in_certificate_region"": 1, ""unsafe_outcome_examples"": [], ""unsafe_outcomes"": 0, ""update"": false}, {""action"": ""dispatch_2"", ""controllable"": true, ""outcomes"": 1, ""outcomes_in_certificate_region"": 1, ""unsafe_outcome_examples"": [], ""unsafe_outcomes"": 0, ""update"": false}, {""action"": ""dispatch_3"", ""controllable"": true, ""outcomes"": 1, ""outcomes_in_certificate_region"": 1, ""unsafe_outcome_examples"": [], ""unsafe_outcomes"": 0, ""update"": false}, {""action"": ""dispatch_4"", ""controllable"": true, ""outcomes"": 1, ""outcomes_in_certificate_region"": 1, ""unsafe_outcome_examples"": [], ""unsafe_outcomes"": 0, ""update"": false}, {""action"": ""dispatch_5"", ""controllable"": true, ""outcomes"": 1, ""outcomes_in_certificate_region"": 1, ""unsafe_outcome_examples"": [], ""unsafe_outcomes"": 0, ""update"": false}, {""action"": ""dispatch_6"", ""controllable"": true, ""outcomes"": 1, ""outcomes_in_certificate_region"": 1, ""unsafe_outcome_examples"": [], ""unsafe_outcomes"": 0, ""update"": false}], ""pending"": [""rho_1"", ""rho_2"", ""rho_3"", ""rho_4"", ""rho_5"", ""rho_6""], ""physical"": [[""OLD"", ""I_q2""], [""OLD"", ""I""], [""OLD"", ""I""], [""OLD"", ""I""], [""OLD"", ""I""], [""OLD"", ""I""]], ""safe"": true, ""testers"": {}}], ""initial_examples_limit"": 3, ""initial_states"": 192, ""losing_initial_states"": 192, ""region_states"": 192, ""safe_region_states"": 192, ""scope"": ""checked discovered-state losing certificate; sampled local root closure evidence, not a unique whole-game causal explanation"", ""unsafe_region_states"": 0}",raw/series/threads_n06_b02_saturated_offers_fine_df/result.json,raw/series/threads_n06_b02_saturated_offers_fine_df/certificate.json,
