run-000000	fresh-0000	distinct	replay	0	SS	0	none
run-000001	fresh-0000	colliding	replay	0	SS	0	none
run-000002	fresh-0000	distinct	replay	1	S	0	none
run-000003	fresh-0000	distinct	replay	1	FS	0	none
run-000004	fresh-0000	colliding	replay	1	S	0	none
run-000005	fresh-0000	colliding	replay	1	FS	0	none
run-000006	fresh-0000	distinct	replay	2	S	0	none
run-000007	fresh-0000	distinct	replay	2	FS	0	none
run-000008	fresh-0000	distinct	replay	2	FFS	0	none
run-000009	fresh-0000	colliding	replay	2	S	0	none
run-000010	fresh-0000	colliding	replay	2	FS	0	none
run-000011	fresh-0000	colliding	replay	2	FFS	0	none
run-000012	fresh-0000	distinct	replay	3	S	0	none
run-000013	fresh-0000	distinct	replay	3	FS	0	none
run-000014	fresh-0000	distinct	replay	3	FFS	0	none
run-000015	fresh-0000	distinct	replay	3	FFFS	0	none
run-000016	fresh-0000	colliding	replay	3	S	0	none
run-000017	fresh-0000	colliding	replay	3	FS	0	none
run-000018	fresh-0000	colliding	replay	3	FFS	0	none
run-000019	fresh-0000	colliding	replay	3	FFFS	0	none
run-000020	fresh-0000	distinct	replay	4	S	0	none
run-000021	fresh-0000	distinct	replay	4	FS	0	none
run-000022	fresh-0000	distinct	replay	4	FFS	0	none
run-000023	fresh-0000	distinct	replay	4	FFFS	0	none
run-000024	fresh-0000	distinct	replay	4	FFFFS	0	none
run-000025	fresh-0000	colliding	replay	4	S	0	none
run-000026	fresh-0000	colliding	replay	4	FS	0	none
run-000027	fresh-0000	colliding	replay	4	FFS	0	none
run-000028	fresh-0000	colliding	replay	4	FFFS	0	none
run-000029	fresh-0000	colliding	replay	4	FFFFS	0	none
run-000030	fresh-0000	distinct	concurrent	1	-	2026090901	none
run-000031	fresh-0000	distinct	concurrent	1	-	2026090902	none
run-000032	fresh-0000	distinct	concurrent	1	-	2026090903	none
run-000033	fresh-0000	colliding	concurrent	1	-	2026090901	none
run-000034	fresh-0000	colliding	concurrent	1	-	2026090902	none
run-000035	fresh-0000	colliding	concurrent	1	-	2026090903	none
run-000036	fresh-0000	distinct	concurrent	2	-	2026090901	none
run-000037	fresh-0000	distinct	concurrent	2	-	2026090902	none
run-000038	fresh-0000	distinct	concurrent	2	-	2026090903	none
run-000039	fresh-0000	colliding	concurrent	2	-	2026090901	none
run-000040	fresh-0000	colliding	concurrent	2	-	2026090902	none
run-000041	fresh-0000	colliding	concurrent	2	-	2026090903	none
run-000042	fresh-0000	distinct	concurrent	4	-	2026090901	none
run-000043	fresh-0000	distinct	concurrent	4	-	2026090902	none
run-000044	fresh-0000	distinct	concurrent	4	-	2026090903	none
run-000045	fresh-0000	colliding	concurrent	4	-	2026090901	none
run-000046	fresh-0000	colliding	concurrent	4	-	2026090902	none
run-000047	fresh-0000	colliding	concurrent	4	-	2026090903	none
run-000048	fresh-0000	distinct	concurrent	8	-	2026090901	none
run-000049	fresh-0000	distinct	concurrent	8	-	2026090902	none
run-000050	fresh-0000	distinct	concurrent	8	-	2026090903	none
run-000051	fresh-0000	colliding	concurrent	8	-	2026090901	none
run-000052	fresh-0000	colliding	concurrent	8	-	2026090902	none
run-000053	fresh-0000	colliding	concurrent	8	-	2026090903	none
run-000054	fresh-0001	distinct	replay	0	SSS	0	none
run-000055	fresh-0001	colliding	replay	0	SSS	0	none
run-000056	fresh-0001	distinct	replay	1	S	0	none
run-000057	fresh-0001	distinct	replay	1	FSSS	0	none
run-000058	fresh-0001	colliding	replay	1	S	0	none
run-000059	fresh-0001	colliding	replay	1	FSSS	0	none
run-000060	fresh-0001	distinct	replay	2	S	0	none
run-000061	fresh-0001	distinct	replay	2	FS	0	none
run-000062	fresh-0001	distinct	replay	2	FFSSS	0	none
run-000063	fresh-0001	colliding	replay	2	S	0	none
run-000064	fresh-0001	colliding	replay	2	FS	0	none
run-000065	fresh-0001	colliding	replay	2	FFSSS	0	none
run-000066	fresh-0001	distinct	replay	3	S	0	none
run-000067	fresh-0001	distinct	replay	3	FS	0	none
run-000068	fresh-0001	distinct	replay	3	FFS	0	none
run-000069	fresh-0001	distinct	replay	3	FFFSSS	0	none
run-000070	fresh-0001	colliding	replay	3	S	0	none
run-000071	fresh-0001	colliding	replay	3	FS	0	none
run-000072	fresh-0001	colliding	replay	3	FFS	0	none
run-000073	fresh-0001	colliding	replay	3	FFFSSS	0	none
run-000074	fresh-0001	distinct	replay	4	-	0	none
run-000075	fresh-0001	colliding	replay	4	-	0	none
run-000076	fresh-0001	distinct	concurrent	1	-	2026090901	none
run-000077	fresh-0001	distinct	concurrent	1	-	2026090902	none
run-000078	fresh-0001	distinct	concurrent	1	-	2026090903	none
run-000079	fresh-0001	colliding	concurrent	1	-	2026090901	none
run-000080	fresh-0001	colliding	concurrent	1	-	2026090902	none
run-000081	fresh-0001	colliding	concurrent	1	-	2026090903	none
run-000082	fresh-0001	distinct	concurrent	2	-	2026090901	none
run-000083	fresh-0001	distinct	concurrent	2	-	2026090902	none
run-000084	fresh-0001	distinct	concurrent	2	-	2026090903	none
run-000085	fresh-0001	colliding	concurrent	2	-	2026090901	none
run-000086	fresh-0001	colliding	concurrent	2	-	2026090902	none
run-000087	fresh-0001	colliding	concurrent	2	-	2026090903	none
run-000088	fresh-0001	distinct	concurrent	4	-	2026090901	none
run-000089	fresh-0001	distinct	concurrent	4	-	2026090902	none
run-000090	fresh-0001	distinct	concurrent	4	-	2026090903	none
run-000091	fresh-0001	colliding	concurrent	4	-	2026090901	none
run-000092	fresh-0001	colliding	concurrent	4	-	2026090902	none
run-000093	fresh-0001	colliding	concurrent	4	-	2026090903	none
run-000094	fresh-0001	distinct	concurrent	8	-	2026090901	none
run-000095	fresh-0001	distinct	concurrent	8	-	2026090902	none
run-000096	fresh-0001	distinct	concurrent	8	-	2026090903	none
run-000097	fresh-0001	colliding	concurrent	8	-	2026090901	none
run-000098	fresh-0001	colliding	concurrent	8	-	2026090902	none
run-000099	fresh-0001	colliding	concurrent	8	-	2026090903	none
run-000100	fresh-0002	distinct	replay	0	SSSS	0	none
run-000101	fresh-0002	colliding	replay	0	SSSS	0	none
run-000102	fresh-0002	distinct	replay	1	SSSS	0	none
run-000103	fresh-0002	distinct	replay	1	SSSFS	0	none
run-000104	fresh-0002	distinct	replay	1	SSFSS	0	none
run-000105	fresh-0002	distinct	replay	1	SFSSS	0	none
run-000106	fresh-0002	distinct	replay	1	FSSSS	0	none
run-000107	fresh-0002	colliding	replay	1	SSSS	0	none
run-000108	fresh-0002	colliding	replay	1	SSSFS	0	none
run-000109	fresh-0002	colliding	replay	1	SSFSS	0	none
run-000110	fresh-0002	colliding	replay	1	SFSSS	0	none
run-000111	fresh-0002	colliding	replay	1	FSSSS	0	none
run-000112	fresh-0002	distinct	replay	2	SSSS	0	none
run-000113	fresh-0002	distinct	replay	2	SSSFS	0	none
run-000114	fresh-0002	distinct	replay	2	SSSFFS	0	none
run-000115	fresh-0002	distinct	replay	2	SSFSS	0	none
run-000116	fresh-0002	distinct	replay	2	SSFSFS	0	none
run-000117	fresh-0002	distinct	replay	2	SSFFSS	0	none
run-000118	fresh-0002	distinct	replay	2	SFSSS	0	none
run-000119	fresh-0002	distinct	replay	2	SFSSFS	0	none
run-000120	fresh-0002	distinct	replay	2	SFSFSS	0	none
run-000121	fresh-0002	distinct	replay	2	SFFSSS	0	none
run-000122	fresh-0002	distinct	replay	2	FSSSS	0	none
run-000123	fresh-0002	distinct	replay	2	FSSSFS	0	none
run-000124	fresh-0002	distinct	replay	2	FSSFSS	0	none
run-000125	fresh-0002	distinct	replay	2	FSFSSS	0	none
run-000126	fresh-0002	distinct	replay	2	FFSSSS	0	none
run-000127	fresh-0002	colliding	replay	2	SSSS	0	none
run-000128	fresh-0002	colliding	replay	2	SSSFS	0	none
run-000129	fresh-0002	colliding	replay	2	SSSFFS	0	none
run-000130	fresh-0002	colliding	replay	2	SSFSS	0	none
run-000131	fresh-0002	colliding	replay	2	SSFSFS	0	none
run-000132	fresh-0002	colliding	replay	2	SSFFSS	0	none
run-000133	fresh-0002	colliding	replay	2	SFSSS	0	none
run-000134	fresh-0002	colliding	replay	2	SFSSFS	0	none
run-000135	fresh-0002	colliding	replay	2	SFSFSS	0	none
run-000136	fresh-0002	colliding	replay	2	SFFSSS	0	none
run-000137	fresh-0002	colliding	replay	2	FSSSS	0	none
run-000138	fresh-0002	colliding	replay	2	FSSSFS	0	none
run-000139	fresh-0002	colliding	replay	2	FSSFSS	0	none
run-000140	fresh-0002	colliding	replay	2	FSFSSS	0	none
run-000141	fresh-0002	colliding	replay	2	FFSSSS	0	none
run-000142	fresh-0002	distinct	replay	3	SSSS	0	none
run-000143	fresh-0002	distinct	replay	3	SSSFS	0	none
run-000144	fresh-0002	distinct	replay	3	SSSFFS	0	none
run-000145	fresh-0002	distinct	replay	3	SSSFFFS	0	none
run-000146	fresh-0002	distinct	replay	3	SSFSS	0	none
run-000147	fresh-0002	distinct	replay	3	SSFSFS	0	none
run-000148	fresh-0002	distinct	replay	3	SSFSFFS	0	none
run-000149	fresh-0002	distinct	replay	3	SSFFSS	0	none
run-000150	fresh-0002	distinct	replay	3	SSFFSFS	0	none
run-000151	fresh-0002	distinct	replay	3	SSFFFSS	0	none
run-000152	fresh-0002	distinct	replay	3	SFSSS	0	none
run-000153	fresh-0002	distinct	replay	3	SFSSFS	0	none
run-000154	fresh-0002	distinct	replay	3	SFSSFFS	0	none
run-000155	fresh-0002	distinct	replay	3	SFSFSS	0	none
run-000156	fresh-0002	distinct	replay	3	SFSFSFS	0	none
run-000157	fresh-0002	distinct	replay	3	SFSFFSS	0	none
run-000158	fresh-0002	distinct	replay	3	SFFSSS	0	none
run-000159	fresh-0002	distinct	replay	3	SFFSSFS	0	none
run-000160	fresh-0002	distinct	replay	3	SFFSFSS	0	none
run-000161	fresh-0002	distinct	replay	3	SFFFSSS	0	none
run-000162	fresh-0002	distinct	replay	3	FSSSS	0	none
run-000163	fresh-0002	distinct	replay	3	FSSSFS	0	none
run-000164	fresh-0002	distinct	replay	3	FSSSFFS	0	none
run-000165	fresh-0002	distinct	replay	3	FSSFSS	0	none
run-000166	fresh-0002	distinct	replay	3	FSSFSFS	0	none
run-000167	fresh-0002	distinct	replay	3	FSSFFSS	0	none
run-000168	fresh-0002	distinct	replay	3	FSFSSS	0	none
run-000169	fresh-0002	distinct	replay	3	FSFSSFS	0	none
run-000170	fresh-0002	distinct	replay	3	FSFSFSS	0	none
run-000171	fresh-0002	distinct	replay	3	FSFFSSS	0	none
run-000172	fresh-0002	distinct	replay	3	FFSSSS	0	none
run-000173	fresh-0002	distinct	replay	3	FFSSSFS	0	none
run-000174	fresh-0002	distinct	replay	3	FFSSFSS	0	none
run-000175	fresh-0002	distinct	replay	3	FFSFSSS	0	none
run-000176	fresh-0002	distinct	replay	3	FFFSSSS	0	none
run-000177	fresh-0002	colliding	replay	3	SSSS	0	none
run-000178	fresh-0002	colliding	replay	3	SSSFS	0	none
run-000179	fresh-0002	colliding	replay	3	SSSFFS	0	none
run-000180	fresh-0002	colliding	replay	3	SSSFFFS	0	none
run-000181	fresh-0002	colliding	replay	3	SSFSS	0	none
run-000182	fresh-0002	colliding	replay	3	SSFSFS	0	none
run-000183	fresh-0002	colliding	replay	3	SSFSFFS	0	none
run-000184	fresh-0002	colliding	replay	3	SSFFSS	0	none
run-000185	fresh-0002	colliding	replay	3	SSFFSFS	0	none
run-000186	fresh-0002	colliding	replay	3	SSFFFSS	0	none
run-000187	fresh-0002	colliding	replay	3	SFSSS	0	none
run-000188	fresh-0002	colliding	replay	3	SFSSFS	0	none
run-000189	fresh-0002	colliding	replay	3	SFSSFFS	0	none
run-000190	fresh-0002	colliding	replay	3	SFSFSS	0	none
run-000191	fresh-0002	colliding	replay	3	SFSFSFS	0	none
run-000192	fresh-0002	colliding	replay	3	SFSFFSS	0	none
run-000193	fresh-0002	colliding	replay	3	SFFSSS	0	none
run-000194	fresh-0002	colliding	replay	3	SFFSSFS	0	none
run-000195	fresh-0002	colliding	replay	3	SFFSFSS	0	none
run-000196	fresh-0002	colliding	replay	3	SFFFSSS	0	none
run-000197	fresh-0002	colliding	replay	3	FSSSS	0	none
run-000198	fresh-0002	colliding	replay	3	FSSSFS	0	none
run-000199	fresh-0002	colliding	replay	3	FSSSFFS	0	none
run-000200	fresh-0002	colliding	replay	3	FSSFSS	0	none
run-000201	fresh-0002	colliding	replay	3	FSSFSFS	0	none
run-000202	fresh-0002	colliding	replay	3	FSSFFSS	0	none
run-000203	fresh-0002	colliding	replay	3	FSFSSS	0	none
run-000204	fresh-0002	colliding	replay	3	FSFSSFS	0	none
run-000205	fresh-0002	colliding	replay	3	FSFSFSS	0	none
run-000206	fresh-0002	colliding	replay	3	FSFFSSS	0	none
run-000207	fresh-0002	colliding	replay	3	FFSSSS	0	none
run-000208	fresh-0002	colliding	replay	3	FFSSSFS	0	none
run-000209	fresh-0002	colliding	replay	3	FFSSFSS	0	none
run-000210	fresh-0002	colliding	replay	3	FFSFSSS	0	none
run-000211	fresh-0002	colliding	replay	3	FFFSSSS	0	none
run-000212	fresh-0002	distinct	replay	4	SSSS	0	none
run-000213	fresh-0002	distinct	replay	4	SSSFS	0	none
run-000214	fresh-0002	distinct	replay	4	SSSFFS	0	none
run-000215	fresh-0002	distinct	replay	4	SSSFFFS	0	none
run-000216	fresh-0002	distinct	replay	4	SSSFFFFS	0	none
run-000217	fresh-0002	distinct	replay	4	SSFSS	0	none
run-000218	fresh-0002	distinct	replay	4	SSFSFS	0	none
run-000219	fresh-0002	distinct	replay	4	SSFSFFS	0	none
run-000220	fresh-0002	distinct	replay	4	SSFSFFFS	0	none
run-000221	fresh-0002	distinct	replay	4	SSFFSS	0	none
run-000222	fresh-0002	distinct	replay	4	SSFFSFS	0	none
run-000223	fresh-0002	distinct	replay	4	SSFFSFFS	0	none
run-000224	fresh-0002	distinct	replay	4	SSFFFSS	0	none
run-000225	fresh-0002	distinct	replay	4	SSFFFSFS	0	none
run-000226	fresh-0002	distinct	replay	4	SSFFFFSS	0	none
run-000227	fresh-0002	distinct	replay	4	SFSSS	0	none
run-000228	fresh-0002	distinct	replay	4	SFSSFS	0	none
run-000229	fresh-0002	distinct	replay	4	SFSSFFS	0	none
run-000230	fresh-0002	distinct	replay	4	SFSSFFFS	0	none
run-000231	fresh-0002	distinct	replay	4	SFSFSS	0	none
run-000232	fresh-0002	distinct	replay	4	SFSFSFS	0	none
run-000233	fresh-0002	distinct	replay	4	SFSFSFFS	0	none
run-000234	fresh-0002	distinct	replay	4	SFSFFSS	0	none
run-000235	fresh-0002	distinct	replay	4	SFSFFSFS	0	none
run-000236	fresh-0002	distinct	replay	4	SFSFFFSS	0	none
run-000237	fresh-0002	distinct	replay	4	SFFSSS	0	none
run-000238	fresh-0002	distinct	replay	4	SFFSSFS	0	none
run-000239	fresh-0002	distinct	replay	4	SFFSSFFS	0	none
run-000240	fresh-0002	distinct	replay	4	SFFSFSS	0	none
run-000241	fresh-0002	distinct	replay	4	SFFSFSFS	0	none
run-000242	fresh-0002	distinct	replay	4	SFFSFFSS	0	none
run-000243	fresh-0002	distinct	replay	4	SFFFSSS	0	none
run-000244	fresh-0002	distinct	replay	4	SFFFSSFS	0	none
run-000245	fresh-0002	distinct	replay	4	SFFFSFSS	0	none
run-000246	fresh-0002	distinct	replay	4	SFFFFSSS	0	none
run-000247	fresh-0002	distinct	replay	4	FSSSS	0	none
run-000248	fresh-0002	distinct	replay	4	FSSSFS	0	none
run-000249	fresh-0002	distinct	replay	4	FSSSFFS	0	none
run-000250	fresh-0002	distinct	replay	4	FSSSFFFS	0	none
run-000251	fresh-0002	distinct	replay	4	FSSFSS	0	none
run-000252	fresh-0002	distinct	replay	4	FSSFSFS	0	none
run-000253	fresh-0002	distinct	replay	4	FSSFSFFS	0	none
run-000254	fresh-0002	distinct	replay	4	FSSFFSS	0	none
run-000255	fresh-0002	distinct	replay	4	FSSFFSFS	0	none
run-000256	fresh-0002	distinct	replay	4	FSSFFFSS	0	none
run-000257	fresh-0002	distinct	replay	4	FSFSSS	0	none
run-000258	fresh-0002	distinct	replay	4	FSFSSFS	0	none
run-000259	fresh-0002	distinct	replay	4	FSFSSFFS	0	none
run-000260	fresh-0002	distinct	replay	4	FSFSFSS	0	none
run-000261	fresh-0002	distinct	replay	4	FSFSFSFS	0	none
run-000262	fresh-0002	distinct	replay	4	FSFSFFSS	0	none
run-000263	fresh-0002	distinct	replay	4	FSFFSSS	0	none
run-000264	fresh-0002	distinct	replay	4	FSFFSSFS	0	none
run-000265	fresh-0002	distinct	replay	4	FSFFSFSS	0	none
run-000266	fresh-0002	distinct	replay	4	FSFFFSSS	0	none
run-000267	fresh-0002	distinct	replay	4	FFSSSS	0	none
run-000268	fresh-0002	distinct	replay	4	FFSSSFS	0	none
run-000269	fresh-0002	distinct	replay	4	FFSSSFFS	0	none
run-000270	fresh-0002	distinct	replay	4	FFSSFSS	0	none
run-000271	fresh-0002	distinct	replay	4	FFSSFSFS	0	none
run-000272	fresh-0002	distinct	replay	4	FFSSFFSS	0	none
run-000273	fresh-0002	distinct	replay	4	FFSFSSS	0	none
run-000274	fresh-0002	distinct	replay	4	FFSFSSFS	0	none
run-000275	fresh-0002	distinct	replay	4	FFSFSFSS	0	none
run-000276	fresh-0002	distinct	replay	4	FFSFFSSS	0	none
run-000277	fresh-0002	distinct	replay	4	FFFSSSS	0	none
run-000278	fresh-0002	distinct	replay	4	FFFSSSFS	0	none
run-000279	fresh-0002	distinct	replay	4	FFFSSFSS	0	none
run-000280	fresh-0002	distinct	replay	4	FFFSFSSS	0	none
run-000281	fresh-0002	distinct	replay	4	FFFFSSSS	0	none
run-000282	fresh-0002	colliding	replay	4	SSSS	0	none
run-000283	fresh-0002	colliding	replay	4	SSSFS	0	none
run-000284	fresh-0002	colliding	replay	4	SSSFFS	0	none
run-000285	fresh-0002	colliding	replay	4	SSSFFFS	0	none
run-000286	fresh-0002	colliding	replay	4	SSSFFFFS	0	none
run-000287	fresh-0002	colliding	replay	4	SSFSS	0	none
run-000288	fresh-0002	colliding	replay	4	SSFSFS	0	none
run-000289	fresh-0002	colliding	replay	4	SSFSFFS	0	none
run-000290	fresh-0002	colliding	replay	4	SSFSFFFS	0	none
run-000291	fresh-0002	colliding	replay	4	SSFFSS	0	none
run-000292	fresh-0002	colliding	replay	4	SSFFSFS	0	none
run-000293	fresh-0002	colliding	replay	4	SSFFSFFS	0	none
run-000294	fresh-0002	colliding	replay	4	SSFFFSS	0	none
run-000295	fresh-0002	colliding	replay	4	SSFFFSFS	0	none
run-000296	fresh-0002	colliding	replay	4	SSFFFFSS	0	none
run-000297	fresh-0002	colliding	replay	4	SFSSS	0	none
run-000298	fresh-0002	colliding	replay	4	SFSSFS	0	none
run-000299	fresh-0002	colliding	replay	4	SFSSFFS	0	none
run-000300	fresh-0002	colliding	replay	4	SFSSFFFS	0	none
run-000301	fresh-0002	colliding	replay	4	SFSFSS	0	none
run-000302	fresh-0002	colliding	replay	4	SFSFSFS	0	none
run-000303	fresh-0002	colliding	replay	4	SFSFSFFS	0	none
run-000304	fresh-0002	colliding	replay	4	SFSFFSS	0	none
run-000305	fresh-0002	colliding	replay	4	SFSFFSFS	0	none
run-000306	fresh-0002	colliding	replay	4	SFSFFFSS	0	none
run-000307	fresh-0002	colliding	replay	4	SFFSSS	0	none
run-000308	fresh-0002	colliding	replay	4	SFFSSFS	0	none
run-000309	fresh-0002	colliding	replay	4	SFFSSFFS	0	none
run-000310	fresh-0002	colliding	replay	4	SFFSFSS	0	none
run-000311	fresh-0002	colliding	replay	4	SFFSFSFS	0	none
run-000312	fresh-0002	colliding	replay	4	SFFSFFSS	0	none
run-000313	fresh-0002	colliding	replay	4	SFFFSSS	0	none
run-000314	fresh-0002	colliding	replay	4	SFFFSSFS	0	none
run-000315	fresh-0002	colliding	replay	4	SFFFSFSS	0	none
run-000316	fresh-0002	colliding	replay	4	SFFFFSSS	0	none
run-000317	fresh-0002	colliding	replay	4	FSSSS	0	none
run-000318	fresh-0002	colliding	replay	4	FSSSFS	0	none
run-000319	fresh-0002	colliding	replay	4	FSSSFFS	0	none
run-000320	fresh-0002	colliding	replay	4	FSSSFFFS	0	none
run-000321	fresh-0002	colliding	replay	4	FSSFSS	0	none
run-000322	fresh-0002	colliding	replay	4	FSSFSFS	0	none
run-000323	fresh-0002	colliding	replay	4	FSSFSFFS	0	none
run-000324	fresh-0002	colliding	replay	4	FSSFFSS	0	none
run-000325	fresh-0002	colliding	replay	4	FSSFFSFS	0	none
run-000326	fresh-0002	colliding	replay	4	FSSFFFSS	0	none
run-000327	fresh-0002	colliding	replay	4	FSFSSS	0	none
run-000328	fresh-0002	colliding	replay	4	FSFSSFS	0	none
run-000329	fresh-0002	colliding	replay	4	FSFSSFFS	0	none
run-000330	fresh-0002	colliding	replay	4	FSFSFSS	0	none
run-000331	fresh-0002	colliding	replay	4	FSFSFSFS	0	none
run-000332	fresh-0002	colliding	replay	4	FSFSFFSS	0	none
run-000333	fresh-0002	colliding	replay	4	FSFFSSS	0	none
run-000334	fresh-0002	colliding	replay	4	FSFFSSFS	0	none
run-000335	fresh-0002	colliding	replay	4	FSFFSFSS	0	none
run-000336	fresh-0002	colliding	replay	4	FSFFFSSS	0	none
run-000337	fresh-0002	colliding	replay	4	FFSSSS	0	none
run-000338	fresh-0002	colliding	replay	4	FFSSSFS	0	none
run-000339	fresh-0002	colliding	replay	4	FFSSSFFS	0	none
run-000340	fresh-0002	colliding	replay	4	FFSSFSS	0	none
run-000341	fresh-0002	colliding	replay	4	FFSSFSFS	0	none
run-000342	fresh-0002	colliding	replay	4	FFSSFFSS	0	none
run-000343	fresh-0002	colliding	replay	4	FFSFSSS	0	none
run-000344	fresh-0002	colliding	replay	4	FFSFSSFS	0	none
run-000345	fresh-0002	colliding	replay	4	FFSFSFSS	0	none
run-000346	fresh-0002	colliding	replay	4	FFSFFSSS	0	none
run-000347	fresh-0002	colliding	replay	4	FFFSSSS	0	none
run-000348	fresh-0002	colliding	replay	4	FFFSSSFS	0	none
run-000349	fresh-0002	colliding	replay	4	FFFSSFSS	0	none
run-000350	fresh-0002	colliding	replay	4	FFFSFSSS	0	none
run-000351	fresh-0002	colliding	replay	4	FFFFSSSS	0	none
run-000352	fresh-0002	distinct	concurrent	1	-	2026090901	none
run-000353	fresh-0002	distinct	concurrent	1	-	2026090902	none
run-000354	fresh-0002	distinct	concurrent	1	-	2026090903	none
run-000355	fresh-0002	colliding	concurrent	1	-	2026090901	none
run-000356	fresh-0002	colliding	concurrent	1	-	2026090902	none
run-000357	fresh-0002	colliding	concurrent	1	-	2026090903	none
run-000358	fresh-0002	distinct	concurrent	2	-	2026090901	none
run-000359	fresh-0002	distinct	concurrent	2	-	2026090902	none
run-000360	fresh-0002	distinct	concurrent	2	-	2026090903	none
run-000361	fresh-0002	colliding	concurrent	2	-	2026090901	none
run-000362	fresh-0002	colliding	concurrent	2	-	2026090902	none
run-000363	fresh-0002	colliding	concurrent	2	-	2026090903	none
run-000364	fresh-0002	distinct	concurrent	4	-	2026090901	none
run-000365	fresh-0002	distinct	concurrent	4	-	2026090902	none
run-000366	fresh-0002	distinct	concurrent	4	-	2026090903	none
run-000367	fresh-0002	colliding	concurrent	4	-	2026090901	none
run-000368	fresh-0002	colliding	concurrent	4	-	2026090902	none
run-000369	fresh-0002	colliding	concurrent	4	-	2026090903	none
run-000370	fresh-0002	distinct	concurrent	8	-	2026090901	none
run-000371	fresh-0002	distinct	concurrent	8	-	2026090902	none
run-000372	fresh-0002	distinct	concurrent	8	-	2026090903	none
run-000373	fresh-0002	colliding	concurrent	8	-	2026090901	none
run-000374	fresh-0002	colliding	concurrent	8	-	2026090902	none
run-000375	fresh-0002	colliding	concurrent	8	-	2026090903	none
run-000376	fresh-0003	distinct	replay	0	SS	0	none
run-000377	fresh-0003	colliding	replay	0	SS	0	none
run-000378	fresh-0003	distinct	replay	1	SS	0	none
run-000379	fresh-0003	distinct	replay	1	SFS	0	none
run-000380	fresh-0003	distinct	replay	1	FSS	0	none
run-000381	fresh-0003	colliding	replay	1	SS	0	none
run-000382	fresh-0003	colliding	replay	1	SFS	0	none
run-000383	fresh-0003	colliding	replay	1	FSS	0	none
run-000384	fresh-0003	distinct	replay	2	SS	0	none
run-000385	fresh-0003	distinct	replay	2	SFS	0	none
run-000386	fresh-0003	distinct	replay	2	SFFS	0	none
run-000387	fresh-0003	distinct	replay	2	FSS	0	none
run-000388	fresh-0003	distinct	replay	2	FSFS	0	none
run-000389	fresh-0003	distinct	replay	2	FFSS	0	none
run-000390	fresh-0003	colliding	replay	2	SS	0	none
run-000391	fresh-0003	colliding	replay	2	SFS	0	none
run-000392	fresh-0003	colliding	replay	2	SFFS	0	none
run-000393	fresh-0003	colliding	replay	2	FSS	0	none
run-000394	fresh-0003	colliding	replay	2	FSFS	0	none
run-000395	fresh-0003	colliding	replay	2	FFSS	0	none
run-000396	fresh-0003	distinct	replay	3	SS	0	none
run-000397	fresh-0003	distinct	replay	3	SFS	0	none
run-000398	fresh-0003	distinct	replay	3	SFFS	0	none
run-000399	fresh-0003	distinct	replay	3	SFFFS	0	none
run-000400	fresh-0003	distinct	replay	3	FSS	0	none
run-000401	fresh-0003	distinct	replay	3	FSFS	0	none
run-000402	fresh-0003	distinct	replay	3	FSFFS	0	none
run-000403	fresh-0003	distinct	replay	3	FFSS	0	none
run-000404	fresh-0003	distinct	replay	3	FFSFS	0	none
run-000405	fresh-0003	distinct	replay	3	FFFSS	0	none
run-000406	fresh-0003	colliding	replay	3	SS	0	none
run-000407	fresh-0003	colliding	replay	3	SFS	0	none
run-000408	fresh-0003	colliding	replay	3	SFFS	0	none
run-000409	fresh-0003	colliding	replay	3	SFFFS	0	none
run-000410	fresh-0003	colliding	replay	3	FSS	0	none
run-000411	fresh-0003	colliding	replay	3	FSFS	0	none
run-000412	fresh-0003	colliding	replay	3	FSFFS	0	none
run-000413	fresh-0003	colliding	replay	3	FFSS	0	none
run-000414	fresh-0003	colliding	replay	3	FFSFS	0	none
run-000415	fresh-0003	colliding	replay	3	FFFSS	0	none
run-000416	fresh-0003	distinct	replay	4	S	0	none
run-000417	fresh-0003	distinct	replay	4	FSS	0	none
run-000418	fresh-0003	distinct	replay	4	FSFS	0	none
run-000419	fresh-0003	distinct	replay	4	FSFFS	0	none
run-000420	fresh-0003	distinct	replay	4	FSFFFS	0	none
run-000421	fresh-0003	distinct	replay	4	FFSS	0	none
run-000422	fresh-0003	distinct	replay	4	FFSFS	0	none
run-000423	fresh-0003	distinct	replay	4	FFSFFS	0	none
run-000424	fresh-0003	distinct	replay	4	FFFSS	0	none
run-000425	fresh-0003	distinct	replay	4	FFFSFS	0	none
run-000426	fresh-0003	distinct	replay	4	FFFFSS	0	none
run-000427	fresh-0003	colliding	replay	4	S	0	none
run-000428	fresh-0003	colliding	replay	4	FSS	0	none
run-000429	fresh-0003	colliding	replay	4	FSFS	0	none
run-000430	fresh-0003	colliding	replay	4	FSFFS	0	none
run-000431	fresh-0003	colliding	replay	4	FSFFFS	0	none
run-000432	fresh-0003	colliding	replay	4	FFSS	0	none
run-000433	fresh-0003	colliding	replay	4	FFSFS	0	none
run-000434	fresh-0003	colliding	replay	4	FFSFFS	0	none
run-000435	fresh-0003	colliding	replay	4	FFFSS	0	none
run-000436	fresh-0003	colliding	replay	4	FFFSFS	0	none
run-000437	fresh-0003	colliding	replay	4	FFFFSS	0	none
run-000438	fresh-0003	distinct	concurrent	1	-	2026090901	none
run-000439	fresh-0003	distinct	concurrent	1	-	2026090902	none
run-000440	fresh-0003	distinct	concurrent	1	-	2026090903	none
run-000441	fresh-0003	colliding	concurrent	1	-	2026090901	none
run-000442	fresh-0003	colliding	concurrent	1	-	2026090902	none
run-000443	fresh-0003	colliding	concurrent	1	-	2026090903	none
run-000444	fresh-0003	distinct	concurrent	2	-	2026090901	none
run-000445	fresh-0003	distinct	concurrent	2	-	2026090902	none
run-000446	fresh-0003	distinct	concurrent	2	-	2026090903	none
run-000447	fresh-0003	colliding	concurrent	2	-	2026090901	none
run-000448	fresh-0003	colliding	concurrent	2	-	2026090902	none
run-000449	fresh-0003	colliding	concurrent	2	-	2026090903	none
run-000450	fresh-0003	distinct	concurrent	4	-	2026090901	none
run-000451	fresh-0003	distinct	concurrent	4	-	2026090902	none
run-000452	fresh-0003	distinct	concurrent	4	-	2026090903	none
run-000453	fresh-0003	colliding	concurrent	4	-	2026090901	none
run-000454	fresh-0003	colliding	concurrent	4	-	2026090902	none
run-000455	fresh-0003	colliding	concurrent	4	-	2026090903	none
run-000456	fresh-0003	distinct	concurrent	8	-	2026090901	none
run-000457	fresh-0003	distinct	concurrent	8	-	2026090902	none
run-000458	fresh-0003	distinct	concurrent	8	-	2026090903	none
run-000459	fresh-0003	colliding	concurrent	8	-	2026090901	none
run-000460	fresh-0003	colliding	concurrent	8	-	2026090902	none
run-000461	fresh-0003	colliding	concurrent	8	-	2026090903	none
run-000462	fresh-0004	distinct	replay	0	SSS	0	none
run-000463	fresh-0004	colliding	replay	0	SSS	0	none
run-000464	fresh-0004	distinct	replay	1	SSS	0	none
run-000465	fresh-0004	distinct	replay	1	SSFS	0	none
run-000466	fresh-0004	distinct	replay	1	SFSS	0	none
run-000467	fresh-0004	distinct	replay	1	FSSS	0	none
run-000468	fresh-0004	colliding	replay	1	SSS	0	none
run-000469	fresh-0004	colliding	replay	1	SSFS	0	none
run-000470	fresh-0004	colliding	replay	1	SFSS	0	none
run-000471	fresh-0004	colliding	replay	1	FSSS	0	none
run-000472	fresh-0004	distinct	replay	2	SS	0	none
run-000473	fresh-0004	distinct	replay	2	SFSS	0	none
run-000474	fresh-0004	distinct	replay	2	SFSFS	0	none
run-000475	fresh-0004	distinct	replay	2	SFFSS	0	none
run-000476	fresh-0004	distinct	replay	2	FSSS	0	none
run-000477	fresh-0004	distinct	replay	2	FSSFS	0	none
run-000478	fresh-0004	distinct	replay	2	FSFSS	0	none
run-000479	fresh-0004	distinct	replay	2	FFSSS	0	none
run-000480	fresh-0004	colliding	replay	2	SS	0	none
run-000481	fresh-0004	colliding	replay	2	SFSS	0	none
run-000482	fresh-0004	colliding	replay	2	SFSFS	0	none
run-000483	fresh-0004	colliding	replay	2	SFFSS	0	none
run-000484	fresh-0004	colliding	replay	2	FSSS	0	none
run-000485	fresh-0004	colliding	replay	2	FSSFS	0	none
run-000486	fresh-0004	colliding	replay	2	FSFSS	0	none
run-000487	fresh-0004	colliding	replay	2	FFSSS	0	none
run-000488	fresh-0004	distinct	replay	3	SS	0	none
run-000489	fresh-0004	distinct	replay	3	SFS	0	none
run-000490	fresh-0004	distinct	replay	3	SFFSS	0	none
run-000491	fresh-0004	distinct	replay	3	SFFSFS	0	none
run-000492	fresh-0004	distinct	replay	3	SFFFSS	0	none
run-000493	fresh-0004	distinct	replay	3	FSS	0	none
run-000494	fresh-0004	distinct	replay	3	FSFSS	0	none
run-000495	fresh-0004	distinct	replay	3	FSFSFS	0	none
run-000496	fresh-0004	distinct	replay	3	FSFFSS	0	none
run-000497	fresh-0004	distinct	replay	3	FFSSS	0	none
run-000498	fresh-0004	distinct	replay	3	FFSSFS	0	none
run-000499	fresh-0004	distinct	replay	3	FFSFSS	0	none
run-000500	fresh-0004	distinct	replay	3	FFFSSS	0	none
run-000501	fresh-0004	colliding	replay	3	SS	0	none
run-000502	fresh-0004	colliding	replay	3	SFS	0	none
run-000503	fresh-0004	colliding	replay	3	SFFSS	0	none
run-000504	fresh-0004	colliding	replay	3	SFFSFS	0	none
run-000505	fresh-0004	colliding	replay	3	SFFFSS	0	none
run-000506	fresh-0004	colliding	replay	3	FSS	0	none
run-000507	fresh-0004	colliding	replay	3	FSFSS	0	none
run-000508	fresh-0004	colliding	replay	3	FSFSFS	0	none
run-000509	fresh-0004	colliding	replay	3	FSFFSS	0	none
run-000510	fresh-0004	colliding	replay	3	FFSSS	0	none
run-000511	fresh-0004	colliding	replay	3	FFSSFS	0	none
run-000512	fresh-0004	colliding	replay	3	FFSFSS	0	none
run-000513	fresh-0004	colliding	replay	3	FFFSSS	0	none
run-000514	fresh-0004	distinct	replay	4	S	0	none
run-000515	fresh-0004	distinct	replay	4	FSS	0	none
run-000516	fresh-0004	distinct	replay	4	FSFS	0	none
run-000517	fresh-0004	distinct	replay	4	FSFFSS	0	none
run-000518	fresh-0004	distinct	replay	4	FSFFSFS	0	none
run-000519	fresh-0004	distinct	replay	4	FSFFFSS	0	none
run-000520	fresh-0004	distinct	replay	4	FFSS	0	none
run-000521	fresh-0004	distinct	replay	4	FFSFSS	0	none
run-000522	fresh-0004	distinct	replay	4	FFSFSFS	0	none
run-000523	fresh-0004	distinct	replay	4	FFSFFSS	0	none
run-000524	fresh-0004	distinct	replay	4	FFFSSS	0	none
run-000525	fresh-0004	distinct	replay	4	FFFSSFS	0	none
run-000526	fresh-0004	distinct	replay	4	FFFSFSS	0	none
run-000527	fresh-0004	distinct	replay	4	FFFFSSS	0	none
run-000528	fresh-0004	colliding	replay	4	S	0	none
run-000529	fresh-0004	colliding	replay	4	FSS	0	none
run-000530	fresh-0004	colliding	replay	4	FSFS	0	none
run-000531	fresh-0004	colliding	replay	4	FSFFSS	0	none
run-000532	fresh-0004	colliding	replay	4	FSFFSFS	0	none
run-000533	fresh-0004	colliding	replay	4	FSFFFSS	0	none
run-000534	fresh-0004	colliding	replay	4	FFSS	0	none
run-000535	fresh-0004	colliding	replay	4	FFSFSS	0	none
run-000536	fresh-0004	colliding	replay	4	FFSFSFS	0	none
run-000537	fresh-0004	colliding	replay	4	FFSFFSS	0	none
run-000538	fresh-0004	colliding	replay	4	FFFSSS	0	none
run-000539	fresh-0004	colliding	replay	4	FFFSSFS	0	none
run-000540	fresh-0004	colliding	replay	4	FFFSFSS	0	none
run-000541	fresh-0004	colliding	replay	4	FFFFSSS	0	none
run-000542	fresh-0004	distinct	concurrent	1	-	2026090901	none
run-000543	fresh-0004	distinct	concurrent	1	-	2026090902	none
run-000544	fresh-0004	distinct	concurrent	1	-	2026090903	none
run-000545	fresh-0004	colliding	concurrent	1	-	2026090901	none
run-000546	fresh-0004	colliding	concurrent	1	-	2026090902	none
run-000547	fresh-0004	colliding	concurrent	1	-	2026090903	none
run-000548	fresh-0004	distinct	concurrent	2	-	2026090901	none
run-000549	fresh-0004	distinct	concurrent	2	-	2026090902	none
run-000550	fresh-0004	distinct	concurrent	2	-	2026090903	none
run-000551	fresh-0004	colliding	concurrent	2	-	2026090901	none
run-000552	fresh-0004	colliding	concurrent	2	-	2026090902	none
run-000553	fresh-0004	colliding	concurrent	2	-	2026090903	none
run-000554	fresh-0004	distinct	concurrent	4	-	2026090901	none
run-000555	fresh-0004	distinct	concurrent	4	-	2026090902	none
run-000556	fresh-0004	distinct	concurrent	4	-	2026090903	none
run-000557	fresh-0004	colliding	concurrent	4	-	2026090901	none
run-000558	fresh-0004	colliding	concurrent	4	-	2026090902	none
run-000559	fresh-0004	colliding	concurrent	4	-	2026090903	none
run-000560	fresh-0004	distinct	concurrent	8	-	2026090901	none
run-000561	fresh-0004	distinct	concurrent	8	-	2026090902	none
run-000562	fresh-0004	distinct	concurrent	8	-	2026090903	none
run-000563	fresh-0004	colliding	concurrent	8	-	2026090901	none
run-000564	fresh-0004	colliding	concurrent	8	-	2026090902	none
run-000565	fresh-0004	colliding	concurrent	8	-	2026090903	none
run-000566	fresh-0005	distinct	replay	0	SSSS	0	none
run-000567	fresh-0005	colliding	replay	0	SSSS	0	none
run-000568	fresh-0005	distinct	replay	1	SSS	0	none
run-000569	fresh-0005	distinct	replay	1	SSFSS	0	none
run-000570	fresh-0005	distinct	replay	1	SFSSS	0	none
run-000571	fresh-0005	distinct	replay	1	FSSSS	0	none
run-000572	fresh-0005	colliding	replay	1	SSS	0	none
run-000573	fresh-0005	colliding	replay	1	SSFSS	0	none
run-000574	fresh-0005	colliding	replay	1	SFSSS	0	none
run-000575	fresh-0005	colliding	replay	1	FSSSS	0	none
run-000576	fresh-0005	distinct	replay	2	S	0	none
run-000577	fresh-0005	distinct	replay	2	FSS	0	none
run-000578	fresh-0005	distinct	replay	2	FSFSS	0	none
run-000579	fresh-0005	distinct	replay	2	FFSSS	0	none
run-000580	fresh-0005	colliding	replay	2	S	0	none
run-000581	fresh-0005	colliding	replay	2	FSS	0	none
run-000582	fresh-0005	colliding	replay	2	FSFSS	0	none
run-000583	fresh-0005	colliding	replay	2	FFSSS	0	none
run-000584	fresh-0005	distinct	replay	3	S	0	none
run-000585	fresh-0005	distinct	replay	3	FS	0	none
run-000586	fresh-0005	distinct	replay	3	FFSS	0	none
run-000587	fresh-0005	distinct	replay	3	FFSFSS	0	none
run-000588	fresh-0005	distinct	replay	3	FFFSSS	0	none
run-000589	fresh-0005	colliding	replay	3	S	0	none
run-000590	fresh-0005	colliding	replay	3	FS	0	none
run-000591	fresh-0005	colliding	replay	3	FFSS	0	none
run-000592	fresh-0005	colliding	replay	3	FFSFSS	0	none
run-000593	fresh-0005	colliding	replay	3	FFFSSS	0	none
run-000594	fresh-0005	distinct	replay	4	S	0	none
run-000595	fresh-0005	distinct	replay	4	FS	0	none
run-000596	fresh-0005	distinct	replay	4	FFS	0	none
run-000597	fresh-0005	distinct	replay	4	FFFSS	0	none
run-000598	fresh-0005	distinct	replay	4	FFFSFSS	0	none
run-000599	fresh-0005	distinct	replay	4	FFFFSSS	0	none
run-000600	fresh-0005	colliding	replay	4	S	0	none
run-000601	fresh-0005	colliding	replay	4	FS	0	none
run-000602	fresh-0005	colliding	replay	4	FFS	0	none
run-000603	fresh-0005	colliding	replay	4	FFFSS	0	none
run-000604	fresh-0005	colliding	replay	4	FFFSFSS	0	none
run-000605	fresh-0005	colliding	replay	4	FFFFSSS	0	none
run-000606	fresh-0005	distinct	concurrent	1	-	2026090901	none
run-000607	fresh-0005	distinct	concurrent	1	-	2026090902	none
run-000608	fresh-0005	distinct	concurrent	1	-	2026090903	none
run-000609	fresh-0005	colliding	concurrent	1	-	2026090901	none
run-000610	fresh-0005	colliding	concurrent	1	-	2026090902	none
run-000611	fresh-0005	colliding	concurrent	1	-	2026090903	none
run-000612	fresh-0005	distinct	concurrent	2	-	2026090901	none
run-000613	fresh-0005	distinct	concurrent	2	-	2026090902	none
run-000614	fresh-0005	distinct	concurrent	2	-	2026090903	none
run-000615	fresh-0005	colliding	concurrent	2	-	2026090901	none
run-000616	fresh-0005	colliding	concurrent	2	-	2026090902	none
run-000617	fresh-0005	colliding	concurrent	2	-	2026090903	none
run-000618	fresh-0005	distinct	concurrent	4	-	2026090901	none
run-000619	fresh-0005	distinct	concurrent	4	-	2026090902	none
run-000620	fresh-0005	distinct	concurrent	4	-	2026090903	none
run-000621	fresh-0005	colliding	concurrent	4	-	2026090901	none
run-000622	fresh-0005	colliding	concurrent	4	-	2026090902	none
run-000623	fresh-0005	colliding	concurrent	4	-	2026090903	none
run-000624	fresh-0005	distinct	concurrent	8	-	2026090901	none
run-000625	fresh-0005	distinct	concurrent	8	-	2026090902	none
run-000626	fresh-0005	distinct	concurrent	8	-	2026090903	none
run-000627	fresh-0005	colliding	concurrent	8	-	2026090901	none
run-000628	fresh-0005	colliding	concurrent	8	-	2026090902	none
run-000629	fresh-0005	colliding	concurrent	8	-	2026090903	none
run-000630	fresh-0006	distinct	replay	0	SS	0	none
run-000631	fresh-0006	colliding	replay	0	SS	0	none
run-000632	fresh-0006	distinct	replay	1	SS	0	none
run-000633	fresh-0006	distinct	replay	1	SFS	0	none
run-000634	fresh-0006	distinct	replay	1	FSS	0	none
run-000635	fresh-0006	colliding	replay	1	SS	0	none
run-000636	fresh-0006	colliding	replay	1	SFS	0	none
run-000637	fresh-0006	colliding	replay	1	FSS	0	none
run-000638	fresh-0006	distinct	replay	2	SS	0	none
run-000639	fresh-0006	distinct	replay	2	SFS	0	none
run-000640	fresh-0006	distinct	replay	2	SFFS	0	none
run-000641	fresh-0006	distinct	replay	2	FSS	0	none
run-000642	fresh-0006	distinct	replay	2	FSFS	0	none
run-000643	fresh-0006	distinct	replay	2	FFSS	0	none
run-000644	fresh-0006	colliding	replay	2	SS	0	none
run-000645	fresh-0006	colliding	replay	2	SFS	0	none
run-000646	fresh-0006	colliding	replay	2	SFFS	0	none
run-000647	fresh-0006	colliding	replay	2	FSS	0	none
run-000648	fresh-0006	colliding	replay	2	FSFS	0	none
run-000649	fresh-0006	colliding	replay	2	FFSS	0	none
run-000650	fresh-0006	distinct	replay	3	SS	0	none
run-000651	fresh-0006	distinct	replay	3	SFS	0	none
run-000652	fresh-0006	distinct	replay	3	SFFS	0	none
run-000653	fresh-0006	distinct	replay	3	SFFFS	0	none
run-000654	fresh-0006	distinct	replay	3	FSS	0	none
run-000655	fresh-0006	distinct	replay	3	FSFS	0	none
run-000656	fresh-0006	distinct	replay	3	FSFFS	0	none
run-000657	fresh-0006	distinct	replay	3	FFSS	0	none
run-000658	fresh-0006	distinct	replay	3	FFSFS	0	none
run-000659	fresh-0006	distinct	replay	3	FFFSS	0	none
run-000660	fresh-0006	colliding	replay	3	SS	0	none
run-000661	fresh-0006	colliding	replay	3	SFS	0	none
run-000662	fresh-0006	colliding	replay	3	SFFS	0	none
run-000663	fresh-0006	colliding	replay	3	SFFFS	0	none
run-000664	fresh-0006	colliding	replay	3	FSS	0	none
run-000665	fresh-0006	colliding	replay	3	FSFS	0	none
run-000666	fresh-0006	colliding	replay	3	FSFFS	0	none
run-000667	fresh-0006	colliding	replay	3	FFSS	0	none
run-000668	fresh-0006	colliding	replay	3	FFSFS	0	none
run-000669	fresh-0006	colliding	replay	3	FFFSS	0	none
run-000670	fresh-0006	distinct	replay	4	SS	0	none
run-000671	fresh-0006	distinct	replay	4	SFS	0	none
run-000672	fresh-0006	distinct	replay	4	SFFS	0	none
run-000673	fresh-0006	distinct	replay	4	SFFFS	0	none
run-000674	fresh-0006	distinct	replay	4	SFFFFS	0	none
run-000675	fresh-0006	distinct	replay	4	FSS	0	none
run-000676	fresh-0006	distinct	replay	4	FSFS	0	none
run-000677	fresh-0006	distinct	replay	4	FSFFS	0	none
run-000678	fresh-0006	distinct	replay	4	FSFFFS	0	none
run-000679	fresh-0006	distinct	replay	4	FFSS	0	none
run-000680	fresh-0006	distinct	replay	4	FFSFS	0	none
run-000681	fresh-0006	distinct	replay	4	FFSFFS	0	none
run-000682	fresh-0006	distinct	replay	4	FFFSS	0	none
run-000683	fresh-0006	distinct	replay	4	FFFSFS	0	none
run-000684	fresh-0006	distinct	replay	4	FFFFSS	0	none
run-000685	fresh-0006	colliding	replay	4	SS	0	none
run-000686	fresh-0006	colliding	replay	4	SFS	0	none
run-000687	fresh-0006	colliding	replay	4	SFFS	0	none
run-000688	fresh-0006	colliding	replay	4	SFFFS	0	none
run-000689	fresh-0006	colliding	replay	4	SFFFFS	0	none
run-000690	fresh-0006	colliding	replay	4	FSS	0	none
run-000691	fresh-0006	colliding	replay	4	FSFS	0	none
run-000692	fresh-0006	colliding	replay	4	FSFFS	0	none
run-000693	fresh-0006	colliding	replay	4	FSFFFS	0	none
run-000694	fresh-0006	colliding	replay	4	FFSS	0	none
run-000695	fresh-0006	colliding	replay	4	FFSFS	0	none
run-000696	fresh-0006	colliding	replay	4	FFSFFS	0	none
run-000697	fresh-0006	colliding	replay	4	FFFSS	0	none
run-000698	fresh-0006	colliding	replay	4	FFFSFS	0	none
run-000699	fresh-0006	colliding	replay	4	FFFFSS	0	none
run-000700	fresh-0006	distinct	concurrent	1	-	2026090901	none
run-000701	fresh-0006	distinct	concurrent	1	-	2026090902	none
run-000702	fresh-0006	distinct	concurrent	1	-	2026090903	none
run-000703	fresh-0006	colliding	concurrent	1	-	2026090901	none
run-000704	fresh-0006	colliding	concurrent	1	-	2026090902	none
run-000705	fresh-0006	colliding	concurrent	1	-	2026090903	none
run-000706	fresh-0006	distinct	concurrent	2	-	2026090901	none
run-000707	fresh-0006	distinct	concurrent	2	-	2026090902	none
run-000708	fresh-0006	distinct	concurrent	2	-	2026090903	none
run-000709	fresh-0006	colliding	concurrent	2	-	2026090901	none
run-000710	fresh-0006	colliding	concurrent	2	-	2026090902	none
run-000711	fresh-0006	colliding	concurrent	2	-	2026090903	none
run-000712	fresh-0006	distinct	concurrent	4	-	2026090901	none
run-000713	fresh-0006	distinct	concurrent	4	-	2026090902	none
run-000714	fresh-0006	distinct	concurrent	4	-	2026090903	none
run-000715	fresh-0006	colliding	concurrent	4	-	2026090901	none
run-000716	fresh-0006	colliding	concurrent	4	-	2026090902	none
run-000717	fresh-0006	colliding	concurrent	4	-	2026090903	none
run-000718	fresh-0006	distinct	concurrent	8	-	2026090901	none
run-000719	fresh-0006	distinct	concurrent	8	-	2026090902	none
run-000720	fresh-0006	distinct	concurrent	8	-	2026090903	none
run-000721	fresh-0006	colliding	concurrent	8	-	2026090901	none
run-000722	fresh-0006	colliding	concurrent	8	-	2026090902	none
run-000723	fresh-0006	colliding	concurrent	8	-	2026090903	none
run-000724	fresh-0007	distinct	replay	0	SSS	0	none
run-000725	fresh-0007	colliding	replay	0	SSS	0	none
run-000726	fresh-0007	distinct	replay	1	SSS	0	none
run-000727	fresh-0007	distinct	replay	1	SSFS	0	none
run-000728	fresh-0007	distinct	replay	1	SFSS	0	none
run-000729	fresh-0007	distinct	replay	1	FSSS	0	none
run-000730	fresh-0007	colliding	replay	1	SSS	0	none
run-000731	fresh-0007	colliding	replay	1	SSFS	0	none
run-000732	fresh-0007	colliding	replay	1	SFSS	0	none
run-000733	fresh-0007	colliding	replay	1	FSSS	0	none
run-000734	fresh-0007	distinct	replay	2	SS	0	none
run-000735	fresh-0007	distinct	replay	2	SFSS	0	none
run-000736	fresh-0007	distinct	replay	2	SFSFS	0	none
run-000737	fresh-0007	distinct	replay	2	SFFSS	0	none
run-000738	fresh-0007	distinct	replay	2	FSSS	0	none
run-000739	fresh-0007	distinct	replay	2	FSSFS	0	none
run-000740	fresh-0007	distinct	replay	2	FSFSS	0	none
run-000741	fresh-0007	distinct	replay	2	FFSSS	0	none
run-000742	fresh-0007	colliding	replay	2	SS	0	none
run-000743	fresh-0007	colliding	replay	2	SFSS	0	none
run-000744	fresh-0007	colliding	replay	2	SFSFS	0	none
run-000745	fresh-0007	colliding	replay	2	SFFSS	0	none
run-000746	fresh-0007	colliding	replay	2	FSSS	0	none
run-000747	fresh-0007	colliding	replay	2	FSSFS	0	none
run-000748	fresh-0007	colliding	replay	2	FSFSS	0	none
run-000749	fresh-0007	colliding	replay	2	FFSSS	0	none
run-000750	fresh-0007	distinct	replay	3	SS	0	none
run-000751	fresh-0007	distinct	replay	3	SFS	0	none
run-000752	fresh-0007	distinct	replay	3	SFFSS	0	none
run-000753	fresh-0007	distinct	replay	3	SFFSFS	0	none
run-000754	fresh-0007	distinct	replay	3	SFFFSS	0	none
run-000755	fresh-0007	distinct	replay	3	FSS	0	none
run-000756	fresh-0007	distinct	replay	3	FSFSS	0	none
run-000757	fresh-0007	distinct	replay	3	FSFSFS	0	none
run-000758	fresh-0007	distinct	replay	3	FSFFSS	0	none
run-000759	fresh-0007	distinct	replay	3	FFSSS	0	none
run-000760	fresh-0007	distinct	replay	3	FFSSFS	0	none
run-000761	fresh-0007	distinct	replay	3	FFSFSS	0	none
run-000762	fresh-0007	distinct	replay	3	FFFSSS	0	none
run-000763	fresh-0007	colliding	replay	3	SS	0	none
run-000764	fresh-0007	colliding	replay	3	SFS	0	none
run-000765	fresh-0007	colliding	replay	3	SFFSS	0	none
run-000766	fresh-0007	colliding	replay	3	SFFSFS	0	none
run-000767	fresh-0007	colliding	replay	3	SFFFSS	0	none
run-000768	fresh-0007	colliding	replay	3	FSS	0	none
run-000769	fresh-0007	colliding	replay	3	FSFSS	0	none
run-000770	fresh-0007	colliding	replay	3	FSFSFS	0	none
run-000771	fresh-0007	colliding	replay	3	FSFFSS	0	none
run-000772	fresh-0007	colliding	replay	3	FFSSS	0	none
run-000773	fresh-0007	colliding	replay	3	FFSSFS	0	none
run-000774	fresh-0007	colliding	replay	3	FFSFSS	0	none
run-000775	fresh-0007	colliding	replay	3	FFFSSS	0	none
run-000776	fresh-0007	distinct	replay	4	S	0	none
run-000777	fresh-0007	distinct	replay	4	FSS	0	none
run-000778	fresh-0007	distinct	replay	4	FSFS	0	none
run-000779	fresh-0007	distinct	replay	4	FSFFSS	0	none
run-000780	fresh-0007	distinct	replay	4	FSFFSFS	0	none
run-000781	fresh-0007	distinct	replay	4	FSFFFSS	0	none
run-000782	fresh-0007	distinct	replay	4	FFSS	0	none
run-000783	fresh-0007	distinct	replay	4	FFSFSS	0	none
run-000784	fresh-0007	distinct	replay	4	FFSFSFS	0	none
run-000785	fresh-0007	distinct	replay	4	FFSFFSS	0	none
run-000786	fresh-0007	distinct	replay	4	FFFSSS	0	none
run-000787	fresh-0007	distinct	replay	4	FFFSSFS	0	none
run-000788	fresh-0007	distinct	replay	4	FFFSFSS	0	none
run-000789	fresh-0007	distinct	replay	4	FFFFSSS	0	none
run-000790	fresh-0007	colliding	replay	4	S	0	none
run-000791	fresh-0007	colliding	replay	4	FSS	0	none
run-000792	fresh-0007	colliding	replay	4	FSFS	0	none
run-000793	fresh-0007	colliding	replay	4	FSFFSS	0	none
run-000794	fresh-0007	colliding	replay	4	FSFFSFS	0	none
run-000795	fresh-0007	colliding	replay	4	FSFFFSS	0	none
run-000796	fresh-0007	colliding	replay	4	FFSS	0	none
run-000797	fresh-0007	colliding	replay	4	FFSFSS	0	none
run-000798	fresh-0007	colliding	replay	4	FFSFSFS	0	none
run-000799	fresh-0007	colliding	replay	4	FFSFFSS	0	none
run-000800	fresh-0007	colliding	replay	4	FFFSSS	0	none
run-000801	fresh-0007	colliding	replay	4	FFFSSFS	0	none
run-000802	fresh-0007	colliding	replay	4	FFFSFSS	0	none
run-000803	fresh-0007	colliding	replay	4	FFFFSSS	0	none
run-000804	fresh-0007	distinct	concurrent	1	-	2026090901	none
run-000805	fresh-0007	distinct	concurrent	1	-	2026090902	none
run-000806	fresh-0007	distinct	concurrent	1	-	2026090903	none
run-000807	fresh-0007	colliding	concurrent	1	-	2026090901	none
run-000808	fresh-0007	colliding	concurrent	1	-	2026090902	none
run-000809	fresh-0007	colliding	concurrent	1	-	2026090903	none
run-000810	fresh-0007	distinct	concurrent	2	-	2026090901	none
run-000811	fresh-0007	distinct	concurrent	2	-	2026090902	none
run-000812	fresh-0007	distinct	concurrent	2	-	2026090903	none
run-000813	fresh-0007	colliding	concurrent	2	-	2026090901	none
run-000814	fresh-0007	colliding	concurrent	2	-	2026090902	none
run-000815	fresh-0007	colliding	concurrent	2	-	2026090903	none
run-000816	fresh-0007	distinct	concurrent	4	-	2026090901	none
run-000817	fresh-0007	distinct	concurrent	4	-	2026090902	none
run-000818	fresh-0007	distinct	concurrent	4	-	2026090903	none
run-000819	fresh-0007	colliding	concurrent	4	-	2026090901	none
run-000820	fresh-0007	colliding	concurrent	4	-	2026090902	none
run-000821	fresh-0007	colliding	concurrent	4	-	2026090903	none
run-000822	fresh-0007	distinct	concurrent	8	-	2026090901	none
run-000823	fresh-0007	distinct	concurrent	8	-	2026090902	none
run-000824	fresh-0007	distinct	concurrent	8	-	2026090903	none
run-000825	fresh-0007	colliding	concurrent	8	-	2026090901	none
run-000826	fresh-0007	colliding	concurrent	8	-	2026090902	none
run-000827	fresh-0007	colliding	concurrent	8	-	2026090903	none
run-000828	fresh-0008	distinct	replay	0	SSSS	0	none
run-000829	fresh-0008	colliding	replay	0	SSSS	0	none
run-000830	fresh-0008	distinct	replay	1	SSS	0	none
run-000831	fresh-0008	distinct	replay	1	SSFS	0	none
run-000832	fresh-0008	distinct	replay	1	SFSSS	0	none
run-000833	fresh-0008	distinct	replay	1	FSSSS	0	none
run-000834	fresh-0008	colliding	replay	1	SSS	0	none
run-000835	fresh-0008	colliding	replay	1	SSFS	0	none
run-000836	fresh-0008	colliding	replay	1	SFSSS	0	none
run-000837	fresh-0008	colliding	replay	1	FSSSS	0	none
run-000838	fresh-0008	distinct	replay	2	SS	0	none
run-000839	fresh-0008	distinct	replay	2	SFS	0	none
run-000840	fresh-0008	distinct	replay	2	SFFSS	0	none
run-000841	fresh-0008	distinct	replay	2	FSSS	0	none
run-000842	fresh-0008	distinct	replay	2	FSSFS	0	none
run-000843	fresh-0008	distinct	replay	2	FSFSSS	0	none
run-000844	fresh-0008	distinct	replay	2	FFSSSS	0	none
run-000845	fresh-0008	colliding	replay	2	SS	0	none
run-000846	fresh-0008	colliding	replay	2	SFS	0	none
run-000847	fresh-0008	colliding	replay	2	SFFSS	0	none
run-000848	fresh-0008	colliding	replay	2	FSSS	0	none
run-000849	fresh-0008	colliding	replay	2	FSSFS	0	none
run-000850	fresh-0008	colliding	replay	2	FSFSSS	0	none
run-000851	fresh-0008	colliding	replay	2	FFSSSS	0	none
run-000852	fresh-0008	distinct	replay	3	S	0	none
run-000853	fresh-0008	distinct	replay	3	FSS	0	none
run-000854	fresh-0008	distinct	replay	3	FSFS	0	none
run-000855	fresh-0008	distinct	replay	3	FSFFSS	0	none
run-000856	fresh-0008	distinct	replay	3	FFSSS	0	none
run-000857	fresh-0008	distinct	replay	3	FFSSFS	0	none
run-000858	fresh-0008	distinct	replay	3	FFSFSSS	0	none
run-000859	fresh-0008	distinct	replay	3	FFFSSSS	0	none
run-000860	fresh-0008	colliding	replay	3	S	0	none
run-000861	fresh-0008	colliding	replay	3	FSS	0	none
run-000862	fresh-0008	colliding	replay	3	FSFS	0	none
run-000863	fresh-0008	colliding	replay	3	FSFFSS	0	none
run-000864	fresh-0008	colliding	replay	3	FFSSS	0	none
run-000865	fresh-0008	colliding	replay	3	FFSSFS	0	none
run-000866	fresh-0008	colliding	replay	3	FFSFSSS	0	none
run-000867	fresh-0008	colliding	replay	3	FFFSSSS	0	none
run-000868	fresh-0008	distinct	replay	4	S	0	none
run-000869	fresh-0008	distinct	replay	4	FS	0	none
run-000870	fresh-0008	distinct	replay	4	FFSS	0	none
run-000871	fresh-0008	distinct	replay	4	FFSFS	0	none
run-000872	fresh-0008	distinct	replay	4	FFSFFSS	0	none
run-000873	fresh-0008	distinct	replay	4	FFFSSS	0	none
run-000874	fresh-0008	distinct	replay	4	FFFSSFS	0	none
run-000875	fresh-0008	distinct	replay	4	FFFSFSSS	0	none
run-000876	fresh-0008	distinct	replay	4	FFFFSSSS	0	none
run-000877	fresh-0008	colliding	replay	4	S	0	none
run-000878	fresh-0008	colliding	replay	4	FS	0	none
run-000879	fresh-0008	colliding	replay	4	FFSS	0	none
run-000880	fresh-0008	colliding	replay	4	FFSFS	0	none
run-000881	fresh-0008	colliding	replay	4	FFSFFSS	0	none
run-000882	fresh-0008	colliding	replay	4	FFFSSS	0	none
run-000883	fresh-0008	colliding	replay	4	FFFSSFS	0	none
run-000884	fresh-0008	colliding	replay	4	FFFSFSSS	0	none
run-000885	fresh-0008	colliding	replay	4	FFFFSSSS	0	none
run-000886	fresh-0008	distinct	concurrent	1	-	2026090901	none
run-000887	fresh-0008	distinct	concurrent	1	-	2026090902	none
run-000888	fresh-0008	distinct	concurrent	1	-	2026090903	none
run-000889	fresh-0008	colliding	concurrent	1	-	2026090901	none
run-000890	fresh-0008	colliding	concurrent	1	-	2026090902	none
run-000891	fresh-0008	colliding	concurrent	1	-	2026090903	none
run-000892	fresh-0008	distinct	concurrent	2	-	2026090901	none
run-000893	fresh-0008	distinct	concurrent	2	-	2026090902	none
run-000894	fresh-0008	distinct	concurrent	2	-	2026090903	none
run-000895	fresh-0008	colliding	concurrent	2	-	2026090901	none
run-000896	fresh-0008	colliding	concurrent	2	-	2026090902	none
run-000897	fresh-0008	colliding	concurrent	2	-	2026090903	none
run-000898	fresh-0008	distinct	concurrent	4	-	2026090901	none
run-000899	fresh-0008	distinct	concurrent	4	-	2026090902	none
run-000900	fresh-0008	distinct	concurrent	4	-	2026090903	none
run-000901	fresh-0008	colliding	concurrent	4	-	2026090901	none
run-000902	fresh-0008	colliding	concurrent	4	-	2026090902	none
run-000903	fresh-0008	colliding	concurrent	4	-	2026090903	none
run-000904	fresh-0008	distinct	concurrent	8	-	2026090901	none
run-000905	fresh-0008	distinct	concurrent	8	-	2026090902	none
run-000906	fresh-0008	distinct	concurrent	8	-	2026090903	none
run-000907	fresh-0008	colliding	concurrent	8	-	2026090901	none
run-000908	fresh-0008	colliding	concurrent	8	-	2026090902	none
run-000909	fresh-0008	colliding	concurrent	8	-	2026090903	none
run-000910	fresh-0009	distinct	replay	0	SS	0	none
run-000911	fresh-0009	colliding	replay	0	SS	0	none
run-000912	fresh-0009	distinct	replay	1	S	0	none
run-000913	fresh-0009	distinct	replay	1	FSS	0	none
run-000914	fresh-0009	colliding	replay	1	S	0	none
run-000915	fresh-0009	colliding	replay	1	FSS	0	none
run-000916	fresh-0009	distinct	replay	2	S	0	none
run-000917	fresh-0009	distinct	replay	2	FS	0	none
run-000918	fresh-0009	distinct	replay	2	FFSS	0	none
run-000919	fresh-0009	colliding	replay	2	S	0	none
run-000920	fresh-0009	colliding	replay	2	FS	0	none
run-000921	fresh-0009	colliding	replay	2	FFSS	0	none
run-000922	fresh-0009	distinct	replay	3	-	0	none
run-000923	fresh-0009	colliding	replay	3	-	0	none
run-000924	fresh-0009	distinct	replay	4	-	0	none
run-000925	fresh-0009	colliding	replay	4	-	0	none
run-000926	fresh-0009	distinct	concurrent	1	-	2026090901	none
run-000927	fresh-0009	distinct	concurrent	1	-	2026090902	none
run-000928	fresh-0009	distinct	concurrent	1	-	2026090903	none
run-000929	fresh-0009	colliding	concurrent	1	-	2026090901	none
run-000930	fresh-0009	colliding	concurrent	1	-	2026090902	none
run-000931	fresh-0009	colliding	concurrent	1	-	2026090903	none
run-000932	fresh-0009	distinct	concurrent	2	-	2026090901	none
run-000933	fresh-0009	distinct	concurrent	2	-	2026090902	none
run-000934	fresh-0009	distinct	concurrent	2	-	2026090903	none
run-000935	fresh-0009	colliding	concurrent	2	-	2026090901	none
run-000936	fresh-0009	colliding	concurrent	2	-	2026090902	none
run-000937	fresh-0009	colliding	concurrent	2	-	2026090903	none
run-000938	fresh-0009	distinct	concurrent	4	-	2026090901	none
run-000939	fresh-0009	distinct	concurrent	4	-	2026090902	none
run-000940	fresh-0009	distinct	concurrent	4	-	2026090903	none
run-000941	fresh-0009	colliding	concurrent	4	-	2026090901	none
run-000942	fresh-0009	colliding	concurrent	4	-	2026090902	none
run-000943	fresh-0009	colliding	concurrent	4	-	2026090903	none
run-000944	fresh-0009	distinct	concurrent	8	-	2026090901	none
run-000945	fresh-0009	distinct	concurrent	8	-	2026090902	none
run-000946	fresh-0009	distinct	concurrent	8	-	2026090903	none
run-000947	fresh-0009	colliding	concurrent	8	-	2026090901	none
run-000948	fresh-0009	colliding	concurrent	8	-	2026090902	none
run-000949	fresh-0009	colliding	concurrent	8	-	2026090903	none
run-000950	fresh-0010	distinct	replay	0	SSS	0	none
run-000951	fresh-0010	colliding	replay	0	SSS	0	none
run-000952	fresh-0010	distinct	replay	1	SSS	0	none
run-000953	fresh-0010	distinct	replay	1	SSFS	0	none
run-000954	fresh-0010	distinct	replay	1	SFSS	0	none
run-000955	fresh-0010	distinct	replay	1	FSSS	0	none
run-000956	fresh-0010	colliding	replay	1	SSS	0	none
run-000957	fresh-0010	colliding	replay	1	SSFS	0	none
run-000958	fresh-0010	colliding	replay	1	SFSS	0	none
run-000959	fresh-0010	colliding	replay	1	FSSS	0	none
run-000960	fresh-0010	distinct	replay	2	SSS	0	none
run-000961	fresh-0010	distinct	replay	2	SSFS	0	none
run-000962	fresh-0010	distinct	replay	2	SSFFS	0	none
run-000963	fresh-0010	distinct	replay	2	SFSS	0	none
run-000964	fresh-0010	distinct	replay	2	SFSFS	0	none
run-000965	fresh-0010	distinct	replay	2	SFFSS	0	none
run-000966	fresh-0010	distinct	replay	2	FSSS	0	none
run-000967	fresh-0010	distinct	replay	2	FSSFS	0	none
run-000968	fresh-0010	distinct	replay	2	FSFSS	0	none
run-000969	fresh-0010	distinct	replay	2	FFSSS	0	none
run-000970	fresh-0010	colliding	replay	2	SSS	0	none
run-000971	fresh-0010	colliding	replay	2	SSFS	0	none
run-000972	fresh-0010	colliding	replay	2	SSFFS	0	none
run-000973	fresh-0010	colliding	replay	2	SFSS	0	none
run-000974	fresh-0010	colliding	replay	2	SFSFS	0	none
run-000975	fresh-0010	colliding	replay	2	SFFSS	0	none
run-000976	fresh-0010	colliding	replay	2	FSSS	0	none
run-000977	fresh-0010	colliding	replay	2	FSSFS	0	none
run-000978	fresh-0010	colliding	replay	2	FSFSS	0	none
run-000979	fresh-0010	colliding	replay	2	FFSSS	0	none
run-000980	fresh-0010	distinct	replay	3	SSS	0	none
run-000981	fresh-0010	distinct	replay	3	SSFS	0	none
run-000982	fresh-0010	distinct	replay	3	SSFFS	0	none
run-000983	fresh-0010	distinct	replay	3	SSFFFS	0	none
run-000984	fresh-0010	distinct	replay	3	SFSS	0	none
run-000985	fresh-0010	distinct	replay	3	SFSFS	0	none
run-000986	fresh-0010	distinct	replay	3	SFSFFS	0	none
run-000987	fresh-0010	distinct	replay	3	SFFSS	0	none
run-000988	fresh-0010	distinct	replay	3	SFFSFS	0	none
run-000989	fresh-0010	distinct	replay	3	SFFFSS	0	none
run-000990	fresh-0010	distinct	replay	3	FSSS	0	none
run-000991	fresh-0010	distinct	replay	3	FSSFS	0	none
run-000992	fresh-0010	distinct	replay	3	FSSFFS	0	none
run-000993	fresh-0010	distinct	replay	3	FSFSS	0	none
run-000994	fresh-0010	distinct	replay	3	FSFSFS	0	none
run-000995	fresh-0010	distinct	replay	3	FSFFSS	0	none
run-000996	fresh-0010	distinct	replay	3	FFSSS	0	none
run-000997	fresh-0010	distinct	replay	3	FFSSFS	0	none
run-000998	fresh-0010	distinct	replay	3	FFSFSS	0	none
run-000999	fresh-0010	distinct	replay	3	FFFSSS	0	none
run-001000	fresh-0010	colliding	replay	3	SSS	0	none
run-001001	fresh-0010	colliding	replay	3	SSFS	0	none
run-001002	fresh-0010	colliding	replay	3	SSFFS	0	none
run-001003	fresh-0010	colliding	replay	3	SSFFFS	0	none
run-001004	fresh-0010	colliding	replay	3	SFSS	0	none
run-001005	fresh-0010	colliding	replay	3	SFSFS	0	none
run-001006	fresh-0010	colliding	replay	3	SFSFFS	0	none
run-001007	fresh-0010	colliding	replay	3	SFFSS	0	none
run-001008	fresh-0010	colliding	replay	3	SFFSFS	0	none
run-001009	fresh-0010	colliding	replay	3	SFFFSS	0	none
run-001010	fresh-0010	colliding	replay	3	FSSS	0	none
run-001011	fresh-0010	colliding	replay	3	FSSFS	0	none
run-001012	fresh-0010	colliding	replay	3	FSSFFS	0	none
run-001013	fresh-0010	colliding	replay	3	FSFSS	0	none
run-001014	fresh-0010	colliding	replay	3	FSFSFS	0	none
run-001015	fresh-0010	colliding	replay	3	FSFFSS	0	none
run-001016	fresh-0010	colliding	replay	3	FFSSS	0	none
run-001017	fresh-0010	colliding	replay	3	FFSSFS	0	none
run-001018	fresh-0010	colliding	replay	3	FFSFSS	0	none
run-001019	fresh-0010	colliding	replay	3	FFFSSS	0	none
run-001020	fresh-0010	distinct	replay	4	SSS	0	none
run-001021	fresh-0010	distinct	replay	4	SSFS	0	none
run-001022	fresh-0010	distinct	replay	4	SSFFS	0	none
run-001023	fresh-0010	distinct	replay	4	SSFFFS	0	none
run-001024	fresh-0010	distinct	replay	4	SSFFFFS	0	none
run-001025	fresh-0010	distinct	replay	4	SFSS	0	none
run-001026	fresh-0010	distinct	replay	4	SFSFS	0	none
run-001027	fresh-0010	distinct	replay	4	SFSFFS	0	none
run-001028	fresh-0010	distinct	replay	4	SFSFFFS	0	none
run-001029	fresh-0010	distinct	replay	4	SFFSS	0	none
run-001030	fresh-0010	distinct	replay	4	SFFSFS	0	none
run-001031	fresh-0010	distinct	replay	4	SFFSFFS	0	none
run-001032	fresh-0010	distinct	replay	4	SFFFSS	0	none
run-001033	fresh-0010	distinct	replay	4	SFFFSFS	0	none
run-001034	fresh-0010	distinct	replay	4	SFFFFSS	0	none
run-001035	fresh-0010	distinct	replay	4	FSSS	0	none
run-001036	fresh-0010	distinct	replay	4	FSSFS	0	none
run-001037	fresh-0010	distinct	replay	4	FSSFFS	0	none
run-001038	fresh-0010	distinct	replay	4	FSSFFFS	0	none
run-001039	fresh-0010	distinct	replay	4	FSFSS	0	none
run-001040	fresh-0010	distinct	replay	4	FSFSFS	0	none
run-001041	fresh-0010	distinct	replay	4	FSFSFFS	0	none
run-001042	fresh-0010	distinct	replay	4	FSFFSS	0	none
run-001043	fresh-0010	distinct	replay	4	FSFFSFS	0	none
run-001044	fresh-0010	distinct	replay	4	FSFFFSS	0	none
run-001045	fresh-0010	distinct	replay	4	FFSSS	0	none
run-001046	fresh-0010	distinct	replay	4	FFSSFS	0	none
run-001047	fresh-0010	distinct	replay	4	FFSSFFS	0	none
run-001048	fresh-0010	distinct	replay	4	FFSFSS	0	none
run-001049	fresh-0010	distinct	replay	4	FFSFSFS	0	none
run-001050	fresh-0010	distinct	replay	4	FFSFFSS	0	none
run-001051	fresh-0010	distinct	replay	4	FFFSSS	0	none
run-001052	fresh-0010	distinct	replay	4	FFFSSFS	0	none
run-001053	fresh-0010	distinct	replay	4	FFFSFSS	0	none
run-001054	fresh-0010	distinct	replay	4	FFFFSSS	0	none
run-001055	fresh-0010	colliding	replay	4	SSS	0	none
run-001056	fresh-0010	colliding	replay	4	SSFS	0	none
run-001057	fresh-0010	colliding	replay	4	SSFFS	0	none
run-001058	fresh-0010	colliding	replay	4	SSFFFS	0	none
run-001059	fresh-0010	colliding	replay	4	SSFFFFS	0	none
run-001060	fresh-0010	colliding	replay	4	SFSS	0	none
run-001061	fresh-0010	colliding	replay	4	SFSFS	0	none
run-001062	fresh-0010	colliding	replay	4	SFSFFS	0	none
run-001063	fresh-0010	colliding	replay	4	SFSFFFS	0	none
run-001064	fresh-0010	colliding	replay	4	SFFSS	0	none
run-001065	fresh-0010	colliding	replay	4	SFFSFS	0	none
run-001066	fresh-0010	colliding	replay	4	SFFSFFS	0	none
run-001067	fresh-0010	colliding	replay	4	SFFFSS	0	none
run-001068	fresh-0010	colliding	replay	4	SFFFSFS	0	none
run-001069	fresh-0010	colliding	replay	4	SFFFFSS	0	none
run-001070	fresh-0010	colliding	replay	4	FSSS	0	none
run-001071	fresh-0010	colliding	replay	4	FSSFS	0	none
run-001072	fresh-0010	colliding	replay	4	FSSFFS	0	none
run-001073	fresh-0010	colliding	replay	4	FSSFFFS	0	none
run-001074	fresh-0010	colliding	replay	4	FSFSS	0	none
run-001075	fresh-0010	colliding	replay	4	FSFSFS	0	none
run-001076	fresh-0010	colliding	replay	4	FSFSFFS	0	none
run-001077	fresh-0010	colliding	replay	4	FSFFSS	0	none
run-001078	fresh-0010	colliding	replay	4	FSFFSFS	0	none
run-001079	fresh-0010	colliding	replay	4	FSFFFSS	0	none
run-001080	fresh-0010	colliding	replay	4	FFSSS	0	none
run-001081	fresh-0010	colliding	replay	4	FFSSFS	0	none
run-001082	fresh-0010	colliding	replay	4	FFSSFFS	0	none
run-001083	fresh-0010	colliding	replay	4	FFSFSS	0	none
run-001084	fresh-0010	colliding	replay	4	FFSFSFS	0	none
run-001085	fresh-0010	colliding	replay	4	FFSFFSS	0	none
run-001086	fresh-0010	colliding	replay	4	FFFSSS	0	none
run-001087	fresh-0010	colliding	replay	4	FFFSSFS	0	none
run-001088	fresh-0010	colliding	replay	4	FFFSFSS	0	none
run-001089	fresh-0010	colliding	replay	4	FFFFSSS	0	none
run-001090	fresh-0010	distinct	concurrent	1	-	2026090901	none
run-001091	fresh-0010	distinct	concurrent	1	-	2026090902	none
run-001092	fresh-0010	distinct	concurrent	1	-	2026090903	none
run-001093	fresh-0010	colliding	concurrent	1	-	2026090901	none
run-001094	fresh-0010	colliding	concurrent	1	-	2026090902	none
run-001095	fresh-0010	colliding	concurrent	1	-	2026090903	none
run-001096	fresh-0010	distinct	concurrent	2	-	2026090901	none
run-001097	fresh-0010	distinct	concurrent	2	-	2026090902	none
run-001098	fresh-0010	distinct	concurrent	2	-	2026090903	none
run-001099	fresh-0010	colliding	concurrent	2	-	2026090901	none
run-001100	fresh-0010	colliding	concurrent	2	-	2026090902	none
run-001101	fresh-0010	colliding	concurrent	2	-	2026090903	none
run-001102	fresh-0010	distinct	concurrent	4	-	2026090901	none
run-001103	fresh-0010	distinct	concurrent	4	-	2026090902	none
run-001104	fresh-0010	distinct	concurrent	4	-	2026090903	none
run-001105	fresh-0010	colliding	concurrent	4	-	2026090901	none
run-001106	fresh-0010	colliding	concurrent	4	-	2026090902	none
run-001107	fresh-0010	colliding	concurrent	4	-	2026090903	none
run-001108	fresh-0010	distinct	concurrent	8	-	2026090901	none
run-001109	fresh-0010	distinct	concurrent	8	-	2026090902	none
run-001110	fresh-0010	distinct	concurrent	8	-	2026090903	none
run-001111	fresh-0010	colliding	concurrent	8	-	2026090901	none
run-001112	fresh-0010	colliding	concurrent	8	-	2026090902	none
run-001113	fresh-0010	colliding	concurrent	8	-	2026090903	none
run-001114	fresh-0011	distinct	replay	0	SSSS	0	none
run-001115	fresh-0011	colliding	replay	0	SSSS	0	none
run-001116	fresh-0011	distinct	replay	1	SSS	0	none
run-001117	fresh-0011	distinct	replay	1	SSFS	0	none
run-001118	fresh-0011	distinct	replay	1	SFSSS	0	none
run-001119	fresh-0011	distinct	replay	1	FSSSS	0	none
run-001120	fresh-0011	colliding	replay	1	SSS	0	none
run-001121	fresh-0011	colliding	replay	1	SSFS	0	none
run-001122	fresh-0011	colliding	replay	1	SFSSS	0	none
run-001123	fresh-0011	colliding	replay	1	FSSSS	0	none
run-001124	fresh-0011	distinct	replay	2	SS	0	none
run-001125	fresh-0011	distinct	replay	2	SFS	0	none
run-001126	fresh-0011	distinct	replay	2	SFFS	0	none
run-001127	fresh-0011	distinct	replay	2	FSSS	0	none
run-001128	fresh-0011	distinct	replay	2	FSSFS	0	none
run-001129	fresh-0011	distinct	replay	2	FSFSSS	0	none
run-001130	fresh-0011	distinct	replay	2	FFSSSS	0	none
run-001131	fresh-0011	colliding	replay	2	SS	0	none
run-001132	fresh-0011	colliding	replay	2	SFS	0	none
run-001133	fresh-0011	colliding	replay	2	SFFS	0	none
run-001134	fresh-0011	colliding	replay	2	FSSS	0	none
run-001135	fresh-0011	colliding	replay	2	FSSFS	0	none
run-001136	fresh-0011	colliding	replay	2	FSFSSS	0	none
run-001137	fresh-0011	colliding	replay	2	FFSSSS	0	none
run-001138	fresh-0011	distinct	replay	3	S	0	none
run-001139	fresh-0011	distinct	replay	3	FS	0	none
run-001140	fresh-0011	distinct	replay	3	FFS	0	none
run-001141	fresh-0011	distinct	replay	3	FFFS	0	none
run-001142	fresh-0011	colliding	replay	3	S	0	none
run-001143	fresh-0011	colliding	replay	3	FS	0	none
run-001144	fresh-0011	colliding	replay	3	FFS	0	none
run-001145	fresh-0011	colliding	replay	3	FFFS	0	none
run-001146	fresh-0011	distinct	replay	4	-	0	none
run-001147	fresh-0011	colliding	replay	4	-	0	none
run-001148	fresh-0011	distinct	concurrent	1	-	2026090901	none
run-001149	fresh-0011	distinct	concurrent	1	-	2026090902	none
run-001150	fresh-0011	distinct	concurrent	1	-	2026090903	none
run-001151	fresh-0011	colliding	concurrent	1	-	2026090901	none
run-001152	fresh-0011	colliding	concurrent	1	-	2026090902	none
run-001153	fresh-0011	colliding	concurrent	1	-	2026090903	none
run-001154	fresh-0011	distinct	concurrent	2	-	2026090901	none
run-001155	fresh-0011	distinct	concurrent	2	-	2026090902	none
run-001156	fresh-0011	distinct	concurrent	2	-	2026090903	none
run-001157	fresh-0011	colliding	concurrent	2	-	2026090901	none
run-001158	fresh-0011	colliding	concurrent	2	-	2026090902	none
run-001159	fresh-0011	colliding	concurrent	2	-	2026090903	none
run-001160	fresh-0011	distinct	concurrent	4	-	2026090901	none
run-001161	fresh-0011	distinct	concurrent	4	-	2026090902	none
run-001162	fresh-0011	distinct	concurrent	4	-	2026090903	none
run-001163	fresh-0011	colliding	concurrent	4	-	2026090901	none
run-001164	fresh-0011	colliding	concurrent	4	-	2026090902	none
run-001165	fresh-0011	colliding	concurrent	4	-	2026090903	none
run-001166	fresh-0011	distinct	concurrent	8	-	2026090901	none
run-001167	fresh-0011	distinct	concurrent	8	-	2026090902	none
run-001168	fresh-0011	distinct	concurrent	8	-	2026090903	none
run-001169	fresh-0011	colliding	concurrent	8	-	2026090901	none
run-001170	fresh-0011	colliding	concurrent	8	-	2026090902	none
run-001171	fresh-0011	colliding	concurrent	8	-	2026090903	none
run-001172	fresh-0012	distinct	replay	0	SS	0	none
run-001173	fresh-0012	colliding	replay	0	SS	0	none
run-001174	fresh-0012	distinct	replay	1	SS	0	none
run-001175	fresh-0012	distinct	replay	1	SFS	0	none
run-001176	fresh-0012	distinct	replay	1	FSS	0	none
run-001177	fresh-0012	colliding	replay	1	SS	0	none
run-001178	fresh-0012	colliding	replay	1	SFS	0	none
run-001179	fresh-0012	colliding	replay	1	FSS	0	none
run-001180	fresh-0012	distinct	replay	2	-	0	none
run-001181	fresh-0012	colliding	replay	2	-	0	none
run-001182	fresh-0012	distinct	replay	3	-	0	none
run-001183	fresh-0012	colliding	replay	3	-	0	none
run-001184	fresh-0012	distinct	replay	4	-	0	none
run-001185	fresh-0012	colliding	replay	4	-	0	none
run-001186	fresh-0012	distinct	concurrent	1	-	2026090901	none
run-001187	fresh-0012	distinct	concurrent	1	-	2026090902	none
run-001188	fresh-0012	distinct	concurrent	1	-	2026090903	none
run-001189	fresh-0012	colliding	concurrent	1	-	2026090901	none
run-001190	fresh-0012	colliding	concurrent	1	-	2026090902	none
run-001191	fresh-0012	colliding	concurrent	1	-	2026090903	none
run-001192	fresh-0012	distinct	concurrent	2	-	2026090901	none
run-001193	fresh-0012	distinct	concurrent	2	-	2026090902	none
run-001194	fresh-0012	distinct	concurrent	2	-	2026090903	none
run-001195	fresh-0012	colliding	concurrent	2	-	2026090901	none
run-001196	fresh-0012	colliding	concurrent	2	-	2026090902	none
run-001197	fresh-0012	colliding	concurrent	2	-	2026090903	none
run-001198	fresh-0012	distinct	concurrent	4	-	2026090901	none
run-001199	fresh-0012	distinct	concurrent	4	-	2026090902	none
run-001200	fresh-0012	distinct	concurrent	4	-	2026090903	none
run-001201	fresh-0012	colliding	concurrent	4	-	2026090901	none
run-001202	fresh-0012	colliding	concurrent	4	-	2026090902	none
run-001203	fresh-0012	colliding	concurrent	4	-	2026090903	none
run-001204	fresh-0012	distinct	concurrent	8	-	2026090901	none
run-001205	fresh-0012	distinct	concurrent	8	-	2026090902	none
run-001206	fresh-0012	distinct	concurrent	8	-	2026090903	none
run-001207	fresh-0012	colliding	concurrent	8	-	2026090901	none
run-001208	fresh-0012	colliding	concurrent	8	-	2026090902	none
run-001209	fresh-0012	colliding	concurrent	8	-	2026090903	none
run-001210	fresh-0013	distinct	replay	0	SSS	0	none
run-001211	fresh-0013	colliding	replay	0	SSS	0	none
run-001212	fresh-0013	distinct	replay	1	-	0	none
run-001213	fresh-0013	colliding	replay	1	-	0	none
run-001214	fresh-0013	distinct	replay	2	-	0	none
run-001215	fresh-0013	colliding	replay	2	-	0	none
run-001216	fresh-0013	distinct	replay	3	-	0	none
run-001217	fresh-0013	colliding	replay	3	-	0	none
run-001218	fresh-0013	distinct	replay	4	-	0	none
run-001219	fresh-0013	colliding	replay	4	-	0	none
run-001220	fresh-0013	distinct	concurrent	1	-	2026090901	none
run-001221	fresh-0013	distinct	concurrent	1	-	2026090902	none
run-001222	fresh-0013	distinct	concurrent	1	-	2026090903	none
run-001223	fresh-0013	colliding	concurrent	1	-	2026090901	none
run-001224	fresh-0013	colliding	concurrent	1	-	2026090902	none
run-001225	fresh-0013	colliding	concurrent	1	-	2026090903	none
run-001226	fresh-0013	distinct	concurrent	2	-	2026090901	none
run-001227	fresh-0013	distinct	concurrent	2	-	2026090902	none
run-001228	fresh-0013	distinct	concurrent	2	-	2026090903	none
run-001229	fresh-0013	colliding	concurrent	2	-	2026090901	none
run-001230	fresh-0013	colliding	concurrent	2	-	2026090902	none
run-001231	fresh-0013	colliding	concurrent	2	-	2026090903	none
run-001232	fresh-0013	distinct	concurrent	4	-	2026090901	none
run-001233	fresh-0013	distinct	concurrent	4	-	2026090902	none
run-001234	fresh-0013	distinct	concurrent	4	-	2026090903	none
run-001235	fresh-0013	colliding	concurrent	4	-	2026090901	none
run-001236	fresh-0013	colliding	concurrent	4	-	2026090902	none
run-001237	fresh-0013	colliding	concurrent	4	-	2026090903	none
run-001238	fresh-0013	distinct	concurrent	8	-	2026090901	none
run-001239	fresh-0013	distinct	concurrent	8	-	2026090902	none
run-001240	fresh-0013	distinct	concurrent	8	-	2026090903	none
run-001241	fresh-0013	colliding	concurrent	8	-	2026090901	none
run-001242	fresh-0013	colliding	concurrent	8	-	2026090902	none
run-001243	fresh-0013	colliding	concurrent	8	-	2026090903	none
run-001244	fresh-0014	distinct	replay	0	SSSS	0	none
run-001245	fresh-0014	colliding	replay	0	SSSS	0	none
run-001246	fresh-0014	distinct	replay	1	SSSS	0	none
run-001247	fresh-0014	distinct	replay	1	SSSFS	0	none
run-001248	fresh-0014	distinct	replay	1	SSFSS	0	none
run-001249	fresh-0014	distinct	replay	1	SFSSS	0	none
run-001250	fresh-0014	distinct	replay	1	FSSSS	0	none
run-001251	fresh-0014	colliding	replay	1	SSSS	0	none
run-001252	fresh-0014	colliding	replay	1	SSSFS	0	none
run-001253	fresh-0014	colliding	replay	1	SSFSS	0	none
run-001254	fresh-0014	colliding	replay	1	SFSSS	0	none
run-001255	fresh-0014	colliding	replay	1	FSSSS	0	none
run-001256	fresh-0014	distinct	replay	2	SSSS	0	none
run-001257	fresh-0014	distinct	replay	2	SSSFS	0	none
run-001258	fresh-0014	distinct	replay	2	SSSFFS	0	none
run-001259	fresh-0014	distinct	replay	2	SSFSS	0	none
run-001260	fresh-0014	distinct	replay	2	SSFSFS	0	none
run-001261	fresh-0014	distinct	replay	2	SSFFSS	0	none
run-001262	fresh-0014	distinct	replay	2	SFSSS	0	none
run-001263	fresh-0014	distinct	replay	2	SFSSFS	0	none
run-001264	fresh-0014	distinct	replay	2	SFSFSS	0	none
run-001265	fresh-0014	distinct	replay	2	SFFSSS	0	none
run-001266	fresh-0014	distinct	replay	2	FSSSS	0	none
run-001267	fresh-0014	distinct	replay	2	FSSSFS	0	none
run-001268	fresh-0014	distinct	replay	2	FSSFSS	0	none
run-001269	fresh-0014	distinct	replay	2	FSFSSS	0	none
run-001270	fresh-0014	distinct	replay	2	FFSSSS	0	none
run-001271	fresh-0014	colliding	replay	2	SSSS	0	none
run-001272	fresh-0014	colliding	replay	2	SSSFS	0	none
run-001273	fresh-0014	colliding	replay	2	SSSFFS	0	none
run-001274	fresh-0014	colliding	replay	2	SSFSS	0	none
run-001275	fresh-0014	colliding	replay	2	SSFSFS	0	none
run-001276	fresh-0014	colliding	replay	2	SSFFSS	0	none
run-001277	fresh-0014	colliding	replay	2	SFSSS	0	none
run-001278	fresh-0014	colliding	replay	2	SFSSFS	0	none
run-001279	fresh-0014	colliding	replay	2	SFSFSS	0	none
run-001280	fresh-0014	colliding	replay	2	SFFSSS	0	none
run-001281	fresh-0014	colliding	replay	2	FSSSS	0	none
run-001282	fresh-0014	colliding	replay	2	FSSSFS	0	none
run-001283	fresh-0014	colliding	replay	2	FSSFSS	0	none
run-001284	fresh-0014	colliding	replay	2	FSFSSS	0	none
run-001285	fresh-0014	colliding	replay	2	FFSSSS	0	none
run-001286	fresh-0014	distinct	replay	3	SSSS	0	none
run-001287	fresh-0014	distinct	replay	3	SSSFS	0	none
run-001288	fresh-0014	distinct	replay	3	SSSFFS	0	none
run-001289	fresh-0014	distinct	replay	3	SSSFFFS	0	none
run-001290	fresh-0014	distinct	replay	3	SSFSS	0	none
run-001291	fresh-0014	distinct	replay	3	SSFSFS	0	none
run-001292	fresh-0014	distinct	replay	3	SSFSFFS	0	none
run-001293	fresh-0014	distinct	replay	3	SSFFSS	0	none
run-001294	fresh-0014	distinct	replay	3	SSFFSFS	0	none
run-001295	fresh-0014	distinct	replay	3	SSFFFSS	0	none
run-001296	fresh-0014	distinct	replay	3	SFSSS	0	none
run-001297	fresh-0014	distinct	replay	3	SFSSFS	0	none
run-001298	fresh-0014	distinct	replay	3	SFSSFFS	0	none
run-001299	fresh-0014	distinct	replay	3	SFSFSS	0	none
run-001300	fresh-0014	distinct	replay	3	SFSFSFS	0	none
run-001301	fresh-0014	distinct	replay	3	SFSFFSS	0	none
run-001302	fresh-0014	distinct	replay	3	SFFSSS	0	none
run-001303	fresh-0014	distinct	replay	3	SFFSSFS	0	none
run-001304	fresh-0014	distinct	replay	3	SFFSFSS	0	none
run-001305	fresh-0014	distinct	replay	3	SFFFSSS	0	none
run-001306	fresh-0014	distinct	replay	3	FSSSS	0	none
run-001307	fresh-0014	distinct	replay	3	FSSSFS	0	none
run-001308	fresh-0014	distinct	replay	3	FSSSFFS	0	none
run-001309	fresh-0014	distinct	replay	3	FSSFSS	0	none
run-001310	fresh-0014	distinct	replay	3	FSSFSFS	0	none
run-001311	fresh-0014	distinct	replay	3	FSSFFSS	0	none
run-001312	fresh-0014	distinct	replay	3	FSFSSS	0	none
run-001313	fresh-0014	distinct	replay	3	FSFSSFS	0	none
run-001314	fresh-0014	distinct	replay	3	FSFSFSS	0	none
run-001315	fresh-0014	distinct	replay	3	FSFFSSS	0	none
run-001316	fresh-0014	distinct	replay	3	FFSSSS	0	none
run-001317	fresh-0014	distinct	replay	3	FFSSSFS	0	none
run-001318	fresh-0014	distinct	replay	3	FFSSFSS	0	none
run-001319	fresh-0014	distinct	replay	3	FFSFSSS	0	none
run-001320	fresh-0014	distinct	replay	3	FFFSSSS	0	none
run-001321	fresh-0014	colliding	replay	3	SSSS	0	none
run-001322	fresh-0014	colliding	replay	3	SSSFS	0	none
run-001323	fresh-0014	colliding	replay	3	SSSFFS	0	none
run-001324	fresh-0014	colliding	replay	3	SSSFFFS	0	none
run-001325	fresh-0014	colliding	replay	3	SSFSS	0	none
run-001326	fresh-0014	colliding	replay	3	SSFSFS	0	none
run-001327	fresh-0014	colliding	replay	3	SSFSFFS	0	none
run-001328	fresh-0014	colliding	replay	3	SSFFSS	0	none
run-001329	fresh-0014	colliding	replay	3	SSFFSFS	0	none
run-001330	fresh-0014	colliding	replay	3	SSFFFSS	0	none
run-001331	fresh-0014	colliding	replay	3	SFSSS	0	none
run-001332	fresh-0014	colliding	replay	3	SFSSFS	0	none
run-001333	fresh-0014	colliding	replay	3	SFSSFFS	0	none
run-001334	fresh-0014	colliding	replay	3	SFSFSS	0	none
run-001335	fresh-0014	colliding	replay	3	SFSFSFS	0	none
run-001336	fresh-0014	colliding	replay	3	SFSFFSS	0	none
run-001337	fresh-0014	colliding	replay	3	SFFSSS	0	none
run-001338	fresh-0014	colliding	replay	3	SFFSSFS	0	none
run-001339	fresh-0014	colliding	replay	3	SFFSFSS	0	none
run-001340	fresh-0014	colliding	replay	3	SFFFSSS	0	none
run-001341	fresh-0014	colliding	replay	3	FSSSS	0	none
run-001342	fresh-0014	colliding	replay	3	FSSSFS	0	none
run-001343	fresh-0014	colliding	replay	3	FSSSFFS	0	none
run-001344	fresh-0014	colliding	replay	3	FSSFSS	0	none
run-001345	fresh-0014	colliding	replay	3	FSSFSFS	0	none
run-001346	fresh-0014	colliding	replay	3	FSSFFSS	0	none
run-001347	fresh-0014	colliding	replay	3	FSFSSS	0	none
run-001348	fresh-0014	colliding	replay	3	FSFSSFS	0	none
run-001349	fresh-0014	colliding	replay	3	FSFSFSS	0	none
run-001350	fresh-0014	colliding	replay	3	FSFFSSS	0	none
run-001351	fresh-0014	colliding	replay	3	FFSSSS	0	none
run-001352	fresh-0014	colliding	replay	3	FFSSSFS	0	none
run-001353	fresh-0014	colliding	replay	3	FFSSFSS	0	none
run-001354	fresh-0014	colliding	replay	3	FFSFSSS	0	none
run-001355	fresh-0014	colliding	replay	3	FFFSSSS	0	none
run-001356	fresh-0014	distinct	replay	4	SSSS	0	none
run-001357	fresh-0014	distinct	replay	4	SSSFS	0	none
run-001358	fresh-0014	distinct	replay	4	SSSFFS	0	none
run-001359	fresh-0014	distinct	replay	4	SSSFFFS	0	none
run-001360	fresh-0014	distinct	replay	4	SSSFFFFS	0	none
run-001361	fresh-0014	distinct	replay	4	SSFSS	0	none
run-001362	fresh-0014	distinct	replay	4	SSFSFS	0	none
run-001363	fresh-0014	distinct	replay	4	SSFSFFS	0	none
run-001364	fresh-0014	distinct	replay	4	SSFSFFFS	0	none
run-001365	fresh-0014	distinct	replay	4	SSFFSS	0	none
run-001366	fresh-0014	distinct	replay	4	SSFFSFS	0	none
run-001367	fresh-0014	distinct	replay	4	SSFFSFFS	0	none
run-001368	fresh-0014	distinct	replay	4	SSFFFSS	0	none
run-001369	fresh-0014	distinct	replay	4	SSFFFSFS	0	none
run-001370	fresh-0014	distinct	replay	4	SSFFFFSS	0	none
run-001371	fresh-0014	distinct	replay	4	SFSSS	0	none
run-001372	fresh-0014	distinct	replay	4	SFSSFS	0	none
run-001373	fresh-0014	distinct	replay	4	SFSSFFS	0	none
run-001374	fresh-0014	distinct	replay	4	SFSSFFFS	0	none
run-001375	fresh-0014	distinct	replay	4	SFSFSS	0	none
run-001376	fresh-0014	distinct	replay	4	SFSFSFS	0	none
run-001377	fresh-0014	distinct	replay	4	SFSFSFFS	0	none
run-001378	fresh-0014	distinct	replay	4	SFSFFSS	0	none
run-001379	fresh-0014	distinct	replay	4	SFSFFSFS	0	none
run-001380	fresh-0014	distinct	replay	4	SFSFFFSS	0	none
run-001381	fresh-0014	distinct	replay	4	SFFSSS	0	none
run-001382	fresh-0014	distinct	replay	4	SFFSSFS	0	none
run-001383	fresh-0014	distinct	replay	4	SFFSSFFS	0	none
run-001384	fresh-0014	distinct	replay	4	SFFSFSS	0	none
run-001385	fresh-0014	distinct	replay	4	SFFSFSFS	0	none
run-001386	fresh-0014	distinct	replay	4	SFFSFFSS	0	none
run-001387	fresh-0014	distinct	replay	4	SFFFSSS	0	none
run-001388	fresh-0014	distinct	replay	4	SFFFSSFS	0	none
run-001389	fresh-0014	distinct	replay	4	SFFFSFSS	0	none
run-001390	fresh-0014	distinct	replay	4	SFFFFSSS	0	none
run-001391	fresh-0014	distinct	replay	4	FSSSS	0	none
run-001392	fresh-0014	distinct	replay	4	FSSSFS	0	none
run-001393	fresh-0014	distinct	replay	4	FSSSFFS	0	none
run-001394	fresh-0014	distinct	replay	4	FSSSFFFS	0	none
run-001395	fresh-0014	distinct	replay	4	FSSFSS	0	none
run-001396	fresh-0014	distinct	replay	4	FSSFSFS	0	none
run-001397	fresh-0014	distinct	replay	4	FSSFSFFS	0	none
run-001398	fresh-0014	distinct	replay	4	FSSFFSS	0	none
run-001399	fresh-0014	distinct	replay	4	FSSFFSFS	0	none
run-001400	fresh-0014	distinct	replay	4	FSSFFFSS	0	none
run-001401	fresh-0014	distinct	replay	4	FSFSSS	0	none
run-001402	fresh-0014	distinct	replay	4	FSFSSFS	0	none
run-001403	fresh-0014	distinct	replay	4	FSFSSFFS	0	none
run-001404	fresh-0014	distinct	replay	4	FSFSFSS	0	none
run-001405	fresh-0014	distinct	replay	4	FSFSFSFS	0	none
run-001406	fresh-0014	distinct	replay	4	FSFSFFSS	0	none
run-001407	fresh-0014	distinct	replay	4	FSFFSSS	0	none
run-001408	fresh-0014	distinct	replay	4	FSFFSSFS	0	none
run-001409	fresh-0014	distinct	replay	4	FSFFSFSS	0	none
run-001410	fresh-0014	distinct	replay	4	FSFFFSSS	0	none
run-001411	fresh-0014	distinct	replay	4	FFSSSS	0	none
run-001412	fresh-0014	distinct	replay	4	FFSSSFS	0	none
run-001413	fresh-0014	distinct	replay	4	FFSSSFFS	0	none
run-001414	fresh-0014	distinct	replay	4	FFSSFSS	0	none
run-001415	fresh-0014	distinct	replay	4	FFSSFSFS	0	none
run-001416	fresh-0014	distinct	replay	4	FFSSFFSS	0	none
run-001417	fresh-0014	distinct	replay	4	FFSFSSS	0	none
run-001418	fresh-0014	distinct	replay	4	FFSFSSFS	0	none
run-001419	fresh-0014	distinct	replay	4	FFSFSFSS	0	none
run-001420	fresh-0014	distinct	replay	4	FFSFFSSS	0	none
run-001421	fresh-0014	distinct	replay	4	FFFSSSS	0	none
run-001422	fresh-0014	distinct	replay	4	FFFSSSFS	0	none
run-001423	fresh-0014	distinct	replay	4	FFFSSFSS	0	none
run-001424	fresh-0014	distinct	replay	4	FFFSFSSS	0	none
run-001425	fresh-0014	distinct	replay	4	FFFFSSSS	0	none
run-001426	fresh-0014	colliding	replay	4	SSSS	0	none
run-001427	fresh-0014	colliding	replay	4	SSSFS	0	none
run-001428	fresh-0014	colliding	replay	4	SSSFFS	0	none
run-001429	fresh-0014	colliding	replay	4	SSSFFFS	0	none
run-001430	fresh-0014	colliding	replay	4	SSSFFFFS	0	none
run-001431	fresh-0014	colliding	replay	4	SSFSS	0	none
run-001432	fresh-0014	colliding	replay	4	SSFSFS	0	none
run-001433	fresh-0014	colliding	replay	4	SSFSFFS	0	none
run-001434	fresh-0014	colliding	replay	4	SSFSFFFS	0	none
run-001435	fresh-0014	colliding	replay	4	SSFFSS	0	none
run-001436	fresh-0014	colliding	replay	4	SSFFSFS	0	none
run-001437	fresh-0014	colliding	replay	4	SSFFSFFS	0	none
run-001438	fresh-0014	colliding	replay	4	SSFFFSS	0	none
run-001439	fresh-0014	colliding	replay	4	SSFFFSFS	0	none
run-001440	fresh-0014	colliding	replay	4	SSFFFFSS	0	none
run-001441	fresh-0014	colliding	replay	4	SFSSS	0	none
run-001442	fresh-0014	colliding	replay	4	SFSSFS	0	none
run-001443	fresh-0014	colliding	replay	4	SFSSFFS	0	none
run-001444	fresh-0014	colliding	replay	4	SFSSFFFS	0	none
run-001445	fresh-0014	colliding	replay	4	SFSFSS	0	none
run-001446	fresh-0014	colliding	replay	4	SFSFSFS	0	none
run-001447	fresh-0014	colliding	replay	4	SFSFSFFS	0	none
run-001448	fresh-0014	colliding	replay	4	SFSFFSS	0	none
run-001449	fresh-0014	colliding	replay	4	SFSFFSFS	0	none
run-001450	fresh-0014	colliding	replay	4	SFSFFFSS	0	none
run-001451	fresh-0014	colliding	replay	4	SFFSSS	0	none
run-001452	fresh-0014	colliding	replay	4	SFFSSFS	0	none
run-001453	fresh-0014	colliding	replay	4	SFFSSFFS	0	none
run-001454	fresh-0014	colliding	replay	4	SFFSFSS	0	none
run-001455	fresh-0014	colliding	replay	4	SFFSFSFS	0	none
run-001456	fresh-0014	colliding	replay	4	SFFSFFSS	0	none
run-001457	fresh-0014	colliding	replay	4	SFFFSSS	0	none
run-001458	fresh-0014	colliding	replay	4	SFFFSSFS	0	none
run-001459	fresh-0014	colliding	replay	4	SFFFSFSS	0	none
run-001460	fresh-0014	colliding	replay	4	SFFFFSSS	0	none
run-001461	fresh-0014	colliding	replay	4	FSSSS	0	none
run-001462	fresh-0014	colliding	replay	4	FSSSFS	0	none
run-001463	fresh-0014	colliding	replay	4	FSSSFFS	0	none
run-001464	fresh-0014	colliding	replay	4	FSSSFFFS	0	none
run-001465	fresh-0014	colliding	replay	4	FSSFSS	0	none
run-001466	fresh-0014	colliding	replay	4	FSSFSFS	0	none
run-001467	fresh-0014	colliding	replay	4	FSSFSFFS	0	none
run-001468	fresh-0014	colliding	replay	4	FSSFFSS	0	none
run-001469	fresh-0014	colliding	replay	4	FSSFFSFS	0	none
run-001470	fresh-0014	colliding	replay	4	FSSFFFSS	0	none
run-001471	fresh-0014	colliding	replay	4	FSFSSS	0	none
run-001472	fresh-0014	colliding	replay	4	FSFSSFS	0	none
run-001473	fresh-0014	colliding	replay	4	FSFSSFFS	0	none
run-001474	fresh-0014	colliding	replay	4	FSFSFSS	0	none
run-001475	fresh-0014	colliding	replay	4	FSFSFSFS	0	none
run-001476	fresh-0014	colliding	replay	4	FSFSFFSS	0	none
run-001477	fresh-0014	colliding	replay	4	FSFFSSS	0	none
run-001478	fresh-0014	colliding	replay	4	FSFFSSFS	0	none
run-001479	fresh-0014	colliding	replay	4	FSFFSFSS	0	none
run-001480	fresh-0014	colliding	replay	4	FSFFFSSS	0	none
run-001481	fresh-0014	colliding	replay	4	FFSSSS	0	none
run-001482	fresh-0014	colliding	replay	4	FFSSSFS	0	none
run-001483	fresh-0014	colliding	replay	4	FFSSSFFS	0	none
run-001484	fresh-0014	colliding	replay	4	FFSSFSS	0	none
run-001485	fresh-0014	colliding	replay	4	FFSSFSFS	0	none
run-001486	fresh-0014	colliding	replay	4	FFSSFFSS	0	none
run-001487	fresh-0014	colliding	replay	4	FFSFSSS	0	none
run-001488	fresh-0014	colliding	replay	4	FFSFSSFS	0	none
run-001489	fresh-0014	colliding	replay	4	FFSFSFSS	0	none
run-001490	fresh-0014	colliding	replay	4	FFSFFSSS	0	none
run-001491	fresh-0014	colliding	replay	4	FFFSSSS	0	none
run-001492	fresh-0014	colliding	replay	4	FFFSSSFS	0	none
run-001493	fresh-0014	colliding	replay	4	FFFSSFSS	0	none
run-001494	fresh-0014	colliding	replay	4	FFFSFSSS	0	none
run-001495	fresh-0014	colliding	replay	4	FFFFSSSS	0	none
run-001496	fresh-0014	distinct	concurrent	1	-	2026090901	none
run-001497	fresh-0014	distinct	concurrent	1	-	2026090902	none
run-001498	fresh-0014	distinct	concurrent	1	-	2026090903	none
run-001499	fresh-0014	colliding	concurrent	1	-	2026090901	none
run-001500	fresh-0014	colliding	concurrent	1	-	2026090902	none
run-001501	fresh-0014	colliding	concurrent	1	-	2026090903	none
run-001502	fresh-0014	distinct	concurrent	2	-	2026090901	none
run-001503	fresh-0014	distinct	concurrent	2	-	2026090902	none
run-001504	fresh-0014	distinct	concurrent	2	-	2026090903	none
run-001505	fresh-0014	colliding	concurrent	2	-	2026090901	none
run-001506	fresh-0014	colliding	concurrent	2	-	2026090902	none
run-001507	fresh-0014	colliding	concurrent	2	-	2026090903	none
run-001508	fresh-0014	distinct	concurrent	4	-	2026090901	none
run-001509	fresh-0014	distinct	concurrent	4	-	2026090902	none
run-001510	fresh-0014	distinct	concurrent	4	-	2026090903	none
run-001511	fresh-0014	colliding	concurrent	4	-	2026090901	none
run-001512	fresh-0014	colliding	concurrent	4	-	2026090902	none
run-001513	fresh-0014	colliding	concurrent	4	-	2026090903	none
run-001514	fresh-0014	distinct	concurrent	8	-	2026090901	none
run-001515	fresh-0014	distinct	concurrent	8	-	2026090902	none
run-001516	fresh-0014	distinct	concurrent	8	-	2026090903	none
run-001517	fresh-0014	colliding	concurrent	8	-	2026090901	none
run-001518	fresh-0014	colliding	concurrent	8	-	2026090902	none
run-001519	fresh-0014	colliding	concurrent	8	-	2026090903	none
run-001520	fresh-0015	distinct	replay	0	SS	0	none
run-001521	fresh-0015	colliding	replay	0	SS	0	none
run-001522	fresh-0015	distinct	replay	1	S	0	none
run-001523	fresh-0015	distinct	replay	1	FS	0	none
run-001524	fresh-0015	colliding	replay	1	S	0	none
run-001525	fresh-0015	colliding	replay	1	FS	0	none
run-001526	fresh-0015	distinct	replay	2	S	0	none
run-001527	fresh-0015	distinct	replay	2	FS	0	none
run-001528	fresh-0015	distinct	replay	2	FFS	0	none
run-001529	fresh-0015	colliding	replay	2	S	0	none
run-001530	fresh-0015	colliding	replay	2	FS	0	none
run-001531	fresh-0015	colliding	replay	2	FFS	0	none
run-001532	fresh-0015	distinct	replay	3	-	0	none
run-001533	fresh-0015	colliding	replay	3	-	0	none
run-001534	fresh-0015	distinct	replay	4	-	0	none
run-001535	fresh-0015	colliding	replay	4	-	0	none
run-001536	fresh-0015	distinct	concurrent	1	-	2026090901	none
run-001537	fresh-0015	distinct	concurrent	1	-	2026090902	none
run-001538	fresh-0015	distinct	concurrent	1	-	2026090903	none
run-001539	fresh-0015	colliding	concurrent	1	-	2026090901	none
run-001540	fresh-0015	colliding	concurrent	1	-	2026090902	none
run-001541	fresh-0015	colliding	concurrent	1	-	2026090903	none
run-001542	fresh-0015	distinct	concurrent	2	-	2026090901	none
run-001543	fresh-0015	distinct	concurrent	2	-	2026090902	none
run-001544	fresh-0015	distinct	concurrent	2	-	2026090903	none
run-001545	fresh-0015	colliding	concurrent	2	-	2026090901	none
run-001546	fresh-0015	colliding	concurrent	2	-	2026090902	none
run-001547	fresh-0015	colliding	concurrent	2	-	2026090903	none
run-001548	fresh-0015	distinct	concurrent	4	-	2026090901	none
run-001549	fresh-0015	distinct	concurrent	4	-	2026090902	none
run-001550	fresh-0015	distinct	concurrent	4	-	2026090903	none
run-001551	fresh-0015	colliding	concurrent	4	-	2026090901	none
run-001552	fresh-0015	colliding	concurrent	4	-	2026090902	none
run-001553	fresh-0015	colliding	concurrent	4	-	2026090903	none
run-001554	fresh-0015	distinct	concurrent	8	-	2026090901	none
run-001555	fresh-0015	distinct	concurrent	8	-	2026090902	none
run-001556	fresh-0015	distinct	concurrent	8	-	2026090903	none
run-001557	fresh-0015	colliding	concurrent	8	-	2026090901	none
run-001558	fresh-0015	colliding	concurrent	8	-	2026090902	none
run-001559	fresh-0015	colliding	concurrent	8	-	2026090903	none
run-001560	fresh-0016	distinct	replay	0	SSS	0	none
run-001561	fresh-0016	colliding	replay	0	SSS	0	none
run-001562	fresh-0016	distinct	replay	1	SS	0	none
run-001563	fresh-0016	distinct	replay	1	SFSS	0	none
run-001564	fresh-0016	distinct	replay	1	FSSS	0	none
run-001565	fresh-0016	colliding	replay	1	SS	0	none
run-001566	fresh-0016	colliding	replay	1	SFSS	0	none
run-001567	fresh-0016	colliding	replay	1	FSSS	0	none
run-001568	fresh-0016	distinct	replay	2	SS	0	none
run-001569	fresh-0016	distinct	replay	2	SFS	0	none
run-001570	fresh-0016	distinct	replay	2	SFFSS	0	none
run-001571	fresh-0016	distinct	replay	2	FSS	0	none
run-001572	fresh-0016	distinct	replay	2	FSFSS	0	none
run-001573	fresh-0016	distinct	replay	2	FFSSS	0	none
run-001574	fresh-0016	colliding	replay	2	SS	0	none
run-001575	fresh-0016	colliding	replay	2	SFS	0	none
run-001576	fresh-0016	colliding	replay	2	SFFSS	0	none
run-001577	fresh-0016	colliding	replay	2	FSS	0	none
run-001578	fresh-0016	colliding	replay	2	FSFSS	0	none
run-001579	fresh-0016	colliding	replay	2	FFSSS	0	none
run-001580	fresh-0016	distinct	replay	3	S	0	none
run-001581	fresh-0016	distinct	replay	3	FSS	0	none
run-001582	fresh-0016	distinct	replay	3	FSFS	0	none
run-001583	fresh-0016	distinct	replay	3	FSFFSS	0	none
run-001584	fresh-0016	distinct	replay	3	FFSS	0	none
run-001585	fresh-0016	distinct	replay	3	FFSFSS	0	none
run-001586	fresh-0016	distinct	replay	3	FFFSSS	0	none
run-001587	fresh-0016	colliding	replay	3	S	0	none
run-001588	fresh-0016	colliding	replay	3	FSS	0	none
run-001589	fresh-0016	colliding	replay	3	FSFS	0	none
run-001590	fresh-0016	colliding	replay	3	FSFFSS	0	none
run-001591	fresh-0016	colliding	replay	3	FFSS	0	none
run-001592	fresh-0016	colliding	replay	3	FFSFSS	0	none
run-001593	fresh-0016	colliding	replay	3	FFFSSS	0	none
run-001594	fresh-0016	distinct	replay	4	-	0	none
run-001595	fresh-0016	colliding	replay	4	-	0	none
run-001596	fresh-0016	distinct	concurrent	1	-	2026090901	none
run-001597	fresh-0016	distinct	concurrent	1	-	2026090902	none
run-001598	fresh-0016	distinct	concurrent	1	-	2026090903	none
run-001599	fresh-0016	colliding	concurrent	1	-	2026090901	none
run-001600	fresh-0016	colliding	concurrent	1	-	2026090902	none
run-001601	fresh-0016	colliding	concurrent	1	-	2026090903	none
run-001602	fresh-0016	distinct	concurrent	2	-	2026090901	none
run-001603	fresh-0016	distinct	concurrent	2	-	2026090902	none
run-001604	fresh-0016	distinct	concurrent	2	-	2026090903	none
run-001605	fresh-0016	colliding	concurrent	2	-	2026090901	none
run-001606	fresh-0016	colliding	concurrent	2	-	2026090902	none
run-001607	fresh-0016	colliding	concurrent	2	-	2026090903	none
run-001608	fresh-0016	distinct	concurrent	4	-	2026090901	none
run-001609	fresh-0016	distinct	concurrent	4	-	2026090902	none
run-001610	fresh-0016	distinct	concurrent	4	-	2026090903	none
run-001611	fresh-0016	colliding	concurrent	4	-	2026090901	none
run-001612	fresh-0016	colliding	concurrent	4	-	2026090902	none
run-001613	fresh-0016	colliding	concurrent	4	-	2026090903	none
run-001614	fresh-0016	distinct	concurrent	8	-	2026090901	none
run-001615	fresh-0016	distinct	concurrent	8	-	2026090902	none
run-001616	fresh-0016	distinct	concurrent	8	-	2026090903	none
run-001617	fresh-0016	colliding	concurrent	8	-	2026090901	none
run-001618	fresh-0016	colliding	concurrent	8	-	2026090902	none
run-001619	fresh-0016	colliding	concurrent	8	-	2026090903	none
run-001620	fresh-0017	distinct	replay	0	SSSS	0	none
run-001621	fresh-0017	colliding	replay	0	SSSS	0	none
run-001622	fresh-0017	distinct	replay	1	SSS	0	none
run-001623	fresh-0017	distinct	replay	1	SSFSS	0	none
run-001624	fresh-0017	distinct	replay	1	SFSS	0	none
run-001625	fresh-0017	distinct	replay	1	FSSS	0	none
run-001626	fresh-0017	colliding	replay	1	SSS	0	none
run-001627	fresh-0017	colliding	replay	1	SSFSS	0	none
run-001628	fresh-0017	colliding	replay	1	SFSS	0	none
run-001629	fresh-0017	colliding	replay	1	FSSS	0	none
run-001630	fresh-0017	distinct	replay	2	SS	0	none
run-001631	fresh-0017	distinct	replay	2	SFSS	0	none
run-001632	fresh-0017	distinct	replay	2	SFSFSS	0	none
run-001633	fresh-0017	distinct	replay	2	SFFSS	0	none
run-001634	fresh-0017	distinct	replay	2	FSSS	0	none
run-001635	fresh-0017	distinct	replay	2	FSSFSS	0	none
run-001636	fresh-0017	distinct	replay	2	FSFSS	0	none
run-001637	fresh-0017	distinct	replay	2	FFSSS	0	none
run-001638	fresh-0017	colliding	replay	2	SS	0	none
run-001639	fresh-0017	colliding	replay	2	SFSS	0	none
run-001640	fresh-0017	colliding	replay	2	SFSFSS	0	none
run-001641	fresh-0017	colliding	replay	2	SFFSS	0	none
run-001642	fresh-0017	colliding	replay	2	FSSS	0	none
run-001643	fresh-0017	colliding	replay	2	FSSFSS	0	none
run-001644	fresh-0017	colliding	replay	2	FSFSS	0	none
run-001645	fresh-0017	colliding	replay	2	FFSSS	0	none
run-001646	fresh-0017	distinct	replay	3	SS	0	none
run-001647	fresh-0017	distinct	replay	3	SFS	0	none
run-001648	fresh-0017	distinct	replay	3	SFFSS	0	none
run-001649	fresh-0017	distinct	replay	3	SFFSFSS	0	none
run-001650	fresh-0017	distinct	replay	3	SFFFSS	0	none
run-001651	fresh-0017	distinct	replay	3	FSS	0	none
run-001652	fresh-0017	distinct	replay	3	FSFSS	0	none
run-001653	fresh-0017	distinct	replay	3	FSFSFSS	0	none
run-001654	fresh-0017	distinct	replay	3	FSFFSS	0	none
run-001655	fresh-0017	distinct	replay	3	FFSSS	0	none
run-001656	fresh-0017	distinct	replay	3	FFSSFSS	0	none
run-001657	fresh-0017	distinct	replay	3	FFSFSS	0	none
run-001658	fresh-0017	distinct	replay	3	FFFSSS	0	none
run-001659	fresh-0017	colliding	replay	3	SS	0	none
run-001660	fresh-0017	colliding	replay	3	SFS	0	none
run-001661	fresh-0017	colliding	replay	3	SFFSS	0	none
run-001662	fresh-0017	colliding	replay	3	SFFSFSS	0	none
run-001663	fresh-0017	colliding	replay	3	SFFFSS	0	none
run-001664	fresh-0017	colliding	replay	3	FSS	0	none
run-001665	fresh-0017	colliding	replay	3	FSFSS	0	none
run-001666	fresh-0017	colliding	replay	3	FSFSFSS	0	none
run-001667	fresh-0017	colliding	replay	3	FSFFSS	0	none
run-001668	fresh-0017	colliding	replay	3	FFSSS	0	none
run-001669	fresh-0017	colliding	replay	3	FFSSFSS	0	none
run-001670	fresh-0017	colliding	replay	3	FFSFSS	0	none
run-001671	fresh-0017	colliding	replay	3	FFFSSS	0	none
run-001672	fresh-0017	distinct	replay	4	S	0	none
run-001673	fresh-0017	distinct	replay	4	FSS	0	none
run-001674	fresh-0017	distinct	replay	4	FSFS	0	none
run-001675	fresh-0017	distinct	replay	4	FSFFSS	0	none
run-001676	fresh-0017	distinct	replay	4	FSFFSFSS	0	none
run-001677	fresh-0017	distinct	replay	4	FSFFFSS	0	none
run-001678	fresh-0017	distinct	replay	4	FFSS	0	none
run-001679	fresh-0017	distinct	replay	4	FFSFSS	0	none
run-001680	fresh-0017	distinct	replay	4	FFSFSFSS	0	none
run-001681	fresh-0017	distinct	replay	4	FFSFFSS	0	none
run-001682	fresh-0017	distinct	replay	4	FFFSSS	0	none
run-001683	fresh-0017	distinct	replay	4	FFFSSFSS	0	none
run-001684	fresh-0017	distinct	replay	4	FFFSFSS	0	none
run-001685	fresh-0017	distinct	replay	4	FFFFSSS	0	none
run-001686	fresh-0017	colliding	replay	4	S	0	none
run-001687	fresh-0017	colliding	replay	4	FSS	0	none
run-001688	fresh-0017	colliding	replay	4	FSFS	0	none
run-001689	fresh-0017	colliding	replay	4	FSFFSS	0	none
run-001690	fresh-0017	colliding	replay	4	FSFFSFSS	0	none
run-001691	fresh-0017	colliding	replay	4	FSFFFSS	0	none
run-001692	fresh-0017	colliding	replay	4	FFSS	0	none
run-001693	fresh-0017	colliding	replay	4	FFSFSS	0	none
run-001694	fresh-0017	colliding	replay	4	FFSFSFSS	0	none
run-001695	fresh-0017	colliding	replay	4	FFSFFSS	0	none
run-001696	fresh-0017	colliding	replay	4	FFFSSS	0	none
run-001697	fresh-0017	colliding	replay	4	FFFSSFSS	0	none
run-001698	fresh-0017	colliding	replay	4	FFFSFSS	0	none
run-001699	fresh-0017	colliding	replay	4	FFFFSSS	0	none
run-001700	fresh-0017	distinct	concurrent	1	-	2026090901	none
run-001701	fresh-0017	distinct	concurrent	1	-	2026090902	none
run-001702	fresh-0017	distinct	concurrent	1	-	2026090903	none
run-001703	fresh-0017	colliding	concurrent	1	-	2026090901	none
run-001704	fresh-0017	colliding	concurrent	1	-	2026090902	none
run-001705	fresh-0017	colliding	concurrent	1	-	2026090903	none
run-001706	fresh-0017	distinct	concurrent	2	-	2026090901	none
run-001707	fresh-0017	distinct	concurrent	2	-	2026090902	none
run-001708	fresh-0017	distinct	concurrent	2	-	2026090903	none
run-001709	fresh-0017	colliding	concurrent	2	-	2026090901	none
run-001710	fresh-0017	colliding	concurrent	2	-	2026090902	none
run-001711	fresh-0017	colliding	concurrent	2	-	2026090903	none
run-001712	fresh-0017	distinct	concurrent	4	-	2026090901	none
run-001713	fresh-0017	distinct	concurrent	4	-	2026090902	none
run-001714	fresh-0017	distinct	concurrent	4	-	2026090903	none
run-001715	fresh-0017	colliding	concurrent	4	-	2026090901	none
run-001716	fresh-0017	colliding	concurrent	4	-	2026090902	none
run-001717	fresh-0017	colliding	concurrent	4	-	2026090903	none
run-001718	fresh-0017	distinct	concurrent	8	-	2026090901	none
run-001719	fresh-0017	distinct	concurrent	8	-	2026090902	none
run-001720	fresh-0017	distinct	concurrent	8	-	2026090903	none
run-001721	fresh-0017	colliding	concurrent	8	-	2026090901	none
run-001722	fresh-0017	colliding	concurrent	8	-	2026090902	none
run-001723	fresh-0017	colliding	concurrent	8	-	2026090903	none
run-001724	fresh-0018	distinct	replay	0	SS	0	none
run-001725	fresh-0018	colliding	replay	0	SS	0	none
run-001726	fresh-0018	distinct	replay	1	SS	0	none
run-001727	fresh-0018	distinct	replay	1	SFS	0	none
run-001728	fresh-0018	distinct	replay	1	FSS	0	none
run-001729	fresh-0018	colliding	replay	1	SS	0	none
run-001730	fresh-0018	colliding	replay	1	SFS	0	none
run-001731	fresh-0018	colliding	replay	1	FSS	0	none
run-001732	fresh-0018	distinct	replay	2	SS	0	none
run-001733	fresh-0018	distinct	replay	2	SFS	0	none
run-001734	fresh-0018	distinct	replay	2	SFFS	0	none
run-001735	fresh-0018	distinct	replay	2	FSS	0	none
run-001736	fresh-0018	distinct	replay	2	FSFS	0	none
run-001737	fresh-0018	distinct	replay	2	FFSS	0	none
run-001738	fresh-0018	colliding	replay	2	SS	0	none
run-001739	fresh-0018	colliding	replay	2	SFS	0	none
run-001740	fresh-0018	colliding	replay	2	SFFS	0	none
run-001741	fresh-0018	colliding	replay	2	FSS	0	none
run-001742	fresh-0018	colliding	replay	2	FSFS	0	none
run-001743	fresh-0018	colliding	replay	2	FFSS	0	none
run-001744	fresh-0018	distinct	replay	3	SS	0	none
run-001745	fresh-0018	distinct	replay	3	SFS	0	none
run-001746	fresh-0018	distinct	replay	3	SFFS	0	none
run-001747	fresh-0018	distinct	replay	3	SFFFS	0	none
run-001748	fresh-0018	distinct	replay	3	FSS	0	none
run-001749	fresh-0018	distinct	replay	3	FSFS	0	none
run-001750	fresh-0018	distinct	replay	3	FSFFS	0	none
run-001751	fresh-0018	distinct	replay	3	FFSS	0	none
run-001752	fresh-0018	distinct	replay	3	FFSFS	0	none
run-001753	fresh-0018	distinct	replay	3	FFFSS	0	none
run-001754	fresh-0018	colliding	replay	3	SS	0	none
run-001755	fresh-0018	colliding	replay	3	SFS	0	none
run-001756	fresh-0018	colliding	replay	3	SFFS	0	none
run-001757	fresh-0018	colliding	replay	3	SFFFS	0	none
run-001758	fresh-0018	colliding	replay	3	FSS	0	none
run-001759	fresh-0018	colliding	replay	3	FSFS	0	none
run-001760	fresh-0018	colliding	replay	3	FSFFS	0	none
run-001761	fresh-0018	colliding	replay	3	FFSS	0	none
run-001762	fresh-0018	colliding	replay	3	FFSFS	0	none
run-001763	fresh-0018	colliding	replay	3	FFFSS	0	none
run-001764	fresh-0018	distinct	replay	4	SS	0	none
run-001765	fresh-0018	distinct	replay	4	SFS	0	none
run-001766	fresh-0018	distinct	replay	4	SFFS	0	none
run-001767	fresh-0018	distinct	replay	4	SFFFS	0	none
run-001768	fresh-0018	distinct	replay	4	SFFFFS	0	none
run-001769	fresh-0018	distinct	replay	4	FSS	0	none
run-001770	fresh-0018	distinct	replay	4	FSFS	0	none
run-001771	fresh-0018	distinct	replay	4	FSFFS	0	none
run-001772	fresh-0018	distinct	replay	4	FSFFFS	0	none
run-001773	fresh-0018	distinct	replay	4	FFSS	0	none
run-001774	fresh-0018	distinct	replay	4	FFSFS	0	none
run-001775	fresh-0018	distinct	replay	4	FFSFFS	0	none
run-001776	fresh-0018	distinct	replay	4	FFFSS	0	none
run-001777	fresh-0018	distinct	replay	4	FFFSFS	0	none
run-001778	fresh-0018	distinct	replay	4	FFFFSS	0	none
run-001779	fresh-0018	colliding	replay	4	SS	0	none
run-001780	fresh-0018	colliding	replay	4	SFS	0	none
run-001781	fresh-0018	colliding	replay	4	SFFS	0	none
run-001782	fresh-0018	colliding	replay	4	SFFFS	0	none
run-001783	fresh-0018	colliding	replay	4	SFFFFS	0	none
run-001784	fresh-0018	colliding	replay	4	FSS	0	none
run-001785	fresh-0018	colliding	replay	4	FSFS	0	none
run-001786	fresh-0018	colliding	replay	4	FSFFS	0	none
run-001787	fresh-0018	colliding	replay	4	FSFFFS	0	none
run-001788	fresh-0018	colliding	replay	4	FFSS	0	none
run-001789	fresh-0018	colliding	replay	4	FFSFS	0	none
run-001790	fresh-0018	colliding	replay	4	FFSFFS	0	none
run-001791	fresh-0018	colliding	replay	4	FFFSS	0	none
run-001792	fresh-0018	colliding	replay	4	FFFSFS	0	none
run-001793	fresh-0018	colliding	replay	4	FFFFSS	0	none
run-001794	fresh-0018	distinct	concurrent	1	-	2026090901	none
run-001795	fresh-0018	distinct	concurrent	1	-	2026090902	none
run-001796	fresh-0018	distinct	concurrent	1	-	2026090903	none
run-001797	fresh-0018	colliding	concurrent	1	-	2026090901	none
run-001798	fresh-0018	colliding	concurrent	1	-	2026090902	none
run-001799	fresh-0018	colliding	concurrent	1	-	2026090903	none
run-001800	fresh-0018	distinct	concurrent	2	-	2026090901	none
run-001801	fresh-0018	distinct	concurrent	2	-	2026090902	none
run-001802	fresh-0018	distinct	concurrent	2	-	2026090903	none
run-001803	fresh-0018	colliding	concurrent	2	-	2026090901	none
run-001804	fresh-0018	colliding	concurrent	2	-	2026090902	none
run-001805	fresh-0018	colliding	concurrent	2	-	2026090903	none
run-001806	fresh-0018	distinct	concurrent	4	-	2026090901	none
run-001807	fresh-0018	distinct	concurrent	4	-	2026090902	none
run-001808	fresh-0018	distinct	concurrent	4	-	2026090903	none
run-001809	fresh-0018	colliding	concurrent	4	-	2026090901	none
run-001810	fresh-0018	colliding	concurrent	4	-	2026090902	none
run-001811	fresh-0018	colliding	concurrent	4	-	2026090903	none
run-001812	fresh-0018	distinct	concurrent	8	-	2026090901	none
run-001813	fresh-0018	distinct	concurrent	8	-	2026090902	none
run-001814	fresh-0018	distinct	concurrent	8	-	2026090903	none
run-001815	fresh-0018	colliding	concurrent	8	-	2026090901	none
run-001816	fresh-0018	colliding	concurrent	8	-	2026090902	none
run-001817	fresh-0018	colliding	concurrent	8	-	2026090903	none
run-001818	fresh-0019	distinct	replay	0	SSS	0	none
run-001819	fresh-0019	colliding	replay	0	SSS	0	none
run-001820	fresh-0019	distinct	replay	1	SSS	0	none
run-001821	fresh-0019	distinct	replay	1	SSFS	0	none
run-001822	fresh-0019	distinct	replay	1	SFSS	0	none
run-001823	fresh-0019	distinct	replay	1	FSSS	0	none
run-001824	fresh-0019	colliding	replay	1	SSS	0	none
run-001825	fresh-0019	colliding	replay	1	SSFS	0	none
run-001826	fresh-0019	colliding	replay	1	SFSS	0	none
run-001827	fresh-0019	colliding	replay	1	FSSS	0	none
run-001828	fresh-0019	distinct	replay	2	S	0	none
run-001829	fresh-0019	distinct	replay	2	FSSS	0	none
run-001830	fresh-0019	distinct	replay	2	FSSFS	0	none
run-001831	fresh-0019	distinct	replay	2	FSFSS	0	none
run-001832	fresh-0019	distinct	replay	2	FFSSS	0	none
run-001833	fresh-0019	colliding	replay	2	S	0	none
run-001834	fresh-0019	colliding	replay	2	FSSS	0	none
run-001835	fresh-0019	colliding	replay	2	FSSFS	0	none
run-001836	fresh-0019	colliding	replay	2	FSFSS	0	none
run-001837	fresh-0019	colliding	replay	2	FFSSS	0	none
run-001838	fresh-0019	distinct	replay	3	-	0	none
run-001839	fresh-0019	colliding	replay	3	-	0	none
run-001840	fresh-0019	distinct	replay	4	-	0	none
run-001841	fresh-0019	colliding	replay	4	-	0	none
run-001842	fresh-0019	distinct	concurrent	1	-	2026090901	none
run-001843	fresh-0019	distinct	concurrent	1	-	2026090902	none
run-001844	fresh-0019	distinct	concurrent	1	-	2026090903	none
run-001845	fresh-0019	colliding	concurrent	1	-	2026090901	none
run-001846	fresh-0019	colliding	concurrent	1	-	2026090902	none
run-001847	fresh-0019	colliding	concurrent	1	-	2026090903	none
run-001848	fresh-0019	distinct	concurrent	2	-	2026090901	none
run-001849	fresh-0019	distinct	concurrent	2	-	2026090902	none
run-001850	fresh-0019	distinct	concurrent	2	-	2026090903	none
run-001851	fresh-0019	colliding	concurrent	2	-	2026090901	none
run-001852	fresh-0019	colliding	concurrent	2	-	2026090902	none
run-001853	fresh-0019	colliding	concurrent	2	-	2026090903	none
run-001854	fresh-0019	distinct	concurrent	4	-	2026090901	none
run-001855	fresh-0019	distinct	concurrent	4	-	2026090902	none
run-001856	fresh-0019	distinct	concurrent	4	-	2026090903	none
run-001857	fresh-0019	colliding	concurrent	4	-	2026090901	none
run-001858	fresh-0019	colliding	concurrent	4	-	2026090902	none
run-001859	fresh-0019	colliding	concurrent	4	-	2026090903	none
run-001860	fresh-0019	distinct	concurrent	8	-	2026090901	none
run-001861	fresh-0019	distinct	concurrent	8	-	2026090902	none
run-001862	fresh-0019	distinct	concurrent	8	-	2026090903	none
run-001863	fresh-0019	colliding	concurrent	8	-	2026090901	none
run-001864	fresh-0019	colliding	concurrent	8	-	2026090902	none
run-001865	fresh-0019	colliding	concurrent	8	-	2026090903	none
run-001866	fresh-0020	distinct	replay	0	SSSS	0	none
run-001867	fresh-0020	colliding	replay	0	SSSS	0	none
run-001868	fresh-0020	distinct	replay	1	SS	0	none
run-001869	fresh-0020	distinct	replay	1	SFSS	0	none
run-001870	fresh-0020	distinct	replay	1	FSSSS	0	none
run-001871	fresh-0020	colliding	replay	1	SS	0	none
run-001872	fresh-0020	colliding	replay	1	SFSS	0	none
run-001873	fresh-0020	colliding	replay	1	FSSSS	0	none
run-001874	fresh-0020	distinct	replay	2	S	0	none
run-001875	fresh-0020	distinct	replay	2	FSS	0	none
run-001876	fresh-0020	distinct	replay	2	FSFSS	0	none
run-001877	fresh-0020	distinct	replay	2	FFSSS	0	none
run-001878	fresh-0020	colliding	replay	2	S	0	none
run-001879	fresh-0020	colliding	replay	2	FSS	0	none
run-001880	fresh-0020	colliding	replay	2	FSFSS	0	none
run-001881	fresh-0020	colliding	replay	2	FFSSS	0	none
run-001882	fresh-0020	distinct	replay	3	S	0	none
run-001883	fresh-0020	distinct	replay	3	FS	0	none
run-001884	fresh-0020	distinct	replay	3	FFSS	0	none
run-001885	fresh-0020	distinct	replay	3	FFSFSS	0	none
run-001886	fresh-0020	distinct	replay	3	FFFSSS	0	none
run-001887	fresh-0020	colliding	replay	3	S	0	none
run-001888	fresh-0020	colliding	replay	3	FS	0	none
run-001889	fresh-0020	colliding	replay	3	FFSS	0	none
run-001890	fresh-0020	colliding	replay	3	FFSFSS	0	none
run-001891	fresh-0020	colliding	replay	3	FFFSSS	0	none
run-001892	fresh-0020	distinct	replay	4	S	0	none
run-001893	fresh-0020	distinct	replay	4	FS	0	none
run-001894	fresh-0020	distinct	replay	4	FFS	0	none
run-001895	fresh-0020	distinct	replay	4	FFFSS	0	none
run-001896	fresh-0020	distinct	replay	4	FFFSFSS	0	none
run-001897	fresh-0020	distinct	replay	4	FFFFSSS	0	none
run-001898	fresh-0020	colliding	replay	4	S	0	none
run-001899	fresh-0020	colliding	replay	4	FS	0	none
run-001900	fresh-0020	colliding	replay	4	FFS	0	none
run-001901	fresh-0020	colliding	replay	4	FFFSS	0	none
run-001902	fresh-0020	colliding	replay	4	FFFSFSS	0	none
run-001903	fresh-0020	colliding	replay	4	FFFFSSS	0	none
run-001904	fresh-0020	distinct	concurrent	1	-	2026090901	none
run-001905	fresh-0020	distinct	concurrent	1	-	2026090902	none
run-001906	fresh-0020	distinct	concurrent	1	-	2026090903	none
run-001907	fresh-0020	colliding	concurrent	1	-	2026090901	none
run-001908	fresh-0020	colliding	concurrent	1	-	2026090902	none
run-001909	fresh-0020	colliding	concurrent	1	-	2026090903	none
run-001910	fresh-0020	distinct	concurrent	2	-	2026090901	none
run-001911	fresh-0020	distinct	concurrent	2	-	2026090902	none
run-001912	fresh-0020	distinct	concurrent	2	-	2026090903	none
run-001913	fresh-0020	colliding	concurrent	2	-	2026090901	none
run-001914	fresh-0020	colliding	concurrent	2	-	2026090902	none
run-001915	fresh-0020	colliding	concurrent	2	-	2026090903	none
run-001916	fresh-0020	distinct	concurrent	4	-	2026090901	none
run-001917	fresh-0020	distinct	concurrent	4	-	2026090902	none
run-001918	fresh-0020	distinct	concurrent	4	-	2026090903	none
run-001919	fresh-0020	colliding	concurrent	4	-	2026090901	none
run-001920	fresh-0020	colliding	concurrent	4	-	2026090902	none
run-001921	fresh-0020	colliding	concurrent	4	-	2026090903	none
run-001922	fresh-0020	distinct	concurrent	8	-	2026090901	none
run-001923	fresh-0020	distinct	concurrent	8	-	2026090902	none
run-001924	fresh-0020	distinct	concurrent	8	-	2026090903	none
run-001925	fresh-0020	colliding	concurrent	8	-	2026090901	none
run-001926	fresh-0020	colliding	concurrent	8	-	2026090902	none
run-001927	fresh-0020	colliding	concurrent	8	-	2026090903	none
run-001928	fresh-0021	distinct	replay	0	SS	0	none
run-001929	fresh-0021	colliding	replay	0	SS	0	none
run-001930	fresh-0021	distinct	replay	1	S	0	none
run-001931	fresh-0021	distinct	replay	1	FSS	0	none
run-001932	fresh-0021	colliding	replay	1	S	0	none
run-001933	fresh-0021	colliding	replay	1	FSS	0	none
run-001934	fresh-0021	distinct	replay	2	S	0	none
run-001935	fresh-0021	distinct	replay	2	FS	0	none
run-001936	fresh-0021	distinct	replay	2	FFSS	0	none
run-001937	fresh-0021	colliding	replay	2	S	0	none
run-001938	fresh-0021	colliding	replay	2	FS	0	none
run-001939	fresh-0021	colliding	replay	2	FFSS	0	none
run-001940	fresh-0021	distinct	replay	3	-	0	none
run-001941	fresh-0021	colliding	replay	3	-	0	none
run-001942	fresh-0021	distinct	replay	4	-	0	none
run-001943	fresh-0021	colliding	replay	4	-	0	none
run-001944	fresh-0021	distinct	concurrent	1	-	2026090901	none
run-001945	fresh-0021	distinct	concurrent	1	-	2026090902	none
run-001946	fresh-0021	distinct	concurrent	1	-	2026090903	none
run-001947	fresh-0021	colliding	concurrent	1	-	2026090901	none
run-001948	fresh-0021	colliding	concurrent	1	-	2026090902	none
run-001949	fresh-0021	colliding	concurrent	1	-	2026090903	none
run-001950	fresh-0021	distinct	concurrent	2	-	2026090901	none
run-001951	fresh-0021	distinct	concurrent	2	-	2026090902	none
run-001952	fresh-0021	distinct	concurrent	2	-	2026090903	none
run-001953	fresh-0021	colliding	concurrent	2	-	2026090901	none
run-001954	fresh-0021	colliding	concurrent	2	-	2026090902	none
run-001955	fresh-0021	colliding	concurrent	2	-	2026090903	none
run-001956	fresh-0021	distinct	concurrent	4	-	2026090901	none
run-001957	fresh-0021	distinct	concurrent	4	-	2026090902	none
run-001958	fresh-0021	distinct	concurrent	4	-	2026090903	none
run-001959	fresh-0021	colliding	concurrent	4	-	2026090901	none
run-001960	fresh-0021	colliding	concurrent	4	-	2026090902	none
run-001961	fresh-0021	colliding	concurrent	4	-	2026090903	none
run-001962	fresh-0021	distinct	concurrent	8	-	2026090901	none
run-001963	fresh-0021	distinct	concurrent	8	-	2026090902	none
run-001964	fresh-0021	distinct	concurrent	8	-	2026090903	none
run-001965	fresh-0021	colliding	concurrent	8	-	2026090901	none
run-001966	fresh-0021	colliding	concurrent	8	-	2026090902	none
run-001967	fresh-0021	colliding	concurrent	8	-	2026090903	none
run-001968	fresh-0022	distinct	replay	0	SSS	0	none
run-001969	fresh-0022	colliding	replay	0	SSS	0	none
run-001970	fresh-0022	distinct	replay	1	SSS	0	none
run-001971	fresh-0022	distinct	replay	1	SSFS	0	none
run-001972	fresh-0022	distinct	replay	1	SFSS	0	none
run-001973	fresh-0022	distinct	replay	1	FSSS	0	none
run-001974	fresh-0022	colliding	replay	1	SSS	0	none
run-001975	fresh-0022	colliding	replay	1	SSFS	0	none
run-001976	fresh-0022	colliding	replay	1	SFSS	0	none
run-001977	fresh-0022	colliding	replay	1	FSSS	0	none
run-001978	fresh-0022	distinct	replay	2	SSS	0	none
run-001979	fresh-0022	distinct	replay	2	SSFS	0	none
run-001980	fresh-0022	distinct	replay	2	SSFFS	0	none
run-001981	fresh-0022	distinct	replay	2	SFSS	0	none
run-001982	fresh-0022	distinct	replay	2	SFSFS	0	none
run-001983	fresh-0022	distinct	replay	2	SFFSS	0	none
run-001984	fresh-0022	distinct	replay	2	FSSS	0	none
run-001985	fresh-0022	distinct	replay	2	FSSFS	0	none
run-001986	fresh-0022	distinct	replay	2	FSFSS	0	none
run-001987	fresh-0022	distinct	replay	2	FFSSS	0	none
run-001988	fresh-0022	colliding	replay	2	SSS	0	none
run-001989	fresh-0022	colliding	replay	2	SSFS	0	none
run-001990	fresh-0022	colliding	replay	2	SSFFS	0	none
run-001991	fresh-0022	colliding	replay	2	SFSS	0	none
run-001992	fresh-0022	colliding	replay	2	SFSFS	0	none
run-001993	fresh-0022	colliding	replay	2	SFFSS	0	none
run-001994	fresh-0022	colliding	replay	2	FSSS	0	none
run-001995	fresh-0022	colliding	replay	2	FSSFS	0	none
run-001996	fresh-0022	colliding	replay	2	FSFSS	0	none
run-001997	fresh-0022	colliding	replay	2	FFSSS	0	none
run-001998	fresh-0022	distinct	replay	3	SSS	0	none
run-001999	fresh-0022	distinct	replay	3	SSFS	0	none
run-002000	fresh-0022	distinct	replay	3	SSFFS	0	none
run-002001	fresh-0022	distinct	replay	3	SSFFFS	0	none
run-002002	fresh-0022	distinct	replay	3	SFSS	0	none
run-002003	fresh-0022	distinct	replay	3	SFSFS	0	none
run-002004	fresh-0022	distinct	replay	3	SFSFFS	0	none
run-002005	fresh-0022	distinct	replay	3	SFFSS	0	none
run-002006	fresh-0022	distinct	replay	3	SFFSFS	0	none
run-002007	fresh-0022	distinct	replay	3	SFFFSS	0	none
run-002008	fresh-0022	distinct	replay	3	FSSS	0	none
run-002009	fresh-0022	distinct	replay	3	FSSFS	0	none
run-002010	fresh-0022	distinct	replay	3	FSSFFS	0	none
run-002011	fresh-0022	distinct	replay	3	FSFSS	0	none
run-002012	fresh-0022	distinct	replay	3	FSFSFS	0	none
run-002013	fresh-0022	distinct	replay	3	FSFFSS	0	none
run-002014	fresh-0022	distinct	replay	3	FFSSS	0	none
run-002015	fresh-0022	distinct	replay	3	FFSSFS	0	none
run-002016	fresh-0022	distinct	replay	3	FFSFSS	0	none
run-002017	fresh-0022	distinct	replay	3	FFFSSS	0	none
run-002018	fresh-0022	colliding	replay	3	SSS	0	none
run-002019	fresh-0022	colliding	replay	3	SSFS	0	none
run-002020	fresh-0022	colliding	replay	3	SSFFS	0	none
run-002021	fresh-0022	colliding	replay	3	SSFFFS	0	none
run-002022	fresh-0022	colliding	replay	3	SFSS	0	none
run-002023	fresh-0022	colliding	replay	3	SFSFS	0	none
run-002024	fresh-0022	colliding	replay	3	SFSFFS	0	none
run-002025	fresh-0022	colliding	replay	3	SFFSS	0	none
run-002026	fresh-0022	colliding	replay	3	SFFSFS	0	none
run-002027	fresh-0022	colliding	replay	3	SFFFSS	0	none
run-002028	fresh-0022	colliding	replay	3	FSSS	0	none
run-002029	fresh-0022	colliding	replay	3	FSSFS	0	none
run-002030	fresh-0022	colliding	replay	3	FSSFFS	0	none
run-002031	fresh-0022	colliding	replay	3	FSFSS	0	none
run-002032	fresh-0022	colliding	replay	3	FSFSFS	0	none
run-002033	fresh-0022	colliding	replay	3	FSFFSS	0	none
run-002034	fresh-0022	colliding	replay	3	FFSSS	0	none
run-002035	fresh-0022	colliding	replay	3	FFSSFS	0	none
run-002036	fresh-0022	colliding	replay	3	FFSFSS	0	none
run-002037	fresh-0022	colliding	replay	3	FFFSSS	0	none
run-002038	fresh-0022	distinct	replay	4	SSS	0	none
run-002039	fresh-0022	distinct	replay	4	SSFS	0	none
run-002040	fresh-0022	distinct	replay	4	SSFFS	0	none
run-002041	fresh-0022	distinct	replay	4	SSFFFS	0	none
run-002042	fresh-0022	distinct	replay	4	SSFFFFS	0	none
run-002043	fresh-0022	distinct	replay	4	SFSS	0	none
run-002044	fresh-0022	distinct	replay	4	SFSFS	0	none
run-002045	fresh-0022	distinct	replay	4	SFSFFS	0	none
run-002046	fresh-0022	distinct	replay	4	SFSFFFS	0	none
run-002047	fresh-0022	distinct	replay	4	SFFSS	0	none
run-002048	fresh-0022	distinct	replay	4	SFFSFS	0	none
run-002049	fresh-0022	distinct	replay	4	SFFSFFS	0	none
run-002050	fresh-0022	distinct	replay	4	SFFFSS	0	none
run-002051	fresh-0022	distinct	replay	4	SFFFSFS	0	none
run-002052	fresh-0022	distinct	replay	4	SFFFFSS	0	none
run-002053	fresh-0022	distinct	replay	4	FSSS	0	none
run-002054	fresh-0022	distinct	replay	4	FSSFS	0	none
run-002055	fresh-0022	distinct	replay	4	FSSFFS	0	none
run-002056	fresh-0022	distinct	replay	4	FSSFFFS	0	none
run-002057	fresh-0022	distinct	replay	4	FSFSS	0	none
run-002058	fresh-0022	distinct	replay	4	FSFSFS	0	none
run-002059	fresh-0022	distinct	replay	4	FSFSFFS	0	none
run-002060	fresh-0022	distinct	replay	4	FSFFSS	0	none
run-002061	fresh-0022	distinct	replay	4	FSFFSFS	0	none
run-002062	fresh-0022	distinct	replay	4	FSFFFSS	0	none
run-002063	fresh-0022	distinct	replay	4	FFSSS	0	none
run-002064	fresh-0022	distinct	replay	4	FFSSFS	0	none
run-002065	fresh-0022	distinct	replay	4	FFSSFFS	0	none
run-002066	fresh-0022	distinct	replay	4	FFSFSS	0	none
run-002067	fresh-0022	distinct	replay	4	FFSFSFS	0	none
run-002068	fresh-0022	distinct	replay	4	FFSFFSS	0	none
run-002069	fresh-0022	distinct	replay	4	FFFSSS	0	none
run-002070	fresh-0022	distinct	replay	4	FFFSSFS	0	none
run-002071	fresh-0022	distinct	replay	4	FFFSFSS	0	none
run-002072	fresh-0022	distinct	replay	4	FFFFSSS	0	none
run-002073	fresh-0022	colliding	replay	4	SSS	0	none
run-002074	fresh-0022	colliding	replay	4	SSFS	0	none
run-002075	fresh-0022	colliding	replay	4	SSFFS	0	none
run-002076	fresh-0022	colliding	replay	4	SSFFFS	0	none
run-002077	fresh-0022	colliding	replay	4	SSFFFFS	0	none
run-002078	fresh-0022	colliding	replay	4	SFSS	0	none
run-002079	fresh-0022	colliding	replay	4	SFSFS	0	none
run-002080	fresh-0022	colliding	replay	4	SFSFFS	0	none
run-002081	fresh-0022	colliding	replay	4	SFSFFFS	0	none
run-002082	fresh-0022	colliding	replay	4	SFFSS	0	none
run-002083	fresh-0022	colliding	replay	4	SFFSFS	0	none
run-002084	fresh-0022	colliding	replay	4	SFFSFFS	0	none
run-002085	fresh-0022	colliding	replay	4	SFFFSS	0	none
run-002086	fresh-0022	colliding	replay	4	SFFFSFS	0	none
run-002087	fresh-0022	colliding	replay	4	SFFFFSS	0	none
run-002088	fresh-0022	colliding	replay	4	FSSS	0	none
run-002089	fresh-0022	colliding	replay	4	FSSFS	0	none
run-002090	fresh-0022	colliding	replay	4	FSSFFS	0	none
run-002091	fresh-0022	colliding	replay	4	FSSFFFS	0	none
run-002092	fresh-0022	colliding	replay	4	FSFSS	0	none
run-002093	fresh-0022	colliding	replay	4	FSFSFS	0	none
run-002094	fresh-0022	colliding	replay	4	FSFSFFS	0	none
run-002095	fresh-0022	colliding	replay	4	FSFFSS	0	none
run-002096	fresh-0022	colliding	replay	4	FSFFSFS	0	none
run-002097	fresh-0022	colliding	replay	4	FSFFFSS	0	none
run-002098	fresh-0022	colliding	replay	4	FFSSS	0	none
run-002099	fresh-0022	colliding	replay	4	FFSSFS	0	none
run-002100	fresh-0022	colliding	replay	4	FFSSFFS	0	none
run-002101	fresh-0022	colliding	replay	4	FFSFSS	0	none
run-002102	fresh-0022	colliding	replay	4	FFSFSFS	0	none
run-002103	fresh-0022	colliding	replay	4	FFSFFSS	0	none
run-002104	fresh-0022	colliding	replay	4	FFFSSS	0	none
run-002105	fresh-0022	colliding	replay	4	FFFSSFS	0	none
run-002106	fresh-0022	colliding	replay	4	FFFSFSS	0	none
run-002107	fresh-0022	colliding	replay	4	FFFFSSS	0	none
run-002108	fresh-0022	distinct	concurrent	1	-	2026090901	none
run-002109	fresh-0022	distinct	concurrent	1	-	2026090902	none
run-002110	fresh-0022	distinct	concurrent	1	-	2026090903	none
run-002111	fresh-0022	colliding	concurrent	1	-	2026090901	none
run-002112	fresh-0022	colliding	concurrent	1	-	2026090902	none
run-002113	fresh-0022	colliding	concurrent	1	-	2026090903	none
run-002114	fresh-0022	distinct	concurrent	2	-	2026090901	none
run-002115	fresh-0022	distinct	concurrent	2	-	2026090902	none
run-002116	fresh-0022	distinct	concurrent	2	-	2026090903	none
run-002117	fresh-0022	colliding	concurrent	2	-	2026090901	none
run-002118	fresh-0022	colliding	concurrent	2	-	2026090902	none
run-002119	fresh-0022	colliding	concurrent	2	-	2026090903	none
run-002120	fresh-0022	distinct	concurrent	4	-	2026090901	none
run-002121	fresh-0022	distinct	concurrent	4	-	2026090902	none
run-002122	fresh-0022	distinct	concurrent	4	-	2026090903	none
run-002123	fresh-0022	colliding	concurrent	4	-	2026090901	none
run-002124	fresh-0022	colliding	concurrent	4	-	2026090902	none
run-002125	fresh-0022	colliding	concurrent	4	-	2026090903	none
run-002126	fresh-0022	distinct	concurrent	8	-	2026090901	none
run-002127	fresh-0022	distinct	concurrent	8	-	2026090902	none
run-002128	fresh-0022	distinct	concurrent	8	-	2026090903	none
run-002129	fresh-0022	colliding	concurrent	8	-	2026090901	none
run-002130	fresh-0022	colliding	concurrent	8	-	2026090902	none
run-002131	fresh-0022	colliding	concurrent	8	-	2026090903	none
run-002132	fresh-0023	distinct	replay	0	SSSS	0	none
run-002133	fresh-0023	colliding	replay	0	SSSS	0	none
run-002134	fresh-0023	distinct	replay	1	SSS	0	none
run-002135	fresh-0023	distinct	replay	1	SSFSS	0	none
run-002136	fresh-0023	distinct	replay	1	SFSSS	0	none
run-002137	fresh-0023	distinct	replay	1	FSSSS	0	none
run-002138	fresh-0023	colliding	replay	1	SSS	0	none
run-002139	fresh-0023	colliding	replay	1	SSFSS	0	none
run-002140	fresh-0023	colliding	replay	1	SFSSS	0	none
run-002141	fresh-0023	colliding	replay	1	FSSSS	0	none
run-002142	fresh-0023	distinct	replay	2	SS	0	none
run-002143	fresh-0023	distinct	replay	2	SFSS	0	none
run-002144	fresh-0023	distinct	replay	2	SFSFSS	0	none
run-002145	fresh-0023	distinct	replay	2	SFFSSS	0	none
run-002146	fresh-0023	distinct	replay	2	FSSS	0	none
run-002147	fresh-0023	distinct	replay	2	FSSFSS	0	none
run-002148	fresh-0023	distinct	replay	2	FSFSSS	0	none
run-002149	fresh-0023	distinct	replay	2	FFSSSS	0	none
run-002150	fresh-0023	colliding	replay	2	SS	0	none
run-002151	fresh-0023	colliding	replay	2	SFSS	0	none
run-002152	fresh-0023	colliding	replay	2	SFSFSS	0	none
run-002153	fresh-0023	colliding	replay	2	SFFSSS	0	none
run-002154	fresh-0023	colliding	replay	2	FSSS	0	none
run-002155	fresh-0023	colliding	replay	2	FSSFSS	0	none
run-002156	fresh-0023	colliding	replay	2	FSFSSS	0	none
run-002157	fresh-0023	colliding	replay	2	FFSSSS	0	none
run-002158	fresh-0023	distinct	replay	3	SS	0	none
run-002159	fresh-0023	distinct	replay	3	SFS	0	none
run-002160	fresh-0023	distinct	replay	3	SFFSS	0	none
run-002161	fresh-0023	distinct	replay	3	SFFSFSS	0	none
run-002162	fresh-0023	distinct	replay	3	SFFFSSS	0	none
run-002163	fresh-0023	distinct	replay	3	FSS	0	none
run-002164	fresh-0023	distinct	replay	3	FSFSS	0	none
run-002165	fresh-0023	distinct	replay	3	FSFSFSS	0	none
run-002166	fresh-0023	distinct	replay	3	FSFFSSS	0	none
run-002167	fresh-0023	distinct	replay	3	FFSSS	0	none
run-002168	fresh-0023	distinct	replay	3	FFSSFSS	0	none
run-002169	fresh-0023	distinct	replay	3	FFSFSSS	0	none
run-002170	fresh-0023	distinct	replay	3	FFFSSSS	0	none
run-002171	fresh-0023	colliding	replay	3	SS	0	none
run-002172	fresh-0023	colliding	replay	3	SFS	0	none
run-002173	fresh-0023	colliding	replay	3	SFFSS	0	none
run-002174	fresh-0023	colliding	replay	3	SFFSFSS	0	none
run-002175	fresh-0023	colliding	replay	3	SFFFSSS	0	none
run-002176	fresh-0023	colliding	replay	3	FSS	0	none
run-002177	fresh-0023	colliding	replay	3	FSFSS	0	none
run-002178	fresh-0023	colliding	replay	3	FSFSFSS	0	none
run-002179	fresh-0023	colliding	replay	3	FSFFSSS	0	none
run-002180	fresh-0023	colliding	replay	3	FFSSS	0	none
run-002181	fresh-0023	colliding	replay	3	FFSSFSS	0	none
run-002182	fresh-0023	colliding	replay	3	FFSFSSS	0	none
run-002183	fresh-0023	colliding	replay	3	FFFSSSS	0	none
run-002184	fresh-0023	distinct	replay	4	S	0	none
run-002185	fresh-0023	distinct	replay	4	FSS	0	none
run-002186	fresh-0023	distinct	replay	4	FSFS	0	none
run-002187	fresh-0023	distinct	replay	4	FSFFSS	0	none
run-002188	fresh-0023	distinct	replay	4	FSFFSFSS	0	none
run-002189	fresh-0023	distinct	replay	4	FSFFFSSS	0	none
run-002190	fresh-0023	distinct	replay	4	FFSS	0	none
run-002191	fresh-0023	distinct	replay	4	FFSFSS	0	none
run-002192	fresh-0023	distinct	replay	4	FFSFSFSS	0	none
run-002193	fresh-0023	distinct	replay	4	FFSFFSSS	0	none
run-002194	fresh-0023	distinct	replay	4	FFFSSS	0	none
run-002195	fresh-0023	distinct	replay	4	FFFSSFSS	0	none
run-002196	fresh-0023	distinct	replay	4	FFFSFSSS	0	none
run-002197	fresh-0023	distinct	replay	4	FFFFSSSS	0	none
run-002198	fresh-0023	colliding	replay	4	S	0	none
run-002199	fresh-0023	colliding	replay	4	FSS	0	none
run-002200	fresh-0023	colliding	replay	4	FSFS	0	none
run-002201	fresh-0023	colliding	replay	4	FSFFSS	0	none
run-002202	fresh-0023	colliding	replay	4	FSFFSFSS	0	none
run-002203	fresh-0023	colliding	replay	4	FSFFFSSS	0	none
run-002204	fresh-0023	colliding	replay	4	FFSS	0	none
run-002205	fresh-0023	colliding	replay	4	FFSFSS	0	none
run-002206	fresh-0023	colliding	replay	4	FFSFSFSS	0	none
run-002207	fresh-0023	colliding	replay	4	FFSFFSSS	0	none
run-002208	fresh-0023	colliding	replay	4	FFFSSS	0	none
run-002209	fresh-0023	colliding	replay	4	FFFSSFSS	0	none
run-002210	fresh-0023	colliding	replay	4	FFFSFSSS	0	none
run-002211	fresh-0023	colliding	replay	4	FFFFSSSS	0	none
run-002212	fresh-0023	distinct	concurrent	1	-	2026090901	none
run-002213	fresh-0023	distinct	concurrent	1	-	2026090902	none
run-002214	fresh-0023	distinct	concurrent	1	-	2026090903	none
run-002215	fresh-0023	colliding	concurrent	1	-	2026090901	none
run-002216	fresh-0023	colliding	concurrent	1	-	2026090902	none
run-002217	fresh-0023	colliding	concurrent	1	-	2026090903	none
run-002218	fresh-0023	distinct	concurrent	2	-	2026090901	none
run-002219	fresh-0023	distinct	concurrent	2	-	2026090902	none
run-002220	fresh-0023	distinct	concurrent	2	-	2026090903	none
run-002221	fresh-0023	colliding	concurrent	2	-	2026090901	none
run-002222	fresh-0023	colliding	concurrent	2	-	2026090902	none
run-002223	fresh-0023	colliding	concurrent	2	-	2026090903	none
run-002224	fresh-0023	distinct	concurrent	4	-	2026090901	none
run-002225	fresh-0023	distinct	concurrent	4	-	2026090902	none
run-002226	fresh-0023	distinct	concurrent	4	-	2026090903	none
run-002227	fresh-0023	colliding	concurrent	4	-	2026090901	none
run-002228	fresh-0023	colliding	concurrent	4	-	2026090902	none
run-002229	fresh-0023	colliding	concurrent	4	-	2026090903	none
run-002230	fresh-0023	distinct	concurrent	8	-	2026090901	none
run-002231	fresh-0023	distinct	concurrent	8	-	2026090902	none
run-002232	fresh-0023	distinct	concurrent	8	-	2026090903	none
run-002233	fresh-0023	colliding	concurrent	8	-	2026090901	none
run-002234	fresh-0023	colliding	concurrent	8	-	2026090902	none
run-002235	fresh-0023	colliding	concurrent	8	-	2026090903	none
run-002236	fresh-0024	distinct	replay	0	SS	0	none
run-002237	fresh-0024	colliding	replay	0	SS	0	none
run-002238	fresh-0024	distinct	replay	1	S	0	none
run-002239	fresh-0024	distinct	replay	1	FSS	0	none
run-002240	fresh-0024	colliding	replay	1	S	0	none
run-002241	fresh-0024	colliding	replay	1	FSS	0	none
run-002242	fresh-0024	distinct	replay	2	S	0	none
run-002243	fresh-0024	distinct	replay	2	FS	0	none
run-002244	fresh-0024	distinct	replay	2	FFSS	0	none
run-002245	fresh-0024	colliding	replay	2	S	0	none
run-002246	fresh-0024	colliding	replay	2	FS	0	none
run-002247	fresh-0024	colliding	replay	2	FFSS	0	none
run-002248	fresh-0024	distinct	replay	3	-	0	none
run-002249	fresh-0024	colliding	replay	3	-	0	none
run-002250	fresh-0024	distinct	replay	4	-	0	none
run-002251	fresh-0024	colliding	replay	4	-	0	none
run-002252	fresh-0024	distinct	concurrent	1	-	2026090901	none
run-002253	fresh-0024	distinct	concurrent	1	-	2026090902	none
run-002254	fresh-0024	distinct	concurrent	1	-	2026090903	none
run-002255	fresh-0024	colliding	concurrent	1	-	2026090901	none
run-002256	fresh-0024	colliding	concurrent	1	-	2026090902	none
run-002257	fresh-0024	colliding	concurrent	1	-	2026090903	none
run-002258	fresh-0024	distinct	concurrent	2	-	2026090901	none
run-002259	fresh-0024	distinct	concurrent	2	-	2026090902	none
run-002260	fresh-0024	distinct	concurrent	2	-	2026090903	none
run-002261	fresh-0024	colliding	concurrent	2	-	2026090901	none
run-002262	fresh-0024	colliding	concurrent	2	-	2026090902	none
run-002263	fresh-0024	colliding	concurrent	2	-	2026090903	none
run-002264	fresh-0024	distinct	concurrent	4	-	2026090901	none
run-002265	fresh-0024	distinct	concurrent	4	-	2026090902	none
run-002266	fresh-0024	distinct	concurrent	4	-	2026090903	none
run-002267	fresh-0024	colliding	concurrent	4	-	2026090901	none
run-002268	fresh-0024	colliding	concurrent	4	-	2026090902	none
run-002269	fresh-0024	colliding	concurrent	4	-	2026090903	none
run-002270	fresh-0024	distinct	concurrent	8	-	2026090901	none
run-002271	fresh-0024	distinct	concurrent	8	-	2026090902	none
run-002272	fresh-0024	distinct	concurrent	8	-	2026090903	none
run-002273	fresh-0024	colliding	concurrent	8	-	2026090901	none
run-002274	fresh-0024	colliding	concurrent	8	-	2026090902	none
run-002275	fresh-0024	colliding	concurrent	8	-	2026090903	none
run-002276	fresh-0025	distinct	replay	0	SSS	0	none
run-002277	fresh-0025	colliding	replay	0	SSS	0	none
run-002278	fresh-0025	distinct	replay	1	S	0	none
run-002279	fresh-0025	distinct	replay	1	FSSS	0	none
run-002280	fresh-0025	colliding	replay	1	S	0	none
run-002281	fresh-0025	colliding	replay	1	FSSS	0	none
run-002282	fresh-0025	distinct	replay	2	S	0	none
run-002283	fresh-0025	distinct	replay	2	FS	0	none
run-002284	fresh-0025	distinct	replay	2	FFSSS	0	none
run-002285	fresh-0025	colliding	replay	2	S	0	none
run-002286	fresh-0025	colliding	replay	2	FS	0	none
run-002287	fresh-0025	colliding	replay	2	FFSSS	0	none
run-002288	fresh-0025	distinct	replay	3	-	0	none
run-002289	fresh-0025	colliding	replay	3	-	0	none
run-002290	fresh-0025	distinct	replay	4	-	0	none
run-002291	fresh-0025	colliding	replay	4	-	0	none
run-002292	fresh-0025	distinct	concurrent	1	-	2026090901	none
run-002293	fresh-0025	distinct	concurrent	1	-	2026090902	none
run-002294	fresh-0025	distinct	concurrent	1	-	2026090903	none
run-002295	fresh-0025	colliding	concurrent	1	-	2026090901	none
run-002296	fresh-0025	colliding	concurrent	1	-	2026090902	none
run-002297	fresh-0025	colliding	concurrent	1	-	2026090903	none
run-002298	fresh-0025	distinct	concurrent	2	-	2026090901	none
run-002299	fresh-0025	distinct	concurrent	2	-	2026090902	none
run-002300	fresh-0025	distinct	concurrent	2	-	2026090903	none
run-002301	fresh-0025	colliding	concurrent	2	-	2026090901	none
run-002302	fresh-0025	colliding	concurrent	2	-	2026090902	none
run-002303	fresh-0025	colliding	concurrent	2	-	2026090903	none
run-002304	fresh-0025	distinct	concurrent	4	-	2026090901	none
run-002305	fresh-0025	distinct	concurrent	4	-	2026090902	none
run-002306	fresh-0025	distinct	concurrent	4	-	2026090903	none
run-002307	fresh-0025	colliding	concurrent	4	-	2026090901	none
run-002308	fresh-0025	colliding	concurrent	4	-	2026090902	none
run-002309	fresh-0025	colliding	concurrent	4	-	2026090903	none
run-002310	fresh-0025	distinct	concurrent	8	-	2026090901	none
run-002311	fresh-0025	distinct	concurrent	8	-	2026090902	none
run-002312	fresh-0025	distinct	concurrent	8	-	2026090903	none
run-002313	fresh-0025	colliding	concurrent	8	-	2026090901	none
run-002314	fresh-0025	colliding	concurrent	8	-	2026090902	none
run-002315	fresh-0025	colliding	concurrent	8	-	2026090903	none
run-002316	fresh-0026	distinct	replay	0	SSSS	0	none
run-002317	fresh-0026	colliding	replay	0	SSSS	0	none
run-002318	fresh-0026	distinct	replay	1	SSSS	0	none
run-002319	fresh-0026	distinct	replay	1	SSSFS	0	none
run-002320	fresh-0026	distinct	replay	1	SSFSS	0	none
run-002321	fresh-0026	distinct	replay	1	SFSSS	0	none
run-002322	fresh-0026	distinct	replay	1	FSSSS	0	none
run-002323	fresh-0026	colliding	replay	1	SSSS	0	none
run-002324	fresh-0026	colliding	replay	1	SSSFS	0	none
run-002325	fresh-0026	colliding	replay	1	SSFSS	0	none
run-002326	fresh-0026	colliding	replay	1	SFSSS	0	none
run-002327	fresh-0026	colliding	replay	1	FSSSS	0	none
run-002328	fresh-0026	distinct	replay	2	SSSS	0	none
run-002329	fresh-0026	distinct	replay	2	SSSFS	0	none
run-002330	fresh-0026	distinct	replay	2	SSSFFS	0	none
run-002331	fresh-0026	distinct	replay	2	SSFSS	0	none
run-002332	fresh-0026	distinct	replay	2	SSFSFS	0	none
run-002333	fresh-0026	distinct	replay	2	SSFFSS	0	none
run-002334	fresh-0026	distinct	replay	2	SFSSS	0	none
run-002335	fresh-0026	distinct	replay	2	SFSSFS	0	none
run-002336	fresh-0026	distinct	replay	2	SFSFSS	0	none
run-002337	fresh-0026	distinct	replay	2	SFFSSS	0	none
run-002338	fresh-0026	distinct	replay	2	FSSSS	0	none
run-002339	fresh-0026	distinct	replay	2	FSSSFS	0	none
run-002340	fresh-0026	distinct	replay	2	FSSFSS	0	none
run-002341	fresh-0026	distinct	replay	2	FSFSSS	0	none
run-002342	fresh-0026	distinct	replay	2	FFSSSS	0	none
run-002343	fresh-0026	colliding	replay	2	SSSS	0	none
run-002344	fresh-0026	colliding	replay	2	SSSFS	0	none
run-002345	fresh-0026	colliding	replay	2	SSSFFS	0	none
run-002346	fresh-0026	colliding	replay	2	SSFSS	0	none
run-002347	fresh-0026	colliding	replay	2	SSFSFS	0	none
run-002348	fresh-0026	colliding	replay	2	SSFFSS	0	none
run-002349	fresh-0026	colliding	replay	2	SFSSS	0	none
run-002350	fresh-0026	colliding	replay	2	SFSSFS	0	none
run-002351	fresh-0026	colliding	replay	2	SFSFSS	0	none
run-002352	fresh-0026	colliding	replay	2	SFFSSS	0	none
run-002353	fresh-0026	colliding	replay	2	FSSSS	0	none
run-002354	fresh-0026	colliding	replay	2	FSSSFS	0	none
run-002355	fresh-0026	colliding	replay	2	FSSFSS	0	none
run-002356	fresh-0026	colliding	replay	2	FSFSSS	0	none
run-002357	fresh-0026	colliding	replay	2	FFSSSS	0	none
run-002358	fresh-0026	distinct	replay	3	SSSS	0	none
run-002359	fresh-0026	distinct	replay	3	SSSFS	0	none
run-002360	fresh-0026	distinct	replay	3	SSSFFS	0	none
run-002361	fresh-0026	distinct	replay	3	SSSFFFS	0	none
run-002362	fresh-0026	distinct	replay	3	SSFSS	0	none
run-002363	fresh-0026	distinct	replay	3	SSFSFS	0	none
run-002364	fresh-0026	distinct	replay	3	SSFSFFS	0	none
run-002365	fresh-0026	distinct	replay	3	SSFFSS	0	none
run-002366	fresh-0026	distinct	replay	3	SSFFSFS	0	none
run-002367	fresh-0026	distinct	replay	3	SSFFFSS	0	none
run-002368	fresh-0026	distinct	replay	3	SFSSS	0	none
run-002369	fresh-0026	distinct	replay	3	SFSSFS	0	none
run-002370	fresh-0026	distinct	replay	3	SFSSFFS	0	none
run-002371	fresh-0026	distinct	replay	3	SFSFSS	0	none
run-002372	fresh-0026	distinct	replay	3	SFSFSFS	0	none
run-002373	fresh-0026	distinct	replay	3	SFSFFSS	0	none
run-002374	fresh-0026	distinct	replay	3	SFFSSS	0	none
run-002375	fresh-0026	distinct	replay	3	SFFSSFS	0	none
run-002376	fresh-0026	distinct	replay	3	SFFSFSS	0	none
run-002377	fresh-0026	distinct	replay	3	SFFFSSS	0	none
run-002378	fresh-0026	distinct	replay	3	FSSSS	0	none
run-002379	fresh-0026	distinct	replay	3	FSSSFS	0	none
run-002380	fresh-0026	distinct	replay	3	FSSSFFS	0	none
run-002381	fresh-0026	distinct	replay	3	FSSFSS	0	none
run-002382	fresh-0026	distinct	replay	3	FSSFSFS	0	none
run-002383	fresh-0026	distinct	replay	3	FSSFFSS	0	none
run-002384	fresh-0026	distinct	replay	3	FSFSSS	0	none
run-002385	fresh-0026	distinct	replay	3	FSFSSFS	0	none
run-002386	fresh-0026	distinct	replay	3	FSFSFSS	0	none
run-002387	fresh-0026	distinct	replay	3	FSFFSSS	0	none
run-002388	fresh-0026	distinct	replay	3	FFSSSS	0	none
run-002389	fresh-0026	distinct	replay	3	FFSSSFS	0	none
run-002390	fresh-0026	distinct	replay	3	FFSSFSS	0	none
run-002391	fresh-0026	distinct	replay	3	FFSFSSS	0	none
run-002392	fresh-0026	distinct	replay	3	FFFSSSS	0	none
run-002393	fresh-0026	colliding	replay	3	SSSS	0	none
run-002394	fresh-0026	colliding	replay	3	SSSFS	0	none
run-002395	fresh-0026	colliding	replay	3	SSSFFS	0	none
run-002396	fresh-0026	colliding	replay	3	SSSFFFS	0	none
run-002397	fresh-0026	colliding	replay	3	SSFSS	0	none
run-002398	fresh-0026	colliding	replay	3	SSFSFS	0	none
run-002399	fresh-0026	colliding	replay	3	SSFSFFS	0	none
run-002400	fresh-0026	colliding	replay	3	SSFFSS	0	none
run-002401	fresh-0026	colliding	replay	3	SSFFSFS	0	none
run-002402	fresh-0026	colliding	replay	3	SSFFFSS	0	none
run-002403	fresh-0026	colliding	replay	3	SFSSS	0	none
run-002404	fresh-0026	colliding	replay	3	SFSSFS	0	none
run-002405	fresh-0026	colliding	replay	3	SFSSFFS	0	none
run-002406	fresh-0026	colliding	replay	3	SFSFSS	0	none
run-002407	fresh-0026	colliding	replay	3	SFSFSFS	0	none
run-002408	fresh-0026	colliding	replay	3	SFSFFSS	0	none
run-002409	fresh-0026	colliding	replay	3	SFFSSS	0	none
run-002410	fresh-0026	colliding	replay	3	SFFSSFS	0	none
run-002411	fresh-0026	colliding	replay	3	SFFSFSS	0	none
run-002412	fresh-0026	colliding	replay	3	SFFFSSS	0	none
run-002413	fresh-0026	colliding	replay	3	FSSSS	0	none
run-002414	fresh-0026	colliding	replay	3	FSSSFS	0	none
run-002415	fresh-0026	colliding	replay	3	FSSSFFS	0	none
run-002416	fresh-0026	colliding	replay	3	FSSFSS	0	none
run-002417	fresh-0026	colliding	replay	3	FSSFSFS	0	none
run-002418	fresh-0026	colliding	replay	3	FSSFFSS	0	none
run-002419	fresh-0026	colliding	replay	3	FSFSSS	0	none
run-002420	fresh-0026	colliding	replay	3	FSFSSFS	0	none
run-002421	fresh-0026	colliding	replay	3	FSFSFSS	0	none
run-002422	fresh-0026	colliding	replay	3	FSFFSSS	0	none
run-002423	fresh-0026	colliding	replay	3	FFSSSS	0	none
run-002424	fresh-0026	colliding	replay	3	FFSSSFS	0	none
run-002425	fresh-0026	colliding	replay	3	FFSSFSS	0	none
run-002426	fresh-0026	colliding	replay	3	FFSFSSS	0	none
run-002427	fresh-0026	colliding	replay	3	FFFSSSS	0	none
run-002428	fresh-0026	distinct	replay	4	SSSS	0	none
run-002429	fresh-0026	distinct	replay	4	SSSFS	0	none
run-002430	fresh-0026	distinct	replay	4	SSSFFS	0	none
run-002431	fresh-0026	distinct	replay	4	SSSFFFS	0	none
run-002432	fresh-0026	distinct	replay	4	SSSFFFFS	0	none
run-002433	fresh-0026	distinct	replay	4	SSFSS	0	none
run-002434	fresh-0026	distinct	replay	4	SSFSFS	0	none
run-002435	fresh-0026	distinct	replay	4	SSFSFFS	0	none
run-002436	fresh-0026	distinct	replay	4	SSFSFFFS	0	none
run-002437	fresh-0026	distinct	replay	4	SSFFSS	0	none
run-002438	fresh-0026	distinct	replay	4	SSFFSFS	0	none
run-002439	fresh-0026	distinct	replay	4	SSFFSFFS	0	none
run-002440	fresh-0026	distinct	replay	4	SSFFFSS	0	none
run-002441	fresh-0026	distinct	replay	4	SSFFFSFS	0	none
run-002442	fresh-0026	distinct	replay	4	SSFFFFSS	0	none
run-002443	fresh-0026	distinct	replay	4	SFSSS	0	none
run-002444	fresh-0026	distinct	replay	4	SFSSFS	0	none
run-002445	fresh-0026	distinct	replay	4	SFSSFFS	0	none
run-002446	fresh-0026	distinct	replay	4	SFSSFFFS	0	none
run-002447	fresh-0026	distinct	replay	4	SFSFSS	0	none
run-002448	fresh-0026	distinct	replay	4	SFSFSFS	0	none
run-002449	fresh-0026	distinct	replay	4	SFSFSFFS	0	none
run-002450	fresh-0026	distinct	replay	4	SFSFFSS	0	none
run-002451	fresh-0026	distinct	replay	4	SFSFFSFS	0	none
run-002452	fresh-0026	distinct	replay	4	SFSFFFSS	0	none
run-002453	fresh-0026	distinct	replay	4	SFFSSS	0	none
run-002454	fresh-0026	distinct	replay	4	SFFSSFS	0	none
run-002455	fresh-0026	distinct	replay	4	SFFSSFFS	0	none
run-002456	fresh-0026	distinct	replay	4	SFFSFSS	0	none
run-002457	fresh-0026	distinct	replay	4	SFFSFSFS	0	none
run-002458	fresh-0026	distinct	replay	4	SFFSFFSS	0	none
run-002459	fresh-0026	distinct	replay	4	SFFFSSS	0	none
run-002460	fresh-0026	distinct	replay	4	SFFFSSFS	0	none
run-002461	fresh-0026	distinct	replay	4	SFFFSFSS	0	none
run-002462	fresh-0026	distinct	replay	4	SFFFFSSS	0	none
run-002463	fresh-0026	distinct	replay	4	FSSSS	0	none
run-002464	fresh-0026	distinct	replay	4	FSSSFS	0	none
run-002465	fresh-0026	distinct	replay	4	FSSSFFS	0	none
run-002466	fresh-0026	distinct	replay	4	FSSSFFFS	0	none
run-002467	fresh-0026	distinct	replay	4	FSSFSS	0	none
run-002468	fresh-0026	distinct	replay	4	FSSFSFS	0	none
run-002469	fresh-0026	distinct	replay	4	FSSFSFFS	0	none
run-002470	fresh-0026	distinct	replay	4	FSSFFSS	0	none
run-002471	fresh-0026	distinct	replay	4	FSSFFSFS	0	none
run-002472	fresh-0026	distinct	replay	4	FSSFFFSS	0	none
run-002473	fresh-0026	distinct	replay	4	FSFSSS	0	none
run-002474	fresh-0026	distinct	replay	4	FSFSSFS	0	none
run-002475	fresh-0026	distinct	replay	4	FSFSSFFS	0	none
run-002476	fresh-0026	distinct	replay	4	FSFSFSS	0	none
run-002477	fresh-0026	distinct	replay	4	FSFSFSFS	0	none
run-002478	fresh-0026	distinct	replay	4	FSFSFFSS	0	none
run-002479	fresh-0026	distinct	replay	4	FSFFSSS	0	none
run-002480	fresh-0026	distinct	replay	4	FSFFSSFS	0	none
run-002481	fresh-0026	distinct	replay	4	FSFFSFSS	0	none
run-002482	fresh-0026	distinct	replay	4	FSFFFSSS	0	none
run-002483	fresh-0026	distinct	replay	4	FFSSSS	0	none
run-002484	fresh-0026	distinct	replay	4	FFSSSFS	0	none
run-002485	fresh-0026	distinct	replay	4	FFSSSFFS	0	none
run-002486	fresh-0026	distinct	replay	4	FFSSFSS	0	none
run-002487	fresh-0026	distinct	replay	4	FFSSFSFS	0	none
run-002488	fresh-0026	distinct	replay	4	FFSSFFSS	0	none
run-002489	fresh-0026	distinct	replay	4	FFSFSSS	0	none
run-002490	fresh-0026	distinct	replay	4	FFSFSSFS	0	none
run-002491	fresh-0026	distinct	replay	4	FFSFSFSS	0	none
run-002492	fresh-0026	distinct	replay	4	FFSFFSSS	0	none
run-002493	fresh-0026	distinct	replay	4	FFFSSSS	0	none
run-002494	fresh-0026	distinct	replay	4	FFFSSSFS	0	none
run-002495	fresh-0026	distinct	replay	4	FFFSSFSS	0	none
run-002496	fresh-0026	distinct	replay	4	FFFSFSSS	0	none
run-002497	fresh-0026	distinct	replay	4	FFFFSSSS	0	none
run-002498	fresh-0026	colliding	replay	4	SSSS	0	none
run-002499	fresh-0026	colliding	replay	4	SSSFS	0	none
run-002500	fresh-0026	colliding	replay	4	SSSFFS	0	none
run-002501	fresh-0026	colliding	replay	4	SSSFFFS	0	none
run-002502	fresh-0026	colliding	replay	4	SSSFFFFS	0	none
run-002503	fresh-0026	colliding	replay	4	SSFSS	0	none
run-002504	fresh-0026	colliding	replay	4	SSFSFS	0	none
run-002505	fresh-0026	colliding	replay	4	SSFSFFS	0	none
run-002506	fresh-0026	colliding	replay	4	SSFSFFFS	0	none
run-002507	fresh-0026	colliding	replay	4	SSFFSS	0	none
run-002508	fresh-0026	colliding	replay	4	SSFFSFS	0	none
run-002509	fresh-0026	colliding	replay	4	SSFFSFFS	0	none
run-002510	fresh-0026	colliding	replay	4	SSFFFSS	0	none
run-002511	fresh-0026	colliding	replay	4	SSFFFSFS	0	none
run-002512	fresh-0026	colliding	replay	4	SSFFFFSS	0	none
run-002513	fresh-0026	colliding	replay	4	SFSSS	0	none
run-002514	fresh-0026	colliding	replay	4	SFSSFS	0	none
run-002515	fresh-0026	colliding	replay	4	SFSSFFS	0	none
run-002516	fresh-0026	colliding	replay	4	SFSSFFFS	0	none
run-002517	fresh-0026	colliding	replay	4	SFSFSS	0	none
run-002518	fresh-0026	colliding	replay	4	SFSFSFS	0	none
run-002519	fresh-0026	colliding	replay	4	SFSFSFFS	0	none
run-002520	fresh-0026	colliding	replay	4	SFSFFSS	0	none
run-002521	fresh-0026	colliding	replay	4	SFSFFSFS	0	none
run-002522	fresh-0026	colliding	replay	4	SFSFFFSS	0	none
run-002523	fresh-0026	colliding	replay	4	SFFSSS	0	none
run-002524	fresh-0026	colliding	replay	4	SFFSSFS	0	none
run-002525	fresh-0026	colliding	replay	4	SFFSSFFS	0	none
run-002526	fresh-0026	colliding	replay	4	SFFSFSS	0	none
run-002527	fresh-0026	colliding	replay	4	SFFSFSFS	0	none
run-002528	fresh-0026	colliding	replay	4	SFFSFFSS	0	none
run-002529	fresh-0026	colliding	replay	4	SFFFSSS	0	none
run-002530	fresh-0026	colliding	replay	4	SFFFSSFS	0	none
run-002531	fresh-0026	colliding	replay	4	SFFFSFSS	0	none
run-002532	fresh-0026	colliding	replay	4	SFFFFSSS	0	none
run-002533	fresh-0026	colliding	replay	4	FSSSS	0	none
run-002534	fresh-0026	colliding	replay	4	FSSSFS	0	none
run-002535	fresh-0026	colliding	replay	4	FSSSFFS	0	none
run-002536	fresh-0026	colliding	replay	4	FSSSFFFS	0	none
run-002537	fresh-0026	colliding	replay	4	FSSFSS	0	none
run-002538	fresh-0026	colliding	replay	4	FSSFSFS	0	none
run-002539	fresh-0026	colliding	replay	4	FSSFSFFS	0	none
run-002540	fresh-0026	colliding	replay	4	FSSFFSS	0	none
run-002541	fresh-0026	colliding	replay	4	FSSFFSFS	0	none
run-002542	fresh-0026	colliding	replay	4	FSSFFFSS	0	none
run-002543	fresh-0026	colliding	replay	4	FSFSSS	0	none
run-002544	fresh-0026	colliding	replay	4	FSFSSFS	0	none
run-002545	fresh-0026	colliding	replay	4	FSFSSFFS	0	none
run-002546	fresh-0026	colliding	replay	4	FSFSFSS	0	none
run-002547	fresh-0026	colliding	replay	4	FSFSFSFS	0	none
run-002548	fresh-0026	colliding	replay	4	FSFSFFSS	0	none
run-002549	fresh-0026	colliding	replay	4	FSFFSSS	0	none
run-002550	fresh-0026	colliding	replay	4	FSFFSSFS	0	none
run-002551	fresh-0026	colliding	replay	4	FSFFSFSS	0	none
run-002552	fresh-0026	colliding	replay	4	FSFFFSSS	0	none
run-002553	fresh-0026	colliding	replay	4	FFSSSS	0	none
run-002554	fresh-0026	colliding	replay	4	FFSSSFS	0	none
run-002555	fresh-0026	colliding	replay	4	FFSSSFFS	0	none
run-002556	fresh-0026	colliding	replay	4	FFSSFSS	0	none
run-002557	fresh-0026	colliding	replay	4	FFSSFSFS	0	none
run-002558	fresh-0026	colliding	replay	4	FFSSFFSS	0	none
run-002559	fresh-0026	colliding	replay	4	FFSFSSS	0	none
run-002560	fresh-0026	colliding	replay	4	FFSFSSFS	0	none
run-002561	fresh-0026	colliding	replay	4	FFSFSFSS	0	none
run-002562	fresh-0026	colliding	replay	4	FFSFFSSS	0	none
run-002563	fresh-0026	colliding	replay	4	FFFSSSS	0	none
run-002564	fresh-0026	colliding	replay	4	FFFSSSFS	0	none
run-002565	fresh-0026	colliding	replay	4	FFFSSFSS	0	none
run-002566	fresh-0026	colliding	replay	4	FFFSFSSS	0	none
run-002567	fresh-0026	colliding	replay	4	FFFFSSSS	0	none
run-002568	fresh-0026	distinct	concurrent	1	-	2026090901	none
run-002569	fresh-0026	distinct	concurrent	1	-	2026090902	none
run-002570	fresh-0026	distinct	concurrent	1	-	2026090903	none
run-002571	fresh-0026	colliding	concurrent	1	-	2026090901	none
run-002572	fresh-0026	colliding	concurrent	1	-	2026090902	none
run-002573	fresh-0026	colliding	concurrent	1	-	2026090903	none
run-002574	fresh-0026	distinct	concurrent	2	-	2026090901	none
run-002575	fresh-0026	distinct	concurrent	2	-	2026090902	none
run-002576	fresh-0026	distinct	concurrent	2	-	2026090903	none
run-002577	fresh-0026	colliding	concurrent	2	-	2026090901	none
run-002578	fresh-0026	colliding	concurrent	2	-	2026090902	none
run-002579	fresh-0026	colliding	concurrent	2	-	2026090903	none
run-002580	fresh-0026	distinct	concurrent	4	-	2026090901	none
run-002581	fresh-0026	distinct	concurrent	4	-	2026090902	none
run-002582	fresh-0026	distinct	concurrent	4	-	2026090903	none
run-002583	fresh-0026	colliding	concurrent	4	-	2026090901	none
run-002584	fresh-0026	colliding	concurrent	4	-	2026090902	none
run-002585	fresh-0026	colliding	concurrent	4	-	2026090903	none
run-002586	fresh-0026	distinct	concurrent	8	-	2026090901	none
run-002587	fresh-0026	distinct	concurrent	8	-	2026090902	none
run-002588	fresh-0026	distinct	concurrent	8	-	2026090903	none
run-002589	fresh-0026	colliding	concurrent	8	-	2026090901	none
run-002590	fresh-0026	colliding	concurrent	8	-	2026090902	none
run-002591	fresh-0026	colliding	concurrent	8	-	2026090903	none
run-002592	fresh-0027	distinct	replay	0	SS	0	none
run-002593	fresh-0027	colliding	replay	0	SS	0	none
run-002594	fresh-0027	distinct	replay	1	S	0	none
run-002595	fresh-0027	distinct	replay	1	FSS	0	none
run-002596	fresh-0027	colliding	replay	1	S	0	none
run-002597	fresh-0027	colliding	replay	1	FSS	0	none
run-002598	fresh-0027	distinct	replay	2	S	0	none
run-002599	fresh-0027	distinct	replay	2	FS	0	none
run-002600	fresh-0027	distinct	replay	2	FFSS	0	none
run-002601	fresh-0027	colliding	replay	2	S	0	none
run-002602	fresh-0027	colliding	replay	2	FS	0	none
run-002603	fresh-0027	colliding	replay	2	FFSS	0	none
run-002604	fresh-0027	distinct	replay	3	S	0	none
run-002605	fresh-0027	distinct	replay	3	FS	0	none
run-002606	fresh-0027	distinct	replay	3	FFS	0	none
run-002607	fresh-0027	distinct	replay	3	FFFSS	0	none
run-002608	fresh-0027	colliding	replay	3	S	0	none
run-002609	fresh-0027	colliding	replay	3	FS	0	none
run-002610	fresh-0027	colliding	replay	3	FFS	0	none
run-002611	fresh-0027	colliding	replay	3	FFFSS	0	none
run-002612	fresh-0027	distinct	replay	4	S	0	none
run-002613	fresh-0027	distinct	replay	4	FS	0	none
run-002614	fresh-0027	distinct	replay	4	FFS	0	none
run-002615	fresh-0027	distinct	replay	4	FFFS	0	none
run-002616	fresh-0027	distinct	replay	4	FFFFSS	0	none
run-002617	fresh-0027	colliding	replay	4	S	0	none
run-002618	fresh-0027	colliding	replay	4	FS	0	none
run-002619	fresh-0027	colliding	replay	4	FFS	0	none
run-002620	fresh-0027	colliding	replay	4	FFFS	0	none
run-002621	fresh-0027	colliding	replay	4	FFFFSS	0	none
run-002622	fresh-0027	distinct	concurrent	1	-	2026090901	none
run-002623	fresh-0027	distinct	concurrent	1	-	2026090902	none
run-002624	fresh-0027	distinct	concurrent	1	-	2026090903	none
run-002625	fresh-0027	colliding	concurrent	1	-	2026090901	none
run-002626	fresh-0027	colliding	concurrent	1	-	2026090902	none
run-002627	fresh-0027	colliding	concurrent	1	-	2026090903	none
run-002628	fresh-0027	distinct	concurrent	2	-	2026090901	none
run-002629	fresh-0027	distinct	concurrent	2	-	2026090902	none
run-002630	fresh-0027	distinct	concurrent	2	-	2026090903	none
run-002631	fresh-0027	colliding	concurrent	2	-	2026090901	none
run-002632	fresh-0027	colliding	concurrent	2	-	2026090902	none
run-002633	fresh-0027	colliding	concurrent	2	-	2026090903	none
run-002634	fresh-0027	distinct	concurrent	4	-	2026090901	none
run-002635	fresh-0027	distinct	concurrent	4	-	2026090902	none
run-002636	fresh-0027	distinct	concurrent	4	-	2026090903	none
run-002637	fresh-0027	colliding	concurrent	4	-	2026090901	none
run-002638	fresh-0027	colliding	concurrent	4	-	2026090902	none
run-002639	fresh-0027	colliding	concurrent	4	-	2026090903	none
run-002640	fresh-0027	distinct	concurrent	8	-	2026090901	none
run-002641	fresh-0027	distinct	concurrent	8	-	2026090902	none
run-002642	fresh-0027	distinct	concurrent	8	-	2026090903	none
run-002643	fresh-0027	colliding	concurrent	8	-	2026090901	none
run-002644	fresh-0027	colliding	concurrent	8	-	2026090902	none
run-002645	fresh-0027	colliding	concurrent	8	-	2026090903	none
run-002646	fresh-0028	distinct	replay	0	SSS	0	none
run-002647	fresh-0028	colliding	replay	0	SSS	0	none
run-002648	fresh-0028	distinct	replay	1	SSS	0	none
run-002649	fresh-0028	distinct	replay	1	SSFS	0	none
run-002650	fresh-0028	distinct	replay	1	SFSS	0	none
run-002651	fresh-0028	distinct	replay	1	FSSS	0	none
run-002652	fresh-0028	colliding	replay	1	SSS	0	none
run-002653	fresh-0028	colliding	replay	1	SSFS	0	none
run-002654	fresh-0028	colliding	replay	1	SFSS	0	none
run-002655	fresh-0028	colliding	replay	1	FSSS	0	none
run-002656	fresh-0028	distinct	replay	2	S	0	none
run-002657	fresh-0028	distinct	replay	2	FSSS	0	none
run-002658	fresh-0028	distinct	replay	2	FSSFS	0	none
run-002659	fresh-0028	distinct	replay	2	FSFSS	0	none
run-002660	fresh-0028	distinct	replay	2	FFSSS	0	none
run-002661	fresh-0028	colliding	replay	2	S	0	none
run-002662	fresh-0028	colliding	replay	2	FSSS	0	none
run-002663	fresh-0028	colliding	replay	2	FSSFS	0	none
run-002664	fresh-0028	colliding	replay	2	FSFSS	0	none
run-002665	fresh-0028	colliding	replay	2	FFSSS	0	none
run-002666	fresh-0028	distinct	replay	3	S	0	none
run-002667	fresh-0028	distinct	replay	3	FS	0	none
run-002668	fresh-0028	distinct	replay	3	FFSSS	0	none
run-002669	fresh-0028	distinct	replay	3	FFSSFS	0	none
run-002670	fresh-0028	distinct	replay	3	FFSFSS	0	none
run-002671	fresh-0028	distinct	replay	3	FFFSSS	0	none
run-002672	fresh-0028	colliding	replay	3	S	0	none
run-002673	fresh-0028	colliding	replay	3	FS	0	none
run-002674	fresh-0028	colliding	replay	3	FFSSS	0	none
run-002675	fresh-0028	colliding	replay	3	FFSSFS	0	none
run-002676	fresh-0028	colliding	replay	3	FFSFSS	0	none
run-002677	fresh-0028	colliding	replay	3	FFFSSS	0	none
run-002678	fresh-0028	distinct	replay	4	-	0	none
run-002679	fresh-0028	colliding	replay	4	-	0	none
run-002680	fresh-0028	distinct	concurrent	1	-	2026090901	none
run-002681	fresh-0028	distinct	concurrent	1	-	2026090902	none
run-002682	fresh-0028	distinct	concurrent	1	-	2026090903	none
run-002683	fresh-0028	colliding	concurrent	1	-	2026090901	none
run-002684	fresh-0028	colliding	concurrent	1	-	2026090902	none
run-002685	fresh-0028	colliding	concurrent	1	-	2026090903	none
run-002686	fresh-0028	distinct	concurrent	2	-	2026090901	none
run-002687	fresh-0028	distinct	concurrent	2	-	2026090902	none
run-002688	fresh-0028	distinct	concurrent	2	-	2026090903	none
run-002689	fresh-0028	colliding	concurrent	2	-	2026090901	none
run-002690	fresh-0028	colliding	concurrent	2	-	2026090902	none
run-002691	fresh-0028	colliding	concurrent	2	-	2026090903	none
run-002692	fresh-0028	distinct	concurrent	4	-	2026090901	none
run-002693	fresh-0028	distinct	concurrent	4	-	2026090902	none
run-002694	fresh-0028	distinct	concurrent	4	-	2026090903	none
run-002695	fresh-0028	colliding	concurrent	4	-	2026090901	none
run-002696	fresh-0028	colliding	concurrent	4	-	2026090902	none
run-002697	fresh-0028	colliding	concurrent	4	-	2026090903	none
run-002698	fresh-0028	distinct	concurrent	8	-	2026090901	none
run-002699	fresh-0028	distinct	concurrent	8	-	2026090902	none
run-002700	fresh-0028	distinct	concurrent	8	-	2026090903	none
run-002701	fresh-0028	colliding	concurrent	8	-	2026090901	none
run-002702	fresh-0028	colliding	concurrent	8	-	2026090902	none
run-002703	fresh-0028	colliding	concurrent	8	-	2026090903	none
run-002704	fresh-0029	distinct	replay	0	SSSS	0	none
run-002705	fresh-0029	colliding	replay	0	SSSS	0	none
run-002706	fresh-0029	distinct	replay	1	SSS	0	none
run-002707	fresh-0029	distinct	replay	1	SSFSS	0	none
run-002708	fresh-0029	distinct	replay	1	SFSSS	0	none
run-002709	fresh-0029	distinct	replay	1	FSSSS	0	none
run-002710	fresh-0029	colliding	replay	1	SSS	0	none
run-002711	fresh-0029	colliding	replay	1	SSFSS	0	none
run-002712	fresh-0029	colliding	replay	1	SFSSS	0	none
run-002713	fresh-0029	colliding	replay	1	FSSSS	0	none
run-002714	fresh-0029	distinct	replay	2	SS	0	none
run-002715	fresh-0029	distinct	replay	2	SFSS	0	none
run-002716	fresh-0029	distinct	replay	2	SFSFSS	0	none
run-002717	fresh-0029	distinct	replay	2	SFFSSS	0	none
run-002718	fresh-0029	distinct	replay	2	FSSS	0	none
run-002719	fresh-0029	distinct	replay	2	FSSFSS	0	none
run-002720	fresh-0029	distinct	replay	2	FSFSSS	0	none
run-002721	fresh-0029	distinct	replay	2	FFSSSS	0	none
run-002722	fresh-0029	colliding	replay	2	SS	0	none
run-002723	fresh-0029	colliding	replay	2	SFSS	0	none
run-002724	fresh-0029	colliding	replay	2	SFSFSS	0	none
run-002725	fresh-0029	colliding	replay	2	SFFSSS	0	none
run-002726	fresh-0029	colliding	replay	2	FSSS	0	none
run-002727	fresh-0029	colliding	replay	2	FSSFSS	0	none
run-002728	fresh-0029	colliding	replay	2	FSFSSS	0	none
run-002729	fresh-0029	colliding	replay	2	FFSSSS	0	none
run-002730	fresh-0029	distinct	replay	3	S	0	none
run-002731	fresh-0029	distinct	replay	3	FSS	0	none
run-002732	fresh-0029	distinct	replay	3	FSFSS	0	none
run-002733	fresh-0029	distinct	replay	3	FSFSFSS	0	none
run-002734	fresh-0029	distinct	replay	3	FSFFSSS	0	none
run-002735	fresh-0029	distinct	replay	3	FFSSS	0	none
run-002736	fresh-0029	distinct	replay	3	FFSSFSS	0	none
run-002737	fresh-0029	distinct	replay	3	FFSFSSS	0	none
run-002738	fresh-0029	distinct	replay	3	FFFSSSS	0	none
run-002739	fresh-0029	colliding	replay	3	S	0	none
run-002740	fresh-0029	colliding	replay	3	FSS	0	none
run-002741	fresh-0029	colliding	replay	3	FSFSS	0	none
run-002742	fresh-0029	colliding	replay	3	FSFSFSS	0	none
run-002743	fresh-0029	colliding	replay	3	FSFFSSS	0	none
run-002744	fresh-0029	colliding	replay	3	FFSSS	0	none
run-002745	fresh-0029	colliding	replay	3	FFSSFSS	0	none
run-002746	fresh-0029	colliding	replay	3	FFSFSSS	0	none
run-002747	fresh-0029	colliding	replay	3	FFFSSSS	0	none
run-002748	fresh-0029	distinct	replay	4	S	0	none
run-002749	fresh-0029	distinct	replay	4	FS	0	none
run-002750	fresh-0029	distinct	replay	4	FFSS	0	none
run-002751	fresh-0029	distinct	replay	4	FFSFSS	0	none
run-002752	fresh-0029	distinct	replay	4	FFSFSFSS	0	none
run-002753	fresh-0029	distinct	replay	4	FFSFFSSS	0	none
run-002754	fresh-0029	distinct	replay	4	FFFSSS	0	none
run-002755	fresh-0029	distinct	replay	4	FFFSSFSS	0	none
run-002756	fresh-0029	distinct	replay	4	FFFSFSSS	0	none
run-002757	fresh-0029	distinct	replay	4	FFFFSSSS	0	none
run-002758	fresh-0029	colliding	replay	4	S	0	none
run-002759	fresh-0029	colliding	replay	4	FS	0	none
run-002760	fresh-0029	colliding	replay	4	FFSS	0	none
run-002761	fresh-0029	colliding	replay	4	FFSFSS	0	none
run-002762	fresh-0029	colliding	replay	4	FFSFSFSS	0	none
run-002763	fresh-0029	colliding	replay	4	FFSFFSSS	0	none
run-002764	fresh-0029	colliding	replay	4	FFFSSS	0	none
run-002765	fresh-0029	colliding	replay	4	FFFSSFSS	0	none
run-002766	fresh-0029	colliding	replay	4	FFFSFSSS	0	none
run-002767	fresh-0029	colliding	replay	4	FFFFSSSS	0	none
run-002768	fresh-0029	distinct	concurrent	1	-	2026090901	none
run-002769	fresh-0029	distinct	concurrent	1	-	2026090902	none
run-002770	fresh-0029	distinct	concurrent	1	-	2026090903	none
run-002771	fresh-0029	colliding	concurrent	1	-	2026090901	none
run-002772	fresh-0029	colliding	concurrent	1	-	2026090902	none
run-002773	fresh-0029	colliding	concurrent	1	-	2026090903	none
run-002774	fresh-0029	distinct	concurrent	2	-	2026090901	none
run-002775	fresh-0029	distinct	concurrent	2	-	2026090902	none
run-002776	fresh-0029	distinct	concurrent	2	-	2026090903	none
run-002777	fresh-0029	colliding	concurrent	2	-	2026090901	none
run-002778	fresh-0029	colliding	concurrent	2	-	2026090902	none
run-002779	fresh-0029	colliding	concurrent	2	-	2026090903	none
run-002780	fresh-0029	distinct	concurrent	4	-	2026090901	none
run-002781	fresh-0029	distinct	concurrent	4	-	2026090902	none
run-002782	fresh-0029	distinct	concurrent	4	-	2026090903	none
run-002783	fresh-0029	colliding	concurrent	4	-	2026090901	none
run-002784	fresh-0029	colliding	concurrent	4	-	2026090902	none
run-002785	fresh-0029	colliding	concurrent	4	-	2026090903	none
run-002786	fresh-0029	distinct	concurrent	8	-	2026090901	none
run-002787	fresh-0029	distinct	concurrent	8	-	2026090902	none
run-002788	fresh-0029	distinct	concurrent	8	-	2026090903	none
run-002789	fresh-0029	colliding	concurrent	8	-	2026090901	none
run-002790	fresh-0029	colliding	concurrent	8	-	2026090902	none
run-002791	fresh-0029	colliding	concurrent	8	-	2026090903	none
run-002792	fresh-0030	distinct	replay	0	SS	0	none
run-002793	fresh-0030	colliding	replay	0	SS	0	none
run-002794	fresh-0030	distinct	replay	1	SS	0	none
run-002795	fresh-0030	distinct	replay	1	SFS	0	none
run-002796	fresh-0030	distinct	replay	1	FSS	0	none
run-002797	fresh-0030	colliding	replay	1	SS	0	none
run-002798	fresh-0030	colliding	replay	1	SFS	0	none
run-002799	fresh-0030	colliding	replay	1	FSS	0	none
run-002800	fresh-0030	distinct	replay	2	SS	0	none
run-002801	fresh-0030	distinct	replay	2	SFS	0	none
run-002802	fresh-0030	distinct	replay	2	SFFS	0	none
run-002803	fresh-0030	distinct	replay	2	FSS	0	none
run-002804	fresh-0030	distinct	replay	2	FSFS	0	none
run-002805	fresh-0030	distinct	replay	2	FFSS	0	none
run-002806	fresh-0030	colliding	replay	2	SS	0	none
run-002807	fresh-0030	colliding	replay	2	SFS	0	none
run-002808	fresh-0030	colliding	replay	2	SFFS	0	none
run-002809	fresh-0030	colliding	replay	2	FSS	0	none
run-002810	fresh-0030	colliding	replay	2	FSFS	0	none
run-002811	fresh-0030	colliding	replay	2	FFSS	0	none
run-002812	fresh-0030	distinct	replay	3	SS	0	none
run-002813	fresh-0030	distinct	replay	3	SFS	0	none
run-002814	fresh-0030	distinct	replay	3	SFFS	0	none
run-002815	fresh-0030	distinct	replay	3	SFFFS	0	none
run-002816	fresh-0030	distinct	replay	3	FSS	0	none
run-002817	fresh-0030	distinct	replay	3	FSFS	0	none
run-002818	fresh-0030	distinct	replay	3	FSFFS	0	none
run-002819	fresh-0030	distinct	replay	3	FFSS	0	none
run-002820	fresh-0030	distinct	replay	3	FFSFS	0	none
run-002821	fresh-0030	distinct	replay	3	FFFSS	0	none
run-002822	fresh-0030	colliding	replay	3	SS	0	none
run-002823	fresh-0030	colliding	replay	3	SFS	0	none
run-002824	fresh-0030	colliding	replay	3	SFFS	0	none
run-002825	fresh-0030	colliding	replay	3	SFFFS	0	none
run-002826	fresh-0030	colliding	replay	3	FSS	0	none
run-002827	fresh-0030	colliding	replay	3	FSFS	0	none
run-002828	fresh-0030	colliding	replay	3	FSFFS	0	none
run-002829	fresh-0030	colliding	replay	3	FFSS	0	none
run-002830	fresh-0030	colliding	replay	3	FFSFS	0	none
run-002831	fresh-0030	colliding	replay	3	FFFSS	0	none
run-002832	fresh-0030	distinct	replay	4	SS	0	none
run-002833	fresh-0030	distinct	replay	4	SFS	0	none
run-002834	fresh-0030	distinct	replay	4	SFFS	0	none
run-002835	fresh-0030	distinct	replay	4	SFFFS	0	none
run-002836	fresh-0030	distinct	replay	4	SFFFFS	0	none
run-002837	fresh-0030	distinct	replay	4	FSS	0	none
run-002838	fresh-0030	distinct	replay	4	FSFS	0	none
run-002839	fresh-0030	distinct	replay	4	FSFFS	0	none
run-002840	fresh-0030	distinct	replay	4	FSFFFS	0	none
run-002841	fresh-0030	distinct	replay	4	FFSS	0	none
run-002842	fresh-0030	distinct	replay	4	FFSFS	0	none
run-002843	fresh-0030	distinct	replay	4	FFSFFS	0	none
run-002844	fresh-0030	distinct	replay	4	FFFSS	0	none
run-002845	fresh-0030	distinct	replay	4	FFFSFS	0	none
run-002846	fresh-0030	distinct	replay	4	FFFFSS	0	none
run-002847	fresh-0030	colliding	replay	4	SS	0	none
run-002848	fresh-0030	colliding	replay	4	SFS	0	none
run-002849	fresh-0030	colliding	replay	4	SFFS	0	none
run-002850	fresh-0030	colliding	replay	4	SFFFS	0	none
run-002851	fresh-0030	colliding	replay	4	SFFFFS	0	none
run-002852	fresh-0030	colliding	replay	4	FSS	0	none
run-002853	fresh-0030	colliding	replay	4	FSFS	0	none
run-002854	fresh-0030	colliding	replay	4	FSFFS	0	none
run-002855	fresh-0030	colliding	replay	4	FSFFFS	0	none
run-002856	fresh-0030	colliding	replay	4	FFSS	0	none
run-002857	fresh-0030	colliding	replay	4	FFSFS	0	none
run-002858	fresh-0030	colliding	replay	4	FFSFFS	0	none
run-002859	fresh-0030	colliding	replay	4	FFFSS	0	none
run-002860	fresh-0030	colliding	replay	4	FFFSFS	0	none
run-002861	fresh-0030	colliding	replay	4	FFFFSS	0	none
run-002862	fresh-0030	distinct	concurrent	1	-	2026090901	none
run-002863	fresh-0030	distinct	concurrent	1	-	2026090902	none
run-002864	fresh-0030	distinct	concurrent	1	-	2026090903	none
run-002865	fresh-0030	colliding	concurrent	1	-	2026090901	none
run-002866	fresh-0030	colliding	concurrent	1	-	2026090902	none
run-002867	fresh-0030	colliding	concurrent	1	-	2026090903	none
run-002868	fresh-0030	distinct	concurrent	2	-	2026090901	none
run-002869	fresh-0030	distinct	concurrent	2	-	2026090902	none
run-002870	fresh-0030	distinct	concurrent	2	-	2026090903	none
run-002871	fresh-0030	colliding	concurrent	2	-	2026090901	none
run-002872	fresh-0030	colliding	concurrent	2	-	2026090902	none
run-002873	fresh-0030	colliding	concurrent	2	-	2026090903	none
run-002874	fresh-0030	distinct	concurrent	4	-	2026090901	none
run-002875	fresh-0030	distinct	concurrent	4	-	2026090902	none
run-002876	fresh-0030	distinct	concurrent	4	-	2026090903	none
run-002877	fresh-0030	colliding	concurrent	4	-	2026090901	none
run-002878	fresh-0030	colliding	concurrent	4	-	2026090902	none
run-002879	fresh-0030	colliding	concurrent	4	-	2026090903	none
run-002880	fresh-0030	distinct	concurrent	8	-	2026090901	none
run-002881	fresh-0030	distinct	concurrent	8	-	2026090902	none
run-002882	fresh-0030	distinct	concurrent	8	-	2026090903	none
run-002883	fresh-0030	colliding	concurrent	8	-	2026090901	none
run-002884	fresh-0030	colliding	concurrent	8	-	2026090902	none
run-002885	fresh-0030	colliding	concurrent	8	-	2026090903	none
run-002886	fresh-0031	distinct	replay	0	SSS	0	none
run-002887	fresh-0031	colliding	replay	0	SSS	0	none
run-002888	fresh-0031	distinct	replay	1	SS	0	none
run-002889	fresh-0031	distinct	replay	1	SFSS	0	none
run-002890	fresh-0031	distinct	replay	1	FSSS	0	none
run-002891	fresh-0031	colliding	replay	1	SS	0	none
run-002892	fresh-0031	colliding	replay	1	SFSS	0	none
run-002893	fresh-0031	colliding	replay	1	FSSS	0	none
run-002894	fresh-0031	distinct	replay	2	SS	0	none
run-002895	fresh-0031	distinct	replay	2	SFS	0	none
run-002896	fresh-0031	distinct	replay	2	SFFSS	0	none
run-002897	fresh-0031	distinct	replay	2	FSS	0	none
run-002898	fresh-0031	distinct	replay	2	FSFSS	0	none
run-002899	fresh-0031	distinct	replay	2	FFSSS	0	none
run-002900	fresh-0031	colliding	replay	2	SS	0	none
run-002901	fresh-0031	colliding	replay	2	SFS	0	none
run-002902	fresh-0031	colliding	replay	2	SFFSS	0	none
run-002903	fresh-0031	colliding	replay	2	FSS	0	none
run-002904	fresh-0031	colliding	replay	2	FSFSS	0	none
run-002905	fresh-0031	colliding	replay	2	FFSSS	0	none
run-002906	fresh-0031	distinct	replay	3	SS	0	none
run-002907	fresh-0031	distinct	replay	3	SFS	0	none
run-002908	fresh-0031	distinct	replay	3	SFFS	0	none
run-002909	fresh-0031	distinct	replay	3	SFFFSS	0	none
run-002910	fresh-0031	distinct	replay	3	FSS	0	none
run-002911	fresh-0031	distinct	replay	3	FSFS	0	none
run-002912	fresh-0031	distinct	replay	3	FSFFSS	0	none
run-002913	fresh-0031	distinct	replay	3	FFSS	0	none
run-002914	fresh-0031	distinct	replay	3	FFSFSS	0	none
run-002915	fresh-0031	distinct	replay	3	FFFSSS	0	none
run-002916	fresh-0031	colliding	replay	3	SS	0	none
run-002917	fresh-0031	colliding	replay	3	SFS	0	none
run-002918	fresh-0031	colliding	replay	3	SFFS	0	none
run-002919	fresh-0031	colliding	replay	3	SFFFSS	0	none
run-002920	fresh-0031	colliding	replay	3	FSS	0	none
run-002921	fresh-0031	colliding	replay	3	FSFS	0	none
run-002922	fresh-0031	colliding	replay	3	FSFFSS	0	none
run-002923	fresh-0031	colliding	replay	3	FFSS	0	none
run-002924	fresh-0031	colliding	replay	3	FFSFSS	0	none
run-002925	fresh-0031	colliding	replay	3	FFFSSS	0	none
run-002926	fresh-0031	distinct	replay	4	SS	0	none
run-002927	fresh-0031	distinct	replay	4	SFS	0	none
run-002928	fresh-0031	distinct	replay	4	SFFS	0	none
run-002929	fresh-0031	distinct	replay	4	SFFFS	0	none
run-002930	fresh-0031	distinct	replay	4	SFFFFSS	0	none
run-002931	fresh-0031	distinct	replay	4	FSS	0	none
run-002932	fresh-0031	distinct	replay	4	FSFS	0	none
run-002933	fresh-0031	distinct	replay	4	FSFFS	0	none
run-002934	fresh-0031	distinct	replay	4	FSFFFSS	0	none
run-002935	fresh-0031	distinct	replay	4	FFSS	0	none
run-002936	fresh-0031	distinct	replay	4	FFSFS	0	none
run-002937	fresh-0031	distinct	replay	4	FFSFFSS	0	none
run-002938	fresh-0031	distinct	replay	4	FFFSS	0	none
run-002939	fresh-0031	distinct	replay	4	FFFSFSS	0	none
run-002940	fresh-0031	distinct	replay	4	FFFFSSS	0	none
run-002941	fresh-0031	colliding	replay	4	SS	0	none
run-002942	fresh-0031	colliding	replay	4	SFS	0	none
run-002943	fresh-0031	colliding	replay	4	SFFS	0	none
run-002944	fresh-0031	colliding	replay	4	SFFFS	0	none
run-002945	fresh-0031	colliding	replay	4	SFFFFSS	0	none
run-002946	fresh-0031	colliding	replay	4	FSS	0	none
run-002947	fresh-0031	colliding	replay	4	FSFS	0	none
run-002948	fresh-0031	colliding	replay	4	FSFFS	0	none
run-002949	fresh-0031	colliding	replay	4	FSFFFSS	0	none
run-002950	fresh-0031	colliding	replay	4	FFSS	0	none
run-002951	fresh-0031	colliding	replay	4	FFSFS	0	none
run-002952	fresh-0031	colliding	replay	4	FFSFFSS	0	none
run-002953	fresh-0031	colliding	replay	4	FFFSS	0	none
run-002954	fresh-0031	colliding	replay	4	FFFSFSS	0	none
run-002955	fresh-0031	colliding	replay	4	FFFFSSS	0	none
run-002956	fresh-0031	distinct	concurrent	1	-	2026090901	none
run-002957	fresh-0031	distinct	concurrent	1	-	2026090902	none
run-002958	fresh-0031	distinct	concurrent	1	-	2026090903	none
run-002959	fresh-0031	colliding	concurrent	1	-	2026090901	none
run-002960	fresh-0031	colliding	concurrent	1	-	2026090902	none
run-002961	fresh-0031	colliding	concurrent	1	-	2026090903	none
run-002962	fresh-0031	distinct	concurrent	2	-	2026090901	none
run-002963	fresh-0031	distinct	concurrent	2	-	2026090902	none
run-002964	fresh-0031	distinct	concurrent	2	-	2026090903	none
run-002965	fresh-0031	colliding	concurrent	2	-	2026090901	none
run-002966	fresh-0031	colliding	concurrent	2	-	2026090902	none
run-002967	fresh-0031	colliding	concurrent	2	-	2026090903	none
run-002968	fresh-0031	distinct	concurrent	4	-	2026090901	none
run-002969	fresh-0031	distinct	concurrent	4	-	2026090902	none
run-002970	fresh-0031	distinct	concurrent	4	-	2026090903	none
run-002971	fresh-0031	colliding	concurrent	4	-	2026090901	none
run-002972	fresh-0031	colliding	concurrent	4	-	2026090902	none
run-002973	fresh-0031	colliding	concurrent	4	-	2026090903	none
run-002974	fresh-0031	distinct	concurrent	8	-	2026090901	none
run-002975	fresh-0031	distinct	concurrent	8	-	2026090902	none
run-002976	fresh-0031	distinct	concurrent	8	-	2026090903	none
run-002977	fresh-0031	colliding	concurrent	8	-	2026090901	none
run-002978	fresh-0031	colliding	concurrent	8	-	2026090902	none
run-002979	fresh-0031	colliding	concurrent	8	-	2026090903	none
run-002980	observed-two-job-gap	distinct	replay	0	SS	0	none
run-002981	observed-two-job-gap	colliding	replay	0	SS	0	none
run-002982	observed-two-job-gap	distinct	replay	1	S	0	none
run-002983	observed-two-job-gap	distinct	replay	1	FS	0	none
run-002984	observed-two-job-gap	colliding	replay	1	S	0	none
run-002985	observed-two-job-gap	colliding	replay	1	FS	0	none
run-002986	observed-two-job-gap	distinct	replay	2	-	0	none
run-002987	observed-two-job-gap	colliding	replay	2	-	0	none
run-002988	observed-two-job-gap	distinct	replay	3	-	0	none
run-002989	observed-two-job-gap	colliding	replay	3	-	0	none
run-002990	observed-two-job-gap	distinct	replay	4	-	0	none
run-002991	observed-two-job-gap	colliding	replay	4	-	0	none
run-002992	observed-two-job-gap	distinct	concurrent	1	-	2026090901	none
run-002993	observed-two-job-gap	distinct	concurrent	1	-	2026090902	none
run-002994	observed-two-job-gap	distinct	concurrent	1	-	2026090903	none
run-002995	observed-two-job-gap	colliding	concurrent	1	-	2026090901	none
run-002996	observed-two-job-gap	colliding	concurrent	1	-	2026090902	none
run-002997	observed-two-job-gap	colliding	concurrent	1	-	2026090903	none
run-002998	observed-two-job-gap	distinct	concurrent	2	-	2026090901	none
run-002999	observed-two-job-gap	distinct	concurrent	2	-	2026090902	none
run-003000	observed-two-job-gap	distinct	concurrent	2	-	2026090903	none
run-003001	observed-two-job-gap	colliding	concurrent	2	-	2026090901	none
run-003002	observed-two-job-gap	colliding	concurrent	2	-	2026090902	none
run-003003	observed-two-job-gap	colliding	concurrent	2	-	2026090903	none
run-003004	observed-two-job-gap	distinct	concurrent	4	-	2026090901	none
run-003005	observed-two-job-gap	distinct	concurrent	4	-	2026090902	none
run-003006	observed-two-job-gap	distinct	concurrent	4	-	2026090903	none
run-003007	observed-two-job-gap	colliding	concurrent	4	-	2026090901	none
run-003008	observed-two-job-gap	colliding	concurrent	4	-	2026090902	none
run-003009	observed-two-job-gap	colliding	concurrent	4	-	2026090903	none
run-003010	observed-two-job-gap	distinct	concurrent	8	-	2026090901	none
run-003011	observed-two-job-gap	distinct	concurrent	8	-	2026090902	none
run-003012	observed-two-job-gap	distinct	concurrent	8	-	2026090903	none
run-003013	observed-two-job-gap	colliding	concurrent	8	-	2026090901	none
run-003014	observed-two-job-gap	colliding	concurrent	8	-	2026090902	none
run-003015	observed-two-job-gap	colliding	concurrent	8	-	2026090903	none
run-003016	published-four-job-zero-fee	distinct	replay	0	SSSS	0	none
run-003017	published-four-job-zero-fee	colliding	replay	0	SSSS	0	none
run-003018	published-four-job-zero-fee	distinct	replay	1	SSS	0	none
run-003019	published-four-job-zero-fee	distinct	replay	1	SSFS	0	none
run-003020	published-four-job-zero-fee	distinct	replay	1	SFSSS	0	none
run-003021	published-four-job-zero-fee	distinct	replay	1	FSSS	0	none
run-003022	published-four-job-zero-fee	colliding	replay	1	SSS	0	none
run-003023	published-four-job-zero-fee	colliding	replay	1	SSFS	0	none
run-003024	published-four-job-zero-fee	colliding	replay	1	SFSSS	0	none
run-003025	published-four-job-zero-fee	colliding	replay	1	FSSS	0	none
run-003026	published-four-job-zero-fee	distinct	replay	2	SS	0	none
run-003027	published-four-job-zero-fee	distinct	replay	2	SFSS	0	none
run-003028	published-four-job-zero-fee	distinct	replay	2	SFSFS	0	none
run-003029	published-four-job-zero-fee	distinct	replay	2	SFFSS	0	none
run-003030	published-four-job-zero-fee	distinct	replay	2	FSSS	0	none
run-003031	published-four-job-zero-fee	distinct	replay	2	FSSFS	0	none
run-003032	published-four-job-zero-fee	distinct	replay	2	FSFSSS	0	none
run-003033	published-four-job-zero-fee	distinct	replay	2	FFSSS	0	none
run-003034	published-four-job-zero-fee	colliding	replay	2	SS	0	none
run-003035	published-four-job-zero-fee	colliding	replay	2	SFSS	0	none
run-003036	published-four-job-zero-fee	colliding	replay	2	SFSFS	0	none
run-003037	published-four-job-zero-fee	colliding	replay	2	SFFSS	0	none
run-003038	published-four-job-zero-fee	colliding	replay	2	FSSS	0	none
run-003039	published-four-job-zero-fee	colliding	replay	2	FSSFS	0	none
run-003040	published-four-job-zero-fee	colliding	replay	2	FSFSSS	0	none
run-003041	published-four-job-zero-fee	colliding	replay	2	FFSSS	0	none
run-003042	published-four-job-zero-fee	distinct	replay	3	SS	0	none
run-003043	published-four-job-zero-fee	distinct	replay	3	SFS	0	none
run-003044	published-four-job-zero-fee	distinct	replay	3	SFFSS	0	none
run-003045	published-four-job-zero-fee	distinct	replay	3	SFFSFS	0	none
run-003046	published-four-job-zero-fee	distinct	replay	3	SFFFSS	0	none
run-003047	published-four-job-zero-fee	distinct	replay	3	FSS	0	none
run-003048	published-four-job-zero-fee	distinct	replay	3	FSFSS	0	none
run-003049	published-four-job-zero-fee	distinct	replay	3	FSFSFS	0	none
run-003050	published-four-job-zero-fee	distinct	replay	3	FSFFSS	0	none
run-003051	published-four-job-zero-fee	distinct	replay	3	FFSSS	0	none
run-003052	published-four-job-zero-fee	distinct	replay	3	FFSSFS	0	none
run-003053	published-four-job-zero-fee	distinct	replay	3	FFSFSSS	0	none
run-003054	published-four-job-zero-fee	distinct	replay	3	FFFSSS	0	none
run-003055	published-four-job-zero-fee	colliding	replay	3	SS	0	none
run-003056	published-four-job-zero-fee	colliding	replay	3	SFS	0	none
run-003057	published-four-job-zero-fee	colliding	replay	3	SFFSS	0	none
run-003058	published-four-job-zero-fee	colliding	replay	3	SFFSFS	0	none
run-003059	published-four-job-zero-fee	colliding	replay	3	SFFFSS	0	none
run-003060	published-four-job-zero-fee	colliding	replay	3	FSS	0	none
run-003061	published-four-job-zero-fee	colliding	replay	3	FSFSS	0	none
run-003062	published-four-job-zero-fee	colliding	replay	3	FSFSFS	0	none
run-003063	published-four-job-zero-fee	colliding	replay	3	FSFFSS	0	none
run-003064	published-four-job-zero-fee	colliding	replay	3	FFSSS	0	none
run-003065	published-four-job-zero-fee	colliding	replay	3	FFSSFS	0	none
run-003066	published-four-job-zero-fee	colliding	replay	3	FFSFSSS	0	none
run-003067	published-four-job-zero-fee	colliding	replay	3	FFFSSS	0	none
run-003068	published-four-job-zero-fee	distinct	replay	4	-	0	none
run-003069	published-four-job-zero-fee	colliding	replay	4	-	0	none
run-003070	published-four-job-zero-fee	distinct	concurrent	1	-	2026090901	none
run-003071	published-four-job-zero-fee	distinct	concurrent	1	-	2026090902	none
run-003072	published-four-job-zero-fee	distinct	concurrent	1	-	2026090903	none
run-003073	published-four-job-zero-fee	colliding	concurrent	1	-	2026090901	none
run-003074	published-four-job-zero-fee	colliding	concurrent	1	-	2026090902	none
run-003075	published-four-job-zero-fee	colliding	concurrent	1	-	2026090903	none
run-003076	published-four-job-zero-fee	distinct	concurrent	2	-	2026090901	none
run-003077	published-four-job-zero-fee	distinct	concurrent	2	-	2026090902	none
run-003078	published-four-job-zero-fee	distinct	concurrent	2	-	2026090903	none
run-003079	published-four-job-zero-fee	colliding	concurrent	2	-	2026090901	none
run-003080	published-four-job-zero-fee	colliding	concurrent	2	-	2026090902	none
run-003081	published-four-job-zero-fee	colliding	concurrent	2	-	2026090903	none
run-003082	published-four-job-zero-fee	distinct	concurrent	4	-	2026090901	none
run-003083	published-four-job-zero-fee	distinct	concurrent	4	-	2026090902	none
run-003084	published-four-job-zero-fee	distinct	concurrent	4	-	2026090903	none
run-003085	published-four-job-zero-fee	colliding	concurrent	4	-	2026090901	none
run-003086	published-four-job-zero-fee	colliding	concurrent	4	-	2026090902	none
run-003087	published-four-job-zero-fee	colliding	concurrent	4	-	2026090903	none
run-003088	published-four-job-zero-fee	distinct	concurrent	8	-	2026090901	none
run-003089	published-four-job-zero-fee	distinct	concurrent	8	-	2026090902	none
run-003090	published-four-job-zero-fee	distinct	concurrent	8	-	2026090903	none
run-003091	published-four-job-zero-fee	colliding	concurrent	8	-	2026090901	none
run-003092	published-four-job-zero-fee	colliding	concurrent	8	-	2026090902	none
run-003093	published-four-job-zero-fee	colliding	concurrent	8	-	2026090903	none
run-003094	native-parent-control	colliding	postwrite	1	SS	0	none
run-003095	native-parent-control	colliding	postwrite	1	SS	0	live_parent
run-003096	native-fee-control	distinct	replay	1	S	0	none
run-003097	native-fee-control	distinct	replay	1	S	0	skip_conditional_fee
