model,target,requirement,kind,monitor_states,monitor_nonerror_states,fluent_count,fluent_names,initializer_mode,boundary_state_after_hotSwapIn,method,export_source,fluent_determined,initializer_matches,exact_residual_certified,product_states,product_edges,reachable_error_pairs,conflicting_valuations,frontend_fluent_extraction_matches_reference,conflict_witness,boundary_witness,status,note,a_status,a_exact_sufficient,a_safe_language_determined,a_frontend_observers_match,a_frontend_rule_matches,a_safe_product_states,a_safe_valuations,a_error_frontier_valuations,a_reconstructed_nonerror_lookup_entries,a_reconstructed_error_lookup_entries,a_reconstructed_lookup,a_language_conflict,a_actual_safe_history_nonempty,a_lookup_evidence,a_note,e_status,e_exact_sufficient,rs_A_exact,rs_E_exact,rs_A_witness,rs_A_note,rs_E_note,rs_E_witness,e_entry_valuations,e_observer_product_states,e_post_entry_observers_synchronize,e_compiled_boundary_matches,e_compiled_boundary_language_matches,e_post_entry_observer_difference,e_reference_language_available,e_boundary_distinguishing_suffix,e_note,rs_E_ah_exact,rs_E_ah_basis,rs_E_ah_update_only,rs_E_ah_referenced_labels,rs_E_ah_excluded_observers,rs_E_ah_boundary_matches,rs_E_ah_boundary_check,rs_E_ah_note
gsm,base,P_NEW_DECODE,new,2,1,1,decode[2],fluent_lookup_nonerror_entries,0,compiled actual monitor plus independent free-product BFS including absorbing ERROR,gsm.json,False,False,False,3,45,2,1,True,"{""fluent_values"":[false],""histories"":[[],[""decode.2"",""decode.3""]],""monitor_states"":[0,-1]}","{""constant_initializer"":0,""history"":[""decode.2"",""hotSwapIn""],""history_monitor_state"":-1}",RS_UNTESTED,Free-product sufficient condition failed; this is not a plant-reachable RS counterexample.,EXACT_ON_NONEMPTY_SAFE_ACTIVATION_DOMAIN,True,True,True,True,6,1,1,1,1,"[{""values"":[false],""state"":0}]",[],NOT_CHECKED_WITHOUT_PLANT,source-rule reconstruction; runtime lookup table not exported,"Sufficient only on actual non-error activation entries with nonempty safe-history set; empty safe-history intersections are universal, so inclusion alone is automatic. Full continuation-language equivalence is stronger than one-shot equivalence.",NOT_APPLICABLE,NOT_APPLICABLE,True,NOT_APPLICABLE,[],"Sufficient only on actual non-error activation entries with nonempty safe-history set; empty safe-history intersections are universal, so inclusion alone is automatic. Full continuation-language equivalence is stronger than one-shot equivalence.",NOT_APPLICABLE,NOT_APPLICABLE,,,,,,,,,,NOT_APPLICABLE,NOT_APPLICABLE,NOT_APPLICABLE,NOT_APPLICABLE,NOT_APPLICABLE,NOT_APPLICABLE,NOT_APPLICABLE,NOT_APPLICABLE
gsm,r1,P_NEW_DECODE,new,2,1,1,decode[2],fluent_lookup_nonerror_entries,0,compiled actual monitor plus independent free-product BFS including absorbing ERROR,gsm.json,False,False,False,3,45,2,1,True,"{""fluent_values"":[false],""histories"":[[],[""decode.2"",""decode.3""]],""monitor_states"":[0,-1]}","{""constant_initializer"":0,""history"":[""decode.2"",""hotSwapIn""],""history_monitor_state"":-1}",RS_UNTESTED,Free-product sufficient condition failed; this is not a plant-reachable RS counterexample.,EXACT_ON_NONEMPTY_SAFE_ACTIVATION_DOMAIN,True,True,True,True,6,1,1,1,1,"[{""values"":[false],""state"":0}]",[],NOT_CHECKED_WITHOUT_PLANT,source-rule reconstruction; runtime lookup table not exported,"Sufficient only on actual non-error activation entries with nonempty safe-history set; empty safe-history intersections are universal, so inclusion alone is automatic. Full continuation-language equivalence is stronger than one-shot equivalence.",NOT_APPLICABLE,NOT_APPLICABLE,True,NOT_APPLICABLE,[],"Sufficient only on actual non-error activation entries with nonempty safe-history set; empty safe-history intersections are universal, so inclusion alone is automatic. Full continuation-language equivalence is stronger than one-shot equivalence.",NOT_APPLICABLE,NOT_APPLICABLE,,,,,,,,,,NOT_APPLICABLE,NOT_APPLICABLE,NOT_APPLICABLE,NOT_APPLICABLE,NOT_APPLICABLE,NOT_APPLICABLE,NOT_APPLICABLE,NOT_APPLICABLE
gsm,r1,R1_OTF_P_NEW_DECODE,upd,3,2,2,"AfterStopBeforeStart_P_NEW_DECODE;{decode[2..3], {encode, output, receive, send, shiftT, shiftX, shiftY, shiftZ}}",constant_after_hotSwapIn,0,compiled actual monitor plus independent free-product BFS including absorbing ERROR,gsm.json,False,False,False,7,105,4,3,NOT_USED_FOR_UPD,"{""fluent_values"":[true,false],""histories"":[[""stopOldSpec_P_DECODE""],[""stopOldSpec_P_DECODE"",""decode.2"",""hotSwapIn""]],""monitor_states"":[1,-1]}","{""constant_initializer"":0,""history"":[""stopOldSpec_P_DECODE"",""hotSwapIn""],""history_monitor_state"":1}",RS_UNTESTED,Free-product sufficient condition failed; this is not a plant-reachable RS counterexample.,NOT_APPLICABLE,NOT_APPLICABLE,,,,,,,,,,,,,,UNVERIFIED_ENTRY_VALUATION_LANGUAGE,False,NOT_APPLICABLE,False,NOT_APPLICABLE,NOT_APPLICABLE,"All one-shot free pre-entry observer valuations enumerated. Observer synchronization and compiled-reset consistency are diagnostics; saved DFA does not expose a valuation-parameterized semantic initializer, so E exactness is unverified.","[{""pre_entry_history"":[""stopOldSpec_P_DECODE""],""entry_values"":[true,false],""post_entry_values"":[true,false],""canonical_post_entry_values"":[false,false],""kind"":""observer_difference_not_language_counterexample""}]",4,30,False,True,True,"[{""pre_entry_history"":[""stopOldSpec_P_DECODE""],""entry_values"":[true,false],""post_entry_values"":[true,false],""canonical_post_entry_values"":[false,false],""kind"":""observer_difference_not_language_counterexample""}]",False,null,"All one-shot free pre-entry observer valuations enumerated. Observer synchronization and compiled-reset consistency are diagnostics; saved DFA does not expose a valuation-parameterized semantic initializer, so E exactness is unverified.",False,UNVERIFIED_OUTSIDE_E_PRIME_SUFFICIENT_CONDITION,False,"[""*"",""decode.2"",""decode.3"",""encode"",""output"",""receive"",""send"",""shiftT"",""shiftX"",""shiftY"",""shiftZ"",""startNewSpec_P_NEW_DECODE"",""stopOldSpec_P_DECODE""]","[{""initiating"":[""decode.2"",""decode.3"",""encode"",""output"",""receive"",""send"",""shiftT"",""shiftX"",""shiftY"",""shiftZ""],""kind"":""event_predicate"",""name"":""{decode[2..3], {encode, output, receive, send, shiftT, shiftX, shiftY, shiftZ}}"",""reasons"":[""not_a_declared_fluent"",""non_update_initiating_label"",""non_update_terminating_label""],""terminating"":[""*""]}]",True,"{""computed_boundary"":0,""error"":"""",""initializer_mode"":""constant_after_hotSwapIn"",""monitor_initial"":0,""saved_boundary"":0}","The E-prime sufficient condition is not established. Event predicates or plant-fluent values can depend on pre-entry ordinary history; their valuation-parameterized reference languages remain unavailable. This is unverified, not a language counterexample; boundary diagnostics are reported separately."
gsm,r2,P_NEW_DECODE,new,2,1,1,decode[2],fluent_lookup_nonerror_entries,0,compiled actual monitor plus independent free-product BFS including absorbing ERROR,gsm.json,False,False,False,3,45,2,1,True,"{""fluent_values"":[false],""histories"":[[],[""decode.2"",""decode.3""]],""monitor_states"":[0,-1]}","{""constant_initializer"":0,""history"":[""decode.2"",""hotSwapIn""],""history_monitor_state"":-1}",RS_UNTESTED,Free-product sufficient condition failed; this is not a plant-reachable RS counterexample.,EXACT_ON_NONEMPTY_SAFE_ACTIVATION_DOMAIN,True,True,True,True,6,1,1,1,1,"[{""values"":[false],""state"":0}]",[],NOT_CHECKED_WITHOUT_PLANT,source-rule reconstruction; runtime lookup table not exported,"Sufficient only on actual non-error activation entries with nonempty safe-history set; empty safe-history intersections are universal, so inclusion alone is automatic. Full continuation-language equivalence is stronger than one-shot equivalence.",NOT_APPLICABLE,NOT_APPLICABLE,True,NOT_APPLICABLE,[],"Sufficient only on actual non-error activation entries with nonempty safe-history set; empty safe-history intersections are universal, so inclusion alone is automatic. Full continuation-language equivalence is stronger than one-shot equivalence.",NOT_APPLICABLE,NOT_APPLICABLE,,,,,,,,,,NOT_APPLICABLE,NOT_APPLICABLE,NOT_APPLICABLE,NOT_APPLICABLE,NOT_APPLICABLE,NOT_APPLICABLE,NOT_APPLICABLE,NOT_APPLICABLE
gsm,r2,R2_StopOldSpec_P_DECODE,upd,3,2,2,Pending_StopOldSpec_P_DECODE;Pending_Reconfigure_ENV,constant_after_hotSwapIn,1,compiled actual monitor plus independent free-product BFS including absorbing ERROR,gsm.json,False,False,False,7,105,4,3,NOT_USED_FOR_UPD,"{""fluent_values"":[true,true],""histories"":[[""hotSwapIn""],[""hotSwapIn"",""reconfigure_ENV"",""hotSwapIn""]],""monitor_states"":[1,-1]}","{""constant_initializer"":1,""history"":[""hotSwapIn"",""reconfigure_ENV"",""hotSwapIn""],""history_monitor_state"":-1}",RS_UNTESTED,Free-product sufficient condition failed; this is not a plant-reachable RS counterexample.,NOT_APPLICABLE,NOT_APPLICABLE,,,,,,,,,,,,,,UNVERIFIED_ENTRY_VALUATION_LANGUAGE,False,NOT_APPLICABLE,False,NOT_APPLICABLE,NOT_APPLICABLE,"All one-shot free pre-entry observer valuations enumerated. Observer synchronization and compiled-reset consistency are diagnostics; saved DFA does not expose a valuation-parameterized semantic initializer, so E exactness is unverified.","[{""kind"":""missing_reference_language"",""reason"":""Compiled-reset and observer synchronization do not provide a valuation-parameterized semantic initializer.""}]",1,4,True,True,True,[],False,null,"All one-shot free pre-entry observer valuations enumerated. Observer synchronization and compiled-reset consistency are diagnostics; saved DFA does not expose a valuation-parameterized semantic initializer, so E exactness is unverified.",True,LEMMA_E_PRIME,True,"[""hotSwapIn"",""reconfigure_ENV"",""stopOldSpec_P_DECODE""]",[],True,"{""computed_boundary"":1,""error"":"""",""initializer_mode"":""constant_after_hotSwapIn"",""monitor_initial"":0,""saved_boundary"":1}","Lemma E-prime: every referenced observer is a declared fluent affected only by recognized update labels. No update label occurs before entry, so every entry has the declared initial valuation; the non-error constant initializer equals monitor state 0 after one hotSwapIn. Exact under the stated entry-scoped interpretation."
gsm,r2,R2_StartNewSpec_P_NEW_DECODE,upd,3,2,2,Pending_StartNewSpec_P_NEW_DECODE;Pending_Reconfigure_ENV,constant_after_hotSwapIn,1,compiled actual monitor plus independent free-product BFS including absorbing ERROR,gsm.json,False,False,False,7,105,4,3,NOT_USED_FOR_UPD,"{""fluent_values"":[true,true],""histories"":[[""hotSwapIn""],[""hotSwapIn"",""reconfigure_ENV"",""hotSwapIn""]],""monitor_states"":[1,-1]}","{""constant_initializer"":1,""history"":[""hotSwapIn"",""reconfigure_ENV"",""hotSwapIn""],""history_monitor_state"":-1}",RS_UNTESTED,Free-product sufficient condition failed; this is not a plant-reachable RS counterexample.,NOT_APPLICABLE,NOT_APPLICABLE,,,,,,,,,,,,,,UNVERIFIED_ENTRY_VALUATION_LANGUAGE,False,NOT_APPLICABLE,False,NOT_APPLICABLE,NOT_APPLICABLE,"All one-shot free pre-entry observer valuations enumerated. Observer synchronization and compiled-reset consistency are diagnostics; saved DFA does not expose a valuation-parameterized semantic initializer, so E exactness is unverified.","[{""kind"":""missing_reference_language"",""reason"":""Compiled-reset and observer synchronization do not provide a valuation-parameterized semantic initializer.""}]",1,4,True,True,True,[],False,null,"All one-shot free pre-entry observer valuations enumerated. Observer synchronization and compiled-reset consistency are diagnostics; saved DFA does not expose a valuation-parameterized semantic initializer, so E exactness is unverified.",True,LEMMA_E_PRIME,True,"[""hotSwapIn"",""reconfigure_ENV"",""startNewSpec_P_NEW_DECODE""]",[],True,"{""computed_boundary"":1,""error"":"""",""initializer_mode"":""constant_after_hotSwapIn"",""monitor_initial"":0,""saved_boundary"":1}","Lemma E-prime: every referenced observer is a declared fluent affected only by recognized update labels. No update label occurs before entry, so every entry has the declared initial valuation; the non-error constant initializer equals monitor state 0 after one hotSwapIn. Exact under the stated entry-scoped interpretation."
industry,base,P_NEW_TOR_POLICY,new,3,2,2,validateGF1;NewTORDone,fluent_lookup_nonerror_entries,0,compiled actual monitor plus independent free-product BFS including absorbing ERROR,industry.json,False,False,False,7,154,4,3,True,"{""fluent_values"":[false,false],""histories"":[[],[""validateGF1"",""adjustGF1""]],""monitor_states"":[0,-1]}","{""constant_initializer"":0,""history"":[""readyTOR"",""hotSwapIn""],""history_monitor_state"":1}",RS_UNTESTED,Free-product sufficient condition failed; this is not a plant-reachable RS counterexample.,EXACT_ON_NONEMPTY_SAFE_ACTIVATION_DOMAIN,True,True,True,True,36,3,1,3,1,"[{""values"":[false,false],""state"":0},{""values"":[false,true],""state"":1},{""values"":[true,true],""state"":1}]",[],NOT_CHECKED_WITHOUT_PLANT,source-rule reconstruction; runtime lookup table not exported,"Sufficient only on actual non-error activation entries with nonempty safe-history set; empty safe-history intersections are universal, so inclusion alone is automatic. Full continuation-language equivalence is stronger than one-shot equivalence.",NOT_APPLICABLE,NOT_APPLICABLE,True,NOT_APPLICABLE,[],"Sufficient only on actual non-error activation entries with nonempty safe-history set; empty safe-history intersections are universal, so inclusion alone is automatic. Full continuation-language equivalence is stronger than one-shot equivalence.",NOT_APPLICABLE,NOT_APPLICABLE,,,,,,,,,,NOT_APPLICABLE,NOT_APPLICABLE,NOT_APPLICABLE,NOT_APPLICABLE,NOT_APPLICABLE,NOT_APPLICABLE,NOT_APPLICABLE,NOT_APPLICABLE
industry,base,P_NEW_DSD1_POLICY,new,3,2,3,validateTOR;validateGF1;DSD1Done,fluent_lookup_nonerror_entries,0,compiled actual monitor plus independent free-product BFS including absorbing ERROR,industry.json,False,False,False,10,220,6,4,True,"{""fluent_values"":[false,false,false],""histories"":[[],[""validateGF1"",""adjustGF1""]],""monitor_states"":[0,-1]}","{""constant_initializer"":0,""history"":[""readyDSD1"",""hotSwapIn""],""history_monitor_state"":1}",RS_UNTESTED,Free-product sufficient condition failed; this is not a plant-reachable RS counterexample.,EXACT_ON_NONEMPTY_SAFE_ACTIVATION_DOMAIN,True,True,True,True,48,4,2,4,2,"[{""values"":[false,false,false],""state"":0},{""values"":[false,false,true],""state"":1},{""values"":[false,true,true],""state"":1},{""values"":[true,false,true],""state"":1}]",[],NOT_CHECKED_WITHOUT_PLANT,source-rule reconstruction; runtime lookup table not exported,"Sufficient only on actual non-error activation entries with nonempty safe-history set; empty safe-history intersections are universal, so inclusion alone is automatic. Full continuation-language equivalence is stronger than one-shot equivalence.",NOT_APPLICABLE,NOT_APPLICABLE,True,NOT_APPLICABLE,[],"Sufficient only on actual non-error activation entries with nonempty safe-history set; empty safe-history intersections are universal, so inclusion alone is automatic. Full continuation-language equivalence is stronger than one-shot equivalence.",NOT_APPLICABLE,NOT_APPLICABLE,,,,,,,,,,NOT_APPLICABLE,NOT_APPLICABLE,NOT_APPLICABLE,NOT_APPLICABLE,NOT_APPLICABLE,NOT_APPLICABLE,NOT_APPLICABLE,NOT_APPLICABLE
industry,base,P_NEW_DO_NOT_SEND_TWICE,new,5,4,6,NewTORDone;validateTOR;DSD1Done;validateDSD1;Finished;validateGF1,fluent_lookup_nonerror_entries,0,compiled actual monitor plus independent free-product BFS including absorbing ERROR,industry.json,False,False,False,36,792,20,16,True,"{""fluent_values"":[false,false,false,false,false,false],""histories"":[[],[""readyDSD1"",""validateDSD1"",""adjustGF1""]],""monitor_states"":[0,-1]}","{""constant_initializer"":0,""history"":[""readyDSD1"",""hotSwapIn""],""history_monitor_state"":2}",RS_UNTESTED,Free-product sufficient condition failed; this is not a plant-reachable RS counterexample.,EXACT_ON_NONEMPTY_SAFE_ACTIVATION_DOMAIN,True,True,True,True,192,16,4,16,4,"[{""values"":[false,false,false,false,false,false],""state"":0},{""values"":[false,false,false,false,false,true],""state"":0},{""values"":[false,false,false,false,true,false],""state"":0},{""values"":[false,false,false,true,false,false],""state"":0},{""values"":[false,false,true,false,false,false],""state"":2},{""values"":[false,false,true,false,false,true],""state"":2},{""values"":[false,false,true,false,true,false],""state"":2},{""values"":[false,true,false,false,false,false],""state"":0},{""values"":[false,true,true,false,false,false],""state"":2},{""values"":[true,false,false,false,false,false],""state"":1},{""values"":[true,false,false,false,false,true],""state"":1},{""values"":[true,false,false,false,true,false],""state"":1},{""values"":[true,false,false,true,false,false],""state"":1},{""values"":[true,false,true,false,false,false],""state"":3},{""values"":[true,false,true,false,false,true],""state"":3},{""values"":[true,false,true,false,true,false],""state"":3}]",[],NOT_CHECKED_WITHOUT_PLANT,source-rule reconstruction; runtime lookup table not exported,"Sufficient only on actual non-error activation entries with nonempty safe-history set; empty safe-history intersections are universal, so inclusion alone is automatic. Full continuation-language equivalence is stronger than one-shot equivalence.",NOT_APPLICABLE,NOT_APPLICABLE,True,NOT_APPLICABLE,[],"Sufficient only on actual non-error activation entries with nonempty safe-history set; empty safe-history intersections are universal, so inclusion alone is automatic. Full continuation-language equivalence is stronger than one-shot equivalence.",NOT_APPLICABLE,NOT_APPLICABLE,,,,,,,,,,NOT_APPLICABLE,NOT_APPLICABLE,NOT_APPLICABLE,NOT_APPLICABLE,NOT_APPLICABLE,NOT_APPLICABLE,NOT_APPLICABLE,NOT_APPLICABLE
industry,r1,P_NEW_TOR_POLICY,new,3,2,2,validateGF1;NewTORDone,fluent_lookup_nonerror_entries,0,compiled actual monitor plus independent free-product BFS including absorbing ERROR,industry.json,False,False,False,7,154,4,3,True,"{""fluent_values"":[false,false],""histories"":[[],[""validateGF1"",""adjustGF1""]],""monitor_states"":[0,-1]}","{""constant_initializer"":0,""history"":[""readyTOR"",""hotSwapIn""],""history_monitor_state"":1}",RS_UNTESTED,Free-product sufficient condition failed; this is not a plant-reachable RS counterexample.,EXACT_ON_NONEMPTY_SAFE_ACTIVATION_DOMAIN,True,True,True,True,36,3,1,3,1,"[{""values"":[false,false],""state"":0},{""values"":[false,true],""state"":1},{""values"":[true,true],""state"":1}]",[],NOT_CHECKED_WITHOUT_PLANT,source-rule reconstruction; runtime lookup table not exported,"Sufficient only on actual non-error activation entries with nonempty safe-history set; empty safe-history intersections are universal, so inclusion alone is automatic. Full continuation-language equivalence is stronger than one-shot equivalence.",NOT_APPLICABLE,NOT_APPLICABLE,True,NOT_APPLICABLE,[],"Sufficient only on actual non-error activation entries with nonempty safe-history set; empty safe-history intersections are universal, so inclusion alone is automatic. Full continuation-language equivalence is stronger than one-shot equivalence.",NOT_APPLICABLE,NOT_APPLICABLE,,,,,,,,,,NOT_APPLICABLE,NOT_APPLICABLE,NOT_APPLICABLE,NOT_APPLICABLE,NOT_APPLICABLE,NOT_APPLICABLE,NOT_APPLICABLE,NOT_APPLICABLE
industry,r1,P_NEW_DSD1_POLICY,new,3,2,3,validateTOR;validateGF1;DSD1Done,fluent_lookup_nonerror_entries,0,compiled actual monitor plus independent free-product BFS including absorbing ERROR,industry.json,False,False,False,10,220,6,4,True,"{""fluent_values"":[false,false,false],""histories"":[[],[""validateGF1"",""adjustGF1""]],""monitor_states"":[0,-1]}","{""constant_initializer"":0,""history"":[""readyDSD1"",""hotSwapIn""],""history_monitor_state"":1}",RS_UNTESTED,Free-product sufficient condition failed; this is not a plant-reachable RS counterexample.,EXACT_ON_NONEMPTY_SAFE_ACTIVATION_DOMAIN,True,True,True,True,48,4,2,4,2,"[{""values"":[false,false,false],""state"":0},{""values"":[false,false,true],""state"":1},{""values"":[false,true,true],""state"":1},{""values"":[true,false,true],""state"":1}]",[],NOT_CHECKED_WITHOUT_PLANT,source-rule reconstruction; runtime lookup table not exported,"Sufficient only on actual non-error activation entries with nonempty safe-history set; empty safe-history intersections are universal, so inclusion alone is automatic. Full continuation-language equivalence is stronger than one-shot equivalence.",NOT_APPLICABLE,NOT_APPLICABLE,True,NOT_APPLICABLE,[],"Sufficient only on actual non-error activation entries with nonempty safe-history set; empty safe-history intersections are universal, so inclusion alone is automatic. Full continuation-language equivalence is stronger than one-shot equivalence.",NOT_APPLICABLE,NOT_APPLICABLE,,,,,,,,,,NOT_APPLICABLE,NOT_APPLICABLE,NOT_APPLICABLE,NOT_APPLICABLE,NOT_APPLICABLE,NOT_APPLICABLE,NOT_APPLICABLE,NOT_APPLICABLE
industry,r1,P_NEW_DO_NOT_SEND_TWICE,new,5,4,6,NewTORDone;validateTOR;DSD1Done;validateDSD1;Finished;validateGF1,fluent_lookup_nonerror_entries,0,compiled actual monitor plus independent free-product BFS including absorbing ERROR,industry.json,False,False,False,36,792,20,16,True,"{""fluent_values"":[false,false,false,false,false,false],""histories"":[[],[""readyDSD1"",""validateDSD1"",""adjustGF1""]],""monitor_states"":[0,-1]}","{""constant_initializer"":0,""history"":[""readyDSD1"",""hotSwapIn""],""history_monitor_state"":2}",RS_UNTESTED,Free-product sufficient condition failed; this is not a plant-reachable RS counterexample.,EXACT_ON_NONEMPTY_SAFE_ACTIVATION_DOMAIN,True,True,True,True,192,16,4,16,4,"[{""values"":[false,false,false,false,false,false],""state"":0},{""values"":[false,false,false,false,false,true],""state"":0},{""values"":[false,false,false,false,true,false],""state"":0},{""values"":[false,false,false,true,false,false],""state"":0},{""values"":[false,false,true,false,false,false],""state"":2},{""values"":[false,false,true,false,false,true],""state"":2},{""values"":[false,false,true,false,true,false],""state"":2},{""values"":[false,true,false,false,false,false],""state"":0},{""values"":[false,true,true,false,false,false],""state"":2},{""values"":[true,false,false,false,false,false],""state"":1},{""values"":[true,false,false,false,false,true],""state"":1},{""values"":[true,false,false,false,true,false],""state"":1},{""values"":[true,false,false,true,false,false],""state"":1},{""values"":[true,false,true,false,false,false],""state"":3},{""values"":[true,false,true,false,false,true],""state"":3},{""values"":[true,false,true,false,true,false],""state"":3}]",[],NOT_CHECKED_WITHOUT_PLANT,source-rule reconstruction; runtime lookup table not exported,"Sufficient only on actual non-error activation entries with nonempty safe-history set; empty safe-history intersections are universal, so inclusion alone is automatic. Full continuation-language equivalence is stronger than one-shot equivalence.",NOT_APPLICABLE,NOT_APPLICABLE,True,NOT_APPLICABLE,[],"Sufficient only on actual non-error activation entries with nonempty safe-history set; empty safe-history intersections are universal, so inclusion alone is automatic. Full continuation-language equivalence is stronger than one-shot equivalence.",NOT_APPLICABLE,NOT_APPLICABLE,,,,,,,,,,NOT_APPLICABLE,NOT_APPLICABLE,NOT_APPLICABLE,NOT_APPLICABLE,NOT_APPLICABLE,NOT_APPLICABLE,NOT_APPLICABLE,NOT_APPLICABLE
industry,r1,R1_P_NEW_TOR_POLICY,upd,3,2,9,AfterStopBeforeStart_P_NEW_TOR_POLICY;validateTOR;validateDSD1;validateQA;validateGF1;reviewTOR;reviewDSD1;readyTOR;readyDSD1,constant_after_hotSwapIn,0,compiled actual monitor plus independent free-product BFS including absorbing ERROR,industry.json,False,False,False,28,616,18,10,NOT_USED_FOR_UPD,"{""fluent_values"":[true,false,false,false,false,false,false,false,false],""histories"":[[""stopOldSpec_P_DO_NOT_SEND_TWICE""],[""stopOldSpec_P_DO_NOT_SEND_TWICE"",""readyDSD1"",""adjustGF1""]],""monitor_states"":[1,-1]}","{""constant_initializer"":0,""history"":[""stopOldSpec_P_DO_NOT_SEND_TWICE"",""hotSwapIn""],""history_monitor_state"":1}",RS_UNTESTED,Free-product sufficient condition failed; this is not a plant-reachable RS counterexample.,NOT_APPLICABLE,NOT_APPLICABLE,,,,,,,,,,,,,,UNVERIFIED_ENTRY_VALUATION_LANGUAGE,False,NOT_APPLICABLE,False,NOT_APPLICABLE,NOT_APPLICABLE,"All one-shot free pre-entry observer valuations enumerated. Observer synchronization and compiled-reset consistency are diagnostics; saved DFA does not expose a valuation-parameterized semantic initializer, so E exactness is unverified.","[{""pre_entry_history"":[""stopOldSpec_P_DO_NOT_SEND_TWICE""],""entry_values"":[true,false,false,false,false,false,false,false,false],""post_entry_values"":[true,false,false,false,false,false,false,false,false],""canonical_post_entry_values"":[false,false,false,false,false,false,false,false,false],""kind"":""observer_difference_not_language_counterexample""}]",18,693,False,True,True,"[{""pre_entry_history"":[""stopOldSpec_P_DO_NOT_SEND_TWICE""],""entry_values"":[true,false,false,false,false,false,false,false,false],""post_entry_values"":[true,false,false,false,false,false,false,false,false],""canonical_post_entry_values"":[false,false,false,false,false,false,false,false,false],""kind"":""observer_difference_not_language_counterexample""}]",False,null,"All one-shot free pre-entry observer valuations enumerated. Observer synchronization and compiled-reset consistency are diagnostics; saved DFA does not expose a valuation-parameterized semantic initializer, so E exactness is unverified.",False,UNVERIFIED_OUTSIDE_E_PRIME_SUFFICIENT_CONDITION,False,"[""*"",""readyDSD1"",""readyTOR"",""reviewDSD1"",""reviewTOR"",""startNewSpec_P_NEW_TOR_POLICY"",""stopOldSpec_P_DO_NOT_SEND_TWICE"",""stopOldSpec_P_DSD1_POLICY"",""stopOldSpec_P_TOR_POLICY"",""validateDSD1"",""validateGF1"",""validateQA"",""validateTOR""]","[{""initiating"":[""validateTOR""],""kind"":""event_predicate"",""name"":""validateTOR"",""reasons"":[""not_a_declared_fluent"",""non_update_initiating_label"",""non_update_terminating_label""],""terminating"":[""*""]},{""initiating"":[""validateDSD1""],""kind"":""event_predicate"",""name"":""validateDSD1"",""reasons"":[""not_a_declared_fluent"",""non_update_initiating_label"",""non_update_terminating_label""],""terminating"":[""*""]},{""initiating"":[""validateQA""],""kind"":""event_predicate"",""name"":""validateQA"",""reasons"":[""not_a_declared_fluent"",""non_update_initiating_label"",""non_update_terminating_label""],""terminating"":[""*""]},{""initiating"":[""validateGF1""],""kind"":""event_predicate"",""name"":""validateGF1"",""reasons"":[""not_a_declared_fluent"",""non_update_initiating_label"",""non_update_terminating_label""],""terminating"":[""*""]},{""initiating"":[""reviewTOR""],""kind"":""event_predicate"",""name"":""reviewTOR"",""reasons"":[""not_a_declared_fluent"",""non_update_initiating_label"",""non_update_terminating_label""],""terminating"":[""*""]},{""initiating"":[""reviewDSD1""],""kind"":""event_predicate"",""name"":""reviewDSD1"",""reasons"":[""not_a_declared_fluent"",""non_update_initiating_label"",""non_update_terminating_label""],""terminating"":[""*""]},{""initiating"":[""readyTOR""],""kind"":""event_predicate"",""name"":""readyTOR"",""reasons"":[""not_a_declared_fluent"",""non_update_initiating_label"",""non_update_terminating_label""],""terminating"":[""*""]},{""initiating"":[""readyDSD1""],""kind"":""event_predicate"",""name"":""readyDSD1"",""reasons"":[""not_a_declared_fluent"",""non_update_initiating_label"",""non_update_terminating_label""],""terminating"":[""*""]}]",True,"{""computed_boundary"":0,""error"":"""",""initializer_mode"":""constant_after_hotSwapIn"",""monitor_initial"":0,""saved_boundary"":0}","The E-prime sufficient condition is not established. Event predicates or plant-fluent values can depend on pre-entry ordinary history; their valuation-parameterized reference languages remain unavailable. This is unverified, not a language counterexample; boundary diagnostics are reported separately."
industry,r1,R1_P_NEW_DSD1_POLICY,upd,3,2,9,AfterStopBeforeStart_P_NEW_DSD1_POLICY;validateTOR;validateDSD1;validateQA;validateGF1;reviewTOR;reviewDSD1;readyTOR;readyDSD1,constant_after_hotSwapIn,0,compiled actual monitor plus independent free-product BFS including absorbing ERROR,industry.json,False,False,False,28,616,18,10,NOT_USED_FOR_UPD,"{""fluent_values"":[true,false,false,false,false,false,false,false,false],""histories"":[[""stopOldSpec_P_DO_NOT_SEND_TWICE""],[""stopOldSpec_P_DO_NOT_SEND_TWICE"",""readyDSD1"",""adjustGF1""]],""monitor_states"":[1,-1]}","{""constant_initializer"":0,""history"":[""stopOldSpec_P_DO_NOT_SEND_TWICE"",""hotSwapIn""],""history_monitor_state"":1}",RS_UNTESTED,Free-product sufficient condition failed; this is not a plant-reachable RS counterexample.,NOT_APPLICABLE,NOT_APPLICABLE,,,,,,,,,,,,,,UNVERIFIED_ENTRY_VALUATION_LANGUAGE,False,NOT_APPLICABLE,False,NOT_APPLICABLE,NOT_APPLICABLE,"All one-shot free pre-entry observer valuations enumerated. Observer synchronization and compiled-reset consistency are diagnostics; saved DFA does not expose a valuation-parameterized semantic initializer, so E exactness is unverified.","[{""pre_entry_history"":[""stopOldSpec_P_DO_NOT_SEND_TWICE""],""entry_values"":[true,false,false,false,false,false,false,false,false],""post_entry_values"":[true,false,false,false,false,false,false,false,false],""canonical_post_entry_values"":[false,false,false,false,false,false,false,false,false],""kind"":""observer_difference_not_language_counterexample""}]",18,693,False,True,True,"[{""pre_entry_history"":[""stopOldSpec_P_DO_NOT_SEND_TWICE""],""entry_values"":[true,false,false,false,false,false,false,false,false],""post_entry_values"":[true,false,false,false,false,false,false,false,false],""canonical_post_entry_values"":[false,false,false,false,false,false,false,false,false],""kind"":""observer_difference_not_language_counterexample""}]",False,null,"All one-shot free pre-entry observer valuations enumerated. Observer synchronization and compiled-reset consistency are diagnostics; saved DFA does not expose a valuation-parameterized semantic initializer, so E exactness is unverified.",False,UNVERIFIED_OUTSIDE_E_PRIME_SUFFICIENT_CONDITION,False,"[""*"",""readyDSD1"",""readyTOR"",""reviewDSD1"",""reviewTOR"",""startNewSpec_P_NEW_DSD1_POLICY"",""stopOldSpec_P_DO_NOT_SEND_TWICE"",""stopOldSpec_P_DSD1_POLICY"",""stopOldSpec_P_TOR_POLICY"",""validateDSD1"",""validateGF1"",""validateQA"",""validateTOR""]","[{""initiating"":[""validateTOR""],""kind"":""event_predicate"",""name"":""validateTOR"",""reasons"":[""not_a_declared_fluent"",""non_update_initiating_label"",""non_update_terminating_label""],""terminating"":[""*""]},{""initiating"":[""validateDSD1""],""kind"":""event_predicate"",""name"":""validateDSD1"",""reasons"":[""not_a_declared_fluent"",""non_update_initiating_label"",""non_update_terminating_label""],""terminating"":[""*""]},{""initiating"":[""validateQA""],""kind"":""event_predicate"",""name"":""validateQA"",""reasons"":[""not_a_declared_fluent"",""non_update_initiating_label"",""non_update_terminating_label""],""terminating"":[""*""]},{""initiating"":[""validateGF1""],""kind"":""event_predicate"",""name"":""validateGF1"",""reasons"":[""not_a_declared_fluent"",""non_update_initiating_label"",""non_update_terminating_label""],""terminating"":[""*""]},{""initiating"":[""reviewTOR""],""kind"":""event_predicate"",""name"":""reviewTOR"",""reasons"":[""not_a_declared_fluent"",""non_update_initiating_label"",""non_update_terminating_label""],""terminating"":[""*""]},{""initiating"":[""reviewDSD1""],""kind"":""event_predicate"",""name"":""reviewDSD1"",""reasons"":[""not_a_declared_fluent"",""non_update_initiating_label"",""non_update_terminating_label""],""terminating"":[""*""]},{""initiating"":[""readyTOR""],""kind"":""event_predicate"",""name"":""readyTOR"",""reasons"":[""not_a_declared_fluent"",""non_update_initiating_label"",""non_update_terminating_label""],""terminating"":[""*""]},{""initiating"":[""readyDSD1""],""kind"":""event_predicate"",""name"":""readyDSD1"",""reasons"":[""not_a_declared_fluent"",""non_update_initiating_label"",""non_update_terminating_label""],""terminating"":[""*""]}]",True,"{""computed_boundary"":0,""error"":"""",""initializer_mode"":""constant_after_hotSwapIn"",""monitor_initial"":0,""saved_boundary"":0}","The E-prime sufficient condition is not established. Event predicates or plant-fluent values can depend on pre-entry ordinary history; their valuation-parameterized reference languages remain unavailable. This is unverified, not a language counterexample; boundary diagnostics are reported separately."
industry,r1,R1_P_NEW_DO_NOT_SEND_TWICE,upd,3,2,9,AfterStopBeforeStart_P_NEW_DO_NOT_SEND_TWICE;validateTOR;validateDSD1;validateQA;validateGF1;reviewTOR;reviewDSD1;readyTOR;readyDSD1,constant_after_hotSwapIn,0,compiled actual monitor plus independent free-product BFS including absorbing ERROR,industry.json,False,False,False,28,616,18,10,NOT_USED_FOR_UPD,"{""fluent_values"":[true,false,false,false,false,false,false,false,false],""histories"":[[""stopOldSpec_P_DO_NOT_SEND_TWICE""],[""stopOldSpec_P_DO_NOT_SEND_TWICE"",""readyDSD1"",""adjustGF1""]],""monitor_states"":[1,-1]}","{""constant_initializer"":0,""history"":[""stopOldSpec_P_DO_NOT_SEND_TWICE"",""hotSwapIn""],""history_monitor_state"":1}",RS_UNTESTED,Free-product sufficient condition failed; this is not a plant-reachable RS counterexample.,NOT_APPLICABLE,NOT_APPLICABLE,,,,,,,,,,,,,,UNVERIFIED_ENTRY_VALUATION_LANGUAGE,False,NOT_APPLICABLE,False,NOT_APPLICABLE,NOT_APPLICABLE,"All one-shot free pre-entry observer valuations enumerated. Observer synchronization and compiled-reset consistency are diagnostics; saved DFA does not expose a valuation-parameterized semantic initializer, so E exactness is unverified.","[{""pre_entry_history"":[""stopOldSpec_P_DO_NOT_SEND_TWICE""],""entry_values"":[true,false,false,false,false,false,false,false,false],""post_entry_values"":[true,false,false,false,false,false,false,false,false],""canonical_post_entry_values"":[false,false,false,false,false,false,false,false,false],""kind"":""observer_difference_not_language_counterexample""}]",18,693,False,True,True,"[{""pre_entry_history"":[""stopOldSpec_P_DO_NOT_SEND_TWICE""],""entry_values"":[true,false,false,false,false,false,false,false,false],""post_entry_values"":[true,false,false,false,false,false,false,false,false],""canonical_post_entry_values"":[false,false,false,false,false,false,false,false,false],""kind"":""observer_difference_not_language_counterexample""}]",False,null,"All one-shot free pre-entry observer valuations enumerated. Observer synchronization and compiled-reset consistency are diagnostics; saved DFA does not expose a valuation-parameterized semantic initializer, so E exactness is unverified.",False,UNVERIFIED_OUTSIDE_E_PRIME_SUFFICIENT_CONDITION,False,"[""*"",""readyDSD1"",""readyTOR"",""reviewDSD1"",""reviewTOR"",""startNewSpec_P_NEW_DO_NOT_SEND_TWICE"",""stopOldSpec_P_DO_NOT_SEND_TWICE"",""stopOldSpec_P_DSD1_POLICY"",""stopOldSpec_P_TOR_POLICY"",""validateDSD1"",""validateGF1"",""validateQA"",""validateTOR""]","[{""initiating"":[""validateTOR""],""kind"":""event_predicate"",""name"":""validateTOR"",""reasons"":[""not_a_declared_fluent"",""non_update_initiating_label"",""non_update_terminating_label""],""terminating"":[""*""]},{""initiating"":[""validateDSD1""],""kind"":""event_predicate"",""name"":""validateDSD1"",""reasons"":[""not_a_declared_fluent"",""non_update_initiating_label"",""non_update_terminating_label""],""terminating"":[""*""]},{""initiating"":[""validateQA""],""kind"":""event_predicate"",""name"":""validateQA"",""reasons"":[""not_a_declared_fluent"",""non_update_initiating_label"",""non_update_terminating_label""],""terminating"":[""*""]},{""initiating"":[""validateGF1""],""kind"":""event_predicate"",""name"":""validateGF1"",""reasons"":[""not_a_declared_fluent"",""non_update_initiating_label"",""non_update_terminating_label""],""terminating"":[""*""]},{""initiating"":[""reviewTOR""],""kind"":""event_predicate"",""name"":""reviewTOR"",""reasons"":[""not_a_declared_fluent"",""non_update_initiating_label"",""non_update_terminating_label""],""terminating"":[""*""]},{""initiating"":[""reviewDSD1""],""kind"":""event_predicate"",""name"":""reviewDSD1"",""reasons"":[""not_a_declared_fluent"",""non_update_initiating_label"",""non_update_terminating_label""],""terminating"":[""*""]},{""initiating"":[""readyTOR""],""kind"":""event_predicate"",""name"":""readyTOR"",""reasons"":[""not_a_declared_fluent"",""non_update_initiating_label"",""non_update_terminating_label""],""terminating"":[""*""]},{""initiating"":[""readyDSD1""],""kind"":""event_predicate"",""name"":""readyDSD1"",""reasons"":[""not_a_declared_fluent"",""non_update_initiating_label"",""non_update_terminating_label""],""terminating"":[""*""]}]",True,"{""computed_boundary"":0,""error"":"""",""initializer_mode"":""constant_after_hotSwapIn"",""monitor_initial"":0,""saved_boundary"":0}","The E-prime sufficient condition is not established. Event predicates or plant-fluent values can depend on pre-entry ordinary history; their valuation-parameterized reference languages remain unavailable. This is unverified, not a language counterexample; boundary diagnostics are reported separately."
industry,r2,P_NEW_TOR_POLICY,new,3,2,2,validateGF1;NewTORDone,fluent_lookup_nonerror_entries,0,compiled actual monitor plus independent free-product BFS including absorbing ERROR,industry.json,False,False,False,7,154,4,3,True,"{""fluent_values"":[false,false],""histories"":[[],[""validateGF1"",""adjustGF1""]],""monitor_states"":[0,-1]}","{""constant_initializer"":0,""history"":[""readyTOR"",""hotSwapIn""],""history_monitor_state"":1}",RS_UNTESTED,Free-product sufficient condition failed; this is not a plant-reachable RS counterexample.,EXACT_ON_NONEMPTY_SAFE_ACTIVATION_DOMAIN,True,True,True,True,36,3,1,3,1,"[{""values"":[false,false],""state"":0},{""values"":[false,true],""state"":1},{""values"":[true,true],""state"":1}]",[],NOT_CHECKED_WITHOUT_PLANT,source-rule reconstruction; runtime lookup table not exported,"Sufficient only on actual non-error activation entries with nonempty safe-history set; empty safe-history intersections are universal, so inclusion alone is automatic. Full continuation-language equivalence is stronger than one-shot equivalence.",NOT_APPLICABLE,NOT_APPLICABLE,True,NOT_APPLICABLE,[],"Sufficient only on actual non-error activation entries with nonempty safe-history set; empty safe-history intersections are universal, so inclusion alone is automatic. Full continuation-language equivalence is stronger than one-shot equivalence.",NOT_APPLICABLE,NOT_APPLICABLE,,,,,,,,,,NOT_APPLICABLE,NOT_APPLICABLE,NOT_APPLICABLE,NOT_APPLICABLE,NOT_APPLICABLE,NOT_APPLICABLE,NOT_APPLICABLE,NOT_APPLICABLE
industry,r2,P_NEW_DSD1_POLICY,new,3,2,3,validateTOR;validateGF1;DSD1Done,fluent_lookup_nonerror_entries,0,compiled actual monitor plus independent free-product BFS including absorbing ERROR,industry.json,False,False,False,10,220,6,4,True,"{""fluent_values"":[false,false,false],""histories"":[[],[""validateGF1"",""adjustGF1""]],""monitor_states"":[0,-1]}","{""constant_initializer"":0,""history"":[""readyDSD1"",""hotSwapIn""],""history_monitor_state"":1}",RS_UNTESTED,Free-product sufficient condition failed; this is not a plant-reachable RS counterexample.,EXACT_ON_NONEMPTY_SAFE_ACTIVATION_DOMAIN,True,True,True,True,48,4,2,4,2,"[{""values"":[false,false,false],""state"":0},{""values"":[false,false,true],""state"":1},{""values"":[false,true,true],""state"":1},{""values"":[true,false,true],""state"":1}]",[],NOT_CHECKED_WITHOUT_PLANT,source-rule reconstruction; runtime lookup table not exported,"Sufficient only on actual non-error activation entries with nonempty safe-history set; empty safe-history intersections are universal, so inclusion alone is automatic. Full continuation-language equivalence is stronger than one-shot equivalence.",NOT_APPLICABLE,NOT_APPLICABLE,True,NOT_APPLICABLE,[],"Sufficient only on actual non-error activation entries with nonempty safe-history set; empty safe-history intersections are universal, so inclusion alone is automatic. Full continuation-language equivalence is stronger than one-shot equivalence.",NOT_APPLICABLE,NOT_APPLICABLE,,,,,,,,,,NOT_APPLICABLE,NOT_APPLICABLE,NOT_APPLICABLE,NOT_APPLICABLE,NOT_APPLICABLE,NOT_APPLICABLE,NOT_APPLICABLE,NOT_APPLICABLE
industry,r2,P_NEW_DO_NOT_SEND_TWICE,new,5,4,6,NewTORDone;validateTOR;DSD1Done;validateDSD1;Finished;validateGF1,fluent_lookup_nonerror_entries,0,compiled actual monitor plus independent free-product BFS including absorbing ERROR,industry.json,False,False,False,36,792,20,16,True,"{""fluent_values"":[false,false,false,false,false,false],""histories"":[[],[""readyDSD1"",""validateDSD1"",""adjustGF1""]],""monitor_states"":[0,-1]}","{""constant_initializer"":0,""history"":[""readyDSD1"",""hotSwapIn""],""history_monitor_state"":2}",RS_UNTESTED,Free-product sufficient condition failed; this is not a plant-reachable RS counterexample.,EXACT_ON_NONEMPTY_SAFE_ACTIVATION_DOMAIN,True,True,True,True,192,16,4,16,4,"[{""values"":[false,false,false,false,false,false],""state"":0},{""values"":[false,false,false,false,false,true],""state"":0},{""values"":[false,false,false,false,true,false],""state"":0},{""values"":[false,false,false,true,false,false],""state"":0},{""values"":[false,false,true,false,false,false],""state"":2},{""values"":[false,false,true,false,false,true],""state"":2},{""values"":[false,false,true,false,true,false],""state"":2},{""values"":[false,true,false,false,false,false],""state"":0},{""values"":[false,true,true,false,false,false],""state"":2},{""values"":[true,false,false,false,false,false],""state"":1},{""values"":[true,false,false,false,false,true],""state"":1},{""values"":[true,false,false,false,true,false],""state"":1},{""values"":[true,false,false,true,false,false],""state"":1},{""values"":[true,false,true,false,false,false],""state"":3},{""values"":[true,false,true,false,false,true],""state"":3},{""values"":[true,false,true,false,true,false],""state"":3}]",[],NOT_CHECKED_WITHOUT_PLANT,source-rule reconstruction; runtime lookup table not exported,"Sufficient only on actual non-error activation entries with nonempty safe-history set; empty safe-history intersections are universal, so inclusion alone is automatic. Full continuation-language equivalence is stronger than one-shot equivalence.",NOT_APPLICABLE,NOT_APPLICABLE,True,NOT_APPLICABLE,[],"Sufficient only on actual non-error activation entries with nonempty safe-history set; empty safe-history intersections are universal, so inclusion alone is automatic. Full continuation-language equivalence is stronger than one-shot equivalence.",NOT_APPLICABLE,NOT_APPLICABLE,,,,,,,,,,NOT_APPLICABLE,NOT_APPLICABLE,NOT_APPLICABLE,NOT_APPLICABLE,NOT_APPLICABLE,NOT_APPLICABLE,NOT_APPLICABLE,NOT_APPLICABLE
industry,r2,R2_StopOldSpec_P_TOR_POLICY,upd,3,2,4,Pending_StopOldSpec_P_TOR_POLICY;Pending_Reconfigure_TOR;Pending_Reconfigure_DSD1;Pending_Reconfigure_GATEFORM1,constant_after_hotSwapIn,1,compiled actual monitor plus independent free-product BFS including absorbing ERROR,industry.json,False,False,False,25,550,16,9,NOT_USED_FOR_UPD,"{""fluent_values"":[true,true,true,true],""histories"":[[""hotSwapIn""],[""hotSwapIn"",""reconfigure_DSD1"",""hotSwapIn""]],""monitor_states"":[1,-1]}","{""constant_initializer"":1,""history"":[""hotSwapIn"",""reconfigure_DSD1"",""hotSwapIn""],""history_monitor_state"":-1}",RS_UNTESTED,Free-product sufficient condition failed; this is not a plant-reachable RS counterexample.,NOT_APPLICABLE,NOT_APPLICABLE,,,,,,,,,,,,,,UNVERIFIED_ENTRY_VALUATION_LANGUAGE,False,NOT_APPLICABLE,False,NOT_APPLICABLE,NOT_APPLICABLE,"All one-shot free pre-entry observer valuations enumerated. Observer synchronization and compiled-reset consistency are diagnostics; saved DFA does not expose a valuation-parameterized semantic initializer, so E exactness is unverified.","[{""kind"":""missing_reference_language"",""reason"":""Compiled-reset and observer synchronization do not provide a valuation-parameterized semantic initializer.""}]",1,16,True,True,True,[],False,null,"All one-shot free pre-entry observer valuations enumerated. Observer synchronization and compiled-reset consistency are diagnostics; saved DFA does not expose a valuation-parameterized semantic initializer, so E exactness is unverified.",True,LEMMA_E_PRIME,True,"[""hotSwapIn"",""reconfigure_DSD1"",""reconfigure_GATEFORM1"",""reconfigure_TOR"",""stopOldSpec_P_TOR_POLICY""]",[],True,"{""computed_boundary"":1,""error"":"""",""initializer_mode"":""constant_after_hotSwapIn"",""monitor_initial"":0,""saved_boundary"":1}","Lemma E-prime: every referenced observer is a declared fluent affected only by recognized update labels. No update label occurs before entry, so every entry has the declared initial valuation; the non-error constant initializer equals monitor state 0 after one hotSwapIn. Exact under the stated entry-scoped interpretation."
industry,r2,R2_StopOldSpec_P_DSD1_POLICY,upd,3,2,4,Pending_StopOldSpec_P_DSD1_POLICY;Pending_Reconfigure_TOR;Pending_Reconfigure_DSD1;Pending_Reconfigure_GATEFORM1,constant_after_hotSwapIn,1,compiled actual monitor plus independent free-product BFS including absorbing ERROR,industry.json,False,False,False,25,550,16,9,NOT_USED_FOR_UPD,"{""fluent_values"":[true,true,true,true],""histories"":[[""hotSwapIn""],[""hotSwapIn"",""reconfigure_DSD1"",""hotSwapIn""]],""monitor_states"":[1,-1]}","{""constant_initializer"":1,""history"":[""hotSwapIn"",""reconfigure_DSD1"",""hotSwapIn""],""history_monitor_state"":-1}",RS_UNTESTED,Free-product sufficient condition failed; this is not a plant-reachable RS counterexample.,NOT_APPLICABLE,NOT_APPLICABLE,,,,,,,,,,,,,,UNVERIFIED_ENTRY_VALUATION_LANGUAGE,False,NOT_APPLICABLE,False,NOT_APPLICABLE,NOT_APPLICABLE,"All one-shot free pre-entry observer valuations enumerated. Observer synchronization and compiled-reset consistency are diagnostics; saved DFA does not expose a valuation-parameterized semantic initializer, so E exactness is unverified.","[{""kind"":""missing_reference_language"",""reason"":""Compiled-reset and observer synchronization do not provide a valuation-parameterized semantic initializer.""}]",1,16,True,True,True,[],False,null,"All one-shot free pre-entry observer valuations enumerated. Observer synchronization and compiled-reset consistency are diagnostics; saved DFA does not expose a valuation-parameterized semantic initializer, so E exactness is unverified.",True,LEMMA_E_PRIME,True,"[""hotSwapIn"",""reconfigure_DSD1"",""reconfigure_GATEFORM1"",""reconfigure_TOR"",""stopOldSpec_P_DSD1_POLICY""]",[],True,"{""computed_boundary"":1,""error"":"""",""initializer_mode"":""constant_after_hotSwapIn"",""monitor_initial"":0,""saved_boundary"":1}","Lemma E-prime: every referenced observer is a declared fluent affected only by recognized update labels. No update label occurs before entry, so every entry has the declared initial valuation; the non-error constant initializer equals monitor state 0 after one hotSwapIn. Exact under the stated entry-scoped interpretation."
industry,r2,R2_StopOldSpec_P_DO_NOT_SEND_TWICE,upd,3,2,4,Pending_StopOldSpec_P_DO_NOT_SEND_TWICE;Pending_Reconfigure_TOR;Pending_Reconfigure_DSD1;Pending_Reconfigure_GATEFORM1,constant_after_hotSwapIn,1,compiled actual monitor plus independent free-product BFS including absorbing ERROR,industry.json,False,False,False,25,550,16,9,NOT_USED_FOR_UPD,"{""fluent_values"":[true,true,true,true],""histories"":[[""hotSwapIn""],[""hotSwapIn"",""reconfigure_DSD1"",""hotSwapIn""]],""monitor_states"":[1,-1]}","{""constant_initializer"":1,""history"":[""hotSwapIn"",""reconfigure_DSD1"",""hotSwapIn""],""history_monitor_state"":-1}",RS_UNTESTED,Free-product sufficient condition failed; this is not a plant-reachable RS counterexample.,NOT_APPLICABLE,NOT_APPLICABLE,,,,,,,,,,,,,,UNVERIFIED_ENTRY_VALUATION_LANGUAGE,False,NOT_APPLICABLE,False,NOT_APPLICABLE,NOT_APPLICABLE,"All one-shot free pre-entry observer valuations enumerated. Observer synchronization and compiled-reset consistency are diagnostics; saved DFA does not expose a valuation-parameterized semantic initializer, so E exactness is unverified.","[{""kind"":""missing_reference_language"",""reason"":""Compiled-reset and observer synchronization do not provide a valuation-parameterized semantic initializer.""}]",1,16,True,True,True,[],False,null,"All one-shot free pre-entry observer valuations enumerated. Observer synchronization and compiled-reset consistency are diagnostics; saved DFA does not expose a valuation-parameterized semantic initializer, so E exactness is unverified.",True,LEMMA_E_PRIME,True,"[""hotSwapIn"",""reconfigure_DSD1"",""reconfigure_GATEFORM1"",""reconfigure_TOR"",""stopOldSpec_P_DO_NOT_SEND_TWICE""]",[],True,"{""computed_boundary"":1,""error"":"""",""initializer_mode"":""constant_after_hotSwapIn"",""monitor_initial"":0,""saved_boundary"":1}","Lemma E-prime: every referenced observer is a declared fluent affected only by recognized update labels. No update label occurs before entry, so every entry has the declared initial valuation; the non-error constant initializer equals monitor state 0 after one hotSwapIn. Exact under the stated entry-scoped interpretation."
industry,r2,R2_StartNewSpec_P_NEW_TOR_POLICY,upd,3,2,4,Pending_StartNewSpec_P_NEW_TOR_POLICY;Pending_Reconfigure_TOR;Pending_Reconfigure_DSD1;Pending_Reconfigure_GATEFORM1,constant_after_hotSwapIn,1,compiled actual monitor plus independent free-product BFS including absorbing ERROR,industry.json,False,False,False,25,550,16,9,NOT_USED_FOR_UPD,"{""fluent_values"":[true,true,true,true],""histories"":[[""hotSwapIn""],[""hotSwapIn"",""reconfigure_DSD1"",""hotSwapIn""]],""monitor_states"":[1,-1]}","{""constant_initializer"":1,""history"":[""hotSwapIn"",""reconfigure_DSD1"",""hotSwapIn""],""history_monitor_state"":-1}",RS_UNTESTED,Free-product sufficient condition failed; this is not a plant-reachable RS counterexample.,NOT_APPLICABLE,NOT_APPLICABLE,,,,,,,,,,,,,,UNVERIFIED_ENTRY_VALUATION_LANGUAGE,False,NOT_APPLICABLE,False,NOT_APPLICABLE,NOT_APPLICABLE,"All one-shot free pre-entry observer valuations enumerated. Observer synchronization and compiled-reset consistency are diagnostics; saved DFA does not expose a valuation-parameterized semantic initializer, so E exactness is unverified.","[{""kind"":""missing_reference_language"",""reason"":""Compiled-reset and observer synchronization do not provide a valuation-parameterized semantic initializer.""}]",1,16,True,True,True,[],False,null,"All one-shot free pre-entry observer valuations enumerated. Observer synchronization and compiled-reset consistency are diagnostics; saved DFA does not expose a valuation-parameterized semantic initializer, so E exactness is unverified.",True,LEMMA_E_PRIME,True,"[""hotSwapIn"",""reconfigure_DSD1"",""reconfigure_GATEFORM1"",""reconfigure_TOR"",""startNewSpec_P_NEW_TOR_POLICY""]",[],True,"{""computed_boundary"":1,""error"":"""",""initializer_mode"":""constant_after_hotSwapIn"",""monitor_initial"":0,""saved_boundary"":1}","Lemma E-prime: every referenced observer is a declared fluent affected only by recognized update labels. No update label occurs before entry, so every entry has the declared initial valuation; the non-error constant initializer equals monitor state 0 after one hotSwapIn. Exact under the stated entry-scoped interpretation."
industry,r2,R2_StartNewSpec_P_NEW_DSD1_POLICY,upd,3,2,4,Pending_StartNewSpec_P_NEW_DSD1_POLICY;Pending_Reconfigure_TOR;Pending_Reconfigure_DSD1;Pending_Reconfigure_GATEFORM1,constant_after_hotSwapIn,1,compiled actual monitor plus independent free-product BFS including absorbing ERROR,industry.json,False,False,False,25,550,16,9,NOT_USED_FOR_UPD,"{""fluent_values"":[true,true,true,true],""histories"":[[""hotSwapIn""],[""hotSwapIn"",""reconfigure_DSD1"",""hotSwapIn""]],""monitor_states"":[1,-1]}","{""constant_initializer"":1,""history"":[""hotSwapIn"",""reconfigure_DSD1"",""hotSwapIn""],""history_monitor_state"":-1}",RS_UNTESTED,Free-product sufficient condition failed; this is not a plant-reachable RS counterexample.,NOT_APPLICABLE,NOT_APPLICABLE,,,,,,,,,,,,,,UNVERIFIED_ENTRY_VALUATION_LANGUAGE,False,NOT_APPLICABLE,False,NOT_APPLICABLE,NOT_APPLICABLE,"All one-shot free pre-entry observer valuations enumerated. Observer synchronization and compiled-reset consistency are diagnostics; saved DFA does not expose a valuation-parameterized semantic initializer, so E exactness is unverified.","[{""kind"":""missing_reference_language"",""reason"":""Compiled-reset and observer synchronization do not provide a valuation-parameterized semantic initializer.""}]",1,16,True,True,True,[],False,null,"All one-shot free pre-entry observer valuations enumerated. Observer synchronization and compiled-reset consistency are diagnostics; saved DFA does not expose a valuation-parameterized semantic initializer, so E exactness is unverified.",True,LEMMA_E_PRIME,True,"[""hotSwapIn"",""reconfigure_DSD1"",""reconfigure_GATEFORM1"",""reconfigure_TOR"",""startNewSpec_P_NEW_DSD1_POLICY""]",[],True,"{""computed_boundary"":1,""error"":"""",""initializer_mode"":""constant_after_hotSwapIn"",""monitor_initial"":0,""saved_boundary"":1}","Lemma E-prime: every referenced observer is a declared fluent affected only by recognized update labels. No update label occurs before entry, so every entry has the declared initial valuation; the non-error constant initializer equals monitor state 0 after one hotSwapIn. Exact under the stated entry-scoped interpretation."
industry,r2,R2_StartNewSpec_P_NEW_DO_NOT_SEND_TWICE,upd,3,2,4,Pending_StartNewSpec_P_NEW_DO_NOT_SEND_TWICE;Pending_Reconfigure_TOR;Pending_Reconfigure_DSD1;Pending_Reconfigure_GATEFORM1,constant_after_hotSwapIn,1,compiled actual monitor plus independent free-product BFS including absorbing ERROR,industry.json,False,False,False,25,550,16,9,NOT_USED_FOR_UPD,"{""fluent_values"":[true,true,true,true],""histories"":[[""hotSwapIn""],[""hotSwapIn"",""reconfigure_DSD1"",""hotSwapIn""]],""monitor_states"":[1,-1]}","{""constant_initializer"":1,""history"":[""hotSwapIn"",""reconfigure_DSD1"",""hotSwapIn""],""history_monitor_state"":-1}",RS_UNTESTED,Free-product sufficient condition failed; this is not a plant-reachable RS counterexample.,NOT_APPLICABLE,NOT_APPLICABLE,,,,,,,,,,,,,,UNVERIFIED_ENTRY_VALUATION_LANGUAGE,False,NOT_APPLICABLE,False,NOT_APPLICABLE,NOT_APPLICABLE,"All one-shot free pre-entry observer valuations enumerated. Observer synchronization and compiled-reset consistency are diagnostics; saved DFA does not expose a valuation-parameterized semantic initializer, so E exactness is unverified.","[{""kind"":""missing_reference_language"",""reason"":""Compiled-reset and observer synchronization do not provide a valuation-parameterized semantic initializer.""}]",1,16,True,True,True,[],False,null,"All one-shot free pre-entry observer valuations enumerated. Observer synchronization and compiled-reset consistency are diagnostics; saved DFA does not expose a valuation-parameterized semantic initializer, so E exactness is unverified.",True,LEMMA_E_PRIME,True,"[""hotSwapIn"",""reconfigure_DSD1"",""reconfigure_GATEFORM1"",""reconfigure_TOR"",""startNewSpec_P_NEW_DO_NOT_SEND_TWICE""]",[],True,"{""computed_boundary"":1,""error"":"""",""initializer_mode"":""constant_after_hotSwapIn"",""monitor_initial"":0,""saved_boundary"":1}","Lemma E-prime: every referenced observer is a declared fluent affected only by recognized update labels. No update label occurs before entry, so every entry has the declared initial valuation; the non-error constant initializer equals monitor state 0 after one hotSwapIn. Exact under the stated entry-scoped interpretation."
metasocket,base,P_DES128,new,5,4,4,des128;InputRecieve;output;EncriptionDone128,fluent_lookup_nonerror_entries,0,compiled actual monitor plus independent free-product BFS including absorbing ERROR,metasocket.json,False,False,False,14,140,8,6,True,"{""fluent_values"":[false,true,false,false],""histories"":[[""input""],[""des128"",""input""]],""monitor_states"":[1,-1]}","{""constant_initializer"":0,""history"":[""des128"",""hotSwapIn""],""history_monitor_state"":-1}",RS_UNTESTED,Free-product sufficient condition failed; this is not a plant-reachable RS counterexample.,EXACT_ON_NONEMPTY_SAFE_ACTIVATION_DOMAIN,True,True,True,True,42,6,2,6,2,"[{""values"":[false,false,false,false],""state"":0},{""values"":[false,false,false,true],""state"":3},{""values"":[false,false,true,true],""state"":3},{""values"":[false,true,false,false],""state"":1},{""values"":[false,true,false,true],""state"":2},{""values"":[true,true,false,true],""state"":2}]",[],NOT_CHECKED_WITHOUT_PLANT,source-rule reconstruction; runtime lookup table not exported,"Sufficient only on actual non-error activation entries with nonempty safe-history set; empty safe-history intersections are universal, so inclusion alone is automatic. Full continuation-language equivalence is stronger than one-shot equivalence.",NOT_APPLICABLE,NOT_APPLICABLE,True,NOT_APPLICABLE,[],"Sufficient only on actual non-error activation entries with nonempty safe-history set; empty safe-history intersections are universal, so inclusion alone is automatic. Full continuation-language equivalence is stronger than one-shot equivalence.",NOT_APPLICABLE,NOT_APPLICABLE,,,,,,,,,,NOT_APPLICABLE,NOT_APPLICABLE,NOT_APPLICABLE,NOT_APPLICABLE,NOT_APPLICABLE,NOT_APPLICABLE,NOT_APPLICABLE,NOT_APPLICABLE
metasocket,r1,P_DES128,new,5,4,4,des128;InputRecieve;output;EncriptionDone128,fluent_lookup_nonerror_entries,0,compiled actual monitor plus independent free-product BFS including absorbing ERROR,metasocket.json,False,False,False,14,140,8,6,True,"{""fluent_values"":[false,true,false,false],""histories"":[[""input""],[""des128"",""input""]],""monitor_states"":[1,-1]}","{""constant_initializer"":0,""history"":[""des128"",""hotSwapIn""],""history_monitor_state"":-1}",RS_UNTESTED,Free-product sufficient condition failed; this is not a plant-reachable RS counterexample.,EXACT_ON_NONEMPTY_SAFE_ACTIVATION_DOMAIN,True,True,True,True,42,6,2,6,2,"[{""values"":[false,false,false,false],""state"":0},{""values"":[false,false,false,true],""state"":3},{""values"":[false,false,true,true],""state"":3},{""values"":[false,true,false,false],""state"":1},{""values"":[false,true,false,true],""state"":2},{""values"":[true,true,false,true],""state"":2}]",[],NOT_CHECKED_WITHOUT_PLANT,source-rule reconstruction; runtime lookup table not exported,"Sufficient only on actual non-error activation entries with nonempty safe-history set; empty safe-history intersections are universal, so inclusion alone is automatic. Full continuation-language equivalence is stronger than one-shot equivalence.",NOT_APPLICABLE,NOT_APPLICABLE,True,NOT_APPLICABLE,[],"Sufficient only on actual non-error activation entries with nonempty safe-history set; empty safe-history intersections are universal, so inclusion alone is automatic. Full continuation-language equivalence is stronger than one-shot equivalence.",NOT_APPLICABLE,NOT_APPLICABLE,,,,,,,,,,NOT_APPLICABLE,NOT_APPLICABLE,NOT_APPLICABLE,NOT_APPLICABLE,NOT_APPLICABLE,NOT_APPLICABLE,NOT_APPLICABLE,NOT_APPLICABLE
metasocket,r1,R1_OTF_P_DES128,upd,3,2,2,"AfterStopBeforeStart_P_DES128;{des128, des64, output}",constant_after_hotSwapIn,0,compiled actual monitor plus independent free-product BFS including absorbing ERROR,metasocket.json,False,False,False,7,70,4,3,NOT_USED_FOR_UPD,"{""fluent_values"":[true,false],""histories"":[[""stopOldSpec_P_DES64""],[""stopOldSpec_P_DES64"",""des128"",""hotSwapIn""]],""monitor_states"":[1,-1]}","{""constant_initializer"":0,""history"":[""stopOldSpec_P_DES64"",""hotSwapIn""],""history_monitor_state"":1}",RS_UNTESTED,Free-product sufficient condition failed; this is not a plant-reachable RS counterexample.,NOT_APPLICABLE,NOT_APPLICABLE,,,,,,,,,,,,,,UNVERIFIED_ENTRY_VALUATION_LANGUAGE,False,NOT_APPLICABLE,False,NOT_APPLICABLE,NOT_APPLICABLE,"All one-shot free pre-entry observer valuations enumerated. Observer synchronization and compiled-reset consistency are diagnostics; saved DFA does not expose a valuation-parameterized semantic initializer, so E exactness is unverified.","[{""pre_entry_history"":[""stopOldSpec_P_DES64""],""entry_values"":[true,false],""post_entry_values"":[true,false],""canonical_post_entry_values"":[false,false],""kind"":""observer_difference_not_language_counterexample""}]",4,40,False,True,True,"[{""pre_entry_history"":[""stopOldSpec_P_DES64""],""entry_values"":[true,false],""post_entry_values"":[true,false],""canonical_post_entry_values"":[false,false],""kind"":""observer_difference_not_language_counterexample""}]",False,null,"All one-shot free pre-entry observer valuations enumerated. Observer synchronization and compiled-reset consistency are diagnostics; saved DFA does not expose a valuation-parameterized semantic initializer, so E exactness is unverified.",False,UNVERIFIED_OUTSIDE_E_PRIME_SUFFICIENT_CONDITION,False,"[""*"",""des128"",""des64"",""output"",""startNewSpec_P_DES128"",""stopOldSpec_P_DES64""]","[{""initiating"":[""des128"",""des64"",""output""],""kind"":""event_predicate"",""name"":""{des128, des64, output}"",""reasons"":[""not_a_declared_fluent"",""non_update_initiating_label"",""non_update_terminating_label""],""terminating"":[""*""]}]",True,"{""computed_boundary"":0,""error"":"""",""initializer_mode"":""constant_after_hotSwapIn"",""monitor_initial"":0,""saved_boundary"":0}","The E-prime sufficient condition is not established. Event predicates or plant-fluent values can depend on pre-entry ordinary history; their valuation-parameterized reference languages remain unavailable. This is unverified, not a language counterexample; boundary diagnostics are reported separately."
metasocket,r2,P_DES128,new,5,4,4,des128;InputRecieve;output;EncriptionDone128,fluent_lookup_nonerror_entries,0,compiled actual monitor plus independent free-product BFS including absorbing ERROR,metasocket.json,False,False,False,14,140,8,6,True,"{""fluent_values"":[false,true,false,false],""histories"":[[""input""],[""des128"",""input""]],""monitor_states"":[1,-1]}","{""constant_initializer"":0,""history"":[""des128"",""hotSwapIn""],""history_monitor_state"":-1}",RS_UNTESTED,Free-product sufficient condition failed; this is not a plant-reachable RS counterexample.,EXACT_ON_NONEMPTY_SAFE_ACTIVATION_DOMAIN,True,True,True,True,42,6,2,6,2,"[{""values"":[false,false,false,false],""state"":0},{""values"":[false,false,false,true],""state"":3},{""values"":[false,false,true,true],""state"":3},{""values"":[false,true,false,false],""state"":1},{""values"":[false,true,false,true],""state"":2},{""values"":[true,true,false,true],""state"":2}]",[],NOT_CHECKED_WITHOUT_PLANT,source-rule reconstruction; runtime lookup table not exported,"Sufficient only on actual non-error activation entries with nonempty safe-history set; empty safe-history intersections are universal, so inclusion alone is automatic. Full continuation-language equivalence is stronger than one-shot equivalence.",NOT_APPLICABLE,NOT_APPLICABLE,True,NOT_APPLICABLE,[],"Sufficient only on actual non-error activation entries with nonempty safe-history set; empty safe-history intersections are universal, so inclusion alone is automatic. Full continuation-language equivalence is stronger than one-shot equivalence.",NOT_APPLICABLE,NOT_APPLICABLE,,,,,,,,,,NOT_APPLICABLE,NOT_APPLICABLE,NOT_APPLICABLE,NOT_APPLICABLE,NOT_APPLICABLE,NOT_APPLICABLE,NOT_APPLICABLE,NOT_APPLICABLE
metasocket,r2,R2_StopOldSpec_P_DES64,upd,3,2,3,Pending_StopOldSpec_P_DES64;Pending_Reconfigure_IO;Pending_Reconfigure_64_128,constant_after_hotSwapIn,1,compiled actual monitor plus independent free-product BFS including absorbing ERROR,metasocket.json,False,False,False,13,130,8,5,NOT_USED_FOR_UPD,"{""fluent_values"":[true,true,true],""histories"":[[""hotSwapIn""],[""hotSwapIn"",""reconfigure_64_128"",""hotSwapIn""]],""monitor_states"":[1,-1]}","{""constant_initializer"":1,""history"":[""hotSwapIn"",""reconfigure_64_128"",""hotSwapIn""],""history_monitor_state"":-1}",RS_UNTESTED,Free-product sufficient condition failed; this is not a plant-reachable RS counterexample.,NOT_APPLICABLE,NOT_APPLICABLE,,,,,,,,,,,,,,UNVERIFIED_ENTRY_VALUATION_LANGUAGE,False,NOT_APPLICABLE,False,NOT_APPLICABLE,NOT_APPLICABLE,"All one-shot free pre-entry observer valuations enumerated. Observer synchronization and compiled-reset consistency are diagnostics; saved DFA does not expose a valuation-parameterized semantic initializer, so E exactness is unverified.","[{""kind"":""missing_reference_language"",""reason"":""Compiled-reset and observer synchronization do not provide a valuation-parameterized semantic initializer.""}]",1,8,True,True,True,[],False,null,"All one-shot free pre-entry observer valuations enumerated. Observer synchronization and compiled-reset consistency are diagnostics; saved DFA does not expose a valuation-parameterized semantic initializer, so E exactness is unverified.",True,LEMMA_E_PRIME,True,"[""hotSwapIn"",""reconfigure_64_128"",""reconfigure_IO"",""stopOldSpec_P_DES64""]",[],True,"{""computed_boundary"":1,""error"":"""",""initializer_mode"":""constant_after_hotSwapIn"",""monitor_initial"":0,""saved_boundary"":1}","Lemma E-prime: every referenced observer is a declared fluent affected only by recognized update labels. No update label occurs before entry, so every entry has the declared initial valuation; the non-error constant initializer equals monitor state 0 after one hotSwapIn. Exact under the stated entry-scoped interpretation."
metasocket,r2,R2_StartNewSpec_P_DES128,upd,3,2,3,Pending_StartNewSpec_P_DES128;Pending_Reconfigure_IO;Pending_Reconfigure_64_128,constant_after_hotSwapIn,1,compiled actual monitor plus independent free-product BFS including absorbing ERROR,metasocket.json,False,False,False,13,130,8,5,NOT_USED_FOR_UPD,"{""fluent_values"":[true,true,true],""histories"":[[""hotSwapIn""],[""hotSwapIn"",""reconfigure_64_128"",""hotSwapIn""]],""monitor_states"":[1,-1]}","{""constant_initializer"":1,""history"":[""hotSwapIn"",""reconfigure_64_128"",""hotSwapIn""],""history_monitor_state"":-1}",RS_UNTESTED,Free-product sufficient condition failed; this is not a plant-reachable RS counterexample.,NOT_APPLICABLE,NOT_APPLICABLE,,,,,,,,,,,,,,UNVERIFIED_ENTRY_VALUATION_LANGUAGE,False,NOT_APPLICABLE,False,NOT_APPLICABLE,NOT_APPLICABLE,"All one-shot free pre-entry observer valuations enumerated. Observer synchronization and compiled-reset consistency are diagnostics; saved DFA does not expose a valuation-parameterized semantic initializer, so E exactness is unverified.","[{""kind"":""missing_reference_language"",""reason"":""Compiled-reset and observer synchronization do not provide a valuation-parameterized semantic initializer.""}]",1,8,True,True,True,[],False,null,"All one-shot free pre-entry observer valuations enumerated. Observer synchronization and compiled-reset consistency are diagnostics; saved DFA does not expose a valuation-parameterized semantic initializer, so E exactness is unverified.",True,LEMMA_E_PRIME,True,"[""hotSwapIn"",""reconfigure_64_128"",""reconfigure_IO"",""startNewSpec_P_DES128""]",[],True,"{""computed_boundary"":1,""error"":"""",""initializer_mode"":""constant_after_hotSwapIn"",""monitor_initial"":0,""saved_boundary"":1}","Lemma E-prime: every referenced observer is a declared fluent affected only by recognized update labels. No update label occurs before entry, so every entry has the declared initial valuation; the non-error constant initializer equals monitor state 0 after one hotSwapIn. Exact under the stated entry-scoped interpretation."
powerplant,base,P_NEVER_STOP,new,2,1,1,stopPump,fluent_lookup_nonerror_entries,0,compiled actual monitor plus independent free-product BFS including absorbing ERROR,powerplant.json,False,False,False,3,48,2,1,True,"{""fluent_values"":[false],""histories"":[[],[""stopPump"",""endProcedure""]],""monitor_states"":[0,-1]}","{""constant_initializer"":0,""history"":[""stopPump"",""hotSwapIn""],""history_monitor_state"":-1}",RS_UNTESTED,Free-product sufficient condition failed; this is not a plant-reachable RS counterexample.,EXACT_ON_NONEMPTY_SAFE_ACTIVATION_DOMAIN,True,True,True,True,12,1,1,1,1,"[{""values"":[false],""state"":0}]",[],NOT_CHECKED_WITHOUT_PLANT,source-rule reconstruction; runtime lookup table not exported,"Sufficient only on actual non-error activation entries with nonempty safe-history set; empty safe-history intersections are universal, so inclusion alone is automatic. Full continuation-language equivalence is stronger than one-shot equivalence.",NOT_APPLICABLE,NOT_APPLICABLE,True,NOT_APPLICABLE,[],"Sufficient only on actual non-error activation entries with nonempty safe-history set; empty safe-history intersections are universal, so inclusion alone is automatic. Full continuation-language equivalence is stronger than one-shot equivalence.",NOT_APPLICABLE,NOT_APPLICABLE,,,,,,,,,,NOT_APPLICABLE,NOT_APPLICABLE,NOT_APPLICABLE,NOT_APPLICABLE,NOT_APPLICABLE,NOT_APPLICABLE,NOT_APPLICABLE,NOT_APPLICABLE
powerplant,base,P_MAINTEINANCE_GUARANTEED_NEW,new,3,2,2,endProcedure;MainteinanceFinished,fluent_lookup_nonerror_entries,0,compiled actual monitor plus independent free-product BFS including absorbing ERROR,powerplant.json,False,False,False,7,112,4,3,True,"{""fluent_values"":[false,false],""histories"":[[],[""endProcedure"",""hotSwapIn""]],""monitor_states"":[0,-1]}","{""constant_initializer"":0,""history"":[""endProcedure"",""hotSwapIn""],""history_monitor_state"":-1}",RS_UNTESTED,Free-product sufficient condition failed; this is not a plant-reachable RS counterexample.,EXACT_ON_NONEMPTY_SAFE_ACTIVATION_DOMAIN,True,True,True,True,36,3,1,3,1,"[{""values"":[false,false],""state"":0},{""values"":[false,true],""state"":1},{""values"":[true,true],""state"":1}]",[],NOT_CHECKED_WITHOUT_PLANT,source-rule reconstruction; runtime lookup table not exported,"Sufficient only on actual non-error activation entries with nonempty safe-history set; empty safe-history intersections are universal, so inclusion alone is automatic. Full continuation-language equivalence is stronger than one-shot equivalence.",NOT_APPLICABLE,NOT_APPLICABLE,True,NOT_APPLICABLE,[],"Sufficient only on actual non-error activation entries with nonempty safe-history set; empty safe-history intersections are universal, so inclusion alone is automatic. Full continuation-language equivalence is stronger than one-shot equivalence.",NOT_APPLICABLE,NOT_APPLICABLE,,,,,,,,,,NOT_APPLICABLE,NOT_APPLICABLE,NOT_APPLICABLE,NOT_APPLICABLE,NOT_APPLICABLE,NOT_APPLICABLE,NOT_APPLICABLE,NOT_APPLICABLE
powerplant,base,P_PROCEDURE_IF_REQUEST,new,3,2,2,procedure;RequestPending,fluent_lookup_nonerror_entries,0,compiled actual monitor plus independent free-product BFS including absorbing ERROR,powerplant.json,False,False,False,7,112,4,3,True,"{""fluent_values"":[false,false],""histories"":[[],[""procedure"",""endProcedure""]],""monitor_states"":[0,-1]}","{""constant_initializer"":0,""history"":[""procedure"",""hotSwapIn""],""history_monitor_state"":-1}",RS_UNTESTED,Free-product sufficient condition failed; this is not a plant-reachable RS counterexample.,EXACT_ON_NONEMPTY_SAFE_ACTIVATION_DOMAIN,True,True,True,True,36,3,1,3,1,"[{""values"":[false,false],""state"":0},{""values"":[false,true],""state"":1},{""values"":[true,true],""state"":1}]",[],NOT_CHECKED_WITHOUT_PLANT,source-rule reconstruction; runtime lookup table not exported,"Sufficient only on actual non-error activation entries with nonempty safe-history set; empty safe-history intersections are universal, so inclusion alone is automatic. Full continuation-language equivalence is stronger than one-shot equivalence.",NOT_APPLICABLE,NOT_APPLICABLE,True,NOT_APPLICABLE,[],"Sufficient only on actual non-error activation entries with nonempty safe-history set; empty safe-history intersections are universal, so inclusion alone is automatic. Full continuation-language equivalence is stronger than one-shot equivalence.",NOT_APPLICABLE,NOT_APPLICABLE,,,,,,,,,,NOT_APPLICABLE,NOT_APPLICABLE,NOT_APPLICABLE,NOT_APPLICABLE,NOT_APPLICABLE,NOT_APPLICABLE,NOT_APPLICABLE,NOT_APPLICABLE
powerplant,r1,P_NEVER_STOP,new,2,1,1,stopPump,fluent_lookup_nonerror_entries,0,compiled actual monitor plus independent free-product BFS including absorbing ERROR,powerplant.json,False,False,False,3,48,2,1,True,"{""fluent_values"":[false],""histories"":[[],[""stopPump"",""endProcedure""]],""monitor_states"":[0,-1]}","{""constant_initializer"":0,""history"":[""stopPump"",""hotSwapIn""],""history_monitor_state"":-1}",RS_UNTESTED,Free-product sufficient condition failed; this is not a plant-reachable RS counterexample.,EXACT_ON_NONEMPTY_SAFE_ACTIVATION_DOMAIN,True,True,True,True,12,1,1,1,1,"[{""values"":[false],""state"":0}]",[],NOT_CHECKED_WITHOUT_PLANT,source-rule reconstruction; runtime lookup table not exported,"Sufficient only on actual non-error activation entries with nonempty safe-history set; empty safe-history intersections are universal, so inclusion alone is automatic. Full continuation-language equivalence is stronger than one-shot equivalence.",NOT_APPLICABLE,NOT_APPLICABLE,True,NOT_APPLICABLE,[],"Sufficient only on actual non-error activation entries with nonempty safe-history set; empty safe-history intersections are universal, so inclusion alone is automatic. Full continuation-language equivalence is stronger than one-shot equivalence.",NOT_APPLICABLE,NOT_APPLICABLE,,,,,,,,,,NOT_APPLICABLE,NOT_APPLICABLE,NOT_APPLICABLE,NOT_APPLICABLE,NOT_APPLICABLE,NOT_APPLICABLE,NOT_APPLICABLE,NOT_APPLICABLE
powerplant,r1,P_MAINTEINANCE_GUARANTEED_NEW,new,3,2,2,endProcedure;MainteinanceFinished,fluent_lookup_nonerror_entries,0,compiled actual monitor plus independent free-product BFS including absorbing ERROR,powerplant.json,False,False,False,7,112,4,3,True,"{""fluent_values"":[false,false],""histories"":[[],[""endProcedure"",""hotSwapIn""]],""monitor_states"":[0,-1]}","{""constant_initializer"":0,""history"":[""endProcedure"",""hotSwapIn""],""history_monitor_state"":-1}",RS_UNTESTED,Free-product sufficient condition failed; this is not a plant-reachable RS counterexample.,EXACT_ON_NONEMPTY_SAFE_ACTIVATION_DOMAIN,True,True,True,True,36,3,1,3,1,"[{""values"":[false,false],""state"":0},{""values"":[false,true],""state"":1},{""values"":[true,true],""state"":1}]",[],NOT_CHECKED_WITHOUT_PLANT,source-rule reconstruction; runtime lookup table not exported,"Sufficient only on actual non-error activation entries with nonempty safe-history set; empty safe-history intersections are universal, so inclusion alone is automatic. Full continuation-language equivalence is stronger than one-shot equivalence.",NOT_APPLICABLE,NOT_APPLICABLE,True,NOT_APPLICABLE,[],"Sufficient only on actual non-error activation entries with nonempty safe-history set; empty safe-history intersections are universal, so inclusion alone is automatic. Full continuation-language equivalence is stronger than one-shot equivalence.",NOT_APPLICABLE,NOT_APPLICABLE,,,,,,,,,,NOT_APPLICABLE,NOT_APPLICABLE,NOT_APPLICABLE,NOT_APPLICABLE,NOT_APPLICABLE,NOT_APPLICABLE,NOT_APPLICABLE,NOT_APPLICABLE
powerplant,r1,P_PROCEDURE_IF_REQUEST,new,3,2,2,procedure;RequestPending,fluent_lookup_nonerror_entries,0,compiled actual monitor plus independent free-product BFS including absorbing ERROR,powerplant.json,False,False,False,7,112,4,3,True,"{""fluent_values"":[false,false],""histories"":[[],[""procedure"",""endProcedure""]],""monitor_states"":[0,-1]}","{""constant_initializer"":0,""history"":[""procedure"",""hotSwapIn""],""history_monitor_state"":-1}",RS_UNTESTED,Free-product sufficient condition failed; this is not a plant-reachable RS counterexample.,EXACT_ON_NONEMPTY_SAFE_ACTIVATION_DOMAIN,True,True,True,True,36,3,1,3,1,"[{""values"":[false,false],""state"":0},{""values"":[false,true],""state"":1},{""values"":[true,true],""state"":1}]",[],NOT_CHECKED_WITHOUT_PLANT,source-rule reconstruction; runtime lookup table not exported,"Sufficient only on actual non-error activation entries with nonempty safe-history set; empty safe-history intersections are universal, so inclusion alone is automatic. Full continuation-language equivalence is stronger than one-shot equivalence.",NOT_APPLICABLE,NOT_APPLICABLE,True,NOT_APPLICABLE,[],"Sufficient only on actual non-error activation entries with nonempty safe-history set; empty safe-history intersections are universal, so inclusion alone is automatic. Full continuation-language equivalence is stronger than one-shot equivalence.",NOT_APPLICABLE,NOT_APPLICABLE,,,,,,,,,,NOT_APPLICABLE,NOT_APPLICABLE,NOT_APPLICABLE,NOT_APPLICABLE,NOT_APPLICABLE,NOT_APPLICABLE,NOT_APPLICABLE,NOT_APPLICABLE
powerplant,r1,R1_OTF_P_NEVER_STOP,upd,3,2,2,"AfterStopBeforeStart_P_NEVER_STOP;{endProcedure, procedure, startPump, stopPump}",constant_after_hotSwapIn,0,compiled actual monitor plus independent free-product BFS including absorbing ERROR,powerplant.json,False,False,False,7,112,4,3,NOT_USED_FOR_UPD,"{""fluent_values"":[true,false],""histories"":[[""stopOldSpec_P_MAINTEINANCE_GUARANTEED""],[""stopOldSpec_P_MAINTEINANCE_GUARANTEED"",""endProcedure"",""hotSwapIn""]],""monitor_states"":[1,-1]}","{""constant_initializer"":0,""history"":[""stopOldSpec_P_MAINTEINANCE_GUARANTEED"",""hotSwapIn""],""history_monitor_state"":1}",RS_UNTESTED,Free-product sufficient condition failed; this is not a plant-reachable RS counterexample.,NOT_APPLICABLE,NOT_APPLICABLE,,,,,,,,,,,,,,UNVERIFIED_ENTRY_VALUATION_LANGUAGE,False,NOT_APPLICABLE,False,NOT_APPLICABLE,NOT_APPLICABLE,"All one-shot free pre-entry observer valuations enumerated. Observer synchronization and compiled-reset consistency are diagnostics; saved DFA does not expose a valuation-parameterized semantic initializer, so E exactness is unverified.","[{""pre_entry_history"":[""stopOldSpec_P_MAINTEINANCE_GUARANTEED""],""entry_values"":[true,false],""post_entry_values"":[true,false],""canonical_post_entry_values"":[false,false],""kind"":""observer_difference_not_language_counterexample""}]",4,168,False,True,True,"[{""pre_entry_history"":[""stopOldSpec_P_MAINTEINANCE_GUARANTEED""],""entry_values"":[true,false],""post_entry_values"":[true,false],""canonical_post_entry_values"":[false,false],""kind"":""observer_difference_not_language_counterexample""}]",False,null,"All one-shot free pre-entry observer valuations enumerated. Observer synchronization and compiled-reset consistency are diagnostics; saved DFA does not expose a valuation-parameterized semantic initializer, so E exactness is unverified.",False,UNVERIFIED_OUTSIDE_E_PRIME_SUFFICIENT_CONDITION,False,"[""*"",""endProcedure"",""procedure"",""startNewSpec_P_NEVER_STOP"",""startPump"",""stopOldSpec_P_MAINTEINANCE_GUARANTEED"",""stopOldSpec_P_PROCEDURE_IF_REQUEST"",""stopOldSpec_P_PROCEDURE_WHILE_STOPPED"",""stopOldSpec_P_PUMP_OFF_ONLY_OK_NOT_PENDING"",""stopPump""]","[{""initiating"":[""endProcedure"",""procedure"",""startPump"",""stopPump""],""kind"":""event_predicate"",""name"":""{endProcedure, procedure, startPump, stopPump}"",""reasons"":[""not_a_declared_fluent"",""non_update_initiating_label"",""non_update_terminating_label""],""terminating"":[""*""]}]",True,"{""computed_boundary"":0,""error"":"""",""initializer_mode"":""constant_after_hotSwapIn"",""monitor_initial"":0,""saved_boundary"":0}","The E-prime sufficient condition is not established. Event predicates or plant-fluent values can depend on pre-entry ordinary history; their valuation-parameterized reference languages remain unavailable. This is unverified, not a language counterexample; boundary diagnostics are reported separately."
powerplant,r1,R1_OTF_P_MAINTEINANCE_GUARANTEED_NEW,upd,3,2,2,"AfterStopBeforeStart_P_MAINTEINANCE_GUARANTEED_NEW;{endProcedure, procedure, startPump, stopPump}",constant_after_hotSwapIn,0,compiled actual monitor plus independent free-product BFS including absorbing ERROR,powerplant.json,False,False,False,7,112,4,3,NOT_USED_FOR_UPD,"{""fluent_values"":[true,false],""histories"":[[""stopOldSpec_P_MAINTEINANCE_GUARANTEED""],[""stopOldSpec_P_MAINTEINANCE_GUARANTEED"",""endProcedure"",""hotSwapIn""]],""monitor_states"":[1,-1]}","{""constant_initializer"":0,""history"":[""stopOldSpec_P_MAINTEINANCE_GUARANTEED"",""hotSwapIn""],""history_monitor_state"":1}",RS_UNTESTED,Free-product sufficient condition failed; this is not a plant-reachable RS counterexample.,NOT_APPLICABLE,NOT_APPLICABLE,,,,,,,,,,,,,,UNVERIFIED_ENTRY_VALUATION_LANGUAGE,False,NOT_APPLICABLE,False,NOT_APPLICABLE,NOT_APPLICABLE,"All one-shot free pre-entry observer valuations enumerated. Observer synchronization and compiled-reset consistency are diagnostics; saved DFA does not expose a valuation-parameterized semantic initializer, so E exactness is unverified.","[{""pre_entry_history"":[""stopOldSpec_P_MAINTEINANCE_GUARANTEED""],""entry_values"":[true,false],""post_entry_values"":[true,false],""canonical_post_entry_values"":[false,false],""kind"":""observer_difference_not_language_counterexample""}]",4,168,False,True,True,"[{""pre_entry_history"":[""stopOldSpec_P_MAINTEINANCE_GUARANTEED""],""entry_values"":[true,false],""post_entry_values"":[true,false],""canonical_post_entry_values"":[false,false],""kind"":""observer_difference_not_language_counterexample""}]",False,null,"All one-shot free pre-entry observer valuations enumerated. Observer synchronization and compiled-reset consistency are diagnostics; saved DFA does not expose a valuation-parameterized semantic initializer, so E exactness is unverified.",False,UNVERIFIED_OUTSIDE_E_PRIME_SUFFICIENT_CONDITION,False,"[""*"",""endProcedure"",""procedure"",""startNewSpec_P_MAINTEINANCE_GUARANTEED_NEW"",""startPump"",""stopOldSpec_P_MAINTEINANCE_GUARANTEED"",""stopOldSpec_P_PROCEDURE_IF_REQUEST"",""stopOldSpec_P_PROCEDURE_WHILE_STOPPED"",""stopOldSpec_P_PUMP_OFF_ONLY_OK_NOT_PENDING"",""stopPump""]","[{""initiating"":[""endProcedure"",""procedure"",""startPump"",""stopPump""],""kind"":""event_predicate"",""name"":""{endProcedure, procedure, startPump, stopPump}"",""reasons"":[""not_a_declared_fluent"",""non_update_initiating_label"",""non_update_terminating_label""],""terminating"":[""*""]}]",True,"{""computed_boundary"":0,""error"":"""",""initializer_mode"":""constant_after_hotSwapIn"",""monitor_initial"":0,""saved_boundary"":0}","The E-prime sufficient condition is not established. Event predicates or plant-fluent values can depend on pre-entry ordinary history; their valuation-parameterized reference languages remain unavailable. This is unverified, not a language counterexample; boundary diagnostics are reported separately."
powerplant,r1,R1_OTF_P_PROCEDURE_IF_REQUEST,upd,3,2,2,"AfterStopBeforeStart_P_PROCEDURE_IF_REQUEST;{endProcedure, procedure, startPump, stopPump}",constant_after_hotSwapIn,0,compiled actual monitor plus independent free-product BFS including absorbing ERROR,powerplant.json,False,False,False,7,112,4,3,NOT_USED_FOR_UPD,"{""fluent_values"":[true,false],""histories"":[[""stopOldSpec_P_MAINTEINANCE_GUARANTEED""],[""stopOldSpec_P_MAINTEINANCE_GUARANTEED"",""endProcedure"",""hotSwapIn""]],""monitor_states"":[1,-1]}","{""constant_initializer"":0,""history"":[""stopOldSpec_P_MAINTEINANCE_GUARANTEED"",""hotSwapIn""],""history_monitor_state"":1}",RS_UNTESTED,Free-product sufficient condition failed; this is not a plant-reachable RS counterexample.,NOT_APPLICABLE,NOT_APPLICABLE,,,,,,,,,,,,,,UNVERIFIED_ENTRY_VALUATION_LANGUAGE,False,NOT_APPLICABLE,False,NOT_APPLICABLE,NOT_APPLICABLE,"All one-shot free pre-entry observer valuations enumerated. Observer synchronization and compiled-reset consistency are diagnostics; saved DFA does not expose a valuation-parameterized semantic initializer, so E exactness is unverified.","[{""pre_entry_history"":[""stopOldSpec_P_MAINTEINANCE_GUARANTEED""],""entry_values"":[true,false],""post_entry_values"":[true,false],""canonical_post_entry_values"":[false,false],""kind"":""observer_difference_not_language_counterexample""}]",4,168,False,True,True,"[{""pre_entry_history"":[""stopOldSpec_P_MAINTEINANCE_GUARANTEED""],""entry_values"":[true,false],""post_entry_values"":[true,false],""canonical_post_entry_values"":[false,false],""kind"":""observer_difference_not_language_counterexample""}]",False,null,"All one-shot free pre-entry observer valuations enumerated. Observer synchronization and compiled-reset consistency are diagnostics; saved DFA does not expose a valuation-parameterized semantic initializer, so E exactness is unverified.",False,UNVERIFIED_OUTSIDE_E_PRIME_SUFFICIENT_CONDITION,False,"[""*"",""endProcedure"",""procedure"",""startNewSpec_P_PROCEDURE_IF_REQUEST"",""startPump"",""stopOldSpec_P_MAINTEINANCE_GUARANTEED"",""stopOldSpec_P_PROCEDURE_IF_REQUEST"",""stopOldSpec_P_PROCEDURE_WHILE_STOPPED"",""stopOldSpec_P_PUMP_OFF_ONLY_OK_NOT_PENDING"",""stopPump""]","[{""initiating"":[""endProcedure"",""procedure"",""startPump"",""stopPump""],""kind"":""event_predicate"",""name"":""{endProcedure, procedure, startPump, stopPump}"",""reasons"":[""not_a_declared_fluent"",""non_update_initiating_label"",""non_update_terminating_label""],""terminating"":[""*""]}]",True,"{""computed_boundary"":0,""error"":"""",""initializer_mode"":""constant_after_hotSwapIn"",""monitor_initial"":0,""saved_boundary"":0}","The E-prime sufficient condition is not established. Event predicates or plant-fluent values can depend on pre-entry ordinary history; their valuation-parameterized reference languages remain unavailable. This is unverified, not a language counterexample; boundary diagnostics are reported separately."
powerplant,r2,P_NEVER_STOP,new,2,1,1,stopPump,fluent_lookup_nonerror_entries,0,compiled actual monitor plus independent free-product BFS including absorbing ERROR,powerplant.json,False,False,False,3,48,2,1,True,"{""fluent_values"":[false],""histories"":[[],[""stopPump"",""endProcedure""]],""monitor_states"":[0,-1]}","{""constant_initializer"":0,""history"":[""stopPump"",""hotSwapIn""],""history_monitor_state"":-1}",RS_UNTESTED,Free-product sufficient condition failed; this is not a plant-reachable RS counterexample.,EXACT_ON_NONEMPTY_SAFE_ACTIVATION_DOMAIN,True,True,True,True,12,1,1,1,1,"[{""values"":[false],""state"":0}]",[],NOT_CHECKED_WITHOUT_PLANT,source-rule reconstruction; runtime lookup table not exported,"Sufficient only on actual non-error activation entries with nonempty safe-history set; empty safe-history intersections are universal, so inclusion alone is automatic. Full continuation-language equivalence is stronger than one-shot equivalence.",NOT_APPLICABLE,NOT_APPLICABLE,True,NOT_APPLICABLE,[],"Sufficient only on actual non-error activation entries with nonempty safe-history set; empty safe-history intersections are universal, so inclusion alone is automatic. Full continuation-language equivalence is stronger than one-shot equivalence.",NOT_APPLICABLE,NOT_APPLICABLE,,,,,,,,,,NOT_APPLICABLE,NOT_APPLICABLE,NOT_APPLICABLE,NOT_APPLICABLE,NOT_APPLICABLE,NOT_APPLICABLE,NOT_APPLICABLE,NOT_APPLICABLE
powerplant,r2,P_MAINTEINANCE_GUARANTEED_NEW,new,3,2,2,endProcedure;MainteinanceFinished,fluent_lookup_nonerror_entries,0,compiled actual monitor plus independent free-product BFS including absorbing ERROR,powerplant.json,False,False,False,7,112,4,3,True,"{""fluent_values"":[false,false],""histories"":[[],[""endProcedure"",""hotSwapIn""]],""monitor_states"":[0,-1]}","{""constant_initializer"":0,""history"":[""endProcedure"",""hotSwapIn""],""history_monitor_state"":-1}",RS_UNTESTED,Free-product sufficient condition failed; this is not a plant-reachable RS counterexample.,EXACT_ON_NONEMPTY_SAFE_ACTIVATION_DOMAIN,True,True,True,True,36,3,1,3,1,"[{""values"":[false,false],""state"":0},{""values"":[false,true],""state"":1},{""values"":[true,true],""state"":1}]",[],NOT_CHECKED_WITHOUT_PLANT,source-rule reconstruction; runtime lookup table not exported,"Sufficient only on actual non-error activation entries with nonempty safe-history set; empty safe-history intersections are universal, so inclusion alone is automatic. Full continuation-language equivalence is stronger than one-shot equivalence.",NOT_APPLICABLE,NOT_APPLICABLE,True,NOT_APPLICABLE,[],"Sufficient only on actual non-error activation entries with nonempty safe-history set; empty safe-history intersections are universal, so inclusion alone is automatic. Full continuation-language equivalence is stronger than one-shot equivalence.",NOT_APPLICABLE,NOT_APPLICABLE,,,,,,,,,,NOT_APPLICABLE,NOT_APPLICABLE,NOT_APPLICABLE,NOT_APPLICABLE,NOT_APPLICABLE,NOT_APPLICABLE,NOT_APPLICABLE,NOT_APPLICABLE
powerplant,r2,P_PROCEDURE_IF_REQUEST,new,3,2,2,procedure;RequestPending,fluent_lookup_nonerror_entries,0,compiled actual monitor plus independent free-product BFS including absorbing ERROR,powerplant.json,False,False,False,7,112,4,3,True,"{""fluent_values"":[false,false],""histories"":[[],[""procedure"",""endProcedure""]],""monitor_states"":[0,-1]}","{""constant_initializer"":0,""history"":[""procedure"",""hotSwapIn""],""history_monitor_state"":-1}",RS_UNTESTED,Free-product sufficient condition failed; this is not a plant-reachable RS counterexample.,EXACT_ON_NONEMPTY_SAFE_ACTIVATION_DOMAIN,True,True,True,True,36,3,1,3,1,"[{""values"":[false,false],""state"":0},{""values"":[false,true],""state"":1},{""values"":[true,true],""state"":1}]",[],NOT_CHECKED_WITHOUT_PLANT,source-rule reconstruction; runtime lookup table not exported,"Sufficient only on actual non-error activation entries with nonempty safe-history set; empty safe-history intersections are universal, so inclusion alone is automatic. Full continuation-language equivalence is stronger than one-shot equivalence.",NOT_APPLICABLE,NOT_APPLICABLE,True,NOT_APPLICABLE,[],"Sufficient only on actual non-error activation entries with nonempty safe-history set; empty safe-history intersections are universal, so inclusion alone is automatic. Full continuation-language equivalence is stronger than one-shot equivalence.",NOT_APPLICABLE,NOT_APPLICABLE,,,,,,,,,,NOT_APPLICABLE,NOT_APPLICABLE,NOT_APPLICABLE,NOT_APPLICABLE,NOT_APPLICABLE,NOT_APPLICABLE,NOT_APPLICABLE,NOT_APPLICABLE
powerplant,r2,R2_StopOldSpec_P_MAINTEINANCE_GUARANTEED,upd,3,2,3,Pending_StopOldSpec_P_MAINTEINANCE_GUARANTEED;Pending_Reconfigure_MAINTENANCE;Pending_Reconfigure_ENV,constant_after_hotSwapIn,1,compiled actual monitor plus independent free-product BFS including absorbing ERROR,powerplant.json,False,False,False,13,208,8,5,NOT_USED_FOR_UPD,"{""fluent_values"":[true,true,true],""histories"":[[""hotSwapIn""],[""hotSwapIn"",""reconfigure_ENV"",""hotSwapIn""]],""monitor_states"":[1,-1]}","{""constant_initializer"":1,""history"":[""hotSwapIn"",""reconfigure_ENV"",""hotSwapIn""],""history_monitor_state"":-1}",RS_UNTESTED,Free-product sufficient condition failed; this is not a plant-reachable RS counterexample.,NOT_APPLICABLE,NOT_APPLICABLE,,,,,,,,,,,,,,UNVERIFIED_ENTRY_VALUATION_LANGUAGE,False,NOT_APPLICABLE,False,NOT_APPLICABLE,NOT_APPLICABLE,"All one-shot free pre-entry observer valuations enumerated. Observer synchronization and compiled-reset consistency are diagnostics; saved DFA does not expose a valuation-parameterized semantic initializer, so E exactness is unverified.","[{""kind"":""missing_reference_language"",""reason"":""Compiled-reset and observer synchronization do not provide a valuation-parameterized semantic initializer.""}]",1,8,True,True,True,[],False,null,"All one-shot free pre-entry observer valuations enumerated. Observer synchronization and compiled-reset consistency are diagnostics; saved DFA does not expose a valuation-parameterized semantic initializer, so E exactness is unverified.",True,LEMMA_E_PRIME,True,"[""hotSwapIn"",""reconfigure_ENV"",""reconfigure_MAINTENANCE"",""stopOldSpec_P_MAINTEINANCE_GUARANTEED""]",[],True,"{""computed_boundary"":1,""error"":"""",""initializer_mode"":""constant_after_hotSwapIn"",""monitor_initial"":0,""saved_boundary"":1}","Lemma E-prime: every referenced observer is a declared fluent affected only by recognized update labels. No update label occurs before entry, so every entry has the declared initial valuation; the non-error constant initializer equals monitor state 0 after one hotSwapIn. Exact under the stated entry-scoped interpretation."
powerplant,r2,R2_StopOldSpec_P_PROCEDURE_IF_REQUEST,upd,3,2,3,Pending_StopOldSpec_P_PROCEDURE_IF_REQUEST;Pending_Reconfigure_MAINTENANCE;Pending_Reconfigure_ENV,constant_after_hotSwapIn,1,compiled actual monitor plus independent free-product BFS including absorbing ERROR,powerplant.json,False,False,False,13,208,8,5,NOT_USED_FOR_UPD,"{""fluent_values"":[true,true,true],""histories"":[[""hotSwapIn""],[""hotSwapIn"",""reconfigure_ENV"",""hotSwapIn""]],""monitor_states"":[1,-1]}","{""constant_initializer"":1,""history"":[""hotSwapIn"",""reconfigure_ENV"",""hotSwapIn""],""history_monitor_state"":-1}",RS_UNTESTED,Free-product sufficient condition failed; this is not a plant-reachable RS counterexample.,NOT_APPLICABLE,NOT_APPLICABLE,,,,,,,,,,,,,,UNVERIFIED_ENTRY_VALUATION_LANGUAGE,False,NOT_APPLICABLE,False,NOT_APPLICABLE,NOT_APPLICABLE,"All one-shot free pre-entry observer valuations enumerated. Observer synchronization and compiled-reset consistency are diagnostics; saved DFA does not expose a valuation-parameterized semantic initializer, so E exactness is unverified.","[{""kind"":""missing_reference_language"",""reason"":""Compiled-reset and observer synchronization do not provide a valuation-parameterized semantic initializer.""}]",1,8,True,True,True,[],False,null,"All one-shot free pre-entry observer valuations enumerated. Observer synchronization and compiled-reset consistency are diagnostics; saved DFA does not expose a valuation-parameterized semantic initializer, so E exactness is unverified.",True,LEMMA_E_PRIME,True,"[""hotSwapIn"",""reconfigure_ENV"",""reconfigure_MAINTENANCE"",""stopOldSpec_P_PROCEDURE_IF_REQUEST""]",[],True,"{""computed_boundary"":1,""error"":"""",""initializer_mode"":""constant_after_hotSwapIn"",""monitor_initial"":0,""saved_boundary"":1}","Lemma E-prime: every referenced observer is a declared fluent affected only by recognized update labels. No update label occurs before entry, so every entry has the declared initial valuation; the non-error constant initializer equals monitor state 0 after one hotSwapIn. Exact under the stated entry-scoped interpretation."
powerplant,r2,R2_StopOldSpec_P_PROCEDURE_WHILE_STOPPED,upd,3,2,2,Pending_StopOldSpec_P_PROCEDURE_WHILE_STOPPED;Pending_Reconfigure_ENV,constant_after_hotSwapIn,1,compiled actual monitor plus independent free-product BFS including absorbing ERROR,powerplant.json,False,False,False,7,112,4,3,NOT_USED_FOR_UPD,"{""fluent_values"":[true,true],""histories"":[[""hotSwapIn""],[""hotSwapIn"",""reconfigure_ENV"",""hotSwapIn""]],""monitor_states"":[1,-1]}","{""constant_initializer"":1,""history"":[""hotSwapIn"",""reconfigure_ENV"",""hotSwapIn""],""history_monitor_state"":-1}",RS_UNTESTED,Free-product sufficient condition failed; this is not a plant-reachable RS counterexample.,NOT_APPLICABLE,NOT_APPLICABLE,,,,,,,,,,,,,,UNVERIFIED_ENTRY_VALUATION_LANGUAGE,False,NOT_APPLICABLE,False,NOT_APPLICABLE,NOT_APPLICABLE,"All one-shot free pre-entry observer valuations enumerated. Observer synchronization and compiled-reset consistency are diagnostics; saved DFA does not expose a valuation-parameterized semantic initializer, so E exactness is unverified.","[{""kind"":""missing_reference_language"",""reason"":""Compiled-reset and observer synchronization do not provide a valuation-parameterized semantic initializer.""}]",1,4,True,True,True,[],False,null,"All one-shot free pre-entry observer valuations enumerated. Observer synchronization and compiled-reset consistency are diagnostics; saved DFA does not expose a valuation-parameterized semantic initializer, so E exactness is unverified.",True,LEMMA_E_PRIME,True,"[""hotSwapIn"",""reconfigure_ENV"",""stopOldSpec_P_PROCEDURE_WHILE_STOPPED""]",[],True,"{""computed_boundary"":1,""error"":"""",""initializer_mode"":""constant_after_hotSwapIn"",""monitor_initial"":0,""saved_boundary"":1}","Lemma E-prime: every referenced observer is a declared fluent affected only by recognized update labels. No update label occurs before entry, so every entry has the declared initial valuation; the non-error constant initializer equals monitor state 0 after one hotSwapIn. Exact under the stated entry-scoped interpretation."
powerplant,r2,R2_StopOldSpec_P_PUMP_OFF_ONLY_OK_NOT_PENDING,upd,3,2,3,Pending_StopOldSpec_P_PUMP_OFF_ONLY_OK_NOT_PENDING;Pending_Reconfigure_MAINTENANCE;Pending_Reconfigure_ENV,constant_after_hotSwapIn,1,compiled actual monitor plus independent free-product BFS including absorbing ERROR,powerplant.json,False,False,False,13,208,8,5,NOT_USED_FOR_UPD,"{""fluent_values"":[true,true,true],""histories"":[[""hotSwapIn""],[""hotSwapIn"",""reconfigure_ENV"",""hotSwapIn""]],""monitor_states"":[1,-1]}","{""constant_initializer"":1,""history"":[""hotSwapIn"",""reconfigure_ENV"",""hotSwapIn""],""history_monitor_state"":-1}",RS_UNTESTED,Free-product sufficient condition failed; this is not a plant-reachable RS counterexample.,NOT_APPLICABLE,NOT_APPLICABLE,,,,,,,,,,,,,,UNVERIFIED_ENTRY_VALUATION_LANGUAGE,False,NOT_APPLICABLE,False,NOT_APPLICABLE,NOT_APPLICABLE,"All one-shot free pre-entry observer valuations enumerated. Observer synchronization and compiled-reset consistency are diagnostics; saved DFA does not expose a valuation-parameterized semantic initializer, so E exactness is unverified.","[{""kind"":""missing_reference_language"",""reason"":""Compiled-reset and observer synchronization do not provide a valuation-parameterized semantic initializer.""}]",1,8,True,True,True,[],False,null,"All one-shot free pre-entry observer valuations enumerated. Observer synchronization and compiled-reset consistency are diagnostics; saved DFA does not expose a valuation-parameterized semantic initializer, so E exactness is unverified.",True,LEMMA_E_PRIME,True,"[""hotSwapIn"",""reconfigure_ENV"",""reconfigure_MAINTENANCE"",""stopOldSpec_P_PUMP_OFF_ONLY_OK_NOT_PENDING""]",[],True,"{""computed_boundary"":1,""error"":"""",""initializer_mode"":""constant_after_hotSwapIn"",""monitor_initial"":0,""saved_boundary"":1}","Lemma E-prime: every referenced observer is a declared fluent affected only by recognized update labels. No update label occurs before entry, so every entry has the declared initial valuation; the non-error constant initializer equals monitor state 0 after one hotSwapIn. Exact under the stated entry-scoped interpretation."
powerplant,r2,R2_StartNewSpec_P_NEVER_STOP,upd,3,2,2,Pending_StartNewSpec_P_NEVER_STOP;Pending_Reconfigure_ENV,constant_after_hotSwapIn,1,compiled actual monitor plus independent free-product BFS including absorbing ERROR,powerplant.json,False,False,False,7,112,4,3,NOT_USED_FOR_UPD,"{""fluent_values"":[true,true],""histories"":[[""hotSwapIn""],[""hotSwapIn"",""reconfigure_ENV"",""hotSwapIn""]],""monitor_states"":[1,-1]}","{""constant_initializer"":1,""history"":[""hotSwapIn"",""reconfigure_ENV"",""hotSwapIn""],""history_monitor_state"":-1}",RS_UNTESTED,Free-product sufficient condition failed; this is not a plant-reachable RS counterexample.,NOT_APPLICABLE,NOT_APPLICABLE,,,,,,,,,,,,,,UNVERIFIED_ENTRY_VALUATION_LANGUAGE,False,NOT_APPLICABLE,False,NOT_APPLICABLE,NOT_APPLICABLE,"All one-shot free pre-entry observer valuations enumerated. Observer synchronization and compiled-reset consistency are diagnostics; saved DFA does not expose a valuation-parameterized semantic initializer, so E exactness is unverified.","[{""kind"":""missing_reference_language"",""reason"":""Compiled-reset and observer synchronization do not provide a valuation-parameterized semantic initializer.""}]",1,4,True,True,True,[],False,null,"All one-shot free pre-entry observer valuations enumerated. Observer synchronization and compiled-reset consistency are diagnostics; saved DFA does not expose a valuation-parameterized semantic initializer, so E exactness is unverified.",True,LEMMA_E_PRIME,True,"[""hotSwapIn"",""reconfigure_ENV"",""startNewSpec_P_NEVER_STOP""]",[],True,"{""computed_boundary"":1,""error"":"""",""initializer_mode"":""constant_after_hotSwapIn"",""monitor_initial"":0,""saved_boundary"":1}","Lemma E-prime: every referenced observer is a declared fluent affected only by recognized update labels. No update label occurs before entry, so every entry has the declared initial valuation; the non-error constant initializer equals monitor state 0 after one hotSwapIn. Exact under the stated entry-scoped interpretation."
powerplant,r2,R2_StartNewSpec_P_MAINTEINANCE_GUARANTEED_NEW,upd,3,2,3,Pending_StartNewSpec_P_MAINTEINANCE_GUARANTEED_NEW;Pending_Reconfigure_MAINTENANCE;Pending_Reconfigure_ENV,constant_after_hotSwapIn,1,compiled actual monitor plus independent free-product BFS including absorbing ERROR,powerplant.json,False,False,False,13,208,8,5,NOT_USED_FOR_UPD,"{""fluent_values"":[true,true,true],""histories"":[[""hotSwapIn""],[""hotSwapIn"",""reconfigure_ENV"",""hotSwapIn""]],""monitor_states"":[1,-1]}","{""constant_initializer"":1,""history"":[""hotSwapIn"",""reconfigure_ENV"",""hotSwapIn""],""history_monitor_state"":-1}",RS_UNTESTED,Free-product sufficient condition failed; this is not a plant-reachable RS counterexample.,NOT_APPLICABLE,NOT_APPLICABLE,,,,,,,,,,,,,,UNVERIFIED_ENTRY_VALUATION_LANGUAGE,False,NOT_APPLICABLE,False,NOT_APPLICABLE,NOT_APPLICABLE,"All one-shot free pre-entry observer valuations enumerated. Observer synchronization and compiled-reset consistency are diagnostics; saved DFA does not expose a valuation-parameterized semantic initializer, so E exactness is unverified.","[{""kind"":""missing_reference_language"",""reason"":""Compiled-reset and observer synchronization do not provide a valuation-parameterized semantic initializer.""}]",1,8,True,True,True,[],False,null,"All one-shot free pre-entry observer valuations enumerated. Observer synchronization and compiled-reset consistency are diagnostics; saved DFA does not expose a valuation-parameterized semantic initializer, so E exactness is unverified.",True,LEMMA_E_PRIME,True,"[""hotSwapIn"",""reconfigure_ENV"",""reconfigure_MAINTENANCE"",""startNewSpec_P_MAINTEINANCE_GUARANTEED_NEW""]",[],True,"{""computed_boundary"":1,""error"":"""",""initializer_mode"":""constant_after_hotSwapIn"",""monitor_initial"":0,""saved_boundary"":1}","Lemma E-prime: every referenced observer is a declared fluent affected only by recognized update labels. No update label occurs before entry, so every entry has the declared initial valuation; the non-error constant initializer equals monitor state 0 after one hotSwapIn. Exact under the stated entry-scoped interpretation."
powerplant,r2,R2_StartNewSpec_P_PROCEDURE_IF_REQUEST,upd,3,2,3,Pending_StartNewSpec_P_PROCEDURE_IF_REQUEST;Pending_Reconfigure_MAINTENANCE;Pending_Reconfigure_ENV,constant_after_hotSwapIn,1,compiled actual monitor plus independent free-product BFS including absorbing ERROR,powerplant.json,False,False,False,13,208,8,5,NOT_USED_FOR_UPD,"{""fluent_values"":[true,true,true],""histories"":[[""hotSwapIn""],[""hotSwapIn"",""reconfigure_ENV"",""hotSwapIn""]],""monitor_states"":[1,-1]}","{""constant_initializer"":1,""history"":[""hotSwapIn"",""reconfigure_ENV"",""hotSwapIn""],""history_monitor_state"":-1}",RS_UNTESTED,Free-product sufficient condition failed; this is not a plant-reachable RS counterexample.,NOT_APPLICABLE,NOT_APPLICABLE,,,,,,,,,,,,,,UNVERIFIED_ENTRY_VALUATION_LANGUAGE,False,NOT_APPLICABLE,False,NOT_APPLICABLE,NOT_APPLICABLE,"All one-shot free pre-entry observer valuations enumerated. Observer synchronization and compiled-reset consistency are diagnostics; saved DFA does not expose a valuation-parameterized semantic initializer, so E exactness is unverified.","[{""kind"":""missing_reference_language"",""reason"":""Compiled-reset and observer synchronization do not provide a valuation-parameterized semantic initializer.""}]",1,8,True,True,True,[],False,null,"All one-shot free pre-entry observer valuations enumerated. Observer synchronization and compiled-reset consistency are diagnostics; saved DFA does not expose a valuation-parameterized semantic initializer, so E exactness is unverified.",True,LEMMA_E_PRIME,True,"[""hotSwapIn"",""reconfigure_ENV"",""reconfigure_MAINTENANCE"",""startNewSpec_P_PROCEDURE_IF_REQUEST""]",[],True,"{""computed_boundary"":1,""error"":"""",""initializer_mode"":""constant_after_hotSwapIn"",""monitor_initial"":0,""saved_boundary"":1}","Lemma E-prime: every referenced observer is a declared fluent affected only by recognized update labels. No update label occurs before entry, so every entry has the declared initial valuation; the non-error constant initializer equals monitor state 0 after one hotSwapIn. Exact under the stated entry-scoped interpretation."
productioncell_arms1,base,P_NEW_TOOL_ORDER_1,new,17,16,6,DrillPending.1;Painted.1;Cleaned.1;PaintPending.1;Drilled.1;CleanPending.1,fluent_lookup_nonerror_entries,0,compiled actual monitor plus independent free-product BFS including absorbing ERROR,productioncell_arms1.json,False,False,False,80,2240,64,16,True,"{""fluent_values"":[false,false,false,false,false,false],""histories"":[[],[""drill.1"",""drillNOk.1""]],""monitor_states"":[0,-1]}","{""constant_initializer"":0,""history"":[""clean.1"",""hotSwapIn""],""history_monitor_state"":4}",RS_UNTESTED,Free-product sufficient condition failed; this is not a plant-reachable RS counterexample.,EXACT_ON_NONEMPTY_SAFE_ACTIVATION_DOMAIN,True,True,True,True,16,16,30,16,30,"[{""values"":[false,false,false,false,false,false],""state"":0},{""values"":[false,false,false,false,false,true],""state"":4},{""values"":[false,false,false,false,true,false],""state"":1},{""values"":[false,false,true,false,false,false],""state"":3},{""values"":[false,false,true,false,false,true],""state"":9},{""values"":[false,false,true,false,true,false],""state"":6},{""values"":[false,false,true,true,false,false],""state"":8},{""values"":[false,false,true,true,false,true],""state"":13},{""values"":[false,true,false,false,false,false],""state"":2},{""values"":[false,true,false,false,true,false],""state"":5},{""values"":[false,true,true,false,false,false],""state"":7},{""values"":[false,true,true,false,true,false],""state"":10},{""values"":[false,true,true,true,false,false],""state"":12},{""values"":[true,true,true,false,false,false],""state"":11},{""values"":[true,true,true,false,true,false],""state"":14},{""values"":[true,true,true,true,false,false],""state"":15}]",[],NOT_CHECKED_WITHOUT_PLANT,source-rule reconstruction; runtime lookup table not exported,"Sufficient only on actual non-error activation entries with nonempty safe-history set; empty safe-history intersections are universal, so inclusion alone is automatic. Full continuation-language equivalence is stronger than one-shot equivalence.",NOT_APPLICABLE,NOT_APPLICABLE,True,NOT_APPLICABLE,[],"Sufficient only on actual non-error activation entries with nonempty safe-history set; empty safe-history intersections are universal, so inclusion alone is automatic. Full continuation-language equivalence is stronger than one-shot equivalence.",NOT_APPLICABLE,NOT_APPLICABLE,,,,,,,,,,NOT_APPLICABLE,NOT_APPLICABLE,NOT_APPLICABLE,NOT_APPLICABLE,NOT_APPLICABLE,NOT_APPLICABLE,NOT_APPLICABLE,NOT_APPLICABLE
productioncell_arms1,base,P_NEW_OUT_IF_FINISHED_1,new,9,8,4,out[1];Drilled.1;Cleaned.1;Painted.1,fluent_lookup_nonerror_entries,0,compiled actual monitor plus independent free-product BFS including absorbing ERROR,productioncell_arms1.json,False,False,False,25,700,16,9,True,"{""fluent_values"":[false,false,false,false],""histories"":[[],[""out.1"",""clean.1""]],""monitor_states"":[0,-1]}","{""constant_initializer"":0,""history"":[""cleanOk.1"",""hotSwapIn""],""history_monitor_state"":2}",RS_UNTESTED,Free-product sufficient condition failed; this is not a plant-reachable RS counterexample.,EXACT_ON_NONEMPTY_SAFE_ACTIVATION_DOMAIN,True,True,True,True,144,9,7,9,7,"[{""values"":[false,false,false,false],""state"":0},{""values"":[false,false,false,true],""state"":3},{""values"":[false,false,true,false],""state"":2},{""values"":[false,false,true,true],""state"":6},{""values"":[false,true,false,false],""state"":1},{""values"":[false,true,false,true],""state"":5},{""values"":[false,true,true,false],""state"":4},{""values"":[false,true,true,true],""state"":7},{""values"":[true,true,true,true],""state"":7}]",[],NOT_CHECKED_WITHOUT_PLANT,source-rule reconstruction; runtime lookup table not exported,"Sufficient only on actual non-error activation entries with nonempty safe-history set; empty safe-history intersections are universal, so inclusion alone is automatic. Full continuation-language equivalence is stronger than one-shot equivalence.",NOT_APPLICABLE,NOT_APPLICABLE,True,NOT_APPLICABLE,[],"Sufficient only on actual non-error activation entries with nonempty safe-history set; empty safe-history intersections are universal, so inclusion alone is automatic. Full continuation-language equivalence is stronger than one-shot equivalence.",NOT_APPLICABLE,NOT_APPLICABLE,,,,,,,,,,NOT_APPLICABLE,NOT_APPLICABLE,NOT_APPLICABLE,NOT_APPLICABLE,NOT_APPLICABLE,NOT_APPLICABLE,NOT_APPLICABLE,NOT_APPLICABLE
productioncell_arms1,base,P_DRILL_ONCE_1,new,3,2,2,drill[1];Drilled.1,fluent_lookup_nonerror_entries,0,compiled actual monitor plus independent free-product BFS including absorbing ERROR,productioncell_arms1.json,False,False,False,7,196,4,3,True,"{""fluent_values"":[false,true],""histories"":[[""drillOk.1""],[""drillOk.1"",""drill.1"",""clean.1""]],""monitor_states"":[1,-1]}","{""constant_initializer"":0,""history"":[""drillOk.1"",""hotSwapIn""],""history_monitor_state"":1}",RS_UNTESTED,Free-product sufficient condition failed; this is not a plant-reachable RS counterexample.,EXACT_ON_NONEMPTY_SAFE_ACTIVATION_DOMAIN,True,True,True,True,48,3,1,3,1,"[{""values"":[false,false],""state"":0},{""values"":[false,true],""state"":1},{""values"":[true,false],""state"":0}]",[],NOT_CHECKED_WITHOUT_PLANT,source-rule reconstruction; runtime lookup table not exported,"Sufficient only on actual non-error activation entries with nonempty safe-history set; empty safe-history intersections are universal, so inclusion alone is automatic. Full continuation-language equivalence is stronger than one-shot equivalence.",NOT_APPLICABLE,NOT_APPLICABLE,True,NOT_APPLICABLE,[],"Sufficient only on actual non-error activation entries with nonempty safe-history set; empty safe-history intersections are universal, so inclusion alone is automatic. Full continuation-language equivalence is stronger than one-shot equivalence.",NOT_APPLICABLE,NOT_APPLICABLE,,,,,,,,,,NOT_APPLICABLE,NOT_APPLICABLE,NOT_APPLICABLE,NOT_APPLICABLE,NOT_APPLICABLE,NOT_APPLICABLE,NOT_APPLICABLE,NOT_APPLICABLE
productioncell_arms1,base,P_CLEAN_ONCE_1,new,3,2,2,clean[1];Cleaned.1,fluent_lookup_nonerror_entries,0,compiled actual monitor plus independent free-product BFS including absorbing ERROR,productioncell_arms1.json,False,False,False,7,196,4,3,True,"{""fluent_values"":[false,true],""histories"":[[""cleanOk.1""],[""cleanOk.1"",""clean.1"",""cleanNOk.1""]],""monitor_states"":[1,-1]}","{""constant_initializer"":0,""history"":[""cleanOk.1"",""hotSwapIn""],""history_monitor_state"":1}",RS_UNTESTED,Free-product sufficient condition failed; this is not a plant-reachable RS counterexample.,EXACT_ON_NONEMPTY_SAFE_ACTIVATION_DOMAIN,True,True,True,True,48,3,1,3,1,"[{""values"":[false,false],""state"":0},{""values"":[false,true],""state"":1},{""values"":[true,false],""state"":0}]",[],NOT_CHECKED_WITHOUT_PLANT,source-rule reconstruction; runtime lookup table not exported,"Sufficient only on actual non-error activation entries with nonempty safe-history set; empty safe-history intersections are universal, so inclusion alone is automatic. Full continuation-language equivalence is stronger than one-shot equivalence.",NOT_APPLICABLE,NOT_APPLICABLE,True,NOT_APPLICABLE,[],"Sufficient only on actual non-error activation entries with nonempty safe-history set; empty safe-history intersections are universal, so inclusion alone is automatic. Full continuation-language equivalence is stronger than one-shot equivalence.",NOT_APPLICABLE,NOT_APPLICABLE,,,,,,,,,,NOT_APPLICABLE,NOT_APPLICABLE,NOT_APPLICABLE,NOT_APPLICABLE,NOT_APPLICABLE,NOT_APPLICABLE,NOT_APPLICABLE,NOT_APPLICABLE
productioncell_arms1,base,P_PAINT_ONCE_1,new,3,2,2,paint[1];Painted.1,fluent_lookup_nonerror_entries,0,compiled actual monitor plus independent free-product BFS including absorbing ERROR,productioncell_arms1.json,False,False,False,7,196,4,3,True,"{""fluent_values"":[false,true],""histories"":[[""paintOk.1""],[""paintOk.1"",""paint.1"",""clean.1""]],""monitor_states"":[1,-1]}","{""constant_initializer"":0,""history"":[""paintOk.1"",""hotSwapIn""],""history_monitor_state"":1}",RS_UNTESTED,Free-product sufficient condition failed; this is not a plant-reachable RS counterexample.,EXACT_ON_NONEMPTY_SAFE_ACTIVATION_DOMAIN,True,True,True,True,48,3,1,3,1,"[{""values"":[false,false],""state"":0},{""values"":[false,true],""state"":1},{""values"":[true,false],""state"":0}]",[],NOT_CHECKED_WITHOUT_PLANT,source-rule reconstruction; runtime lookup table not exported,"Sufficient only on actual non-error activation entries with nonempty safe-history set; empty safe-history intersections are universal, so inclusion alone is automatic. Full continuation-language equivalence is stronger than one-shot equivalence.",NOT_APPLICABLE,NOT_APPLICABLE,True,NOT_APPLICABLE,[],"Sufficient only on actual non-error activation entries with nonempty safe-history set; empty safe-history intersections are universal, so inclusion alone is automatic. Full continuation-language equivalence is stronger than one-shot equivalence.",NOT_APPLICABLE,NOT_APPLICABLE,,,,,,,,,,NOT_APPLICABLE,NOT_APPLICABLE,NOT_APPLICABLE,NOT_APPLICABLE,NOT_APPLICABLE,NOT_APPLICABLE,NOT_APPLICABLE,NOT_APPLICABLE
productioncell_arms1,base,P_AVOID_STAMPING_1,new,2,1,1,stamp[1],fluent_lookup_nonerror_entries,0,compiled actual monitor plus independent free-product BFS including absorbing ERROR,productioncell_arms1.json,False,False,False,3,84,2,1,True,"{""fluent_values"":[false],""histories"":[[],[""stamp.1"",""clean.1""]],""monitor_states"":[0,-1]}","{""constant_initializer"":0,""history"":[""stamp.1"",""hotSwapIn""],""history_monitor_state"":-1}",RS_UNTESTED,Free-product sufficient condition failed; this is not a plant-reachable RS counterexample.,EXACT_ON_NONEMPTY_SAFE_ACTIVATION_DOMAIN,True,True,True,True,16,1,1,1,1,"[{""values"":[false],""state"":0}]",[],NOT_CHECKED_WITHOUT_PLANT,source-rule reconstruction; runtime lookup table not exported,"Sufficient only on actual non-error activation entries with nonempty safe-history set; empty safe-history intersections are universal, so inclusion alone is automatic. Full continuation-language equivalence is stronger than one-shot equivalence.",NOT_APPLICABLE,NOT_APPLICABLE,True,NOT_APPLICABLE,[],"Sufficient only on actual non-error activation entries with nonempty safe-history set; empty safe-history intersections are universal, so inclusion alone is automatic. Full continuation-language equivalence is stronger than one-shot equivalence.",NOT_APPLICABLE,NOT_APPLICABLE,,,,,,,,,,NOT_APPLICABLE,NOT_APPLICABLE,NOT_APPLICABLE,NOT_APPLICABLE,NOT_APPLICABLE,NOT_APPLICABLE,NOT_APPLICABLE,NOT_APPLICABLE
productioncell_arms1,r1,P_NEW_TOOL_ORDER_1,new,17,16,6,DrillPending.1;Painted.1;Cleaned.1;PaintPending.1;Drilled.1;CleanPending.1,fluent_lookup_nonerror_entries,0,compiled actual monitor plus independent free-product BFS including absorbing ERROR,productioncell_arms1.json,False,False,False,80,2240,64,16,True,"{""fluent_values"":[false,false,false,false,false,false],""histories"":[[],[""drill.1"",""drillNOk.1""]],""monitor_states"":[0,-1]}","{""constant_initializer"":0,""history"":[""clean.1"",""hotSwapIn""],""history_monitor_state"":4}",RS_UNTESTED,Free-product sufficient condition failed; this is not a plant-reachable RS counterexample.,EXACT_ON_NONEMPTY_SAFE_ACTIVATION_DOMAIN,True,True,True,True,16,16,30,16,30,"[{""values"":[false,false,false,false,false,false],""state"":0},{""values"":[false,false,false,false,false,true],""state"":4},{""values"":[false,false,false,false,true,false],""state"":1},{""values"":[false,false,true,false,false,false],""state"":3},{""values"":[false,false,true,false,false,true],""state"":9},{""values"":[false,false,true,false,true,false],""state"":6},{""values"":[false,false,true,true,false,false],""state"":8},{""values"":[false,false,true,true,false,true],""state"":13},{""values"":[false,true,false,false,false,false],""state"":2},{""values"":[false,true,false,false,true,false],""state"":5},{""values"":[false,true,true,false,false,false],""state"":7},{""values"":[false,true,true,false,true,false],""state"":10},{""values"":[false,true,true,true,false,false],""state"":12},{""values"":[true,true,true,false,false,false],""state"":11},{""values"":[true,true,true,false,true,false],""state"":14},{""values"":[true,true,true,true,false,false],""state"":15}]",[],NOT_CHECKED_WITHOUT_PLANT,source-rule reconstruction; runtime lookup table not exported,"Sufficient only on actual non-error activation entries with nonempty safe-history set; empty safe-history intersections are universal, so inclusion alone is automatic. Full continuation-language equivalence is stronger than one-shot equivalence.",NOT_APPLICABLE,NOT_APPLICABLE,True,NOT_APPLICABLE,[],"Sufficient only on actual non-error activation entries with nonempty safe-history set; empty safe-history intersections are universal, so inclusion alone is automatic. Full continuation-language equivalence is stronger than one-shot equivalence.",NOT_APPLICABLE,NOT_APPLICABLE,,,,,,,,,,NOT_APPLICABLE,NOT_APPLICABLE,NOT_APPLICABLE,NOT_APPLICABLE,NOT_APPLICABLE,NOT_APPLICABLE,NOT_APPLICABLE,NOT_APPLICABLE
productioncell_arms1,r1,P_NEW_OUT_IF_FINISHED_1,new,9,8,4,out[1];Drilled.1;Cleaned.1;Painted.1,fluent_lookup_nonerror_entries,0,compiled actual monitor plus independent free-product BFS including absorbing ERROR,productioncell_arms1.json,False,False,False,25,700,16,9,True,"{""fluent_values"":[false,false,false,false],""histories"":[[],[""out.1"",""clean.1""]],""monitor_states"":[0,-1]}","{""constant_initializer"":0,""history"":[""cleanOk.1"",""hotSwapIn""],""history_monitor_state"":2}",RS_UNTESTED,Free-product sufficient condition failed; this is not a plant-reachable RS counterexample.,EXACT_ON_NONEMPTY_SAFE_ACTIVATION_DOMAIN,True,True,True,True,144,9,7,9,7,"[{""values"":[false,false,false,false],""state"":0},{""values"":[false,false,false,true],""state"":3},{""values"":[false,false,true,false],""state"":2},{""values"":[false,false,true,true],""state"":6},{""values"":[false,true,false,false],""state"":1},{""values"":[false,true,false,true],""state"":5},{""values"":[false,true,true,false],""state"":4},{""values"":[false,true,true,true],""state"":7},{""values"":[true,true,true,true],""state"":7}]",[],NOT_CHECKED_WITHOUT_PLANT,source-rule reconstruction; runtime lookup table not exported,"Sufficient only on actual non-error activation entries with nonempty safe-history set; empty safe-history intersections are universal, so inclusion alone is automatic. Full continuation-language equivalence is stronger than one-shot equivalence.",NOT_APPLICABLE,NOT_APPLICABLE,True,NOT_APPLICABLE,[],"Sufficient only on actual non-error activation entries with nonempty safe-history set; empty safe-history intersections are universal, so inclusion alone is automatic. Full continuation-language equivalence is stronger than one-shot equivalence.",NOT_APPLICABLE,NOT_APPLICABLE,,,,,,,,,,NOT_APPLICABLE,NOT_APPLICABLE,NOT_APPLICABLE,NOT_APPLICABLE,NOT_APPLICABLE,NOT_APPLICABLE,NOT_APPLICABLE,NOT_APPLICABLE
productioncell_arms1,r1,P_DRILL_ONCE_1,new,3,2,2,drill[1];Drilled.1,fluent_lookup_nonerror_entries,0,compiled actual monitor plus independent free-product BFS including absorbing ERROR,productioncell_arms1.json,False,False,False,7,196,4,3,True,"{""fluent_values"":[false,true],""histories"":[[""drillOk.1""],[""drillOk.1"",""drill.1"",""clean.1""]],""monitor_states"":[1,-1]}","{""constant_initializer"":0,""history"":[""drillOk.1"",""hotSwapIn""],""history_monitor_state"":1}",RS_UNTESTED,Free-product sufficient condition failed; this is not a plant-reachable RS counterexample.,EXACT_ON_NONEMPTY_SAFE_ACTIVATION_DOMAIN,True,True,True,True,48,3,1,3,1,"[{""values"":[false,false],""state"":0},{""values"":[false,true],""state"":1},{""values"":[true,false],""state"":0}]",[],NOT_CHECKED_WITHOUT_PLANT,source-rule reconstruction; runtime lookup table not exported,"Sufficient only on actual non-error activation entries with nonempty safe-history set; empty safe-history intersections are universal, so inclusion alone is automatic. Full continuation-language equivalence is stronger than one-shot equivalence.",NOT_APPLICABLE,NOT_APPLICABLE,True,NOT_APPLICABLE,[],"Sufficient only on actual non-error activation entries with nonempty safe-history set; empty safe-history intersections are universal, so inclusion alone is automatic. Full continuation-language equivalence is stronger than one-shot equivalence.",NOT_APPLICABLE,NOT_APPLICABLE,,,,,,,,,,NOT_APPLICABLE,NOT_APPLICABLE,NOT_APPLICABLE,NOT_APPLICABLE,NOT_APPLICABLE,NOT_APPLICABLE,NOT_APPLICABLE,NOT_APPLICABLE
productioncell_arms1,r1,P_CLEAN_ONCE_1,new,3,2,2,clean[1];Cleaned.1,fluent_lookup_nonerror_entries,0,compiled actual monitor plus independent free-product BFS including absorbing ERROR,productioncell_arms1.json,False,False,False,7,196,4,3,True,"{""fluent_values"":[false,true],""histories"":[[""cleanOk.1""],[""cleanOk.1"",""clean.1"",""cleanNOk.1""]],""monitor_states"":[1,-1]}","{""constant_initializer"":0,""history"":[""cleanOk.1"",""hotSwapIn""],""history_monitor_state"":1}",RS_UNTESTED,Free-product sufficient condition failed; this is not a plant-reachable RS counterexample.,EXACT_ON_NONEMPTY_SAFE_ACTIVATION_DOMAIN,True,True,True,True,48,3,1,3,1,"[{""values"":[false,false],""state"":0},{""values"":[false,true],""state"":1},{""values"":[true,false],""state"":0}]",[],NOT_CHECKED_WITHOUT_PLANT,source-rule reconstruction; runtime lookup table not exported,"Sufficient only on actual non-error activation entries with nonempty safe-history set; empty safe-history intersections are universal, so inclusion alone is automatic. Full continuation-language equivalence is stronger than one-shot equivalence.",NOT_APPLICABLE,NOT_APPLICABLE,True,NOT_APPLICABLE,[],"Sufficient only on actual non-error activation entries with nonempty safe-history set; empty safe-history intersections are universal, so inclusion alone is automatic. Full continuation-language equivalence is stronger than one-shot equivalence.",NOT_APPLICABLE,NOT_APPLICABLE,,,,,,,,,,NOT_APPLICABLE,NOT_APPLICABLE,NOT_APPLICABLE,NOT_APPLICABLE,NOT_APPLICABLE,NOT_APPLICABLE,NOT_APPLICABLE,NOT_APPLICABLE
productioncell_arms1,r1,P_PAINT_ONCE_1,new,3,2,2,paint[1];Painted.1,fluent_lookup_nonerror_entries,0,compiled actual monitor plus independent free-product BFS including absorbing ERROR,productioncell_arms1.json,False,False,False,7,196,4,3,True,"{""fluent_values"":[false,true],""histories"":[[""paintOk.1""],[""paintOk.1"",""paint.1"",""clean.1""]],""monitor_states"":[1,-1]}","{""constant_initializer"":0,""history"":[""paintOk.1"",""hotSwapIn""],""history_monitor_state"":1}",RS_UNTESTED,Free-product sufficient condition failed; this is not a plant-reachable RS counterexample.,EXACT_ON_NONEMPTY_SAFE_ACTIVATION_DOMAIN,True,True,True,True,48,3,1,3,1,"[{""values"":[false,false],""state"":0},{""values"":[false,true],""state"":1},{""values"":[true,false],""state"":0}]",[],NOT_CHECKED_WITHOUT_PLANT,source-rule reconstruction; runtime lookup table not exported,"Sufficient only on actual non-error activation entries with nonempty safe-history set; empty safe-history intersections are universal, so inclusion alone is automatic. Full continuation-language equivalence is stronger than one-shot equivalence.",NOT_APPLICABLE,NOT_APPLICABLE,True,NOT_APPLICABLE,[],"Sufficient only on actual non-error activation entries with nonempty safe-history set; empty safe-history intersections are universal, so inclusion alone is automatic. Full continuation-language equivalence is stronger than one-shot equivalence.",NOT_APPLICABLE,NOT_APPLICABLE,,,,,,,,,,NOT_APPLICABLE,NOT_APPLICABLE,NOT_APPLICABLE,NOT_APPLICABLE,NOT_APPLICABLE,NOT_APPLICABLE,NOT_APPLICABLE,NOT_APPLICABLE
productioncell_arms1,r1,P_AVOID_STAMPING_1,new,2,1,1,stamp[1],fluent_lookup_nonerror_entries,0,compiled actual monitor plus independent free-product BFS including absorbing ERROR,productioncell_arms1.json,False,False,False,3,84,2,1,True,"{""fluent_values"":[false],""histories"":[[],[""stamp.1"",""clean.1""]],""monitor_states"":[0,-1]}","{""constant_initializer"":0,""history"":[""stamp.1"",""hotSwapIn""],""history_monitor_state"":-1}",RS_UNTESTED,Free-product sufficient condition failed; this is not a plant-reachable RS counterexample.,EXACT_ON_NONEMPTY_SAFE_ACTIVATION_DOMAIN,True,True,True,True,16,1,1,1,1,"[{""values"":[false],""state"":0}]",[],NOT_CHECKED_WITHOUT_PLANT,source-rule reconstruction; runtime lookup table not exported,"Sufficient only on actual non-error activation entries with nonempty safe-history set; empty safe-history intersections are universal, so inclusion alone is automatic. Full continuation-language equivalence is stronger than one-shot equivalence.",NOT_APPLICABLE,NOT_APPLICABLE,True,NOT_APPLICABLE,[],"Sufficient only on actual non-error activation entries with nonempty safe-history set; empty safe-history intersections are universal, so inclusion alone is automatic. Full continuation-language equivalence is stronger than one-shot equivalence.",NOT_APPLICABLE,NOT_APPLICABLE,,,,,,,,,,NOT_APPLICABLE,NOT_APPLICABLE,NOT_APPLICABLE,NOT_APPLICABLE,NOT_APPLICABLE,NOT_APPLICABLE,NOT_APPLICABLE,NOT_APPLICABLE
productioncell_arms1,r1,R1_OTF_P_NEW_TOOL_ORDER_1,upd,3,2,2,"AfterStopBeforeStart_P_NEW_TOOL_ORDER_1;{clean, drill, paint, polish, stamp}[1]",constant_after_hotSwapIn,0,compiled actual monitor plus independent free-product BFS including absorbing ERROR,productioncell_arms1.json,False,False,False,7,196,4,3,NOT_USED_FOR_UPD,"{""fluent_values"":[true,false],""histories"":[[""stopOldSpec_P_AVOID_STAMPING_1""],[""stopOldSpec_P_AVOID_STAMPING_1"",""clean.1"",""cleanNOk.1""]],""monitor_states"":[1,-1]}","{""constant_initializer"":0,""history"":[""stopOldSpec_P_AVOID_STAMPING_1"",""hotSwapIn""],""history_monitor_state"":1}",RS_UNTESTED,Free-product sufficient condition failed; this is not a plant-reachable RS counterexample.,NOT_APPLICABLE,NOT_APPLICABLE,,,,,,,,,,,,,,UNVERIFIED_ENTRY_VALUATION_LANGUAGE,False,NOT_APPLICABLE,False,NOT_APPLICABLE,NOT_APPLICABLE,"All one-shot free pre-entry observer valuations enumerated. Observer synchronization and compiled-reset consistency are diagnostics; saved DFA does not expose a valuation-parameterized semantic initializer, so E exactness is unverified.","[{""pre_entry_history"":[""stopOldSpec_P_AVOID_STAMPING_1""],""entry_values"":[true,false],""post_entry_values"":[true,false],""canonical_post_entry_values"":[false,false],""kind"":""observer_difference_not_language_counterexample""}]",4,320,False,True,True,"[{""pre_entry_history"":[""stopOldSpec_P_AVOID_STAMPING_1""],""entry_values"":[true,false],""post_entry_values"":[true,false],""canonical_post_entry_values"":[false,false],""kind"":""observer_difference_not_language_counterexample""}]",False,null,"All one-shot free pre-entry observer valuations enumerated. Observer synchronization and compiled-reset consistency are diagnostics; saved DFA does not expose a valuation-parameterized semantic initializer, so E exactness is unverified.",False,UNVERIFIED_OUTSIDE_E_PRIME_SUFFICIENT_CONDITION,False,"[""*"",""clean.1"",""drill.1"",""paint.1"",""polish.1"",""stamp.1"",""startNewSpec_P_NEW_TOOL_ORDER_1"",""stopOldSpec_P_AVOID_STAMPING_1"",""stopOldSpec_P_CLEAN_ONCE_1"",""stopOldSpec_P_DRILL_ONCE_1"",""stopOldSpec_P_OLD_OUT_IF_FINISHED_1"",""stopOldSpec_P_OLD_TOOL_ORDER_1"",""stopOldSpec_P_POLISH_ONCE_1""]","[{""initiating"":[""clean.1"",""drill.1"",""paint.1"",""polish.1"",""stamp.1""],""kind"":""event_predicate"",""name"":""{clean, drill, paint, polish, stamp}[1]"",""reasons"":[""not_a_declared_fluent"",""non_update_initiating_label"",""non_update_terminating_label""],""terminating"":[""*""]}]",True,"{""computed_boundary"":0,""error"":"""",""initializer_mode"":""constant_after_hotSwapIn"",""monitor_initial"":0,""saved_boundary"":0}","The E-prime sufficient condition is not established. Event predicates or plant-fluent values can depend on pre-entry ordinary history; their valuation-parameterized reference languages remain unavailable. This is unverified, not a language counterexample; boundary diagnostics are reported separately."
productioncell_arms1,r1,R1_OTF_P_AVOID_STAMPING_1,upd,3,2,2,"AfterStopBeforeStart_P_AVOID_STAMPING_1;{clean, drill, paint, polish, stamp}[1]",constant_after_hotSwapIn,0,compiled actual monitor plus independent free-product BFS including absorbing ERROR,productioncell_arms1.json,False,False,False,7,196,4,3,NOT_USED_FOR_UPD,"{""fluent_values"":[true,false],""histories"":[[""stopOldSpec_P_AVOID_STAMPING_1""],[""stopOldSpec_P_AVOID_STAMPING_1"",""clean.1"",""cleanNOk.1""]],""monitor_states"":[1,-1]}","{""constant_initializer"":0,""history"":[""stopOldSpec_P_AVOID_STAMPING_1"",""hotSwapIn""],""history_monitor_state"":1}",RS_UNTESTED,Free-product sufficient condition failed; this is not a plant-reachable RS counterexample.,NOT_APPLICABLE,NOT_APPLICABLE,,,,,,,,,,,,,,UNVERIFIED_ENTRY_VALUATION_LANGUAGE,False,NOT_APPLICABLE,False,NOT_APPLICABLE,NOT_APPLICABLE,"All one-shot free pre-entry observer valuations enumerated. Observer synchronization and compiled-reset consistency are diagnostics; saved DFA does not expose a valuation-parameterized semantic initializer, so E exactness is unverified.","[{""pre_entry_history"":[""stopOldSpec_P_AVOID_STAMPING_1""],""entry_values"":[true,false],""post_entry_values"":[true,false],""canonical_post_entry_values"":[false,false],""kind"":""observer_difference_not_language_counterexample""}]",4,320,False,True,True,"[{""pre_entry_history"":[""stopOldSpec_P_AVOID_STAMPING_1""],""entry_values"":[true,false],""post_entry_values"":[true,false],""canonical_post_entry_values"":[false,false],""kind"":""observer_difference_not_language_counterexample""}]",False,null,"All one-shot free pre-entry observer valuations enumerated. Observer synchronization and compiled-reset consistency are diagnostics; saved DFA does not expose a valuation-parameterized semantic initializer, so E exactness is unverified.",False,UNVERIFIED_OUTSIDE_E_PRIME_SUFFICIENT_CONDITION,False,"[""*"",""clean.1"",""drill.1"",""paint.1"",""polish.1"",""stamp.1"",""startNewSpec_P_AVOID_STAMPING_1"",""stopOldSpec_P_AVOID_STAMPING_1"",""stopOldSpec_P_CLEAN_ONCE_1"",""stopOldSpec_P_DRILL_ONCE_1"",""stopOldSpec_P_OLD_OUT_IF_FINISHED_1"",""stopOldSpec_P_OLD_TOOL_ORDER_1"",""stopOldSpec_P_POLISH_ONCE_1""]","[{""initiating"":[""clean.1"",""drill.1"",""paint.1"",""polish.1"",""stamp.1""],""kind"":""event_predicate"",""name"":""{clean, drill, paint, polish, stamp}[1]"",""reasons"":[""not_a_declared_fluent"",""non_update_initiating_label"",""non_update_terminating_label""],""terminating"":[""*""]}]",True,"{""computed_boundary"":0,""error"":"""",""initializer_mode"":""constant_after_hotSwapIn"",""monitor_initial"":0,""saved_boundary"":0}","The E-prime sufficient condition is not established. Event predicates or plant-fluent values can depend on pre-entry ordinary history; their valuation-parameterized reference languages remain unavailable. This is unverified, not a language counterexample; boundary diagnostics are reported separately."
productioncell_arms1,r1,R1_OTF_P_NEW_OUT_IF_FINISHED_1,upd,3,2,2,"AfterStopBeforeStart_P_NEW_OUT_IF_FINISHED_1;{clean, drill, paint, polish, stamp}[1]",constant_after_hotSwapIn,0,compiled actual monitor plus independent free-product BFS including absorbing ERROR,productioncell_arms1.json,False,False,False,7,196,4,3,NOT_USED_FOR_UPD,"{""fluent_values"":[true,false],""histories"":[[""stopOldSpec_P_AVOID_STAMPING_1""],[""stopOldSpec_P_AVOID_STAMPING_1"",""clean.1"",""cleanNOk.1""]],""monitor_states"":[1,-1]}","{""constant_initializer"":0,""history"":[""stopOldSpec_P_AVOID_STAMPING_1"",""hotSwapIn""],""history_monitor_state"":1}",RS_UNTESTED,Free-product sufficient condition failed; this is not a plant-reachable RS counterexample.,NOT_APPLICABLE,NOT_APPLICABLE,,,,,,,,,,,,,,UNVERIFIED_ENTRY_VALUATION_LANGUAGE,False,NOT_APPLICABLE,False,NOT_APPLICABLE,NOT_APPLICABLE,"All one-shot free pre-entry observer valuations enumerated. Observer synchronization and compiled-reset consistency are diagnostics; saved DFA does not expose a valuation-parameterized semantic initializer, so E exactness is unverified.","[{""pre_entry_history"":[""stopOldSpec_P_AVOID_STAMPING_1""],""entry_values"":[true,false],""post_entry_values"":[true,false],""canonical_post_entry_values"":[false,false],""kind"":""observer_difference_not_language_counterexample""}]",4,320,False,True,True,"[{""pre_entry_history"":[""stopOldSpec_P_AVOID_STAMPING_1""],""entry_values"":[true,false],""post_entry_values"":[true,false],""canonical_post_entry_values"":[false,false],""kind"":""observer_difference_not_language_counterexample""}]",False,null,"All one-shot free pre-entry observer valuations enumerated. Observer synchronization and compiled-reset consistency are diagnostics; saved DFA does not expose a valuation-parameterized semantic initializer, so E exactness is unverified.",False,UNVERIFIED_OUTSIDE_E_PRIME_SUFFICIENT_CONDITION,False,"[""*"",""clean.1"",""drill.1"",""paint.1"",""polish.1"",""stamp.1"",""startNewSpec_P_NEW_OUT_IF_FINISHED_1"",""stopOldSpec_P_AVOID_STAMPING_1"",""stopOldSpec_P_CLEAN_ONCE_1"",""stopOldSpec_P_DRILL_ONCE_1"",""stopOldSpec_P_OLD_OUT_IF_FINISHED_1"",""stopOldSpec_P_OLD_TOOL_ORDER_1"",""stopOldSpec_P_POLISH_ONCE_1""]","[{""initiating"":[""clean.1"",""drill.1"",""paint.1"",""polish.1"",""stamp.1""],""kind"":""event_predicate"",""name"":""{clean, drill, paint, polish, stamp}[1]"",""reasons"":[""not_a_declared_fluent"",""non_update_initiating_label"",""non_update_terminating_label""],""terminating"":[""*""]}]",True,"{""computed_boundary"":0,""error"":"""",""initializer_mode"":""constant_after_hotSwapIn"",""monitor_initial"":0,""saved_boundary"":0}","The E-prime sufficient condition is not established. Event predicates or plant-fluent values can depend on pre-entry ordinary history; their valuation-parameterized reference languages remain unavailable. This is unverified, not a language counterexample; boundary diagnostics are reported separately."
productioncell_arms1,r1,R1_OTF_P_PAINT_ONCE_1,upd,3,2,2,"AfterStopBeforeStart_P_PAINT_ONCE_1;{clean, drill, paint, polish, stamp}[1]",constant_after_hotSwapIn,0,compiled actual monitor plus independent free-product BFS including absorbing ERROR,productioncell_arms1.json,False,False,False,7,196,4,3,NOT_USED_FOR_UPD,"{""fluent_values"":[true,false],""histories"":[[""stopOldSpec_P_AVOID_STAMPING_1""],[""stopOldSpec_P_AVOID_STAMPING_1"",""clean.1"",""cleanNOk.1""]],""monitor_states"":[1,-1]}","{""constant_initializer"":0,""history"":[""stopOldSpec_P_AVOID_STAMPING_1"",""hotSwapIn""],""history_monitor_state"":1}",RS_UNTESTED,Free-product sufficient condition failed; this is not a plant-reachable RS counterexample.,NOT_APPLICABLE,NOT_APPLICABLE,,,,,,,,,,,,,,UNVERIFIED_ENTRY_VALUATION_LANGUAGE,False,NOT_APPLICABLE,False,NOT_APPLICABLE,NOT_APPLICABLE,"All one-shot free pre-entry observer valuations enumerated. Observer synchronization and compiled-reset consistency are diagnostics; saved DFA does not expose a valuation-parameterized semantic initializer, so E exactness is unverified.","[{""pre_entry_history"":[""stopOldSpec_P_AVOID_STAMPING_1""],""entry_values"":[true,false],""post_entry_values"":[true,false],""canonical_post_entry_values"":[false,false],""kind"":""observer_difference_not_language_counterexample""}]",4,320,False,True,True,"[{""pre_entry_history"":[""stopOldSpec_P_AVOID_STAMPING_1""],""entry_values"":[true,false],""post_entry_values"":[true,false],""canonical_post_entry_values"":[false,false],""kind"":""observer_difference_not_language_counterexample""}]",False,null,"All one-shot free pre-entry observer valuations enumerated. Observer synchronization and compiled-reset consistency are diagnostics; saved DFA does not expose a valuation-parameterized semantic initializer, so E exactness is unverified.",False,UNVERIFIED_OUTSIDE_E_PRIME_SUFFICIENT_CONDITION,False,"[""*"",""clean.1"",""drill.1"",""paint.1"",""polish.1"",""stamp.1"",""startNewSpec_P_PAINT_ONCE_1"",""stopOldSpec_P_AVOID_STAMPING_1"",""stopOldSpec_P_CLEAN_ONCE_1"",""stopOldSpec_P_DRILL_ONCE_1"",""stopOldSpec_P_OLD_OUT_IF_FINISHED_1"",""stopOldSpec_P_OLD_TOOL_ORDER_1"",""stopOldSpec_P_POLISH_ONCE_1""]","[{""initiating"":[""clean.1"",""drill.1"",""paint.1"",""polish.1"",""stamp.1""],""kind"":""event_predicate"",""name"":""{clean, drill, paint, polish, stamp}[1]"",""reasons"":[""not_a_declared_fluent"",""non_update_initiating_label"",""non_update_terminating_label""],""terminating"":[""*""]}]",True,"{""computed_boundary"":0,""error"":"""",""initializer_mode"":""constant_after_hotSwapIn"",""monitor_initial"":0,""saved_boundary"":0}","The E-prime sufficient condition is not established. Event predicates or plant-fluent values can depend on pre-entry ordinary history; their valuation-parameterized reference languages remain unavailable. This is unverified, not a language counterexample; boundary diagnostics are reported separately."
productioncell_arms1,r1,R1_OTF_P_CLEAN_ONCE_1,upd,3,2,2,"AfterStopBeforeStart_P_CLEAN_ONCE_1;{clean, drill, paint, polish, stamp}[1]",constant_after_hotSwapIn,0,compiled actual monitor plus independent free-product BFS including absorbing ERROR,productioncell_arms1.json,False,False,False,7,196,4,3,NOT_USED_FOR_UPD,"{""fluent_values"":[true,false],""histories"":[[""stopOldSpec_P_AVOID_STAMPING_1""],[""stopOldSpec_P_AVOID_STAMPING_1"",""clean.1"",""cleanNOk.1""]],""monitor_states"":[1,-1]}","{""constant_initializer"":0,""history"":[""stopOldSpec_P_AVOID_STAMPING_1"",""hotSwapIn""],""history_monitor_state"":1}",RS_UNTESTED,Free-product sufficient condition failed; this is not a plant-reachable RS counterexample.,NOT_APPLICABLE,NOT_APPLICABLE,,,,,,,,,,,,,,UNVERIFIED_ENTRY_VALUATION_LANGUAGE,False,NOT_APPLICABLE,False,NOT_APPLICABLE,NOT_APPLICABLE,"All one-shot free pre-entry observer valuations enumerated. Observer synchronization and compiled-reset consistency are diagnostics; saved DFA does not expose a valuation-parameterized semantic initializer, so E exactness is unverified.","[{""pre_entry_history"":[""stopOldSpec_P_AVOID_STAMPING_1""],""entry_values"":[true,false],""post_entry_values"":[true,false],""canonical_post_entry_values"":[false,false],""kind"":""observer_difference_not_language_counterexample""}]",4,320,False,True,True,"[{""pre_entry_history"":[""stopOldSpec_P_AVOID_STAMPING_1""],""entry_values"":[true,false],""post_entry_values"":[true,false],""canonical_post_entry_values"":[false,false],""kind"":""observer_difference_not_language_counterexample""}]",False,null,"All one-shot free pre-entry observer valuations enumerated. Observer synchronization and compiled-reset consistency are diagnostics; saved DFA does not expose a valuation-parameterized semantic initializer, so E exactness is unverified.",False,UNVERIFIED_OUTSIDE_E_PRIME_SUFFICIENT_CONDITION,False,"[""*"",""clean.1"",""drill.1"",""paint.1"",""polish.1"",""stamp.1"",""startNewSpec_P_CLEAN_ONCE_1"",""stopOldSpec_P_AVOID_STAMPING_1"",""stopOldSpec_P_CLEAN_ONCE_1"",""stopOldSpec_P_DRILL_ONCE_1"",""stopOldSpec_P_OLD_OUT_IF_FINISHED_1"",""stopOldSpec_P_OLD_TOOL_ORDER_1"",""stopOldSpec_P_POLISH_ONCE_1""]","[{""initiating"":[""clean.1"",""drill.1"",""paint.1"",""polish.1"",""stamp.1""],""kind"":""event_predicate"",""name"":""{clean, drill, paint, polish, stamp}[1]"",""reasons"":[""not_a_declared_fluent"",""non_update_initiating_label"",""non_update_terminating_label""],""terminating"":[""*""]}]",True,"{""computed_boundary"":0,""error"":"""",""initializer_mode"":""constant_after_hotSwapIn"",""monitor_initial"":0,""saved_boundary"":0}","The E-prime sufficient condition is not established. Event predicates or plant-fluent values can depend on pre-entry ordinary history; their valuation-parameterized reference languages remain unavailable. This is unverified, not a language counterexample; boundary diagnostics are reported separately."
productioncell_arms1,r1,R1_OTF_P_DRILL_ONCE_1,upd,3,2,2,"AfterStopBeforeStart_P_DRILL_ONCE_1;{clean, drill, paint, polish, stamp}[1]",constant_after_hotSwapIn,0,compiled actual monitor plus independent free-product BFS including absorbing ERROR,productioncell_arms1.json,False,False,False,7,196,4,3,NOT_USED_FOR_UPD,"{""fluent_values"":[true,false],""histories"":[[""stopOldSpec_P_AVOID_STAMPING_1""],[""stopOldSpec_P_AVOID_STAMPING_1"",""clean.1"",""cleanNOk.1""]],""monitor_states"":[1,-1]}","{""constant_initializer"":0,""history"":[""stopOldSpec_P_AVOID_STAMPING_1"",""hotSwapIn""],""history_monitor_state"":1}",RS_UNTESTED,Free-product sufficient condition failed; this is not a plant-reachable RS counterexample.,NOT_APPLICABLE,NOT_APPLICABLE,,,,,,,,,,,,,,UNVERIFIED_ENTRY_VALUATION_LANGUAGE,False,NOT_APPLICABLE,False,NOT_APPLICABLE,NOT_APPLICABLE,"All one-shot free pre-entry observer valuations enumerated. Observer synchronization and compiled-reset consistency are diagnostics; saved DFA does not expose a valuation-parameterized semantic initializer, so E exactness is unverified.","[{""pre_entry_history"":[""stopOldSpec_P_AVOID_STAMPING_1""],""entry_values"":[true,false],""post_entry_values"":[true,false],""canonical_post_entry_values"":[false,false],""kind"":""observer_difference_not_language_counterexample""}]",4,320,False,True,True,"[{""pre_entry_history"":[""stopOldSpec_P_AVOID_STAMPING_1""],""entry_values"":[true,false],""post_entry_values"":[true,false],""canonical_post_entry_values"":[false,false],""kind"":""observer_difference_not_language_counterexample""}]",False,null,"All one-shot free pre-entry observer valuations enumerated. Observer synchronization and compiled-reset consistency are diagnostics; saved DFA does not expose a valuation-parameterized semantic initializer, so E exactness is unverified.",False,UNVERIFIED_OUTSIDE_E_PRIME_SUFFICIENT_CONDITION,False,"[""*"",""clean.1"",""drill.1"",""paint.1"",""polish.1"",""stamp.1"",""startNewSpec_P_DRILL_ONCE_1"",""stopOldSpec_P_AVOID_STAMPING_1"",""stopOldSpec_P_CLEAN_ONCE_1"",""stopOldSpec_P_DRILL_ONCE_1"",""stopOldSpec_P_OLD_OUT_IF_FINISHED_1"",""stopOldSpec_P_OLD_TOOL_ORDER_1"",""stopOldSpec_P_POLISH_ONCE_1""]","[{""initiating"":[""clean.1"",""drill.1"",""paint.1"",""polish.1"",""stamp.1""],""kind"":""event_predicate"",""name"":""{clean, drill, paint, polish, stamp}[1]"",""reasons"":[""not_a_declared_fluent"",""non_update_initiating_label"",""non_update_terminating_label""],""terminating"":[""*""]}]",True,"{""computed_boundary"":0,""error"":"""",""initializer_mode"":""constant_after_hotSwapIn"",""monitor_initial"":0,""saved_boundary"":0}","The E-prime sufficient condition is not established. Event predicates or plant-fluent values can depend on pre-entry ordinary history; their valuation-parameterized reference languages remain unavailable. This is unverified, not a language counterexample; boundary diagnostics are reported separately."
productioncell_arms1,r2,P_NEW_TOOL_ORDER_1,new,17,16,6,DrillPending.1;Painted.1;Cleaned.1;PaintPending.1;Drilled.1;CleanPending.1,fluent_lookup_nonerror_entries,0,compiled actual monitor plus independent free-product BFS including absorbing ERROR,productioncell_arms1.json,False,False,False,80,2240,64,16,True,"{""fluent_values"":[false,false,false,false,false,false],""histories"":[[],[""drill.1"",""drillNOk.1""]],""monitor_states"":[0,-1]}","{""constant_initializer"":0,""history"":[""clean.1"",""hotSwapIn""],""history_monitor_state"":4}",RS_UNTESTED,Free-product sufficient condition failed; this is not a plant-reachable RS counterexample.,EXACT_ON_NONEMPTY_SAFE_ACTIVATION_DOMAIN,True,True,True,True,16,16,30,16,30,"[{""values"":[false,false,false,false,false,false],""state"":0},{""values"":[false,false,false,false,false,true],""state"":4},{""values"":[false,false,false,false,true,false],""state"":1},{""values"":[false,false,true,false,false,false],""state"":3},{""values"":[false,false,true,false,false,true],""state"":9},{""values"":[false,false,true,false,true,false],""state"":6},{""values"":[false,false,true,true,false,false],""state"":8},{""values"":[false,false,true,true,false,true],""state"":13},{""values"":[false,true,false,false,false,false],""state"":2},{""values"":[false,true,false,false,true,false],""state"":5},{""values"":[false,true,true,false,false,false],""state"":7},{""values"":[false,true,true,false,true,false],""state"":10},{""values"":[false,true,true,true,false,false],""state"":12},{""values"":[true,true,true,false,false,false],""state"":11},{""values"":[true,true,true,false,true,false],""state"":14},{""values"":[true,true,true,true,false,false],""state"":15}]",[],NOT_CHECKED_WITHOUT_PLANT,source-rule reconstruction; runtime lookup table not exported,"Sufficient only on actual non-error activation entries with nonempty safe-history set; empty safe-history intersections are universal, so inclusion alone is automatic. Full continuation-language equivalence is stronger than one-shot equivalence.",NOT_APPLICABLE,NOT_APPLICABLE,True,NOT_APPLICABLE,[],"Sufficient only on actual non-error activation entries with nonempty safe-history set; empty safe-history intersections are universal, so inclusion alone is automatic. Full continuation-language equivalence is stronger than one-shot equivalence.",NOT_APPLICABLE,NOT_APPLICABLE,,,,,,,,,,NOT_APPLICABLE,NOT_APPLICABLE,NOT_APPLICABLE,NOT_APPLICABLE,NOT_APPLICABLE,NOT_APPLICABLE,NOT_APPLICABLE,NOT_APPLICABLE
productioncell_arms1,r2,P_NEW_OUT_IF_FINISHED_1,new,9,8,4,out[1];Drilled.1;Cleaned.1;Painted.1,fluent_lookup_nonerror_entries,0,compiled actual monitor plus independent free-product BFS including absorbing ERROR,productioncell_arms1.json,False,False,False,25,700,16,9,True,"{""fluent_values"":[false,false,false,false],""histories"":[[],[""out.1"",""clean.1""]],""monitor_states"":[0,-1]}","{""constant_initializer"":0,""history"":[""cleanOk.1"",""hotSwapIn""],""history_monitor_state"":2}",RS_UNTESTED,Free-product sufficient condition failed; this is not a plant-reachable RS counterexample.,EXACT_ON_NONEMPTY_SAFE_ACTIVATION_DOMAIN,True,True,True,True,144,9,7,9,7,"[{""values"":[false,false,false,false],""state"":0},{""values"":[false,false,false,true],""state"":3},{""values"":[false,false,true,false],""state"":2},{""values"":[false,false,true,true],""state"":6},{""values"":[false,true,false,false],""state"":1},{""values"":[false,true,false,true],""state"":5},{""values"":[false,true,true,false],""state"":4},{""values"":[false,true,true,true],""state"":7},{""values"":[true,true,true,true],""state"":7}]",[],NOT_CHECKED_WITHOUT_PLANT,source-rule reconstruction; runtime lookup table not exported,"Sufficient only on actual non-error activation entries with nonempty safe-history set; empty safe-history intersections are universal, so inclusion alone is automatic. Full continuation-language equivalence is stronger than one-shot equivalence.",NOT_APPLICABLE,NOT_APPLICABLE,True,NOT_APPLICABLE,[],"Sufficient only on actual non-error activation entries with nonempty safe-history set; empty safe-history intersections are universal, so inclusion alone is automatic. Full continuation-language equivalence is stronger than one-shot equivalence.",NOT_APPLICABLE,NOT_APPLICABLE,,,,,,,,,,NOT_APPLICABLE,NOT_APPLICABLE,NOT_APPLICABLE,NOT_APPLICABLE,NOT_APPLICABLE,NOT_APPLICABLE,NOT_APPLICABLE,NOT_APPLICABLE
productioncell_arms1,r2,P_DRILL_ONCE_1,new,3,2,2,drill[1];Drilled.1,fluent_lookup_nonerror_entries,0,compiled actual monitor plus independent free-product BFS including absorbing ERROR,productioncell_arms1.json,False,False,False,7,196,4,3,True,"{""fluent_values"":[false,true],""histories"":[[""drillOk.1""],[""drillOk.1"",""drill.1"",""clean.1""]],""monitor_states"":[1,-1]}","{""constant_initializer"":0,""history"":[""drillOk.1"",""hotSwapIn""],""history_monitor_state"":1}",RS_UNTESTED,Free-product sufficient condition failed; this is not a plant-reachable RS counterexample.,EXACT_ON_NONEMPTY_SAFE_ACTIVATION_DOMAIN,True,True,True,True,48,3,1,3,1,"[{""values"":[false,false],""state"":0},{""values"":[false,true],""state"":1},{""values"":[true,false],""state"":0}]",[],NOT_CHECKED_WITHOUT_PLANT,source-rule reconstruction; runtime lookup table not exported,"Sufficient only on actual non-error activation entries with nonempty safe-history set; empty safe-history intersections are universal, so inclusion alone is automatic. Full continuation-language equivalence is stronger than one-shot equivalence.",NOT_APPLICABLE,NOT_APPLICABLE,True,NOT_APPLICABLE,[],"Sufficient only on actual non-error activation entries with nonempty safe-history set; empty safe-history intersections are universal, so inclusion alone is automatic. Full continuation-language equivalence is stronger than one-shot equivalence.",NOT_APPLICABLE,NOT_APPLICABLE,,,,,,,,,,NOT_APPLICABLE,NOT_APPLICABLE,NOT_APPLICABLE,NOT_APPLICABLE,NOT_APPLICABLE,NOT_APPLICABLE,NOT_APPLICABLE,NOT_APPLICABLE
productioncell_arms1,r2,P_CLEAN_ONCE_1,new,3,2,2,clean[1];Cleaned.1,fluent_lookup_nonerror_entries,0,compiled actual monitor plus independent free-product BFS including absorbing ERROR,productioncell_arms1.json,False,False,False,7,196,4,3,True,"{""fluent_values"":[false,true],""histories"":[[""cleanOk.1""],[""cleanOk.1"",""clean.1"",""cleanNOk.1""]],""monitor_states"":[1,-1]}","{""constant_initializer"":0,""history"":[""cleanOk.1"",""hotSwapIn""],""history_monitor_state"":1}",RS_UNTESTED,Free-product sufficient condition failed; this is not a plant-reachable RS counterexample.,EXACT_ON_NONEMPTY_SAFE_ACTIVATION_DOMAIN,True,True,True,True,48,3,1,3,1,"[{""values"":[false,false],""state"":0},{""values"":[false,true],""state"":1},{""values"":[true,false],""state"":0}]",[],NOT_CHECKED_WITHOUT_PLANT,source-rule reconstruction; runtime lookup table not exported,"Sufficient only on actual non-error activation entries with nonempty safe-history set; empty safe-history intersections are universal, so inclusion alone is automatic. Full continuation-language equivalence is stronger than one-shot equivalence.",NOT_APPLICABLE,NOT_APPLICABLE,True,NOT_APPLICABLE,[],"Sufficient only on actual non-error activation entries with nonempty safe-history set; empty safe-history intersections are universal, so inclusion alone is automatic. Full continuation-language equivalence is stronger than one-shot equivalence.",NOT_APPLICABLE,NOT_APPLICABLE,,,,,,,,,,NOT_APPLICABLE,NOT_APPLICABLE,NOT_APPLICABLE,NOT_APPLICABLE,NOT_APPLICABLE,NOT_APPLICABLE,NOT_APPLICABLE,NOT_APPLICABLE
productioncell_arms1,r2,P_PAINT_ONCE_1,new,3,2,2,paint[1];Painted.1,fluent_lookup_nonerror_entries,0,compiled actual monitor plus independent free-product BFS including absorbing ERROR,productioncell_arms1.json,False,False,False,7,196,4,3,True,"{""fluent_values"":[false,true],""histories"":[[""paintOk.1""],[""paintOk.1"",""paint.1"",""clean.1""]],""monitor_states"":[1,-1]}","{""constant_initializer"":0,""history"":[""paintOk.1"",""hotSwapIn""],""history_monitor_state"":1}",RS_UNTESTED,Free-product sufficient condition failed; this is not a plant-reachable RS counterexample.,EXACT_ON_NONEMPTY_SAFE_ACTIVATION_DOMAIN,True,True,True,True,48,3,1,3,1,"[{""values"":[false,false],""state"":0},{""values"":[false,true],""state"":1},{""values"":[true,false],""state"":0}]",[],NOT_CHECKED_WITHOUT_PLANT,source-rule reconstruction; runtime lookup table not exported,"Sufficient only on actual non-error activation entries with nonempty safe-history set; empty safe-history intersections are universal, so inclusion alone is automatic. Full continuation-language equivalence is stronger than one-shot equivalence.",NOT_APPLICABLE,NOT_APPLICABLE,True,NOT_APPLICABLE,[],"Sufficient only on actual non-error activation entries with nonempty safe-history set; empty safe-history intersections are universal, so inclusion alone is automatic. Full continuation-language equivalence is stronger than one-shot equivalence.",NOT_APPLICABLE,NOT_APPLICABLE,,,,,,,,,,NOT_APPLICABLE,NOT_APPLICABLE,NOT_APPLICABLE,NOT_APPLICABLE,NOT_APPLICABLE,NOT_APPLICABLE,NOT_APPLICABLE,NOT_APPLICABLE
productioncell_arms1,r2,P_AVOID_STAMPING_1,new,2,1,1,stamp[1],fluent_lookup_nonerror_entries,0,compiled actual monitor plus independent free-product BFS including absorbing ERROR,productioncell_arms1.json,False,False,False,3,84,2,1,True,"{""fluent_values"":[false],""histories"":[[],[""stamp.1"",""clean.1""]],""monitor_states"":[0,-1]}","{""constant_initializer"":0,""history"":[""stamp.1"",""hotSwapIn""],""history_monitor_state"":-1}",RS_UNTESTED,Free-product sufficient condition failed; this is not a plant-reachable RS counterexample.,EXACT_ON_NONEMPTY_SAFE_ACTIVATION_DOMAIN,True,True,True,True,16,1,1,1,1,"[{""values"":[false],""state"":0}]",[],NOT_CHECKED_WITHOUT_PLANT,source-rule reconstruction; runtime lookup table not exported,"Sufficient only on actual non-error activation entries with nonempty safe-history set; empty safe-history intersections are universal, so inclusion alone is automatic. Full continuation-language equivalence is stronger than one-shot equivalence.",NOT_APPLICABLE,NOT_APPLICABLE,True,NOT_APPLICABLE,[],"Sufficient only on actual non-error activation entries with nonempty safe-history set; empty safe-history intersections are universal, so inclusion alone is automatic. Full continuation-language equivalence is stronger than one-shot equivalence.",NOT_APPLICABLE,NOT_APPLICABLE,,,,,,,,,,NOT_APPLICABLE,NOT_APPLICABLE,NOT_APPLICABLE,NOT_APPLICABLE,NOT_APPLICABLE,NOT_APPLICABLE,NOT_APPLICABLE,NOT_APPLICABLE
productioncell_arms1,r2,R2_StopOldSpec_P_POLISH_ONCE_1,upd,3,2,2,Pending_StopOldSpec_P_POLISH_ONCE_1;Pending_Reconfigure_PRODUCTION_CELL_1,constant_after_hotSwapIn,1,compiled actual monitor plus independent free-product BFS including absorbing ERROR,productioncell_arms1.json,False,False,False,7,196,4,3,NOT_USED_FOR_UPD,"{""fluent_values"":[true,true],""histories"":[[""hotSwapIn""],[""hotSwapIn"",""reconfigure_PRODUCTION_CELL_1"",""hotSwapIn""]],""monitor_states"":[1,-1]}","{""constant_initializer"":1,""history"":[""hotSwapIn"",""reconfigure_PRODUCTION_CELL_1"",""hotSwapIn""],""history_monitor_state"":-1}",RS_UNTESTED,Free-product sufficient condition failed; this is not a plant-reachable RS counterexample.,NOT_APPLICABLE,NOT_APPLICABLE,,,,,,,,,,,,,,UNVERIFIED_ENTRY_VALUATION_LANGUAGE,False,NOT_APPLICABLE,False,NOT_APPLICABLE,NOT_APPLICABLE,"All one-shot free pre-entry observer valuations enumerated. Observer synchronization and compiled-reset consistency are diagnostics; saved DFA does not expose a valuation-parameterized semantic initializer, so E exactness is unverified.","[{""kind"":""missing_reference_language"",""reason"":""Compiled-reset and observer synchronization do not provide a valuation-parameterized semantic initializer.""}]",1,4,True,True,True,[],False,null,"All one-shot free pre-entry observer valuations enumerated. Observer synchronization and compiled-reset consistency are diagnostics; saved DFA does not expose a valuation-parameterized semantic initializer, so E exactness is unverified.",True,LEMMA_E_PRIME,True,"[""hotSwapIn"",""reconfigure_PRODUCTION_CELL_1"",""stopOldSpec_P_POLISH_ONCE_1""]",[],True,"{""computed_boundary"":1,""error"":"""",""initializer_mode"":""constant_after_hotSwapIn"",""monitor_initial"":0,""saved_boundary"":1}","Lemma E-prime: every referenced observer is a declared fluent affected only by recognized update labels. No update label occurs before entry, so every entry has the declared initial valuation; the non-error constant initializer equals monitor state 0 after one hotSwapIn. Exact under the stated entry-scoped interpretation."
productioncell_arms1,r2,R2_StopOldSpec_P_CLEAN_ONCE_1,upd,3,2,2,Pending_StopOldSpec_P_CLEAN_ONCE_1;Pending_Reconfigure_PRODUCTION_CELL_1,constant_after_hotSwapIn,1,compiled actual monitor plus independent free-product BFS including absorbing ERROR,productioncell_arms1.json,False,False,False,7,196,4,3,NOT_USED_FOR_UPD,"{""fluent_values"":[true,true],""histories"":[[""hotSwapIn""],[""hotSwapIn"",""reconfigure_PRODUCTION_CELL_1"",""hotSwapIn""]],""monitor_states"":[1,-1]}","{""constant_initializer"":1,""history"":[""hotSwapIn"",""reconfigure_PRODUCTION_CELL_1"",""hotSwapIn""],""history_monitor_state"":-1}",RS_UNTESTED,Free-product sufficient condition failed; this is not a plant-reachable RS counterexample.,NOT_APPLICABLE,NOT_APPLICABLE,,,,,,,,,,,,,,UNVERIFIED_ENTRY_VALUATION_LANGUAGE,False,NOT_APPLICABLE,False,NOT_APPLICABLE,NOT_APPLICABLE,"All one-shot free pre-entry observer valuations enumerated. Observer synchronization and compiled-reset consistency are diagnostics; saved DFA does not expose a valuation-parameterized semantic initializer, so E exactness is unverified.","[{""kind"":""missing_reference_language"",""reason"":""Compiled-reset and observer synchronization do not provide a valuation-parameterized semantic initializer.""}]",1,4,True,True,True,[],False,null,"All one-shot free pre-entry observer valuations enumerated. Observer synchronization and compiled-reset consistency are diagnostics; saved DFA does not expose a valuation-parameterized semantic initializer, so E exactness is unverified.",True,LEMMA_E_PRIME,True,"[""hotSwapIn"",""reconfigure_PRODUCTION_CELL_1"",""stopOldSpec_P_CLEAN_ONCE_1""]",[],True,"{""computed_boundary"":1,""error"":"""",""initializer_mode"":""constant_after_hotSwapIn"",""monitor_initial"":0,""saved_boundary"":1}","Lemma E-prime: every referenced observer is a declared fluent affected only by recognized update labels. No update label occurs before entry, so every entry has the declared initial valuation; the non-error constant initializer equals monitor state 0 after one hotSwapIn. Exact under the stated entry-scoped interpretation."
productioncell_arms1,r2,R2_StopOldSpec_P_DRILL_ONCE_1,upd,3,2,2,Pending_StopOldSpec_P_DRILL_ONCE_1;Pending_Reconfigure_PRODUCTION_CELL_1,constant_after_hotSwapIn,1,compiled actual monitor plus independent free-product BFS including absorbing ERROR,productioncell_arms1.json,False,False,False,7,196,4,3,NOT_USED_FOR_UPD,"{""fluent_values"":[true,true],""histories"":[[""hotSwapIn""],[""hotSwapIn"",""reconfigure_PRODUCTION_CELL_1"",""hotSwapIn""]],""monitor_states"":[1,-1]}","{""constant_initializer"":1,""history"":[""hotSwapIn"",""reconfigure_PRODUCTION_CELL_1"",""hotSwapIn""],""history_monitor_state"":-1}",RS_UNTESTED,Free-product sufficient condition failed; this is not a plant-reachable RS counterexample.,NOT_APPLICABLE,NOT_APPLICABLE,,,,,,,,,,,,,,UNVERIFIED_ENTRY_VALUATION_LANGUAGE,False,NOT_APPLICABLE,False,NOT_APPLICABLE,NOT_APPLICABLE,"All one-shot free pre-entry observer valuations enumerated. Observer synchronization and compiled-reset consistency are diagnostics; saved DFA does not expose a valuation-parameterized semantic initializer, so E exactness is unverified.","[{""kind"":""missing_reference_language"",""reason"":""Compiled-reset and observer synchronization do not provide a valuation-parameterized semantic initializer.""}]",1,4,True,True,True,[],False,null,"All one-shot free pre-entry observer valuations enumerated. Observer synchronization and compiled-reset consistency are diagnostics; saved DFA does not expose a valuation-parameterized semantic initializer, so E exactness is unverified.",True,LEMMA_E_PRIME,True,"[""hotSwapIn"",""reconfigure_PRODUCTION_CELL_1"",""stopOldSpec_P_DRILL_ONCE_1""]",[],True,"{""computed_boundary"":1,""error"":"""",""initializer_mode"":""constant_after_hotSwapIn"",""monitor_initial"":0,""saved_boundary"":1}","Lemma E-prime: every referenced observer is a declared fluent affected only by recognized update labels. No update label occurs before entry, so every entry has the declared initial valuation; the non-error constant initializer equals monitor state 0 after one hotSwapIn. Exact under the stated entry-scoped interpretation."
productioncell_arms1,r2,R2_StopOldSpec_P_OLD_OUT_IF_FINISHED_1,upd,3,2,2,Pending_StopOldSpec_P_OLD_OUT_IF_FINISHED_1;Pending_Reconfigure_PRODUCTION_CELL_1,constant_after_hotSwapIn,1,compiled actual monitor plus independent free-product BFS including absorbing ERROR,productioncell_arms1.json,False,False,False,7,196,4,3,NOT_USED_FOR_UPD,"{""fluent_values"":[true,true],""histories"":[[""hotSwapIn""],[""hotSwapIn"",""reconfigure_PRODUCTION_CELL_1"",""hotSwapIn""]],""monitor_states"":[1,-1]}","{""constant_initializer"":1,""history"":[""hotSwapIn"",""reconfigure_PRODUCTION_CELL_1"",""hotSwapIn""],""history_monitor_state"":-1}",RS_UNTESTED,Free-product sufficient condition failed; this is not a plant-reachable RS counterexample.,NOT_APPLICABLE,NOT_APPLICABLE,,,,,,,,,,,,,,UNVERIFIED_ENTRY_VALUATION_LANGUAGE,False,NOT_APPLICABLE,False,NOT_APPLICABLE,NOT_APPLICABLE,"All one-shot free pre-entry observer valuations enumerated. Observer synchronization and compiled-reset consistency are diagnostics; saved DFA does not expose a valuation-parameterized semantic initializer, so E exactness is unverified.","[{""kind"":""missing_reference_language"",""reason"":""Compiled-reset and observer synchronization do not provide a valuation-parameterized semantic initializer.""}]",1,4,True,True,True,[],False,null,"All one-shot free pre-entry observer valuations enumerated. Observer synchronization and compiled-reset consistency are diagnostics; saved DFA does not expose a valuation-parameterized semantic initializer, so E exactness is unverified.",True,LEMMA_E_PRIME,True,"[""hotSwapIn"",""reconfigure_PRODUCTION_CELL_1"",""stopOldSpec_P_OLD_OUT_IF_FINISHED_1""]",[],True,"{""computed_boundary"":1,""error"":"""",""initializer_mode"":""constant_after_hotSwapIn"",""monitor_initial"":0,""saved_boundary"":1}","Lemma E-prime: every referenced observer is a declared fluent affected only by recognized update labels. No update label occurs before entry, so every entry has the declared initial valuation; the non-error constant initializer equals monitor state 0 after one hotSwapIn. Exact under the stated entry-scoped interpretation."
productioncell_arms1,r2,R2_StopOldSpec_P_OLD_TOOL_ORDER_1,upd,3,2,2,Pending_StopOldSpec_P_OLD_TOOL_ORDER_1;Pending_Reconfigure_PRODUCTION_CELL_1,constant_after_hotSwapIn,1,compiled actual monitor plus independent free-product BFS including absorbing ERROR,productioncell_arms1.json,False,False,False,7,196,4,3,NOT_USED_FOR_UPD,"{""fluent_values"":[true,true],""histories"":[[""hotSwapIn""],[""hotSwapIn"",""reconfigure_PRODUCTION_CELL_1"",""hotSwapIn""]],""monitor_states"":[1,-1]}","{""constant_initializer"":1,""history"":[""hotSwapIn"",""reconfigure_PRODUCTION_CELL_1"",""hotSwapIn""],""history_monitor_state"":-1}",RS_UNTESTED,Free-product sufficient condition failed; this is not a plant-reachable RS counterexample.,NOT_APPLICABLE,NOT_APPLICABLE,,,,,,,,,,,,,,UNVERIFIED_ENTRY_VALUATION_LANGUAGE,False,NOT_APPLICABLE,False,NOT_APPLICABLE,NOT_APPLICABLE,"All one-shot free pre-entry observer valuations enumerated. Observer synchronization and compiled-reset consistency are diagnostics; saved DFA does not expose a valuation-parameterized semantic initializer, so E exactness is unverified.","[{""kind"":""missing_reference_language"",""reason"":""Compiled-reset and observer synchronization do not provide a valuation-parameterized semantic initializer.""}]",1,4,True,True,True,[],False,null,"All one-shot free pre-entry observer valuations enumerated. Observer synchronization and compiled-reset consistency are diagnostics; saved DFA does not expose a valuation-parameterized semantic initializer, so E exactness is unverified.",True,LEMMA_E_PRIME,True,"[""hotSwapIn"",""reconfigure_PRODUCTION_CELL_1"",""stopOldSpec_P_OLD_TOOL_ORDER_1""]",[],True,"{""computed_boundary"":1,""error"":"""",""initializer_mode"":""constant_after_hotSwapIn"",""monitor_initial"":0,""saved_boundary"":1}","Lemma E-prime: every referenced observer is a declared fluent affected only by recognized update labels. No update label occurs before entry, so every entry has the declared initial valuation; the non-error constant initializer equals monitor state 0 after one hotSwapIn. Exact under the stated entry-scoped interpretation."
productioncell_arms1,r2,R2_StopOldSpec_P_AVOID_STAMPING_1,upd,3,2,2,Pending_StopOldSpec_P_AVOID_STAMPING_1;Pending_Reconfigure_PRODUCTION_CELL_1,constant_after_hotSwapIn,1,compiled actual monitor plus independent free-product BFS including absorbing ERROR,productioncell_arms1.json,False,False,False,7,196,4,3,NOT_USED_FOR_UPD,"{""fluent_values"":[true,true],""histories"":[[""hotSwapIn""],[""hotSwapIn"",""reconfigure_PRODUCTION_CELL_1"",""hotSwapIn""]],""monitor_states"":[1,-1]}","{""constant_initializer"":1,""history"":[""hotSwapIn"",""reconfigure_PRODUCTION_CELL_1"",""hotSwapIn""],""history_monitor_state"":-1}",RS_UNTESTED,Free-product sufficient condition failed; this is not a plant-reachable RS counterexample.,NOT_APPLICABLE,NOT_APPLICABLE,,,,,,,,,,,,,,UNVERIFIED_ENTRY_VALUATION_LANGUAGE,False,NOT_APPLICABLE,False,NOT_APPLICABLE,NOT_APPLICABLE,"All one-shot free pre-entry observer valuations enumerated. Observer synchronization and compiled-reset consistency are diagnostics; saved DFA does not expose a valuation-parameterized semantic initializer, so E exactness is unverified.","[{""kind"":""missing_reference_language"",""reason"":""Compiled-reset and observer synchronization do not provide a valuation-parameterized semantic initializer.""}]",1,4,True,True,True,[],False,null,"All one-shot free pre-entry observer valuations enumerated. Observer synchronization and compiled-reset consistency are diagnostics; saved DFA does not expose a valuation-parameterized semantic initializer, so E exactness is unverified.",True,LEMMA_E_PRIME,True,"[""hotSwapIn"",""reconfigure_PRODUCTION_CELL_1"",""stopOldSpec_P_AVOID_STAMPING_1""]",[],True,"{""computed_boundary"":1,""error"":"""",""initializer_mode"":""constant_after_hotSwapIn"",""monitor_initial"":0,""saved_boundary"":1}","Lemma E-prime: every referenced observer is a declared fluent affected only by recognized update labels. No update label occurs before entry, so every entry has the declared initial valuation; the non-error constant initializer equals monitor state 0 after one hotSwapIn. Exact under the stated entry-scoped interpretation."
productioncell_arms1,r2,R2_StartNewSpec_P_NEW_TOOL_ORDER_1,upd,3,2,2,Pending_StartNewSpec_P_NEW_TOOL_ORDER_1;Pending_Reconfigure_PRODUCTION_CELL_1,constant_after_hotSwapIn,1,compiled actual monitor plus independent free-product BFS including absorbing ERROR,productioncell_arms1.json,False,False,False,7,196,4,3,NOT_USED_FOR_UPD,"{""fluent_values"":[true,true],""histories"":[[""hotSwapIn""],[""hotSwapIn"",""reconfigure_PRODUCTION_CELL_1"",""hotSwapIn""]],""monitor_states"":[1,-1]}","{""constant_initializer"":1,""history"":[""hotSwapIn"",""reconfigure_PRODUCTION_CELL_1"",""hotSwapIn""],""history_monitor_state"":-1}",RS_UNTESTED,Free-product sufficient condition failed; this is not a plant-reachable RS counterexample.,NOT_APPLICABLE,NOT_APPLICABLE,,,,,,,,,,,,,,UNVERIFIED_ENTRY_VALUATION_LANGUAGE,False,NOT_APPLICABLE,False,NOT_APPLICABLE,NOT_APPLICABLE,"All one-shot free pre-entry observer valuations enumerated. Observer synchronization and compiled-reset consistency are diagnostics; saved DFA does not expose a valuation-parameterized semantic initializer, so E exactness is unverified.","[{""kind"":""missing_reference_language"",""reason"":""Compiled-reset and observer synchronization do not provide a valuation-parameterized semantic initializer.""}]",1,4,True,True,True,[],False,null,"All one-shot free pre-entry observer valuations enumerated. Observer synchronization and compiled-reset consistency are diagnostics; saved DFA does not expose a valuation-parameterized semantic initializer, so E exactness is unverified.",True,LEMMA_E_PRIME,True,"[""hotSwapIn"",""reconfigure_PRODUCTION_CELL_1"",""startNewSpec_P_NEW_TOOL_ORDER_1""]",[],True,"{""computed_boundary"":1,""error"":"""",""initializer_mode"":""constant_after_hotSwapIn"",""monitor_initial"":0,""saved_boundary"":1}","Lemma E-prime: every referenced observer is a declared fluent affected only by recognized update labels. No update label occurs before entry, so every entry has the declared initial valuation; the non-error constant initializer equals monitor state 0 after one hotSwapIn. Exact under the stated entry-scoped interpretation."
productioncell_arms1,r2,R2_StartNewSpec_P_AVOID_STAMPING_1,upd,3,2,2,Pending_StartNewSpec_P_AVOID_STAMPING_1;Pending_Reconfigure_PRODUCTION_CELL_1,constant_after_hotSwapIn,1,compiled actual monitor plus independent free-product BFS including absorbing ERROR,productioncell_arms1.json,False,False,False,7,196,4,3,NOT_USED_FOR_UPD,"{""fluent_values"":[true,true],""histories"":[[""hotSwapIn""],[""hotSwapIn"",""reconfigure_PRODUCTION_CELL_1"",""hotSwapIn""]],""monitor_states"":[1,-1]}","{""constant_initializer"":1,""history"":[""hotSwapIn"",""reconfigure_PRODUCTION_CELL_1"",""hotSwapIn""],""history_monitor_state"":-1}",RS_UNTESTED,Free-product sufficient condition failed; this is not a plant-reachable RS counterexample.,NOT_APPLICABLE,NOT_APPLICABLE,,,,,,,,,,,,,,UNVERIFIED_ENTRY_VALUATION_LANGUAGE,False,NOT_APPLICABLE,False,NOT_APPLICABLE,NOT_APPLICABLE,"All one-shot free pre-entry observer valuations enumerated. Observer synchronization and compiled-reset consistency are diagnostics; saved DFA does not expose a valuation-parameterized semantic initializer, so E exactness is unverified.","[{""kind"":""missing_reference_language"",""reason"":""Compiled-reset and observer synchronization do not provide a valuation-parameterized semantic initializer.""}]",1,4,True,True,True,[],False,null,"All one-shot free pre-entry observer valuations enumerated. Observer synchronization and compiled-reset consistency are diagnostics; saved DFA does not expose a valuation-parameterized semantic initializer, so E exactness is unverified.",True,LEMMA_E_PRIME,True,"[""hotSwapIn"",""reconfigure_PRODUCTION_CELL_1"",""startNewSpec_P_AVOID_STAMPING_1""]",[],True,"{""computed_boundary"":1,""error"":"""",""initializer_mode"":""constant_after_hotSwapIn"",""monitor_initial"":0,""saved_boundary"":1}","Lemma E-prime: every referenced observer is a declared fluent affected only by recognized update labels. No update label occurs before entry, so every entry has the declared initial valuation; the non-error constant initializer equals monitor state 0 after one hotSwapIn. Exact under the stated entry-scoped interpretation."
productioncell_arms1,r2,R2_StartNewSpec_P_NEW_OUT_IF_FINISHED_1,upd,3,2,2,Pending_StartNewSpec_P_NEW_OUT_IF_FINISHED_1;Pending_Reconfigure_PRODUCTION_CELL_1,constant_after_hotSwapIn,1,compiled actual monitor plus independent free-product BFS including absorbing ERROR,productioncell_arms1.json,False,False,False,7,196,4,3,NOT_USED_FOR_UPD,"{""fluent_values"":[true,true],""histories"":[[""hotSwapIn""],[""hotSwapIn"",""reconfigure_PRODUCTION_CELL_1"",""hotSwapIn""]],""monitor_states"":[1,-1]}","{""constant_initializer"":1,""history"":[""hotSwapIn"",""reconfigure_PRODUCTION_CELL_1"",""hotSwapIn""],""history_monitor_state"":-1}",RS_UNTESTED,Free-product sufficient condition failed; this is not a plant-reachable RS counterexample.,NOT_APPLICABLE,NOT_APPLICABLE,,,,,,,,,,,,,,UNVERIFIED_ENTRY_VALUATION_LANGUAGE,False,NOT_APPLICABLE,False,NOT_APPLICABLE,NOT_APPLICABLE,"All one-shot free pre-entry observer valuations enumerated. Observer synchronization and compiled-reset consistency are diagnostics; saved DFA does not expose a valuation-parameterized semantic initializer, so E exactness is unverified.","[{""kind"":""missing_reference_language"",""reason"":""Compiled-reset and observer synchronization do not provide a valuation-parameterized semantic initializer.""}]",1,4,True,True,True,[],False,null,"All one-shot free pre-entry observer valuations enumerated. Observer synchronization and compiled-reset consistency are diagnostics; saved DFA does not expose a valuation-parameterized semantic initializer, so E exactness is unverified.",True,LEMMA_E_PRIME,True,"[""hotSwapIn"",""reconfigure_PRODUCTION_CELL_1"",""startNewSpec_P_NEW_OUT_IF_FINISHED_1""]",[],True,"{""computed_boundary"":1,""error"":"""",""initializer_mode"":""constant_after_hotSwapIn"",""monitor_initial"":0,""saved_boundary"":1}","Lemma E-prime: every referenced observer is a declared fluent affected only by recognized update labels. No update label occurs before entry, so every entry has the declared initial valuation; the non-error constant initializer equals monitor state 0 after one hotSwapIn. Exact under the stated entry-scoped interpretation."
productioncell_arms1,r2,R2_StartNewSpec_P_PAINT_ONCE_1,upd,3,2,2,Pending_StartNewSpec_P_PAINT_ONCE_1;Pending_Reconfigure_PRODUCTION_CELL_1,constant_after_hotSwapIn,1,compiled actual monitor plus independent free-product BFS including absorbing ERROR,productioncell_arms1.json,False,False,False,7,196,4,3,NOT_USED_FOR_UPD,"{""fluent_values"":[true,true],""histories"":[[""hotSwapIn""],[""hotSwapIn"",""reconfigure_PRODUCTION_CELL_1"",""hotSwapIn""]],""monitor_states"":[1,-1]}","{""constant_initializer"":1,""history"":[""hotSwapIn"",""reconfigure_PRODUCTION_CELL_1"",""hotSwapIn""],""history_monitor_state"":-1}",RS_UNTESTED,Free-product sufficient condition failed; this is not a plant-reachable RS counterexample.,NOT_APPLICABLE,NOT_APPLICABLE,,,,,,,,,,,,,,UNVERIFIED_ENTRY_VALUATION_LANGUAGE,False,NOT_APPLICABLE,False,NOT_APPLICABLE,NOT_APPLICABLE,"All one-shot free pre-entry observer valuations enumerated. Observer synchronization and compiled-reset consistency are diagnostics; saved DFA does not expose a valuation-parameterized semantic initializer, so E exactness is unverified.","[{""kind"":""missing_reference_language"",""reason"":""Compiled-reset and observer synchronization do not provide a valuation-parameterized semantic initializer.""}]",1,4,True,True,True,[],False,null,"All one-shot free pre-entry observer valuations enumerated. Observer synchronization and compiled-reset consistency are diagnostics; saved DFA does not expose a valuation-parameterized semantic initializer, so E exactness is unverified.",True,LEMMA_E_PRIME,True,"[""hotSwapIn"",""reconfigure_PRODUCTION_CELL_1"",""startNewSpec_P_PAINT_ONCE_1""]",[],True,"{""computed_boundary"":1,""error"":"""",""initializer_mode"":""constant_after_hotSwapIn"",""monitor_initial"":0,""saved_boundary"":1}","Lemma E-prime: every referenced observer is a declared fluent affected only by recognized update labels. No update label occurs before entry, so every entry has the declared initial valuation; the non-error constant initializer equals monitor state 0 after one hotSwapIn. Exact under the stated entry-scoped interpretation."
productioncell_arms1,r2,R2_StartNewSpec_P_CLEAN_ONCE_1,upd,3,2,2,Pending_StartNewSpec_P_CLEAN_ONCE_1;Pending_Reconfigure_PRODUCTION_CELL_1,constant_after_hotSwapIn,1,compiled actual monitor plus independent free-product BFS including absorbing ERROR,productioncell_arms1.json,False,False,False,7,196,4,3,NOT_USED_FOR_UPD,"{""fluent_values"":[true,true],""histories"":[[""hotSwapIn""],[""hotSwapIn"",""reconfigure_PRODUCTION_CELL_1"",""hotSwapIn""]],""monitor_states"":[1,-1]}","{""constant_initializer"":1,""history"":[""hotSwapIn"",""reconfigure_PRODUCTION_CELL_1"",""hotSwapIn""],""history_monitor_state"":-1}",RS_UNTESTED,Free-product sufficient condition failed; this is not a plant-reachable RS counterexample.,NOT_APPLICABLE,NOT_APPLICABLE,,,,,,,,,,,,,,UNVERIFIED_ENTRY_VALUATION_LANGUAGE,False,NOT_APPLICABLE,False,NOT_APPLICABLE,NOT_APPLICABLE,"All one-shot free pre-entry observer valuations enumerated. Observer synchronization and compiled-reset consistency are diagnostics; saved DFA does not expose a valuation-parameterized semantic initializer, so E exactness is unverified.","[{""kind"":""missing_reference_language"",""reason"":""Compiled-reset and observer synchronization do not provide a valuation-parameterized semantic initializer.""}]",1,4,True,True,True,[],False,null,"All one-shot free pre-entry observer valuations enumerated. Observer synchronization and compiled-reset consistency are diagnostics; saved DFA does not expose a valuation-parameterized semantic initializer, so E exactness is unverified.",True,LEMMA_E_PRIME,True,"[""hotSwapIn"",""reconfigure_PRODUCTION_CELL_1"",""startNewSpec_P_CLEAN_ONCE_1""]",[],True,"{""computed_boundary"":1,""error"":"""",""initializer_mode"":""constant_after_hotSwapIn"",""monitor_initial"":0,""saved_boundary"":1}","Lemma E-prime: every referenced observer is a declared fluent affected only by recognized update labels. No update label occurs before entry, so every entry has the declared initial valuation; the non-error constant initializer equals monitor state 0 after one hotSwapIn. Exact under the stated entry-scoped interpretation."
productioncell_arms1,r2,R2_StartNewSpec_P_DRILL_ONCE_1,upd,3,2,2,Pending_StartNewSpec_P_DRILL_ONCE_1;Pending_Reconfigure_PRODUCTION_CELL_1,constant_after_hotSwapIn,1,compiled actual monitor plus independent free-product BFS including absorbing ERROR,productioncell_arms1.json,False,False,False,7,196,4,3,NOT_USED_FOR_UPD,"{""fluent_values"":[true,true],""histories"":[[""hotSwapIn""],[""hotSwapIn"",""reconfigure_PRODUCTION_CELL_1"",""hotSwapIn""]],""monitor_states"":[1,-1]}","{""constant_initializer"":1,""history"":[""hotSwapIn"",""reconfigure_PRODUCTION_CELL_1"",""hotSwapIn""],""history_monitor_state"":-1}",RS_UNTESTED,Free-product sufficient condition failed; this is not a plant-reachable RS counterexample.,NOT_APPLICABLE,NOT_APPLICABLE,,,,,,,,,,,,,,UNVERIFIED_ENTRY_VALUATION_LANGUAGE,False,NOT_APPLICABLE,False,NOT_APPLICABLE,NOT_APPLICABLE,"All one-shot free pre-entry observer valuations enumerated. Observer synchronization and compiled-reset consistency are diagnostics; saved DFA does not expose a valuation-parameterized semantic initializer, so E exactness is unverified.","[{""kind"":""missing_reference_language"",""reason"":""Compiled-reset and observer synchronization do not provide a valuation-parameterized semantic initializer.""}]",1,4,True,True,True,[],False,null,"All one-shot free pre-entry observer valuations enumerated. Observer synchronization and compiled-reset consistency are diagnostics; saved DFA does not expose a valuation-parameterized semantic initializer, so E exactness is unverified.",True,LEMMA_E_PRIME,True,"[""hotSwapIn"",""reconfigure_PRODUCTION_CELL_1"",""startNewSpec_P_DRILL_ONCE_1""]",[],True,"{""computed_boundary"":1,""error"":"""",""initializer_mode"":""constant_after_hotSwapIn"",""monitor_initial"":0,""saved_boundary"":1}","Lemma E-prime: every referenced observer is a declared fluent affected only by recognized update labels. No update label occurs before entry, so every entry has the declared initial valuation; the non-error constant initializer equals monitor state 0 after one hotSwapIn. Exact under the stated entry-scoped interpretation."
productioncell_arms2,base,P_NEW_TOOL_ORDER_1,new,17,16,6,DrillPending.1;Painted.1;Cleaned.1;PaintPending.1;Drilled.1;CleanPending.1,fluent_lookup_nonerror_entries,0,compiled actual monitor plus independent free-product BFS including absorbing ERROR,productioncell_arms2.json,False,False,False,80,4320,64,16,True,"{""fluent_values"":[false,false,false,false,false,false],""histories"":[[],[""drill.1"",""drillNOk.1""]],""monitor_states"":[0,-1]}","{""constant_initializer"":0,""history"":[""clean.1"",""hotSwapIn""],""history_monitor_state"":4}",RS_UNTESTED,Free-product sufficient condition failed; this is not a plant-reachable RS counterexample.,EXACT_ON_NONEMPTY_SAFE_ACTIVATION_DOMAIN,True,True,True,True,16,16,30,16,30,"[{""values"":[false,false,false,false,false,false],""state"":0},{""values"":[false,false,false,false,false,true],""state"":4},{""values"":[false,false,false,false,true,false],""state"":1},{""values"":[false,false,true,false,false,false],""state"":3},{""values"":[false,false,true,false,false,true],""state"":9},{""values"":[false,false,true,false,true,false],""state"":6},{""values"":[false,false,true,true,false,false],""state"":8},{""values"":[false,false,true,true,false,true],""state"":13},{""values"":[false,true,false,false,false,false],""state"":2},{""values"":[false,true,false,false,true,false],""state"":5},{""values"":[false,true,true,false,false,false],""state"":7},{""values"":[false,true,true,false,true,false],""state"":10},{""values"":[false,true,true,true,false,false],""state"":12},{""values"":[true,true,true,false,false,false],""state"":11},{""values"":[true,true,true,false,true,false],""state"":14},{""values"":[true,true,true,true,false,false],""state"":15}]",[],NOT_CHECKED_WITHOUT_PLANT,source-rule reconstruction; runtime lookup table not exported,"Sufficient only on actual non-error activation entries with nonempty safe-history set; empty safe-history intersections are universal, so inclusion alone is automatic. Full continuation-language equivalence is stronger than one-shot equivalence.",NOT_APPLICABLE,NOT_APPLICABLE,True,NOT_APPLICABLE,[],"Sufficient only on actual non-error activation entries with nonempty safe-history set; empty safe-history intersections are universal, so inclusion alone is automatic. Full continuation-language equivalence is stronger than one-shot equivalence.",NOT_APPLICABLE,NOT_APPLICABLE,,,,,,,,,,NOT_APPLICABLE,NOT_APPLICABLE,NOT_APPLICABLE,NOT_APPLICABLE,NOT_APPLICABLE,NOT_APPLICABLE,NOT_APPLICABLE,NOT_APPLICABLE
productioncell_arms2,base,P_NEW_OUT_IF_FINISHED_1,new,9,8,4,out[1];Drilled.1;Cleaned.1;Painted.1,fluent_lookup_nonerror_entries,0,compiled actual monitor plus independent free-product BFS including absorbing ERROR,productioncell_arms2.json,False,False,False,25,1350,16,9,True,"{""fluent_values"":[false,false,false,false],""histories"":[[],[""out.1"",""clean.1""]],""monitor_states"":[0,-1]}","{""constant_initializer"":0,""history"":[""cleanOk.1"",""hotSwapIn""],""history_monitor_state"":2}",RS_UNTESTED,Free-product sufficient condition failed; this is not a plant-reachable RS counterexample.,EXACT_ON_NONEMPTY_SAFE_ACTIVATION_DOMAIN,True,True,True,True,261,9,7,9,7,"[{""values"":[false,false,false,false],""state"":0},{""values"":[false,false,false,true],""state"":3},{""values"":[false,false,true,false],""state"":2},{""values"":[false,false,true,true],""state"":6},{""values"":[false,true,false,false],""state"":1},{""values"":[false,true,false,true],""state"":5},{""values"":[false,true,true,false],""state"":4},{""values"":[false,true,true,true],""state"":7},{""values"":[true,true,true,true],""state"":7}]",[],NOT_CHECKED_WITHOUT_PLANT,source-rule reconstruction; runtime lookup table not exported,"Sufficient only on actual non-error activation entries with nonempty safe-history set; empty safe-history intersections are universal, so inclusion alone is automatic. Full continuation-language equivalence is stronger than one-shot equivalence.",NOT_APPLICABLE,NOT_APPLICABLE,True,NOT_APPLICABLE,[],"Sufficient only on actual non-error activation entries with nonempty safe-history set; empty safe-history intersections are universal, so inclusion alone is automatic. Full continuation-language equivalence is stronger than one-shot equivalence.",NOT_APPLICABLE,NOT_APPLICABLE,,,,,,,,,,NOT_APPLICABLE,NOT_APPLICABLE,NOT_APPLICABLE,NOT_APPLICABLE,NOT_APPLICABLE,NOT_APPLICABLE,NOT_APPLICABLE,NOT_APPLICABLE
productioncell_arms2,base,P_DRILL_ONCE_1,new,3,2,2,drill[1];Drilled.1,fluent_lookup_nonerror_entries,0,compiled actual monitor plus independent free-product BFS including absorbing ERROR,productioncell_arms2.json,False,False,False,7,378,4,3,True,"{""fluent_values"":[false,true],""histories"":[[""drillOk.1""],[""drillOk.1"",""drill.1"",""clean.1""]],""monitor_states"":[1,-1]}","{""constant_initializer"":0,""history"":[""drillOk.1"",""hotSwapIn""],""history_monitor_state"":1}",RS_UNTESTED,Free-product sufficient condition failed; this is not a plant-reachable RS counterexample.,EXACT_ON_NONEMPTY_SAFE_ACTIVATION_DOMAIN,True,True,True,True,87,3,1,3,1,"[{""values"":[false,false],""state"":0},{""values"":[false,true],""state"":1},{""values"":[true,false],""state"":0}]",[],NOT_CHECKED_WITHOUT_PLANT,source-rule reconstruction; runtime lookup table not exported,"Sufficient only on actual non-error activation entries with nonempty safe-history set; empty safe-history intersections are universal, so inclusion alone is automatic. Full continuation-language equivalence is stronger than one-shot equivalence.",NOT_APPLICABLE,NOT_APPLICABLE,True,NOT_APPLICABLE,[],"Sufficient only on actual non-error activation entries with nonempty safe-history set; empty safe-history intersections are universal, so inclusion alone is automatic. Full continuation-language equivalence is stronger than one-shot equivalence.",NOT_APPLICABLE,NOT_APPLICABLE,,,,,,,,,,NOT_APPLICABLE,NOT_APPLICABLE,NOT_APPLICABLE,NOT_APPLICABLE,NOT_APPLICABLE,NOT_APPLICABLE,NOT_APPLICABLE,NOT_APPLICABLE
productioncell_arms2,base,P_CLEAN_ONCE_1,new,3,2,2,clean[1];Cleaned.1,fluent_lookup_nonerror_entries,0,compiled actual monitor plus independent free-product BFS including absorbing ERROR,productioncell_arms2.json,False,False,False,7,378,4,3,True,"{""fluent_values"":[false,true],""histories"":[[""cleanOk.1""],[""cleanOk.1"",""clean.1"",""clean.2""]],""monitor_states"":[1,-1]}","{""constant_initializer"":0,""history"":[""cleanOk.1"",""hotSwapIn""],""history_monitor_state"":1}",RS_UNTESTED,Free-product sufficient condition failed; this is not a plant-reachable RS counterexample.,EXACT_ON_NONEMPTY_SAFE_ACTIVATION_DOMAIN,True,True,True,True,87,3,1,3,1,"[{""values"":[false,false],""state"":0},{""values"":[false,true],""state"":1},{""values"":[true,false],""state"":0}]",[],NOT_CHECKED_WITHOUT_PLANT,source-rule reconstruction; runtime lookup table not exported,"Sufficient only on actual non-error activation entries with nonempty safe-history set; empty safe-history intersections are universal, so inclusion alone is automatic. Full continuation-language equivalence is stronger than one-shot equivalence.",NOT_APPLICABLE,NOT_APPLICABLE,True,NOT_APPLICABLE,[],"Sufficient only on actual non-error activation entries with nonempty safe-history set; empty safe-history intersections are universal, so inclusion alone is automatic. Full continuation-language equivalence is stronger than one-shot equivalence.",NOT_APPLICABLE,NOT_APPLICABLE,,,,,,,,,,NOT_APPLICABLE,NOT_APPLICABLE,NOT_APPLICABLE,NOT_APPLICABLE,NOT_APPLICABLE,NOT_APPLICABLE,NOT_APPLICABLE,NOT_APPLICABLE
productioncell_arms2,base,P_PAINT_ONCE_1,new,3,2,2,paint[1];Painted.1,fluent_lookup_nonerror_entries,0,compiled actual monitor plus independent free-product BFS including absorbing ERROR,productioncell_arms2.json,False,False,False,7,378,4,3,True,"{""fluent_values"":[false,true],""histories"":[[""paintOk.1""],[""paintOk.1"",""paint.1"",""clean.1""]],""monitor_states"":[1,-1]}","{""constant_initializer"":0,""history"":[""paintOk.1"",""hotSwapIn""],""history_monitor_state"":1}",RS_UNTESTED,Free-product sufficient condition failed; this is not a plant-reachable RS counterexample.,EXACT_ON_NONEMPTY_SAFE_ACTIVATION_DOMAIN,True,True,True,True,87,3,1,3,1,"[{""values"":[false,false],""state"":0},{""values"":[false,true],""state"":1},{""values"":[true,false],""state"":0}]",[],NOT_CHECKED_WITHOUT_PLANT,source-rule reconstruction; runtime lookup table not exported,"Sufficient only on actual non-error activation entries with nonempty safe-history set; empty safe-history intersections are universal, so inclusion alone is automatic. Full continuation-language equivalence is stronger than one-shot equivalence.",NOT_APPLICABLE,NOT_APPLICABLE,True,NOT_APPLICABLE,[],"Sufficient only on actual non-error activation entries with nonempty safe-history set; empty safe-history intersections are universal, so inclusion alone is automatic. Full continuation-language equivalence is stronger than one-shot equivalence.",NOT_APPLICABLE,NOT_APPLICABLE,,,,,,,,,,NOT_APPLICABLE,NOT_APPLICABLE,NOT_APPLICABLE,NOT_APPLICABLE,NOT_APPLICABLE,NOT_APPLICABLE,NOT_APPLICABLE,NOT_APPLICABLE
productioncell_arms2,base,P_AVOID_STAMPING_1,new,2,1,1,stamp[1],fluent_lookup_nonerror_entries,0,compiled actual monitor plus independent free-product BFS including absorbing ERROR,productioncell_arms2.json,False,False,False,3,162,2,1,True,"{""fluent_values"":[false],""histories"":[[],[""stamp.1"",""clean.1""]],""monitor_states"":[0,-1]}","{""constant_initializer"":0,""history"":[""stamp.1"",""hotSwapIn""],""history_monitor_state"":-1}",RS_UNTESTED,Free-product sufficient condition failed; this is not a plant-reachable RS counterexample.,EXACT_ON_NONEMPTY_SAFE_ACTIVATION_DOMAIN,True,True,True,True,29,1,1,1,1,"[{""values"":[false],""state"":0}]",[],NOT_CHECKED_WITHOUT_PLANT,source-rule reconstruction; runtime lookup table not exported,"Sufficient only on actual non-error activation entries with nonempty safe-history set; empty safe-history intersections are universal, so inclusion alone is automatic. Full continuation-language equivalence is stronger than one-shot equivalence.",NOT_APPLICABLE,NOT_APPLICABLE,True,NOT_APPLICABLE,[],"Sufficient only on actual non-error activation entries with nonempty safe-history set; empty safe-history intersections are universal, so inclusion alone is automatic. Full continuation-language equivalence is stronger than one-shot equivalence.",NOT_APPLICABLE,NOT_APPLICABLE,,,,,,,,,,NOT_APPLICABLE,NOT_APPLICABLE,NOT_APPLICABLE,NOT_APPLICABLE,NOT_APPLICABLE,NOT_APPLICABLE,NOT_APPLICABLE,NOT_APPLICABLE
productioncell_arms2,base,P_NEW_TOOL_ORDER_2,new,17,16,6,DrillPending.2;Painted.2;Cleaned.2;PaintPending.2;Drilled.2;CleanPending.2,fluent_lookup_nonerror_entries,0,compiled actual monitor plus independent free-product BFS including absorbing ERROR,productioncell_arms2.json,False,False,False,80,4320,64,16,True,"{""fluent_values"":[false,false,false,false,false,false],""histories"":[[],[""drill.2"",""drillNOk.2""]],""monitor_states"":[0,-1]}","{""constant_initializer"":0,""history"":[""clean.2"",""hotSwapIn""],""history_monitor_state"":4}",RS_UNTESTED,Free-product sufficient condition failed; this is not a plant-reachable RS counterexample.,EXACT_ON_NONEMPTY_SAFE_ACTIVATION_DOMAIN,True,True,True,True,16,16,30,16,30,"[{""values"":[false,false,false,false,false,false],""state"":0},{""values"":[false,false,false,false,false,true],""state"":4},{""values"":[false,false,false,false,true,false],""state"":1},{""values"":[false,false,true,false,false,false],""state"":3},{""values"":[false,false,true,false,false,true],""state"":9},{""values"":[false,false,true,false,true,false],""state"":6},{""values"":[false,false,true,true,false,false],""state"":8},{""values"":[false,false,true,true,false,true],""state"":13},{""values"":[false,true,false,false,false,false],""state"":2},{""values"":[false,true,false,false,true,false],""state"":5},{""values"":[false,true,true,false,false,false],""state"":7},{""values"":[false,true,true,false,true,false],""state"":10},{""values"":[false,true,true,true,false,false],""state"":12},{""values"":[true,true,true,false,false,false],""state"":11},{""values"":[true,true,true,false,true,false],""state"":14},{""values"":[true,true,true,true,false,false],""state"":15}]",[],NOT_CHECKED_WITHOUT_PLANT,source-rule reconstruction; runtime lookup table not exported,"Sufficient only on actual non-error activation entries with nonempty safe-history set; empty safe-history intersections are universal, so inclusion alone is automatic. Full continuation-language equivalence is stronger than one-shot equivalence.",NOT_APPLICABLE,NOT_APPLICABLE,True,NOT_APPLICABLE,[],"Sufficient only on actual non-error activation entries with nonempty safe-history set; empty safe-history intersections are universal, so inclusion alone is automatic. Full continuation-language equivalence is stronger than one-shot equivalence.",NOT_APPLICABLE,NOT_APPLICABLE,,,,,,,,,,NOT_APPLICABLE,NOT_APPLICABLE,NOT_APPLICABLE,NOT_APPLICABLE,NOT_APPLICABLE,NOT_APPLICABLE,NOT_APPLICABLE,NOT_APPLICABLE
productioncell_arms2,base,P_NEW_OUT_IF_FINISHED_2,new,9,8,4,out[2];Drilled.2;Cleaned.2;Painted.2,fluent_lookup_nonerror_entries,0,compiled actual monitor plus independent free-product BFS including absorbing ERROR,productioncell_arms2.json,False,False,False,25,1350,16,9,True,"{""fluent_values"":[false,false,false,false],""histories"":[[],[""out.2"",""clean.1""]],""monitor_states"":[0,-1]}","{""constant_initializer"":0,""history"":[""cleanOk.2"",""hotSwapIn""],""history_monitor_state"":2}",RS_UNTESTED,Free-product sufficient condition failed; this is not a plant-reachable RS counterexample.,EXACT_ON_NONEMPTY_SAFE_ACTIVATION_DOMAIN,True,True,True,True,261,9,7,9,7,"[{""values"":[false,false,false,false],""state"":0},{""values"":[false,false,false,true],""state"":3},{""values"":[false,false,true,false],""state"":2},{""values"":[false,false,true,true],""state"":6},{""values"":[false,true,false,false],""state"":1},{""values"":[false,true,false,true],""state"":5},{""values"":[false,true,true,false],""state"":4},{""values"":[false,true,true,true],""state"":7},{""values"":[true,true,true,true],""state"":7}]",[],NOT_CHECKED_WITHOUT_PLANT,source-rule reconstruction; runtime lookup table not exported,"Sufficient only on actual non-error activation entries with nonempty safe-history set; empty safe-history intersections are universal, so inclusion alone is automatic. Full continuation-language equivalence is stronger than one-shot equivalence.",NOT_APPLICABLE,NOT_APPLICABLE,True,NOT_APPLICABLE,[],"Sufficient only on actual non-error activation entries with nonempty safe-history set; empty safe-history intersections are universal, so inclusion alone is automatic. Full continuation-language equivalence is stronger than one-shot equivalence.",NOT_APPLICABLE,NOT_APPLICABLE,,,,,,,,,,NOT_APPLICABLE,NOT_APPLICABLE,NOT_APPLICABLE,NOT_APPLICABLE,NOT_APPLICABLE,NOT_APPLICABLE,NOT_APPLICABLE,NOT_APPLICABLE
productioncell_arms2,base,P_DRILL_ONCE_2,new,3,2,2,drill[2];Drilled.2,fluent_lookup_nonerror_entries,0,compiled actual monitor plus independent free-product BFS including absorbing ERROR,productioncell_arms2.json,False,False,False,7,378,4,3,True,"{""fluent_values"":[false,true],""histories"":[[""drillOk.2""],[""drillOk.2"",""drill.2"",""clean.1""]],""monitor_states"":[1,-1]}","{""constant_initializer"":0,""history"":[""drillOk.2"",""hotSwapIn""],""history_monitor_state"":1}",RS_UNTESTED,Free-product sufficient condition failed; this is not a plant-reachable RS counterexample.,EXACT_ON_NONEMPTY_SAFE_ACTIVATION_DOMAIN,True,True,True,True,87,3,1,3,1,"[{""values"":[false,false],""state"":0},{""values"":[false,true],""state"":1},{""values"":[true,false],""state"":0}]",[],NOT_CHECKED_WITHOUT_PLANT,source-rule reconstruction; runtime lookup table not exported,"Sufficient only on actual non-error activation entries with nonempty safe-history set; empty safe-history intersections are universal, so inclusion alone is automatic. Full continuation-language equivalence is stronger than one-shot equivalence.",NOT_APPLICABLE,NOT_APPLICABLE,True,NOT_APPLICABLE,[],"Sufficient only on actual non-error activation entries with nonempty safe-history set; empty safe-history intersections are universal, so inclusion alone is automatic. Full continuation-language equivalence is stronger than one-shot equivalence.",NOT_APPLICABLE,NOT_APPLICABLE,,,,,,,,,,NOT_APPLICABLE,NOT_APPLICABLE,NOT_APPLICABLE,NOT_APPLICABLE,NOT_APPLICABLE,NOT_APPLICABLE,NOT_APPLICABLE,NOT_APPLICABLE
productioncell_arms2,base,P_CLEAN_ONCE_2,new,3,2,2,clean[2];Cleaned.2,fluent_lookup_nonerror_entries,0,compiled actual monitor plus independent free-product BFS including absorbing ERROR,productioncell_arms2.json,False,False,False,7,378,4,3,True,"{""fluent_values"":[false,true],""histories"":[[""cleanOk.2""],[""cleanOk.2"",""clean.2"",""clean.1""]],""monitor_states"":[1,-1]}","{""constant_initializer"":0,""history"":[""cleanOk.2"",""hotSwapIn""],""history_monitor_state"":1}",RS_UNTESTED,Free-product sufficient condition failed; this is not a plant-reachable RS counterexample.,EXACT_ON_NONEMPTY_SAFE_ACTIVATION_DOMAIN,True,True,True,True,87,3,1,3,1,"[{""values"":[false,false],""state"":0},{""values"":[false,true],""state"":1},{""values"":[true,false],""state"":0}]",[],NOT_CHECKED_WITHOUT_PLANT,source-rule reconstruction; runtime lookup table not exported,"Sufficient only on actual non-error activation entries with nonempty safe-history set; empty safe-history intersections are universal, so inclusion alone is automatic. Full continuation-language equivalence is stronger than one-shot equivalence.",NOT_APPLICABLE,NOT_APPLICABLE,True,NOT_APPLICABLE,[],"Sufficient only on actual non-error activation entries with nonempty safe-history set; empty safe-history intersections are universal, so inclusion alone is automatic. Full continuation-language equivalence is stronger than one-shot equivalence.",NOT_APPLICABLE,NOT_APPLICABLE,,,,,,,,,,NOT_APPLICABLE,NOT_APPLICABLE,NOT_APPLICABLE,NOT_APPLICABLE,NOT_APPLICABLE,NOT_APPLICABLE,NOT_APPLICABLE,NOT_APPLICABLE
productioncell_arms2,base,P_PAINT_ONCE_2,new,3,2,2,paint[2];Painted.2,fluent_lookup_nonerror_entries,0,compiled actual monitor plus independent free-product BFS including absorbing ERROR,productioncell_arms2.json,False,False,False,7,378,4,3,True,"{""fluent_values"":[false,true],""histories"":[[""paintOk.2""],[""paintOk.2"",""paint.2"",""clean.1""]],""monitor_states"":[1,-1]}","{""constant_initializer"":0,""history"":[""paintOk.2"",""hotSwapIn""],""history_monitor_state"":1}",RS_UNTESTED,Free-product sufficient condition failed; this is not a plant-reachable RS counterexample.,EXACT_ON_NONEMPTY_SAFE_ACTIVATION_DOMAIN,True,True,True,True,87,3,1,3,1,"[{""values"":[false,false],""state"":0},{""values"":[false,true],""state"":1},{""values"":[true,false],""state"":0}]",[],NOT_CHECKED_WITHOUT_PLANT,source-rule reconstruction; runtime lookup table not exported,"Sufficient only on actual non-error activation entries with nonempty safe-history set; empty safe-history intersections are universal, so inclusion alone is automatic. Full continuation-language equivalence is stronger than one-shot equivalence.",NOT_APPLICABLE,NOT_APPLICABLE,True,NOT_APPLICABLE,[],"Sufficient only on actual non-error activation entries with nonempty safe-history set; empty safe-history intersections are universal, so inclusion alone is automatic. Full continuation-language equivalence is stronger than one-shot equivalence.",NOT_APPLICABLE,NOT_APPLICABLE,,,,,,,,,,NOT_APPLICABLE,NOT_APPLICABLE,NOT_APPLICABLE,NOT_APPLICABLE,NOT_APPLICABLE,NOT_APPLICABLE,NOT_APPLICABLE,NOT_APPLICABLE
productioncell_arms2,base,P_AVOID_STAMPING_2,new,2,1,1,stamp[2],fluent_lookup_nonerror_entries,0,compiled actual monitor plus independent free-product BFS including absorbing ERROR,productioncell_arms2.json,False,False,False,3,162,2,1,True,"{""fluent_values"":[false],""histories"":[[],[""stamp.2"",""clean.1""]],""monitor_states"":[0,-1]}","{""constant_initializer"":0,""history"":[""stamp.2"",""hotSwapIn""],""history_monitor_state"":-1}",RS_UNTESTED,Free-product sufficient condition failed; this is not a plant-reachable RS counterexample.,EXACT_ON_NONEMPTY_SAFE_ACTIVATION_DOMAIN,True,True,True,True,29,1,1,1,1,"[{""values"":[false],""state"":0}]",[],NOT_CHECKED_WITHOUT_PLANT,source-rule reconstruction; runtime lookup table not exported,"Sufficient only on actual non-error activation entries with nonempty safe-history set; empty safe-history intersections are universal, so inclusion alone is automatic. Full continuation-language equivalence is stronger than one-shot equivalence.",NOT_APPLICABLE,NOT_APPLICABLE,True,NOT_APPLICABLE,[],"Sufficient only on actual non-error activation entries with nonempty safe-history set; empty safe-history intersections are universal, so inclusion alone is automatic. Full continuation-language equivalence is stronger than one-shot equivalence.",NOT_APPLICABLE,NOT_APPLICABLE,,,,,,,,,,NOT_APPLICABLE,NOT_APPLICABLE,NOT_APPLICABLE,NOT_APPLICABLE,NOT_APPLICABLE,NOT_APPLICABLE,NOT_APPLICABLE,NOT_APPLICABLE
productioncell_arms2,r1,P_NEW_TOOL_ORDER_1,new,17,16,6,DrillPending.1;Painted.1;Cleaned.1;PaintPending.1;Drilled.1;CleanPending.1,fluent_lookup_nonerror_entries,0,compiled actual monitor plus independent free-product BFS including absorbing ERROR,productioncell_arms2.json,False,False,False,80,4320,64,16,True,"{""fluent_values"":[false,false,false,false,false,false],""histories"":[[],[""drill.1"",""drillNOk.1""]],""monitor_states"":[0,-1]}","{""constant_initializer"":0,""history"":[""clean.1"",""hotSwapIn""],""history_monitor_state"":4}",RS_UNTESTED,Free-product sufficient condition failed; this is not a plant-reachable RS counterexample.,EXACT_ON_NONEMPTY_SAFE_ACTIVATION_DOMAIN,True,True,True,True,16,16,30,16,30,"[{""values"":[false,false,false,false,false,false],""state"":0},{""values"":[false,false,false,false,false,true],""state"":4},{""values"":[false,false,false,false,true,false],""state"":1},{""values"":[false,false,true,false,false,false],""state"":3},{""values"":[false,false,true,false,false,true],""state"":9},{""values"":[false,false,true,false,true,false],""state"":6},{""values"":[false,false,true,true,false,false],""state"":8},{""values"":[false,false,true,true,false,true],""state"":13},{""values"":[false,true,false,false,false,false],""state"":2},{""values"":[false,true,false,false,true,false],""state"":5},{""values"":[false,true,true,false,false,false],""state"":7},{""values"":[false,true,true,false,true,false],""state"":10},{""values"":[false,true,true,true,false,false],""state"":12},{""values"":[true,true,true,false,false,false],""state"":11},{""values"":[true,true,true,false,true,false],""state"":14},{""values"":[true,true,true,true,false,false],""state"":15}]",[],NOT_CHECKED_WITHOUT_PLANT,source-rule reconstruction; runtime lookup table not exported,"Sufficient only on actual non-error activation entries with nonempty safe-history set; empty safe-history intersections are universal, so inclusion alone is automatic. Full continuation-language equivalence is stronger than one-shot equivalence.",NOT_APPLICABLE,NOT_APPLICABLE,True,NOT_APPLICABLE,[],"Sufficient only on actual non-error activation entries with nonempty safe-history set; empty safe-history intersections are universal, so inclusion alone is automatic. Full continuation-language equivalence is stronger than one-shot equivalence.",NOT_APPLICABLE,NOT_APPLICABLE,,,,,,,,,,NOT_APPLICABLE,NOT_APPLICABLE,NOT_APPLICABLE,NOT_APPLICABLE,NOT_APPLICABLE,NOT_APPLICABLE,NOT_APPLICABLE,NOT_APPLICABLE
productioncell_arms2,r1,P_NEW_OUT_IF_FINISHED_1,new,9,8,4,out[1];Drilled.1;Cleaned.1;Painted.1,fluent_lookup_nonerror_entries,0,compiled actual monitor plus independent free-product BFS including absorbing ERROR,productioncell_arms2.json,False,False,False,25,1350,16,9,True,"{""fluent_values"":[false,false,false,false],""histories"":[[],[""out.1"",""clean.1""]],""monitor_states"":[0,-1]}","{""constant_initializer"":0,""history"":[""cleanOk.1"",""hotSwapIn""],""history_monitor_state"":2}",RS_UNTESTED,Free-product sufficient condition failed; this is not a plant-reachable RS counterexample.,EXACT_ON_NONEMPTY_SAFE_ACTIVATION_DOMAIN,True,True,True,True,261,9,7,9,7,"[{""values"":[false,false,false,false],""state"":0},{""values"":[false,false,false,true],""state"":3},{""values"":[false,false,true,false],""state"":2},{""values"":[false,false,true,true],""state"":6},{""values"":[false,true,false,false],""state"":1},{""values"":[false,true,false,true],""state"":5},{""values"":[false,true,true,false],""state"":4},{""values"":[false,true,true,true],""state"":7},{""values"":[true,true,true,true],""state"":7}]",[],NOT_CHECKED_WITHOUT_PLANT,source-rule reconstruction; runtime lookup table not exported,"Sufficient only on actual non-error activation entries with nonempty safe-history set; empty safe-history intersections are universal, so inclusion alone is automatic. Full continuation-language equivalence is stronger than one-shot equivalence.",NOT_APPLICABLE,NOT_APPLICABLE,True,NOT_APPLICABLE,[],"Sufficient only on actual non-error activation entries with nonempty safe-history set; empty safe-history intersections are universal, so inclusion alone is automatic. Full continuation-language equivalence is stronger than one-shot equivalence.",NOT_APPLICABLE,NOT_APPLICABLE,,,,,,,,,,NOT_APPLICABLE,NOT_APPLICABLE,NOT_APPLICABLE,NOT_APPLICABLE,NOT_APPLICABLE,NOT_APPLICABLE,NOT_APPLICABLE,NOT_APPLICABLE
productioncell_arms2,r1,P_DRILL_ONCE_1,new,3,2,2,drill[1];Drilled.1,fluent_lookup_nonerror_entries,0,compiled actual monitor plus independent free-product BFS including absorbing ERROR,productioncell_arms2.json,False,False,False,7,378,4,3,True,"{""fluent_values"":[false,true],""histories"":[[""drillOk.1""],[""drillOk.1"",""drill.1"",""clean.1""]],""monitor_states"":[1,-1]}","{""constant_initializer"":0,""history"":[""drillOk.1"",""hotSwapIn""],""history_monitor_state"":1}",RS_UNTESTED,Free-product sufficient condition failed; this is not a plant-reachable RS counterexample.,EXACT_ON_NONEMPTY_SAFE_ACTIVATION_DOMAIN,True,True,True,True,87,3,1,3,1,"[{""values"":[false,false],""state"":0},{""values"":[false,true],""state"":1},{""values"":[true,false],""state"":0}]",[],NOT_CHECKED_WITHOUT_PLANT,source-rule reconstruction; runtime lookup table not exported,"Sufficient only on actual non-error activation entries with nonempty safe-history set; empty safe-history intersections are universal, so inclusion alone is automatic. Full continuation-language equivalence is stronger than one-shot equivalence.",NOT_APPLICABLE,NOT_APPLICABLE,True,NOT_APPLICABLE,[],"Sufficient only on actual non-error activation entries with nonempty safe-history set; empty safe-history intersections are universal, so inclusion alone is automatic. Full continuation-language equivalence is stronger than one-shot equivalence.",NOT_APPLICABLE,NOT_APPLICABLE,,,,,,,,,,NOT_APPLICABLE,NOT_APPLICABLE,NOT_APPLICABLE,NOT_APPLICABLE,NOT_APPLICABLE,NOT_APPLICABLE,NOT_APPLICABLE,NOT_APPLICABLE
productioncell_arms2,r1,P_CLEAN_ONCE_1,new,3,2,2,clean[1];Cleaned.1,fluent_lookup_nonerror_entries,0,compiled actual monitor plus independent free-product BFS including absorbing ERROR,productioncell_arms2.json,False,False,False,7,378,4,3,True,"{""fluent_values"":[false,true],""histories"":[[""cleanOk.1""],[""cleanOk.1"",""clean.1"",""clean.2""]],""monitor_states"":[1,-1]}","{""constant_initializer"":0,""history"":[""cleanOk.1"",""hotSwapIn""],""history_monitor_state"":1}",RS_UNTESTED,Free-product sufficient condition failed; this is not a plant-reachable RS counterexample.,EXACT_ON_NONEMPTY_SAFE_ACTIVATION_DOMAIN,True,True,True,True,87,3,1,3,1,"[{""values"":[false,false],""state"":0},{""values"":[false,true],""state"":1},{""values"":[true,false],""state"":0}]",[],NOT_CHECKED_WITHOUT_PLANT,source-rule reconstruction; runtime lookup table not exported,"Sufficient only on actual non-error activation entries with nonempty safe-history set; empty safe-history intersections are universal, so inclusion alone is automatic. Full continuation-language equivalence is stronger than one-shot equivalence.",NOT_APPLICABLE,NOT_APPLICABLE,True,NOT_APPLICABLE,[],"Sufficient only on actual non-error activation entries with nonempty safe-history set; empty safe-history intersections are universal, so inclusion alone is automatic. Full continuation-language equivalence is stronger than one-shot equivalence.",NOT_APPLICABLE,NOT_APPLICABLE,,,,,,,,,,NOT_APPLICABLE,NOT_APPLICABLE,NOT_APPLICABLE,NOT_APPLICABLE,NOT_APPLICABLE,NOT_APPLICABLE,NOT_APPLICABLE,NOT_APPLICABLE
productioncell_arms2,r1,P_PAINT_ONCE_1,new,3,2,2,paint[1];Painted.1,fluent_lookup_nonerror_entries,0,compiled actual monitor plus independent free-product BFS including absorbing ERROR,productioncell_arms2.json,False,False,False,7,378,4,3,True,"{""fluent_values"":[false,true],""histories"":[[""paintOk.1""],[""paintOk.1"",""paint.1"",""clean.1""]],""monitor_states"":[1,-1]}","{""constant_initializer"":0,""history"":[""paintOk.1"",""hotSwapIn""],""history_monitor_state"":1}",RS_UNTESTED,Free-product sufficient condition failed; this is not a plant-reachable RS counterexample.,EXACT_ON_NONEMPTY_SAFE_ACTIVATION_DOMAIN,True,True,True,True,87,3,1,3,1,"[{""values"":[false,false],""state"":0},{""values"":[false,true],""state"":1},{""values"":[true,false],""state"":0}]",[],NOT_CHECKED_WITHOUT_PLANT,source-rule reconstruction; runtime lookup table not exported,"Sufficient only on actual non-error activation entries with nonempty safe-history set; empty safe-history intersections are universal, so inclusion alone is automatic. Full continuation-language equivalence is stronger than one-shot equivalence.",NOT_APPLICABLE,NOT_APPLICABLE,True,NOT_APPLICABLE,[],"Sufficient only on actual non-error activation entries with nonempty safe-history set; empty safe-history intersections are universal, so inclusion alone is automatic. Full continuation-language equivalence is stronger than one-shot equivalence.",NOT_APPLICABLE,NOT_APPLICABLE,,,,,,,,,,NOT_APPLICABLE,NOT_APPLICABLE,NOT_APPLICABLE,NOT_APPLICABLE,NOT_APPLICABLE,NOT_APPLICABLE,NOT_APPLICABLE,NOT_APPLICABLE
productioncell_arms2,r1,P_AVOID_STAMPING_1,new,2,1,1,stamp[1],fluent_lookup_nonerror_entries,0,compiled actual monitor plus independent free-product BFS including absorbing ERROR,productioncell_arms2.json,False,False,False,3,162,2,1,True,"{""fluent_values"":[false],""histories"":[[],[""stamp.1"",""clean.1""]],""monitor_states"":[0,-1]}","{""constant_initializer"":0,""history"":[""stamp.1"",""hotSwapIn""],""history_monitor_state"":-1}",RS_UNTESTED,Free-product sufficient condition failed; this is not a plant-reachable RS counterexample.,EXACT_ON_NONEMPTY_SAFE_ACTIVATION_DOMAIN,True,True,True,True,29,1,1,1,1,"[{""values"":[false],""state"":0}]",[],NOT_CHECKED_WITHOUT_PLANT,source-rule reconstruction; runtime lookup table not exported,"Sufficient only on actual non-error activation entries with nonempty safe-history set; empty safe-history intersections are universal, so inclusion alone is automatic. Full continuation-language equivalence is stronger than one-shot equivalence.",NOT_APPLICABLE,NOT_APPLICABLE,True,NOT_APPLICABLE,[],"Sufficient only on actual non-error activation entries with nonempty safe-history set; empty safe-history intersections are universal, so inclusion alone is automatic. Full continuation-language equivalence is stronger than one-shot equivalence.",NOT_APPLICABLE,NOT_APPLICABLE,,,,,,,,,,NOT_APPLICABLE,NOT_APPLICABLE,NOT_APPLICABLE,NOT_APPLICABLE,NOT_APPLICABLE,NOT_APPLICABLE,NOT_APPLICABLE,NOT_APPLICABLE
productioncell_arms2,r1,P_NEW_TOOL_ORDER_2,new,17,16,6,DrillPending.2;Painted.2;Cleaned.2;PaintPending.2;Drilled.2;CleanPending.2,fluent_lookup_nonerror_entries,0,compiled actual monitor plus independent free-product BFS including absorbing ERROR,productioncell_arms2.json,False,False,False,80,4320,64,16,True,"{""fluent_values"":[false,false,false,false,false,false],""histories"":[[],[""drill.2"",""drillNOk.2""]],""monitor_states"":[0,-1]}","{""constant_initializer"":0,""history"":[""clean.2"",""hotSwapIn""],""history_monitor_state"":4}",RS_UNTESTED,Free-product sufficient condition failed; this is not a plant-reachable RS counterexample.,EXACT_ON_NONEMPTY_SAFE_ACTIVATION_DOMAIN,True,True,True,True,16,16,30,16,30,"[{""values"":[false,false,false,false,false,false],""state"":0},{""values"":[false,false,false,false,false,true],""state"":4},{""values"":[false,false,false,false,true,false],""state"":1},{""values"":[false,false,true,false,false,false],""state"":3},{""values"":[false,false,true,false,false,true],""state"":9},{""values"":[false,false,true,false,true,false],""state"":6},{""values"":[false,false,true,true,false,false],""state"":8},{""values"":[false,false,true,true,false,true],""state"":13},{""values"":[false,true,false,false,false,false],""state"":2},{""values"":[false,true,false,false,true,false],""state"":5},{""values"":[false,true,true,false,false,false],""state"":7},{""values"":[false,true,true,false,true,false],""state"":10},{""values"":[false,true,true,true,false,false],""state"":12},{""values"":[true,true,true,false,false,false],""state"":11},{""values"":[true,true,true,false,true,false],""state"":14},{""values"":[true,true,true,true,false,false],""state"":15}]",[],NOT_CHECKED_WITHOUT_PLANT,source-rule reconstruction; runtime lookup table not exported,"Sufficient only on actual non-error activation entries with nonempty safe-history set; empty safe-history intersections are universal, so inclusion alone is automatic. Full continuation-language equivalence is stronger than one-shot equivalence.",NOT_APPLICABLE,NOT_APPLICABLE,True,NOT_APPLICABLE,[],"Sufficient only on actual non-error activation entries with nonempty safe-history set; empty safe-history intersections are universal, so inclusion alone is automatic. Full continuation-language equivalence is stronger than one-shot equivalence.",NOT_APPLICABLE,NOT_APPLICABLE,,,,,,,,,,NOT_APPLICABLE,NOT_APPLICABLE,NOT_APPLICABLE,NOT_APPLICABLE,NOT_APPLICABLE,NOT_APPLICABLE,NOT_APPLICABLE,NOT_APPLICABLE
productioncell_arms2,r1,P_NEW_OUT_IF_FINISHED_2,new,9,8,4,out[2];Drilled.2;Cleaned.2;Painted.2,fluent_lookup_nonerror_entries,0,compiled actual monitor plus independent free-product BFS including absorbing ERROR,productioncell_arms2.json,False,False,False,25,1350,16,9,True,"{""fluent_values"":[false,false,false,false],""histories"":[[],[""out.2"",""clean.1""]],""monitor_states"":[0,-1]}","{""constant_initializer"":0,""history"":[""cleanOk.2"",""hotSwapIn""],""history_monitor_state"":2}",RS_UNTESTED,Free-product sufficient condition failed; this is not a plant-reachable RS counterexample.,EXACT_ON_NONEMPTY_SAFE_ACTIVATION_DOMAIN,True,True,True,True,261,9,7,9,7,"[{""values"":[false,false,false,false],""state"":0},{""values"":[false,false,false,true],""state"":3},{""values"":[false,false,true,false],""state"":2},{""values"":[false,false,true,true],""state"":6},{""values"":[false,true,false,false],""state"":1},{""values"":[false,true,false,true],""state"":5},{""values"":[false,true,true,false],""state"":4},{""values"":[false,true,true,true],""state"":7},{""values"":[true,true,true,true],""state"":7}]",[],NOT_CHECKED_WITHOUT_PLANT,source-rule reconstruction; runtime lookup table not exported,"Sufficient only on actual non-error activation entries with nonempty safe-history set; empty safe-history intersections are universal, so inclusion alone is automatic. Full continuation-language equivalence is stronger than one-shot equivalence.",NOT_APPLICABLE,NOT_APPLICABLE,True,NOT_APPLICABLE,[],"Sufficient only on actual non-error activation entries with nonempty safe-history set; empty safe-history intersections are universal, so inclusion alone is automatic. Full continuation-language equivalence is stronger than one-shot equivalence.",NOT_APPLICABLE,NOT_APPLICABLE,,,,,,,,,,NOT_APPLICABLE,NOT_APPLICABLE,NOT_APPLICABLE,NOT_APPLICABLE,NOT_APPLICABLE,NOT_APPLICABLE,NOT_APPLICABLE,NOT_APPLICABLE
productioncell_arms2,r1,P_DRILL_ONCE_2,new,3,2,2,drill[2];Drilled.2,fluent_lookup_nonerror_entries,0,compiled actual monitor plus independent free-product BFS including absorbing ERROR,productioncell_arms2.json,False,False,False,7,378,4,3,True,"{""fluent_values"":[false,true],""histories"":[[""drillOk.2""],[""drillOk.2"",""drill.2"",""clean.1""]],""monitor_states"":[1,-1]}","{""constant_initializer"":0,""history"":[""drillOk.2"",""hotSwapIn""],""history_monitor_state"":1}",RS_UNTESTED,Free-product sufficient condition failed; this is not a plant-reachable RS counterexample.,EXACT_ON_NONEMPTY_SAFE_ACTIVATION_DOMAIN,True,True,True,True,87,3,1,3,1,"[{""values"":[false,false],""state"":0},{""values"":[false,true],""state"":1},{""values"":[true,false],""state"":0}]",[],NOT_CHECKED_WITHOUT_PLANT,source-rule reconstruction; runtime lookup table not exported,"Sufficient only on actual non-error activation entries with nonempty safe-history set; empty safe-history intersections are universal, so inclusion alone is automatic. Full continuation-language equivalence is stronger than one-shot equivalence.",NOT_APPLICABLE,NOT_APPLICABLE,True,NOT_APPLICABLE,[],"Sufficient only on actual non-error activation entries with nonempty safe-history set; empty safe-history intersections are universal, so inclusion alone is automatic. Full continuation-language equivalence is stronger than one-shot equivalence.",NOT_APPLICABLE,NOT_APPLICABLE,,,,,,,,,,NOT_APPLICABLE,NOT_APPLICABLE,NOT_APPLICABLE,NOT_APPLICABLE,NOT_APPLICABLE,NOT_APPLICABLE,NOT_APPLICABLE,NOT_APPLICABLE
productioncell_arms2,r1,P_CLEAN_ONCE_2,new,3,2,2,clean[2];Cleaned.2,fluent_lookup_nonerror_entries,0,compiled actual monitor plus independent free-product BFS including absorbing ERROR,productioncell_arms2.json,False,False,False,7,378,4,3,True,"{""fluent_values"":[false,true],""histories"":[[""cleanOk.2""],[""cleanOk.2"",""clean.2"",""clean.1""]],""monitor_states"":[1,-1]}","{""constant_initializer"":0,""history"":[""cleanOk.2"",""hotSwapIn""],""history_monitor_state"":1}",RS_UNTESTED,Free-product sufficient condition failed; this is not a plant-reachable RS counterexample.,EXACT_ON_NONEMPTY_SAFE_ACTIVATION_DOMAIN,True,True,True,True,87,3,1,3,1,"[{""values"":[false,false],""state"":0},{""values"":[false,true],""state"":1},{""values"":[true,false],""state"":0}]",[],NOT_CHECKED_WITHOUT_PLANT,source-rule reconstruction; runtime lookup table not exported,"Sufficient only on actual non-error activation entries with nonempty safe-history set; empty safe-history intersections are universal, so inclusion alone is automatic. Full continuation-language equivalence is stronger than one-shot equivalence.",NOT_APPLICABLE,NOT_APPLICABLE,True,NOT_APPLICABLE,[],"Sufficient only on actual non-error activation entries with nonempty safe-history set; empty safe-history intersections are universal, so inclusion alone is automatic. Full continuation-language equivalence is stronger than one-shot equivalence.",NOT_APPLICABLE,NOT_APPLICABLE,,,,,,,,,,NOT_APPLICABLE,NOT_APPLICABLE,NOT_APPLICABLE,NOT_APPLICABLE,NOT_APPLICABLE,NOT_APPLICABLE,NOT_APPLICABLE,NOT_APPLICABLE
productioncell_arms2,r1,P_PAINT_ONCE_2,new,3,2,2,paint[2];Painted.2,fluent_lookup_nonerror_entries,0,compiled actual monitor plus independent free-product BFS including absorbing ERROR,productioncell_arms2.json,False,False,False,7,378,4,3,True,"{""fluent_values"":[false,true],""histories"":[[""paintOk.2""],[""paintOk.2"",""paint.2"",""clean.1""]],""monitor_states"":[1,-1]}","{""constant_initializer"":0,""history"":[""paintOk.2"",""hotSwapIn""],""history_monitor_state"":1}",RS_UNTESTED,Free-product sufficient condition failed; this is not a plant-reachable RS counterexample.,EXACT_ON_NONEMPTY_SAFE_ACTIVATION_DOMAIN,True,True,True,True,87,3,1,3,1,"[{""values"":[false,false],""state"":0},{""values"":[false,true],""state"":1},{""values"":[true,false],""state"":0}]",[],NOT_CHECKED_WITHOUT_PLANT,source-rule reconstruction; runtime lookup table not exported,"Sufficient only on actual non-error activation entries with nonempty safe-history set; empty safe-history intersections are universal, so inclusion alone is automatic. Full continuation-language equivalence is stronger than one-shot equivalence.",NOT_APPLICABLE,NOT_APPLICABLE,True,NOT_APPLICABLE,[],"Sufficient only on actual non-error activation entries with nonempty safe-history set; empty safe-history intersections are universal, so inclusion alone is automatic. Full continuation-language equivalence is stronger than one-shot equivalence.",NOT_APPLICABLE,NOT_APPLICABLE,,,,,,,,,,NOT_APPLICABLE,NOT_APPLICABLE,NOT_APPLICABLE,NOT_APPLICABLE,NOT_APPLICABLE,NOT_APPLICABLE,NOT_APPLICABLE,NOT_APPLICABLE
productioncell_arms2,r1,P_AVOID_STAMPING_2,new,2,1,1,stamp[2],fluent_lookup_nonerror_entries,0,compiled actual monitor plus independent free-product BFS including absorbing ERROR,productioncell_arms2.json,False,False,False,3,162,2,1,True,"{""fluent_values"":[false],""histories"":[[],[""stamp.2"",""clean.1""]],""monitor_states"":[0,-1]}","{""constant_initializer"":0,""history"":[""stamp.2"",""hotSwapIn""],""history_monitor_state"":-1}",RS_UNTESTED,Free-product sufficient condition failed; this is not a plant-reachable RS counterexample.,EXACT_ON_NONEMPTY_SAFE_ACTIVATION_DOMAIN,True,True,True,True,29,1,1,1,1,"[{""values"":[false],""state"":0}]",[],NOT_CHECKED_WITHOUT_PLANT,source-rule reconstruction; runtime lookup table not exported,"Sufficient only on actual non-error activation entries with nonempty safe-history set; empty safe-history intersections are universal, so inclusion alone is automatic. Full continuation-language equivalence is stronger than one-shot equivalence.",NOT_APPLICABLE,NOT_APPLICABLE,True,NOT_APPLICABLE,[],"Sufficient only on actual non-error activation entries with nonempty safe-history set; empty safe-history intersections are universal, so inclusion alone is automatic. Full continuation-language equivalence is stronger than one-shot equivalence.",NOT_APPLICABLE,NOT_APPLICABLE,,,,,,,,,,NOT_APPLICABLE,NOT_APPLICABLE,NOT_APPLICABLE,NOT_APPLICABLE,NOT_APPLICABLE,NOT_APPLICABLE,NOT_APPLICABLE,NOT_APPLICABLE
productioncell_arms2,r1,R1_OTF_P_NEW_TOOL_ORDER_1,upd,3,2,2,"AfterStopBeforeStart_P_NEW_TOOL_ORDER_1;{clean, drill, paint, polish, stamp}[1..2]",constant_after_hotSwapIn,0,compiled actual monitor plus independent free-product BFS including absorbing ERROR,productioncell_arms2.json,False,False,False,7,378,4,3,NOT_USED_FOR_UPD,"{""fluent_values"":[true,false],""histories"":[[""stopOldSpec_P_AVOID_STAMPING_1""],[""stopOldSpec_P_AVOID_STAMPING_1"",""clean.1"",""cleanNOk.1""]],""monitor_states"":[1,-1]}","{""constant_initializer"":0,""history"":[""stopOldSpec_P_AVOID_STAMPING_1"",""hotSwapIn""],""history_monitor_state"":1}",RS_UNTESTED,Free-product sufficient condition failed; this is not a plant-reachable RS counterexample.,NOT_APPLICABLE,NOT_APPLICABLE,,,,,,,,,,,,,,UNVERIFIED_ENTRY_VALUATION_LANGUAGE,False,NOT_APPLICABLE,False,NOT_APPLICABLE,NOT_APPLICABLE,"All one-shot free pre-entry observer valuations enumerated. Observer synchronization and compiled-reset consistency are diagnostics; saved DFA does not expose a valuation-parameterized semantic initializer, so E exactness is unverified.","[{""pre_entry_history"":[""stopOldSpec_P_AVOID_STAMPING_1""],""entry_values"":[true,false],""post_entry_values"":[true,false],""canonical_post_entry_values"":[false,false],""kind"":""observer_difference_not_language_counterexample""}]",4,1140,False,True,True,"[{""pre_entry_history"":[""stopOldSpec_P_AVOID_STAMPING_1""],""entry_values"":[true,false],""post_entry_values"":[true,false],""canonical_post_entry_values"":[false,false],""kind"":""observer_difference_not_language_counterexample""}]",False,null,"All one-shot free pre-entry observer valuations enumerated. Observer synchronization and compiled-reset consistency are diagnostics; saved DFA does not expose a valuation-parameterized semantic initializer, so E exactness is unverified.",False,UNVERIFIED_OUTSIDE_E_PRIME_SUFFICIENT_CONDITION,False,"[""*"",""clean.1"",""clean.2"",""drill.1"",""drill.2"",""paint.1"",""paint.2"",""polish.1"",""polish.2"",""stamp.1"",""stamp.2"",""startNewSpec_P_NEW_TOOL_ORDER_1"",""stopOldSpec_P_AVOID_STAMPING_1"",""stopOldSpec_P_AVOID_STAMPING_2"",""stopOldSpec_P_CLEAN_ONCE_1"",""stopOldSpec_P_CLEAN_ONCE_2"",""stopOldSpec_P_DRILL_ONCE_1"",""stopOldSpec_P_DRILL_ONCE_2"",""stopOldSpec_P_OLD_OUT_IF_FINISHED_1"",""stopOldSpec_P_OLD_OUT_IF_FINISHED_2"",""stopOldSpec_P_OLD_TOOL_ORDER_1"",""stopOldSpec_P_OLD_TOOL_ORDER_2"",""stopOldSpec_P_POLISH_ONCE_1"",""stopOldSpec_P_POLISH_ONCE_2""]","[{""initiating"":[""clean.1"",""clean.2"",""drill.1"",""drill.2"",""paint.1"",""paint.2"",""polish.1"",""polish.2"",""stamp.1"",""stamp.2""],""kind"":""event_predicate"",""name"":""{clean, drill, paint, polish, stamp}[1..2]"",""reasons"":[""not_a_declared_fluent"",""non_update_initiating_label"",""non_update_terminating_label""],""terminating"":[""*""]}]",True,"{""computed_boundary"":0,""error"":"""",""initializer_mode"":""constant_after_hotSwapIn"",""monitor_initial"":0,""saved_boundary"":0}","The E-prime sufficient condition is not established. Event predicates or plant-fluent values can depend on pre-entry ordinary history; their valuation-parameterized reference languages remain unavailable. This is unverified, not a language counterexample; boundary diagnostics are reported separately."
productioncell_arms2,r1,R1_OTF_P_NEW_OUT_IF_FINISHED_1,upd,3,2,2,"AfterStopBeforeStart_P_NEW_OUT_IF_FINISHED_1;{clean, drill, paint, polish, stamp}[1..2]",constant_after_hotSwapIn,0,compiled actual monitor plus independent free-product BFS including absorbing ERROR,productioncell_arms2.json,False,False,False,7,378,4,3,NOT_USED_FOR_UPD,"{""fluent_values"":[true,false],""histories"":[[""stopOldSpec_P_AVOID_STAMPING_1""],[""stopOldSpec_P_AVOID_STAMPING_1"",""clean.1"",""cleanNOk.1""]],""monitor_states"":[1,-1]}","{""constant_initializer"":0,""history"":[""stopOldSpec_P_AVOID_STAMPING_1"",""hotSwapIn""],""history_monitor_state"":1}",RS_UNTESTED,Free-product sufficient condition failed; this is not a plant-reachable RS counterexample.,NOT_APPLICABLE,NOT_APPLICABLE,,,,,,,,,,,,,,UNVERIFIED_ENTRY_VALUATION_LANGUAGE,False,NOT_APPLICABLE,False,NOT_APPLICABLE,NOT_APPLICABLE,"All one-shot free pre-entry observer valuations enumerated. Observer synchronization and compiled-reset consistency are diagnostics; saved DFA does not expose a valuation-parameterized semantic initializer, so E exactness is unverified.","[{""pre_entry_history"":[""stopOldSpec_P_AVOID_STAMPING_1""],""entry_values"":[true,false],""post_entry_values"":[true,false],""canonical_post_entry_values"":[false,false],""kind"":""observer_difference_not_language_counterexample""}]",4,1140,False,True,True,"[{""pre_entry_history"":[""stopOldSpec_P_AVOID_STAMPING_1""],""entry_values"":[true,false],""post_entry_values"":[true,false],""canonical_post_entry_values"":[false,false],""kind"":""observer_difference_not_language_counterexample""}]",False,null,"All one-shot free pre-entry observer valuations enumerated. Observer synchronization and compiled-reset consistency are diagnostics; saved DFA does not expose a valuation-parameterized semantic initializer, so E exactness is unverified.",False,UNVERIFIED_OUTSIDE_E_PRIME_SUFFICIENT_CONDITION,False,"[""*"",""clean.1"",""clean.2"",""drill.1"",""drill.2"",""paint.1"",""paint.2"",""polish.1"",""polish.2"",""stamp.1"",""stamp.2"",""startNewSpec_P_NEW_OUT_IF_FINISHED_1"",""stopOldSpec_P_AVOID_STAMPING_1"",""stopOldSpec_P_AVOID_STAMPING_2"",""stopOldSpec_P_CLEAN_ONCE_1"",""stopOldSpec_P_CLEAN_ONCE_2"",""stopOldSpec_P_DRILL_ONCE_1"",""stopOldSpec_P_DRILL_ONCE_2"",""stopOldSpec_P_OLD_OUT_IF_FINISHED_1"",""stopOldSpec_P_OLD_OUT_IF_FINISHED_2"",""stopOldSpec_P_OLD_TOOL_ORDER_1"",""stopOldSpec_P_OLD_TOOL_ORDER_2"",""stopOldSpec_P_POLISH_ONCE_1"",""stopOldSpec_P_POLISH_ONCE_2""]","[{""initiating"":[""clean.1"",""clean.2"",""drill.1"",""drill.2"",""paint.1"",""paint.2"",""polish.1"",""polish.2"",""stamp.1"",""stamp.2""],""kind"":""event_predicate"",""name"":""{clean, drill, paint, polish, stamp}[1..2]"",""reasons"":[""not_a_declared_fluent"",""non_update_initiating_label"",""non_update_terminating_label""],""terminating"":[""*""]}]",True,"{""computed_boundary"":0,""error"":"""",""initializer_mode"":""constant_after_hotSwapIn"",""monitor_initial"":0,""saved_boundary"":0}","The E-prime sufficient condition is not established. Event predicates or plant-fluent values can depend on pre-entry ordinary history; their valuation-parameterized reference languages remain unavailable. This is unverified, not a language counterexample; boundary diagnostics are reported separately."
productioncell_arms2,r1,R1_OTF_P_DRILL_ONCE_1,upd,3,2,2,"AfterStopBeforeStart_P_DRILL_ONCE_1;{clean, drill, paint, polish, stamp}[1..2]",constant_after_hotSwapIn,0,compiled actual monitor plus independent free-product BFS including absorbing ERROR,productioncell_arms2.json,False,False,False,7,378,4,3,NOT_USED_FOR_UPD,"{""fluent_values"":[true,false],""histories"":[[""stopOldSpec_P_AVOID_STAMPING_1""],[""stopOldSpec_P_AVOID_STAMPING_1"",""clean.1"",""cleanNOk.1""]],""monitor_states"":[1,-1]}","{""constant_initializer"":0,""history"":[""stopOldSpec_P_AVOID_STAMPING_1"",""hotSwapIn""],""history_monitor_state"":1}",RS_UNTESTED,Free-product sufficient condition failed; this is not a plant-reachable RS counterexample.,NOT_APPLICABLE,NOT_APPLICABLE,,,,,,,,,,,,,,UNVERIFIED_ENTRY_VALUATION_LANGUAGE,False,NOT_APPLICABLE,False,NOT_APPLICABLE,NOT_APPLICABLE,"All one-shot free pre-entry observer valuations enumerated. Observer synchronization and compiled-reset consistency are diagnostics; saved DFA does not expose a valuation-parameterized semantic initializer, so E exactness is unverified.","[{""pre_entry_history"":[""stopOldSpec_P_AVOID_STAMPING_1""],""entry_values"":[true,false],""post_entry_values"":[true,false],""canonical_post_entry_values"":[false,false],""kind"":""observer_difference_not_language_counterexample""}]",4,1140,False,True,True,"[{""pre_entry_history"":[""stopOldSpec_P_AVOID_STAMPING_1""],""entry_values"":[true,false],""post_entry_values"":[true,false],""canonical_post_entry_values"":[false,false],""kind"":""observer_difference_not_language_counterexample""}]",False,null,"All one-shot free pre-entry observer valuations enumerated. Observer synchronization and compiled-reset consistency are diagnostics; saved DFA does not expose a valuation-parameterized semantic initializer, so E exactness is unverified.",False,UNVERIFIED_OUTSIDE_E_PRIME_SUFFICIENT_CONDITION,False,"[""*"",""clean.1"",""clean.2"",""drill.1"",""drill.2"",""paint.1"",""paint.2"",""polish.1"",""polish.2"",""stamp.1"",""stamp.2"",""startNewSpec_P_DRILL_ONCE_1"",""stopOldSpec_P_AVOID_STAMPING_1"",""stopOldSpec_P_AVOID_STAMPING_2"",""stopOldSpec_P_CLEAN_ONCE_1"",""stopOldSpec_P_CLEAN_ONCE_2"",""stopOldSpec_P_DRILL_ONCE_1"",""stopOldSpec_P_DRILL_ONCE_2"",""stopOldSpec_P_OLD_OUT_IF_FINISHED_1"",""stopOldSpec_P_OLD_OUT_IF_FINISHED_2"",""stopOldSpec_P_OLD_TOOL_ORDER_1"",""stopOldSpec_P_OLD_TOOL_ORDER_2"",""stopOldSpec_P_POLISH_ONCE_1"",""stopOldSpec_P_POLISH_ONCE_2""]","[{""initiating"":[""clean.1"",""clean.2"",""drill.1"",""drill.2"",""paint.1"",""paint.2"",""polish.1"",""polish.2"",""stamp.1"",""stamp.2""],""kind"":""event_predicate"",""name"":""{clean, drill, paint, polish, stamp}[1..2]"",""reasons"":[""not_a_declared_fluent"",""non_update_initiating_label"",""non_update_terminating_label""],""terminating"":[""*""]}]",True,"{""computed_boundary"":0,""error"":"""",""initializer_mode"":""constant_after_hotSwapIn"",""monitor_initial"":0,""saved_boundary"":0}","The E-prime sufficient condition is not established. Event predicates or plant-fluent values can depend on pre-entry ordinary history; their valuation-parameterized reference languages remain unavailable. This is unverified, not a language counterexample; boundary diagnostics are reported separately."
productioncell_arms2,r1,R1_OTF_P_CLEAN_ONCE_1,upd,3,2,2,"AfterStopBeforeStart_P_CLEAN_ONCE_1;{clean, drill, paint, polish, stamp}[1..2]",constant_after_hotSwapIn,0,compiled actual monitor plus independent free-product BFS including absorbing ERROR,productioncell_arms2.json,False,False,False,7,378,4,3,NOT_USED_FOR_UPD,"{""fluent_values"":[true,false],""histories"":[[""stopOldSpec_P_AVOID_STAMPING_1""],[""stopOldSpec_P_AVOID_STAMPING_1"",""clean.1"",""cleanNOk.1""]],""monitor_states"":[1,-1]}","{""constant_initializer"":0,""history"":[""stopOldSpec_P_AVOID_STAMPING_1"",""hotSwapIn""],""history_monitor_state"":1}",RS_UNTESTED,Free-product sufficient condition failed; this is not a plant-reachable RS counterexample.,NOT_APPLICABLE,NOT_APPLICABLE,,,,,,,,,,,,,,UNVERIFIED_ENTRY_VALUATION_LANGUAGE,False,NOT_APPLICABLE,False,NOT_APPLICABLE,NOT_APPLICABLE,"All one-shot free pre-entry observer valuations enumerated. Observer synchronization and compiled-reset consistency are diagnostics; saved DFA does not expose a valuation-parameterized semantic initializer, so E exactness is unverified.","[{""pre_entry_history"":[""stopOldSpec_P_AVOID_STAMPING_1""],""entry_values"":[true,false],""post_entry_values"":[true,false],""canonical_post_entry_values"":[false,false],""kind"":""observer_difference_not_language_counterexample""}]",4,1140,False,True,True,"[{""pre_entry_history"":[""stopOldSpec_P_AVOID_STAMPING_1""],""entry_values"":[true,false],""post_entry_values"":[true,false],""canonical_post_entry_values"":[false,false],""kind"":""observer_difference_not_language_counterexample""}]",False,null,"All one-shot free pre-entry observer valuations enumerated. Observer synchronization and compiled-reset consistency are diagnostics; saved DFA does not expose a valuation-parameterized semantic initializer, so E exactness is unverified.",False,UNVERIFIED_OUTSIDE_E_PRIME_SUFFICIENT_CONDITION,False,"[""*"",""clean.1"",""clean.2"",""drill.1"",""drill.2"",""paint.1"",""paint.2"",""polish.1"",""polish.2"",""stamp.1"",""stamp.2"",""startNewSpec_P_CLEAN_ONCE_1"",""stopOldSpec_P_AVOID_STAMPING_1"",""stopOldSpec_P_AVOID_STAMPING_2"",""stopOldSpec_P_CLEAN_ONCE_1"",""stopOldSpec_P_CLEAN_ONCE_2"",""stopOldSpec_P_DRILL_ONCE_1"",""stopOldSpec_P_DRILL_ONCE_2"",""stopOldSpec_P_OLD_OUT_IF_FINISHED_1"",""stopOldSpec_P_OLD_OUT_IF_FINISHED_2"",""stopOldSpec_P_OLD_TOOL_ORDER_1"",""stopOldSpec_P_OLD_TOOL_ORDER_2"",""stopOldSpec_P_POLISH_ONCE_1"",""stopOldSpec_P_POLISH_ONCE_2""]","[{""initiating"":[""clean.1"",""clean.2"",""drill.1"",""drill.2"",""paint.1"",""paint.2"",""polish.1"",""polish.2"",""stamp.1"",""stamp.2""],""kind"":""event_predicate"",""name"":""{clean, drill, paint, polish, stamp}[1..2]"",""reasons"":[""not_a_declared_fluent"",""non_update_initiating_label"",""non_update_terminating_label""],""terminating"":[""*""]}]",True,"{""computed_boundary"":0,""error"":"""",""initializer_mode"":""constant_after_hotSwapIn"",""monitor_initial"":0,""saved_boundary"":0}","The E-prime sufficient condition is not established. Event predicates or plant-fluent values can depend on pre-entry ordinary history; their valuation-parameterized reference languages remain unavailable. This is unverified, not a language counterexample; boundary diagnostics are reported separately."
productioncell_arms2,r1,R1_OTF_P_PAINT_ONCE_1,upd,3,2,2,"AfterStopBeforeStart_P_PAINT_ONCE_1;{clean, drill, paint, polish, stamp}[1..2]",constant_after_hotSwapIn,0,compiled actual monitor plus independent free-product BFS including absorbing ERROR,productioncell_arms2.json,False,False,False,7,378,4,3,NOT_USED_FOR_UPD,"{""fluent_values"":[true,false],""histories"":[[""stopOldSpec_P_AVOID_STAMPING_1""],[""stopOldSpec_P_AVOID_STAMPING_1"",""clean.1"",""cleanNOk.1""]],""monitor_states"":[1,-1]}","{""constant_initializer"":0,""history"":[""stopOldSpec_P_AVOID_STAMPING_1"",""hotSwapIn""],""history_monitor_state"":1}",RS_UNTESTED,Free-product sufficient condition failed; this is not a plant-reachable RS counterexample.,NOT_APPLICABLE,NOT_APPLICABLE,,,,,,,,,,,,,,UNVERIFIED_ENTRY_VALUATION_LANGUAGE,False,NOT_APPLICABLE,False,NOT_APPLICABLE,NOT_APPLICABLE,"All one-shot free pre-entry observer valuations enumerated. Observer synchronization and compiled-reset consistency are diagnostics; saved DFA does not expose a valuation-parameterized semantic initializer, so E exactness is unverified.","[{""pre_entry_history"":[""stopOldSpec_P_AVOID_STAMPING_1""],""entry_values"":[true,false],""post_entry_values"":[true,false],""canonical_post_entry_values"":[false,false],""kind"":""observer_difference_not_language_counterexample""}]",4,1140,False,True,True,"[{""pre_entry_history"":[""stopOldSpec_P_AVOID_STAMPING_1""],""entry_values"":[true,false],""post_entry_values"":[true,false],""canonical_post_entry_values"":[false,false],""kind"":""observer_difference_not_language_counterexample""}]",False,null,"All one-shot free pre-entry observer valuations enumerated. Observer synchronization and compiled-reset consistency are diagnostics; saved DFA does not expose a valuation-parameterized semantic initializer, so E exactness is unverified.",False,UNVERIFIED_OUTSIDE_E_PRIME_SUFFICIENT_CONDITION,False,"[""*"",""clean.1"",""clean.2"",""drill.1"",""drill.2"",""paint.1"",""paint.2"",""polish.1"",""polish.2"",""stamp.1"",""stamp.2"",""startNewSpec_P_PAINT_ONCE_1"",""stopOldSpec_P_AVOID_STAMPING_1"",""stopOldSpec_P_AVOID_STAMPING_2"",""stopOldSpec_P_CLEAN_ONCE_1"",""stopOldSpec_P_CLEAN_ONCE_2"",""stopOldSpec_P_DRILL_ONCE_1"",""stopOldSpec_P_DRILL_ONCE_2"",""stopOldSpec_P_OLD_OUT_IF_FINISHED_1"",""stopOldSpec_P_OLD_OUT_IF_FINISHED_2"",""stopOldSpec_P_OLD_TOOL_ORDER_1"",""stopOldSpec_P_OLD_TOOL_ORDER_2"",""stopOldSpec_P_POLISH_ONCE_1"",""stopOldSpec_P_POLISH_ONCE_2""]","[{""initiating"":[""clean.1"",""clean.2"",""drill.1"",""drill.2"",""paint.1"",""paint.2"",""polish.1"",""polish.2"",""stamp.1"",""stamp.2""],""kind"":""event_predicate"",""name"":""{clean, drill, paint, polish, stamp}[1..2]"",""reasons"":[""not_a_declared_fluent"",""non_update_initiating_label"",""non_update_terminating_label""],""terminating"":[""*""]}]",True,"{""computed_boundary"":0,""error"":"""",""initializer_mode"":""constant_after_hotSwapIn"",""monitor_initial"":0,""saved_boundary"":0}","The E-prime sufficient condition is not established. Event predicates or plant-fluent values can depend on pre-entry ordinary history; their valuation-parameterized reference languages remain unavailable. This is unverified, not a language counterexample; boundary diagnostics are reported separately."
productioncell_arms2,r1,R1_OTF_P_AVOID_STAMPING_1,upd,3,2,2,"AfterStopBeforeStart_P_AVOID_STAMPING_1;{clean, drill, paint, polish, stamp}[1..2]",constant_after_hotSwapIn,0,compiled actual monitor plus independent free-product BFS including absorbing ERROR,productioncell_arms2.json,False,False,False,7,378,4,3,NOT_USED_FOR_UPD,"{""fluent_values"":[true,false],""histories"":[[""stopOldSpec_P_AVOID_STAMPING_1""],[""stopOldSpec_P_AVOID_STAMPING_1"",""clean.1"",""cleanNOk.1""]],""monitor_states"":[1,-1]}","{""constant_initializer"":0,""history"":[""stopOldSpec_P_AVOID_STAMPING_1"",""hotSwapIn""],""history_monitor_state"":1}",RS_UNTESTED,Free-product sufficient condition failed; this is not a plant-reachable RS counterexample.,NOT_APPLICABLE,NOT_APPLICABLE,,,,,,,,,,,,,,UNVERIFIED_ENTRY_VALUATION_LANGUAGE,False,NOT_APPLICABLE,False,NOT_APPLICABLE,NOT_APPLICABLE,"All one-shot free pre-entry observer valuations enumerated. Observer synchronization and compiled-reset consistency are diagnostics; saved DFA does not expose a valuation-parameterized semantic initializer, so E exactness is unverified.","[{""pre_entry_history"":[""stopOldSpec_P_AVOID_STAMPING_1""],""entry_values"":[true,false],""post_entry_values"":[true,false],""canonical_post_entry_values"":[false,false],""kind"":""observer_difference_not_language_counterexample""}]",4,1140,False,True,True,"[{""pre_entry_history"":[""stopOldSpec_P_AVOID_STAMPING_1""],""entry_values"":[true,false],""post_entry_values"":[true,false],""canonical_post_entry_values"":[false,false],""kind"":""observer_difference_not_language_counterexample""}]",False,null,"All one-shot free pre-entry observer valuations enumerated. Observer synchronization and compiled-reset consistency are diagnostics; saved DFA does not expose a valuation-parameterized semantic initializer, so E exactness is unverified.",False,UNVERIFIED_OUTSIDE_E_PRIME_SUFFICIENT_CONDITION,False,"[""*"",""clean.1"",""clean.2"",""drill.1"",""drill.2"",""paint.1"",""paint.2"",""polish.1"",""polish.2"",""stamp.1"",""stamp.2"",""startNewSpec_P_AVOID_STAMPING_1"",""stopOldSpec_P_AVOID_STAMPING_1"",""stopOldSpec_P_AVOID_STAMPING_2"",""stopOldSpec_P_CLEAN_ONCE_1"",""stopOldSpec_P_CLEAN_ONCE_2"",""stopOldSpec_P_DRILL_ONCE_1"",""stopOldSpec_P_DRILL_ONCE_2"",""stopOldSpec_P_OLD_OUT_IF_FINISHED_1"",""stopOldSpec_P_OLD_OUT_IF_FINISHED_2"",""stopOldSpec_P_OLD_TOOL_ORDER_1"",""stopOldSpec_P_OLD_TOOL_ORDER_2"",""stopOldSpec_P_POLISH_ONCE_1"",""stopOldSpec_P_POLISH_ONCE_2""]","[{""initiating"":[""clean.1"",""clean.2"",""drill.1"",""drill.2"",""paint.1"",""paint.2"",""polish.1"",""polish.2"",""stamp.1"",""stamp.2""],""kind"":""event_predicate"",""name"":""{clean, drill, paint, polish, stamp}[1..2]"",""reasons"":[""not_a_declared_fluent"",""non_update_initiating_label"",""non_update_terminating_label""],""terminating"":[""*""]}]",True,"{""computed_boundary"":0,""error"":"""",""initializer_mode"":""constant_after_hotSwapIn"",""monitor_initial"":0,""saved_boundary"":0}","The E-prime sufficient condition is not established. Event predicates or plant-fluent values can depend on pre-entry ordinary history; their valuation-parameterized reference languages remain unavailable. This is unverified, not a language counterexample; boundary diagnostics are reported separately."
productioncell_arms2,r1,R1_OTF_P_NEW_TOOL_ORDER_2,upd,3,2,2,"AfterStopBeforeStart_P_NEW_TOOL_ORDER_2;{clean, drill, paint, polish, stamp}[1..2]",constant_after_hotSwapIn,0,compiled actual monitor plus independent free-product BFS including absorbing ERROR,productioncell_arms2.json,False,False,False,7,378,4,3,NOT_USED_FOR_UPD,"{""fluent_values"":[true,false],""histories"":[[""stopOldSpec_P_AVOID_STAMPING_1""],[""stopOldSpec_P_AVOID_STAMPING_1"",""clean.1"",""cleanNOk.1""]],""monitor_states"":[1,-1]}","{""constant_initializer"":0,""history"":[""stopOldSpec_P_AVOID_STAMPING_1"",""hotSwapIn""],""history_monitor_state"":1}",RS_UNTESTED,Free-product sufficient condition failed; this is not a plant-reachable RS counterexample.,NOT_APPLICABLE,NOT_APPLICABLE,,,,,,,,,,,,,,UNVERIFIED_ENTRY_VALUATION_LANGUAGE,False,NOT_APPLICABLE,False,NOT_APPLICABLE,NOT_APPLICABLE,"All one-shot free pre-entry observer valuations enumerated. Observer synchronization and compiled-reset consistency are diagnostics; saved DFA does not expose a valuation-parameterized semantic initializer, so E exactness is unverified.","[{""pre_entry_history"":[""stopOldSpec_P_AVOID_STAMPING_1""],""entry_values"":[true,false],""post_entry_values"":[true,false],""canonical_post_entry_values"":[false,false],""kind"":""observer_difference_not_language_counterexample""}]",4,1140,False,True,True,"[{""pre_entry_history"":[""stopOldSpec_P_AVOID_STAMPING_1""],""entry_values"":[true,false],""post_entry_values"":[true,false],""canonical_post_entry_values"":[false,false],""kind"":""observer_difference_not_language_counterexample""}]",False,null,"All one-shot free pre-entry observer valuations enumerated. Observer synchronization and compiled-reset consistency are diagnostics; saved DFA does not expose a valuation-parameterized semantic initializer, so E exactness is unverified.",False,UNVERIFIED_OUTSIDE_E_PRIME_SUFFICIENT_CONDITION,False,"[""*"",""clean.1"",""clean.2"",""drill.1"",""drill.2"",""paint.1"",""paint.2"",""polish.1"",""polish.2"",""stamp.1"",""stamp.2"",""startNewSpec_P_NEW_TOOL_ORDER_2"",""stopOldSpec_P_AVOID_STAMPING_1"",""stopOldSpec_P_AVOID_STAMPING_2"",""stopOldSpec_P_CLEAN_ONCE_1"",""stopOldSpec_P_CLEAN_ONCE_2"",""stopOldSpec_P_DRILL_ONCE_1"",""stopOldSpec_P_DRILL_ONCE_2"",""stopOldSpec_P_OLD_OUT_IF_FINISHED_1"",""stopOldSpec_P_OLD_OUT_IF_FINISHED_2"",""stopOldSpec_P_OLD_TOOL_ORDER_1"",""stopOldSpec_P_OLD_TOOL_ORDER_2"",""stopOldSpec_P_POLISH_ONCE_1"",""stopOldSpec_P_POLISH_ONCE_2""]","[{""initiating"":[""clean.1"",""clean.2"",""drill.1"",""drill.2"",""paint.1"",""paint.2"",""polish.1"",""polish.2"",""stamp.1"",""stamp.2""],""kind"":""event_predicate"",""name"":""{clean, drill, paint, polish, stamp}[1..2]"",""reasons"":[""not_a_declared_fluent"",""non_update_initiating_label"",""non_update_terminating_label""],""terminating"":[""*""]}]",True,"{""computed_boundary"":0,""error"":"""",""initializer_mode"":""constant_after_hotSwapIn"",""monitor_initial"":0,""saved_boundary"":0}","The E-prime sufficient condition is not established. Event predicates or plant-fluent values can depend on pre-entry ordinary history; their valuation-parameterized reference languages remain unavailable. This is unverified, not a language counterexample; boundary diagnostics are reported separately."
productioncell_arms2,r1,R1_OTF_P_NEW_OUT_IF_FINISHED_2,upd,3,2,2,"AfterStopBeforeStart_P_NEW_OUT_IF_FINISHED_2;{clean, drill, paint, polish, stamp}[1..2]",constant_after_hotSwapIn,0,compiled actual monitor plus independent free-product BFS including absorbing ERROR,productioncell_arms2.json,False,False,False,7,378,4,3,NOT_USED_FOR_UPD,"{""fluent_values"":[true,false],""histories"":[[""stopOldSpec_P_AVOID_STAMPING_1""],[""stopOldSpec_P_AVOID_STAMPING_1"",""clean.1"",""cleanNOk.1""]],""monitor_states"":[1,-1]}","{""constant_initializer"":0,""history"":[""stopOldSpec_P_AVOID_STAMPING_1"",""hotSwapIn""],""history_monitor_state"":1}",RS_UNTESTED,Free-product sufficient condition failed; this is not a plant-reachable RS counterexample.,NOT_APPLICABLE,NOT_APPLICABLE,,,,,,,,,,,,,,UNVERIFIED_ENTRY_VALUATION_LANGUAGE,False,NOT_APPLICABLE,False,NOT_APPLICABLE,NOT_APPLICABLE,"All one-shot free pre-entry observer valuations enumerated. Observer synchronization and compiled-reset consistency are diagnostics; saved DFA does not expose a valuation-parameterized semantic initializer, so E exactness is unverified.","[{""pre_entry_history"":[""stopOldSpec_P_AVOID_STAMPING_1""],""entry_values"":[true,false],""post_entry_values"":[true,false],""canonical_post_entry_values"":[false,false],""kind"":""observer_difference_not_language_counterexample""}]",4,1140,False,True,True,"[{""pre_entry_history"":[""stopOldSpec_P_AVOID_STAMPING_1""],""entry_values"":[true,false],""post_entry_values"":[true,false],""canonical_post_entry_values"":[false,false],""kind"":""observer_difference_not_language_counterexample""}]",False,null,"All one-shot free pre-entry observer valuations enumerated. Observer synchronization and compiled-reset consistency are diagnostics; saved DFA does not expose a valuation-parameterized semantic initializer, so E exactness is unverified.",False,UNVERIFIED_OUTSIDE_E_PRIME_SUFFICIENT_CONDITION,False,"[""*"",""clean.1"",""clean.2"",""drill.1"",""drill.2"",""paint.1"",""paint.2"",""polish.1"",""polish.2"",""stamp.1"",""stamp.2"",""startNewSpec_P_NEW_OUT_IF_FINISHED_2"",""stopOldSpec_P_AVOID_STAMPING_1"",""stopOldSpec_P_AVOID_STAMPING_2"",""stopOldSpec_P_CLEAN_ONCE_1"",""stopOldSpec_P_CLEAN_ONCE_2"",""stopOldSpec_P_DRILL_ONCE_1"",""stopOldSpec_P_DRILL_ONCE_2"",""stopOldSpec_P_OLD_OUT_IF_FINISHED_1"",""stopOldSpec_P_OLD_OUT_IF_FINISHED_2"",""stopOldSpec_P_OLD_TOOL_ORDER_1"",""stopOldSpec_P_OLD_TOOL_ORDER_2"",""stopOldSpec_P_POLISH_ONCE_1"",""stopOldSpec_P_POLISH_ONCE_2""]","[{""initiating"":[""clean.1"",""clean.2"",""drill.1"",""drill.2"",""paint.1"",""paint.2"",""polish.1"",""polish.2"",""stamp.1"",""stamp.2""],""kind"":""event_predicate"",""name"":""{clean, drill, paint, polish, stamp}[1..2]"",""reasons"":[""not_a_declared_fluent"",""non_update_initiating_label"",""non_update_terminating_label""],""terminating"":[""*""]}]",True,"{""computed_boundary"":0,""error"":"""",""initializer_mode"":""constant_after_hotSwapIn"",""monitor_initial"":0,""saved_boundary"":0}","The E-prime sufficient condition is not established. Event predicates or plant-fluent values can depend on pre-entry ordinary history; their valuation-parameterized reference languages remain unavailable. This is unverified, not a language counterexample; boundary diagnostics are reported separately."
productioncell_arms2,r1,R1_OTF_P_DRILL_ONCE_2,upd,3,2,2,"AfterStopBeforeStart_P_DRILL_ONCE_2;{clean, drill, paint, polish, stamp}[1..2]",constant_after_hotSwapIn,0,compiled actual monitor plus independent free-product BFS including absorbing ERROR,productioncell_arms2.json,False,False,False,7,378,4,3,NOT_USED_FOR_UPD,"{""fluent_values"":[true,false],""histories"":[[""stopOldSpec_P_AVOID_STAMPING_1""],[""stopOldSpec_P_AVOID_STAMPING_1"",""clean.1"",""cleanNOk.1""]],""monitor_states"":[1,-1]}","{""constant_initializer"":0,""history"":[""stopOldSpec_P_AVOID_STAMPING_1"",""hotSwapIn""],""history_monitor_state"":1}",RS_UNTESTED,Free-product sufficient condition failed; this is not a plant-reachable RS counterexample.,NOT_APPLICABLE,NOT_APPLICABLE,,,,,,,,,,,,,,UNVERIFIED_ENTRY_VALUATION_LANGUAGE,False,NOT_APPLICABLE,False,NOT_APPLICABLE,NOT_APPLICABLE,"All one-shot free pre-entry observer valuations enumerated. Observer synchronization and compiled-reset consistency are diagnostics; saved DFA does not expose a valuation-parameterized semantic initializer, so E exactness is unverified.","[{""pre_entry_history"":[""stopOldSpec_P_AVOID_STAMPING_1""],""entry_values"":[true,false],""post_entry_values"":[true,false],""canonical_post_entry_values"":[false,false],""kind"":""observer_difference_not_language_counterexample""}]",4,1140,False,True,True,"[{""pre_entry_history"":[""stopOldSpec_P_AVOID_STAMPING_1""],""entry_values"":[true,false],""post_entry_values"":[true,false],""canonical_post_entry_values"":[false,false],""kind"":""observer_difference_not_language_counterexample""}]",False,null,"All one-shot free pre-entry observer valuations enumerated. Observer synchronization and compiled-reset consistency are diagnostics; saved DFA does not expose a valuation-parameterized semantic initializer, so E exactness is unverified.",False,UNVERIFIED_OUTSIDE_E_PRIME_SUFFICIENT_CONDITION,False,"[""*"",""clean.1"",""clean.2"",""drill.1"",""drill.2"",""paint.1"",""paint.2"",""polish.1"",""polish.2"",""stamp.1"",""stamp.2"",""startNewSpec_P_DRILL_ONCE_2"",""stopOldSpec_P_AVOID_STAMPING_1"",""stopOldSpec_P_AVOID_STAMPING_2"",""stopOldSpec_P_CLEAN_ONCE_1"",""stopOldSpec_P_CLEAN_ONCE_2"",""stopOldSpec_P_DRILL_ONCE_1"",""stopOldSpec_P_DRILL_ONCE_2"",""stopOldSpec_P_OLD_OUT_IF_FINISHED_1"",""stopOldSpec_P_OLD_OUT_IF_FINISHED_2"",""stopOldSpec_P_OLD_TOOL_ORDER_1"",""stopOldSpec_P_OLD_TOOL_ORDER_2"",""stopOldSpec_P_POLISH_ONCE_1"",""stopOldSpec_P_POLISH_ONCE_2""]","[{""initiating"":[""clean.1"",""clean.2"",""drill.1"",""drill.2"",""paint.1"",""paint.2"",""polish.1"",""polish.2"",""stamp.1"",""stamp.2""],""kind"":""event_predicate"",""name"":""{clean, drill, paint, polish, stamp}[1..2]"",""reasons"":[""not_a_declared_fluent"",""non_update_initiating_label"",""non_update_terminating_label""],""terminating"":[""*""]}]",True,"{""computed_boundary"":0,""error"":"""",""initializer_mode"":""constant_after_hotSwapIn"",""monitor_initial"":0,""saved_boundary"":0}","The E-prime sufficient condition is not established. Event predicates or plant-fluent values can depend on pre-entry ordinary history; their valuation-parameterized reference languages remain unavailable. This is unverified, not a language counterexample; boundary diagnostics are reported separately."
productioncell_arms2,r1,R1_OTF_P_CLEAN_ONCE_2,upd,3,2,2,"AfterStopBeforeStart_P_CLEAN_ONCE_2;{clean, drill, paint, polish, stamp}[1..2]",constant_after_hotSwapIn,0,compiled actual monitor plus independent free-product BFS including absorbing ERROR,productioncell_arms2.json,False,False,False,7,378,4,3,NOT_USED_FOR_UPD,"{""fluent_values"":[true,false],""histories"":[[""stopOldSpec_P_AVOID_STAMPING_1""],[""stopOldSpec_P_AVOID_STAMPING_1"",""clean.1"",""cleanNOk.1""]],""monitor_states"":[1,-1]}","{""constant_initializer"":0,""history"":[""stopOldSpec_P_AVOID_STAMPING_1"",""hotSwapIn""],""history_monitor_state"":1}",RS_UNTESTED,Free-product sufficient condition failed; this is not a plant-reachable RS counterexample.,NOT_APPLICABLE,NOT_APPLICABLE,,,,,,,,,,,,,,UNVERIFIED_ENTRY_VALUATION_LANGUAGE,False,NOT_APPLICABLE,False,NOT_APPLICABLE,NOT_APPLICABLE,"All one-shot free pre-entry observer valuations enumerated. Observer synchronization and compiled-reset consistency are diagnostics; saved DFA does not expose a valuation-parameterized semantic initializer, so E exactness is unverified.","[{""pre_entry_history"":[""stopOldSpec_P_AVOID_STAMPING_1""],""entry_values"":[true,false],""post_entry_values"":[true,false],""canonical_post_entry_values"":[false,false],""kind"":""observer_difference_not_language_counterexample""}]",4,1140,False,True,True,"[{""pre_entry_history"":[""stopOldSpec_P_AVOID_STAMPING_1""],""entry_values"":[true,false],""post_entry_values"":[true,false],""canonical_post_entry_values"":[false,false],""kind"":""observer_difference_not_language_counterexample""}]",False,null,"All one-shot free pre-entry observer valuations enumerated. Observer synchronization and compiled-reset consistency are diagnostics; saved DFA does not expose a valuation-parameterized semantic initializer, so E exactness is unverified.",False,UNVERIFIED_OUTSIDE_E_PRIME_SUFFICIENT_CONDITION,False,"[""*"",""clean.1"",""clean.2"",""drill.1"",""drill.2"",""paint.1"",""paint.2"",""polish.1"",""polish.2"",""stamp.1"",""stamp.2"",""startNewSpec_P_CLEAN_ONCE_2"",""stopOldSpec_P_AVOID_STAMPING_1"",""stopOldSpec_P_AVOID_STAMPING_2"",""stopOldSpec_P_CLEAN_ONCE_1"",""stopOldSpec_P_CLEAN_ONCE_2"",""stopOldSpec_P_DRILL_ONCE_1"",""stopOldSpec_P_DRILL_ONCE_2"",""stopOldSpec_P_OLD_OUT_IF_FINISHED_1"",""stopOldSpec_P_OLD_OUT_IF_FINISHED_2"",""stopOldSpec_P_OLD_TOOL_ORDER_1"",""stopOldSpec_P_OLD_TOOL_ORDER_2"",""stopOldSpec_P_POLISH_ONCE_1"",""stopOldSpec_P_POLISH_ONCE_2""]","[{""initiating"":[""clean.1"",""clean.2"",""drill.1"",""drill.2"",""paint.1"",""paint.2"",""polish.1"",""polish.2"",""stamp.1"",""stamp.2""],""kind"":""event_predicate"",""name"":""{clean, drill, paint, polish, stamp}[1..2]"",""reasons"":[""not_a_declared_fluent"",""non_update_initiating_label"",""non_update_terminating_label""],""terminating"":[""*""]}]",True,"{""computed_boundary"":0,""error"":"""",""initializer_mode"":""constant_after_hotSwapIn"",""monitor_initial"":0,""saved_boundary"":0}","The E-prime sufficient condition is not established. Event predicates or plant-fluent values can depend on pre-entry ordinary history; their valuation-parameterized reference languages remain unavailable. This is unverified, not a language counterexample; boundary diagnostics are reported separately."
productioncell_arms2,r1,R1_OTF_P_PAINT_ONCE_2,upd,3,2,2,"AfterStopBeforeStart_P_PAINT_ONCE_2;{clean, drill, paint, polish, stamp}[1..2]",constant_after_hotSwapIn,0,compiled actual monitor plus independent free-product BFS including absorbing ERROR,productioncell_arms2.json,False,False,False,7,378,4,3,NOT_USED_FOR_UPD,"{""fluent_values"":[true,false],""histories"":[[""stopOldSpec_P_AVOID_STAMPING_1""],[""stopOldSpec_P_AVOID_STAMPING_1"",""clean.1"",""cleanNOk.1""]],""monitor_states"":[1,-1]}","{""constant_initializer"":0,""history"":[""stopOldSpec_P_AVOID_STAMPING_1"",""hotSwapIn""],""history_monitor_state"":1}",RS_UNTESTED,Free-product sufficient condition failed; this is not a plant-reachable RS counterexample.,NOT_APPLICABLE,NOT_APPLICABLE,,,,,,,,,,,,,,UNVERIFIED_ENTRY_VALUATION_LANGUAGE,False,NOT_APPLICABLE,False,NOT_APPLICABLE,NOT_APPLICABLE,"All one-shot free pre-entry observer valuations enumerated. Observer synchronization and compiled-reset consistency are diagnostics; saved DFA does not expose a valuation-parameterized semantic initializer, so E exactness is unverified.","[{""pre_entry_history"":[""stopOldSpec_P_AVOID_STAMPING_1""],""entry_values"":[true,false],""post_entry_values"":[true,false],""canonical_post_entry_values"":[false,false],""kind"":""observer_difference_not_language_counterexample""}]",4,1140,False,True,True,"[{""pre_entry_history"":[""stopOldSpec_P_AVOID_STAMPING_1""],""entry_values"":[true,false],""post_entry_values"":[true,false],""canonical_post_entry_values"":[false,false],""kind"":""observer_difference_not_language_counterexample""}]",False,null,"All one-shot free pre-entry observer valuations enumerated. Observer synchronization and compiled-reset consistency are diagnostics; saved DFA does not expose a valuation-parameterized semantic initializer, so E exactness is unverified.",False,UNVERIFIED_OUTSIDE_E_PRIME_SUFFICIENT_CONDITION,False,"[""*"",""clean.1"",""clean.2"",""drill.1"",""drill.2"",""paint.1"",""paint.2"",""polish.1"",""polish.2"",""stamp.1"",""stamp.2"",""startNewSpec_P_PAINT_ONCE_2"",""stopOldSpec_P_AVOID_STAMPING_1"",""stopOldSpec_P_AVOID_STAMPING_2"",""stopOldSpec_P_CLEAN_ONCE_1"",""stopOldSpec_P_CLEAN_ONCE_2"",""stopOldSpec_P_DRILL_ONCE_1"",""stopOldSpec_P_DRILL_ONCE_2"",""stopOldSpec_P_OLD_OUT_IF_FINISHED_1"",""stopOldSpec_P_OLD_OUT_IF_FINISHED_2"",""stopOldSpec_P_OLD_TOOL_ORDER_1"",""stopOldSpec_P_OLD_TOOL_ORDER_2"",""stopOldSpec_P_POLISH_ONCE_1"",""stopOldSpec_P_POLISH_ONCE_2""]","[{""initiating"":[""clean.1"",""clean.2"",""drill.1"",""drill.2"",""paint.1"",""paint.2"",""polish.1"",""polish.2"",""stamp.1"",""stamp.2""],""kind"":""event_predicate"",""name"":""{clean, drill, paint, polish, stamp}[1..2]"",""reasons"":[""not_a_declared_fluent"",""non_update_initiating_label"",""non_update_terminating_label""],""terminating"":[""*""]}]",True,"{""computed_boundary"":0,""error"":"""",""initializer_mode"":""constant_after_hotSwapIn"",""monitor_initial"":0,""saved_boundary"":0}","The E-prime sufficient condition is not established. Event predicates or plant-fluent values can depend on pre-entry ordinary history; their valuation-parameterized reference languages remain unavailable. This is unverified, not a language counterexample; boundary diagnostics are reported separately."
productioncell_arms2,r1,R1_OTF_P_AVOID_STAMPING_2,upd,3,2,2,"AfterStopBeforeStart_P_AVOID_STAMPING_2;{clean, drill, paint, polish, stamp}[1..2]",constant_after_hotSwapIn,0,compiled actual monitor plus independent free-product BFS including absorbing ERROR,productioncell_arms2.json,False,False,False,7,378,4,3,NOT_USED_FOR_UPD,"{""fluent_values"":[true,false],""histories"":[[""stopOldSpec_P_AVOID_STAMPING_1""],[""stopOldSpec_P_AVOID_STAMPING_1"",""clean.1"",""cleanNOk.1""]],""monitor_states"":[1,-1]}","{""constant_initializer"":0,""history"":[""stopOldSpec_P_AVOID_STAMPING_1"",""hotSwapIn""],""history_monitor_state"":1}",RS_UNTESTED,Free-product sufficient condition failed; this is not a plant-reachable RS counterexample.,NOT_APPLICABLE,NOT_APPLICABLE,,,,,,,,,,,,,,UNVERIFIED_ENTRY_VALUATION_LANGUAGE,False,NOT_APPLICABLE,False,NOT_APPLICABLE,NOT_APPLICABLE,"All one-shot free pre-entry observer valuations enumerated. Observer synchronization and compiled-reset consistency are diagnostics; saved DFA does not expose a valuation-parameterized semantic initializer, so E exactness is unverified.","[{""pre_entry_history"":[""stopOldSpec_P_AVOID_STAMPING_1""],""entry_values"":[true,false],""post_entry_values"":[true,false],""canonical_post_entry_values"":[false,false],""kind"":""observer_difference_not_language_counterexample""}]",4,1140,False,True,True,"[{""pre_entry_history"":[""stopOldSpec_P_AVOID_STAMPING_1""],""entry_values"":[true,false],""post_entry_values"":[true,false],""canonical_post_entry_values"":[false,false],""kind"":""observer_difference_not_language_counterexample""}]",False,null,"All one-shot free pre-entry observer valuations enumerated. Observer synchronization and compiled-reset consistency are diagnostics; saved DFA does not expose a valuation-parameterized semantic initializer, so E exactness is unverified.",False,UNVERIFIED_OUTSIDE_E_PRIME_SUFFICIENT_CONDITION,False,"[""*"",""clean.1"",""clean.2"",""drill.1"",""drill.2"",""paint.1"",""paint.2"",""polish.1"",""polish.2"",""stamp.1"",""stamp.2"",""startNewSpec_P_AVOID_STAMPING_2"",""stopOldSpec_P_AVOID_STAMPING_1"",""stopOldSpec_P_AVOID_STAMPING_2"",""stopOldSpec_P_CLEAN_ONCE_1"",""stopOldSpec_P_CLEAN_ONCE_2"",""stopOldSpec_P_DRILL_ONCE_1"",""stopOldSpec_P_DRILL_ONCE_2"",""stopOldSpec_P_OLD_OUT_IF_FINISHED_1"",""stopOldSpec_P_OLD_OUT_IF_FINISHED_2"",""stopOldSpec_P_OLD_TOOL_ORDER_1"",""stopOldSpec_P_OLD_TOOL_ORDER_2"",""stopOldSpec_P_POLISH_ONCE_1"",""stopOldSpec_P_POLISH_ONCE_2""]","[{""initiating"":[""clean.1"",""clean.2"",""drill.1"",""drill.2"",""paint.1"",""paint.2"",""polish.1"",""polish.2"",""stamp.1"",""stamp.2""],""kind"":""event_predicate"",""name"":""{clean, drill, paint, polish, stamp}[1..2]"",""reasons"":[""not_a_declared_fluent"",""non_update_initiating_label"",""non_update_terminating_label""],""terminating"":[""*""]}]",True,"{""computed_boundary"":0,""error"":"""",""initializer_mode"":""constant_after_hotSwapIn"",""monitor_initial"":0,""saved_boundary"":0}","The E-prime sufficient condition is not established. Event predicates or plant-fluent values can depend on pre-entry ordinary history; their valuation-parameterized reference languages remain unavailable. This is unverified, not a language counterexample; boundary diagnostics are reported separately."
productioncell_arms2,r2,P_NEW_TOOL_ORDER_1,new,17,16,6,DrillPending.1;Painted.1;Cleaned.1;PaintPending.1;Drilled.1;CleanPending.1,fluent_lookup_nonerror_entries,0,compiled actual monitor plus independent free-product BFS including absorbing ERROR,productioncell_arms2.json,False,False,False,80,4320,64,16,True,"{""fluent_values"":[false,false,false,false,false,false],""histories"":[[],[""drill.1"",""drillNOk.1""]],""monitor_states"":[0,-1]}","{""constant_initializer"":0,""history"":[""clean.1"",""hotSwapIn""],""history_monitor_state"":4}",RS_UNTESTED,Free-product sufficient condition failed; this is not a plant-reachable RS counterexample.,EXACT_ON_NONEMPTY_SAFE_ACTIVATION_DOMAIN,True,True,True,True,16,16,30,16,30,"[{""values"":[false,false,false,false,false,false],""state"":0},{""values"":[false,false,false,false,false,true],""state"":4},{""values"":[false,false,false,false,true,false],""state"":1},{""values"":[false,false,true,false,false,false],""state"":3},{""values"":[false,false,true,false,false,true],""state"":9},{""values"":[false,false,true,false,true,false],""state"":6},{""values"":[false,false,true,true,false,false],""state"":8},{""values"":[false,false,true,true,false,true],""state"":13},{""values"":[false,true,false,false,false,false],""state"":2},{""values"":[false,true,false,false,true,false],""state"":5},{""values"":[false,true,true,false,false,false],""state"":7},{""values"":[false,true,true,false,true,false],""state"":10},{""values"":[false,true,true,true,false,false],""state"":12},{""values"":[true,true,true,false,false,false],""state"":11},{""values"":[true,true,true,false,true,false],""state"":14},{""values"":[true,true,true,true,false,false],""state"":15}]",[],NOT_CHECKED_WITHOUT_PLANT,source-rule reconstruction; runtime lookup table not exported,"Sufficient only on actual non-error activation entries with nonempty safe-history set; empty safe-history intersections are universal, so inclusion alone is automatic. Full continuation-language equivalence is stronger than one-shot equivalence.",NOT_APPLICABLE,NOT_APPLICABLE,True,NOT_APPLICABLE,[],"Sufficient only on actual non-error activation entries with nonempty safe-history set; empty safe-history intersections are universal, so inclusion alone is automatic. Full continuation-language equivalence is stronger than one-shot equivalence.",NOT_APPLICABLE,NOT_APPLICABLE,,,,,,,,,,NOT_APPLICABLE,NOT_APPLICABLE,NOT_APPLICABLE,NOT_APPLICABLE,NOT_APPLICABLE,NOT_APPLICABLE,NOT_APPLICABLE,NOT_APPLICABLE
productioncell_arms2,r2,P_NEW_OUT_IF_FINISHED_1,new,9,8,4,out[1];Drilled.1;Cleaned.1;Painted.1,fluent_lookup_nonerror_entries,0,compiled actual monitor plus independent free-product BFS including absorbing ERROR,productioncell_arms2.json,False,False,False,25,1350,16,9,True,"{""fluent_values"":[false,false,false,false],""histories"":[[],[""out.1"",""clean.1""]],""monitor_states"":[0,-1]}","{""constant_initializer"":0,""history"":[""cleanOk.1"",""hotSwapIn""],""history_monitor_state"":2}",RS_UNTESTED,Free-product sufficient condition failed; this is not a plant-reachable RS counterexample.,EXACT_ON_NONEMPTY_SAFE_ACTIVATION_DOMAIN,True,True,True,True,261,9,7,9,7,"[{""values"":[false,false,false,false],""state"":0},{""values"":[false,false,false,true],""state"":3},{""values"":[false,false,true,false],""state"":2},{""values"":[false,false,true,true],""state"":6},{""values"":[false,true,false,false],""state"":1},{""values"":[false,true,false,true],""state"":5},{""values"":[false,true,true,false],""state"":4},{""values"":[false,true,true,true],""state"":7},{""values"":[true,true,true,true],""state"":7}]",[],NOT_CHECKED_WITHOUT_PLANT,source-rule reconstruction; runtime lookup table not exported,"Sufficient only on actual non-error activation entries with nonempty safe-history set; empty safe-history intersections are universal, so inclusion alone is automatic. Full continuation-language equivalence is stronger than one-shot equivalence.",NOT_APPLICABLE,NOT_APPLICABLE,True,NOT_APPLICABLE,[],"Sufficient only on actual non-error activation entries with nonempty safe-history set; empty safe-history intersections are universal, so inclusion alone is automatic. Full continuation-language equivalence is stronger than one-shot equivalence.",NOT_APPLICABLE,NOT_APPLICABLE,,,,,,,,,,NOT_APPLICABLE,NOT_APPLICABLE,NOT_APPLICABLE,NOT_APPLICABLE,NOT_APPLICABLE,NOT_APPLICABLE,NOT_APPLICABLE,NOT_APPLICABLE
productioncell_arms2,r2,P_DRILL_ONCE_1,new,3,2,2,drill[1];Drilled.1,fluent_lookup_nonerror_entries,0,compiled actual monitor plus independent free-product BFS including absorbing ERROR,productioncell_arms2.json,False,False,False,7,378,4,3,True,"{""fluent_values"":[false,true],""histories"":[[""drillOk.1""],[""drillOk.1"",""drill.1"",""clean.1""]],""monitor_states"":[1,-1]}","{""constant_initializer"":0,""history"":[""drillOk.1"",""hotSwapIn""],""history_monitor_state"":1}",RS_UNTESTED,Free-product sufficient condition failed; this is not a plant-reachable RS counterexample.,EXACT_ON_NONEMPTY_SAFE_ACTIVATION_DOMAIN,True,True,True,True,87,3,1,3,1,"[{""values"":[false,false],""state"":0},{""values"":[false,true],""state"":1},{""values"":[true,false],""state"":0}]",[],NOT_CHECKED_WITHOUT_PLANT,source-rule reconstruction; runtime lookup table not exported,"Sufficient only on actual non-error activation entries with nonempty safe-history set; empty safe-history intersections are universal, so inclusion alone is automatic. Full continuation-language equivalence is stronger than one-shot equivalence.",NOT_APPLICABLE,NOT_APPLICABLE,True,NOT_APPLICABLE,[],"Sufficient only on actual non-error activation entries with nonempty safe-history set; empty safe-history intersections are universal, so inclusion alone is automatic. Full continuation-language equivalence is stronger than one-shot equivalence.",NOT_APPLICABLE,NOT_APPLICABLE,,,,,,,,,,NOT_APPLICABLE,NOT_APPLICABLE,NOT_APPLICABLE,NOT_APPLICABLE,NOT_APPLICABLE,NOT_APPLICABLE,NOT_APPLICABLE,NOT_APPLICABLE
productioncell_arms2,r2,P_CLEAN_ONCE_1,new,3,2,2,clean[1];Cleaned.1,fluent_lookup_nonerror_entries,0,compiled actual monitor plus independent free-product BFS including absorbing ERROR,productioncell_arms2.json,False,False,False,7,378,4,3,True,"{""fluent_values"":[false,true],""histories"":[[""cleanOk.1""],[""cleanOk.1"",""clean.1"",""clean.2""]],""monitor_states"":[1,-1]}","{""constant_initializer"":0,""history"":[""cleanOk.1"",""hotSwapIn""],""history_monitor_state"":1}",RS_UNTESTED,Free-product sufficient condition failed; this is not a plant-reachable RS counterexample.,EXACT_ON_NONEMPTY_SAFE_ACTIVATION_DOMAIN,True,True,True,True,87,3,1,3,1,"[{""values"":[false,false],""state"":0},{""values"":[false,true],""state"":1},{""values"":[true,false],""state"":0}]",[],NOT_CHECKED_WITHOUT_PLANT,source-rule reconstruction; runtime lookup table not exported,"Sufficient only on actual non-error activation entries with nonempty safe-history set; empty safe-history intersections are universal, so inclusion alone is automatic. Full continuation-language equivalence is stronger than one-shot equivalence.",NOT_APPLICABLE,NOT_APPLICABLE,True,NOT_APPLICABLE,[],"Sufficient only on actual non-error activation entries with nonempty safe-history set; empty safe-history intersections are universal, so inclusion alone is automatic. Full continuation-language equivalence is stronger than one-shot equivalence.",NOT_APPLICABLE,NOT_APPLICABLE,,,,,,,,,,NOT_APPLICABLE,NOT_APPLICABLE,NOT_APPLICABLE,NOT_APPLICABLE,NOT_APPLICABLE,NOT_APPLICABLE,NOT_APPLICABLE,NOT_APPLICABLE
productioncell_arms2,r2,P_PAINT_ONCE_1,new,3,2,2,paint[1];Painted.1,fluent_lookup_nonerror_entries,0,compiled actual monitor plus independent free-product BFS including absorbing ERROR,productioncell_arms2.json,False,False,False,7,378,4,3,True,"{""fluent_values"":[false,true],""histories"":[[""paintOk.1""],[""paintOk.1"",""paint.1"",""clean.1""]],""monitor_states"":[1,-1]}","{""constant_initializer"":0,""history"":[""paintOk.1"",""hotSwapIn""],""history_monitor_state"":1}",RS_UNTESTED,Free-product sufficient condition failed; this is not a plant-reachable RS counterexample.,EXACT_ON_NONEMPTY_SAFE_ACTIVATION_DOMAIN,True,True,True,True,87,3,1,3,1,"[{""values"":[false,false],""state"":0},{""values"":[false,true],""state"":1},{""values"":[true,false],""state"":0}]",[],NOT_CHECKED_WITHOUT_PLANT,source-rule reconstruction; runtime lookup table not exported,"Sufficient only on actual non-error activation entries with nonempty safe-history set; empty safe-history intersections are universal, so inclusion alone is automatic. Full continuation-language equivalence is stronger than one-shot equivalence.",NOT_APPLICABLE,NOT_APPLICABLE,True,NOT_APPLICABLE,[],"Sufficient only on actual non-error activation entries with nonempty safe-history set; empty safe-history intersections are universal, so inclusion alone is automatic. Full continuation-language equivalence is stronger than one-shot equivalence.",NOT_APPLICABLE,NOT_APPLICABLE,,,,,,,,,,NOT_APPLICABLE,NOT_APPLICABLE,NOT_APPLICABLE,NOT_APPLICABLE,NOT_APPLICABLE,NOT_APPLICABLE,NOT_APPLICABLE,NOT_APPLICABLE
productioncell_arms2,r2,P_AVOID_STAMPING_1,new,2,1,1,stamp[1],fluent_lookup_nonerror_entries,0,compiled actual monitor plus independent free-product BFS including absorbing ERROR,productioncell_arms2.json,False,False,False,3,162,2,1,True,"{""fluent_values"":[false],""histories"":[[],[""stamp.1"",""clean.1""]],""monitor_states"":[0,-1]}","{""constant_initializer"":0,""history"":[""stamp.1"",""hotSwapIn""],""history_monitor_state"":-1}",RS_UNTESTED,Free-product sufficient condition failed; this is not a plant-reachable RS counterexample.,EXACT_ON_NONEMPTY_SAFE_ACTIVATION_DOMAIN,True,True,True,True,29,1,1,1,1,"[{""values"":[false],""state"":0}]",[],NOT_CHECKED_WITHOUT_PLANT,source-rule reconstruction; runtime lookup table not exported,"Sufficient only on actual non-error activation entries with nonempty safe-history set; empty safe-history intersections are universal, so inclusion alone is automatic. Full continuation-language equivalence is stronger than one-shot equivalence.",NOT_APPLICABLE,NOT_APPLICABLE,True,NOT_APPLICABLE,[],"Sufficient only on actual non-error activation entries with nonempty safe-history set; empty safe-history intersections are universal, so inclusion alone is automatic. Full continuation-language equivalence is stronger than one-shot equivalence.",NOT_APPLICABLE,NOT_APPLICABLE,,,,,,,,,,NOT_APPLICABLE,NOT_APPLICABLE,NOT_APPLICABLE,NOT_APPLICABLE,NOT_APPLICABLE,NOT_APPLICABLE,NOT_APPLICABLE,NOT_APPLICABLE
productioncell_arms2,r2,P_NEW_TOOL_ORDER_2,new,17,16,6,DrillPending.2;Painted.2;Cleaned.2;PaintPending.2;Drilled.2;CleanPending.2,fluent_lookup_nonerror_entries,0,compiled actual monitor plus independent free-product BFS including absorbing ERROR,productioncell_arms2.json,False,False,False,80,4320,64,16,True,"{""fluent_values"":[false,false,false,false,false,false],""histories"":[[],[""drill.2"",""drillNOk.2""]],""monitor_states"":[0,-1]}","{""constant_initializer"":0,""history"":[""clean.2"",""hotSwapIn""],""history_monitor_state"":4}",RS_UNTESTED,Free-product sufficient condition failed; this is not a plant-reachable RS counterexample.,EXACT_ON_NONEMPTY_SAFE_ACTIVATION_DOMAIN,True,True,True,True,16,16,30,16,30,"[{""values"":[false,false,false,false,false,false],""state"":0},{""values"":[false,false,false,false,false,true],""state"":4},{""values"":[false,false,false,false,true,false],""state"":1},{""values"":[false,false,true,false,false,false],""state"":3},{""values"":[false,false,true,false,false,true],""state"":9},{""values"":[false,false,true,false,true,false],""state"":6},{""values"":[false,false,true,true,false,false],""state"":8},{""values"":[false,false,true,true,false,true],""state"":13},{""values"":[false,true,false,false,false,false],""state"":2},{""values"":[false,true,false,false,true,false],""state"":5},{""values"":[false,true,true,false,false,false],""state"":7},{""values"":[false,true,true,false,true,false],""state"":10},{""values"":[false,true,true,true,false,false],""state"":12},{""values"":[true,true,true,false,false,false],""state"":11},{""values"":[true,true,true,false,true,false],""state"":14},{""values"":[true,true,true,true,false,false],""state"":15}]",[],NOT_CHECKED_WITHOUT_PLANT,source-rule reconstruction; runtime lookup table not exported,"Sufficient only on actual non-error activation entries with nonempty safe-history set; empty safe-history intersections are universal, so inclusion alone is automatic. Full continuation-language equivalence is stronger than one-shot equivalence.",NOT_APPLICABLE,NOT_APPLICABLE,True,NOT_APPLICABLE,[],"Sufficient only on actual non-error activation entries with nonempty safe-history set; empty safe-history intersections are universal, so inclusion alone is automatic. Full continuation-language equivalence is stronger than one-shot equivalence.",NOT_APPLICABLE,NOT_APPLICABLE,,,,,,,,,,NOT_APPLICABLE,NOT_APPLICABLE,NOT_APPLICABLE,NOT_APPLICABLE,NOT_APPLICABLE,NOT_APPLICABLE,NOT_APPLICABLE,NOT_APPLICABLE
productioncell_arms2,r2,P_NEW_OUT_IF_FINISHED_2,new,9,8,4,out[2];Drilled.2;Cleaned.2;Painted.2,fluent_lookup_nonerror_entries,0,compiled actual monitor plus independent free-product BFS including absorbing ERROR,productioncell_arms2.json,False,False,False,25,1350,16,9,True,"{""fluent_values"":[false,false,false,false],""histories"":[[],[""out.2"",""clean.1""]],""monitor_states"":[0,-1]}","{""constant_initializer"":0,""history"":[""cleanOk.2"",""hotSwapIn""],""history_monitor_state"":2}",RS_UNTESTED,Free-product sufficient condition failed; this is not a plant-reachable RS counterexample.,EXACT_ON_NONEMPTY_SAFE_ACTIVATION_DOMAIN,True,True,True,True,261,9,7,9,7,"[{""values"":[false,false,false,false],""state"":0},{""values"":[false,false,false,true],""state"":3},{""values"":[false,false,true,false],""state"":2},{""values"":[false,false,true,true],""state"":6},{""values"":[false,true,false,false],""state"":1},{""values"":[false,true,false,true],""state"":5},{""values"":[false,true,true,false],""state"":4},{""values"":[false,true,true,true],""state"":7},{""values"":[true,true,true,true],""state"":7}]",[],NOT_CHECKED_WITHOUT_PLANT,source-rule reconstruction; runtime lookup table not exported,"Sufficient only on actual non-error activation entries with nonempty safe-history set; empty safe-history intersections are universal, so inclusion alone is automatic. Full continuation-language equivalence is stronger than one-shot equivalence.",NOT_APPLICABLE,NOT_APPLICABLE,True,NOT_APPLICABLE,[],"Sufficient only on actual non-error activation entries with nonempty safe-history set; empty safe-history intersections are universal, so inclusion alone is automatic. Full continuation-language equivalence is stronger than one-shot equivalence.",NOT_APPLICABLE,NOT_APPLICABLE,,,,,,,,,,NOT_APPLICABLE,NOT_APPLICABLE,NOT_APPLICABLE,NOT_APPLICABLE,NOT_APPLICABLE,NOT_APPLICABLE,NOT_APPLICABLE,NOT_APPLICABLE
productioncell_arms2,r2,P_DRILL_ONCE_2,new,3,2,2,drill[2];Drilled.2,fluent_lookup_nonerror_entries,0,compiled actual monitor plus independent free-product BFS including absorbing ERROR,productioncell_arms2.json,False,False,False,7,378,4,3,True,"{""fluent_values"":[false,true],""histories"":[[""drillOk.2""],[""drillOk.2"",""drill.2"",""clean.1""]],""monitor_states"":[1,-1]}","{""constant_initializer"":0,""history"":[""drillOk.2"",""hotSwapIn""],""history_monitor_state"":1}",RS_UNTESTED,Free-product sufficient condition failed; this is not a plant-reachable RS counterexample.,EXACT_ON_NONEMPTY_SAFE_ACTIVATION_DOMAIN,True,True,True,True,87,3,1,3,1,"[{""values"":[false,false],""state"":0},{""values"":[false,true],""state"":1},{""values"":[true,false],""state"":0}]",[],NOT_CHECKED_WITHOUT_PLANT,source-rule reconstruction; runtime lookup table not exported,"Sufficient only on actual non-error activation entries with nonempty safe-history set; empty safe-history intersections are universal, so inclusion alone is automatic. Full continuation-language equivalence is stronger than one-shot equivalence.",NOT_APPLICABLE,NOT_APPLICABLE,True,NOT_APPLICABLE,[],"Sufficient only on actual non-error activation entries with nonempty safe-history set; empty safe-history intersections are universal, so inclusion alone is automatic. Full continuation-language equivalence is stronger than one-shot equivalence.",NOT_APPLICABLE,NOT_APPLICABLE,,,,,,,,,,NOT_APPLICABLE,NOT_APPLICABLE,NOT_APPLICABLE,NOT_APPLICABLE,NOT_APPLICABLE,NOT_APPLICABLE,NOT_APPLICABLE,NOT_APPLICABLE
productioncell_arms2,r2,P_CLEAN_ONCE_2,new,3,2,2,clean[2];Cleaned.2,fluent_lookup_nonerror_entries,0,compiled actual monitor plus independent free-product BFS including absorbing ERROR,productioncell_arms2.json,False,False,False,7,378,4,3,True,"{""fluent_values"":[false,true],""histories"":[[""cleanOk.2""],[""cleanOk.2"",""clean.2"",""clean.1""]],""monitor_states"":[1,-1]}","{""constant_initializer"":0,""history"":[""cleanOk.2"",""hotSwapIn""],""history_monitor_state"":1}",RS_UNTESTED,Free-product sufficient condition failed; this is not a plant-reachable RS counterexample.,EXACT_ON_NONEMPTY_SAFE_ACTIVATION_DOMAIN,True,True,True,True,87,3,1,3,1,"[{""values"":[false,false],""state"":0},{""values"":[false,true],""state"":1},{""values"":[true,false],""state"":0}]",[],NOT_CHECKED_WITHOUT_PLANT,source-rule reconstruction; runtime lookup table not exported,"Sufficient only on actual non-error activation entries with nonempty safe-history set; empty safe-history intersections are universal, so inclusion alone is automatic. Full continuation-language equivalence is stronger than one-shot equivalence.",NOT_APPLICABLE,NOT_APPLICABLE,True,NOT_APPLICABLE,[],"Sufficient only on actual non-error activation entries with nonempty safe-history set; empty safe-history intersections are universal, so inclusion alone is automatic. Full continuation-language equivalence is stronger than one-shot equivalence.",NOT_APPLICABLE,NOT_APPLICABLE,,,,,,,,,,NOT_APPLICABLE,NOT_APPLICABLE,NOT_APPLICABLE,NOT_APPLICABLE,NOT_APPLICABLE,NOT_APPLICABLE,NOT_APPLICABLE,NOT_APPLICABLE
productioncell_arms2,r2,P_PAINT_ONCE_2,new,3,2,2,paint[2];Painted.2,fluent_lookup_nonerror_entries,0,compiled actual monitor plus independent free-product BFS including absorbing ERROR,productioncell_arms2.json,False,False,False,7,378,4,3,True,"{""fluent_values"":[false,true],""histories"":[[""paintOk.2""],[""paintOk.2"",""paint.2"",""clean.1""]],""monitor_states"":[1,-1]}","{""constant_initializer"":0,""history"":[""paintOk.2"",""hotSwapIn""],""history_monitor_state"":1}",RS_UNTESTED,Free-product sufficient condition failed; this is not a plant-reachable RS counterexample.,EXACT_ON_NONEMPTY_SAFE_ACTIVATION_DOMAIN,True,True,True,True,87,3,1,3,1,"[{""values"":[false,false],""state"":0},{""values"":[false,true],""state"":1},{""values"":[true,false],""state"":0}]",[],NOT_CHECKED_WITHOUT_PLANT,source-rule reconstruction; runtime lookup table not exported,"Sufficient only on actual non-error activation entries with nonempty safe-history set; empty safe-history intersections are universal, so inclusion alone is automatic. Full continuation-language equivalence is stronger than one-shot equivalence.",NOT_APPLICABLE,NOT_APPLICABLE,True,NOT_APPLICABLE,[],"Sufficient only on actual non-error activation entries with nonempty safe-history set; empty safe-history intersections are universal, so inclusion alone is automatic. Full continuation-language equivalence is stronger than one-shot equivalence.",NOT_APPLICABLE,NOT_APPLICABLE,,,,,,,,,,NOT_APPLICABLE,NOT_APPLICABLE,NOT_APPLICABLE,NOT_APPLICABLE,NOT_APPLICABLE,NOT_APPLICABLE,NOT_APPLICABLE,NOT_APPLICABLE
productioncell_arms2,r2,P_AVOID_STAMPING_2,new,2,1,1,stamp[2],fluent_lookup_nonerror_entries,0,compiled actual monitor plus independent free-product BFS including absorbing ERROR,productioncell_arms2.json,False,False,False,3,162,2,1,True,"{""fluent_values"":[false],""histories"":[[],[""stamp.2"",""clean.1""]],""monitor_states"":[0,-1]}","{""constant_initializer"":0,""history"":[""stamp.2"",""hotSwapIn""],""history_monitor_state"":-1}",RS_UNTESTED,Free-product sufficient condition failed; this is not a plant-reachable RS counterexample.,EXACT_ON_NONEMPTY_SAFE_ACTIVATION_DOMAIN,True,True,True,True,29,1,1,1,1,"[{""values"":[false],""state"":0}]",[],NOT_CHECKED_WITHOUT_PLANT,source-rule reconstruction; runtime lookup table not exported,"Sufficient only on actual non-error activation entries with nonempty safe-history set; empty safe-history intersections are universal, so inclusion alone is automatic. Full continuation-language equivalence is stronger than one-shot equivalence.",NOT_APPLICABLE,NOT_APPLICABLE,True,NOT_APPLICABLE,[],"Sufficient only on actual non-error activation entries with nonempty safe-history set; empty safe-history intersections are universal, so inclusion alone is automatic. Full continuation-language equivalence is stronger than one-shot equivalence.",NOT_APPLICABLE,NOT_APPLICABLE,,,,,,,,,,NOT_APPLICABLE,NOT_APPLICABLE,NOT_APPLICABLE,NOT_APPLICABLE,NOT_APPLICABLE,NOT_APPLICABLE,NOT_APPLICABLE,NOT_APPLICABLE
productioncell_arms2,r2,R2_StopOldSpec_P_OLD_TOOL_ORDER_1,upd,3,2,2,Pending_StopOldSpec_P_OLD_TOOL_ORDER_1;Pending_Reconfigure_PRODUCTION_CELL_1,constant_after_hotSwapIn,1,compiled actual monitor plus independent free-product BFS including absorbing ERROR,productioncell_arms2.json,False,False,False,7,378,4,3,NOT_USED_FOR_UPD,"{""fluent_values"":[true,true],""histories"":[[""hotSwapIn""],[""hotSwapIn"",""reconfigure_PRODUCTION_CELL_1"",""hotSwapIn""]],""monitor_states"":[1,-1]}","{""constant_initializer"":1,""history"":[""hotSwapIn"",""reconfigure_PRODUCTION_CELL_1"",""hotSwapIn""],""history_monitor_state"":-1}",RS_UNTESTED,Free-product sufficient condition failed; this is not a plant-reachable RS counterexample.,NOT_APPLICABLE,NOT_APPLICABLE,,,,,,,,,,,,,,UNVERIFIED_ENTRY_VALUATION_LANGUAGE,False,NOT_APPLICABLE,False,NOT_APPLICABLE,NOT_APPLICABLE,"All one-shot free pre-entry observer valuations enumerated. Observer synchronization and compiled-reset consistency are diagnostics; saved DFA does not expose a valuation-parameterized semantic initializer, so E exactness is unverified.","[{""kind"":""missing_reference_language"",""reason"":""Compiled-reset and observer synchronization do not provide a valuation-parameterized semantic initializer.""}]",1,4,True,True,True,[],False,null,"All one-shot free pre-entry observer valuations enumerated. Observer synchronization and compiled-reset consistency are diagnostics; saved DFA does not expose a valuation-parameterized semantic initializer, so E exactness is unverified.",True,LEMMA_E_PRIME,True,"[""hotSwapIn"",""reconfigure_PRODUCTION_CELL_1"",""stopOldSpec_P_OLD_TOOL_ORDER_1""]",[],True,"{""computed_boundary"":1,""error"":"""",""initializer_mode"":""constant_after_hotSwapIn"",""monitor_initial"":0,""saved_boundary"":1}","Lemma E-prime: every referenced observer is a declared fluent affected only by recognized update labels. No update label occurs before entry, so every entry has the declared initial valuation; the non-error constant initializer equals monitor state 0 after one hotSwapIn. Exact under the stated entry-scoped interpretation."
productioncell_arms2,r2,R2_StopOldSpec_P_POLISH_ONCE_1,upd,3,2,2,Pending_StopOldSpec_P_POLISH_ONCE_1;Pending_Reconfigure_PRODUCTION_CELL_1,constant_after_hotSwapIn,1,compiled actual monitor plus independent free-product BFS including absorbing ERROR,productioncell_arms2.json,False,False,False,7,378,4,3,NOT_USED_FOR_UPD,"{""fluent_values"":[true,true],""histories"":[[""hotSwapIn""],[""hotSwapIn"",""reconfigure_PRODUCTION_CELL_1"",""hotSwapIn""]],""monitor_states"":[1,-1]}","{""constant_initializer"":1,""history"":[""hotSwapIn"",""reconfigure_PRODUCTION_CELL_1"",""hotSwapIn""],""history_monitor_state"":-1}",RS_UNTESTED,Free-product sufficient condition failed; this is not a plant-reachable RS counterexample.,NOT_APPLICABLE,NOT_APPLICABLE,,,,,,,,,,,,,,UNVERIFIED_ENTRY_VALUATION_LANGUAGE,False,NOT_APPLICABLE,False,NOT_APPLICABLE,NOT_APPLICABLE,"All one-shot free pre-entry observer valuations enumerated. Observer synchronization and compiled-reset consistency are diagnostics; saved DFA does not expose a valuation-parameterized semantic initializer, so E exactness is unverified.","[{""kind"":""missing_reference_language"",""reason"":""Compiled-reset and observer synchronization do not provide a valuation-parameterized semantic initializer.""}]",1,4,True,True,True,[],False,null,"All one-shot free pre-entry observer valuations enumerated. Observer synchronization and compiled-reset consistency are diagnostics; saved DFA does not expose a valuation-parameterized semantic initializer, so E exactness is unverified.",True,LEMMA_E_PRIME,True,"[""hotSwapIn"",""reconfigure_PRODUCTION_CELL_1"",""stopOldSpec_P_POLISH_ONCE_1""]",[],True,"{""computed_boundary"":1,""error"":"""",""initializer_mode"":""constant_after_hotSwapIn"",""monitor_initial"":0,""saved_boundary"":1}","Lemma E-prime: every referenced observer is a declared fluent affected only by recognized update labels. No update label occurs before entry, so every entry has the declared initial valuation; the non-error constant initializer equals monitor state 0 after one hotSwapIn. Exact under the stated entry-scoped interpretation."
productioncell_arms2,r2,R2_StopOldSpec_P_OLD_OUT_IF_FINISHED_1,upd,3,2,2,Pending_StopOldSpec_P_OLD_OUT_IF_FINISHED_1;Pending_Reconfigure_PRODUCTION_CELL_1,constant_after_hotSwapIn,1,compiled actual monitor plus independent free-product BFS including absorbing ERROR,productioncell_arms2.json,False,False,False,7,378,4,3,NOT_USED_FOR_UPD,"{""fluent_values"":[true,true],""histories"":[[""hotSwapIn""],[""hotSwapIn"",""reconfigure_PRODUCTION_CELL_1"",""hotSwapIn""]],""monitor_states"":[1,-1]}","{""constant_initializer"":1,""history"":[""hotSwapIn"",""reconfigure_PRODUCTION_CELL_1"",""hotSwapIn""],""history_monitor_state"":-1}",RS_UNTESTED,Free-product sufficient condition failed; this is not a plant-reachable RS counterexample.,NOT_APPLICABLE,NOT_APPLICABLE,,,,,,,,,,,,,,UNVERIFIED_ENTRY_VALUATION_LANGUAGE,False,NOT_APPLICABLE,False,NOT_APPLICABLE,NOT_APPLICABLE,"All one-shot free pre-entry observer valuations enumerated. Observer synchronization and compiled-reset consistency are diagnostics; saved DFA does not expose a valuation-parameterized semantic initializer, so E exactness is unverified.","[{""kind"":""missing_reference_language"",""reason"":""Compiled-reset and observer synchronization do not provide a valuation-parameterized semantic initializer.""}]",1,4,True,True,True,[],False,null,"All one-shot free pre-entry observer valuations enumerated. Observer synchronization and compiled-reset consistency are diagnostics; saved DFA does not expose a valuation-parameterized semantic initializer, so E exactness is unverified.",True,LEMMA_E_PRIME,True,"[""hotSwapIn"",""reconfigure_PRODUCTION_CELL_1"",""stopOldSpec_P_OLD_OUT_IF_FINISHED_1""]",[],True,"{""computed_boundary"":1,""error"":"""",""initializer_mode"":""constant_after_hotSwapIn"",""monitor_initial"":0,""saved_boundary"":1}","Lemma E-prime: every referenced observer is a declared fluent affected only by recognized update labels. No update label occurs before entry, so every entry has the declared initial valuation; the non-error constant initializer equals monitor state 0 after one hotSwapIn. Exact under the stated entry-scoped interpretation."
productioncell_arms2,r2,R2_StopOldSpec_P_DRILL_ONCE_1,upd,3,2,2,Pending_StopOldSpec_P_DRILL_ONCE_1;Pending_Reconfigure_PRODUCTION_CELL_1,constant_after_hotSwapIn,1,compiled actual monitor plus independent free-product BFS including absorbing ERROR,productioncell_arms2.json,False,False,False,7,378,4,3,NOT_USED_FOR_UPD,"{""fluent_values"":[true,true],""histories"":[[""hotSwapIn""],[""hotSwapIn"",""reconfigure_PRODUCTION_CELL_1"",""hotSwapIn""]],""monitor_states"":[1,-1]}","{""constant_initializer"":1,""history"":[""hotSwapIn"",""reconfigure_PRODUCTION_CELL_1"",""hotSwapIn""],""history_monitor_state"":-1}",RS_UNTESTED,Free-product sufficient condition failed; this is not a plant-reachable RS counterexample.,NOT_APPLICABLE,NOT_APPLICABLE,,,,,,,,,,,,,,UNVERIFIED_ENTRY_VALUATION_LANGUAGE,False,NOT_APPLICABLE,False,NOT_APPLICABLE,NOT_APPLICABLE,"All one-shot free pre-entry observer valuations enumerated. Observer synchronization and compiled-reset consistency are diagnostics; saved DFA does not expose a valuation-parameterized semantic initializer, so E exactness is unverified.","[{""kind"":""missing_reference_language"",""reason"":""Compiled-reset and observer synchronization do not provide a valuation-parameterized semantic initializer.""}]",1,4,True,True,True,[],False,null,"All one-shot free pre-entry observer valuations enumerated. Observer synchronization and compiled-reset consistency are diagnostics; saved DFA does not expose a valuation-parameterized semantic initializer, so E exactness is unverified.",True,LEMMA_E_PRIME,True,"[""hotSwapIn"",""reconfigure_PRODUCTION_CELL_1"",""stopOldSpec_P_DRILL_ONCE_1""]",[],True,"{""computed_boundary"":1,""error"":"""",""initializer_mode"":""constant_after_hotSwapIn"",""monitor_initial"":0,""saved_boundary"":1}","Lemma E-prime: every referenced observer is a declared fluent affected only by recognized update labels. No update label occurs before entry, so every entry has the declared initial valuation; the non-error constant initializer equals monitor state 0 after one hotSwapIn. Exact under the stated entry-scoped interpretation."
productioncell_arms2,r2,R2_StopOldSpec_P_CLEAN_ONCE_1,upd,3,2,2,Pending_StopOldSpec_P_CLEAN_ONCE_1;Pending_Reconfigure_PRODUCTION_CELL_1,constant_after_hotSwapIn,1,compiled actual monitor plus independent free-product BFS including absorbing ERROR,productioncell_arms2.json,False,False,False,7,378,4,3,NOT_USED_FOR_UPD,"{""fluent_values"":[true,true],""histories"":[[""hotSwapIn""],[""hotSwapIn"",""reconfigure_PRODUCTION_CELL_1"",""hotSwapIn""]],""monitor_states"":[1,-1]}","{""constant_initializer"":1,""history"":[""hotSwapIn"",""reconfigure_PRODUCTION_CELL_1"",""hotSwapIn""],""history_monitor_state"":-1}",RS_UNTESTED,Free-product sufficient condition failed; this is not a plant-reachable RS counterexample.,NOT_APPLICABLE,NOT_APPLICABLE,,,,,,,,,,,,,,UNVERIFIED_ENTRY_VALUATION_LANGUAGE,False,NOT_APPLICABLE,False,NOT_APPLICABLE,NOT_APPLICABLE,"All one-shot free pre-entry observer valuations enumerated. Observer synchronization and compiled-reset consistency are diagnostics; saved DFA does not expose a valuation-parameterized semantic initializer, so E exactness is unverified.","[{""kind"":""missing_reference_language"",""reason"":""Compiled-reset and observer synchronization do not provide a valuation-parameterized semantic initializer.""}]",1,4,True,True,True,[],False,null,"All one-shot free pre-entry observer valuations enumerated. Observer synchronization and compiled-reset consistency are diagnostics; saved DFA does not expose a valuation-parameterized semantic initializer, so E exactness is unverified.",True,LEMMA_E_PRIME,True,"[""hotSwapIn"",""reconfigure_PRODUCTION_CELL_1"",""stopOldSpec_P_CLEAN_ONCE_1""]",[],True,"{""computed_boundary"":1,""error"":"""",""initializer_mode"":""constant_after_hotSwapIn"",""monitor_initial"":0,""saved_boundary"":1}","Lemma E-prime: every referenced observer is a declared fluent affected only by recognized update labels. No update label occurs before entry, so every entry has the declared initial valuation; the non-error constant initializer equals monitor state 0 after one hotSwapIn. Exact under the stated entry-scoped interpretation."
productioncell_arms2,r2,R2_StopOldSpec_P_AVOID_STAMPING_1,upd,3,2,2,Pending_StopOldSpec_P_AVOID_STAMPING_1;Pending_Reconfigure_PRODUCTION_CELL_1,constant_after_hotSwapIn,1,compiled actual monitor plus independent free-product BFS including absorbing ERROR,productioncell_arms2.json,False,False,False,7,378,4,3,NOT_USED_FOR_UPD,"{""fluent_values"":[true,true],""histories"":[[""hotSwapIn""],[""hotSwapIn"",""reconfigure_PRODUCTION_CELL_1"",""hotSwapIn""]],""monitor_states"":[1,-1]}","{""constant_initializer"":1,""history"":[""hotSwapIn"",""reconfigure_PRODUCTION_CELL_1"",""hotSwapIn""],""history_monitor_state"":-1}",RS_UNTESTED,Free-product sufficient condition failed; this is not a plant-reachable RS counterexample.,NOT_APPLICABLE,NOT_APPLICABLE,,,,,,,,,,,,,,UNVERIFIED_ENTRY_VALUATION_LANGUAGE,False,NOT_APPLICABLE,False,NOT_APPLICABLE,NOT_APPLICABLE,"All one-shot free pre-entry observer valuations enumerated. Observer synchronization and compiled-reset consistency are diagnostics; saved DFA does not expose a valuation-parameterized semantic initializer, so E exactness is unverified.","[{""kind"":""missing_reference_language"",""reason"":""Compiled-reset and observer synchronization do not provide a valuation-parameterized semantic initializer.""}]",1,4,True,True,True,[],False,null,"All one-shot free pre-entry observer valuations enumerated. Observer synchronization and compiled-reset consistency are diagnostics; saved DFA does not expose a valuation-parameterized semantic initializer, so E exactness is unverified.",True,LEMMA_E_PRIME,True,"[""hotSwapIn"",""reconfigure_PRODUCTION_CELL_1"",""stopOldSpec_P_AVOID_STAMPING_1""]",[],True,"{""computed_boundary"":1,""error"":"""",""initializer_mode"":""constant_after_hotSwapIn"",""monitor_initial"":0,""saved_boundary"":1}","Lemma E-prime: every referenced observer is a declared fluent affected only by recognized update labels. No update label occurs before entry, so every entry has the declared initial valuation; the non-error constant initializer equals monitor state 0 after one hotSwapIn. Exact under the stated entry-scoped interpretation."
productioncell_arms2,r2,R2_StopOldSpec_P_OLD_TOOL_ORDER_2,upd,3,2,2,Pending_StopOldSpec_P_OLD_TOOL_ORDER_2;Pending_Reconfigure_PRODUCTION_CELL_2,constant_after_hotSwapIn,1,compiled actual monitor plus independent free-product BFS including absorbing ERROR,productioncell_arms2.json,False,False,False,7,378,4,3,NOT_USED_FOR_UPD,"{""fluent_values"":[true,true],""histories"":[[""hotSwapIn""],[""hotSwapIn"",""reconfigure_PRODUCTION_CELL_2"",""hotSwapIn""]],""monitor_states"":[1,-1]}","{""constant_initializer"":1,""history"":[""hotSwapIn"",""reconfigure_PRODUCTION_CELL_2"",""hotSwapIn""],""history_monitor_state"":-1}",RS_UNTESTED,Free-product sufficient condition failed; this is not a plant-reachable RS counterexample.,NOT_APPLICABLE,NOT_APPLICABLE,,,,,,,,,,,,,,UNVERIFIED_ENTRY_VALUATION_LANGUAGE,False,NOT_APPLICABLE,False,NOT_APPLICABLE,NOT_APPLICABLE,"All one-shot free pre-entry observer valuations enumerated. Observer synchronization and compiled-reset consistency are diagnostics; saved DFA does not expose a valuation-parameterized semantic initializer, so E exactness is unverified.","[{""kind"":""missing_reference_language"",""reason"":""Compiled-reset and observer synchronization do not provide a valuation-parameterized semantic initializer.""}]",1,4,True,True,True,[],False,null,"All one-shot free pre-entry observer valuations enumerated. Observer synchronization and compiled-reset consistency are diagnostics; saved DFA does not expose a valuation-parameterized semantic initializer, so E exactness is unverified.",True,LEMMA_E_PRIME,True,"[""hotSwapIn"",""reconfigure_PRODUCTION_CELL_2"",""stopOldSpec_P_OLD_TOOL_ORDER_2""]",[],True,"{""computed_boundary"":1,""error"":"""",""initializer_mode"":""constant_after_hotSwapIn"",""monitor_initial"":0,""saved_boundary"":1}","Lemma E-prime: every referenced observer is a declared fluent affected only by recognized update labels. No update label occurs before entry, so every entry has the declared initial valuation; the non-error constant initializer equals monitor state 0 after one hotSwapIn. Exact under the stated entry-scoped interpretation."
productioncell_arms2,r2,R2_StopOldSpec_P_POLISH_ONCE_2,upd,3,2,2,Pending_StopOldSpec_P_POLISH_ONCE_2;Pending_Reconfigure_PRODUCTION_CELL_2,constant_after_hotSwapIn,1,compiled actual monitor plus independent free-product BFS including absorbing ERROR,productioncell_arms2.json,False,False,False,7,378,4,3,NOT_USED_FOR_UPD,"{""fluent_values"":[true,true],""histories"":[[""hotSwapIn""],[""hotSwapIn"",""reconfigure_PRODUCTION_CELL_2"",""hotSwapIn""]],""monitor_states"":[1,-1]}","{""constant_initializer"":1,""history"":[""hotSwapIn"",""reconfigure_PRODUCTION_CELL_2"",""hotSwapIn""],""history_monitor_state"":-1}",RS_UNTESTED,Free-product sufficient condition failed; this is not a plant-reachable RS counterexample.,NOT_APPLICABLE,NOT_APPLICABLE,,,,,,,,,,,,,,UNVERIFIED_ENTRY_VALUATION_LANGUAGE,False,NOT_APPLICABLE,False,NOT_APPLICABLE,NOT_APPLICABLE,"All one-shot free pre-entry observer valuations enumerated. Observer synchronization and compiled-reset consistency are diagnostics; saved DFA does not expose a valuation-parameterized semantic initializer, so E exactness is unverified.","[{""kind"":""missing_reference_language"",""reason"":""Compiled-reset and observer synchronization do not provide a valuation-parameterized semantic initializer.""}]",1,4,True,True,True,[],False,null,"All one-shot free pre-entry observer valuations enumerated. Observer synchronization and compiled-reset consistency are diagnostics; saved DFA does not expose a valuation-parameterized semantic initializer, so E exactness is unverified.",True,LEMMA_E_PRIME,True,"[""hotSwapIn"",""reconfigure_PRODUCTION_CELL_2"",""stopOldSpec_P_POLISH_ONCE_2""]",[],True,"{""computed_boundary"":1,""error"":"""",""initializer_mode"":""constant_after_hotSwapIn"",""monitor_initial"":0,""saved_boundary"":1}","Lemma E-prime: every referenced observer is a declared fluent affected only by recognized update labels. No update label occurs before entry, so every entry has the declared initial valuation; the non-error constant initializer equals monitor state 0 after one hotSwapIn. Exact under the stated entry-scoped interpretation."
productioncell_arms2,r2,R2_StopOldSpec_P_OLD_OUT_IF_FINISHED_2,upd,3,2,2,Pending_StopOldSpec_P_OLD_OUT_IF_FINISHED_2;Pending_Reconfigure_PRODUCTION_CELL_2,constant_after_hotSwapIn,1,compiled actual monitor plus independent free-product BFS including absorbing ERROR,productioncell_arms2.json,False,False,False,7,378,4,3,NOT_USED_FOR_UPD,"{""fluent_values"":[true,true],""histories"":[[""hotSwapIn""],[""hotSwapIn"",""reconfigure_PRODUCTION_CELL_2"",""hotSwapIn""]],""monitor_states"":[1,-1]}","{""constant_initializer"":1,""history"":[""hotSwapIn"",""reconfigure_PRODUCTION_CELL_2"",""hotSwapIn""],""history_monitor_state"":-1}",RS_UNTESTED,Free-product sufficient condition failed; this is not a plant-reachable RS counterexample.,NOT_APPLICABLE,NOT_APPLICABLE,,,,,,,,,,,,,,UNVERIFIED_ENTRY_VALUATION_LANGUAGE,False,NOT_APPLICABLE,False,NOT_APPLICABLE,NOT_APPLICABLE,"All one-shot free pre-entry observer valuations enumerated. Observer synchronization and compiled-reset consistency are diagnostics; saved DFA does not expose a valuation-parameterized semantic initializer, so E exactness is unverified.","[{""kind"":""missing_reference_language"",""reason"":""Compiled-reset and observer synchronization do not provide a valuation-parameterized semantic initializer.""}]",1,4,True,True,True,[],False,null,"All one-shot free pre-entry observer valuations enumerated. Observer synchronization and compiled-reset consistency are diagnostics; saved DFA does not expose a valuation-parameterized semantic initializer, so E exactness is unverified.",True,LEMMA_E_PRIME,True,"[""hotSwapIn"",""reconfigure_PRODUCTION_CELL_2"",""stopOldSpec_P_OLD_OUT_IF_FINISHED_2""]",[],True,"{""computed_boundary"":1,""error"":"""",""initializer_mode"":""constant_after_hotSwapIn"",""monitor_initial"":0,""saved_boundary"":1}","Lemma E-prime: every referenced observer is a declared fluent affected only by recognized update labels. No update label occurs before entry, so every entry has the declared initial valuation; the non-error constant initializer equals monitor state 0 after one hotSwapIn. Exact under the stated entry-scoped interpretation."
productioncell_arms2,r2,R2_StopOldSpec_P_DRILL_ONCE_2,upd,3,2,2,Pending_StopOldSpec_P_DRILL_ONCE_2;Pending_Reconfigure_PRODUCTION_CELL_2,constant_after_hotSwapIn,1,compiled actual monitor plus independent free-product BFS including absorbing ERROR,productioncell_arms2.json,False,False,False,7,378,4,3,NOT_USED_FOR_UPD,"{""fluent_values"":[true,true],""histories"":[[""hotSwapIn""],[""hotSwapIn"",""reconfigure_PRODUCTION_CELL_2"",""hotSwapIn""]],""monitor_states"":[1,-1]}","{""constant_initializer"":1,""history"":[""hotSwapIn"",""reconfigure_PRODUCTION_CELL_2"",""hotSwapIn""],""history_monitor_state"":-1}",RS_UNTESTED,Free-product sufficient condition failed; this is not a plant-reachable RS counterexample.,NOT_APPLICABLE,NOT_APPLICABLE,,,,,,,,,,,,,,UNVERIFIED_ENTRY_VALUATION_LANGUAGE,False,NOT_APPLICABLE,False,NOT_APPLICABLE,NOT_APPLICABLE,"All one-shot free pre-entry observer valuations enumerated. Observer synchronization and compiled-reset consistency are diagnostics; saved DFA does not expose a valuation-parameterized semantic initializer, so E exactness is unverified.","[{""kind"":""missing_reference_language"",""reason"":""Compiled-reset and observer synchronization do not provide a valuation-parameterized semantic initializer.""}]",1,4,True,True,True,[],False,null,"All one-shot free pre-entry observer valuations enumerated. Observer synchronization and compiled-reset consistency are diagnostics; saved DFA does not expose a valuation-parameterized semantic initializer, so E exactness is unverified.",True,LEMMA_E_PRIME,True,"[""hotSwapIn"",""reconfigure_PRODUCTION_CELL_2"",""stopOldSpec_P_DRILL_ONCE_2""]",[],True,"{""computed_boundary"":1,""error"":"""",""initializer_mode"":""constant_after_hotSwapIn"",""monitor_initial"":0,""saved_boundary"":1}","Lemma E-prime: every referenced observer is a declared fluent affected only by recognized update labels. No update label occurs before entry, so every entry has the declared initial valuation; the non-error constant initializer equals monitor state 0 after one hotSwapIn. Exact under the stated entry-scoped interpretation."
productioncell_arms2,r2,R2_StopOldSpec_P_CLEAN_ONCE_2,upd,3,2,2,Pending_StopOldSpec_P_CLEAN_ONCE_2;Pending_Reconfigure_PRODUCTION_CELL_2,constant_after_hotSwapIn,1,compiled actual monitor plus independent free-product BFS including absorbing ERROR,productioncell_arms2.json,False,False,False,7,378,4,3,NOT_USED_FOR_UPD,"{""fluent_values"":[true,true],""histories"":[[""hotSwapIn""],[""hotSwapIn"",""reconfigure_PRODUCTION_CELL_2"",""hotSwapIn""]],""monitor_states"":[1,-1]}","{""constant_initializer"":1,""history"":[""hotSwapIn"",""reconfigure_PRODUCTION_CELL_2"",""hotSwapIn""],""history_monitor_state"":-1}",RS_UNTESTED,Free-product sufficient condition failed; this is not a plant-reachable RS counterexample.,NOT_APPLICABLE,NOT_APPLICABLE,,,,,,,,,,,,,,UNVERIFIED_ENTRY_VALUATION_LANGUAGE,False,NOT_APPLICABLE,False,NOT_APPLICABLE,NOT_APPLICABLE,"All one-shot free pre-entry observer valuations enumerated. Observer synchronization and compiled-reset consistency are diagnostics; saved DFA does not expose a valuation-parameterized semantic initializer, so E exactness is unverified.","[{""kind"":""missing_reference_language"",""reason"":""Compiled-reset and observer synchronization do not provide a valuation-parameterized semantic initializer.""}]",1,4,True,True,True,[],False,null,"All one-shot free pre-entry observer valuations enumerated. Observer synchronization and compiled-reset consistency are diagnostics; saved DFA does not expose a valuation-parameterized semantic initializer, so E exactness is unverified.",True,LEMMA_E_PRIME,True,"[""hotSwapIn"",""reconfigure_PRODUCTION_CELL_2"",""stopOldSpec_P_CLEAN_ONCE_2""]",[],True,"{""computed_boundary"":1,""error"":"""",""initializer_mode"":""constant_after_hotSwapIn"",""monitor_initial"":0,""saved_boundary"":1}","Lemma E-prime: every referenced observer is a declared fluent affected only by recognized update labels. No update label occurs before entry, so every entry has the declared initial valuation; the non-error constant initializer equals monitor state 0 after one hotSwapIn. Exact under the stated entry-scoped interpretation."
productioncell_arms2,r2,R2_StopOldSpec_P_AVOID_STAMPING_2,upd,3,2,2,Pending_StopOldSpec_P_AVOID_STAMPING_2;Pending_Reconfigure_PRODUCTION_CELL_2,constant_after_hotSwapIn,1,compiled actual monitor plus independent free-product BFS including absorbing ERROR,productioncell_arms2.json,False,False,False,7,378,4,3,NOT_USED_FOR_UPD,"{""fluent_values"":[true,true],""histories"":[[""hotSwapIn""],[""hotSwapIn"",""reconfigure_PRODUCTION_CELL_2"",""hotSwapIn""]],""monitor_states"":[1,-1]}","{""constant_initializer"":1,""history"":[""hotSwapIn"",""reconfigure_PRODUCTION_CELL_2"",""hotSwapIn""],""history_monitor_state"":-1}",RS_UNTESTED,Free-product sufficient condition failed; this is not a plant-reachable RS counterexample.,NOT_APPLICABLE,NOT_APPLICABLE,,,,,,,,,,,,,,UNVERIFIED_ENTRY_VALUATION_LANGUAGE,False,NOT_APPLICABLE,False,NOT_APPLICABLE,NOT_APPLICABLE,"All one-shot free pre-entry observer valuations enumerated. Observer synchronization and compiled-reset consistency are diagnostics; saved DFA does not expose a valuation-parameterized semantic initializer, so E exactness is unverified.","[{""kind"":""missing_reference_language"",""reason"":""Compiled-reset and observer synchronization do not provide a valuation-parameterized semantic initializer.""}]",1,4,True,True,True,[],False,null,"All one-shot free pre-entry observer valuations enumerated. Observer synchronization and compiled-reset consistency are diagnostics; saved DFA does not expose a valuation-parameterized semantic initializer, so E exactness is unverified.",True,LEMMA_E_PRIME,True,"[""hotSwapIn"",""reconfigure_PRODUCTION_CELL_2"",""stopOldSpec_P_AVOID_STAMPING_2""]",[],True,"{""computed_boundary"":1,""error"":"""",""initializer_mode"":""constant_after_hotSwapIn"",""monitor_initial"":0,""saved_boundary"":1}","Lemma E-prime: every referenced observer is a declared fluent affected only by recognized update labels. No update label occurs before entry, so every entry has the declared initial valuation; the non-error constant initializer equals monitor state 0 after one hotSwapIn. Exact under the stated entry-scoped interpretation."
productioncell_arms2,r2,R2_StartNewSpec_P_NEW_TOOL_ORDER_1,upd,3,2,2,Pending_StartNewSpec_P_NEW_TOOL_ORDER_1;Pending_Reconfigure_PRODUCTION_CELL_1,constant_after_hotSwapIn,1,compiled actual monitor plus independent free-product BFS including absorbing ERROR,productioncell_arms2.json,False,False,False,7,378,4,3,NOT_USED_FOR_UPD,"{""fluent_values"":[true,true],""histories"":[[""hotSwapIn""],[""hotSwapIn"",""reconfigure_PRODUCTION_CELL_1"",""hotSwapIn""]],""monitor_states"":[1,-1]}","{""constant_initializer"":1,""history"":[""hotSwapIn"",""reconfigure_PRODUCTION_CELL_1"",""hotSwapIn""],""history_monitor_state"":-1}",RS_UNTESTED,Free-product sufficient condition failed; this is not a plant-reachable RS counterexample.,NOT_APPLICABLE,NOT_APPLICABLE,,,,,,,,,,,,,,UNVERIFIED_ENTRY_VALUATION_LANGUAGE,False,NOT_APPLICABLE,False,NOT_APPLICABLE,NOT_APPLICABLE,"All one-shot free pre-entry observer valuations enumerated. Observer synchronization and compiled-reset consistency are diagnostics; saved DFA does not expose a valuation-parameterized semantic initializer, so E exactness is unverified.","[{""kind"":""missing_reference_language"",""reason"":""Compiled-reset and observer synchronization do not provide a valuation-parameterized semantic initializer.""}]",1,4,True,True,True,[],False,null,"All one-shot free pre-entry observer valuations enumerated. Observer synchronization and compiled-reset consistency are diagnostics; saved DFA does not expose a valuation-parameterized semantic initializer, so E exactness is unverified.",True,LEMMA_E_PRIME,True,"[""hotSwapIn"",""reconfigure_PRODUCTION_CELL_1"",""startNewSpec_P_NEW_TOOL_ORDER_1""]",[],True,"{""computed_boundary"":1,""error"":"""",""initializer_mode"":""constant_after_hotSwapIn"",""monitor_initial"":0,""saved_boundary"":1}","Lemma E-prime: every referenced observer is a declared fluent affected only by recognized update labels. No update label occurs before entry, so every entry has the declared initial valuation; the non-error constant initializer equals monitor state 0 after one hotSwapIn. Exact under the stated entry-scoped interpretation."
productioncell_arms2,r2,R2_StartNewSpec_P_NEW_OUT_IF_FINISHED_1,upd,3,2,2,Pending_StartNewSpec_P_NEW_OUT_IF_FINISHED_1;Pending_Reconfigure_PRODUCTION_CELL_1,constant_after_hotSwapIn,1,compiled actual monitor plus independent free-product BFS including absorbing ERROR,productioncell_arms2.json,False,False,False,7,378,4,3,NOT_USED_FOR_UPD,"{""fluent_values"":[true,true],""histories"":[[""hotSwapIn""],[""hotSwapIn"",""reconfigure_PRODUCTION_CELL_1"",""hotSwapIn""]],""monitor_states"":[1,-1]}","{""constant_initializer"":1,""history"":[""hotSwapIn"",""reconfigure_PRODUCTION_CELL_1"",""hotSwapIn""],""history_monitor_state"":-1}",RS_UNTESTED,Free-product sufficient condition failed; this is not a plant-reachable RS counterexample.,NOT_APPLICABLE,NOT_APPLICABLE,,,,,,,,,,,,,,UNVERIFIED_ENTRY_VALUATION_LANGUAGE,False,NOT_APPLICABLE,False,NOT_APPLICABLE,NOT_APPLICABLE,"All one-shot free pre-entry observer valuations enumerated. Observer synchronization and compiled-reset consistency are diagnostics; saved DFA does not expose a valuation-parameterized semantic initializer, so E exactness is unverified.","[{""kind"":""missing_reference_language"",""reason"":""Compiled-reset and observer synchronization do not provide a valuation-parameterized semantic initializer.""}]",1,4,True,True,True,[],False,null,"All one-shot free pre-entry observer valuations enumerated. Observer synchronization and compiled-reset consistency are diagnostics; saved DFA does not expose a valuation-parameterized semantic initializer, so E exactness is unverified.",True,LEMMA_E_PRIME,True,"[""hotSwapIn"",""reconfigure_PRODUCTION_CELL_1"",""startNewSpec_P_NEW_OUT_IF_FINISHED_1""]",[],True,"{""computed_boundary"":1,""error"":"""",""initializer_mode"":""constant_after_hotSwapIn"",""monitor_initial"":0,""saved_boundary"":1}","Lemma E-prime: every referenced observer is a declared fluent affected only by recognized update labels. No update label occurs before entry, so every entry has the declared initial valuation; the non-error constant initializer equals monitor state 0 after one hotSwapIn. Exact under the stated entry-scoped interpretation."
productioncell_arms2,r2,R2_StartNewSpec_P_DRILL_ONCE_1,upd,3,2,2,Pending_StartNewSpec_P_DRILL_ONCE_1;Pending_Reconfigure_PRODUCTION_CELL_1,constant_after_hotSwapIn,1,compiled actual monitor plus independent free-product BFS including absorbing ERROR,productioncell_arms2.json,False,False,False,7,378,4,3,NOT_USED_FOR_UPD,"{""fluent_values"":[true,true],""histories"":[[""hotSwapIn""],[""hotSwapIn"",""reconfigure_PRODUCTION_CELL_1"",""hotSwapIn""]],""monitor_states"":[1,-1]}","{""constant_initializer"":1,""history"":[""hotSwapIn"",""reconfigure_PRODUCTION_CELL_1"",""hotSwapIn""],""history_monitor_state"":-1}",RS_UNTESTED,Free-product sufficient condition failed; this is not a plant-reachable RS counterexample.,NOT_APPLICABLE,NOT_APPLICABLE,,,,,,,,,,,,,,UNVERIFIED_ENTRY_VALUATION_LANGUAGE,False,NOT_APPLICABLE,False,NOT_APPLICABLE,NOT_APPLICABLE,"All one-shot free pre-entry observer valuations enumerated. Observer synchronization and compiled-reset consistency are diagnostics; saved DFA does not expose a valuation-parameterized semantic initializer, so E exactness is unverified.","[{""kind"":""missing_reference_language"",""reason"":""Compiled-reset and observer synchronization do not provide a valuation-parameterized semantic initializer.""}]",1,4,True,True,True,[],False,null,"All one-shot free pre-entry observer valuations enumerated. Observer synchronization and compiled-reset consistency are diagnostics; saved DFA does not expose a valuation-parameterized semantic initializer, so E exactness is unverified.",True,LEMMA_E_PRIME,True,"[""hotSwapIn"",""reconfigure_PRODUCTION_CELL_1"",""startNewSpec_P_DRILL_ONCE_1""]",[],True,"{""computed_boundary"":1,""error"":"""",""initializer_mode"":""constant_after_hotSwapIn"",""monitor_initial"":0,""saved_boundary"":1}","Lemma E-prime: every referenced observer is a declared fluent affected only by recognized update labels. No update label occurs before entry, so every entry has the declared initial valuation; the non-error constant initializer equals monitor state 0 after one hotSwapIn. Exact under the stated entry-scoped interpretation."
productioncell_arms2,r2,R2_StartNewSpec_P_CLEAN_ONCE_1,upd,3,2,2,Pending_StartNewSpec_P_CLEAN_ONCE_1;Pending_Reconfigure_PRODUCTION_CELL_1,constant_after_hotSwapIn,1,compiled actual monitor plus independent free-product BFS including absorbing ERROR,productioncell_arms2.json,False,False,False,7,378,4,3,NOT_USED_FOR_UPD,"{""fluent_values"":[true,true],""histories"":[[""hotSwapIn""],[""hotSwapIn"",""reconfigure_PRODUCTION_CELL_1"",""hotSwapIn""]],""monitor_states"":[1,-1]}","{""constant_initializer"":1,""history"":[""hotSwapIn"",""reconfigure_PRODUCTION_CELL_1"",""hotSwapIn""],""history_monitor_state"":-1}",RS_UNTESTED,Free-product sufficient condition failed; this is not a plant-reachable RS counterexample.,NOT_APPLICABLE,NOT_APPLICABLE,,,,,,,,,,,,,,UNVERIFIED_ENTRY_VALUATION_LANGUAGE,False,NOT_APPLICABLE,False,NOT_APPLICABLE,NOT_APPLICABLE,"All one-shot free pre-entry observer valuations enumerated. Observer synchronization and compiled-reset consistency are diagnostics; saved DFA does not expose a valuation-parameterized semantic initializer, so E exactness is unverified.","[{""kind"":""missing_reference_language"",""reason"":""Compiled-reset and observer synchronization do not provide a valuation-parameterized semantic initializer.""}]",1,4,True,True,True,[],False,null,"All one-shot free pre-entry observer valuations enumerated. Observer synchronization and compiled-reset consistency are diagnostics; saved DFA does not expose a valuation-parameterized semantic initializer, so E exactness is unverified.",True,LEMMA_E_PRIME,True,"[""hotSwapIn"",""reconfigure_PRODUCTION_CELL_1"",""startNewSpec_P_CLEAN_ONCE_1""]",[],True,"{""computed_boundary"":1,""error"":"""",""initializer_mode"":""constant_after_hotSwapIn"",""monitor_initial"":0,""saved_boundary"":1}","Lemma E-prime: every referenced observer is a declared fluent affected only by recognized update labels. No update label occurs before entry, so every entry has the declared initial valuation; the non-error constant initializer equals monitor state 0 after one hotSwapIn. Exact under the stated entry-scoped interpretation."
productioncell_arms2,r2,R2_StartNewSpec_P_PAINT_ONCE_1,upd,3,2,2,Pending_StartNewSpec_P_PAINT_ONCE_1;Pending_Reconfigure_PRODUCTION_CELL_1,constant_after_hotSwapIn,1,compiled actual monitor plus independent free-product BFS including absorbing ERROR,productioncell_arms2.json,False,False,False,7,378,4,3,NOT_USED_FOR_UPD,"{""fluent_values"":[true,true],""histories"":[[""hotSwapIn""],[""hotSwapIn"",""reconfigure_PRODUCTION_CELL_1"",""hotSwapIn""]],""monitor_states"":[1,-1]}","{""constant_initializer"":1,""history"":[""hotSwapIn"",""reconfigure_PRODUCTION_CELL_1"",""hotSwapIn""],""history_monitor_state"":-1}",RS_UNTESTED,Free-product sufficient condition failed; this is not a plant-reachable RS counterexample.,NOT_APPLICABLE,NOT_APPLICABLE,,,,,,,,,,,,,,UNVERIFIED_ENTRY_VALUATION_LANGUAGE,False,NOT_APPLICABLE,False,NOT_APPLICABLE,NOT_APPLICABLE,"All one-shot free pre-entry observer valuations enumerated. Observer synchronization and compiled-reset consistency are diagnostics; saved DFA does not expose a valuation-parameterized semantic initializer, so E exactness is unverified.","[{""kind"":""missing_reference_language"",""reason"":""Compiled-reset and observer synchronization do not provide a valuation-parameterized semantic initializer.""}]",1,4,True,True,True,[],False,null,"All one-shot free pre-entry observer valuations enumerated. Observer synchronization and compiled-reset consistency are diagnostics; saved DFA does not expose a valuation-parameterized semantic initializer, so E exactness is unverified.",True,LEMMA_E_PRIME,True,"[""hotSwapIn"",""reconfigure_PRODUCTION_CELL_1"",""startNewSpec_P_PAINT_ONCE_1""]",[],True,"{""computed_boundary"":1,""error"":"""",""initializer_mode"":""constant_after_hotSwapIn"",""monitor_initial"":0,""saved_boundary"":1}","Lemma E-prime: every referenced observer is a declared fluent affected only by recognized update labels. No update label occurs before entry, so every entry has the declared initial valuation; the non-error constant initializer equals monitor state 0 after one hotSwapIn. Exact under the stated entry-scoped interpretation."
productioncell_arms2,r2,R2_StartNewSpec_P_AVOID_STAMPING_1,upd,3,2,2,Pending_StartNewSpec_P_AVOID_STAMPING_1;Pending_Reconfigure_PRODUCTION_CELL_1,constant_after_hotSwapIn,1,compiled actual monitor plus independent free-product BFS including absorbing ERROR,productioncell_arms2.json,False,False,False,7,378,4,3,NOT_USED_FOR_UPD,"{""fluent_values"":[true,true],""histories"":[[""hotSwapIn""],[""hotSwapIn"",""reconfigure_PRODUCTION_CELL_1"",""hotSwapIn""]],""monitor_states"":[1,-1]}","{""constant_initializer"":1,""history"":[""hotSwapIn"",""reconfigure_PRODUCTION_CELL_1"",""hotSwapIn""],""history_monitor_state"":-1}",RS_UNTESTED,Free-product sufficient condition failed; this is not a plant-reachable RS counterexample.,NOT_APPLICABLE,NOT_APPLICABLE,,,,,,,,,,,,,,UNVERIFIED_ENTRY_VALUATION_LANGUAGE,False,NOT_APPLICABLE,False,NOT_APPLICABLE,NOT_APPLICABLE,"All one-shot free pre-entry observer valuations enumerated. Observer synchronization and compiled-reset consistency are diagnostics; saved DFA does not expose a valuation-parameterized semantic initializer, so E exactness is unverified.","[{""kind"":""missing_reference_language"",""reason"":""Compiled-reset and observer synchronization do not provide a valuation-parameterized semantic initializer.""}]",1,4,True,True,True,[],False,null,"All one-shot free pre-entry observer valuations enumerated. Observer synchronization and compiled-reset consistency are diagnostics; saved DFA does not expose a valuation-parameterized semantic initializer, so E exactness is unverified.",True,LEMMA_E_PRIME,True,"[""hotSwapIn"",""reconfigure_PRODUCTION_CELL_1"",""startNewSpec_P_AVOID_STAMPING_1""]",[],True,"{""computed_boundary"":1,""error"":"""",""initializer_mode"":""constant_after_hotSwapIn"",""monitor_initial"":0,""saved_boundary"":1}","Lemma E-prime: every referenced observer is a declared fluent affected only by recognized update labels. No update label occurs before entry, so every entry has the declared initial valuation; the non-error constant initializer equals monitor state 0 after one hotSwapIn. Exact under the stated entry-scoped interpretation."
productioncell_arms2,r2,R2_StartNewSpec_P_NEW_TOOL_ORDER_2,upd,3,2,2,Pending_StartNewSpec_P_NEW_TOOL_ORDER_2;Pending_Reconfigure_PRODUCTION_CELL_2,constant_after_hotSwapIn,1,compiled actual monitor plus independent free-product BFS including absorbing ERROR,productioncell_arms2.json,False,False,False,7,378,4,3,NOT_USED_FOR_UPD,"{""fluent_values"":[true,true],""histories"":[[""hotSwapIn""],[""hotSwapIn"",""reconfigure_PRODUCTION_CELL_2"",""hotSwapIn""]],""monitor_states"":[1,-1]}","{""constant_initializer"":1,""history"":[""hotSwapIn"",""reconfigure_PRODUCTION_CELL_2"",""hotSwapIn""],""history_monitor_state"":-1}",RS_UNTESTED,Free-product sufficient condition failed; this is not a plant-reachable RS counterexample.,NOT_APPLICABLE,NOT_APPLICABLE,,,,,,,,,,,,,,UNVERIFIED_ENTRY_VALUATION_LANGUAGE,False,NOT_APPLICABLE,False,NOT_APPLICABLE,NOT_APPLICABLE,"All one-shot free pre-entry observer valuations enumerated. Observer synchronization and compiled-reset consistency are diagnostics; saved DFA does not expose a valuation-parameterized semantic initializer, so E exactness is unverified.","[{""kind"":""missing_reference_language"",""reason"":""Compiled-reset and observer synchronization do not provide a valuation-parameterized semantic initializer.""}]",1,4,True,True,True,[],False,null,"All one-shot free pre-entry observer valuations enumerated. Observer synchronization and compiled-reset consistency are diagnostics; saved DFA does not expose a valuation-parameterized semantic initializer, so E exactness is unverified.",True,LEMMA_E_PRIME,True,"[""hotSwapIn"",""reconfigure_PRODUCTION_CELL_2"",""startNewSpec_P_NEW_TOOL_ORDER_2""]",[],True,"{""computed_boundary"":1,""error"":"""",""initializer_mode"":""constant_after_hotSwapIn"",""monitor_initial"":0,""saved_boundary"":1}","Lemma E-prime: every referenced observer is a declared fluent affected only by recognized update labels. No update label occurs before entry, so every entry has the declared initial valuation; the non-error constant initializer equals monitor state 0 after one hotSwapIn. Exact under the stated entry-scoped interpretation."
productioncell_arms2,r2,R2_StartNewSpec_P_NEW_OUT_IF_FINISHED_2,upd,3,2,2,Pending_StartNewSpec_P_NEW_OUT_IF_FINISHED_2;Pending_Reconfigure_PRODUCTION_CELL_2,constant_after_hotSwapIn,1,compiled actual monitor plus independent free-product BFS including absorbing ERROR,productioncell_arms2.json,False,False,False,7,378,4,3,NOT_USED_FOR_UPD,"{""fluent_values"":[true,true],""histories"":[[""hotSwapIn""],[""hotSwapIn"",""reconfigure_PRODUCTION_CELL_2"",""hotSwapIn""]],""monitor_states"":[1,-1]}","{""constant_initializer"":1,""history"":[""hotSwapIn"",""reconfigure_PRODUCTION_CELL_2"",""hotSwapIn""],""history_monitor_state"":-1}",RS_UNTESTED,Free-product sufficient condition failed; this is not a plant-reachable RS counterexample.,NOT_APPLICABLE,NOT_APPLICABLE,,,,,,,,,,,,,,UNVERIFIED_ENTRY_VALUATION_LANGUAGE,False,NOT_APPLICABLE,False,NOT_APPLICABLE,NOT_APPLICABLE,"All one-shot free pre-entry observer valuations enumerated. Observer synchronization and compiled-reset consistency are diagnostics; saved DFA does not expose a valuation-parameterized semantic initializer, so E exactness is unverified.","[{""kind"":""missing_reference_language"",""reason"":""Compiled-reset and observer synchronization do not provide a valuation-parameterized semantic initializer.""}]",1,4,True,True,True,[],False,null,"All one-shot free pre-entry observer valuations enumerated. Observer synchronization and compiled-reset consistency are diagnostics; saved DFA does not expose a valuation-parameterized semantic initializer, so E exactness is unverified.",True,LEMMA_E_PRIME,True,"[""hotSwapIn"",""reconfigure_PRODUCTION_CELL_2"",""startNewSpec_P_NEW_OUT_IF_FINISHED_2""]",[],True,"{""computed_boundary"":1,""error"":"""",""initializer_mode"":""constant_after_hotSwapIn"",""monitor_initial"":0,""saved_boundary"":1}","Lemma E-prime: every referenced observer is a declared fluent affected only by recognized update labels. No update label occurs before entry, so every entry has the declared initial valuation; the non-error constant initializer equals monitor state 0 after one hotSwapIn. Exact under the stated entry-scoped interpretation."
productioncell_arms2,r2,R2_StartNewSpec_P_DRILL_ONCE_2,upd,3,2,2,Pending_StartNewSpec_P_DRILL_ONCE_2;Pending_Reconfigure_PRODUCTION_CELL_2,constant_after_hotSwapIn,1,compiled actual monitor plus independent free-product BFS including absorbing ERROR,productioncell_arms2.json,False,False,False,7,378,4,3,NOT_USED_FOR_UPD,"{""fluent_values"":[true,true],""histories"":[[""hotSwapIn""],[""hotSwapIn"",""reconfigure_PRODUCTION_CELL_2"",""hotSwapIn""]],""monitor_states"":[1,-1]}","{""constant_initializer"":1,""history"":[""hotSwapIn"",""reconfigure_PRODUCTION_CELL_2"",""hotSwapIn""],""history_monitor_state"":-1}",RS_UNTESTED,Free-product sufficient condition failed; this is not a plant-reachable RS counterexample.,NOT_APPLICABLE,NOT_APPLICABLE,,,,,,,,,,,,,,UNVERIFIED_ENTRY_VALUATION_LANGUAGE,False,NOT_APPLICABLE,False,NOT_APPLICABLE,NOT_APPLICABLE,"All one-shot free pre-entry observer valuations enumerated. Observer synchronization and compiled-reset consistency are diagnostics; saved DFA does not expose a valuation-parameterized semantic initializer, so E exactness is unverified.","[{""kind"":""missing_reference_language"",""reason"":""Compiled-reset and observer synchronization do not provide a valuation-parameterized semantic initializer.""}]",1,4,True,True,True,[],False,null,"All one-shot free pre-entry observer valuations enumerated. Observer synchronization and compiled-reset consistency are diagnostics; saved DFA does not expose a valuation-parameterized semantic initializer, so E exactness is unverified.",True,LEMMA_E_PRIME,True,"[""hotSwapIn"",""reconfigure_PRODUCTION_CELL_2"",""startNewSpec_P_DRILL_ONCE_2""]",[],True,"{""computed_boundary"":1,""error"":"""",""initializer_mode"":""constant_after_hotSwapIn"",""monitor_initial"":0,""saved_boundary"":1}","Lemma E-prime: every referenced observer is a declared fluent affected only by recognized update labels. No update label occurs before entry, so every entry has the declared initial valuation; the non-error constant initializer equals monitor state 0 after one hotSwapIn. Exact under the stated entry-scoped interpretation."
productioncell_arms2,r2,R2_StartNewSpec_P_CLEAN_ONCE_2,upd,3,2,2,Pending_StartNewSpec_P_CLEAN_ONCE_2;Pending_Reconfigure_PRODUCTION_CELL_2,constant_after_hotSwapIn,1,compiled actual monitor plus independent free-product BFS including absorbing ERROR,productioncell_arms2.json,False,False,False,7,378,4,3,NOT_USED_FOR_UPD,"{""fluent_values"":[true,true],""histories"":[[""hotSwapIn""],[""hotSwapIn"",""reconfigure_PRODUCTION_CELL_2"",""hotSwapIn""]],""monitor_states"":[1,-1]}","{""constant_initializer"":1,""history"":[""hotSwapIn"",""reconfigure_PRODUCTION_CELL_2"",""hotSwapIn""],""history_monitor_state"":-1}",RS_UNTESTED,Free-product sufficient condition failed; this is not a plant-reachable RS counterexample.,NOT_APPLICABLE,NOT_APPLICABLE,,,,,,,,,,,,,,UNVERIFIED_ENTRY_VALUATION_LANGUAGE,False,NOT_APPLICABLE,False,NOT_APPLICABLE,NOT_APPLICABLE,"All one-shot free pre-entry observer valuations enumerated. Observer synchronization and compiled-reset consistency are diagnostics; saved DFA does not expose a valuation-parameterized semantic initializer, so E exactness is unverified.","[{""kind"":""missing_reference_language"",""reason"":""Compiled-reset and observer synchronization do not provide a valuation-parameterized semantic initializer.""}]",1,4,True,True,True,[],False,null,"All one-shot free pre-entry observer valuations enumerated. Observer synchronization and compiled-reset consistency are diagnostics; saved DFA does not expose a valuation-parameterized semantic initializer, so E exactness is unverified.",True,LEMMA_E_PRIME,True,"[""hotSwapIn"",""reconfigure_PRODUCTION_CELL_2"",""startNewSpec_P_CLEAN_ONCE_2""]",[],True,"{""computed_boundary"":1,""error"":"""",""initializer_mode"":""constant_after_hotSwapIn"",""monitor_initial"":0,""saved_boundary"":1}","Lemma E-prime: every referenced observer is a declared fluent affected only by recognized update labels. No update label occurs before entry, so every entry has the declared initial valuation; the non-error constant initializer equals monitor state 0 after one hotSwapIn. Exact under the stated entry-scoped interpretation."
productioncell_arms2,r2,R2_StartNewSpec_P_PAINT_ONCE_2,upd,3,2,2,Pending_StartNewSpec_P_PAINT_ONCE_2;Pending_Reconfigure_PRODUCTION_CELL_2,constant_after_hotSwapIn,1,compiled actual monitor plus independent free-product BFS including absorbing ERROR,productioncell_arms2.json,False,False,False,7,378,4,3,NOT_USED_FOR_UPD,"{""fluent_values"":[true,true],""histories"":[[""hotSwapIn""],[""hotSwapIn"",""reconfigure_PRODUCTION_CELL_2"",""hotSwapIn""]],""monitor_states"":[1,-1]}","{""constant_initializer"":1,""history"":[""hotSwapIn"",""reconfigure_PRODUCTION_CELL_2"",""hotSwapIn""],""history_monitor_state"":-1}",RS_UNTESTED,Free-product sufficient condition failed; this is not a plant-reachable RS counterexample.,NOT_APPLICABLE,NOT_APPLICABLE,,,,,,,,,,,,,,UNVERIFIED_ENTRY_VALUATION_LANGUAGE,False,NOT_APPLICABLE,False,NOT_APPLICABLE,NOT_APPLICABLE,"All one-shot free pre-entry observer valuations enumerated. Observer synchronization and compiled-reset consistency are diagnostics; saved DFA does not expose a valuation-parameterized semantic initializer, so E exactness is unverified.","[{""kind"":""missing_reference_language"",""reason"":""Compiled-reset and observer synchronization do not provide a valuation-parameterized semantic initializer.""}]",1,4,True,True,True,[],False,null,"All one-shot free pre-entry observer valuations enumerated. Observer synchronization and compiled-reset consistency are diagnostics; saved DFA does not expose a valuation-parameterized semantic initializer, so E exactness is unverified.",True,LEMMA_E_PRIME,True,"[""hotSwapIn"",""reconfigure_PRODUCTION_CELL_2"",""startNewSpec_P_PAINT_ONCE_2""]",[],True,"{""computed_boundary"":1,""error"":"""",""initializer_mode"":""constant_after_hotSwapIn"",""monitor_initial"":0,""saved_boundary"":1}","Lemma E-prime: every referenced observer is a declared fluent affected only by recognized update labels. No update label occurs before entry, so every entry has the declared initial valuation; the non-error constant initializer equals monitor state 0 after one hotSwapIn. Exact under the stated entry-scoped interpretation."
productioncell_arms2,r2,R2_StartNewSpec_P_AVOID_STAMPING_2,upd,3,2,2,Pending_StartNewSpec_P_AVOID_STAMPING_2;Pending_Reconfigure_PRODUCTION_CELL_2,constant_after_hotSwapIn,1,compiled actual monitor plus independent free-product BFS including absorbing ERROR,productioncell_arms2.json,False,False,False,7,378,4,3,NOT_USED_FOR_UPD,"{""fluent_values"":[true,true],""histories"":[[""hotSwapIn""],[""hotSwapIn"",""reconfigure_PRODUCTION_CELL_2"",""hotSwapIn""]],""monitor_states"":[1,-1]}","{""constant_initializer"":1,""history"":[""hotSwapIn"",""reconfigure_PRODUCTION_CELL_2"",""hotSwapIn""],""history_monitor_state"":-1}",RS_UNTESTED,Free-product sufficient condition failed; this is not a plant-reachable RS counterexample.,NOT_APPLICABLE,NOT_APPLICABLE,,,,,,,,,,,,,,UNVERIFIED_ENTRY_VALUATION_LANGUAGE,False,NOT_APPLICABLE,False,NOT_APPLICABLE,NOT_APPLICABLE,"All one-shot free pre-entry observer valuations enumerated. Observer synchronization and compiled-reset consistency are diagnostics; saved DFA does not expose a valuation-parameterized semantic initializer, so E exactness is unverified.","[{""kind"":""missing_reference_language"",""reason"":""Compiled-reset and observer synchronization do not provide a valuation-parameterized semantic initializer.""}]",1,4,True,True,True,[],False,null,"All one-shot free pre-entry observer valuations enumerated. Observer synchronization and compiled-reset consistency are diagnostics; saved DFA does not expose a valuation-parameterized semantic initializer, so E exactness is unverified.",True,LEMMA_E_PRIME,True,"[""hotSwapIn"",""reconfigure_PRODUCTION_CELL_2"",""startNewSpec_P_AVOID_STAMPING_2""]",[],True,"{""computed_boundary"":1,""error"":"""",""initializer_mode"":""constant_after_hotSwapIn"",""monitor_initial"":0,""saved_boundary"":1}","Lemma E-prime: every referenced observer is a declared fluent affected only by recognized update labels. No update label occurs before entry, so every entry has the declared initial valuation; the non-error constant initializer equals monitor state 0 after one hotSwapIn. Exact under the stated entry-scoped interpretation."
railcab,base,P_BRAKE_DURING_LASTBRAKE,new,3,2,2,brake;LastEmergencyBrake,fluent_lookup_nonerror_entries,0,compiled actual monitor plus independent free-product BFS including absorbing ERROR,railcab.json,False,False,False,7,203,4,3,True,"{""fluent_values"":[false,true],""histories"":[[""lastEmergencyBrake""],[""lastEmergencyBrake"",""brake"",""approachingCrossing""]],""monitor_states"":[1,-1]}","{""constant_initializer"":0,""history"":[""lastEmergencyBrake"",""hotSwapIn""],""history_monitor_state"":1}",RS_UNTESTED,Free-product sufficient condition failed; this is not a plant-reachable RS counterexample.,EXACT_ON_NONEMPTY_SAFE_ACTIVATION_DOMAIN,True,True,True,True,57,3,1,3,1,"[{""values"":[false,false],""state"":0},{""values"":[false,true],""state"":1},{""values"":[true,false],""state"":0}]",[],NOT_CHECKED_WITHOUT_PLANT,source-rule reconstruction; runtime lookup table not exported,"Sufficient only on actual non-error activation entries with nonempty safe-history set; empty safe-history intersections are universal, so inclusion alone is automatic. Full continuation-language equivalence is stronger than one-shot equivalence.",NOT_APPLICABLE,NOT_APPLICABLE,True,NOT_APPLICABLE,[],"Sufficient only on actual non-error activation entries with nonempty safe-history set; empty safe-history intersections are universal, so inclusion alone is automatic. Full continuation-language equivalence is stronger than one-shot equivalence.",NOT_APPLICABLE,NOT_APPLICABLE,,,,,,,,,,NOT_APPLICABLE,NOT_APPLICABLE,NOT_APPLICABLE,NOT_APPLICABLE,NOT_APPLICABLE,NOT_APPLICABLE,NOT_APPLICABLE,NOT_APPLICABLE
railcab,base,P_EBRAKE_DURING_ELASTBRAKE,new,3,2,2,emergencyBrake;NoReturn,fluent_lookup_nonerror_entries,0,compiled actual monitor plus independent free-product BFS including absorbing ERROR,railcab.json,False,False,False,7,203,4,3,True,"{""fluent_values"":[false,true],""histories"":[[""noReturn""],[""noReturn"",""emergencyBrake"",""approachingCrossing""]],""monitor_states"":[1,-1]}","{""constant_initializer"":0,""history"":[""noReturn"",""hotSwapIn""],""history_monitor_state"":1}",RS_UNTESTED,Free-product sufficient condition failed; this is not a plant-reachable RS counterexample.,EXACT_ON_NONEMPTY_SAFE_ACTIVATION_DOMAIN,True,True,True,True,57,3,1,3,1,"[{""values"":[false,false],""state"":0},{""values"":[false,true],""state"":1},{""values"":[true,false],""state"":0}]",[],NOT_CHECKED_WITHOUT_PLANT,source-rule reconstruction; runtime lookup table not exported,"Sufficient only on actual non-error activation entries with nonempty safe-history set; empty safe-history intersections are universal, so inclusion alone is automatic. Full continuation-language equivalence is stronger than one-shot equivalence.",NOT_APPLICABLE,NOT_APPLICABLE,True,NOT_APPLICABLE,[],"Sufficient only on actual non-error activation entries with nonempty safe-history set; empty safe-history intersections are universal, so inclusion alone is automatic. Full continuation-language equivalence is stronger than one-shot equivalence.",NOT_APPLICABLE,NOT_APPLICABLE,,,,,,,,,,NOT_APPLICABLE,NOT_APPLICABLE,NOT_APPLICABLE,NOT_APPLICABLE,NOT_APPLICABLE,NOT_APPLICABLE,NOT_APPLICABLE,NOT_APPLICABLE
railcab,base,P_NEW_NOT_CRASH,new,7,6,5,CantEnter;NoReturn;RequestedOnce;AskedWorkingOnce;NotWorking,fluent_lookup_nonerror_entries,0,compiled actual monitor plus independent free-product BFS including absorbing ERROR,railcab.json,False,False,False,49,1421,32,17,True,"{""fluent_values"":[false,false,false,false,false],""histories"":[[],[""noReturn"",""endOfTS""]],""monitor_states"":[0,-1]}","{""constant_initializer"":0,""history"":[""checkCrossingStatus"",""hotSwapIn""],""history_monitor_state"":3}",RS_UNTESTED,Free-product sufficient condition failed; this is not a plant-reachable RS counterexample.,EXACT_ON_NONEMPTY_SAFE_ACTIVATION_DOMAIN,True,True,True,True,17,17,15,17,15,"[{""values"":[false,false,false,false,false],""state"":0},{""values"":[false,false,false,false,true],""state"":1},{""values"":[false,false,false,true,false],""state"":3},{""values"":[false,false,false,true,true],""state"":1},{""values"":[false,false,true,false,false],""state"":2},{""values"":[false,false,true,false,true],""state"":1},{""values"":[false,false,true,true,false],""state"":4},{""values"":[false,false,true,true,true],""state"":1},{""values"":[false,true,true,true,false],""state"":5},{""values"":[true,false,false,false,false],""state"":1},{""values"":[true,false,false,false,true],""state"":1},{""values"":[true,false,false,true,false],""state"":1},{""values"":[true,false,false,true,true],""state"":1},{""values"":[true,false,true,false,false],""state"":1},{""values"":[true,false,true,false,true],""state"":1},{""values"":[true,false,true,true,false],""state"":1},{""values"":[true,false,true,true,true],""state"":1}]",[],NOT_CHECKED_WITHOUT_PLANT,source-rule reconstruction; runtime lookup table not exported,"Sufficient only on actual non-error activation entries with nonempty safe-history set; empty safe-history intersections are universal, so inclusion alone is automatic. Full continuation-language equivalence is stronger than one-shot equivalence.",NOT_APPLICABLE,NOT_APPLICABLE,True,NOT_APPLICABLE,[],"Sufficient only on actual non-error activation entries with nonempty safe-history set; empty safe-history intersections are universal, so inclusion alone is automatic. Full continuation-language equivalence is stronger than one-shot equivalence.",NOT_APPLICABLE,NOT_APPLICABLE,,,,,,,,,,NOT_APPLICABLE,NOT_APPLICABLE,NOT_APPLICABLE,NOT_APPLICABLE,NOT_APPLICABLE,NOT_APPLICABLE,NOT_APPLICABLE,NOT_APPLICABLE
railcab,base,P_CHECK_STATUS_BEFORE_LAST_EMERGENCY_BRAKE,new,3,2,2,LastEmergencyBrake;checkCrossingStatus,fluent_lookup_nonerror_entries,0,compiled actual monitor plus independent free-product BFS including absorbing ERROR,railcab.json,False,False,False,7,203,4,3,True,"{""fluent_values"":[true,false],""histories"":[[""lastEmergencyBrake""],[""lastEmergencyBrake"",""checkCrossingStatus"",""approachingCrossing""]],""monitor_states"":[1,-1]}","{""constant_initializer"":0,""history"":[""lastEmergencyBrake"",""hotSwapIn""],""history_monitor_state"":1}",RS_UNTESTED,Free-product sufficient condition failed; this is not a plant-reachable RS counterexample.,EXACT_ON_NONEMPTY_SAFE_ACTIVATION_DOMAIN,True,True,True,True,57,3,1,3,1,"[{""values"":[false,false],""state"":0},{""values"":[false,true],""state"":0},{""values"":[true,false],""state"":1}]",[],NOT_CHECKED_WITHOUT_PLANT,source-rule reconstruction; runtime lookup table not exported,"Sufficient only on actual non-error activation entries with nonempty safe-history set; empty safe-history intersections are universal, so inclusion alone is automatic. Full continuation-language equivalence is stronger than one-shot equivalence.",NOT_APPLICABLE,NOT_APPLICABLE,True,NOT_APPLICABLE,[],"Sufficient only on actual non-error activation entries with nonempty safe-history set; empty safe-history intersections are universal, so inclusion alone is automatic. Full continuation-language equivalence is stronger than one-shot equivalence.",NOT_APPLICABLE,NOT_APPLICABLE,,,,,,,,,,NOT_APPLICABLE,NOT_APPLICABLE,NOT_APPLICABLE,NOT_APPLICABLE,NOT_APPLICABLE,NOT_APPLICABLE,NOT_APPLICABLE,NOT_APPLICABLE
railcab,base,P_BRAKE_IF_SOMETHING_BAD,new,3,2,3,brake;CantEnter;NotWorking,fluent_lookup_nonerror_entries,0,compiled actual monitor plus independent free-product BFS including absorbing ERROR,railcab.json,False,False,False,15,435,8,7,True,"{""fluent_values"":[false,false,false],""histories"":[[],[""brake"",""approachingCrossing""]],""monitor_states"":[0,-1]}","{""constant_initializer"":0,""history"":[""brake"",""hotSwapIn""],""history_monitor_state"":-1}",RS_UNTESTED,Free-product sufficient condition failed; this is not a plant-reachable RS counterexample.,EXACT_ON_NONEMPTY_SAFE_ACTIVATION_DOMAIN,True,True,True,True,133,7,1,7,1,"[{""values"":[false,false,false],""state"":0},{""values"":[false,false,true],""state"":1},{""values"":[false,true,false],""state"":1},{""values"":[false,true,true],""state"":1},{""values"":[true,false,true],""state"":1},{""values"":[true,true,false],""state"":1},{""values"":[true,true,true],""state"":1}]",[],NOT_CHECKED_WITHOUT_PLANT,source-rule reconstruction; runtime lookup table not exported,"Sufficient only on actual non-error activation entries with nonempty safe-history set; empty safe-history intersections are universal, so inclusion alone is automatic. Full continuation-language equivalence is stronger than one-shot equivalence.",NOT_APPLICABLE,NOT_APPLICABLE,True,NOT_APPLICABLE,[],"Sufficient only on actual non-error activation entries with nonempty safe-history set; empty safe-history intersections are universal, so inclusion alone is automatic. Full continuation-language equivalence is stronger than one-shot equivalence.",NOT_APPLICABLE,NOT_APPLICABLE,,,,,,,,,,NOT_APPLICABLE,NOT_APPLICABLE,NOT_APPLICABLE,NOT_APPLICABLE,NOT_APPLICABLE,NOT_APPLICABLE,NOT_APPLICABLE,NOT_APPLICABLE
railcab,base,P_EBRAKE_IF_SOMETHING_BAD,new,3,2,3,emergencyBrake;CantEnter;NotWorking,fluent_lookup_nonerror_entries,0,compiled actual monitor plus independent free-product BFS including absorbing ERROR,railcab.json,False,False,False,15,435,8,7,True,"{""fluent_values"":[false,false,false],""histories"":[[],[""emergencyBrake"",""approachingCrossing""]],""monitor_states"":[0,-1]}","{""constant_initializer"":0,""history"":[""emergencyBrake"",""hotSwapIn""],""history_monitor_state"":-1}",RS_UNTESTED,Free-product sufficient condition failed; this is not a plant-reachable RS counterexample.,EXACT_ON_NONEMPTY_SAFE_ACTIVATION_DOMAIN,True,True,True,True,133,7,1,7,1,"[{""values"":[false,false,false],""state"":0},{""values"":[false,false,true],""state"":1},{""values"":[false,true,false],""state"":1},{""values"":[false,true,true],""state"":1},{""values"":[true,false,true],""state"":1},{""values"":[true,true,false],""state"":1},{""values"":[true,true,true],""state"":1}]",[],NOT_CHECKED_WITHOUT_PLANT,source-rule reconstruction; runtime lookup table not exported,"Sufficient only on actual non-error activation entries with nonempty safe-history set; empty safe-history intersections are universal, so inclusion alone is automatic. Full continuation-language equivalence is stronger than one-shot equivalence.",NOT_APPLICABLE,NOT_APPLICABLE,True,NOT_APPLICABLE,[],"Sufficient only on actual non-error activation entries with nonempty safe-history set; empty safe-history intersections are universal, so inclusion alone is automatic. Full continuation-language equivalence is stronger than one-shot equivalence.",NOT_APPLICABLE,NOT_APPLICABLE,,,,,,,,,,NOT_APPLICABLE,NOT_APPLICABLE,NOT_APPLICABLE,NOT_APPLICABLE,NOT_APPLICABLE,NOT_APPLICABLE,NOT_APPLICABLE,NOT_APPLICABLE
railcab,base,P_CHECK_STATUS_AFTER_APPROACHING_CROSSING,new,4,3,3,checkCrossingStatus;ApproachingCrossingHappen;LastEmergencyBrake,fluent_lookup_nonerror_entries,0,compiled actual monitor plus independent free-product BFS including absorbing ERROR,railcab.json,False,False,False,13,377,8,5,True,"{""fluent_values"":[false,true,false],""histories"":[[""approachingCrossing""],[""checkCrossingStatus"",""approachingCrossing""]],""monitor_states"":[1,-1]}","{""constant_initializer"":0,""history"":[""approachingCrossing"",""hotSwapIn""],""history_monitor_state"":1}",RS_UNTESTED,Free-product sufficient condition failed; this is not a plant-reachable RS counterexample.,EXACT_ON_NONEMPTY_SAFE_ACTIVATION_DOMAIN,True,True,True,True,95,5,3,5,3,"[{""values"":[false,false,false],""state"":0},{""values"":[false,false,true],""state"":2},{""values"":[false,true,false],""state"":1},{""values"":[false,true,true],""state"":2},{""values"":[true,true,false],""state"":1}]",[],NOT_CHECKED_WITHOUT_PLANT,source-rule reconstruction; runtime lookup table not exported,"Sufficient only on actual non-error activation entries with nonempty safe-history set; empty safe-history intersections are universal, so inclusion alone is automatic. Full continuation-language equivalence is stronger than one-shot equivalence.",NOT_APPLICABLE,NOT_APPLICABLE,True,NOT_APPLICABLE,[],"Sufficient only on actual non-error activation entries with nonempty safe-history set; empty safe-history intersections are universal, so inclusion alone is automatic. Full continuation-language equivalence is stronger than one-shot equivalence.",NOT_APPLICABLE,NOT_APPLICABLE,,,,,,,,,,NOT_APPLICABLE,NOT_APPLICABLE,NOT_APPLICABLE,NOT_APPLICABLE,NOT_APPLICABLE,NOT_APPLICABLE,NOT_APPLICABLE,NOT_APPLICABLE
railcab,r1,P_BRAKE_DURING_LASTBRAKE,new,3,2,2,brake;LastEmergencyBrake,fluent_lookup_nonerror_entries,0,compiled actual monitor plus independent free-product BFS including absorbing ERROR,railcab.json,False,False,False,7,203,4,3,True,"{""fluent_values"":[false,true],""histories"":[[""lastEmergencyBrake""],[""lastEmergencyBrake"",""brake"",""approachingCrossing""]],""monitor_states"":[1,-1]}","{""constant_initializer"":0,""history"":[""lastEmergencyBrake"",""hotSwapIn""],""history_monitor_state"":1}",RS_UNTESTED,Free-product sufficient condition failed; this is not a plant-reachable RS counterexample.,EXACT_ON_NONEMPTY_SAFE_ACTIVATION_DOMAIN,True,True,True,True,57,3,1,3,1,"[{""values"":[false,false],""state"":0},{""values"":[false,true],""state"":1},{""values"":[true,false],""state"":0}]",[],NOT_CHECKED_WITHOUT_PLANT,source-rule reconstruction; runtime lookup table not exported,"Sufficient only on actual non-error activation entries with nonempty safe-history set; empty safe-history intersections are universal, so inclusion alone is automatic. Full continuation-language equivalence is stronger than one-shot equivalence.",NOT_APPLICABLE,NOT_APPLICABLE,True,NOT_APPLICABLE,[],"Sufficient only on actual non-error activation entries with nonempty safe-history set; empty safe-history intersections are universal, so inclusion alone is automatic. Full continuation-language equivalence is stronger than one-shot equivalence.",NOT_APPLICABLE,NOT_APPLICABLE,,,,,,,,,,NOT_APPLICABLE,NOT_APPLICABLE,NOT_APPLICABLE,NOT_APPLICABLE,NOT_APPLICABLE,NOT_APPLICABLE,NOT_APPLICABLE,NOT_APPLICABLE
railcab,r1,P_EBRAKE_DURING_ELASTBRAKE,new,3,2,2,emergencyBrake;NoReturn,fluent_lookup_nonerror_entries,0,compiled actual monitor plus independent free-product BFS including absorbing ERROR,railcab.json,False,False,False,7,203,4,3,True,"{""fluent_values"":[false,true],""histories"":[[""noReturn""],[""noReturn"",""emergencyBrake"",""approachingCrossing""]],""monitor_states"":[1,-1]}","{""constant_initializer"":0,""history"":[""noReturn"",""hotSwapIn""],""history_monitor_state"":1}",RS_UNTESTED,Free-product sufficient condition failed; this is not a plant-reachable RS counterexample.,EXACT_ON_NONEMPTY_SAFE_ACTIVATION_DOMAIN,True,True,True,True,57,3,1,3,1,"[{""values"":[false,false],""state"":0},{""values"":[false,true],""state"":1},{""values"":[true,false],""state"":0}]",[],NOT_CHECKED_WITHOUT_PLANT,source-rule reconstruction; runtime lookup table not exported,"Sufficient only on actual non-error activation entries with nonempty safe-history set; empty safe-history intersections are universal, so inclusion alone is automatic. Full continuation-language equivalence is stronger than one-shot equivalence.",NOT_APPLICABLE,NOT_APPLICABLE,True,NOT_APPLICABLE,[],"Sufficient only on actual non-error activation entries with nonempty safe-history set; empty safe-history intersections are universal, so inclusion alone is automatic. Full continuation-language equivalence is stronger than one-shot equivalence.",NOT_APPLICABLE,NOT_APPLICABLE,,,,,,,,,,NOT_APPLICABLE,NOT_APPLICABLE,NOT_APPLICABLE,NOT_APPLICABLE,NOT_APPLICABLE,NOT_APPLICABLE,NOT_APPLICABLE,NOT_APPLICABLE
railcab,r1,P_NEW_NOT_CRASH,new,7,6,5,CantEnter;NoReturn;RequestedOnce;AskedWorkingOnce;NotWorking,fluent_lookup_nonerror_entries,0,compiled actual monitor plus independent free-product BFS including absorbing ERROR,railcab.json,False,False,False,49,1421,32,17,True,"{""fluent_values"":[false,false,false,false,false],""histories"":[[],[""noReturn"",""endOfTS""]],""monitor_states"":[0,-1]}","{""constant_initializer"":0,""history"":[""checkCrossingStatus"",""hotSwapIn""],""history_monitor_state"":3}",RS_UNTESTED,Free-product sufficient condition failed; this is not a plant-reachable RS counterexample.,EXACT_ON_NONEMPTY_SAFE_ACTIVATION_DOMAIN,True,True,True,True,17,17,15,17,15,"[{""values"":[false,false,false,false,false],""state"":0},{""values"":[false,false,false,false,true],""state"":1},{""values"":[false,false,false,true,false],""state"":3},{""values"":[false,false,false,true,true],""state"":1},{""values"":[false,false,true,false,false],""state"":2},{""values"":[false,false,true,false,true],""state"":1},{""values"":[false,false,true,true,false],""state"":4},{""values"":[false,false,true,true,true],""state"":1},{""values"":[false,true,true,true,false],""state"":5},{""values"":[true,false,false,false,false],""state"":1},{""values"":[true,false,false,false,true],""state"":1},{""values"":[true,false,false,true,false],""state"":1},{""values"":[true,false,false,true,true],""state"":1},{""values"":[true,false,true,false,false],""state"":1},{""values"":[true,false,true,false,true],""state"":1},{""values"":[true,false,true,true,false],""state"":1},{""values"":[true,false,true,true,true],""state"":1}]",[],NOT_CHECKED_WITHOUT_PLANT,source-rule reconstruction; runtime lookup table not exported,"Sufficient only on actual non-error activation entries with nonempty safe-history set; empty safe-history intersections are universal, so inclusion alone is automatic. Full continuation-language equivalence is stronger than one-shot equivalence.",NOT_APPLICABLE,NOT_APPLICABLE,True,NOT_APPLICABLE,[],"Sufficient only on actual non-error activation entries with nonempty safe-history set; empty safe-history intersections are universal, so inclusion alone is automatic. Full continuation-language equivalence is stronger than one-shot equivalence.",NOT_APPLICABLE,NOT_APPLICABLE,,,,,,,,,,NOT_APPLICABLE,NOT_APPLICABLE,NOT_APPLICABLE,NOT_APPLICABLE,NOT_APPLICABLE,NOT_APPLICABLE,NOT_APPLICABLE,NOT_APPLICABLE
railcab,r1,P_CHECK_STATUS_BEFORE_LAST_EMERGENCY_BRAKE,new,3,2,2,LastEmergencyBrake;checkCrossingStatus,fluent_lookup_nonerror_entries,0,compiled actual monitor plus independent free-product BFS including absorbing ERROR,railcab.json,False,False,False,7,203,4,3,True,"{""fluent_values"":[true,false],""histories"":[[""lastEmergencyBrake""],[""lastEmergencyBrake"",""checkCrossingStatus"",""approachingCrossing""]],""monitor_states"":[1,-1]}","{""constant_initializer"":0,""history"":[""lastEmergencyBrake"",""hotSwapIn""],""history_monitor_state"":1}",RS_UNTESTED,Free-product sufficient condition failed; this is not a plant-reachable RS counterexample.,EXACT_ON_NONEMPTY_SAFE_ACTIVATION_DOMAIN,True,True,True,True,57,3,1,3,1,"[{""values"":[false,false],""state"":0},{""values"":[false,true],""state"":0},{""values"":[true,false],""state"":1}]",[],NOT_CHECKED_WITHOUT_PLANT,source-rule reconstruction; runtime lookup table not exported,"Sufficient only on actual non-error activation entries with nonempty safe-history set; empty safe-history intersections are universal, so inclusion alone is automatic. Full continuation-language equivalence is stronger than one-shot equivalence.",NOT_APPLICABLE,NOT_APPLICABLE,True,NOT_APPLICABLE,[],"Sufficient only on actual non-error activation entries with nonempty safe-history set; empty safe-history intersections are universal, so inclusion alone is automatic. Full continuation-language equivalence is stronger than one-shot equivalence.",NOT_APPLICABLE,NOT_APPLICABLE,,,,,,,,,,NOT_APPLICABLE,NOT_APPLICABLE,NOT_APPLICABLE,NOT_APPLICABLE,NOT_APPLICABLE,NOT_APPLICABLE,NOT_APPLICABLE,NOT_APPLICABLE
railcab,r1,P_BRAKE_IF_SOMETHING_BAD,new,3,2,3,brake;CantEnter;NotWorking,fluent_lookup_nonerror_entries,0,compiled actual monitor plus independent free-product BFS including absorbing ERROR,railcab.json,False,False,False,15,435,8,7,True,"{""fluent_values"":[false,false,false],""histories"":[[],[""brake"",""approachingCrossing""]],""monitor_states"":[0,-1]}","{""constant_initializer"":0,""history"":[""brake"",""hotSwapIn""],""history_monitor_state"":-1}",RS_UNTESTED,Free-product sufficient condition failed; this is not a plant-reachable RS counterexample.,EXACT_ON_NONEMPTY_SAFE_ACTIVATION_DOMAIN,True,True,True,True,133,7,1,7,1,"[{""values"":[false,false,false],""state"":0},{""values"":[false,false,true],""state"":1},{""values"":[false,true,false],""state"":1},{""values"":[false,true,true],""state"":1},{""values"":[true,false,true],""state"":1},{""values"":[true,true,false],""state"":1},{""values"":[true,true,true],""state"":1}]",[],NOT_CHECKED_WITHOUT_PLANT,source-rule reconstruction; runtime lookup table not exported,"Sufficient only on actual non-error activation entries with nonempty safe-history set; empty safe-history intersections are universal, so inclusion alone is automatic. Full continuation-language equivalence is stronger than one-shot equivalence.",NOT_APPLICABLE,NOT_APPLICABLE,True,NOT_APPLICABLE,[],"Sufficient only on actual non-error activation entries with nonempty safe-history set; empty safe-history intersections are universal, so inclusion alone is automatic. Full continuation-language equivalence is stronger than one-shot equivalence.",NOT_APPLICABLE,NOT_APPLICABLE,,,,,,,,,,NOT_APPLICABLE,NOT_APPLICABLE,NOT_APPLICABLE,NOT_APPLICABLE,NOT_APPLICABLE,NOT_APPLICABLE,NOT_APPLICABLE,NOT_APPLICABLE
railcab,r1,P_EBRAKE_IF_SOMETHING_BAD,new,3,2,3,emergencyBrake;CantEnter;NotWorking,fluent_lookup_nonerror_entries,0,compiled actual monitor plus independent free-product BFS including absorbing ERROR,railcab.json,False,False,False,15,435,8,7,True,"{""fluent_values"":[false,false,false],""histories"":[[],[""emergencyBrake"",""approachingCrossing""]],""monitor_states"":[0,-1]}","{""constant_initializer"":0,""history"":[""emergencyBrake"",""hotSwapIn""],""history_monitor_state"":-1}",RS_UNTESTED,Free-product sufficient condition failed; this is not a plant-reachable RS counterexample.,EXACT_ON_NONEMPTY_SAFE_ACTIVATION_DOMAIN,True,True,True,True,133,7,1,7,1,"[{""values"":[false,false,false],""state"":0},{""values"":[false,false,true],""state"":1},{""values"":[false,true,false],""state"":1},{""values"":[false,true,true],""state"":1},{""values"":[true,false,true],""state"":1},{""values"":[true,true,false],""state"":1},{""values"":[true,true,true],""state"":1}]",[],NOT_CHECKED_WITHOUT_PLANT,source-rule reconstruction; runtime lookup table not exported,"Sufficient only on actual non-error activation entries with nonempty safe-history set; empty safe-history intersections are universal, so inclusion alone is automatic. Full continuation-language equivalence is stronger than one-shot equivalence.",NOT_APPLICABLE,NOT_APPLICABLE,True,NOT_APPLICABLE,[],"Sufficient only on actual non-error activation entries with nonempty safe-history set; empty safe-history intersections are universal, so inclusion alone is automatic. Full continuation-language equivalence is stronger than one-shot equivalence.",NOT_APPLICABLE,NOT_APPLICABLE,,,,,,,,,,NOT_APPLICABLE,NOT_APPLICABLE,NOT_APPLICABLE,NOT_APPLICABLE,NOT_APPLICABLE,NOT_APPLICABLE,NOT_APPLICABLE,NOT_APPLICABLE
railcab,r1,P_CHECK_STATUS_AFTER_APPROACHING_CROSSING,new,4,3,3,checkCrossingStatus;ApproachingCrossingHappen;LastEmergencyBrake,fluent_lookup_nonerror_entries,0,compiled actual monitor plus independent free-product BFS including absorbing ERROR,railcab.json,False,False,False,13,377,8,5,True,"{""fluent_values"":[false,true,false],""histories"":[[""approachingCrossing""],[""checkCrossingStatus"",""approachingCrossing""]],""monitor_states"":[1,-1]}","{""constant_initializer"":0,""history"":[""approachingCrossing"",""hotSwapIn""],""history_monitor_state"":1}",RS_UNTESTED,Free-product sufficient condition failed; this is not a plant-reachable RS counterexample.,EXACT_ON_NONEMPTY_SAFE_ACTIVATION_DOMAIN,True,True,True,True,95,5,3,5,3,"[{""values"":[false,false,false],""state"":0},{""values"":[false,false,true],""state"":2},{""values"":[false,true,false],""state"":1},{""values"":[false,true,true],""state"":2},{""values"":[true,true,false],""state"":1}]",[],NOT_CHECKED_WITHOUT_PLANT,source-rule reconstruction; runtime lookup table not exported,"Sufficient only on actual non-error activation entries with nonempty safe-history set; empty safe-history intersections are universal, so inclusion alone is automatic. Full continuation-language equivalence is stronger than one-shot equivalence.",NOT_APPLICABLE,NOT_APPLICABLE,True,NOT_APPLICABLE,[],"Sufficient only on actual non-error activation entries with nonempty safe-history set; empty safe-history intersections are universal, so inclusion alone is automatic. Full continuation-language equivalence is stronger than one-shot equivalence.",NOT_APPLICABLE,NOT_APPLICABLE,,,,,,,,,,NOT_APPLICABLE,NOT_APPLICABLE,NOT_APPLICABLE,NOT_APPLICABLE,NOT_APPLICABLE,NOT_APPLICABLE,NOT_APPLICABLE,NOT_APPLICABLE
railcab,r1,R1_OTF_P_BRAKE_DURING_LASTBRAKE,upd,3,2,2,"AfterStopBeforeStart_P_BRAKE_DURING_LASTBRAKE;{brake, checkCrossingStatus, emergencyBrake, idle_c, requestEnter}",constant_after_hotSwapIn,0,compiled actual monitor plus independent free-product BFS including absorbing ERROR,railcab.json,False,False,False,7,203,4,3,NOT_USED_FOR_UPD,"{""fluent_values"":[true,false],""histories"":[[""stopOldSpec_P_BRAKE_DURING_LASTBRAKE""],[""stopOldSpec_P_BRAKE_DURING_LASTBRAKE"",""brake"",""approachingCrossing""]],""monitor_states"":[1,-1]}","{""constant_initializer"":0,""history"":[""stopOldSpec_P_BRAKE_DURING_LASTBRAKE"",""hotSwapIn""],""history_monitor_state"":1}",RS_UNTESTED,Free-product sufficient condition failed; this is not a plant-reachable RS counterexample.,NOT_APPLICABLE,NOT_APPLICABLE,,,,,,,,,,,,,,UNVERIFIED_ENTRY_VALUATION_LANGUAGE,False,NOT_APPLICABLE,False,NOT_APPLICABLE,NOT_APPLICABLE,"All one-shot free pre-entry observer valuations enumerated. Observer synchronization and compiled-reset consistency are diagnostics; saved DFA does not expose a valuation-parameterized semantic initializer, so E exactness is unverified.","[{""pre_entry_history"":[""stopOldSpec_P_BRAKE_DURING_LASTBRAKE""],""entry_values"":[true,false],""post_entry_values"":[true,false],""canonical_post_entry_values"":[false,false],""kind"":""observer_difference_not_language_counterexample""}]",4,408,False,True,True,"[{""pre_entry_history"":[""stopOldSpec_P_BRAKE_DURING_LASTBRAKE""],""entry_values"":[true,false],""post_entry_values"":[true,false],""canonical_post_entry_values"":[false,false],""kind"":""observer_difference_not_language_counterexample""}]",False,null,"All one-shot free pre-entry observer valuations enumerated. Observer synchronization and compiled-reset consistency are diagnostics; saved DFA does not expose a valuation-parameterized semantic initializer, so E exactness is unverified.",False,UNVERIFIED_OUTSIDE_E_PRIME_SUFFICIENT_CONDITION,False,"[""*"",""brake"",""checkCrossingStatus"",""emergencyBrake"",""idle_c"",""requestEnter"",""startNewSpec_P_BRAKE_DURING_LASTBRAKE"",""stopOldSpec_P_BRAKE_DURING_LASTBRAKE"",""stopOldSpec_P_BRAKE_ONLY_IF_IM_NOT_ALLOWED"",""stopOldSpec_P_EBRAKE_DURING_ELASTBRAKE"",""stopOldSpec_P_EBRAKE_ONLY_IF_IM_NOT_ALLOWED"",""stopOldSpec_P_NOT_CRASH""]","[{""initiating"":[""brake"",""checkCrossingStatus"",""emergencyBrake"",""idle_c"",""requestEnter""],""kind"":""event_predicate"",""name"":""{brake, checkCrossingStatus, emergencyBrake, idle_c, requestEnter}"",""reasons"":[""not_a_declared_fluent"",""non_update_initiating_label"",""non_update_terminating_label""],""terminating"":[""*""]}]",True,"{""computed_boundary"":0,""error"":"""",""initializer_mode"":""constant_after_hotSwapIn"",""monitor_initial"":0,""saved_boundary"":0}","The E-prime sufficient condition is not established. Event predicates or plant-fluent values can depend on pre-entry ordinary history; their valuation-parameterized reference languages remain unavailable. This is unverified, not a language counterexample; boundary diagnostics are reported separately."
railcab,r1,R1_OTF_P_EBRAKE_DURING_ELASTBRAKE,upd,3,2,2,"AfterStopBeforeStart_P_EBRAKE_DURING_ELASTBRAKE;{brake, checkCrossingStatus, emergencyBrake, idle_c, requestEnter}",constant_after_hotSwapIn,0,compiled actual monitor plus independent free-product BFS including absorbing ERROR,railcab.json,False,False,False,7,203,4,3,NOT_USED_FOR_UPD,"{""fluent_values"":[true,false],""histories"":[[""stopOldSpec_P_BRAKE_DURING_LASTBRAKE""],[""stopOldSpec_P_BRAKE_DURING_LASTBRAKE"",""brake"",""approachingCrossing""]],""monitor_states"":[1,-1]}","{""constant_initializer"":0,""history"":[""stopOldSpec_P_BRAKE_DURING_LASTBRAKE"",""hotSwapIn""],""history_monitor_state"":1}",RS_UNTESTED,Free-product sufficient condition failed; this is not a plant-reachable RS counterexample.,NOT_APPLICABLE,NOT_APPLICABLE,,,,,,,,,,,,,,UNVERIFIED_ENTRY_VALUATION_LANGUAGE,False,NOT_APPLICABLE,False,NOT_APPLICABLE,NOT_APPLICABLE,"All one-shot free pre-entry observer valuations enumerated. Observer synchronization and compiled-reset consistency are diagnostics; saved DFA does not expose a valuation-parameterized semantic initializer, so E exactness is unverified.","[{""pre_entry_history"":[""stopOldSpec_P_BRAKE_DURING_LASTBRAKE""],""entry_values"":[true,false],""post_entry_values"":[true,false],""canonical_post_entry_values"":[false,false],""kind"":""observer_difference_not_language_counterexample""}]",4,408,False,True,True,"[{""pre_entry_history"":[""stopOldSpec_P_BRAKE_DURING_LASTBRAKE""],""entry_values"":[true,false],""post_entry_values"":[true,false],""canonical_post_entry_values"":[false,false],""kind"":""observer_difference_not_language_counterexample""}]",False,null,"All one-shot free pre-entry observer valuations enumerated. Observer synchronization and compiled-reset consistency are diagnostics; saved DFA does not expose a valuation-parameterized semantic initializer, so E exactness is unverified.",False,UNVERIFIED_OUTSIDE_E_PRIME_SUFFICIENT_CONDITION,False,"[""*"",""brake"",""checkCrossingStatus"",""emergencyBrake"",""idle_c"",""requestEnter"",""startNewSpec_P_EBRAKE_DURING_ELASTBRAKE"",""stopOldSpec_P_BRAKE_DURING_LASTBRAKE"",""stopOldSpec_P_BRAKE_ONLY_IF_IM_NOT_ALLOWED"",""stopOldSpec_P_EBRAKE_DURING_ELASTBRAKE"",""stopOldSpec_P_EBRAKE_ONLY_IF_IM_NOT_ALLOWED"",""stopOldSpec_P_NOT_CRASH""]","[{""initiating"":[""brake"",""checkCrossingStatus"",""emergencyBrake"",""idle_c"",""requestEnter""],""kind"":""event_predicate"",""name"":""{brake, checkCrossingStatus, emergencyBrake, idle_c, requestEnter}"",""reasons"":[""not_a_declared_fluent"",""non_update_initiating_label"",""non_update_terminating_label""],""terminating"":[""*""]}]",True,"{""computed_boundary"":0,""error"":"""",""initializer_mode"":""constant_after_hotSwapIn"",""monitor_initial"":0,""saved_boundary"":0}","The E-prime sufficient condition is not established. Event predicates or plant-fluent values can depend on pre-entry ordinary history; their valuation-parameterized reference languages remain unavailable. This is unverified, not a language counterexample; boundary diagnostics are reported separately."
railcab,r1,R1_OTF_P_NEW_NOT_CRASH,upd,3,2,2,"AfterStopBeforeStart_P_NEW_NOT_CRASH;{brake, checkCrossingStatus, emergencyBrake, idle_c, requestEnter}",constant_after_hotSwapIn,0,compiled actual monitor plus independent free-product BFS including absorbing ERROR,railcab.json,False,False,False,7,203,4,3,NOT_USED_FOR_UPD,"{""fluent_values"":[true,false],""histories"":[[""stopOldSpec_P_BRAKE_DURING_LASTBRAKE""],[""stopOldSpec_P_BRAKE_DURING_LASTBRAKE"",""brake"",""approachingCrossing""]],""monitor_states"":[1,-1]}","{""constant_initializer"":0,""history"":[""stopOldSpec_P_BRAKE_DURING_LASTBRAKE"",""hotSwapIn""],""history_monitor_state"":1}",RS_UNTESTED,Free-product sufficient condition failed; this is not a plant-reachable RS counterexample.,NOT_APPLICABLE,NOT_APPLICABLE,,,,,,,,,,,,,,UNVERIFIED_ENTRY_VALUATION_LANGUAGE,False,NOT_APPLICABLE,False,NOT_APPLICABLE,NOT_APPLICABLE,"All one-shot free pre-entry observer valuations enumerated. Observer synchronization and compiled-reset consistency are diagnostics; saved DFA does not expose a valuation-parameterized semantic initializer, so E exactness is unverified.","[{""pre_entry_history"":[""stopOldSpec_P_BRAKE_DURING_LASTBRAKE""],""entry_values"":[true,false],""post_entry_values"":[true,false],""canonical_post_entry_values"":[false,false],""kind"":""observer_difference_not_language_counterexample""}]",4,408,False,True,True,"[{""pre_entry_history"":[""stopOldSpec_P_BRAKE_DURING_LASTBRAKE""],""entry_values"":[true,false],""post_entry_values"":[true,false],""canonical_post_entry_values"":[false,false],""kind"":""observer_difference_not_language_counterexample""}]",False,null,"All one-shot free pre-entry observer valuations enumerated. Observer synchronization and compiled-reset consistency are diagnostics; saved DFA does not expose a valuation-parameterized semantic initializer, so E exactness is unverified.",False,UNVERIFIED_OUTSIDE_E_PRIME_SUFFICIENT_CONDITION,False,"[""*"",""brake"",""checkCrossingStatus"",""emergencyBrake"",""idle_c"",""requestEnter"",""startNewSpec_P_NEW_NOT_CRASH"",""stopOldSpec_P_BRAKE_DURING_LASTBRAKE"",""stopOldSpec_P_BRAKE_ONLY_IF_IM_NOT_ALLOWED"",""stopOldSpec_P_EBRAKE_DURING_ELASTBRAKE"",""stopOldSpec_P_EBRAKE_ONLY_IF_IM_NOT_ALLOWED"",""stopOldSpec_P_NOT_CRASH""]","[{""initiating"":[""brake"",""checkCrossingStatus"",""emergencyBrake"",""idle_c"",""requestEnter""],""kind"":""event_predicate"",""name"":""{brake, checkCrossingStatus, emergencyBrake, idle_c, requestEnter}"",""reasons"":[""not_a_declared_fluent"",""non_update_initiating_label"",""non_update_terminating_label""],""terminating"":[""*""]}]",True,"{""computed_boundary"":0,""error"":"""",""initializer_mode"":""constant_after_hotSwapIn"",""monitor_initial"":0,""saved_boundary"":0}","The E-prime sufficient condition is not established. Event predicates or plant-fluent values can depend on pre-entry ordinary history; their valuation-parameterized reference languages remain unavailable. This is unverified, not a language counterexample; boundary diagnostics are reported separately."
railcab,r1,R1_OTF_P_CHECK_STATUS_BEFORE_LAST_EMERGENCY_BRAKE,upd,3,2,2,"AfterStopBeforeStart_P_CHECK_STATUS_BEFORE_LAST_EMERGENCY_BRAKE;{brake, checkCrossingStatus, emergencyBrake, idle_c, requestEnter}",constant_after_hotSwapIn,0,compiled actual monitor plus independent free-product BFS including absorbing ERROR,railcab.json,False,False,False,7,203,4,3,NOT_USED_FOR_UPD,"{""fluent_values"":[true,false],""histories"":[[""stopOldSpec_P_BRAKE_DURING_LASTBRAKE""],[""stopOldSpec_P_BRAKE_DURING_LASTBRAKE"",""brake"",""approachingCrossing""]],""monitor_states"":[1,-1]}","{""constant_initializer"":0,""history"":[""stopOldSpec_P_BRAKE_DURING_LASTBRAKE"",""hotSwapIn""],""history_monitor_state"":1}",RS_UNTESTED,Free-product sufficient condition failed; this is not a plant-reachable RS counterexample.,NOT_APPLICABLE,NOT_APPLICABLE,,,,,,,,,,,,,,UNVERIFIED_ENTRY_VALUATION_LANGUAGE,False,NOT_APPLICABLE,False,NOT_APPLICABLE,NOT_APPLICABLE,"All one-shot free pre-entry observer valuations enumerated. Observer synchronization and compiled-reset consistency are diagnostics; saved DFA does not expose a valuation-parameterized semantic initializer, so E exactness is unverified.","[{""pre_entry_history"":[""stopOldSpec_P_BRAKE_DURING_LASTBRAKE""],""entry_values"":[true,false],""post_entry_values"":[true,false],""canonical_post_entry_values"":[false,false],""kind"":""observer_difference_not_language_counterexample""}]",4,408,False,True,True,"[{""pre_entry_history"":[""stopOldSpec_P_BRAKE_DURING_LASTBRAKE""],""entry_values"":[true,false],""post_entry_values"":[true,false],""canonical_post_entry_values"":[false,false],""kind"":""observer_difference_not_language_counterexample""}]",False,null,"All one-shot free pre-entry observer valuations enumerated. Observer synchronization and compiled-reset consistency are diagnostics; saved DFA does not expose a valuation-parameterized semantic initializer, so E exactness is unverified.",False,UNVERIFIED_OUTSIDE_E_PRIME_SUFFICIENT_CONDITION,False,"[""*"",""brake"",""checkCrossingStatus"",""emergencyBrake"",""idle_c"",""requestEnter"",""startNewSpec_P_CHECK_STATUS_BEFORE_LAST_EMERGENCY_BRAKE"",""stopOldSpec_P_BRAKE_DURING_LASTBRAKE"",""stopOldSpec_P_BRAKE_ONLY_IF_IM_NOT_ALLOWED"",""stopOldSpec_P_EBRAKE_DURING_ELASTBRAKE"",""stopOldSpec_P_EBRAKE_ONLY_IF_IM_NOT_ALLOWED"",""stopOldSpec_P_NOT_CRASH""]","[{""initiating"":[""brake"",""checkCrossingStatus"",""emergencyBrake"",""idle_c"",""requestEnter""],""kind"":""event_predicate"",""name"":""{brake, checkCrossingStatus, emergencyBrake, idle_c, requestEnter}"",""reasons"":[""not_a_declared_fluent"",""non_update_initiating_label"",""non_update_terminating_label""],""terminating"":[""*""]}]",True,"{""computed_boundary"":0,""error"":"""",""initializer_mode"":""constant_after_hotSwapIn"",""monitor_initial"":0,""saved_boundary"":0}","The E-prime sufficient condition is not established. Event predicates or plant-fluent values can depend on pre-entry ordinary history; their valuation-parameterized reference languages remain unavailable. This is unverified, not a language counterexample; boundary diagnostics are reported separately."
railcab,r1,R1_OTF_P_BRAKE_IF_SOMETHING_BAD,upd,3,2,2,"AfterStopBeforeStart_P_BRAKE_IF_SOMETHING_BAD;{brake, checkCrossingStatus, emergencyBrake, idle_c, requestEnter}",constant_after_hotSwapIn,0,compiled actual monitor plus independent free-product BFS including absorbing ERROR,railcab.json,False,False,False,7,203,4,3,NOT_USED_FOR_UPD,"{""fluent_values"":[true,false],""histories"":[[""stopOldSpec_P_BRAKE_DURING_LASTBRAKE""],[""stopOldSpec_P_BRAKE_DURING_LASTBRAKE"",""brake"",""approachingCrossing""]],""monitor_states"":[1,-1]}","{""constant_initializer"":0,""history"":[""stopOldSpec_P_BRAKE_DURING_LASTBRAKE"",""hotSwapIn""],""history_monitor_state"":1}",RS_UNTESTED,Free-product sufficient condition failed; this is not a plant-reachable RS counterexample.,NOT_APPLICABLE,NOT_APPLICABLE,,,,,,,,,,,,,,UNVERIFIED_ENTRY_VALUATION_LANGUAGE,False,NOT_APPLICABLE,False,NOT_APPLICABLE,NOT_APPLICABLE,"All one-shot free pre-entry observer valuations enumerated. Observer synchronization and compiled-reset consistency are diagnostics; saved DFA does not expose a valuation-parameterized semantic initializer, so E exactness is unverified.","[{""pre_entry_history"":[""stopOldSpec_P_BRAKE_DURING_LASTBRAKE""],""entry_values"":[true,false],""post_entry_values"":[true,false],""canonical_post_entry_values"":[false,false],""kind"":""observer_difference_not_language_counterexample""}]",4,408,False,True,True,"[{""pre_entry_history"":[""stopOldSpec_P_BRAKE_DURING_LASTBRAKE""],""entry_values"":[true,false],""post_entry_values"":[true,false],""canonical_post_entry_values"":[false,false],""kind"":""observer_difference_not_language_counterexample""}]",False,null,"All one-shot free pre-entry observer valuations enumerated. Observer synchronization and compiled-reset consistency are diagnostics; saved DFA does not expose a valuation-parameterized semantic initializer, so E exactness is unverified.",False,UNVERIFIED_OUTSIDE_E_PRIME_SUFFICIENT_CONDITION,False,"[""*"",""brake"",""checkCrossingStatus"",""emergencyBrake"",""idle_c"",""requestEnter"",""startNewSpec_P_BRAKE_IF_SOMETHING_BAD"",""stopOldSpec_P_BRAKE_DURING_LASTBRAKE"",""stopOldSpec_P_BRAKE_ONLY_IF_IM_NOT_ALLOWED"",""stopOldSpec_P_EBRAKE_DURING_ELASTBRAKE"",""stopOldSpec_P_EBRAKE_ONLY_IF_IM_NOT_ALLOWED"",""stopOldSpec_P_NOT_CRASH""]","[{""initiating"":[""brake"",""checkCrossingStatus"",""emergencyBrake"",""idle_c"",""requestEnter""],""kind"":""event_predicate"",""name"":""{brake, checkCrossingStatus, emergencyBrake, idle_c, requestEnter}"",""reasons"":[""not_a_declared_fluent"",""non_update_initiating_label"",""non_update_terminating_label""],""terminating"":[""*""]}]",True,"{""computed_boundary"":0,""error"":"""",""initializer_mode"":""constant_after_hotSwapIn"",""monitor_initial"":0,""saved_boundary"":0}","The E-prime sufficient condition is not established. Event predicates or plant-fluent values can depend on pre-entry ordinary history; their valuation-parameterized reference languages remain unavailable. This is unverified, not a language counterexample; boundary diagnostics are reported separately."
railcab,r1,R1_OTF_P_EBRAKE_IF_SOMETHING_BAD,upd,3,2,2,"AfterStopBeforeStart_P_EBRAKE_IF_SOMETHING_BAD;{brake, checkCrossingStatus, emergencyBrake, idle_c, requestEnter}",constant_after_hotSwapIn,0,compiled actual monitor plus independent free-product BFS including absorbing ERROR,railcab.json,False,False,False,7,203,4,3,NOT_USED_FOR_UPD,"{""fluent_values"":[true,false],""histories"":[[""stopOldSpec_P_BRAKE_DURING_LASTBRAKE""],[""stopOldSpec_P_BRAKE_DURING_LASTBRAKE"",""brake"",""approachingCrossing""]],""monitor_states"":[1,-1]}","{""constant_initializer"":0,""history"":[""stopOldSpec_P_BRAKE_DURING_LASTBRAKE"",""hotSwapIn""],""history_monitor_state"":1}",RS_UNTESTED,Free-product sufficient condition failed; this is not a plant-reachable RS counterexample.,NOT_APPLICABLE,NOT_APPLICABLE,,,,,,,,,,,,,,UNVERIFIED_ENTRY_VALUATION_LANGUAGE,False,NOT_APPLICABLE,False,NOT_APPLICABLE,NOT_APPLICABLE,"All one-shot free pre-entry observer valuations enumerated. Observer synchronization and compiled-reset consistency are diagnostics; saved DFA does not expose a valuation-parameterized semantic initializer, so E exactness is unverified.","[{""pre_entry_history"":[""stopOldSpec_P_BRAKE_DURING_LASTBRAKE""],""entry_values"":[true,false],""post_entry_values"":[true,false],""canonical_post_entry_values"":[false,false],""kind"":""observer_difference_not_language_counterexample""}]",4,408,False,True,True,"[{""pre_entry_history"":[""stopOldSpec_P_BRAKE_DURING_LASTBRAKE""],""entry_values"":[true,false],""post_entry_values"":[true,false],""canonical_post_entry_values"":[false,false],""kind"":""observer_difference_not_language_counterexample""}]",False,null,"All one-shot free pre-entry observer valuations enumerated. Observer synchronization and compiled-reset consistency are diagnostics; saved DFA does not expose a valuation-parameterized semantic initializer, so E exactness is unverified.",False,UNVERIFIED_OUTSIDE_E_PRIME_SUFFICIENT_CONDITION,False,"[""*"",""brake"",""checkCrossingStatus"",""emergencyBrake"",""idle_c"",""requestEnter"",""startNewSpec_P_EBRAKE_IF_SOMETHING_BAD"",""stopOldSpec_P_BRAKE_DURING_LASTBRAKE"",""stopOldSpec_P_BRAKE_ONLY_IF_IM_NOT_ALLOWED"",""stopOldSpec_P_EBRAKE_DURING_ELASTBRAKE"",""stopOldSpec_P_EBRAKE_ONLY_IF_IM_NOT_ALLOWED"",""stopOldSpec_P_NOT_CRASH""]","[{""initiating"":[""brake"",""checkCrossingStatus"",""emergencyBrake"",""idle_c"",""requestEnter""],""kind"":""event_predicate"",""name"":""{brake, checkCrossingStatus, emergencyBrake, idle_c, requestEnter}"",""reasons"":[""not_a_declared_fluent"",""non_update_initiating_label"",""non_update_terminating_label""],""terminating"":[""*""]}]",True,"{""computed_boundary"":0,""error"":"""",""initializer_mode"":""constant_after_hotSwapIn"",""monitor_initial"":0,""saved_boundary"":0}","The E-prime sufficient condition is not established. Event predicates or plant-fluent values can depend on pre-entry ordinary history; their valuation-parameterized reference languages remain unavailable. This is unverified, not a language counterexample; boundary diagnostics are reported separately."
railcab,r1,R1_OTF_P_CHECK_STATUS_AFTER_APPROACHING_CROSSING,upd,3,2,2,"AfterStopBeforeStart_P_CHECK_STATUS_AFTER_APPROACHING_CROSSING;{brake, checkCrossingStatus, emergencyBrake, idle_c, requestEnter}",constant_after_hotSwapIn,0,compiled actual monitor plus independent free-product BFS including absorbing ERROR,railcab.json,False,False,False,7,203,4,3,NOT_USED_FOR_UPD,"{""fluent_values"":[true,false],""histories"":[[""stopOldSpec_P_BRAKE_DURING_LASTBRAKE""],[""stopOldSpec_P_BRAKE_DURING_LASTBRAKE"",""brake"",""approachingCrossing""]],""monitor_states"":[1,-1]}","{""constant_initializer"":0,""history"":[""stopOldSpec_P_BRAKE_DURING_LASTBRAKE"",""hotSwapIn""],""history_monitor_state"":1}",RS_UNTESTED,Free-product sufficient condition failed; this is not a plant-reachable RS counterexample.,NOT_APPLICABLE,NOT_APPLICABLE,,,,,,,,,,,,,,UNVERIFIED_ENTRY_VALUATION_LANGUAGE,False,NOT_APPLICABLE,False,NOT_APPLICABLE,NOT_APPLICABLE,"All one-shot free pre-entry observer valuations enumerated. Observer synchronization and compiled-reset consistency are diagnostics; saved DFA does not expose a valuation-parameterized semantic initializer, so E exactness is unverified.","[{""pre_entry_history"":[""stopOldSpec_P_BRAKE_DURING_LASTBRAKE""],""entry_values"":[true,false],""post_entry_values"":[true,false],""canonical_post_entry_values"":[false,false],""kind"":""observer_difference_not_language_counterexample""}]",4,408,False,True,True,"[{""pre_entry_history"":[""stopOldSpec_P_BRAKE_DURING_LASTBRAKE""],""entry_values"":[true,false],""post_entry_values"":[true,false],""canonical_post_entry_values"":[false,false],""kind"":""observer_difference_not_language_counterexample""}]",False,null,"All one-shot free pre-entry observer valuations enumerated. Observer synchronization and compiled-reset consistency are diagnostics; saved DFA does not expose a valuation-parameterized semantic initializer, so E exactness is unverified.",False,UNVERIFIED_OUTSIDE_E_PRIME_SUFFICIENT_CONDITION,False,"[""*"",""brake"",""checkCrossingStatus"",""emergencyBrake"",""idle_c"",""requestEnter"",""startNewSpec_P_CHECK_STATUS_AFTER_APPROACHING_CROSSING"",""stopOldSpec_P_BRAKE_DURING_LASTBRAKE"",""stopOldSpec_P_BRAKE_ONLY_IF_IM_NOT_ALLOWED"",""stopOldSpec_P_EBRAKE_DURING_ELASTBRAKE"",""stopOldSpec_P_EBRAKE_ONLY_IF_IM_NOT_ALLOWED"",""stopOldSpec_P_NOT_CRASH""]","[{""initiating"":[""brake"",""checkCrossingStatus"",""emergencyBrake"",""idle_c"",""requestEnter""],""kind"":""event_predicate"",""name"":""{brake, checkCrossingStatus, emergencyBrake, idle_c, requestEnter}"",""reasons"":[""not_a_declared_fluent"",""non_update_initiating_label"",""non_update_terminating_label""],""terminating"":[""*""]}]",True,"{""computed_boundary"":0,""error"":"""",""initializer_mode"":""constant_after_hotSwapIn"",""monitor_initial"":0,""saved_boundary"":0}","The E-prime sufficient condition is not established. Event predicates or plant-fluent values can depend on pre-entry ordinary history; their valuation-parameterized reference languages remain unavailable. This is unverified, not a language counterexample; boundary diagnostics are reported separately."
railcab,r2,P_BRAKE_DURING_LASTBRAKE,new,3,2,2,brake;LastEmergencyBrake,fluent_lookup_nonerror_entries,0,compiled actual monitor plus independent free-product BFS including absorbing ERROR,railcab.json,False,False,False,7,203,4,3,True,"{""fluent_values"":[false,true],""histories"":[[""lastEmergencyBrake""],[""lastEmergencyBrake"",""brake"",""approachingCrossing""]],""monitor_states"":[1,-1]}","{""constant_initializer"":0,""history"":[""lastEmergencyBrake"",""hotSwapIn""],""history_monitor_state"":1}",RS_UNTESTED,Free-product sufficient condition failed; this is not a plant-reachable RS counterexample.,EXACT_ON_NONEMPTY_SAFE_ACTIVATION_DOMAIN,True,True,True,True,57,3,1,3,1,"[{""values"":[false,false],""state"":0},{""values"":[false,true],""state"":1},{""values"":[true,false],""state"":0}]",[],NOT_CHECKED_WITHOUT_PLANT,source-rule reconstruction; runtime lookup table not exported,"Sufficient only on actual non-error activation entries with nonempty safe-history set; empty safe-history intersections are universal, so inclusion alone is automatic. Full continuation-language equivalence is stronger than one-shot equivalence.",NOT_APPLICABLE,NOT_APPLICABLE,True,NOT_APPLICABLE,[],"Sufficient only on actual non-error activation entries with nonempty safe-history set; empty safe-history intersections are universal, so inclusion alone is automatic. Full continuation-language equivalence is stronger than one-shot equivalence.",NOT_APPLICABLE,NOT_APPLICABLE,,,,,,,,,,NOT_APPLICABLE,NOT_APPLICABLE,NOT_APPLICABLE,NOT_APPLICABLE,NOT_APPLICABLE,NOT_APPLICABLE,NOT_APPLICABLE,NOT_APPLICABLE
railcab,r2,P_EBRAKE_DURING_ELASTBRAKE,new,3,2,2,emergencyBrake;NoReturn,fluent_lookup_nonerror_entries,0,compiled actual monitor plus independent free-product BFS including absorbing ERROR,railcab.json,False,False,False,7,203,4,3,True,"{""fluent_values"":[false,true],""histories"":[[""noReturn""],[""noReturn"",""emergencyBrake"",""approachingCrossing""]],""monitor_states"":[1,-1]}","{""constant_initializer"":0,""history"":[""noReturn"",""hotSwapIn""],""history_monitor_state"":1}",RS_UNTESTED,Free-product sufficient condition failed; this is not a plant-reachable RS counterexample.,EXACT_ON_NONEMPTY_SAFE_ACTIVATION_DOMAIN,True,True,True,True,57,3,1,3,1,"[{""values"":[false,false],""state"":0},{""values"":[false,true],""state"":1},{""values"":[true,false],""state"":0}]",[],NOT_CHECKED_WITHOUT_PLANT,source-rule reconstruction; runtime lookup table not exported,"Sufficient only on actual non-error activation entries with nonempty safe-history set; empty safe-history intersections are universal, so inclusion alone is automatic. Full continuation-language equivalence is stronger than one-shot equivalence.",NOT_APPLICABLE,NOT_APPLICABLE,True,NOT_APPLICABLE,[],"Sufficient only on actual non-error activation entries with nonempty safe-history set; empty safe-history intersections are universal, so inclusion alone is automatic. Full continuation-language equivalence is stronger than one-shot equivalence.",NOT_APPLICABLE,NOT_APPLICABLE,,,,,,,,,,NOT_APPLICABLE,NOT_APPLICABLE,NOT_APPLICABLE,NOT_APPLICABLE,NOT_APPLICABLE,NOT_APPLICABLE,NOT_APPLICABLE,NOT_APPLICABLE
railcab,r2,P_NEW_NOT_CRASH,new,7,6,5,CantEnter;NoReturn;RequestedOnce;AskedWorkingOnce;NotWorking,fluent_lookup_nonerror_entries,0,compiled actual monitor plus independent free-product BFS including absorbing ERROR,railcab.json,False,False,False,49,1421,32,17,True,"{""fluent_values"":[false,false,false,false,false],""histories"":[[],[""noReturn"",""endOfTS""]],""monitor_states"":[0,-1]}","{""constant_initializer"":0,""history"":[""checkCrossingStatus"",""hotSwapIn""],""history_monitor_state"":3}",RS_UNTESTED,Free-product sufficient condition failed; this is not a plant-reachable RS counterexample.,EXACT_ON_NONEMPTY_SAFE_ACTIVATION_DOMAIN,True,True,True,True,17,17,15,17,15,"[{""values"":[false,false,false,false,false],""state"":0},{""values"":[false,false,false,false,true],""state"":1},{""values"":[false,false,false,true,false],""state"":3},{""values"":[false,false,false,true,true],""state"":1},{""values"":[false,false,true,false,false],""state"":2},{""values"":[false,false,true,false,true],""state"":1},{""values"":[false,false,true,true,false],""state"":4},{""values"":[false,false,true,true,true],""state"":1},{""values"":[false,true,true,true,false],""state"":5},{""values"":[true,false,false,false,false],""state"":1},{""values"":[true,false,false,false,true],""state"":1},{""values"":[true,false,false,true,false],""state"":1},{""values"":[true,false,false,true,true],""state"":1},{""values"":[true,false,true,false,false],""state"":1},{""values"":[true,false,true,false,true],""state"":1},{""values"":[true,false,true,true,false],""state"":1},{""values"":[true,false,true,true,true],""state"":1}]",[],NOT_CHECKED_WITHOUT_PLANT,source-rule reconstruction; runtime lookup table not exported,"Sufficient only on actual non-error activation entries with nonempty safe-history set; empty safe-history intersections are universal, so inclusion alone is automatic. Full continuation-language equivalence is stronger than one-shot equivalence.",NOT_APPLICABLE,NOT_APPLICABLE,True,NOT_APPLICABLE,[],"Sufficient only on actual non-error activation entries with nonempty safe-history set; empty safe-history intersections are universal, so inclusion alone is automatic. Full continuation-language equivalence is stronger than one-shot equivalence.",NOT_APPLICABLE,NOT_APPLICABLE,,,,,,,,,,NOT_APPLICABLE,NOT_APPLICABLE,NOT_APPLICABLE,NOT_APPLICABLE,NOT_APPLICABLE,NOT_APPLICABLE,NOT_APPLICABLE,NOT_APPLICABLE
railcab,r2,P_CHECK_STATUS_BEFORE_LAST_EMERGENCY_BRAKE,new,3,2,2,LastEmergencyBrake;checkCrossingStatus,fluent_lookup_nonerror_entries,0,compiled actual monitor plus independent free-product BFS including absorbing ERROR,railcab.json,False,False,False,7,203,4,3,True,"{""fluent_values"":[true,false],""histories"":[[""lastEmergencyBrake""],[""lastEmergencyBrake"",""checkCrossingStatus"",""approachingCrossing""]],""monitor_states"":[1,-1]}","{""constant_initializer"":0,""history"":[""lastEmergencyBrake"",""hotSwapIn""],""history_monitor_state"":1}",RS_UNTESTED,Free-product sufficient condition failed; this is not a plant-reachable RS counterexample.,EXACT_ON_NONEMPTY_SAFE_ACTIVATION_DOMAIN,True,True,True,True,57,3,1,3,1,"[{""values"":[false,false],""state"":0},{""values"":[false,true],""state"":0},{""values"":[true,false],""state"":1}]",[],NOT_CHECKED_WITHOUT_PLANT,source-rule reconstruction; runtime lookup table not exported,"Sufficient only on actual non-error activation entries with nonempty safe-history set; empty safe-history intersections are universal, so inclusion alone is automatic. Full continuation-language equivalence is stronger than one-shot equivalence.",NOT_APPLICABLE,NOT_APPLICABLE,True,NOT_APPLICABLE,[],"Sufficient only on actual non-error activation entries with nonempty safe-history set; empty safe-history intersections are universal, so inclusion alone is automatic. Full continuation-language equivalence is stronger than one-shot equivalence.",NOT_APPLICABLE,NOT_APPLICABLE,,,,,,,,,,NOT_APPLICABLE,NOT_APPLICABLE,NOT_APPLICABLE,NOT_APPLICABLE,NOT_APPLICABLE,NOT_APPLICABLE,NOT_APPLICABLE,NOT_APPLICABLE
railcab,r2,P_BRAKE_IF_SOMETHING_BAD,new,3,2,3,brake;CantEnter;NotWorking,fluent_lookup_nonerror_entries,0,compiled actual monitor plus independent free-product BFS including absorbing ERROR,railcab.json,False,False,False,15,435,8,7,True,"{""fluent_values"":[false,false,false],""histories"":[[],[""brake"",""approachingCrossing""]],""monitor_states"":[0,-1]}","{""constant_initializer"":0,""history"":[""brake"",""hotSwapIn""],""history_monitor_state"":-1}",RS_UNTESTED,Free-product sufficient condition failed; this is not a plant-reachable RS counterexample.,EXACT_ON_NONEMPTY_SAFE_ACTIVATION_DOMAIN,True,True,True,True,133,7,1,7,1,"[{""values"":[false,false,false],""state"":0},{""values"":[false,false,true],""state"":1},{""values"":[false,true,false],""state"":1},{""values"":[false,true,true],""state"":1},{""values"":[true,false,true],""state"":1},{""values"":[true,true,false],""state"":1},{""values"":[true,true,true],""state"":1}]",[],NOT_CHECKED_WITHOUT_PLANT,source-rule reconstruction; runtime lookup table not exported,"Sufficient only on actual non-error activation entries with nonempty safe-history set; empty safe-history intersections are universal, so inclusion alone is automatic. Full continuation-language equivalence is stronger than one-shot equivalence.",NOT_APPLICABLE,NOT_APPLICABLE,True,NOT_APPLICABLE,[],"Sufficient only on actual non-error activation entries with nonempty safe-history set; empty safe-history intersections are universal, so inclusion alone is automatic. Full continuation-language equivalence is stronger than one-shot equivalence.",NOT_APPLICABLE,NOT_APPLICABLE,,,,,,,,,,NOT_APPLICABLE,NOT_APPLICABLE,NOT_APPLICABLE,NOT_APPLICABLE,NOT_APPLICABLE,NOT_APPLICABLE,NOT_APPLICABLE,NOT_APPLICABLE
railcab,r2,P_EBRAKE_IF_SOMETHING_BAD,new,3,2,3,emergencyBrake;CantEnter;NotWorking,fluent_lookup_nonerror_entries,0,compiled actual monitor plus independent free-product BFS including absorbing ERROR,railcab.json,False,False,False,15,435,8,7,True,"{""fluent_values"":[false,false,false],""histories"":[[],[""emergencyBrake"",""approachingCrossing""]],""monitor_states"":[0,-1]}","{""constant_initializer"":0,""history"":[""emergencyBrake"",""hotSwapIn""],""history_monitor_state"":-1}",RS_UNTESTED,Free-product sufficient condition failed; this is not a plant-reachable RS counterexample.,EXACT_ON_NONEMPTY_SAFE_ACTIVATION_DOMAIN,True,True,True,True,133,7,1,7,1,"[{""values"":[false,false,false],""state"":0},{""values"":[false,false,true],""state"":1},{""values"":[false,true,false],""state"":1},{""values"":[false,true,true],""state"":1},{""values"":[true,false,true],""state"":1},{""values"":[true,true,false],""state"":1},{""values"":[true,true,true],""state"":1}]",[],NOT_CHECKED_WITHOUT_PLANT,source-rule reconstruction; runtime lookup table not exported,"Sufficient only on actual non-error activation entries with nonempty safe-history set; empty safe-history intersections are universal, so inclusion alone is automatic. Full continuation-language equivalence is stronger than one-shot equivalence.",NOT_APPLICABLE,NOT_APPLICABLE,True,NOT_APPLICABLE,[],"Sufficient only on actual non-error activation entries with nonempty safe-history set; empty safe-history intersections are universal, so inclusion alone is automatic. Full continuation-language equivalence is stronger than one-shot equivalence.",NOT_APPLICABLE,NOT_APPLICABLE,,,,,,,,,,NOT_APPLICABLE,NOT_APPLICABLE,NOT_APPLICABLE,NOT_APPLICABLE,NOT_APPLICABLE,NOT_APPLICABLE,NOT_APPLICABLE,NOT_APPLICABLE
railcab,r2,P_CHECK_STATUS_AFTER_APPROACHING_CROSSING,new,4,3,3,checkCrossingStatus;ApproachingCrossingHappen;LastEmergencyBrake,fluent_lookup_nonerror_entries,0,compiled actual monitor plus independent free-product BFS including absorbing ERROR,railcab.json,False,False,False,13,377,8,5,True,"{""fluent_values"":[false,true,false],""histories"":[[""approachingCrossing""],[""checkCrossingStatus"",""approachingCrossing""]],""monitor_states"":[1,-1]}","{""constant_initializer"":0,""history"":[""approachingCrossing"",""hotSwapIn""],""history_monitor_state"":1}",RS_UNTESTED,Free-product sufficient condition failed; this is not a plant-reachable RS counterexample.,EXACT_ON_NONEMPTY_SAFE_ACTIVATION_DOMAIN,True,True,True,True,95,5,3,5,3,"[{""values"":[false,false,false],""state"":0},{""values"":[false,false,true],""state"":2},{""values"":[false,true,false],""state"":1},{""values"":[false,true,true],""state"":2},{""values"":[true,true,false],""state"":1}]",[],NOT_CHECKED_WITHOUT_PLANT,source-rule reconstruction; runtime lookup table not exported,"Sufficient only on actual non-error activation entries with nonempty safe-history set; empty safe-history intersections are universal, so inclusion alone is automatic. Full continuation-language equivalence is stronger than one-shot equivalence.",NOT_APPLICABLE,NOT_APPLICABLE,True,NOT_APPLICABLE,[],"Sufficient only on actual non-error activation entries with nonempty safe-history set; empty safe-history intersections are universal, so inclusion alone is automatic. Full continuation-language equivalence is stronger than one-shot equivalence.",NOT_APPLICABLE,NOT_APPLICABLE,,,,,,,,,,NOT_APPLICABLE,NOT_APPLICABLE,NOT_APPLICABLE,NOT_APPLICABLE,NOT_APPLICABLE,NOT_APPLICABLE,NOT_APPLICABLE,NOT_APPLICABLE
railcab,r2,R2_StopOldSpec_P_BRAKE_DURING_LASTBRAKE,upd,3,2,4,Pending_StopOldSpec_P_BRAKE_DURING_LASTBRAKE;Pending_Reconfigure_MILESTONES;Pending_Reconfigure_REQUEST_ATOMIC;Pending_Reconfigure_TURNS,constant_after_hotSwapIn,1,compiled actual monitor plus independent free-product BFS including absorbing ERROR,railcab.json,False,False,False,25,725,16,9,NOT_USED_FOR_UPD,"{""fluent_values"":[true,true,true,true],""histories"":[[""hotSwapIn""],[""hotSwapIn"",""reconfigure_MILESTONES"",""hotSwapIn""]],""monitor_states"":[1,-1]}","{""constant_initializer"":1,""history"":[""hotSwapIn"",""reconfigure_MILESTONES"",""hotSwapIn""],""history_monitor_state"":-1}",RS_UNTESTED,Free-product sufficient condition failed; this is not a plant-reachable RS counterexample.,NOT_APPLICABLE,NOT_APPLICABLE,,,,,,,,,,,,,,UNVERIFIED_ENTRY_VALUATION_LANGUAGE,False,NOT_APPLICABLE,False,NOT_APPLICABLE,NOT_APPLICABLE,"All one-shot free pre-entry observer valuations enumerated. Observer synchronization and compiled-reset consistency are diagnostics; saved DFA does not expose a valuation-parameterized semantic initializer, so E exactness is unverified.","[{""kind"":""missing_reference_language"",""reason"":""Compiled-reset and observer synchronization do not provide a valuation-parameterized semantic initializer.""}]",1,16,True,True,True,[],False,null,"All one-shot free pre-entry observer valuations enumerated. Observer synchronization and compiled-reset consistency are diagnostics; saved DFA does not expose a valuation-parameterized semantic initializer, so E exactness is unverified.",True,LEMMA_E_PRIME,True,"[""hotSwapIn"",""reconfigure_MILESTONES"",""reconfigure_REQUEST_ATOMIC"",""reconfigure_TURNS"",""stopOldSpec_P_BRAKE_DURING_LASTBRAKE""]",[],True,"{""computed_boundary"":1,""error"":"""",""initializer_mode"":""constant_after_hotSwapIn"",""monitor_initial"":0,""saved_boundary"":1}","Lemma E-prime: every referenced observer is a declared fluent affected only by recognized update labels. No update label occurs before entry, so every entry has the declared initial valuation; the non-error constant initializer equals monitor state 0 after one hotSwapIn. Exact under the stated entry-scoped interpretation."
railcab,r2,R2_StopOldSpec_P_EBRAKE_DURING_ELASTBRAKE,upd,3,2,4,Pending_StopOldSpec_P_EBRAKE_DURING_ELASTBRAKE;Pending_Reconfigure_MILESTONES;Pending_Reconfigure_REQUEST_ATOMIC;Pending_Reconfigure_TURNS,constant_after_hotSwapIn,1,compiled actual monitor plus independent free-product BFS including absorbing ERROR,railcab.json,False,False,False,25,725,16,9,NOT_USED_FOR_UPD,"{""fluent_values"":[true,true,true,true],""histories"":[[""hotSwapIn""],[""hotSwapIn"",""reconfigure_MILESTONES"",""hotSwapIn""]],""monitor_states"":[1,-1]}","{""constant_initializer"":1,""history"":[""hotSwapIn"",""reconfigure_MILESTONES"",""hotSwapIn""],""history_monitor_state"":-1}",RS_UNTESTED,Free-product sufficient condition failed; this is not a plant-reachable RS counterexample.,NOT_APPLICABLE,NOT_APPLICABLE,,,,,,,,,,,,,,UNVERIFIED_ENTRY_VALUATION_LANGUAGE,False,NOT_APPLICABLE,False,NOT_APPLICABLE,NOT_APPLICABLE,"All one-shot free pre-entry observer valuations enumerated. Observer synchronization and compiled-reset consistency are diagnostics; saved DFA does not expose a valuation-parameterized semantic initializer, so E exactness is unverified.","[{""kind"":""missing_reference_language"",""reason"":""Compiled-reset and observer synchronization do not provide a valuation-parameterized semantic initializer.""}]",1,16,True,True,True,[],False,null,"All one-shot free pre-entry observer valuations enumerated. Observer synchronization and compiled-reset consistency are diagnostics; saved DFA does not expose a valuation-parameterized semantic initializer, so E exactness is unverified.",True,LEMMA_E_PRIME,True,"[""hotSwapIn"",""reconfigure_MILESTONES"",""reconfigure_REQUEST_ATOMIC"",""reconfigure_TURNS"",""stopOldSpec_P_EBRAKE_DURING_ELASTBRAKE""]",[],True,"{""computed_boundary"":1,""error"":"""",""initializer_mode"":""constant_after_hotSwapIn"",""monitor_initial"":0,""saved_boundary"":1}","Lemma E-prime: every referenced observer is a declared fluent affected only by recognized update labels. No update label occurs before entry, so every entry has the declared initial valuation; the non-error constant initializer equals monitor state 0 after one hotSwapIn. Exact under the stated entry-scoped interpretation."
railcab,r2,R2_StopOldSpec_P_BRAKE_ONLY_IF_IM_NOT_ALLOWED,upd,3,2,4,Pending_StopOldSpec_P_BRAKE_ONLY_IF_IM_NOT_ALLOWED;Pending_Reconfigure_MILESTONES;Pending_Reconfigure_REQUEST_ATOMIC;Pending_Reconfigure_TURNS,constant_after_hotSwapIn,1,compiled actual monitor plus independent free-product BFS including absorbing ERROR,railcab.json,False,False,False,25,725,16,9,NOT_USED_FOR_UPD,"{""fluent_values"":[true,true,true,true],""histories"":[[""hotSwapIn""],[""hotSwapIn"",""reconfigure_MILESTONES"",""hotSwapIn""]],""monitor_states"":[1,-1]}","{""constant_initializer"":1,""history"":[""hotSwapIn"",""reconfigure_MILESTONES"",""hotSwapIn""],""history_monitor_state"":-1}",RS_UNTESTED,Free-product sufficient condition failed; this is not a plant-reachable RS counterexample.,NOT_APPLICABLE,NOT_APPLICABLE,,,,,,,,,,,,,,UNVERIFIED_ENTRY_VALUATION_LANGUAGE,False,NOT_APPLICABLE,False,NOT_APPLICABLE,NOT_APPLICABLE,"All one-shot free pre-entry observer valuations enumerated. Observer synchronization and compiled-reset consistency are diagnostics; saved DFA does not expose a valuation-parameterized semantic initializer, so E exactness is unverified.","[{""kind"":""missing_reference_language"",""reason"":""Compiled-reset and observer synchronization do not provide a valuation-parameterized semantic initializer.""}]",1,16,True,True,True,[],False,null,"All one-shot free pre-entry observer valuations enumerated. Observer synchronization and compiled-reset consistency are diagnostics; saved DFA does not expose a valuation-parameterized semantic initializer, so E exactness is unverified.",True,LEMMA_E_PRIME,True,"[""hotSwapIn"",""reconfigure_MILESTONES"",""reconfigure_REQUEST_ATOMIC"",""reconfigure_TURNS"",""stopOldSpec_P_BRAKE_ONLY_IF_IM_NOT_ALLOWED""]",[],True,"{""computed_boundary"":1,""error"":"""",""initializer_mode"":""constant_after_hotSwapIn"",""monitor_initial"":0,""saved_boundary"":1}","Lemma E-prime: every referenced observer is a declared fluent affected only by recognized update labels. No update label occurs before entry, so every entry has the declared initial valuation; the non-error constant initializer equals monitor state 0 after one hotSwapIn. Exact under the stated entry-scoped interpretation."
railcab,r2,R2_StopOldSpec_P_NOT_CRASH,upd,3,2,4,Pending_StopOldSpec_P_NOT_CRASH;Pending_Reconfigure_MILESTONES;Pending_Reconfigure_REQUEST_ATOMIC;Pending_Reconfigure_TURNS,constant_after_hotSwapIn,1,compiled actual monitor plus independent free-product BFS including absorbing ERROR,railcab.json,False,False,False,25,725,16,9,NOT_USED_FOR_UPD,"{""fluent_values"":[true,true,true,true],""histories"":[[""hotSwapIn""],[""hotSwapIn"",""reconfigure_MILESTONES"",""hotSwapIn""]],""monitor_states"":[1,-1]}","{""constant_initializer"":1,""history"":[""hotSwapIn"",""reconfigure_MILESTONES"",""hotSwapIn""],""history_monitor_state"":-1}",RS_UNTESTED,Free-product sufficient condition failed; this is not a plant-reachable RS counterexample.,NOT_APPLICABLE,NOT_APPLICABLE,,,,,,,,,,,,,,UNVERIFIED_ENTRY_VALUATION_LANGUAGE,False,NOT_APPLICABLE,False,NOT_APPLICABLE,NOT_APPLICABLE,"All one-shot free pre-entry observer valuations enumerated. Observer synchronization and compiled-reset consistency are diagnostics; saved DFA does not expose a valuation-parameterized semantic initializer, so E exactness is unverified.","[{""kind"":""missing_reference_language"",""reason"":""Compiled-reset and observer synchronization do not provide a valuation-parameterized semantic initializer.""}]",1,16,True,True,True,[],False,null,"All one-shot free pre-entry observer valuations enumerated. Observer synchronization and compiled-reset consistency are diagnostics; saved DFA does not expose a valuation-parameterized semantic initializer, so E exactness is unverified.",True,LEMMA_E_PRIME,True,"[""hotSwapIn"",""reconfigure_MILESTONES"",""reconfigure_REQUEST_ATOMIC"",""reconfigure_TURNS"",""stopOldSpec_P_NOT_CRASH""]",[],True,"{""computed_boundary"":1,""error"":"""",""initializer_mode"":""constant_after_hotSwapIn"",""monitor_initial"":0,""saved_boundary"":1}","Lemma E-prime: every referenced observer is a declared fluent affected only by recognized update labels. No update label occurs before entry, so every entry has the declared initial valuation; the non-error constant initializer equals monitor state 0 after one hotSwapIn. Exact under the stated entry-scoped interpretation."
railcab,r2,R2_StopOldSpec_P_EBRAKE_ONLY_IF_IM_NOT_ALLOWED,upd,3,2,4,Pending_StopOldSpec_P_EBRAKE_ONLY_IF_IM_NOT_ALLOWED;Pending_Reconfigure_MILESTONES;Pending_Reconfigure_REQUEST_ATOMIC;Pending_Reconfigure_TURNS,constant_after_hotSwapIn,1,compiled actual monitor plus independent free-product BFS including absorbing ERROR,railcab.json,False,False,False,25,725,16,9,NOT_USED_FOR_UPD,"{""fluent_values"":[true,true,true,true],""histories"":[[""hotSwapIn""],[""hotSwapIn"",""reconfigure_MILESTONES"",""hotSwapIn""]],""monitor_states"":[1,-1]}","{""constant_initializer"":1,""history"":[""hotSwapIn"",""reconfigure_MILESTONES"",""hotSwapIn""],""history_monitor_state"":-1}",RS_UNTESTED,Free-product sufficient condition failed; this is not a plant-reachable RS counterexample.,NOT_APPLICABLE,NOT_APPLICABLE,,,,,,,,,,,,,,UNVERIFIED_ENTRY_VALUATION_LANGUAGE,False,NOT_APPLICABLE,False,NOT_APPLICABLE,NOT_APPLICABLE,"All one-shot free pre-entry observer valuations enumerated. Observer synchronization and compiled-reset consistency are diagnostics; saved DFA does not expose a valuation-parameterized semantic initializer, so E exactness is unverified.","[{""kind"":""missing_reference_language"",""reason"":""Compiled-reset and observer synchronization do not provide a valuation-parameterized semantic initializer.""}]",1,16,True,True,True,[],False,null,"All one-shot free pre-entry observer valuations enumerated. Observer synchronization and compiled-reset consistency are diagnostics; saved DFA does not expose a valuation-parameterized semantic initializer, so E exactness is unverified.",True,LEMMA_E_PRIME,True,"[""hotSwapIn"",""reconfigure_MILESTONES"",""reconfigure_REQUEST_ATOMIC"",""reconfigure_TURNS"",""stopOldSpec_P_EBRAKE_ONLY_IF_IM_NOT_ALLOWED""]",[],True,"{""computed_boundary"":1,""error"":"""",""initializer_mode"":""constant_after_hotSwapIn"",""monitor_initial"":0,""saved_boundary"":1}","Lemma E-prime: every referenced observer is a declared fluent affected only by recognized update labels. No update label occurs before entry, so every entry has the declared initial valuation; the non-error constant initializer equals monitor state 0 after one hotSwapIn. Exact under the stated entry-scoped interpretation."
railcab,r2,R2_StartNewSpec_P_EBRAKE_DURING_ELASTBRAKE,upd,3,2,5,Pending_StartNewSpec_P_EBRAKE_DURING_ELASTBRAKE;Pending_Reconfigure_MILESTONES;Pending_Reconfigure_REQUEST_ATOMIC;Pending_Reconfigure_TURNS;Pending_Reconfigure_ANOTHER_REQUEST,constant_after_hotSwapIn,1,compiled actual monitor plus independent free-product BFS including absorbing ERROR,railcab.json,False,False,False,49,1421,32,17,NOT_USED_FOR_UPD,"{""fluent_values"":[true,true,true,true,true],""histories"":[[""hotSwapIn""],[""hotSwapIn"",""reconfigure_ANOTHER_REQUEST"",""hotSwapIn""]],""monitor_states"":[1,-1]}","{""constant_initializer"":1,""history"":[""hotSwapIn"",""reconfigure_ANOTHER_REQUEST"",""hotSwapIn""],""history_monitor_state"":-1}",RS_UNTESTED,Free-product sufficient condition failed; this is not a plant-reachable RS counterexample.,NOT_APPLICABLE,NOT_APPLICABLE,,,,,,,,,,,,,,UNVERIFIED_ENTRY_VALUATION_LANGUAGE,False,NOT_APPLICABLE,False,NOT_APPLICABLE,NOT_APPLICABLE,"All one-shot free pre-entry observer valuations enumerated. Observer synchronization and compiled-reset consistency are diagnostics; saved DFA does not expose a valuation-parameterized semantic initializer, so E exactness is unverified.","[{""kind"":""missing_reference_language"",""reason"":""Compiled-reset and observer synchronization do not provide a valuation-parameterized semantic initializer.""}]",1,32,True,True,True,[],False,null,"All one-shot free pre-entry observer valuations enumerated. Observer synchronization and compiled-reset consistency are diagnostics; saved DFA does not expose a valuation-parameterized semantic initializer, so E exactness is unverified.",True,LEMMA_E_PRIME,True,"[""hotSwapIn"",""reconfigure_ANOTHER_REQUEST"",""reconfigure_MILESTONES"",""reconfigure_REQUEST_ATOMIC"",""reconfigure_TURNS"",""startNewSpec_P_EBRAKE_DURING_ELASTBRAKE""]",[],True,"{""computed_boundary"":1,""error"":"""",""initializer_mode"":""constant_after_hotSwapIn"",""monitor_initial"":0,""saved_boundary"":1}","Lemma E-prime: every referenced observer is a declared fluent affected only by recognized update labels. No update label occurs before entry, so every entry has the declared initial valuation; the non-error constant initializer equals monitor state 0 after one hotSwapIn. Exact under the stated entry-scoped interpretation."
railcab,r2,R2_StartNewSpec_P_EBRAKE_IF_SOMETHING_BAD,upd,3,2,5,Pending_StartNewSpec_P_EBRAKE_IF_SOMETHING_BAD;Pending_Reconfigure_MILESTONES;Pending_Reconfigure_REQUEST_ATOMIC;Pending_Reconfigure_TURNS;Pending_Reconfigure_ANOTHER_REQUEST,constant_after_hotSwapIn,1,compiled actual monitor plus independent free-product BFS including absorbing ERROR,railcab.json,False,False,False,49,1421,32,17,NOT_USED_FOR_UPD,"{""fluent_values"":[true,true,true,true,true],""histories"":[[""hotSwapIn""],[""hotSwapIn"",""reconfigure_ANOTHER_REQUEST"",""hotSwapIn""]],""monitor_states"":[1,-1]}","{""constant_initializer"":1,""history"":[""hotSwapIn"",""reconfigure_ANOTHER_REQUEST"",""hotSwapIn""],""history_monitor_state"":-1}",RS_UNTESTED,Free-product sufficient condition failed; this is not a plant-reachable RS counterexample.,NOT_APPLICABLE,NOT_APPLICABLE,,,,,,,,,,,,,,UNVERIFIED_ENTRY_VALUATION_LANGUAGE,False,NOT_APPLICABLE,False,NOT_APPLICABLE,NOT_APPLICABLE,"All one-shot free pre-entry observer valuations enumerated. Observer synchronization and compiled-reset consistency are diagnostics; saved DFA does not expose a valuation-parameterized semantic initializer, so E exactness is unverified.","[{""kind"":""missing_reference_language"",""reason"":""Compiled-reset and observer synchronization do not provide a valuation-parameterized semantic initializer.""}]",1,32,True,True,True,[],False,null,"All one-shot free pre-entry observer valuations enumerated. Observer synchronization and compiled-reset consistency are diagnostics; saved DFA does not expose a valuation-parameterized semantic initializer, so E exactness is unverified.",True,LEMMA_E_PRIME,True,"[""hotSwapIn"",""reconfigure_ANOTHER_REQUEST"",""reconfigure_MILESTONES"",""reconfigure_REQUEST_ATOMIC"",""reconfigure_TURNS"",""startNewSpec_P_EBRAKE_IF_SOMETHING_BAD""]",[],True,"{""computed_boundary"":1,""error"":"""",""initializer_mode"":""constant_after_hotSwapIn"",""monitor_initial"":0,""saved_boundary"":1}","Lemma E-prime: every referenced observer is a declared fluent affected only by recognized update labels. No update label occurs before entry, so every entry has the declared initial valuation; the non-error constant initializer equals monitor state 0 after one hotSwapIn. Exact under the stated entry-scoped interpretation."
railcab,r2,R2_StartNewSpec_P_CHECK_STATUS_AFTER_APPROACHING_CROSSING,upd,3,2,5,Pending_StartNewSpec_P_CHECK_STATUS_AFTER_APPROACHING_CROSSING;Pending_Reconfigure_MILESTONES;Pending_Reconfigure_REQUEST_ATOMIC;Pending_Reconfigure_TURNS;Pending_Reconfigure_ANOTHER_REQUEST,constant_after_hotSwapIn,1,compiled actual monitor plus independent free-product BFS including absorbing ERROR,railcab.json,False,False,False,49,1421,32,17,NOT_USED_FOR_UPD,"{""fluent_values"":[true,true,true,true,true],""histories"":[[""hotSwapIn""],[""hotSwapIn"",""reconfigure_ANOTHER_REQUEST"",""hotSwapIn""]],""monitor_states"":[1,-1]}","{""constant_initializer"":1,""history"":[""hotSwapIn"",""reconfigure_ANOTHER_REQUEST"",""hotSwapIn""],""history_monitor_state"":-1}",RS_UNTESTED,Free-product sufficient condition failed; this is not a plant-reachable RS counterexample.,NOT_APPLICABLE,NOT_APPLICABLE,,,,,,,,,,,,,,UNVERIFIED_ENTRY_VALUATION_LANGUAGE,False,NOT_APPLICABLE,False,NOT_APPLICABLE,NOT_APPLICABLE,"All one-shot free pre-entry observer valuations enumerated. Observer synchronization and compiled-reset consistency are diagnostics; saved DFA does not expose a valuation-parameterized semantic initializer, so E exactness is unverified.","[{""kind"":""missing_reference_language"",""reason"":""Compiled-reset and observer synchronization do not provide a valuation-parameterized semantic initializer.""}]",1,32,True,True,True,[],False,null,"All one-shot free pre-entry observer valuations enumerated. Observer synchronization and compiled-reset consistency are diagnostics; saved DFA does not expose a valuation-parameterized semantic initializer, so E exactness is unverified.",True,LEMMA_E_PRIME,True,"[""hotSwapIn"",""reconfigure_ANOTHER_REQUEST"",""reconfigure_MILESTONES"",""reconfigure_REQUEST_ATOMIC"",""reconfigure_TURNS"",""startNewSpec_P_CHECK_STATUS_AFTER_APPROACHING_CROSSING""]",[],True,"{""computed_boundary"":1,""error"":"""",""initializer_mode"":""constant_after_hotSwapIn"",""monitor_initial"":0,""saved_boundary"":1}","Lemma E-prime: every referenced observer is a declared fluent affected only by recognized update labels. No update label occurs before entry, so every entry has the declared initial valuation; the non-error constant initializer equals monitor state 0 after one hotSwapIn. Exact under the stated entry-scoped interpretation."
railcab,r2,R2_StartNewSpec_P_BRAKE_DURING_LASTBRAKE,upd,3,2,5,Pending_StartNewSpec_P_BRAKE_DURING_LASTBRAKE;Pending_Reconfigure_MILESTONES;Pending_Reconfigure_REQUEST_ATOMIC;Pending_Reconfigure_TURNS;Pending_Reconfigure_ANOTHER_REQUEST,constant_after_hotSwapIn,1,compiled actual monitor plus independent free-product BFS including absorbing ERROR,railcab.json,False,False,False,49,1421,32,17,NOT_USED_FOR_UPD,"{""fluent_values"":[true,true,true,true,true],""histories"":[[""hotSwapIn""],[""hotSwapIn"",""reconfigure_ANOTHER_REQUEST"",""hotSwapIn""]],""monitor_states"":[1,-1]}","{""constant_initializer"":1,""history"":[""hotSwapIn"",""reconfigure_ANOTHER_REQUEST"",""hotSwapIn""],""history_monitor_state"":-1}",RS_UNTESTED,Free-product sufficient condition failed; this is not a plant-reachable RS counterexample.,NOT_APPLICABLE,NOT_APPLICABLE,,,,,,,,,,,,,,UNVERIFIED_ENTRY_VALUATION_LANGUAGE,False,NOT_APPLICABLE,False,NOT_APPLICABLE,NOT_APPLICABLE,"All one-shot free pre-entry observer valuations enumerated. Observer synchronization and compiled-reset consistency are diagnostics; saved DFA does not expose a valuation-parameterized semantic initializer, so E exactness is unverified.","[{""kind"":""missing_reference_language"",""reason"":""Compiled-reset and observer synchronization do not provide a valuation-parameterized semantic initializer.""}]",1,32,True,True,True,[],False,null,"All one-shot free pre-entry observer valuations enumerated. Observer synchronization and compiled-reset consistency are diagnostics; saved DFA does not expose a valuation-parameterized semantic initializer, so E exactness is unverified.",True,LEMMA_E_PRIME,True,"[""hotSwapIn"",""reconfigure_ANOTHER_REQUEST"",""reconfigure_MILESTONES"",""reconfigure_REQUEST_ATOMIC"",""reconfigure_TURNS"",""startNewSpec_P_BRAKE_DURING_LASTBRAKE""]",[],True,"{""computed_boundary"":1,""error"":"""",""initializer_mode"":""constant_after_hotSwapIn"",""monitor_initial"":0,""saved_boundary"":1}","Lemma E-prime: every referenced observer is a declared fluent affected only by recognized update labels. No update label occurs before entry, so every entry has the declared initial valuation; the non-error constant initializer equals monitor state 0 after one hotSwapIn. Exact under the stated entry-scoped interpretation."
railcab,r2,R2_StartNewSpec_P_BRAKE_IF_SOMETHING_BAD,upd,3,2,5,Pending_StartNewSpec_P_BRAKE_IF_SOMETHING_BAD;Pending_Reconfigure_MILESTONES;Pending_Reconfigure_REQUEST_ATOMIC;Pending_Reconfigure_TURNS;Pending_Reconfigure_ANOTHER_REQUEST,constant_after_hotSwapIn,1,compiled actual monitor plus independent free-product BFS including absorbing ERROR,railcab.json,False,False,False,49,1421,32,17,NOT_USED_FOR_UPD,"{""fluent_values"":[true,true,true,true,true],""histories"":[[""hotSwapIn""],[""hotSwapIn"",""reconfigure_ANOTHER_REQUEST"",""hotSwapIn""]],""monitor_states"":[1,-1]}","{""constant_initializer"":1,""history"":[""hotSwapIn"",""reconfigure_ANOTHER_REQUEST"",""hotSwapIn""],""history_monitor_state"":-1}",RS_UNTESTED,Free-product sufficient condition failed; this is not a plant-reachable RS counterexample.,NOT_APPLICABLE,NOT_APPLICABLE,,,,,,,,,,,,,,UNVERIFIED_ENTRY_VALUATION_LANGUAGE,False,NOT_APPLICABLE,False,NOT_APPLICABLE,NOT_APPLICABLE,"All one-shot free pre-entry observer valuations enumerated. Observer synchronization and compiled-reset consistency are diagnostics; saved DFA does not expose a valuation-parameterized semantic initializer, so E exactness is unverified.","[{""kind"":""missing_reference_language"",""reason"":""Compiled-reset and observer synchronization do not provide a valuation-parameterized semantic initializer.""}]",1,32,True,True,True,[],False,null,"All one-shot free pre-entry observer valuations enumerated. Observer synchronization and compiled-reset consistency are diagnostics; saved DFA does not expose a valuation-parameterized semantic initializer, so E exactness is unverified.",True,LEMMA_E_PRIME,True,"[""hotSwapIn"",""reconfigure_ANOTHER_REQUEST"",""reconfigure_MILESTONES"",""reconfigure_REQUEST_ATOMIC"",""reconfigure_TURNS"",""startNewSpec_P_BRAKE_IF_SOMETHING_BAD""]",[],True,"{""computed_boundary"":1,""error"":"""",""initializer_mode"":""constant_after_hotSwapIn"",""monitor_initial"":0,""saved_boundary"":1}","Lemma E-prime: every referenced observer is a declared fluent affected only by recognized update labels. No update label occurs before entry, so every entry has the declared initial valuation; the non-error constant initializer equals monitor state 0 after one hotSwapIn. Exact under the stated entry-scoped interpretation."
railcab,r2,R2_StartNewSpec_P_CHECK_STATUS_BEFORE_LAST_EMERGENCY_BRAKE,upd,3,2,5,Pending_StartNewSpec_P_CHECK_STATUS_BEFORE_LAST_EMERGENCY_BRAKE;Pending_Reconfigure_MILESTONES;Pending_Reconfigure_REQUEST_ATOMIC;Pending_Reconfigure_TURNS;Pending_Reconfigure_ANOTHER_REQUEST,constant_after_hotSwapIn,1,compiled actual monitor plus independent free-product BFS including absorbing ERROR,railcab.json,False,False,False,49,1421,32,17,NOT_USED_FOR_UPD,"{""fluent_values"":[true,true,true,true,true],""histories"":[[""hotSwapIn""],[""hotSwapIn"",""reconfigure_ANOTHER_REQUEST"",""hotSwapIn""]],""monitor_states"":[1,-1]}","{""constant_initializer"":1,""history"":[""hotSwapIn"",""reconfigure_ANOTHER_REQUEST"",""hotSwapIn""],""history_monitor_state"":-1}",RS_UNTESTED,Free-product sufficient condition failed; this is not a plant-reachable RS counterexample.,NOT_APPLICABLE,NOT_APPLICABLE,,,,,,,,,,,,,,UNVERIFIED_ENTRY_VALUATION_LANGUAGE,False,NOT_APPLICABLE,False,NOT_APPLICABLE,NOT_APPLICABLE,"All one-shot free pre-entry observer valuations enumerated. Observer synchronization and compiled-reset consistency are diagnostics; saved DFA does not expose a valuation-parameterized semantic initializer, so E exactness is unverified.","[{""kind"":""missing_reference_language"",""reason"":""Compiled-reset and observer synchronization do not provide a valuation-parameterized semantic initializer.""}]",1,32,True,True,True,[],False,null,"All one-shot free pre-entry observer valuations enumerated. Observer synchronization and compiled-reset consistency are diagnostics; saved DFA does not expose a valuation-parameterized semantic initializer, so E exactness is unverified.",True,LEMMA_E_PRIME,True,"[""hotSwapIn"",""reconfigure_ANOTHER_REQUEST"",""reconfigure_MILESTONES"",""reconfigure_REQUEST_ATOMIC"",""reconfigure_TURNS"",""startNewSpec_P_CHECK_STATUS_BEFORE_LAST_EMERGENCY_BRAKE""]",[],True,"{""computed_boundary"":1,""error"":"""",""initializer_mode"":""constant_after_hotSwapIn"",""monitor_initial"":0,""saved_boundary"":1}","Lemma E-prime: every referenced observer is a declared fluent affected only by recognized update labels. No update label occurs before entry, so every entry has the declared initial valuation; the non-error constant initializer equals monitor state 0 after one hotSwapIn. Exact under the stated entry-scoped interpretation."
surveillance,base,P_ALWAYS_FLY_LOW,new,4,3,3,MissionStarted;FlyingHigh;FlyingMid,fluent_lookup_nonerror_entries,0,compiled actual monitor plus independent free-product BFS including absorbing ERROR,surveillance.json,False,False,False,10,320,6,4,True,"{""fluent_values"":[true,false,false],""histories"":[[""takeoff""],[""high"",""takeoff"",""low""]],""monitor_states"":[1,-1]}","{""constant_initializer"":0,""history"":[""high"",""hotSwapIn""],""history_monitor_state"":2}",RS_UNTESTED,Free-product sufficient condition failed; this is not a plant-reachable RS counterexample.,EXACT_ON_NONEMPTY_SAFE_ACTIVATION_DOMAIN,True,True,True,True,4,4,2,4,2,"[{""values"":[false,false,false],""state"":0},{""values"":[false,false,true],""state"":2},{""values"":[false,true,false],""state"":2},{""values"":[true,false,false],""state"":1}]",[],NOT_CHECKED_WITHOUT_PLANT,source-rule reconstruction; runtime lookup table not exported,"Sufficient only on actual non-error activation entries with nonempty safe-history set; empty safe-history intersections are universal, so inclusion alone is automatic. Full continuation-language equivalence is stronger than one-shot equivalence.",NOT_APPLICABLE,NOT_APPLICABLE,True,NOT_APPLICABLE,[],"Sufficient only on actual non-error activation entries with nonempty safe-history set; empty safe-history intersections are universal, so inclusion alone is automatic. Full continuation-language equivalence is stronger than one-shot equivalence.",NOT_APPLICABLE,NOT_APPLICABLE,,,,,,,,,,NOT_APPLICABLE,NOT_APPLICABLE,NOT_APPLICABLE,NOT_APPLICABLE,NOT_APPLICABLE,NOT_APPLICABLE,NOT_APPLICABLE,NOT_APPLICABLE
surveillance,base,P_FOLLOWING_ACTIONS,new,7,6,6,picture;Following;scan;SuspiciousActivityDetected;PictureSent;follow,fluent_lookup_nonerror_entries,0,compiled actual monitor plus independent free-product BFS including absorbing ERROR,surveillance.json,False,False,False,44,1408,28,16,True,"{""fluent_values"":[false,true,false,false,false,true],""histories"":[[""follow""],[""picture"",""follow""]],""monitor_states"":[1,-1]}","{""constant_initializer"":0,""history"":[""follow"",""hotSwapIn""],""history_monitor_state"":1}",RS_UNTESTED,Free-product sufficient condition failed; this is not a plant-reachable RS counterexample.,EXACT_ON_NONEMPTY_SAFE_ACTIVATION_DOMAIN,True,True,True,True,304,16,12,16,12,"[{""values"":[false,false,false,false,false,false],""state"":0},{""values"":[false,false,false,false,true,false],""state"":3},{""values"":[false,false,false,true,false,false],""state"":2},{""values"":[false,false,false,true,true,false],""state"":5},{""values"":[false,false,true,false,false,false],""state"":0},{""values"":[false,false,true,false,true,false],""state"":3},{""values"":[false,true,false,false,false,false],""state"":1},{""values"":[false,true,false,false,false,true],""state"":1},{""values"":[false,true,false,false,true,false],""state"":4},{""values"":[false,true,false,true,false,false],""state"":1},{""values"":[false,true,false,true,false,true],""state"":1},{""values"":[false,true,false,true,true,false],""state"":4},{""values"":[true,true,false,false,false,false],""state"":1},{""values"":[true,true,false,false,true,false],""state"":4},{""values"":[true,true,false,true,false,false],""state"":1},{""values"":[true,true,false,true,true,false],""state"":4}]",[],NOT_CHECKED_WITHOUT_PLANT,source-rule reconstruction; runtime lookup table not exported,"Sufficient only on actual non-error activation entries with nonempty safe-history set; empty safe-history intersections are universal, so inclusion alone is automatic. Full continuation-language equivalence is stronger than one-shot equivalence.",NOT_APPLICABLE,NOT_APPLICABLE,True,NOT_APPLICABLE,[],"Sufficient only on actual non-error activation entries with nonempty safe-history set; empty safe-history intersections are universal, so inclusion alone is automatic. Full continuation-language equivalence is stronger than one-shot equivalence.",NOT_APPLICABLE,NOT_APPLICABLE,,,,,,,,,,NOT_APPLICABLE,NOT_APPLICABLE,NOT_APPLICABLE,NOT_APPLICABLE,NOT_APPLICABLE,NOT_APPLICABLE,NOT_APPLICABLE,NOT_APPLICABLE
surveillance,base,P_NO_FOLLOW_BEFORE_SCAN,new,3,2,2,follow;SuspiciousActivityDetected,fluent_lookup_nonerror_entries,0,compiled actual monitor plus independent free-product BFS including absorbing ERROR,surveillance.json,False,False,False,7,224,4,3,True,"{""fluent_values"":[false,false],""histories"":[[],[""follow"",""high""]],""monitor_states"":[0,-1]}","{""constant_initializer"":0,""history"":[""follow"",""hotSwapIn""],""history_monitor_state"":-1}",RS_UNTESTED,Free-product sufficient condition failed; this is not a plant-reachable RS counterexample.,EXACT_ON_NONEMPTY_SAFE_ACTIVATION_DOMAIN,True,True,True,True,57,3,1,3,1,"[{""values"":[false,false],""state"":0},{""values"":[false,true],""state"":1},{""values"":[true,true],""state"":1}]",[],NOT_CHECKED_WITHOUT_PLANT,source-rule reconstruction; runtime lookup table not exported,"Sufficient only on actual non-error activation entries with nonempty safe-history set; empty safe-history intersections are universal, so inclusion alone is automatic. Full continuation-language equivalence is stronger than one-shot equivalence.",NOT_APPLICABLE,NOT_APPLICABLE,True,NOT_APPLICABLE,[],"Sufficient only on actual non-error activation entries with nonempty safe-history set; empty safe-history intersections are universal, so inclusion alone is automatic. Full continuation-language equivalence is stronger than one-shot equivalence.",NOT_APPLICABLE,NOT_APPLICABLE,,,,,,,,,,NOT_APPLICABLE,NOT_APPLICABLE,NOT_APPLICABLE,NOT_APPLICABLE,NOT_APPLICABLE,NOT_APPLICABLE,NOT_APPLICABLE,NOT_APPLICABLE
surveillance,base,P_HIGH_PRIORITY_TO_MISSION,new,3,2,2,return2base;NoBattery,fluent_lookup_nonerror_entries,0,compiled actual monitor plus independent free-product BFS including absorbing ERROR,surveillance.json,False,False,False,7,224,4,3,True,"{""fluent_values"":[false,false],""histories"":[[],[""return2base"",""follow""]],""monitor_states"":[0,-1]}","{""constant_initializer"":0,""history"":[""lowBattery"",""hotSwapIn""],""history_monitor_state"":1}",RS_UNTESTED,Free-product sufficient condition failed; this is not a plant-reachable RS counterexample.,EXACT_ON_NONEMPTY_SAFE_ACTIVATION_DOMAIN,True,True,True,True,57,3,1,3,1,"[{""values"":[false,false],""state"":0},{""values"":[false,true],""state"":1},{""values"":[true,true],""state"":1}]",[],NOT_CHECKED_WITHOUT_PLANT,source-rule reconstruction; runtime lookup table not exported,"Sufficient only on actual non-error activation entries with nonempty safe-history set; empty safe-history intersections are universal, so inclusion alone is automatic. Full continuation-language equivalence is stronger than one-shot equivalence.",NOT_APPLICABLE,NOT_APPLICABLE,True,NOT_APPLICABLE,[],"Sufficient only on actual non-error activation entries with nonempty safe-history set; empty safe-history intersections are universal, so inclusion alone is automatic. Full continuation-language equivalence is stronger than one-shot equivalence.",NOT_APPLICABLE,NOT_APPLICABLE,,,,,,,,,,NOT_APPLICABLE,NOT_APPLICABLE,NOT_APPLICABLE,NOT_APPLICABLE,NOT_APPLICABLE,NOT_APPLICABLE,NOT_APPLICABLE,NOT_APPLICABLE
surveillance,base,P_NEW_HOW_TO_MOVE,new,3,2,3,move;Following;NewSuspiciousActivityDetected,fluent_lookup_nonerror_entries,0,compiled actual monitor plus independent free-product BFS including absorbing ERROR,surveillance.json,False,False,False,13,416,8,5,True,"{""fluent_values"":[false,true,false],""histories"":[[""follow""],[""follow"",""move"",""follow""]],""monitor_states"":[1,-1]}","{""constant_initializer"":0,""history"":[""follow"",""hotSwapIn""],""history_monitor_state"":1}",RS_UNTESTED,Free-product sufficient condition failed; this is not a plant-reachable RS counterexample.,EXACT_ON_NONEMPTY_SAFE_ACTIVATION_DOMAIN,True,True,True,True,95,5,3,5,3,"[{""values"":[false,false,false],""state"":0},{""values"":[false,false,true],""state"":1},{""values"":[false,true,false],""state"":1},{""values"":[false,true,true],""state"":1},{""values"":[true,false,false],""state"":0}]",[],NOT_CHECKED_WITHOUT_PLANT,source-rule reconstruction; runtime lookup table not exported,"Sufficient only on actual non-error activation entries with nonempty safe-history set; empty safe-history intersections are universal, so inclusion alone is automatic. Full continuation-language equivalence is stronger than one-shot equivalence.",NOT_APPLICABLE,NOT_APPLICABLE,True,NOT_APPLICABLE,[],"Sufficient only on actual non-error activation entries with nonempty safe-history set; empty safe-history intersections are universal, so inclusion alone is automatic. Full continuation-language equivalence is stronger than one-shot equivalence.",NOT_APPLICABLE,NOT_APPLICABLE,,,,,,,,,,NOT_APPLICABLE,NOT_APPLICABLE,NOT_APPLICABLE,NOT_APPLICABLE,NOT_APPLICABLE,NOT_APPLICABLE,NOT_APPLICABLE,NOT_APPLICABLE
surveillance,base,P_DONT_SCAN_TWICE,new,3,2,2,scan;ZoneScaned,fluent_lookup_nonerror_entries,0,compiled actual monitor plus independent free-product BFS including absorbing ERROR,surveillance.json,False,False,False,7,224,4,3,True,"{""fluent_values"":[false,true],""histories"":[[""scan.val.0""],[""scan.val.0"",""scan"",""follow""]],""monitor_states"":[1,-1]}","{""constant_initializer"":0,""history"":[""scan.val.0"",""hotSwapIn""],""history_monitor_state"":1}",RS_UNTESTED,Free-product sufficient condition failed; this is not a plant-reachable RS counterexample.,EXACT_ON_NONEMPTY_SAFE_ACTIVATION_DOMAIN,True,True,True,True,57,3,1,3,1,"[{""values"":[false,false],""state"":0},{""values"":[false,true],""state"":1},{""values"":[true,false],""state"":0}]",[],NOT_CHECKED_WITHOUT_PLANT,source-rule reconstruction; runtime lookup table not exported,"Sufficient only on actual non-error activation entries with nonempty safe-history set; empty safe-history intersections are universal, so inclusion alone is automatic. Full continuation-language equivalence is stronger than one-shot equivalence.",NOT_APPLICABLE,NOT_APPLICABLE,True,NOT_APPLICABLE,[],"Sufficient only on actual non-error activation entries with nonempty safe-history set; empty safe-history intersections are universal, so inclusion alone is automatic. Full continuation-language equivalence is stronger than one-shot equivalence.",NOT_APPLICABLE,NOT_APPLICABLE,,,,,,,,,,NOT_APPLICABLE,NOT_APPLICABLE,NOT_APPLICABLE,NOT_APPLICABLE,NOT_APPLICABLE,NOT_APPLICABLE,NOT_APPLICABLE,NOT_APPLICABLE
surveillance,base,P_BATTERY_SAFETY_NEW,new,3,2,2,BatteryIsEmpty;JustDidEnergyActionNew,fluent_lookup_nonerror_entries,0,compiled actual monitor plus independent free-product BFS including absorbing ERROR,surveillance.json,False,False,False,7,224,4,3,True,"{""fluent_values"":[true,false],""histories"":[[""lowBattery""],[""lowBattery"",""follow"",""lowBattery""]],""monitor_states"":[1,-1]}","{""constant_initializer"":0,""history"":[""lowBattery"",""hotSwapIn""],""history_monitor_state"":1}",RS_UNTESTED,Free-product sufficient condition failed; this is not a plant-reachable RS counterexample.,EXACT_ON_NONEMPTY_SAFE_ACTIVATION_DOMAIN,True,True,True,True,3,3,1,3,1,"[{""values"":[false,false],""state"":0},{""values"":[false,true],""state"":0},{""values"":[true,false],""state"":1}]",[],NOT_CHECKED_WITHOUT_PLANT,source-rule reconstruction; runtime lookup table not exported,"Sufficient only on actual non-error activation entries with nonempty safe-history set; empty safe-history intersections are universal, so inclusion alone is automatic. Full continuation-language equivalence is stronger than one-shot equivalence.",NOT_APPLICABLE,NOT_APPLICABLE,True,NOT_APPLICABLE,[],"Sufficient only on actual non-error activation entries with nonempty safe-history set; empty safe-history intersections are universal, so inclusion alone is automatic. Full continuation-language equivalence is stronger than one-shot equivalence.",NOT_APPLICABLE,NOT_APPLICABLE,,,,,,,,,,NOT_APPLICABLE,NOT_APPLICABLE,NOT_APPLICABLE,NOT_APPLICABLE,NOT_APPLICABLE,NOT_APPLICABLE,NOT_APPLICABLE,NOT_APPLICABLE
surveillance,r1,P_ALWAYS_FLY_LOW,new,4,3,3,MissionStarted;FlyingHigh;FlyingMid,fluent_lookup_nonerror_entries,0,compiled actual monitor plus independent free-product BFS including absorbing ERROR,surveillance.json,False,False,False,10,320,6,4,True,"{""fluent_values"":[true,false,false],""histories"":[[""takeoff""],[""high"",""takeoff"",""low""]],""monitor_states"":[1,-1]}","{""constant_initializer"":0,""history"":[""high"",""hotSwapIn""],""history_monitor_state"":2}",RS_UNTESTED,Free-product sufficient condition failed; this is not a plant-reachable RS counterexample.,EXACT_ON_NONEMPTY_SAFE_ACTIVATION_DOMAIN,True,True,True,True,4,4,2,4,2,"[{""values"":[false,false,false],""state"":0},{""values"":[false,false,true],""state"":2},{""values"":[false,true,false],""state"":2},{""values"":[true,false,false],""state"":1}]",[],NOT_CHECKED_WITHOUT_PLANT,source-rule reconstruction; runtime lookup table not exported,"Sufficient only on actual non-error activation entries with nonempty safe-history set; empty safe-history intersections are universal, so inclusion alone is automatic. Full continuation-language equivalence is stronger than one-shot equivalence.",NOT_APPLICABLE,NOT_APPLICABLE,True,NOT_APPLICABLE,[],"Sufficient only on actual non-error activation entries with nonempty safe-history set; empty safe-history intersections are universal, so inclusion alone is automatic. Full continuation-language equivalence is stronger than one-shot equivalence.",NOT_APPLICABLE,NOT_APPLICABLE,,,,,,,,,,NOT_APPLICABLE,NOT_APPLICABLE,NOT_APPLICABLE,NOT_APPLICABLE,NOT_APPLICABLE,NOT_APPLICABLE,NOT_APPLICABLE,NOT_APPLICABLE
surveillance,r1,P_FOLLOWING_ACTIONS,new,7,6,6,picture;Following;scan;SuspiciousActivityDetected;PictureSent;follow,fluent_lookup_nonerror_entries,0,compiled actual monitor plus independent free-product BFS including absorbing ERROR,surveillance.json,False,False,False,44,1408,28,16,True,"{""fluent_values"":[false,true,false,false,false,true],""histories"":[[""follow""],[""picture"",""follow""]],""monitor_states"":[1,-1]}","{""constant_initializer"":0,""history"":[""follow"",""hotSwapIn""],""history_monitor_state"":1}",RS_UNTESTED,Free-product sufficient condition failed; this is not a plant-reachable RS counterexample.,EXACT_ON_NONEMPTY_SAFE_ACTIVATION_DOMAIN,True,True,True,True,304,16,12,16,12,"[{""values"":[false,false,false,false,false,false],""state"":0},{""values"":[false,false,false,false,true,false],""state"":3},{""values"":[false,false,false,true,false,false],""state"":2},{""values"":[false,false,false,true,true,false],""state"":5},{""values"":[false,false,true,false,false,false],""state"":0},{""values"":[false,false,true,false,true,false],""state"":3},{""values"":[false,true,false,false,false,false],""state"":1},{""values"":[false,true,false,false,false,true],""state"":1},{""values"":[false,true,false,false,true,false],""state"":4},{""values"":[false,true,false,true,false,false],""state"":1},{""values"":[false,true,false,true,false,true],""state"":1},{""values"":[false,true,false,true,true,false],""state"":4},{""values"":[true,true,false,false,false,false],""state"":1},{""values"":[true,true,false,false,true,false],""state"":4},{""values"":[true,true,false,true,false,false],""state"":1},{""values"":[true,true,false,true,true,false],""state"":4}]",[],NOT_CHECKED_WITHOUT_PLANT,source-rule reconstruction; runtime lookup table not exported,"Sufficient only on actual non-error activation entries with nonempty safe-history set; empty safe-history intersections are universal, so inclusion alone is automatic. Full continuation-language equivalence is stronger than one-shot equivalence.",NOT_APPLICABLE,NOT_APPLICABLE,True,NOT_APPLICABLE,[],"Sufficient only on actual non-error activation entries with nonempty safe-history set; empty safe-history intersections are universal, so inclusion alone is automatic. Full continuation-language equivalence is stronger than one-shot equivalence.",NOT_APPLICABLE,NOT_APPLICABLE,,,,,,,,,,NOT_APPLICABLE,NOT_APPLICABLE,NOT_APPLICABLE,NOT_APPLICABLE,NOT_APPLICABLE,NOT_APPLICABLE,NOT_APPLICABLE,NOT_APPLICABLE
surveillance,r1,P_NO_FOLLOW_BEFORE_SCAN,new,3,2,2,follow;SuspiciousActivityDetected,fluent_lookup_nonerror_entries,0,compiled actual monitor plus independent free-product BFS including absorbing ERROR,surveillance.json,False,False,False,7,224,4,3,True,"{""fluent_values"":[false,false],""histories"":[[],[""follow"",""high""]],""monitor_states"":[0,-1]}","{""constant_initializer"":0,""history"":[""follow"",""hotSwapIn""],""history_monitor_state"":-1}",RS_UNTESTED,Free-product sufficient condition failed; this is not a plant-reachable RS counterexample.,EXACT_ON_NONEMPTY_SAFE_ACTIVATION_DOMAIN,True,True,True,True,57,3,1,3,1,"[{""values"":[false,false],""state"":0},{""values"":[false,true],""state"":1},{""values"":[true,true],""state"":1}]",[],NOT_CHECKED_WITHOUT_PLANT,source-rule reconstruction; runtime lookup table not exported,"Sufficient only on actual non-error activation entries with nonempty safe-history set; empty safe-history intersections are universal, so inclusion alone is automatic. Full continuation-language equivalence is stronger than one-shot equivalence.",NOT_APPLICABLE,NOT_APPLICABLE,True,NOT_APPLICABLE,[],"Sufficient only on actual non-error activation entries with nonempty safe-history set; empty safe-history intersections are universal, so inclusion alone is automatic. Full continuation-language equivalence is stronger than one-shot equivalence.",NOT_APPLICABLE,NOT_APPLICABLE,,,,,,,,,,NOT_APPLICABLE,NOT_APPLICABLE,NOT_APPLICABLE,NOT_APPLICABLE,NOT_APPLICABLE,NOT_APPLICABLE,NOT_APPLICABLE,NOT_APPLICABLE
surveillance,r1,P_HIGH_PRIORITY_TO_MISSION,new,3,2,2,return2base;NoBattery,fluent_lookup_nonerror_entries,0,compiled actual monitor plus independent free-product BFS including absorbing ERROR,surveillance.json,False,False,False,7,224,4,3,True,"{""fluent_values"":[false,false],""histories"":[[],[""return2base"",""follow""]],""monitor_states"":[0,-1]}","{""constant_initializer"":0,""history"":[""lowBattery"",""hotSwapIn""],""history_monitor_state"":1}",RS_UNTESTED,Free-product sufficient condition failed; this is not a plant-reachable RS counterexample.,EXACT_ON_NONEMPTY_SAFE_ACTIVATION_DOMAIN,True,True,True,True,57,3,1,3,1,"[{""values"":[false,false],""state"":0},{""values"":[false,true],""state"":1},{""values"":[true,true],""state"":1}]",[],NOT_CHECKED_WITHOUT_PLANT,source-rule reconstruction; runtime lookup table not exported,"Sufficient only on actual non-error activation entries with nonempty safe-history set; empty safe-history intersections are universal, so inclusion alone is automatic. Full continuation-language equivalence is stronger than one-shot equivalence.",NOT_APPLICABLE,NOT_APPLICABLE,True,NOT_APPLICABLE,[],"Sufficient only on actual non-error activation entries with nonempty safe-history set; empty safe-history intersections are universal, so inclusion alone is automatic. Full continuation-language equivalence is stronger than one-shot equivalence.",NOT_APPLICABLE,NOT_APPLICABLE,,,,,,,,,,NOT_APPLICABLE,NOT_APPLICABLE,NOT_APPLICABLE,NOT_APPLICABLE,NOT_APPLICABLE,NOT_APPLICABLE,NOT_APPLICABLE,NOT_APPLICABLE
surveillance,r1,P_NEW_HOW_TO_MOVE,new,3,2,3,move;Following;NewSuspiciousActivityDetected,fluent_lookup_nonerror_entries,0,compiled actual monitor plus independent free-product BFS including absorbing ERROR,surveillance.json,False,False,False,13,416,8,5,True,"{""fluent_values"":[false,true,false],""histories"":[[""follow""],[""follow"",""move"",""follow""]],""monitor_states"":[1,-1]}","{""constant_initializer"":0,""history"":[""follow"",""hotSwapIn""],""history_monitor_state"":1}",RS_UNTESTED,Free-product sufficient condition failed; this is not a plant-reachable RS counterexample.,EXACT_ON_NONEMPTY_SAFE_ACTIVATION_DOMAIN,True,True,True,True,95,5,3,5,3,"[{""values"":[false,false,false],""state"":0},{""values"":[false,false,true],""state"":1},{""values"":[false,true,false],""state"":1},{""values"":[false,true,true],""state"":1},{""values"":[true,false,false],""state"":0}]",[],NOT_CHECKED_WITHOUT_PLANT,source-rule reconstruction; runtime lookup table not exported,"Sufficient only on actual non-error activation entries with nonempty safe-history set; empty safe-history intersections are universal, so inclusion alone is automatic. Full continuation-language equivalence is stronger than one-shot equivalence.",NOT_APPLICABLE,NOT_APPLICABLE,True,NOT_APPLICABLE,[],"Sufficient only on actual non-error activation entries with nonempty safe-history set; empty safe-history intersections are universal, so inclusion alone is automatic. Full continuation-language equivalence is stronger than one-shot equivalence.",NOT_APPLICABLE,NOT_APPLICABLE,,,,,,,,,,NOT_APPLICABLE,NOT_APPLICABLE,NOT_APPLICABLE,NOT_APPLICABLE,NOT_APPLICABLE,NOT_APPLICABLE,NOT_APPLICABLE,NOT_APPLICABLE
surveillance,r1,P_DONT_SCAN_TWICE,new,3,2,2,scan;ZoneScaned,fluent_lookup_nonerror_entries,0,compiled actual monitor plus independent free-product BFS including absorbing ERROR,surveillance.json,False,False,False,7,224,4,3,True,"{""fluent_values"":[false,true],""histories"":[[""scan.val.0""],[""scan.val.0"",""scan"",""follow""]],""monitor_states"":[1,-1]}","{""constant_initializer"":0,""history"":[""scan.val.0"",""hotSwapIn""],""history_monitor_state"":1}",RS_UNTESTED,Free-product sufficient condition failed; this is not a plant-reachable RS counterexample.,EXACT_ON_NONEMPTY_SAFE_ACTIVATION_DOMAIN,True,True,True,True,57,3,1,3,1,"[{""values"":[false,false],""state"":0},{""values"":[false,true],""state"":1},{""values"":[true,false],""state"":0}]",[],NOT_CHECKED_WITHOUT_PLANT,source-rule reconstruction; runtime lookup table not exported,"Sufficient only on actual non-error activation entries with nonempty safe-history set; empty safe-history intersections are universal, so inclusion alone is automatic. Full continuation-language equivalence is stronger than one-shot equivalence.",NOT_APPLICABLE,NOT_APPLICABLE,True,NOT_APPLICABLE,[],"Sufficient only on actual non-error activation entries with nonempty safe-history set; empty safe-history intersections are universal, so inclusion alone is automatic. Full continuation-language equivalence is stronger than one-shot equivalence.",NOT_APPLICABLE,NOT_APPLICABLE,,,,,,,,,,NOT_APPLICABLE,NOT_APPLICABLE,NOT_APPLICABLE,NOT_APPLICABLE,NOT_APPLICABLE,NOT_APPLICABLE,NOT_APPLICABLE,NOT_APPLICABLE
surveillance,r1,P_BATTERY_SAFETY_NEW,new,3,2,2,BatteryIsEmpty;JustDidEnergyActionNew,fluent_lookup_nonerror_entries,0,compiled actual monitor plus independent free-product BFS including absorbing ERROR,surveillance.json,False,False,False,7,224,4,3,True,"{""fluent_values"":[true,false],""histories"":[[""lowBattery""],[""lowBattery"",""follow"",""lowBattery""]],""monitor_states"":[1,-1]}","{""constant_initializer"":0,""history"":[""lowBattery"",""hotSwapIn""],""history_monitor_state"":1}",RS_UNTESTED,Free-product sufficient condition failed; this is not a plant-reachable RS counterexample.,EXACT_ON_NONEMPTY_SAFE_ACTIVATION_DOMAIN,True,True,True,True,3,3,1,3,1,"[{""values"":[false,false],""state"":0},{""values"":[false,true],""state"":0},{""values"":[true,false],""state"":1}]",[],NOT_CHECKED_WITHOUT_PLANT,source-rule reconstruction; runtime lookup table not exported,"Sufficient only on actual non-error activation entries with nonempty safe-history set; empty safe-history intersections are universal, so inclusion alone is automatic. Full continuation-language equivalence is stronger than one-shot equivalence.",NOT_APPLICABLE,NOT_APPLICABLE,True,NOT_APPLICABLE,[],"Sufficient only on actual non-error activation entries with nonempty safe-history set; empty safe-history intersections are universal, so inclusion alone is automatic. Full continuation-language equivalence is stronger than one-shot equivalence.",NOT_APPLICABLE,NOT_APPLICABLE,,,,,,,,,,NOT_APPLICABLE,NOT_APPLICABLE,NOT_APPLICABLE,NOT_APPLICABLE,NOT_APPLICABLE,NOT_APPLICABLE,NOT_APPLICABLE,NOT_APPLICABLE
surveillance,r1,R1_OTF_P_ALWAYS_FLY_LOW,upd,3,2,2,"AfterStopBeforeStart_P_ALWAYS_FLY_LOW;{follow, high, low, mid, move, picture, return2base, scan, takeoff}",constant_after_hotSwapIn,0,compiled actual monitor plus independent free-product BFS including absorbing ERROR,surveillance.json,False,False,False,7,224,4,3,NOT_USED_FOR_UPD,"{""fluent_values"":[true,false],""histories"":[[""stopOldSpec_P_ALWAYS_FLY_HIGH""],[""stopOldSpec_P_ALWAYS_FLY_HIGH"",""follow"",""hotSwapIn""]],""monitor_states"":[1,-1]}","{""constant_initializer"":0,""history"":[""stopOldSpec_P_ALWAYS_FLY_HIGH"",""hotSwapIn""],""history_monitor_state"":1}",RS_UNTESTED,Free-product sufficient condition failed; this is not a plant-reachable RS counterexample.,NOT_APPLICABLE,NOT_APPLICABLE,,,,,,,,,,,,,,UNVERIFIED_ENTRY_VALUATION_LANGUAGE,False,NOT_APPLICABLE,False,NOT_APPLICABLE,NOT_APPLICABLE,"All one-shot free pre-entry observer valuations enumerated. Observer synchronization and compiled-reset consistency are diagnostics; saved DFA does not expose a valuation-parameterized semantic initializer, so E exactness is unverified.","[{""pre_entry_history"":[""stopOldSpec_P_ALWAYS_FLY_HIGH""],""entry_values"":[true,false],""post_entry_values"":[true,false],""canonical_post_entry_values"":[false,false],""kind"":""observer_difference_not_language_counterexample""}]",4,460,False,True,True,"[{""pre_entry_history"":[""stopOldSpec_P_ALWAYS_FLY_HIGH""],""entry_values"":[true,false],""post_entry_values"":[true,false],""canonical_post_entry_values"":[false,false],""kind"":""observer_difference_not_language_counterexample""}]",False,null,"All one-shot free pre-entry observer valuations enumerated. Observer synchronization and compiled-reset consistency are diagnostics; saved DFA does not expose a valuation-parameterized semantic initializer, so E exactness is unverified.",False,UNVERIFIED_OUTSIDE_E_PRIME_SUFFICIENT_CONDITION,False,"[""*"",""follow"",""high"",""low"",""mid"",""move"",""picture"",""return2base"",""scan"",""startNewSpec_P_ALWAYS_FLY_LOW"",""stopOldSpec_P_ALWAYS_FLY_HIGH"",""stopOldSpec_P_BATTERY_SAFETY_OLD"",""stopOldSpec_P_DETECTED_ACTIONS"",""stopOldSpec_P_DONT_PICTURE_TWICE"",""stopOldSpec_P_DONT_SCAN_TWICE"",""stopOldSpec_P_HIGH_PRIORITY_TO_MISSION"",""stopOldSpec_P_HOW_TO_MOVE"",""takeoff""]","[{""initiating"":[""follow"",""high"",""low"",""mid"",""move"",""picture"",""return2base"",""scan"",""takeoff""],""kind"":""event_predicate"",""name"":""{follow, high, low, mid, move, picture, return2base, scan, takeoff}"",""reasons"":[""not_a_declared_fluent"",""non_update_initiating_label"",""non_update_terminating_label""],""terminating"":[""*""]}]",True,"{""computed_boundary"":0,""error"":"""",""initializer_mode"":""constant_after_hotSwapIn"",""monitor_initial"":0,""saved_boundary"":0}","The E-prime sufficient condition is not established. Event predicates or plant-fluent values can depend on pre-entry ordinary history; their valuation-parameterized reference languages remain unavailable. This is unverified, not a language counterexample; boundary diagnostics are reported separately."
surveillance,r1,R1_OTF_P_FOLLOWING_ACTIONS,upd,3,2,2,"AfterStopBeforeStart_P_FOLLOWING_ACTIONS;{follow, high, low, mid, move, picture, return2base, scan, takeoff}",constant_after_hotSwapIn,0,compiled actual monitor plus independent free-product BFS including absorbing ERROR,surveillance.json,False,False,False,7,224,4,3,NOT_USED_FOR_UPD,"{""fluent_values"":[true,false],""histories"":[[""stopOldSpec_P_ALWAYS_FLY_HIGH""],[""stopOldSpec_P_ALWAYS_FLY_HIGH"",""follow"",""hotSwapIn""]],""monitor_states"":[1,-1]}","{""constant_initializer"":0,""history"":[""stopOldSpec_P_ALWAYS_FLY_HIGH"",""hotSwapIn""],""history_monitor_state"":1}",RS_UNTESTED,Free-product sufficient condition failed; this is not a plant-reachable RS counterexample.,NOT_APPLICABLE,NOT_APPLICABLE,,,,,,,,,,,,,,UNVERIFIED_ENTRY_VALUATION_LANGUAGE,False,NOT_APPLICABLE,False,NOT_APPLICABLE,NOT_APPLICABLE,"All one-shot free pre-entry observer valuations enumerated. Observer synchronization and compiled-reset consistency are diagnostics; saved DFA does not expose a valuation-parameterized semantic initializer, so E exactness is unverified.","[{""pre_entry_history"":[""stopOldSpec_P_ALWAYS_FLY_HIGH""],""entry_values"":[true,false],""post_entry_values"":[true,false],""canonical_post_entry_values"":[false,false],""kind"":""observer_difference_not_language_counterexample""}]",4,460,False,True,True,"[{""pre_entry_history"":[""stopOldSpec_P_ALWAYS_FLY_HIGH""],""entry_values"":[true,false],""post_entry_values"":[true,false],""canonical_post_entry_values"":[false,false],""kind"":""observer_difference_not_language_counterexample""}]",False,null,"All one-shot free pre-entry observer valuations enumerated. Observer synchronization and compiled-reset consistency are diagnostics; saved DFA does not expose a valuation-parameterized semantic initializer, so E exactness is unverified.",False,UNVERIFIED_OUTSIDE_E_PRIME_SUFFICIENT_CONDITION,False,"[""*"",""follow"",""high"",""low"",""mid"",""move"",""picture"",""return2base"",""scan"",""startNewSpec_P_FOLLOWING_ACTIONS"",""stopOldSpec_P_ALWAYS_FLY_HIGH"",""stopOldSpec_P_BATTERY_SAFETY_OLD"",""stopOldSpec_P_DETECTED_ACTIONS"",""stopOldSpec_P_DONT_PICTURE_TWICE"",""stopOldSpec_P_DONT_SCAN_TWICE"",""stopOldSpec_P_HIGH_PRIORITY_TO_MISSION"",""stopOldSpec_P_HOW_TO_MOVE"",""takeoff""]","[{""initiating"":[""follow"",""high"",""low"",""mid"",""move"",""picture"",""return2base"",""scan"",""takeoff""],""kind"":""event_predicate"",""name"":""{follow, high, low, mid, move, picture, return2base, scan, takeoff}"",""reasons"":[""not_a_declared_fluent"",""non_update_initiating_label"",""non_update_terminating_label""],""terminating"":[""*""]}]",True,"{""computed_boundary"":0,""error"":"""",""initializer_mode"":""constant_after_hotSwapIn"",""monitor_initial"":0,""saved_boundary"":0}","The E-prime sufficient condition is not established. Event predicates or plant-fluent values can depend on pre-entry ordinary history; their valuation-parameterized reference languages remain unavailable. This is unverified, not a language counterexample; boundary diagnostics are reported separately."
surveillance,r1,R1_OTF_P_NO_FOLLOW_BEFORE_SCAN,upd,3,2,2,"AfterStopBeforeStart_P_NO_FOLLOW_BEFORE_SCAN;{follow, high, low, mid, move, picture, return2base, scan, takeoff}",constant_after_hotSwapIn,0,compiled actual monitor plus independent free-product BFS including absorbing ERROR,surveillance.json,False,False,False,7,224,4,3,NOT_USED_FOR_UPD,"{""fluent_values"":[true,false],""histories"":[[""stopOldSpec_P_ALWAYS_FLY_HIGH""],[""stopOldSpec_P_ALWAYS_FLY_HIGH"",""follow"",""hotSwapIn""]],""monitor_states"":[1,-1]}","{""constant_initializer"":0,""history"":[""stopOldSpec_P_ALWAYS_FLY_HIGH"",""hotSwapIn""],""history_monitor_state"":1}",RS_UNTESTED,Free-product sufficient condition failed; this is not a plant-reachable RS counterexample.,NOT_APPLICABLE,NOT_APPLICABLE,,,,,,,,,,,,,,UNVERIFIED_ENTRY_VALUATION_LANGUAGE,False,NOT_APPLICABLE,False,NOT_APPLICABLE,NOT_APPLICABLE,"All one-shot free pre-entry observer valuations enumerated. Observer synchronization and compiled-reset consistency are diagnostics; saved DFA does not expose a valuation-parameterized semantic initializer, so E exactness is unverified.","[{""pre_entry_history"":[""stopOldSpec_P_ALWAYS_FLY_HIGH""],""entry_values"":[true,false],""post_entry_values"":[true,false],""canonical_post_entry_values"":[false,false],""kind"":""observer_difference_not_language_counterexample""}]",4,460,False,True,True,"[{""pre_entry_history"":[""stopOldSpec_P_ALWAYS_FLY_HIGH""],""entry_values"":[true,false],""post_entry_values"":[true,false],""canonical_post_entry_values"":[false,false],""kind"":""observer_difference_not_language_counterexample""}]",False,null,"All one-shot free pre-entry observer valuations enumerated. Observer synchronization and compiled-reset consistency are diagnostics; saved DFA does not expose a valuation-parameterized semantic initializer, so E exactness is unverified.",False,UNVERIFIED_OUTSIDE_E_PRIME_SUFFICIENT_CONDITION,False,"[""*"",""follow"",""high"",""low"",""mid"",""move"",""picture"",""return2base"",""scan"",""startNewSpec_P_NO_FOLLOW_BEFORE_SCAN"",""stopOldSpec_P_ALWAYS_FLY_HIGH"",""stopOldSpec_P_BATTERY_SAFETY_OLD"",""stopOldSpec_P_DETECTED_ACTIONS"",""stopOldSpec_P_DONT_PICTURE_TWICE"",""stopOldSpec_P_DONT_SCAN_TWICE"",""stopOldSpec_P_HIGH_PRIORITY_TO_MISSION"",""stopOldSpec_P_HOW_TO_MOVE"",""takeoff""]","[{""initiating"":[""follow"",""high"",""low"",""mid"",""move"",""picture"",""return2base"",""scan"",""takeoff""],""kind"":""event_predicate"",""name"":""{follow, high, low, mid, move, picture, return2base, scan, takeoff}"",""reasons"":[""not_a_declared_fluent"",""non_update_initiating_label"",""non_update_terminating_label""],""terminating"":[""*""]}]",True,"{""computed_boundary"":0,""error"":"""",""initializer_mode"":""constant_after_hotSwapIn"",""monitor_initial"":0,""saved_boundary"":0}","The E-prime sufficient condition is not established. Event predicates or plant-fluent values can depend on pre-entry ordinary history; their valuation-parameterized reference languages remain unavailable. This is unverified, not a language counterexample; boundary diagnostics are reported separately."
surveillance,r1,R1_OTF_P_HIGH_PRIORITY_TO_MISSION,upd,3,2,2,"AfterStopBeforeStart_P_HIGH_PRIORITY_TO_MISSION;{follow, high, low, mid, move, picture, return2base, scan, takeoff}",constant_after_hotSwapIn,0,compiled actual monitor plus independent free-product BFS including absorbing ERROR,surveillance.json,False,False,False,7,224,4,3,NOT_USED_FOR_UPD,"{""fluent_values"":[true,false],""histories"":[[""stopOldSpec_P_ALWAYS_FLY_HIGH""],[""stopOldSpec_P_ALWAYS_FLY_HIGH"",""follow"",""hotSwapIn""]],""monitor_states"":[1,-1]}","{""constant_initializer"":0,""history"":[""stopOldSpec_P_ALWAYS_FLY_HIGH"",""hotSwapIn""],""history_monitor_state"":1}",RS_UNTESTED,Free-product sufficient condition failed; this is not a plant-reachable RS counterexample.,NOT_APPLICABLE,NOT_APPLICABLE,,,,,,,,,,,,,,UNVERIFIED_ENTRY_VALUATION_LANGUAGE,False,NOT_APPLICABLE,False,NOT_APPLICABLE,NOT_APPLICABLE,"All one-shot free pre-entry observer valuations enumerated. Observer synchronization and compiled-reset consistency are diagnostics; saved DFA does not expose a valuation-parameterized semantic initializer, so E exactness is unverified.","[{""pre_entry_history"":[""stopOldSpec_P_ALWAYS_FLY_HIGH""],""entry_values"":[true,false],""post_entry_values"":[true,false],""canonical_post_entry_values"":[false,false],""kind"":""observer_difference_not_language_counterexample""}]",4,460,False,True,True,"[{""pre_entry_history"":[""stopOldSpec_P_ALWAYS_FLY_HIGH""],""entry_values"":[true,false],""post_entry_values"":[true,false],""canonical_post_entry_values"":[false,false],""kind"":""observer_difference_not_language_counterexample""}]",False,null,"All one-shot free pre-entry observer valuations enumerated. Observer synchronization and compiled-reset consistency are diagnostics; saved DFA does not expose a valuation-parameterized semantic initializer, so E exactness is unverified.",False,UNVERIFIED_OUTSIDE_E_PRIME_SUFFICIENT_CONDITION,False,"[""*"",""follow"",""high"",""low"",""mid"",""move"",""picture"",""return2base"",""scan"",""startNewSpec_P_HIGH_PRIORITY_TO_MISSION"",""stopOldSpec_P_ALWAYS_FLY_HIGH"",""stopOldSpec_P_BATTERY_SAFETY_OLD"",""stopOldSpec_P_DETECTED_ACTIONS"",""stopOldSpec_P_DONT_PICTURE_TWICE"",""stopOldSpec_P_DONT_SCAN_TWICE"",""stopOldSpec_P_HIGH_PRIORITY_TO_MISSION"",""stopOldSpec_P_HOW_TO_MOVE"",""takeoff""]","[{""initiating"":[""follow"",""high"",""low"",""mid"",""move"",""picture"",""return2base"",""scan"",""takeoff""],""kind"":""event_predicate"",""name"":""{follow, high, low, mid, move, picture, return2base, scan, takeoff}"",""reasons"":[""not_a_declared_fluent"",""non_update_initiating_label"",""non_update_terminating_label""],""terminating"":[""*""]}]",True,"{""computed_boundary"":0,""error"":"""",""initializer_mode"":""constant_after_hotSwapIn"",""monitor_initial"":0,""saved_boundary"":0}","The E-prime sufficient condition is not established. Event predicates or plant-fluent values can depend on pre-entry ordinary history; their valuation-parameterized reference languages remain unavailable. This is unverified, not a language counterexample; boundary diagnostics are reported separately."
surveillance,r1,R1_OTF_P_NEW_HOW_TO_MOVE,upd,3,2,2,"AfterStopBeforeStart_P_NEW_HOW_TO_MOVE;{follow, high, low, mid, move, picture, return2base, scan, takeoff}",constant_after_hotSwapIn,0,compiled actual monitor plus independent free-product BFS including absorbing ERROR,surveillance.json,False,False,False,7,224,4,3,NOT_USED_FOR_UPD,"{""fluent_values"":[true,false],""histories"":[[""stopOldSpec_P_ALWAYS_FLY_HIGH""],[""stopOldSpec_P_ALWAYS_FLY_HIGH"",""follow"",""hotSwapIn""]],""monitor_states"":[1,-1]}","{""constant_initializer"":0,""history"":[""stopOldSpec_P_ALWAYS_FLY_HIGH"",""hotSwapIn""],""history_monitor_state"":1}",RS_UNTESTED,Free-product sufficient condition failed; this is not a plant-reachable RS counterexample.,NOT_APPLICABLE,NOT_APPLICABLE,,,,,,,,,,,,,,UNVERIFIED_ENTRY_VALUATION_LANGUAGE,False,NOT_APPLICABLE,False,NOT_APPLICABLE,NOT_APPLICABLE,"All one-shot free pre-entry observer valuations enumerated. Observer synchronization and compiled-reset consistency are diagnostics; saved DFA does not expose a valuation-parameterized semantic initializer, so E exactness is unverified.","[{""pre_entry_history"":[""stopOldSpec_P_ALWAYS_FLY_HIGH""],""entry_values"":[true,false],""post_entry_values"":[true,false],""canonical_post_entry_values"":[false,false],""kind"":""observer_difference_not_language_counterexample""}]",4,460,False,True,True,"[{""pre_entry_history"":[""stopOldSpec_P_ALWAYS_FLY_HIGH""],""entry_values"":[true,false],""post_entry_values"":[true,false],""canonical_post_entry_values"":[false,false],""kind"":""observer_difference_not_language_counterexample""}]",False,null,"All one-shot free pre-entry observer valuations enumerated. Observer synchronization and compiled-reset consistency are diagnostics; saved DFA does not expose a valuation-parameterized semantic initializer, so E exactness is unverified.",False,UNVERIFIED_OUTSIDE_E_PRIME_SUFFICIENT_CONDITION,False,"[""*"",""follow"",""high"",""low"",""mid"",""move"",""picture"",""return2base"",""scan"",""startNewSpec_P_NEW_HOW_TO_MOVE"",""stopOldSpec_P_ALWAYS_FLY_HIGH"",""stopOldSpec_P_BATTERY_SAFETY_OLD"",""stopOldSpec_P_DETECTED_ACTIONS"",""stopOldSpec_P_DONT_PICTURE_TWICE"",""stopOldSpec_P_DONT_SCAN_TWICE"",""stopOldSpec_P_HIGH_PRIORITY_TO_MISSION"",""stopOldSpec_P_HOW_TO_MOVE"",""takeoff""]","[{""initiating"":[""follow"",""high"",""low"",""mid"",""move"",""picture"",""return2base"",""scan"",""takeoff""],""kind"":""event_predicate"",""name"":""{follow, high, low, mid, move, picture, return2base, scan, takeoff}"",""reasons"":[""not_a_declared_fluent"",""non_update_initiating_label"",""non_update_terminating_label""],""terminating"":[""*""]}]",True,"{""computed_boundary"":0,""error"":"""",""initializer_mode"":""constant_after_hotSwapIn"",""monitor_initial"":0,""saved_boundary"":0}","The E-prime sufficient condition is not established. Event predicates or plant-fluent values can depend on pre-entry ordinary history; their valuation-parameterized reference languages remain unavailable. This is unverified, not a language counterexample; boundary diagnostics are reported separately."
surveillance,r1,R1_OTF_P_DONT_SCAN_TWICE,upd,3,2,2,"AfterStopBeforeStart_P_DONT_SCAN_TWICE;{follow, high, low, mid, move, picture, return2base, scan, takeoff}",constant_after_hotSwapIn,0,compiled actual monitor plus independent free-product BFS including absorbing ERROR,surveillance.json,False,False,False,7,224,4,3,NOT_USED_FOR_UPD,"{""fluent_values"":[true,false],""histories"":[[""stopOldSpec_P_ALWAYS_FLY_HIGH""],[""stopOldSpec_P_ALWAYS_FLY_HIGH"",""follow"",""hotSwapIn""]],""monitor_states"":[1,-1]}","{""constant_initializer"":0,""history"":[""stopOldSpec_P_ALWAYS_FLY_HIGH"",""hotSwapIn""],""history_monitor_state"":1}",RS_UNTESTED,Free-product sufficient condition failed; this is not a plant-reachable RS counterexample.,NOT_APPLICABLE,NOT_APPLICABLE,,,,,,,,,,,,,,UNVERIFIED_ENTRY_VALUATION_LANGUAGE,False,NOT_APPLICABLE,False,NOT_APPLICABLE,NOT_APPLICABLE,"All one-shot free pre-entry observer valuations enumerated. Observer synchronization and compiled-reset consistency are diagnostics; saved DFA does not expose a valuation-parameterized semantic initializer, so E exactness is unverified.","[{""pre_entry_history"":[""stopOldSpec_P_ALWAYS_FLY_HIGH""],""entry_values"":[true,false],""post_entry_values"":[true,false],""canonical_post_entry_values"":[false,false],""kind"":""observer_difference_not_language_counterexample""}]",4,460,False,True,True,"[{""pre_entry_history"":[""stopOldSpec_P_ALWAYS_FLY_HIGH""],""entry_values"":[true,false],""post_entry_values"":[true,false],""canonical_post_entry_values"":[false,false],""kind"":""observer_difference_not_language_counterexample""}]",False,null,"All one-shot free pre-entry observer valuations enumerated. Observer synchronization and compiled-reset consistency are diagnostics; saved DFA does not expose a valuation-parameterized semantic initializer, so E exactness is unverified.",False,UNVERIFIED_OUTSIDE_E_PRIME_SUFFICIENT_CONDITION,False,"[""*"",""follow"",""high"",""low"",""mid"",""move"",""picture"",""return2base"",""scan"",""startNewSpec_P_DONT_SCAN_TWICE"",""stopOldSpec_P_ALWAYS_FLY_HIGH"",""stopOldSpec_P_BATTERY_SAFETY_OLD"",""stopOldSpec_P_DETECTED_ACTIONS"",""stopOldSpec_P_DONT_PICTURE_TWICE"",""stopOldSpec_P_DONT_SCAN_TWICE"",""stopOldSpec_P_HIGH_PRIORITY_TO_MISSION"",""stopOldSpec_P_HOW_TO_MOVE"",""takeoff""]","[{""initiating"":[""follow"",""high"",""low"",""mid"",""move"",""picture"",""return2base"",""scan"",""takeoff""],""kind"":""event_predicate"",""name"":""{follow, high, low, mid, move, picture, return2base, scan, takeoff}"",""reasons"":[""not_a_declared_fluent"",""non_update_initiating_label"",""non_update_terminating_label""],""terminating"":[""*""]}]",True,"{""computed_boundary"":0,""error"":"""",""initializer_mode"":""constant_after_hotSwapIn"",""monitor_initial"":0,""saved_boundary"":0}","The E-prime sufficient condition is not established. Event predicates or plant-fluent values can depend on pre-entry ordinary history; their valuation-parameterized reference languages remain unavailable. This is unverified, not a language counterexample; boundary diagnostics are reported separately."
surveillance,r1,R1_OTF_P_BATTERY_SAFETY_NEW,upd,3,2,2,"AfterStopBeforeStart_P_BATTERY_SAFETY_NEW;{follow, high, low, mid, move, picture, return2base, scan, takeoff}",constant_after_hotSwapIn,0,compiled actual monitor plus independent free-product BFS including absorbing ERROR,surveillance.json,False,False,False,7,224,4,3,NOT_USED_FOR_UPD,"{""fluent_values"":[true,false],""histories"":[[""stopOldSpec_P_ALWAYS_FLY_HIGH""],[""stopOldSpec_P_ALWAYS_FLY_HIGH"",""follow"",""hotSwapIn""]],""monitor_states"":[1,-1]}","{""constant_initializer"":0,""history"":[""stopOldSpec_P_ALWAYS_FLY_HIGH"",""hotSwapIn""],""history_monitor_state"":1}",RS_UNTESTED,Free-product sufficient condition failed; this is not a plant-reachable RS counterexample.,NOT_APPLICABLE,NOT_APPLICABLE,,,,,,,,,,,,,,UNVERIFIED_ENTRY_VALUATION_LANGUAGE,False,NOT_APPLICABLE,False,NOT_APPLICABLE,NOT_APPLICABLE,"All one-shot free pre-entry observer valuations enumerated. Observer synchronization and compiled-reset consistency are diagnostics; saved DFA does not expose a valuation-parameterized semantic initializer, so E exactness is unverified.","[{""pre_entry_history"":[""stopOldSpec_P_ALWAYS_FLY_HIGH""],""entry_values"":[true,false],""post_entry_values"":[true,false],""canonical_post_entry_values"":[false,false],""kind"":""observer_difference_not_language_counterexample""}]",4,460,False,True,True,"[{""pre_entry_history"":[""stopOldSpec_P_ALWAYS_FLY_HIGH""],""entry_values"":[true,false],""post_entry_values"":[true,false],""canonical_post_entry_values"":[false,false],""kind"":""observer_difference_not_language_counterexample""}]",False,null,"All one-shot free pre-entry observer valuations enumerated. Observer synchronization and compiled-reset consistency are diagnostics; saved DFA does not expose a valuation-parameterized semantic initializer, so E exactness is unverified.",False,UNVERIFIED_OUTSIDE_E_PRIME_SUFFICIENT_CONDITION,False,"[""*"",""follow"",""high"",""low"",""mid"",""move"",""picture"",""return2base"",""scan"",""startNewSpec_P_BATTERY_SAFETY_NEW"",""stopOldSpec_P_ALWAYS_FLY_HIGH"",""stopOldSpec_P_BATTERY_SAFETY_OLD"",""stopOldSpec_P_DETECTED_ACTIONS"",""stopOldSpec_P_DONT_PICTURE_TWICE"",""stopOldSpec_P_DONT_SCAN_TWICE"",""stopOldSpec_P_HIGH_PRIORITY_TO_MISSION"",""stopOldSpec_P_HOW_TO_MOVE"",""takeoff""]","[{""initiating"":[""follow"",""high"",""low"",""mid"",""move"",""picture"",""return2base"",""scan"",""takeoff""],""kind"":""event_predicate"",""name"":""{follow, high, low, mid, move, picture, return2base, scan, takeoff}"",""reasons"":[""not_a_declared_fluent"",""non_update_initiating_label"",""non_update_terminating_label""],""terminating"":[""*""]}]",True,"{""computed_boundary"":0,""error"":"""",""initializer_mode"":""constant_after_hotSwapIn"",""monitor_initial"":0,""saved_boundary"":0}","The E-prime sufficient condition is not established. Event predicates or plant-fluent values can depend on pre-entry ordinary history; their valuation-parameterized reference languages remain unavailable. This is unverified, not a language counterexample; boundary diagnostics are reported separately."
surveillance,r2,P_ALWAYS_FLY_LOW,new,4,3,3,MissionStarted;FlyingHigh;FlyingMid,fluent_lookup_nonerror_entries,0,compiled actual monitor plus independent free-product BFS including absorbing ERROR,surveillance.json,False,False,False,10,320,6,4,True,"{""fluent_values"":[true,false,false],""histories"":[[""takeoff""],[""high"",""takeoff"",""low""]],""monitor_states"":[1,-1]}","{""constant_initializer"":0,""history"":[""high"",""hotSwapIn""],""history_monitor_state"":2}",RS_UNTESTED,Free-product sufficient condition failed; this is not a plant-reachable RS counterexample.,EXACT_ON_NONEMPTY_SAFE_ACTIVATION_DOMAIN,True,True,True,True,4,4,2,4,2,"[{""values"":[false,false,false],""state"":0},{""values"":[false,false,true],""state"":2},{""values"":[false,true,false],""state"":2},{""values"":[true,false,false],""state"":1}]",[],NOT_CHECKED_WITHOUT_PLANT,source-rule reconstruction; runtime lookup table not exported,"Sufficient only on actual non-error activation entries with nonempty safe-history set; empty safe-history intersections are universal, so inclusion alone is automatic. Full continuation-language equivalence is stronger than one-shot equivalence.",NOT_APPLICABLE,NOT_APPLICABLE,True,NOT_APPLICABLE,[],"Sufficient only on actual non-error activation entries with nonempty safe-history set; empty safe-history intersections are universal, so inclusion alone is automatic. Full continuation-language equivalence is stronger than one-shot equivalence.",NOT_APPLICABLE,NOT_APPLICABLE,,,,,,,,,,NOT_APPLICABLE,NOT_APPLICABLE,NOT_APPLICABLE,NOT_APPLICABLE,NOT_APPLICABLE,NOT_APPLICABLE,NOT_APPLICABLE,NOT_APPLICABLE
surveillance,r2,P_FOLLOWING_ACTIONS,new,7,6,6,picture;Following;scan;SuspiciousActivityDetected;PictureSent;follow,fluent_lookup_nonerror_entries,0,compiled actual monitor plus independent free-product BFS including absorbing ERROR,surveillance.json,False,False,False,44,1408,28,16,True,"{""fluent_values"":[false,true,false,false,false,true],""histories"":[[""follow""],[""picture"",""follow""]],""monitor_states"":[1,-1]}","{""constant_initializer"":0,""history"":[""follow"",""hotSwapIn""],""history_monitor_state"":1}",RS_UNTESTED,Free-product sufficient condition failed; this is not a plant-reachable RS counterexample.,EXACT_ON_NONEMPTY_SAFE_ACTIVATION_DOMAIN,True,True,True,True,304,16,12,16,12,"[{""values"":[false,false,false,false,false,false],""state"":0},{""values"":[false,false,false,false,true,false],""state"":3},{""values"":[false,false,false,true,false,false],""state"":2},{""values"":[false,false,false,true,true,false],""state"":5},{""values"":[false,false,true,false,false,false],""state"":0},{""values"":[false,false,true,false,true,false],""state"":3},{""values"":[false,true,false,false,false,false],""state"":1},{""values"":[false,true,false,false,false,true],""state"":1},{""values"":[false,true,false,false,true,false],""state"":4},{""values"":[false,true,false,true,false,false],""state"":1},{""values"":[false,true,false,true,false,true],""state"":1},{""values"":[false,true,false,true,true,false],""state"":4},{""values"":[true,true,false,false,false,false],""state"":1},{""values"":[true,true,false,false,true,false],""state"":4},{""values"":[true,true,false,true,false,false],""state"":1},{""values"":[true,true,false,true,true,false],""state"":4}]",[],NOT_CHECKED_WITHOUT_PLANT,source-rule reconstruction; runtime lookup table not exported,"Sufficient only on actual non-error activation entries with nonempty safe-history set; empty safe-history intersections are universal, so inclusion alone is automatic. Full continuation-language equivalence is stronger than one-shot equivalence.",NOT_APPLICABLE,NOT_APPLICABLE,True,NOT_APPLICABLE,[],"Sufficient only on actual non-error activation entries with nonempty safe-history set; empty safe-history intersections are universal, so inclusion alone is automatic. Full continuation-language equivalence is stronger than one-shot equivalence.",NOT_APPLICABLE,NOT_APPLICABLE,,,,,,,,,,NOT_APPLICABLE,NOT_APPLICABLE,NOT_APPLICABLE,NOT_APPLICABLE,NOT_APPLICABLE,NOT_APPLICABLE,NOT_APPLICABLE,NOT_APPLICABLE
surveillance,r2,P_NO_FOLLOW_BEFORE_SCAN,new,3,2,2,follow;SuspiciousActivityDetected,fluent_lookup_nonerror_entries,0,compiled actual monitor plus independent free-product BFS including absorbing ERROR,surveillance.json,False,False,False,7,224,4,3,True,"{""fluent_values"":[false,false],""histories"":[[],[""follow"",""high""]],""monitor_states"":[0,-1]}","{""constant_initializer"":0,""history"":[""follow"",""hotSwapIn""],""history_monitor_state"":-1}",RS_UNTESTED,Free-product sufficient condition failed; this is not a plant-reachable RS counterexample.,EXACT_ON_NONEMPTY_SAFE_ACTIVATION_DOMAIN,True,True,True,True,57,3,1,3,1,"[{""values"":[false,false],""state"":0},{""values"":[false,true],""state"":1},{""values"":[true,true],""state"":1}]",[],NOT_CHECKED_WITHOUT_PLANT,source-rule reconstruction; runtime lookup table not exported,"Sufficient only on actual non-error activation entries with nonempty safe-history set; empty safe-history intersections are universal, so inclusion alone is automatic. Full continuation-language equivalence is stronger than one-shot equivalence.",NOT_APPLICABLE,NOT_APPLICABLE,True,NOT_APPLICABLE,[],"Sufficient only on actual non-error activation entries with nonempty safe-history set; empty safe-history intersections are universal, so inclusion alone is automatic. Full continuation-language equivalence is stronger than one-shot equivalence.",NOT_APPLICABLE,NOT_APPLICABLE,,,,,,,,,,NOT_APPLICABLE,NOT_APPLICABLE,NOT_APPLICABLE,NOT_APPLICABLE,NOT_APPLICABLE,NOT_APPLICABLE,NOT_APPLICABLE,NOT_APPLICABLE
surveillance,r2,P_HIGH_PRIORITY_TO_MISSION,new,3,2,2,return2base;NoBattery,fluent_lookup_nonerror_entries,0,compiled actual monitor plus independent free-product BFS including absorbing ERROR,surveillance.json,False,False,False,7,224,4,3,True,"{""fluent_values"":[false,false],""histories"":[[],[""return2base"",""follow""]],""monitor_states"":[0,-1]}","{""constant_initializer"":0,""history"":[""lowBattery"",""hotSwapIn""],""history_monitor_state"":1}",RS_UNTESTED,Free-product sufficient condition failed; this is not a plant-reachable RS counterexample.,EXACT_ON_NONEMPTY_SAFE_ACTIVATION_DOMAIN,True,True,True,True,57,3,1,3,1,"[{""values"":[false,false],""state"":0},{""values"":[false,true],""state"":1},{""values"":[true,true],""state"":1}]",[],NOT_CHECKED_WITHOUT_PLANT,source-rule reconstruction; runtime lookup table not exported,"Sufficient only on actual non-error activation entries with nonempty safe-history set; empty safe-history intersections are universal, so inclusion alone is automatic. Full continuation-language equivalence is stronger than one-shot equivalence.",NOT_APPLICABLE,NOT_APPLICABLE,True,NOT_APPLICABLE,[],"Sufficient only on actual non-error activation entries with nonempty safe-history set; empty safe-history intersections are universal, so inclusion alone is automatic. Full continuation-language equivalence is stronger than one-shot equivalence.",NOT_APPLICABLE,NOT_APPLICABLE,,,,,,,,,,NOT_APPLICABLE,NOT_APPLICABLE,NOT_APPLICABLE,NOT_APPLICABLE,NOT_APPLICABLE,NOT_APPLICABLE,NOT_APPLICABLE,NOT_APPLICABLE
surveillance,r2,P_NEW_HOW_TO_MOVE,new,3,2,3,move;Following;NewSuspiciousActivityDetected,fluent_lookup_nonerror_entries,0,compiled actual monitor plus independent free-product BFS including absorbing ERROR,surveillance.json,False,False,False,13,416,8,5,True,"{""fluent_values"":[false,true,false],""histories"":[[""follow""],[""follow"",""move"",""follow""]],""monitor_states"":[1,-1]}","{""constant_initializer"":0,""history"":[""follow"",""hotSwapIn""],""history_monitor_state"":1}",RS_UNTESTED,Free-product sufficient condition failed; this is not a plant-reachable RS counterexample.,EXACT_ON_NONEMPTY_SAFE_ACTIVATION_DOMAIN,True,True,True,True,95,5,3,5,3,"[{""values"":[false,false,false],""state"":0},{""values"":[false,false,true],""state"":1},{""values"":[false,true,false],""state"":1},{""values"":[false,true,true],""state"":1},{""values"":[true,false,false],""state"":0}]",[],NOT_CHECKED_WITHOUT_PLANT,source-rule reconstruction; runtime lookup table not exported,"Sufficient only on actual non-error activation entries with nonempty safe-history set; empty safe-history intersections are universal, so inclusion alone is automatic. Full continuation-language equivalence is stronger than one-shot equivalence.",NOT_APPLICABLE,NOT_APPLICABLE,True,NOT_APPLICABLE,[],"Sufficient only on actual non-error activation entries with nonempty safe-history set; empty safe-history intersections are universal, so inclusion alone is automatic. Full continuation-language equivalence is stronger than one-shot equivalence.",NOT_APPLICABLE,NOT_APPLICABLE,,,,,,,,,,NOT_APPLICABLE,NOT_APPLICABLE,NOT_APPLICABLE,NOT_APPLICABLE,NOT_APPLICABLE,NOT_APPLICABLE,NOT_APPLICABLE,NOT_APPLICABLE
surveillance,r2,P_DONT_SCAN_TWICE,new,3,2,2,scan;ZoneScaned,fluent_lookup_nonerror_entries,0,compiled actual monitor plus independent free-product BFS including absorbing ERROR,surveillance.json,False,False,False,7,224,4,3,True,"{""fluent_values"":[false,true],""histories"":[[""scan.val.0""],[""scan.val.0"",""scan"",""follow""]],""monitor_states"":[1,-1]}","{""constant_initializer"":0,""history"":[""scan.val.0"",""hotSwapIn""],""history_monitor_state"":1}",RS_UNTESTED,Free-product sufficient condition failed; this is not a plant-reachable RS counterexample.,EXACT_ON_NONEMPTY_SAFE_ACTIVATION_DOMAIN,True,True,True,True,57,3,1,3,1,"[{""values"":[false,false],""state"":0},{""values"":[false,true],""state"":1},{""values"":[true,false],""state"":0}]",[],NOT_CHECKED_WITHOUT_PLANT,source-rule reconstruction; runtime lookup table not exported,"Sufficient only on actual non-error activation entries with nonempty safe-history set; empty safe-history intersections are universal, so inclusion alone is automatic. Full continuation-language equivalence is stronger than one-shot equivalence.",NOT_APPLICABLE,NOT_APPLICABLE,True,NOT_APPLICABLE,[],"Sufficient only on actual non-error activation entries with nonempty safe-history set; empty safe-history intersections are universal, so inclusion alone is automatic. Full continuation-language equivalence is stronger than one-shot equivalence.",NOT_APPLICABLE,NOT_APPLICABLE,,,,,,,,,,NOT_APPLICABLE,NOT_APPLICABLE,NOT_APPLICABLE,NOT_APPLICABLE,NOT_APPLICABLE,NOT_APPLICABLE,NOT_APPLICABLE,NOT_APPLICABLE
surveillance,r2,P_BATTERY_SAFETY_NEW,new,3,2,2,BatteryIsEmpty;JustDidEnergyActionNew,fluent_lookup_nonerror_entries,0,compiled actual monitor plus independent free-product BFS including absorbing ERROR,surveillance.json,False,False,False,7,224,4,3,True,"{""fluent_values"":[true,false],""histories"":[[""lowBattery""],[""lowBattery"",""follow"",""lowBattery""]],""monitor_states"":[1,-1]}","{""constant_initializer"":0,""history"":[""lowBattery"",""hotSwapIn""],""history_monitor_state"":1}",RS_UNTESTED,Free-product sufficient condition failed; this is not a plant-reachable RS counterexample.,EXACT_ON_NONEMPTY_SAFE_ACTIVATION_DOMAIN,True,True,True,True,3,3,1,3,1,"[{""values"":[false,false],""state"":0},{""values"":[false,true],""state"":0},{""values"":[true,false],""state"":1}]",[],NOT_CHECKED_WITHOUT_PLANT,source-rule reconstruction; runtime lookup table not exported,"Sufficient only on actual non-error activation entries with nonempty safe-history set; empty safe-history intersections are universal, so inclusion alone is automatic. Full continuation-language equivalence is stronger than one-shot equivalence.",NOT_APPLICABLE,NOT_APPLICABLE,True,NOT_APPLICABLE,[],"Sufficient only on actual non-error activation entries with nonempty safe-history set; empty safe-history intersections are universal, so inclusion alone is automatic. Full continuation-language equivalence is stronger than one-shot equivalence.",NOT_APPLICABLE,NOT_APPLICABLE,,,,,,,,,,NOT_APPLICABLE,NOT_APPLICABLE,NOT_APPLICABLE,NOT_APPLICABLE,NOT_APPLICABLE,NOT_APPLICABLE,NOT_APPLICABLE,NOT_APPLICABLE
surveillance,r2,R2_StopOldSpec_P_HIGH_PRIORITY_TO_MISSION,upd,3,2,3,Pending_StopOldSpec_P_HIGH_PRIORITY_TO_MISSION;Pending_Reconfigure_MISSION;Pending_Reconfigure_BATTERY_COUNTER,constant_after_hotSwapIn,1,compiled actual monitor plus independent free-product BFS including absorbing ERROR,surveillance.json,False,False,False,13,416,8,5,NOT_USED_FOR_UPD,"{""fluent_values"":[true,true,true],""histories"":[[""hotSwapIn""],[""hotSwapIn"",""reconfigure_BATTERY_COUNTER"",""hotSwapIn""]],""monitor_states"":[1,-1]}","{""constant_initializer"":1,""history"":[""hotSwapIn"",""reconfigure_BATTERY_COUNTER"",""hotSwapIn""],""history_monitor_state"":-1}",RS_UNTESTED,Free-product sufficient condition failed; this is not a plant-reachable RS counterexample.,NOT_APPLICABLE,NOT_APPLICABLE,,,,,,,,,,,,,,UNVERIFIED_ENTRY_VALUATION_LANGUAGE,False,NOT_APPLICABLE,False,NOT_APPLICABLE,NOT_APPLICABLE,"All one-shot free pre-entry observer valuations enumerated. Observer synchronization and compiled-reset consistency are diagnostics; saved DFA does not expose a valuation-parameterized semantic initializer, so E exactness is unverified.","[{""kind"":""missing_reference_language"",""reason"":""Compiled-reset and observer synchronization do not provide a valuation-parameterized semantic initializer.""}]",1,8,True,True,True,[],False,null,"All one-shot free pre-entry observer valuations enumerated. Observer synchronization and compiled-reset consistency are diagnostics; saved DFA does not expose a valuation-parameterized semantic initializer, so E exactness is unverified.",True,LEMMA_E_PRIME,True,"[""hotSwapIn"",""reconfigure_BATTERY_COUNTER"",""reconfigure_MISSION"",""stopOldSpec_P_HIGH_PRIORITY_TO_MISSION""]",[],True,"{""computed_boundary"":1,""error"":"""",""initializer_mode"":""constant_after_hotSwapIn"",""monitor_initial"":0,""saved_boundary"":1}","Lemma E-prime: every referenced observer is a declared fluent affected only by recognized update labels. No update label occurs before entry, so every entry has the declared initial valuation; the non-error constant initializer equals monitor state 0 after one hotSwapIn. Exact under the stated entry-scoped interpretation."
surveillance,r2,R2_StopOldSpec_P_DONT_SCAN_TWICE,upd,3,2,3,Pending_StopOldSpec_P_DONT_SCAN_TWICE;Pending_Reconfigure_MISSION;Pending_Reconfigure_BATTERY_COUNTER,constant_after_hotSwapIn,1,compiled actual monitor plus independent free-product BFS including absorbing ERROR,surveillance.json,False,False,False,13,416,8,5,NOT_USED_FOR_UPD,"{""fluent_values"":[true,true,true],""histories"":[[""hotSwapIn""],[""hotSwapIn"",""reconfigure_BATTERY_COUNTER"",""hotSwapIn""]],""monitor_states"":[1,-1]}","{""constant_initializer"":1,""history"":[""hotSwapIn"",""reconfigure_BATTERY_COUNTER"",""hotSwapIn""],""history_monitor_state"":-1}",RS_UNTESTED,Free-product sufficient condition failed; this is not a plant-reachable RS counterexample.,NOT_APPLICABLE,NOT_APPLICABLE,,,,,,,,,,,,,,UNVERIFIED_ENTRY_VALUATION_LANGUAGE,False,NOT_APPLICABLE,False,NOT_APPLICABLE,NOT_APPLICABLE,"All one-shot free pre-entry observer valuations enumerated. Observer synchronization and compiled-reset consistency are diagnostics; saved DFA does not expose a valuation-parameterized semantic initializer, so E exactness is unverified.","[{""kind"":""missing_reference_language"",""reason"":""Compiled-reset and observer synchronization do not provide a valuation-parameterized semantic initializer.""}]",1,8,True,True,True,[],False,null,"All one-shot free pre-entry observer valuations enumerated. Observer synchronization and compiled-reset consistency are diagnostics; saved DFA does not expose a valuation-parameterized semantic initializer, so E exactness is unverified.",True,LEMMA_E_PRIME,True,"[""hotSwapIn"",""reconfigure_BATTERY_COUNTER"",""reconfigure_MISSION"",""stopOldSpec_P_DONT_SCAN_TWICE""]",[],True,"{""computed_boundary"":1,""error"":"""",""initializer_mode"":""constant_after_hotSwapIn"",""monitor_initial"":0,""saved_boundary"":1}","Lemma E-prime: every referenced observer is a declared fluent affected only by recognized update labels. No update label occurs before entry, so every entry has the declared initial valuation; the non-error constant initializer equals monitor state 0 after one hotSwapIn. Exact under the stated entry-scoped interpretation."
surveillance,r2,R2_StopOldSpec_P_ALWAYS_FLY_HIGH,upd,3,2,3,Pending_StopOldSpec_P_ALWAYS_FLY_HIGH;Pending_Reconfigure_MISSION;Pending_Reconfigure_BATTERY_COUNTER,constant_after_hotSwapIn,1,compiled actual monitor plus independent free-product BFS including absorbing ERROR,surveillance.json,False,False,False,13,416,8,5,NOT_USED_FOR_UPD,"{""fluent_values"":[true,true,true],""histories"":[[""hotSwapIn""],[""hotSwapIn"",""reconfigure_BATTERY_COUNTER"",""hotSwapIn""]],""monitor_states"":[1,-1]}","{""constant_initializer"":1,""history"":[""hotSwapIn"",""reconfigure_BATTERY_COUNTER"",""hotSwapIn""],""history_monitor_state"":-1}",RS_UNTESTED,Free-product sufficient condition failed; this is not a plant-reachable RS counterexample.,NOT_APPLICABLE,NOT_APPLICABLE,,,,,,,,,,,,,,UNVERIFIED_ENTRY_VALUATION_LANGUAGE,False,NOT_APPLICABLE,False,NOT_APPLICABLE,NOT_APPLICABLE,"All one-shot free pre-entry observer valuations enumerated. Observer synchronization and compiled-reset consistency are diagnostics; saved DFA does not expose a valuation-parameterized semantic initializer, so E exactness is unverified.","[{""kind"":""missing_reference_language"",""reason"":""Compiled-reset and observer synchronization do not provide a valuation-parameterized semantic initializer.""}]",1,8,True,True,True,[],False,null,"All one-shot free pre-entry observer valuations enumerated. Observer synchronization and compiled-reset consistency are diagnostics; saved DFA does not expose a valuation-parameterized semantic initializer, so E exactness is unverified.",True,LEMMA_E_PRIME,True,"[""hotSwapIn"",""reconfigure_BATTERY_COUNTER"",""reconfigure_MISSION"",""stopOldSpec_P_ALWAYS_FLY_HIGH""]",[],True,"{""computed_boundary"":1,""error"":"""",""initializer_mode"":""constant_after_hotSwapIn"",""monitor_initial"":0,""saved_boundary"":1}","Lemma E-prime: every referenced observer is a declared fluent affected only by recognized update labels. No update label occurs before entry, so every entry has the declared initial valuation; the non-error constant initializer equals monitor state 0 after one hotSwapIn. Exact under the stated entry-scoped interpretation."
surveillance,r2,R2_StopOldSpec_P_DETECTED_ACTIONS,upd,3,2,3,Pending_StopOldSpec_P_DETECTED_ACTIONS;Pending_Reconfigure_MISSION;Pending_Reconfigure_BATTERY_COUNTER,constant_after_hotSwapIn,1,compiled actual monitor plus independent free-product BFS including absorbing ERROR,surveillance.json,False,False,False,13,416,8,5,NOT_USED_FOR_UPD,"{""fluent_values"":[true,true,true],""histories"":[[""hotSwapIn""],[""hotSwapIn"",""reconfigure_BATTERY_COUNTER"",""hotSwapIn""]],""monitor_states"":[1,-1]}","{""constant_initializer"":1,""history"":[""hotSwapIn"",""reconfigure_BATTERY_COUNTER"",""hotSwapIn""],""history_monitor_state"":-1}",RS_UNTESTED,Free-product sufficient condition failed; this is not a plant-reachable RS counterexample.,NOT_APPLICABLE,NOT_APPLICABLE,,,,,,,,,,,,,,UNVERIFIED_ENTRY_VALUATION_LANGUAGE,False,NOT_APPLICABLE,False,NOT_APPLICABLE,NOT_APPLICABLE,"All one-shot free pre-entry observer valuations enumerated. Observer synchronization and compiled-reset consistency are diagnostics; saved DFA does not expose a valuation-parameterized semantic initializer, so E exactness is unverified.","[{""kind"":""missing_reference_language"",""reason"":""Compiled-reset and observer synchronization do not provide a valuation-parameterized semantic initializer.""}]",1,8,True,True,True,[],False,null,"All one-shot free pre-entry observer valuations enumerated. Observer synchronization and compiled-reset consistency are diagnostics; saved DFA does not expose a valuation-parameterized semantic initializer, so E exactness is unverified.",True,LEMMA_E_PRIME,True,"[""hotSwapIn"",""reconfigure_BATTERY_COUNTER"",""reconfigure_MISSION"",""stopOldSpec_P_DETECTED_ACTIONS""]",[],True,"{""computed_boundary"":1,""error"":"""",""initializer_mode"":""constant_after_hotSwapIn"",""monitor_initial"":0,""saved_boundary"":1}","Lemma E-prime: every referenced observer is a declared fluent affected only by recognized update labels. No update label occurs before entry, so every entry has the declared initial valuation; the non-error constant initializer equals monitor state 0 after one hotSwapIn. Exact under the stated entry-scoped interpretation."
surveillance,r2,R2_StopOldSpec_P_HOW_TO_MOVE,upd,3,2,3,Pending_StopOldSpec_P_HOW_TO_MOVE;Pending_Reconfigure_MISSION;Pending_Reconfigure_BATTERY_COUNTER,constant_after_hotSwapIn,1,compiled actual monitor plus independent free-product BFS including absorbing ERROR,surveillance.json,False,False,False,13,416,8,5,NOT_USED_FOR_UPD,"{""fluent_values"":[true,true,true],""histories"":[[""hotSwapIn""],[""hotSwapIn"",""reconfigure_BATTERY_COUNTER"",""hotSwapIn""]],""monitor_states"":[1,-1]}","{""constant_initializer"":1,""history"":[""hotSwapIn"",""reconfigure_BATTERY_COUNTER"",""hotSwapIn""],""history_monitor_state"":-1}",RS_UNTESTED,Free-product sufficient condition failed; this is not a plant-reachable RS counterexample.,NOT_APPLICABLE,NOT_APPLICABLE,,,,,,,,,,,,,,UNVERIFIED_ENTRY_VALUATION_LANGUAGE,False,NOT_APPLICABLE,False,NOT_APPLICABLE,NOT_APPLICABLE,"All one-shot free pre-entry observer valuations enumerated. Observer synchronization and compiled-reset consistency are diagnostics; saved DFA does not expose a valuation-parameterized semantic initializer, so E exactness is unverified.","[{""kind"":""missing_reference_language"",""reason"":""Compiled-reset and observer synchronization do not provide a valuation-parameterized semantic initializer.""}]",1,8,True,True,True,[],False,null,"All one-shot free pre-entry observer valuations enumerated. Observer synchronization and compiled-reset consistency are diagnostics; saved DFA does not expose a valuation-parameterized semantic initializer, so E exactness is unverified.",True,LEMMA_E_PRIME,True,"[""hotSwapIn"",""reconfigure_BATTERY_COUNTER"",""reconfigure_MISSION"",""stopOldSpec_P_HOW_TO_MOVE""]",[],True,"{""computed_boundary"":1,""error"":"""",""initializer_mode"":""constant_after_hotSwapIn"",""monitor_initial"":0,""saved_boundary"":1}","Lemma E-prime: every referenced observer is a declared fluent affected only by recognized update labels. No update label occurs before entry, so every entry has the declared initial valuation; the non-error constant initializer equals monitor state 0 after one hotSwapIn. Exact under the stated entry-scoped interpretation."
surveillance,r2,R2_StopOldSpec_P_DONT_PICTURE_TWICE,upd,3,2,3,Pending_StopOldSpec_P_DONT_PICTURE_TWICE;Pending_Reconfigure_MISSION;Pending_Reconfigure_BATTERY_COUNTER,constant_after_hotSwapIn,1,compiled actual monitor plus independent free-product BFS including absorbing ERROR,surveillance.json,False,False,False,13,416,8,5,NOT_USED_FOR_UPD,"{""fluent_values"":[true,true,true],""histories"":[[""hotSwapIn""],[""hotSwapIn"",""reconfigure_BATTERY_COUNTER"",""hotSwapIn""]],""monitor_states"":[1,-1]}","{""constant_initializer"":1,""history"":[""hotSwapIn"",""reconfigure_BATTERY_COUNTER"",""hotSwapIn""],""history_monitor_state"":-1}",RS_UNTESTED,Free-product sufficient condition failed; this is not a plant-reachable RS counterexample.,NOT_APPLICABLE,NOT_APPLICABLE,,,,,,,,,,,,,,UNVERIFIED_ENTRY_VALUATION_LANGUAGE,False,NOT_APPLICABLE,False,NOT_APPLICABLE,NOT_APPLICABLE,"All one-shot free pre-entry observer valuations enumerated. Observer synchronization and compiled-reset consistency are diagnostics; saved DFA does not expose a valuation-parameterized semantic initializer, so E exactness is unverified.","[{""kind"":""missing_reference_language"",""reason"":""Compiled-reset and observer synchronization do not provide a valuation-parameterized semantic initializer.""}]",1,8,True,True,True,[],False,null,"All one-shot free pre-entry observer valuations enumerated. Observer synchronization and compiled-reset consistency are diagnostics; saved DFA does not expose a valuation-parameterized semantic initializer, so E exactness is unverified.",True,LEMMA_E_PRIME,True,"[""hotSwapIn"",""reconfigure_BATTERY_COUNTER"",""reconfigure_MISSION"",""stopOldSpec_P_DONT_PICTURE_TWICE""]",[],True,"{""computed_boundary"":1,""error"":"""",""initializer_mode"":""constant_after_hotSwapIn"",""monitor_initial"":0,""saved_boundary"":1}","Lemma E-prime: every referenced observer is a declared fluent affected only by recognized update labels. No update label occurs before entry, so every entry has the declared initial valuation; the non-error constant initializer equals monitor state 0 after one hotSwapIn. Exact under the stated entry-scoped interpretation."
surveillance,r2,R2_StopOldSpec_P_BATTERY_SAFETY_OLD,upd,3,2,3,Pending_StopOldSpec_P_BATTERY_SAFETY_OLD;Pending_Reconfigure_MISSION;Pending_Reconfigure_BATTERY_COUNTER,constant_after_hotSwapIn,1,compiled actual monitor plus independent free-product BFS including absorbing ERROR,surveillance.json,False,False,False,13,416,8,5,NOT_USED_FOR_UPD,"{""fluent_values"":[true,true,true],""histories"":[[""hotSwapIn""],[""hotSwapIn"",""reconfigure_BATTERY_COUNTER"",""hotSwapIn""]],""monitor_states"":[1,-1]}","{""constant_initializer"":1,""history"":[""hotSwapIn"",""reconfigure_BATTERY_COUNTER"",""hotSwapIn""],""history_monitor_state"":-1}",RS_UNTESTED,Free-product sufficient condition failed; this is not a plant-reachable RS counterexample.,NOT_APPLICABLE,NOT_APPLICABLE,,,,,,,,,,,,,,UNVERIFIED_ENTRY_VALUATION_LANGUAGE,False,NOT_APPLICABLE,False,NOT_APPLICABLE,NOT_APPLICABLE,"All one-shot free pre-entry observer valuations enumerated. Observer synchronization and compiled-reset consistency are diagnostics; saved DFA does not expose a valuation-parameterized semantic initializer, so E exactness is unverified.","[{""kind"":""missing_reference_language"",""reason"":""Compiled-reset and observer synchronization do not provide a valuation-parameterized semantic initializer.""}]",1,8,True,True,True,[],False,null,"All one-shot free pre-entry observer valuations enumerated. Observer synchronization and compiled-reset consistency are diagnostics; saved DFA does not expose a valuation-parameterized semantic initializer, so E exactness is unverified.",True,LEMMA_E_PRIME,True,"[""hotSwapIn"",""reconfigure_BATTERY_COUNTER"",""reconfigure_MISSION"",""stopOldSpec_P_BATTERY_SAFETY_OLD""]",[],True,"{""computed_boundary"":1,""error"":"""",""initializer_mode"":""constant_after_hotSwapIn"",""monitor_initial"":0,""saved_boundary"":1}","Lemma E-prime: every referenced observer is a declared fluent affected only by recognized update labels. No update label occurs before entry, so every entry has the declared initial valuation; the non-error constant initializer equals monitor state 0 after one hotSwapIn. Exact under the stated entry-scoped interpretation."
surveillance,r2,R2_StartNewSpec_P_HIGH_PRIORITY_TO_MISSION,upd,3,2,3,Pending_StartNewSpec_P_HIGH_PRIORITY_TO_MISSION;Pending_Reconfigure_MISSION;Pending_Reconfigure_BATTERY_COUNTER,constant_after_hotSwapIn,1,compiled actual monitor plus independent free-product BFS including absorbing ERROR,surveillance.json,False,False,False,13,416,8,5,NOT_USED_FOR_UPD,"{""fluent_values"":[true,true,true],""histories"":[[""hotSwapIn""],[""hotSwapIn"",""reconfigure_BATTERY_COUNTER"",""hotSwapIn""]],""monitor_states"":[1,-1]}","{""constant_initializer"":1,""history"":[""hotSwapIn"",""reconfigure_BATTERY_COUNTER"",""hotSwapIn""],""history_monitor_state"":-1}",RS_UNTESTED,Free-product sufficient condition failed; this is not a plant-reachable RS counterexample.,NOT_APPLICABLE,NOT_APPLICABLE,,,,,,,,,,,,,,UNVERIFIED_ENTRY_VALUATION_LANGUAGE,False,NOT_APPLICABLE,False,NOT_APPLICABLE,NOT_APPLICABLE,"All one-shot free pre-entry observer valuations enumerated. Observer synchronization and compiled-reset consistency are diagnostics; saved DFA does not expose a valuation-parameterized semantic initializer, so E exactness is unverified.","[{""kind"":""missing_reference_language"",""reason"":""Compiled-reset and observer synchronization do not provide a valuation-parameterized semantic initializer.""}]",1,8,True,True,True,[],False,null,"All one-shot free pre-entry observer valuations enumerated. Observer synchronization and compiled-reset consistency are diagnostics; saved DFA does not expose a valuation-parameterized semantic initializer, so E exactness is unverified.",True,LEMMA_E_PRIME,True,"[""hotSwapIn"",""reconfigure_BATTERY_COUNTER"",""reconfigure_MISSION"",""startNewSpec_P_HIGH_PRIORITY_TO_MISSION""]",[],True,"{""computed_boundary"":1,""error"":"""",""initializer_mode"":""constant_after_hotSwapIn"",""monitor_initial"":0,""saved_boundary"":1}","Lemma E-prime: every referenced observer is a declared fluent affected only by recognized update labels. No update label occurs before entry, so every entry has the declared initial valuation; the non-error constant initializer equals monitor state 0 after one hotSwapIn. Exact under the stated entry-scoped interpretation."
surveillance,r2,R2_StartNewSpec_P_ALWAYS_FLY_LOW,upd,3,2,3,Pending_StartNewSpec_P_ALWAYS_FLY_LOW;Pending_Reconfigure_MISSION;Pending_Reconfigure_BATTERY_COUNTER,constant_after_hotSwapIn,1,compiled actual monitor plus independent free-product BFS including absorbing ERROR,surveillance.json,False,False,False,13,416,8,5,NOT_USED_FOR_UPD,"{""fluent_values"":[true,true,true],""histories"":[[""hotSwapIn""],[""hotSwapIn"",""reconfigure_BATTERY_COUNTER"",""hotSwapIn""]],""monitor_states"":[1,-1]}","{""constant_initializer"":1,""history"":[""hotSwapIn"",""reconfigure_BATTERY_COUNTER"",""hotSwapIn""],""history_monitor_state"":-1}",RS_UNTESTED,Free-product sufficient condition failed; this is not a plant-reachable RS counterexample.,NOT_APPLICABLE,NOT_APPLICABLE,,,,,,,,,,,,,,UNVERIFIED_ENTRY_VALUATION_LANGUAGE,False,NOT_APPLICABLE,False,NOT_APPLICABLE,NOT_APPLICABLE,"All one-shot free pre-entry observer valuations enumerated. Observer synchronization and compiled-reset consistency are diagnostics; saved DFA does not expose a valuation-parameterized semantic initializer, so E exactness is unverified.","[{""kind"":""missing_reference_language"",""reason"":""Compiled-reset and observer synchronization do not provide a valuation-parameterized semantic initializer.""}]",1,8,True,True,True,[],False,null,"All one-shot free pre-entry observer valuations enumerated. Observer synchronization and compiled-reset consistency are diagnostics; saved DFA does not expose a valuation-parameterized semantic initializer, so E exactness is unverified.",True,LEMMA_E_PRIME,True,"[""hotSwapIn"",""reconfigure_BATTERY_COUNTER"",""reconfigure_MISSION"",""startNewSpec_P_ALWAYS_FLY_LOW""]",[],True,"{""computed_boundary"":1,""error"":"""",""initializer_mode"":""constant_after_hotSwapIn"",""monitor_initial"":0,""saved_boundary"":1}","Lemma E-prime: every referenced observer is a declared fluent affected only by recognized update labels. No update label occurs before entry, so every entry has the declared initial valuation; the non-error constant initializer equals monitor state 0 after one hotSwapIn. Exact under the stated entry-scoped interpretation."
surveillance,r2,R2_StartNewSpec_P_NO_FOLLOW_BEFORE_SCAN,upd,3,2,3,Pending_StartNewSpec_P_NO_FOLLOW_BEFORE_SCAN;Pending_Reconfigure_MISSION;Pending_Reconfigure_BATTERY_COUNTER,constant_after_hotSwapIn,1,compiled actual monitor plus independent free-product BFS including absorbing ERROR,surveillance.json,False,False,False,13,416,8,5,NOT_USED_FOR_UPD,"{""fluent_values"":[true,true,true],""histories"":[[""hotSwapIn""],[""hotSwapIn"",""reconfigure_BATTERY_COUNTER"",""hotSwapIn""]],""monitor_states"":[1,-1]}","{""constant_initializer"":1,""history"":[""hotSwapIn"",""reconfigure_BATTERY_COUNTER"",""hotSwapIn""],""history_monitor_state"":-1}",RS_UNTESTED,Free-product sufficient condition failed; this is not a plant-reachable RS counterexample.,NOT_APPLICABLE,NOT_APPLICABLE,,,,,,,,,,,,,,UNVERIFIED_ENTRY_VALUATION_LANGUAGE,False,NOT_APPLICABLE,False,NOT_APPLICABLE,NOT_APPLICABLE,"All one-shot free pre-entry observer valuations enumerated. Observer synchronization and compiled-reset consistency are diagnostics; saved DFA does not expose a valuation-parameterized semantic initializer, so E exactness is unverified.","[{""kind"":""missing_reference_language"",""reason"":""Compiled-reset and observer synchronization do not provide a valuation-parameterized semantic initializer.""}]",1,8,True,True,True,[],False,null,"All one-shot free pre-entry observer valuations enumerated. Observer synchronization and compiled-reset consistency are diagnostics; saved DFA does not expose a valuation-parameterized semantic initializer, so E exactness is unverified.",True,LEMMA_E_PRIME,True,"[""hotSwapIn"",""reconfigure_BATTERY_COUNTER"",""reconfigure_MISSION"",""startNewSpec_P_NO_FOLLOW_BEFORE_SCAN""]",[],True,"{""computed_boundary"":1,""error"":"""",""initializer_mode"":""constant_after_hotSwapIn"",""monitor_initial"":0,""saved_boundary"":1}","Lemma E-prime: every referenced observer is a declared fluent affected only by recognized update labels. No update label occurs before entry, so every entry has the declared initial valuation; the non-error constant initializer equals monitor state 0 after one hotSwapIn. Exact under the stated entry-scoped interpretation."
surveillance,r2,R2_StartNewSpec_P_NEW_HOW_TO_MOVE,upd,3,2,3,Pending_StartNewSpec_P_NEW_HOW_TO_MOVE;Pending_Reconfigure_MISSION;Pending_Reconfigure_BATTERY_COUNTER,constant_after_hotSwapIn,1,compiled actual monitor plus independent free-product BFS including absorbing ERROR,surveillance.json,False,False,False,13,416,8,5,NOT_USED_FOR_UPD,"{""fluent_values"":[true,true,true],""histories"":[[""hotSwapIn""],[""hotSwapIn"",""reconfigure_BATTERY_COUNTER"",""hotSwapIn""]],""monitor_states"":[1,-1]}","{""constant_initializer"":1,""history"":[""hotSwapIn"",""reconfigure_BATTERY_COUNTER"",""hotSwapIn""],""history_monitor_state"":-1}",RS_UNTESTED,Free-product sufficient condition failed; this is not a plant-reachable RS counterexample.,NOT_APPLICABLE,NOT_APPLICABLE,,,,,,,,,,,,,,UNVERIFIED_ENTRY_VALUATION_LANGUAGE,False,NOT_APPLICABLE,False,NOT_APPLICABLE,NOT_APPLICABLE,"All one-shot free pre-entry observer valuations enumerated. Observer synchronization and compiled-reset consistency are diagnostics; saved DFA does not expose a valuation-parameterized semantic initializer, so E exactness is unverified.","[{""kind"":""missing_reference_language"",""reason"":""Compiled-reset and observer synchronization do not provide a valuation-parameterized semantic initializer.""}]",1,8,True,True,True,[],False,null,"All one-shot free pre-entry observer valuations enumerated. Observer synchronization and compiled-reset consistency are diagnostics; saved DFA does not expose a valuation-parameterized semantic initializer, so E exactness is unverified.",True,LEMMA_E_PRIME,True,"[""hotSwapIn"",""reconfigure_BATTERY_COUNTER"",""reconfigure_MISSION"",""startNewSpec_P_NEW_HOW_TO_MOVE""]",[],True,"{""computed_boundary"":1,""error"":"""",""initializer_mode"":""constant_after_hotSwapIn"",""monitor_initial"":0,""saved_boundary"":1}","Lemma E-prime: every referenced observer is a declared fluent affected only by recognized update labels. No update label occurs before entry, so every entry has the declared initial valuation; the non-error constant initializer equals monitor state 0 after one hotSwapIn. Exact under the stated entry-scoped interpretation."
surveillance,r2,R2_StartNewSpec_P_DONT_SCAN_TWICE,upd,3,2,3,Pending_StartNewSpec_P_DONT_SCAN_TWICE;Pending_Reconfigure_MISSION;Pending_Reconfigure_BATTERY_COUNTER,constant_after_hotSwapIn,1,compiled actual monitor plus independent free-product BFS including absorbing ERROR,surveillance.json,False,False,False,13,416,8,5,NOT_USED_FOR_UPD,"{""fluent_values"":[true,true,true],""histories"":[[""hotSwapIn""],[""hotSwapIn"",""reconfigure_BATTERY_COUNTER"",""hotSwapIn""]],""monitor_states"":[1,-1]}","{""constant_initializer"":1,""history"":[""hotSwapIn"",""reconfigure_BATTERY_COUNTER"",""hotSwapIn""],""history_monitor_state"":-1}",RS_UNTESTED,Free-product sufficient condition failed; this is not a plant-reachable RS counterexample.,NOT_APPLICABLE,NOT_APPLICABLE,,,,,,,,,,,,,,UNVERIFIED_ENTRY_VALUATION_LANGUAGE,False,NOT_APPLICABLE,False,NOT_APPLICABLE,NOT_APPLICABLE,"All one-shot free pre-entry observer valuations enumerated. Observer synchronization and compiled-reset consistency are diagnostics; saved DFA does not expose a valuation-parameterized semantic initializer, so E exactness is unverified.","[{""kind"":""missing_reference_language"",""reason"":""Compiled-reset and observer synchronization do not provide a valuation-parameterized semantic initializer.""}]",1,8,True,True,True,[],False,null,"All one-shot free pre-entry observer valuations enumerated. Observer synchronization and compiled-reset consistency are diagnostics; saved DFA does not expose a valuation-parameterized semantic initializer, so E exactness is unverified.",True,LEMMA_E_PRIME,True,"[""hotSwapIn"",""reconfigure_BATTERY_COUNTER"",""reconfigure_MISSION"",""startNewSpec_P_DONT_SCAN_TWICE""]",[],True,"{""computed_boundary"":1,""error"":"""",""initializer_mode"":""constant_after_hotSwapIn"",""monitor_initial"":0,""saved_boundary"":1}","Lemma E-prime: every referenced observer is a declared fluent affected only by recognized update labels. No update label occurs before entry, so every entry has the declared initial valuation; the non-error constant initializer equals monitor state 0 after one hotSwapIn. Exact under the stated entry-scoped interpretation."
surveillance,r2,R2_StartNewSpec_P_FOLLOWING_ACTIONS,upd,3,2,3,Pending_StartNewSpec_P_FOLLOWING_ACTIONS;Pending_Reconfigure_MISSION;Pending_Reconfigure_BATTERY_COUNTER,constant_after_hotSwapIn,1,compiled actual monitor plus independent free-product BFS including absorbing ERROR,surveillance.json,False,False,False,13,416,8,5,NOT_USED_FOR_UPD,"{""fluent_values"":[true,true,true],""histories"":[[""hotSwapIn""],[""hotSwapIn"",""reconfigure_BATTERY_COUNTER"",""hotSwapIn""]],""monitor_states"":[1,-1]}","{""constant_initializer"":1,""history"":[""hotSwapIn"",""reconfigure_BATTERY_COUNTER"",""hotSwapIn""],""history_monitor_state"":-1}",RS_UNTESTED,Free-product sufficient condition failed; this is not a plant-reachable RS counterexample.,NOT_APPLICABLE,NOT_APPLICABLE,,,,,,,,,,,,,,UNVERIFIED_ENTRY_VALUATION_LANGUAGE,False,NOT_APPLICABLE,False,NOT_APPLICABLE,NOT_APPLICABLE,"All one-shot free pre-entry observer valuations enumerated. Observer synchronization and compiled-reset consistency are diagnostics; saved DFA does not expose a valuation-parameterized semantic initializer, so E exactness is unverified.","[{""kind"":""missing_reference_language"",""reason"":""Compiled-reset and observer synchronization do not provide a valuation-parameterized semantic initializer.""}]",1,8,True,True,True,[],False,null,"All one-shot free pre-entry observer valuations enumerated. Observer synchronization and compiled-reset consistency are diagnostics; saved DFA does not expose a valuation-parameterized semantic initializer, so E exactness is unverified.",True,LEMMA_E_PRIME,True,"[""hotSwapIn"",""reconfigure_BATTERY_COUNTER"",""reconfigure_MISSION"",""startNewSpec_P_FOLLOWING_ACTIONS""]",[],True,"{""computed_boundary"":1,""error"":"""",""initializer_mode"":""constant_after_hotSwapIn"",""monitor_initial"":0,""saved_boundary"":1}","Lemma E-prime: every referenced observer is a declared fluent affected only by recognized update labels. No update label occurs before entry, so every entry has the declared initial valuation; the non-error constant initializer equals monitor state 0 after one hotSwapIn. Exact under the stated entry-scoped interpretation."
surveillance,r2,R2_StartNewSpec_P_BATTERY_SAFETY_NEW,upd,3,2,3,Pending_StartNewSpec_P_BATTERY_SAFETY_NEW;Pending_Reconfigure_MISSION;Pending_Reconfigure_BATTERY_COUNTER,constant_after_hotSwapIn,1,compiled actual monitor plus independent free-product BFS including absorbing ERROR,surveillance.json,False,False,False,13,416,8,5,NOT_USED_FOR_UPD,"{""fluent_values"":[true,true,true],""histories"":[[""hotSwapIn""],[""hotSwapIn"",""reconfigure_BATTERY_COUNTER"",""hotSwapIn""]],""monitor_states"":[1,-1]}","{""constant_initializer"":1,""history"":[""hotSwapIn"",""reconfigure_BATTERY_COUNTER"",""hotSwapIn""],""history_monitor_state"":-1}",RS_UNTESTED,Free-product sufficient condition failed; this is not a plant-reachable RS counterexample.,NOT_APPLICABLE,NOT_APPLICABLE,,,,,,,,,,,,,,UNVERIFIED_ENTRY_VALUATION_LANGUAGE,False,NOT_APPLICABLE,False,NOT_APPLICABLE,NOT_APPLICABLE,"All one-shot free pre-entry observer valuations enumerated. Observer synchronization and compiled-reset consistency are diagnostics; saved DFA does not expose a valuation-parameterized semantic initializer, so E exactness is unverified.","[{""kind"":""missing_reference_language"",""reason"":""Compiled-reset and observer synchronization do not provide a valuation-parameterized semantic initializer.""}]",1,8,True,True,True,[],False,null,"All one-shot free pre-entry observer valuations enumerated. Observer synchronization and compiled-reset consistency are diagnostics; saved DFA does not expose a valuation-parameterized semantic initializer, so E exactness is unverified.",True,LEMMA_E_PRIME,True,"[""hotSwapIn"",""reconfigure_BATTERY_COUNTER"",""reconfigure_MISSION"",""startNewSpec_P_BATTERY_SAFETY_NEW""]",[],True,"{""computed_boundary"":1,""error"":"""",""initializer_mode"":""constant_after_hotSwapIn"",""monitor_initial"":0,""saved_boundary"":1}","Lemma E-prime: every referenced observer is a declared fluent affected only by recognized update labels. No update label occurs before entry, so every entry has the declared initial valuation; the non-error constant initializer equals monitor state 0 after one hotSwapIn. Exact under the stated entry-scoped interpretation."
workflow,base,P_SEQUENTIAL,new,3,2,3,ShippingInitiated;ShippingFinished;BillingFinished,fluent_lookup_nonerror_entries,0,compiled actual monitor plus independent free-product BFS including absorbing ERROR,workflow.json,False,False,False,13,416,8,5,True,"{""fluent_values"":[false,true,true],""histories"":[[""endBilling"",""endShipping""],[""endShipping"",""endBilling""]],""monitor_states"":[1,-1]}","{""constant_initializer"":0,""history"":[""endBilling"",""hotSwapIn""],""history_monitor_state"":1}",RS_UNTESTED,Free-product sufficient condition failed; this is not a plant-reachable RS counterexample.,EXACT_ON_NONEMPTY_SAFE_ACTIVATION_DOMAIN,True,True,True,True,5,5,2,5,2,"[{""values"":[false,false,false],""state"":0},{""values"":[false,false,true],""state"":1},{""values"":[false,true,true],""state"":1},{""values"":[true,false,true],""state"":1},{""values"":[true,true,true],""state"":1}]",[],NOT_CHECKED_WITHOUT_PLANT,source-rule reconstruction; runtime lookup table not exported,"Sufficient only on actual non-error activation entries with nonempty safe-history set; empty safe-history intersections are universal, so inclusion alone is automatic. Full continuation-language equivalence is stronger than one-shot equivalence.",NOT_APPLICABLE,NOT_APPLICABLE,True,NOT_APPLICABLE,[],"Sufficient only on actual non-error activation entries with nonempty safe-history set; empty safe-history intersections are universal, so inclusion alone is automatic. Full continuation-language equivalence is stronger than one-shot equivalence.",NOT_APPLICABLE,NOT_APPLICABLE,,,,,,,,,,NOT_APPLICABLE,NOT_APPLICABLE,NOT_APPLICABLE,NOT_APPLICABLE,NOT_APPLICABLE,NOT_APPLICABLE,NOT_APPLICABLE,NOT_APPLICABLE
workflow,base,P_AVOID_ROLLBACK,new,2,1,1,rollback,fluent_lookup_nonerror_entries,0,compiled actual monitor plus independent free-product BFS including absorbing ERROR,workflow.json,False,False,False,3,96,2,1,True,"{""fluent_values"":[false],""histories"":[[],[""rollback"",""approve""]],""monitor_states"":[0,-1]}","{""constant_initializer"":0,""history"":[""rollback"",""hotSwapIn""],""history_monitor_state"":-1}",RS_UNTESTED,Free-product sufficient condition failed; this is not a plant-reachable RS counterexample.,EXACT_ON_NONEMPTY_SAFE_ACTIVATION_DOMAIN,True,True,True,True,19,1,1,1,1,"[{""values"":[false],""state"":0}]",[],NOT_CHECKED_WITHOUT_PLANT,source-rule reconstruction; runtime lookup table not exported,"Sufficient only on actual non-error activation entries with nonempty safe-history set; empty safe-history intersections are universal, so inclusion alone is automatic. Full continuation-language equivalence is stronger than one-shot equivalence.",NOT_APPLICABLE,NOT_APPLICABLE,True,NOT_APPLICABLE,[],"Sufficient only on actual non-error activation entries with nonempty safe-history set; empty safe-history intersections are universal, so inclusion alone is automatic. Full continuation-language equivalence is stronger than one-shot equivalence.",NOT_APPLICABLE,NOT_APPLICABLE,,,,,,,,,,NOT_APPLICABLE,NOT_APPLICABLE,NOT_APPLICABLE,NOT_APPLICABLE,NOT_APPLICABLE,NOT_APPLICABLE,NOT_APPLICABLE,NOT_APPLICABLE
workflow,base,P_EVAL_POLICY,new,5,4,3,eval;InventoryFinished;CreditFinished,fluent_lookup_nonerror_entries,0,compiled actual monitor plus independent free-product BFS including absorbing ERROR,workflow.json,False,False,False,13,416,8,5,True,"{""fluent_values"":[false,false,false],""histories"":[[],[""eval"",""approve""]],""monitor_states"":[0,-1]}","{""constant_initializer"":0,""history"":[""endCredit"",""hotSwapIn""],""history_monitor_state"":2}",RS_UNTESTED,Free-product sufficient condition failed; this is not a plant-reachable RS counterexample.,EXACT_ON_NONEMPTY_SAFE_ACTIVATION_DOMAIN,True,True,True,True,95,5,3,5,3,"[{""values"":[false,false,false],""state"":0},{""values"":[false,false,true],""state"":2},{""values"":[false,true,false],""state"":1},{""values"":[false,true,true],""state"":3},{""values"":[true,true,true],""state"":3}]",[],NOT_CHECKED_WITHOUT_PLANT,source-rule reconstruction; runtime lookup table not exported,"Sufficient only on actual non-error activation entries with nonempty safe-history set; empty safe-history intersections are universal, so inclusion alone is automatic. Full continuation-language equivalence is stronger than one-shot equivalence.",NOT_APPLICABLE,NOT_APPLICABLE,True,NOT_APPLICABLE,[],"Sufficient only on actual non-error activation entries with nonempty safe-history set; empty safe-history intersections are universal, so inclusion alone is automatic. Full continuation-language equivalence is stronger than one-shot equivalence.",NOT_APPLICABLE,NOT_APPLICABLE,,,,,,,,,,NOT_APPLICABLE,NOT_APPLICABLE,NOT_APPLICABLE,NOT_APPLICABLE,NOT_APPLICABLE,NOT_APPLICABLE,NOT_APPLICABLE,NOT_APPLICABLE
workflow,base,P_ARCHIVE_POLICY,new,5,4,3,archive;ShippingFinished;BillingFinished,fluent_lookup_nonerror_entries,0,compiled actual monitor plus independent free-product BFS including absorbing ERROR,workflow.json,False,False,False,13,416,8,5,True,"{""fluent_values"":[false,false,false],""histories"":[[],[""archive"",""approve""]],""monitor_states"":[0,-1]}","{""constant_initializer"":0,""history"":[""archive"",""hotSwapIn""],""history_monitor_state"":-1}",RS_UNTESTED,Free-product sufficient condition failed; this is not a plant-reachable RS counterexample.,EXACT_ON_NONEMPTY_SAFE_ACTIVATION_DOMAIN,True,True,True,True,95,5,3,5,3,"[{""values"":[false,false,false],""state"":0},{""values"":[false,false,true],""state"":2},{""values"":[false,true,false],""state"":1},{""values"":[false,true,true],""state"":3},{""values"":[true,true,true],""state"":3}]",[],NOT_CHECKED_WITHOUT_PLANT,source-rule reconstruction; runtime lookup table not exported,"Sufficient only on actual non-error activation entries with nonempty safe-history set; empty safe-history intersections are universal, so inclusion alone is automatic. Full continuation-language equivalence is stronger than one-shot equivalence.",NOT_APPLICABLE,NOT_APPLICABLE,True,NOT_APPLICABLE,[],"Sufficient only on actual non-error activation entries with nonempty safe-history set; empty safe-history intersections are universal, so inclusion alone is automatic. Full continuation-language equivalence is stronger than one-shot equivalence.",NOT_APPLICABLE,NOT_APPLICABLE,,,,,,,,,,NOT_APPLICABLE,NOT_APPLICABLE,NOT_APPLICABLE,NOT_APPLICABLE,NOT_APPLICABLE,NOT_APPLICABLE,NOT_APPLICABLE,NOT_APPLICABLE
workflow,base,P_INITS_POLICY,new,5,4,6,initInventory;OrderArrived;initCredit;initShipping;OrderApproved;initBilling,fluent_lookup_nonerror_entries,0,compiled actual monitor plus independent free-product BFS including absorbing ERROR,workflow.json,False,False,False,32,1024,20,12,True,"{""fluent_values"":[false,false,false,false,true,false],""histories"":[[""approve""],[""initBilling"",""approve""]],""monitor_states"":[2,-1]}","{""constant_initializer"":0,""history"":[""approve"",""hotSwapIn""],""history_monitor_state"":2}",RS_UNTESTED,Free-product sufficient condition failed; this is not a plant-reachable RS counterexample.,EXACT_ON_NONEMPTY_SAFE_ACTIVATION_DOMAIN,True,True,True,True,228,12,8,12,8,"[{""values"":[false,false,false,false,false,false],""state"":0},{""values"":[false,false,false,false,true,false],""state"":2},{""values"":[false,false,false,false,true,true],""state"":2},{""values"":[false,false,false,true,true,false],""state"":2},{""values"":[false,true,false,false,false,false],""state"":1},{""values"":[false,true,false,false,true,false],""state"":3},{""values"":[false,true,false,false,true,true],""state"":3},{""values"":[false,true,false,true,true,false],""state"":3},{""values"":[false,true,true,false,false,false],""state"":1},{""values"":[false,true,true,false,true,false],""state"":3},{""values"":[true,true,false,false,false,false],""state"":1},{""values"":[true,true,false,false,true,false],""state"":3}]",[],NOT_CHECKED_WITHOUT_PLANT,source-rule reconstruction; runtime lookup table not exported,"Sufficient only on actual non-error activation entries with nonempty safe-history set; empty safe-history intersections are universal, so inclusion alone is automatic. Full continuation-language equivalence is stronger than one-shot equivalence.",NOT_APPLICABLE,NOT_APPLICABLE,True,NOT_APPLICABLE,[],"Sufficient only on actual non-error activation entries with nonempty safe-history set; empty safe-history intersections are universal, so inclusion alone is automatic. Full continuation-language equivalence is stronger than one-shot equivalence.",NOT_APPLICABLE,NOT_APPLICABLE,,,,,,,,,,NOT_APPLICABLE,NOT_APPLICABLE,NOT_APPLICABLE,NOT_APPLICABLE,NOT_APPLICABLE,NOT_APPLICABLE,NOT_APPLICABLE,NOT_APPLICABLE
workflow,base,P_DONT_INIT_TWICE,new,17,16,8,InventoryFinished;initInventory;CreditFinished;initCredit;ShippingFinished;initShipping;BillingFinished;initBilling,fluent_lookup_nonerror_entries,0,compiled actual monitor plus independent free-product BFS including absorbing ERROR,workflow.json,False,False,False,128,4096,80,48,True,"{""fluent_values"":[false,false,false,false,false,false,true,false],""histories"":[[""endBilling""],[""endBilling"",""initBilling"",""approve""]],""monitor_states"":[4,-1]}","{""constant_initializer"":0,""history"":[""endBilling"",""hotSwapIn""],""history_monitor_state"":4}",RS_UNTESTED,Free-product sufficient condition failed; this is not a plant-reachable RS counterexample.,EXACT_ON_NONEMPTY_SAFE_ACTIVATION_DOMAIN,True,True,True,True,912,48,32,48,32,"[{""values"":[false,false,false,false,false,false,false,false],""state"":0},{""values"":[false,false,false,false,false,false,false,true],""state"":0},{""values"":[false,false,false,false,false,false,true,false],""state"":4},{""values"":[false,false,false,false,false,true,false,false],""state"":0},{""values"":[false,false,false,false,false,true,true,false],""state"":4},{""values"":[false,false,false,false,true,false,false,false],""state"":3},{""values"":[false,false,false,false,true,false,false,true],""state"":3},{""values"":[false,false,false,false,true,false,true,false],""state"":10},{""values"":[false,false,false,true,false,false,false,false],""state"":0},{""values"":[false,false,false,true,false,false,true,false],""state"":4},{""values"":[false,false,false,true,true,false,false,false],""state"":3},{""values"":[false,false,false,true,true,false,true,false],""state"":10},{""values"":[false,false,true,false,false,false,false,false],""state"":2},{""values"":[false,false,true,false,false,false,false,true],""state"":2},{""values"":[false,false,true,false,false,false,true,false],""state"":9},{""values"":[false,false,true,false,false,true,false,false],""state"":2},{""values"":[false,false,true,false,false,true,true,false],""state"":9},{""values"":[false,false,true,false,true,false,false,false],""state"":8},{""values"":[false,false,true,false,true,false,false,true],""state"":8},{""values"":[false,false,true,false,true,false,true,false],""state"":14},{""values"":[false,true,false,false,false,false,false,false],""state"":0},{""values"":[false,true,false,false,false,false,true,false],""state"":4},{""values"":[false,true,false,false,true,false,false,false],""state"":3},{""values"":[false,true,false,false,true,false,true,false],""state"":10},{""values"":[false,true,true,false,false,false,false,false],""state"":2},{""values"":[false,true,true,false,false,false,true,false],""state"":9},{""values"":[false,true,true,false,true,false,false,false],""state"":8},{""values"":[false,true,true,false,true,false,true,false],""state"":14},{""values"":[true,false,false,false,false,false,false,false],""state"":1},{""values"":[true,false,false,false,false,false,false,true],""state"":1},{""values"":[true,false,false,false,false,false,true,false],""state"":7},{""values"":[true,false,false,false,false,true,false,false],""state"":1},{""values"":[true,false,false,false,false,true,true,false],""state"":7},{""values"":[true,false,false,false,true,false,false,false],""state"":6},{""values"":[true,false,false,false,true,false,false,true],""state"":6},{""values"":[true,false,false,false,true,false,true,false],""state"":13},{""values"":[true,false,false,true,false,false,false,false],""state"":1},{""values"":[true,false,false,true,false,false,true,false],""state"":7},{""values"":[true,false,false,true,true,false,false,false],""state"":6},{""values"":[true,false,false,true,true,false,true,false],""state"":13},{""values"":[true,false,true,false,false,false,false,false],""state"":5},{""values"":[true,false,true,false,false,false,false,true],""state"":5},{""values"":[true,false,true,false,false,false,true,false],""state"":12},{""values"":[true,false,true,false,false,true,false,false],""state"":5},{""values"":[true,false,true,false,false,true,true,false],""state"":12},{""values"":[true,false,true,false,true,false,false,false],""state"":11},{""values"":[true,false,true,false,true,false,false,true],""state"":11},{""values"":[true,false,true,false,true,false,true,false],""state"":15}]",[],NOT_CHECKED_WITHOUT_PLANT,source-rule reconstruction; runtime lookup table not exported,"Sufficient only on actual non-error activation entries with nonempty safe-history set; empty safe-history intersections are universal, so inclusion alone is automatic. Full continuation-language equivalence is stronger than one-shot equivalence.",NOT_APPLICABLE,NOT_APPLICABLE,True,NOT_APPLICABLE,[],"Sufficient only on actual non-error activation entries with nonempty safe-history set; empty safe-history intersections are universal, so inclusion alone is automatic. Full continuation-language equivalence is stronger than one-shot equivalence.",NOT_APPLICABLE,NOT_APPLICABLE,,,,,,,,,,NOT_APPLICABLE,NOT_APPLICABLE,NOT_APPLICABLE,NOT_APPLICABLE,NOT_APPLICABLE,NOT_APPLICABLE,NOT_APPLICABLE,NOT_APPLICABLE
workflow,r1,P_SEQUENTIAL,new,3,2,3,ShippingInitiated;ShippingFinished;BillingFinished,fluent_lookup_nonerror_entries,0,compiled actual monitor plus independent free-product BFS including absorbing ERROR,workflow.json,False,False,False,13,416,8,5,True,"{""fluent_values"":[false,true,true],""histories"":[[""endBilling"",""endShipping""],[""endShipping"",""endBilling""]],""monitor_states"":[1,-1]}","{""constant_initializer"":0,""history"":[""endBilling"",""hotSwapIn""],""history_monitor_state"":1}",RS_UNTESTED,Free-product sufficient condition failed; this is not a plant-reachable RS counterexample.,EXACT_ON_NONEMPTY_SAFE_ACTIVATION_DOMAIN,True,True,True,True,5,5,2,5,2,"[{""values"":[false,false,false],""state"":0},{""values"":[false,false,true],""state"":1},{""values"":[false,true,true],""state"":1},{""values"":[true,false,true],""state"":1},{""values"":[true,true,true],""state"":1}]",[],NOT_CHECKED_WITHOUT_PLANT,source-rule reconstruction; runtime lookup table not exported,"Sufficient only on actual non-error activation entries with nonempty safe-history set; empty safe-history intersections are universal, so inclusion alone is automatic. Full continuation-language equivalence is stronger than one-shot equivalence.",NOT_APPLICABLE,NOT_APPLICABLE,True,NOT_APPLICABLE,[],"Sufficient only on actual non-error activation entries with nonempty safe-history set; empty safe-history intersections are universal, so inclusion alone is automatic. Full continuation-language equivalence is stronger than one-shot equivalence.",NOT_APPLICABLE,NOT_APPLICABLE,,,,,,,,,,NOT_APPLICABLE,NOT_APPLICABLE,NOT_APPLICABLE,NOT_APPLICABLE,NOT_APPLICABLE,NOT_APPLICABLE,NOT_APPLICABLE,NOT_APPLICABLE
workflow,r1,P_AVOID_ROLLBACK,new,2,1,1,rollback,fluent_lookup_nonerror_entries,0,compiled actual monitor plus independent free-product BFS including absorbing ERROR,workflow.json,False,False,False,3,96,2,1,True,"{""fluent_values"":[false],""histories"":[[],[""rollback"",""approve""]],""monitor_states"":[0,-1]}","{""constant_initializer"":0,""history"":[""rollback"",""hotSwapIn""],""history_monitor_state"":-1}",RS_UNTESTED,Free-product sufficient condition failed; this is not a plant-reachable RS counterexample.,EXACT_ON_NONEMPTY_SAFE_ACTIVATION_DOMAIN,True,True,True,True,19,1,1,1,1,"[{""values"":[false],""state"":0}]",[],NOT_CHECKED_WITHOUT_PLANT,source-rule reconstruction; runtime lookup table not exported,"Sufficient only on actual non-error activation entries with nonempty safe-history set; empty safe-history intersections are universal, so inclusion alone is automatic. Full continuation-language equivalence is stronger than one-shot equivalence.",NOT_APPLICABLE,NOT_APPLICABLE,True,NOT_APPLICABLE,[],"Sufficient only on actual non-error activation entries with nonempty safe-history set; empty safe-history intersections are universal, so inclusion alone is automatic. Full continuation-language equivalence is stronger than one-shot equivalence.",NOT_APPLICABLE,NOT_APPLICABLE,,,,,,,,,,NOT_APPLICABLE,NOT_APPLICABLE,NOT_APPLICABLE,NOT_APPLICABLE,NOT_APPLICABLE,NOT_APPLICABLE,NOT_APPLICABLE,NOT_APPLICABLE
workflow,r1,P_EVAL_POLICY,new,5,4,3,eval;InventoryFinished;CreditFinished,fluent_lookup_nonerror_entries,0,compiled actual monitor plus independent free-product BFS including absorbing ERROR,workflow.json,False,False,False,13,416,8,5,True,"{""fluent_values"":[false,false,false],""histories"":[[],[""eval"",""approve""]],""monitor_states"":[0,-1]}","{""constant_initializer"":0,""history"":[""endCredit"",""hotSwapIn""],""history_monitor_state"":2}",RS_UNTESTED,Free-product sufficient condition failed; this is not a plant-reachable RS counterexample.,EXACT_ON_NONEMPTY_SAFE_ACTIVATION_DOMAIN,True,True,True,True,95,5,3,5,3,"[{""values"":[false,false,false],""state"":0},{""values"":[false,false,true],""state"":2},{""values"":[false,true,false],""state"":1},{""values"":[false,true,true],""state"":3},{""values"":[true,true,true],""state"":3}]",[],NOT_CHECKED_WITHOUT_PLANT,source-rule reconstruction; runtime lookup table not exported,"Sufficient only on actual non-error activation entries with nonempty safe-history set; empty safe-history intersections are universal, so inclusion alone is automatic. Full continuation-language equivalence is stronger than one-shot equivalence.",NOT_APPLICABLE,NOT_APPLICABLE,True,NOT_APPLICABLE,[],"Sufficient only on actual non-error activation entries with nonempty safe-history set; empty safe-history intersections are universal, so inclusion alone is automatic. Full continuation-language equivalence is stronger than one-shot equivalence.",NOT_APPLICABLE,NOT_APPLICABLE,,,,,,,,,,NOT_APPLICABLE,NOT_APPLICABLE,NOT_APPLICABLE,NOT_APPLICABLE,NOT_APPLICABLE,NOT_APPLICABLE,NOT_APPLICABLE,NOT_APPLICABLE
workflow,r1,P_ARCHIVE_POLICY,new,5,4,3,archive;ShippingFinished;BillingFinished,fluent_lookup_nonerror_entries,0,compiled actual monitor plus independent free-product BFS including absorbing ERROR,workflow.json,False,False,False,13,416,8,5,True,"{""fluent_values"":[false,false,false],""histories"":[[],[""archive"",""approve""]],""monitor_states"":[0,-1]}","{""constant_initializer"":0,""history"":[""archive"",""hotSwapIn""],""history_monitor_state"":-1}",RS_UNTESTED,Free-product sufficient condition failed; this is not a plant-reachable RS counterexample.,EXACT_ON_NONEMPTY_SAFE_ACTIVATION_DOMAIN,True,True,True,True,95,5,3,5,3,"[{""values"":[false,false,false],""state"":0},{""values"":[false,false,true],""state"":2},{""values"":[false,true,false],""state"":1},{""values"":[false,true,true],""state"":3},{""values"":[true,true,true],""state"":3}]",[],NOT_CHECKED_WITHOUT_PLANT,source-rule reconstruction; runtime lookup table not exported,"Sufficient only on actual non-error activation entries with nonempty safe-history set; empty safe-history intersections are universal, so inclusion alone is automatic. Full continuation-language equivalence is stronger than one-shot equivalence.",NOT_APPLICABLE,NOT_APPLICABLE,True,NOT_APPLICABLE,[],"Sufficient only on actual non-error activation entries with nonempty safe-history set; empty safe-history intersections are universal, so inclusion alone is automatic. Full continuation-language equivalence is stronger than one-shot equivalence.",NOT_APPLICABLE,NOT_APPLICABLE,,,,,,,,,,NOT_APPLICABLE,NOT_APPLICABLE,NOT_APPLICABLE,NOT_APPLICABLE,NOT_APPLICABLE,NOT_APPLICABLE,NOT_APPLICABLE,NOT_APPLICABLE
workflow,r1,P_INITS_POLICY,new,5,4,6,initInventory;OrderArrived;initCredit;initShipping;OrderApproved;initBilling,fluent_lookup_nonerror_entries,0,compiled actual monitor plus independent free-product BFS including absorbing ERROR,workflow.json,False,False,False,32,1024,20,12,True,"{""fluent_values"":[false,false,false,false,true,false],""histories"":[[""approve""],[""initBilling"",""approve""]],""monitor_states"":[2,-1]}","{""constant_initializer"":0,""history"":[""approve"",""hotSwapIn""],""history_monitor_state"":2}",RS_UNTESTED,Free-product sufficient condition failed; this is not a plant-reachable RS counterexample.,EXACT_ON_NONEMPTY_SAFE_ACTIVATION_DOMAIN,True,True,True,True,228,12,8,12,8,"[{""values"":[false,false,false,false,false,false],""state"":0},{""values"":[false,false,false,false,true,false],""state"":2},{""values"":[false,false,false,false,true,true],""state"":2},{""values"":[false,false,false,true,true,false],""state"":2},{""values"":[false,true,false,false,false,false],""state"":1},{""values"":[false,true,false,false,true,false],""state"":3},{""values"":[false,true,false,false,true,true],""state"":3},{""values"":[false,true,false,true,true,false],""state"":3},{""values"":[false,true,true,false,false,false],""state"":1},{""values"":[false,true,true,false,true,false],""state"":3},{""values"":[true,true,false,false,false,false],""state"":1},{""values"":[true,true,false,false,true,false],""state"":3}]",[],NOT_CHECKED_WITHOUT_PLANT,source-rule reconstruction; runtime lookup table not exported,"Sufficient only on actual non-error activation entries with nonempty safe-history set; empty safe-history intersections are universal, so inclusion alone is automatic. Full continuation-language equivalence is stronger than one-shot equivalence.",NOT_APPLICABLE,NOT_APPLICABLE,True,NOT_APPLICABLE,[],"Sufficient only on actual non-error activation entries with nonempty safe-history set; empty safe-history intersections are universal, so inclusion alone is automatic. Full continuation-language equivalence is stronger than one-shot equivalence.",NOT_APPLICABLE,NOT_APPLICABLE,,,,,,,,,,NOT_APPLICABLE,NOT_APPLICABLE,NOT_APPLICABLE,NOT_APPLICABLE,NOT_APPLICABLE,NOT_APPLICABLE,NOT_APPLICABLE,NOT_APPLICABLE
workflow,r1,P_DONT_INIT_TWICE,new,17,16,8,InventoryFinished;initInventory;CreditFinished;initCredit;ShippingFinished;initShipping;BillingFinished;initBilling,fluent_lookup_nonerror_entries,0,compiled actual monitor plus independent free-product BFS including absorbing ERROR,workflow.json,False,False,False,128,4096,80,48,True,"{""fluent_values"":[false,false,false,false,false,false,true,false],""histories"":[[""endBilling""],[""endBilling"",""initBilling"",""approve""]],""monitor_states"":[4,-1]}","{""constant_initializer"":0,""history"":[""endBilling"",""hotSwapIn""],""history_monitor_state"":4}",RS_UNTESTED,Free-product sufficient condition failed; this is not a plant-reachable RS counterexample.,EXACT_ON_NONEMPTY_SAFE_ACTIVATION_DOMAIN,True,True,True,True,912,48,32,48,32,"[{""values"":[false,false,false,false,false,false,false,false],""state"":0},{""values"":[false,false,false,false,false,false,false,true],""state"":0},{""values"":[false,false,false,false,false,false,true,false],""state"":4},{""values"":[false,false,false,false,false,true,false,false],""state"":0},{""values"":[false,false,false,false,false,true,true,false],""state"":4},{""values"":[false,false,false,false,true,false,false,false],""state"":3},{""values"":[false,false,false,false,true,false,false,true],""state"":3},{""values"":[false,false,false,false,true,false,true,false],""state"":10},{""values"":[false,false,false,true,false,false,false,false],""state"":0},{""values"":[false,false,false,true,false,false,true,false],""state"":4},{""values"":[false,false,false,true,true,false,false,false],""state"":3},{""values"":[false,false,false,true,true,false,true,false],""state"":10},{""values"":[false,false,true,false,false,false,false,false],""state"":2},{""values"":[false,false,true,false,false,false,false,true],""state"":2},{""values"":[false,false,true,false,false,false,true,false],""state"":9},{""values"":[false,false,true,false,false,true,false,false],""state"":2},{""values"":[false,false,true,false,false,true,true,false],""state"":9},{""values"":[false,false,true,false,true,false,false,false],""state"":8},{""values"":[false,false,true,false,true,false,false,true],""state"":8},{""values"":[false,false,true,false,true,false,true,false],""state"":14},{""values"":[false,true,false,false,false,false,false,false],""state"":0},{""values"":[false,true,false,false,false,false,true,false],""state"":4},{""values"":[false,true,false,false,true,false,false,false],""state"":3},{""values"":[false,true,false,false,true,false,true,false],""state"":10},{""values"":[false,true,true,false,false,false,false,false],""state"":2},{""values"":[false,true,true,false,false,false,true,false],""state"":9},{""values"":[false,true,true,false,true,false,false,false],""state"":8},{""values"":[false,true,true,false,true,false,true,false],""state"":14},{""values"":[true,false,false,false,false,false,false,false],""state"":1},{""values"":[true,false,false,false,false,false,false,true],""state"":1},{""values"":[true,false,false,false,false,false,true,false],""state"":7},{""values"":[true,false,false,false,false,true,false,false],""state"":1},{""values"":[true,false,false,false,false,true,true,false],""state"":7},{""values"":[true,false,false,false,true,false,false,false],""state"":6},{""values"":[true,false,false,false,true,false,false,true],""state"":6},{""values"":[true,false,false,false,true,false,true,false],""state"":13},{""values"":[true,false,false,true,false,false,false,false],""state"":1},{""values"":[true,false,false,true,false,false,true,false],""state"":7},{""values"":[true,false,false,true,true,false,false,false],""state"":6},{""values"":[true,false,false,true,true,false,true,false],""state"":13},{""values"":[true,false,true,false,false,false,false,false],""state"":5},{""values"":[true,false,true,false,false,false,false,true],""state"":5},{""values"":[true,false,true,false,false,false,true,false],""state"":12},{""values"":[true,false,true,false,false,true,false,false],""state"":5},{""values"":[true,false,true,false,false,true,true,false],""state"":12},{""values"":[true,false,true,false,true,false,false,false],""state"":11},{""values"":[true,false,true,false,true,false,false,true],""state"":11},{""values"":[true,false,true,false,true,false,true,false],""state"":15}]",[],NOT_CHECKED_WITHOUT_PLANT,source-rule reconstruction; runtime lookup table not exported,"Sufficient only on actual non-error activation entries with nonempty safe-history set; empty safe-history intersections are universal, so inclusion alone is automatic. Full continuation-language equivalence is stronger than one-shot equivalence.",NOT_APPLICABLE,NOT_APPLICABLE,True,NOT_APPLICABLE,[],"Sufficient only on actual non-error activation entries with nonempty safe-history set; empty safe-history intersections are universal, so inclusion alone is automatic. Full continuation-language equivalence is stronger than one-shot equivalence.",NOT_APPLICABLE,NOT_APPLICABLE,,,,,,,,,,NOT_APPLICABLE,NOT_APPLICABLE,NOT_APPLICABLE,NOT_APPLICABLE,NOT_APPLICABLE,NOT_APPLICABLE,NOT_APPLICABLE,NOT_APPLICABLE
workflow,r1,R1_OTF_P_SEQUENTIAL,upd,3,2,2,"AfterStopBeforeStart_P_SEQUENTIAL;{archive, eval, initBilling, initCredit, initInventory, initShipping, rollback}",constant_after_hotSwapIn,0,compiled actual monitor plus independent free-product BFS including absorbing ERROR,workflow.json,False,False,False,7,224,4,3,NOT_USED_FOR_UPD,"{""fluent_values"":[true,false],""histories"":[[""stopOldSpec_P_ARCHIVE_POLICY""],[""stopOldSpec_P_ARCHIVE_POLICY"",""archive"",""approve""]],""monitor_states"":[1,-1]}","{""constant_initializer"":0,""history"":[""stopOldSpec_P_ARCHIVE_POLICY"",""hotSwapIn""],""history_monitor_state"":1}",RS_UNTESTED,Free-product sufficient condition failed; this is not a plant-reachable RS counterexample.,NOT_APPLICABLE,NOT_APPLICABLE,,,,,,,,,,,,,,UNVERIFIED_ENTRY_VALUATION_LANGUAGE,False,NOT_APPLICABLE,False,NOT_APPLICABLE,NOT_APPLICABLE,"All one-shot free pre-entry observer valuations enumerated. Observer synchronization and compiled-reset consistency are diagnostics; saved DFA does not expose a valuation-parameterized semantic initializer, so E exactness is unverified.","[{""pre_entry_history"":[""stopOldSpec_P_ARCHIVE_POLICY""],""entry_values"":[true,false],""post_entry_values"":[true,false],""canonical_post_entry_values"":[false,false],""kind"":""observer_difference_not_language_counterexample""}]",4,408,False,True,True,"[{""pre_entry_history"":[""stopOldSpec_P_ARCHIVE_POLICY""],""entry_values"":[true,false],""post_entry_values"":[true,false],""canonical_post_entry_values"":[false,false],""kind"":""observer_difference_not_language_counterexample""}]",False,null,"All one-shot free pre-entry observer valuations enumerated. Observer synchronization and compiled-reset consistency are diagnostics; saved DFA does not expose a valuation-parameterized semantic initializer, so E exactness is unverified.",False,UNVERIFIED_OUTSIDE_E_PRIME_SUFFICIENT_CONDITION,False,"[""*"",""archive"",""eval"",""initBilling"",""initCredit"",""initInventory"",""initShipping"",""rollback"",""startNewSpec_P_SEQUENTIAL"",""stopOldSpec_P_ARCHIVE_POLICY"",""stopOldSpec_P_AVOID_ROLLBACK"",""stopOldSpec_P_DONT_INIT_TWICE"",""stopOldSpec_P_EVAL_POLICY"",""stopOldSpec_P_INITS_POLICY""]","[{""initiating"":[""archive"",""eval"",""initBilling"",""initCredit"",""initInventory"",""initShipping"",""rollback""],""kind"":""event_predicate"",""name"":""{archive, eval, initBilling, initCredit, initInventory, initShipping, rollback}"",""reasons"":[""not_a_declared_fluent"",""non_update_initiating_label"",""non_update_terminating_label""],""terminating"":[""*""]}]",True,"{""computed_boundary"":0,""error"":"""",""initializer_mode"":""constant_after_hotSwapIn"",""monitor_initial"":0,""saved_boundary"":0}","The E-prime sufficient condition is not established. Event predicates or plant-fluent values can depend on pre-entry ordinary history; their valuation-parameterized reference languages remain unavailable. This is unverified, not a language counterexample; boundary diagnostics are reported separately."
workflow,r1,R1_OTF_P_AVOID_ROLLBACK,upd,3,2,2,"AfterStopBeforeStart_P_AVOID_ROLLBACK;{archive, eval, initBilling, initCredit, initInventory, initShipping, rollback}",constant_after_hotSwapIn,0,compiled actual monitor plus independent free-product BFS including absorbing ERROR,workflow.json,False,False,False,7,224,4,3,NOT_USED_FOR_UPD,"{""fluent_values"":[true,false],""histories"":[[""stopOldSpec_P_ARCHIVE_POLICY""],[""stopOldSpec_P_ARCHIVE_POLICY"",""archive"",""approve""]],""monitor_states"":[1,-1]}","{""constant_initializer"":0,""history"":[""stopOldSpec_P_ARCHIVE_POLICY"",""hotSwapIn""],""history_monitor_state"":1}",RS_UNTESTED,Free-product sufficient condition failed; this is not a plant-reachable RS counterexample.,NOT_APPLICABLE,NOT_APPLICABLE,,,,,,,,,,,,,,UNVERIFIED_ENTRY_VALUATION_LANGUAGE,False,NOT_APPLICABLE,False,NOT_APPLICABLE,NOT_APPLICABLE,"All one-shot free pre-entry observer valuations enumerated. Observer synchronization and compiled-reset consistency are diagnostics; saved DFA does not expose a valuation-parameterized semantic initializer, so E exactness is unverified.","[{""pre_entry_history"":[""stopOldSpec_P_ARCHIVE_POLICY""],""entry_values"":[true,false],""post_entry_values"":[true,false],""canonical_post_entry_values"":[false,false],""kind"":""observer_difference_not_language_counterexample""}]",4,408,False,True,True,"[{""pre_entry_history"":[""stopOldSpec_P_ARCHIVE_POLICY""],""entry_values"":[true,false],""post_entry_values"":[true,false],""canonical_post_entry_values"":[false,false],""kind"":""observer_difference_not_language_counterexample""}]",False,null,"All one-shot free pre-entry observer valuations enumerated. Observer synchronization and compiled-reset consistency are diagnostics; saved DFA does not expose a valuation-parameterized semantic initializer, so E exactness is unverified.",False,UNVERIFIED_OUTSIDE_E_PRIME_SUFFICIENT_CONDITION,False,"[""*"",""archive"",""eval"",""initBilling"",""initCredit"",""initInventory"",""initShipping"",""rollback"",""startNewSpec_P_AVOID_ROLLBACK"",""stopOldSpec_P_ARCHIVE_POLICY"",""stopOldSpec_P_AVOID_ROLLBACK"",""stopOldSpec_P_DONT_INIT_TWICE"",""stopOldSpec_P_EVAL_POLICY"",""stopOldSpec_P_INITS_POLICY""]","[{""initiating"":[""archive"",""eval"",""initBilling"",""initCredit"",""initInventory"",""initShipping"",""rollback""],""kind"":""event_predicate"",""name"":""{archive, eval, initBilling, initCredit, initInventory, initShipping, rollback}"",""reasons"":[""not_a_declared_fluent"",""non_update_initiating_label"",""non_update_terminating_label""],""terminating"":[""*""]}]",True,"{""computed_boundary"":0,""error"":"""",""initializer_mode"":""constant_after_hotSwapIn"",""monitor_initial"":0,""saved_boundary"":0}","The E-prime sufficient condition is not established. Event predicates or plant-fluent values can depend on pre-entry ordinary history; their valuation-parameterized reference languages remain unavailable. This is unverified, not a language counterexample; boundary diagnostics are reported separately."
workflow,r1,R1_OTF_P_EVAL_POLICY,upd,3,2,2,"AfterStopBeforeStart_P_EVAL_POLICY;{archive, eval, initBilling, initCredit, initInventory, initShipping, rollback}",constant_after_hotSwapIn,0,compiled actual monitor plus independent free-product BFS including absorbing ERROR,workflow.json,False,False,False,7,224,4,3,NOT_USED_FOR_UPD,"{""fluent_values"":[true,false],""histories"":[[""stopOldSpec_P_ARCHIVE_POLICY""],[""stopOldSpec_P_ARCHIVE_POLICY"",""archive"",""approve""]],""monitor_states"":[1,-1]}","{""constant_initializer"":0,""history"":[""stopOldSpec_P_ARCHIVE_POLICY"",""hotSwapIn""],""history_monitor_state"":1}",RS_UNTESTED,Free-product sufficient condition failed; this is not a plant-reachable RS counterexample.,NOT_APPLICABLE,NOT_APPLICABLE,,,,,,,,,,,,,,UNVERIFIED_ENTRY_VALUATION_LANGUAGE,False,NOT_APPLICABLE,False,NOT_APPLICABLE,NOT_APPLICABLE,"All one-shot free pre-entry observer valuations enumerated. Observer synchronization and compiled-reset consistency are diagnostics; saved DFA does not expose a valuation-parameterized semantic initializer, so E exactness is unverified.","[{""pre_entry_history"":[""stopOldSpec_P_ARCHIVE_POLICY""],""entry_values"":[true,false],""post_entry_values"":[true,false],""canonical_post_entry_values"":[false,false],""kind"":""observer_difference_not_language_counterexample""}]",4,408,False,True,True,"[{""pre_entry_history"":[""stopOldSpec_P_ARCHIVE_POLICY""],""entry_values"":[true,false],""post_entry_values"":[true,false],""canonical_post_entry_values"":[false,false],""kind"":""observer_difference_not_language_counterexample""}]",False,null,"All one-shot free pre-entry observer valuations enumerated. Observer synchronization and compiled-reset consistency are diagnostics; saved DFA does not expose a valuation-parameterized semantic initializer, so E exactness is unverified.",False,UNVERIFIED_OUTSIDE_E_PRIME_SUFFICIENT_CONDITION,False,"[""*"",""archive"",""eval"",""initBilling"",""initCredit"",""initInventory"",""initShipping"",""rollback"",""startNewSpec_P_EVAL_POLICY"",""stopOldSpec_P_ARCHIVE_POLICY"",""stopOldSpec_P_AVOID_ROLLBACK"",""stopOldSpec_P_DONT_INIT_TWICE"",""stopOldSpec_P_EVAL_POLICY"",""stopOldSpec_P_INITS_POLICY""]","[{""initiating"":[""archive"",""eval"",""initBilling"",""initCredit"",""initInventory"",""initShipping"",""rollback""],""kind"":""event_predicate"",""name"":""{archive, eval, initBilling, initCredit, initInventory, initShipping, rollback}"",""reasons"":[""not_a_declared_fluent"",""non_update_initiating_label"",""non_update_terminating_label""],""terminating"":[""*""]}]",True,"{""computed_boundary"":0,""error"":"""",""initializer_mode"":""constant_after_hotSwapIn"",""monitor_initial"":0,""saved_boundary"":0}","The E-prime sufficient condition is not established. Event predicates or plant-fluent values can depend on pre-entry ordinary history; their valuation-parameterized reference languages remain unavailable. This is unverified, not a language counterexample; boundary diagnostics are reported separately."
workflow,r1,R1_OTF_P_ARCHIVE_POLICY,upd,3,2,2,"AfterStopBeforeStart_P_ARCHIVE_POLICY;{archive, eval, initBilling, initCredit, initInventory, initShipping, rollback}",constant_after_hotSwapIn,0,compiled actual monitor plus independent free-product BFS including absorbing ERROR,workflow.json,False,False,False,7,224,4,3,NOT_USED_FOR_UPD,"{""fluent_values"":[true,false],""histories"":[[""stopOldSpec_P_ARCHIVE_POLICY""],[""stopOldSpec_P_ARCHIVE_POLICY"",""archive"",""approve""]],""monitor_states"":[1,-1]}","{""constant_initializer"":0,""history"":[""stopOldSpec_P_ARCHIVE_POLICY"",""hotSwapIn""],""history_monitor_state"":1}",RS_UNTESTED,Free-product sufficient condition failed; this is not a plant-reachable RS counterexample.,NOT_APPLICABLE,NOT_APPLICABLE,,,,,,,,,,,,,,UNVERIFIED_ENTRY_VALUATION_LANGUAGE,False,NOT_APPLICABLE,False,NOT_APPLICABLE,NOT_APPLICABLE,"All one-shot free pre-entry observer valuations enumerated. Observer synchronization and compiled-reset consistency are diagnostics; saved DFA does not expose a valuation-parameterized semantic initializer, so E exactness is unverified.","[{""pre_entry_history"":[""stopOldSpec_P_ARCHIVE_POLICY""],""entry_values"":[true,false],""post_entry_values"":[true,false],""canonical_post_entry_values"":[false,false],""kind"":""observer_difference_not_language_counterexample""}]",4,408,False,True,True,"[{""pre_entry_history"":[""stopOldSpec_P_ARCHIVE_POLICY""],""entry_values"":[true,false],""post_entry_values"":[true,false],""canonical_post_entry_values"":[false,false],""kind"":""observer_difference_not_language_counterexample""}]",False,null,"All one-shot free pre-entry observer valuations enumerated. Observer synchronization and compiled-reset consistency are diagnostics; saved DFA does not expose a valuation-parameterized semantic initializer, so E exactness is unverified.",False,UNVERIFIED_OUTSIDE_E_PRIME_SUFFICIENT_CONDITION,False,"[""*"",""archive"",""eval"",""initBilling"",""initCredit"",""initInventory"",""initShipping"",""rollback"",""startNewSpec_P_ARCHIVE_POLICY"",""stopOldSpec_P_ARCHIVE_POLICY"",""stopOldSpec_P_AVOID_ROLLBACK"",""stopOldSpec_P_DONT_INIT_TWICE"",""stopOldSpec_P_EVAL_POLICY"",""stopOldSpec_P_INITS_POLICY""]","[{""initiating"":[""archive"",""eval"",""initBilling"",""initCredit"",""initInventory"",""initShipping"",""rollback""],""kind"":""event_predicate"",""name"":""{archive, eval, initBilling, initCredit, initInventory, initShipping, rollback}"",""reasons"":[""not_a_declared_fluent"",""non_update_initiating_label"",""non_update_terminating_label""],""terminating"":[""*""]}]",True,"{""computed_boundary"":0,""error"":"""",""initializer_mode"":""constant_after_hotSwapIn"",""monitor_initial"":0,""saved_boundary"":0}","The E-prime sufficient condition is not established. Event predicates or plant-fluent values can depend on pre-entry ordinary history; their valuation-parameterized reference languages remain unavailable. This is unverified, not a language counterexample; boundary diagnostics are reported separately."
workflow,r1,R1_OTF_P_INITS_POLICY,upd,3,2,2,"AfterStopBeforeStart_P_INITS_POLICY;{archive, eval, initBilling, initCredit, initInventory, initShipping, rollback}",constant_after_hotSwapIn,0,compiled actual monitor plus independent free-product BFS including absorbing ERROR,workflow.json,False,False,False,7,224,4,3,NOT_USED_FOR_UPD,"{""fluent_values"":[true,false],""histories"":[[""stopOldSpec_P_ARCHIVE_POLICY""],[""stopOldSpec_P_ARCHIVE_POLICY"",""archive"",""approve""]],""monitor_states"":[1,-1]}","{""constant_initializer"":0,""history"":[""stopOldSpec_P_ARCHIVE_POLICY"",""hotSwapIn""],""history_monitor_state"":1}",RS_UNTESTED,Free-product sufficient condition failed; this is not a plant-reachable RS counterexample.,NOT_APPLICABLE,NOT_APPLICABLE,,,,,,,,,,,,,,UNVERIFIED_ENTRY_VALUATION_LANGUAGE,False,NOT_APPLICABLE,False,NOT_APPLICABLE,NOT_APPLICABLE,"All one-shot free pre-entry observer valuations enumerated. Observer synchronization and compiled-reset consistency are diagnostics; saved DFA does not expose a valuation-parameterized semantic initializer, so E exactness is unverified.","[{""pre_entry_history"":[""stopOldSpec_P_ARCHIVE_POLICY""],""entry_values"":[true,false],""post_entry_values"":[true,false],""canonical_post_entry_values"":[false,false],""kind"":""observer_difference_not_language_counterexample""}]",4,408,False,True,True,"[{""pre_entry_history"":[""stopOldSpec_P_ARCHIVE_POLICY""],""entry_values"":[true,false],""post_entry_values"":[true,false],""canonical_post_entry_values"":[false,false],""kind"":""observer_difference_not_language_counterexample""}]",False,null,"All one-shot free pre-entry observer valuations enumerated. Observer synchronization and compiled-reset consistency are diagnostics; saved DFA does not expose a valuation-parameterized semantic initializer, so E exactness is unverified.",False,UNVERIFIED_OUTSIDE_E_PRIME_SUFFICIENT_CONDITION,False,"[""*"",""archive"",""eval"",""initBilling"",""initCredit"",""initInventory"",""initShipping"",""rollback"",""startNewSpec_P_INITS_POLICY"",""stopOldSpec_P_ARCHIVE_POLICY"",""stopOldSpec_P_AVOID_ROLLBACK"",""stopOldSpec_P_DONT_INIT_TWICE"",""stopOldSpec_P_EVAL_POLICY"",""stopOldSpec_P_INITS_POLICY""]","[{""initiating"":[""archive"",""eval"",""initBilling"",""initCredit"",""initInventory"",""initShipping"",""rollback""],""kind"":""event_predicate"",""name"":""{archive, eval, initBilling, initCredit, initInventory, initShipping, rollback}"",""reasons"":[""not_a_declared_fluent"",""non_update_initiating_label"",""non_update_terminating_label""],""terminating"":[""*""]}]",True,"{""computed_boundary"":0,""error"":"""",""initializer_mode"":""constant_after_hotSwapIn"",""monitor_initial"":0,""saved_boundary"":0}","The E-prime sufficient condition is not established. Event predicates or plant-fluent values can depend on pre-entry ordinary history; their valuation-parameterized reference languages remain unavailable. This is unverified, not a language counterexample; boundary diagnostics are reported separately."
workflow,r1,R1_OTF_P_DONT_INIT_TWICE,upd,3,2,2,"AfterStopBeforeStart_P_DONT_INIT_TWICE;{archive, eval, initBilling, initCredit, initInventory, initShipping, rollback}",constant_after_hotSwapIn,0,compiled actual monitor plus independent free-product BFS including absorbing ERROR,workflow.json,False,False,False,7,224,4,3,NOT_USED_FOR_UPD,"{""fluent_values"":[true,false],""histories"":[[""stopOldSpec_P_ARCHIVE_POLICY""],[""stopOldSpec_P_ARCHIVE_POLICY"",""archive"",""approve""]],""monitor_states"":[1,-1]}","{""constant_initializer"":0,""history"":[""stopOldSpec_P_ARCHIVE_POLICY"",""hotSwapIn""],""history_monitor_state"":1}",RS_UNTESTED,Free-product sufficient condition failed; this is not a plant-reachable RS counterexample.,NOT_APPLICABLE,NOT_APPLICABLE,,,,,,,,,,,,,,UNVERIFIED_ENTRY_VALUATION_LANGUAGE,False,NOT_APPLICABLE,False,NOT_APPLICABLE,NOT_APPLICABLE,"All one-shot free pre-entry observer valuations enumerated. Observer synchronization and compiled-reset consistency are diagnostics; saved DFA does not expose a valuation-parameterized semantic initializer, so E exactness is unverified.","[{""pre_entry_history"":[""stopOldSpec_P_ARCHIVE_POLICY""],""entry_values"":[true,false],""post_entry_values"":[true,false],""canonical_post_entry_values"":[false,false],""kind"":""observer_difference_not_language_counterexample""}]",4,408,False,True,True,"[{""pre_entry_history"":[""stopOldSpec_P_ARCHIVE_POLICY""],""entry_values"":[true,false],""post_entry_values"":[true,false],""canonical_post_entry_values"":[false,false],""kind"":""observer_difference_not_language_counterexample""}]",False,null,"All one-shot free pre-entry observer valuations enumerated. Observer synchronization and compiled-reset consistency are diagnostics; saved DFA does not expose a valuation-parameterized semantic initializer, so E exactness is unverified.",False,UNVERIFIED_OUTSIDE_E_PRIME_SUFFICIENT_CONDITION,False,"[""*"",""archive"",""eval"",""initBilling"",""initCredit"",""initInventory"",""initShipping"",""rollback"",""startNewSpec_P_DONT_INIT_TWICE"",""stopOldSpec_P_ARCHIVE_POLICY"",""stopOldSpec_P_AVOID_ROLLBACK"",""stopOldSpec_P_DONT_INIT_TWICE"",""stopOldSpec_P_EVAL_POLICY"",""stopOldSpec_P_INITS_POLICY""]","[{""initiating"":[""archive"",""eval"",""initBilling"",""initCredit"",""initInventory"",""initShipping"",""rollback""],""kind"":""event_predicate"",""name"":""{archive, eval, initBilling, initCredit, initInventory, initShipping, rollback}"",""reasons"":[""not_a_declared_fluent"",""non_update_initiating_label"",""non_update_terminating_label""],""terminating"":[""*""]}]",True,"{""computed_boundary"":0,""error"":"""",""initializer_mode"":""constant_after_hotSwapIn"",""monitor_initial"":0,""saved_boundary"":0}","The E-prime sufficient condition is not established. Event predicates or plant-fluent values can depend on pre-entry ordinary history; their valuation-parameterized reference languages remain unavailable. This is unverified, not a language counterexample; boundary diagnostics are reported separately."
workflow,r2,P_SEQUENTIAL,new,3,2,3,ShippingInitiated;ShippingFinished;BillingFinished,fluent_lookup_nonerror_entries,0,compiled actual monitor plus independent free-product BFS including absorbing ERROR,workflow.json,False,False,False,13,416,8,5,True,"{""fluent_values"":[false,true,true],""histories"":[[""endBilling"",""endShipping""],[""endShipping"",""endBilling""]],""monitor_states"":[1,-1]}","{""constant_initializer"":0,""history"":[""endBilling"",""hotSwapIn""],""history_monitor_state"":1}",RS_UNTESTED,Free-product sufficient condition failed; this is not a plant-reachable RS counterexample.,EXACT_ON_NONEMPTY_SAFE_ACTIVATION_DOMAIN,True,True,True,True,5,5,2,5,2,"[{""values"":[false,false,false],""state"":0},{""values"":[false,false,true],""state"":1},{""values"":[false,true,true],""state"":1},{""values"":[true,false,true],""state"":1},{""values"":[true,true,true],""state"":1}]",[],NOT_CHECKED_WITHOUT_PLANT,source-rule reconstruction; runtime lookup table not exported,"Sufficient only on actual non-error activation entries with nonempty safe-history set; empty safe-history intersections are universal, so inclusion alone is automatic. Full continuation-language equivalence is stronger than one-shot equivalence.",NOT_APPLICABLE,NOT_APPLICABLE,True,NOT_APPLICABLE,[],"Sufficient only on actual non-error activation entries with nonempty safe-history set; empty safe-history intersections are universal, so inclusion alone is automatic. Full continuation-language equivalence is stronger than one-shot equivalence.",NOT_APPLICABLE,NOT_APPLICABLE,,,,,,,,,,NOT_APPLICABLE,NOT_APPLICABLE,NOT_APPLICABLE,NOT_APPLICABLE,NOT_APPLICABLE,NOT_APPLICABLE,NOT_APPLICABLE,NOT_APPLICABLE
workflow,r2,P_AVOID_ROLLBACK,new,2,1,1,rollback,fluent_lookup_nonerror_entries,0,compiled actual monitor plus independent free-product BFS including absorbing ERROR,workflow.json,False,False,False,3,96,2,1,True,"{""fluent_values"":[false],""histories"":[[],[""rollback"",""approve""]],""monitor_states"":[0,-1]}","{""constant_initializer"":0,""history"":[""rollback"",""hotSwapIn""],""history_monitor_state"":-1}",RS_UNTESTED,Free-product sufficient condition failed; this is not a plant-reachable RS counterexample.,EXACT_ON_NONEMPTY_SAFE_ACTIVATION_DOMAIN,True,True,True,True,19,1,1,1,1,"[{""values"":[false],""state"":0}]",[],NOT_CHECKED_WITHOUT_PLANT,source-rule reconstruction; runtime lookup table not exported,"Sufficient only on actual non-error activation entries with nonempty safe-history set; empty safe-history intersections are universal, so inclusion alone is automatic. Full continuation-language equivalence is stronger than one-shot equivalence.",NOT_APPLICABLE,NOT_APPLICABLE,True,NOT_APPLICABLE,[],"Sufficient only on actual non-error activation entries with nonempty safe-history set; empty safe-history intersections are universal, so inclusion alone is automatic. Full continuation-language equivalence is stronger than one-shot equivalence.",NOT_APPLICABLE,NOT_APPLICABLE,,,,,,,,,,NOT_APPLICABLE,NOT_APPLICABLE,NOT_APPLICABLE,NOT_APPLICABLE,NOT_APPLICABLE,NOT_APPLICABLE,NOT_APPLICABLE,NOT_APPLICABLE
workflow,r2,P_EVAL_POLICY,new,5,4,3,eval;InventoryFinished;CreditFinished,fluent_lookup_nonerror_entries,0,compiled actual monitor plus independent free-product BFS including absorbing ERROR,workflow.json,False,False,False,13,416,8,5,True,"{""fluent_values"":[false,false,false],""histories"":[[],[""eval"",""approve""]],""monitor_states"":[0,-1]}","{""constant_initializer"":0,""history"":[""endCredit"",""hotSwapIn""],""history_monitor_state"":2}",RS_UNTESTED,Free-product sufficient condition failed; this is not a plant-reachable RS counterexample.,EXACT_ON_NONEMPTY_SAFE_ACTIVATION_DOMAIN,True,True,True,True,95,5,3,5,3,"[{""values"":[false,false,false],""state"":0},{""values"":[false,false,true],""state"":2},{""values"":[false,true,false],""state"":1},{""values"":[false,true,true],""state"":3},{""values"":[true,true,true],""state"":3}]",[],NOT_CHECKED_WITHOUT_PLANT,source-rule reconstruction; runtime lookup table not exported,"Sufficient only on actual non-error activation entries with nonempty safe-history set; empty safe-history intersections are universal, so inclusion alone is automatic. Full continuation-language equivalence is stronger than one-shot equivalence.",NOT_APPLICABLE,NOT_APPLICABLE,True,NOT_APPLICABLE,[],"Sufficient only on actual non-error activation entries with nonempty safe-history set; empty safe-history intersections are universal, so inclusion alone is automatic. Full continuation-language equivalence is stronger than one-shot equivalence.",NOT_APPLICABLE,NOT_APPLICABLE,,,,,,,,,,NOT_APPLICABLE,NOT_APPLICABLE,NOT_APPLICABLE,NOT_APPLICABLE,NOT_APPLICABLE,NOT_APPLICABLE,NOT_APPLICABLE,NOT_APPLICABLE
workflow,r2,P_ARCHIVE_POLICY,new,5,4,3,archive;ShippingFinished;BillingFinished,fluent_lookup_nonerror_entries,0,compiled actual monitor plus independent free-product BFS including absorbing ERROR,workflow.json,False,False,False,13,416,8,5,True,"{""fluent_values"":[false,false,false],""histories"":[[],[""archive"",""approve""]],""monitor_states"":[0,-1]}","{""constant_initializer"":0,""history"":[""archive"",""hotSwapIn""],""history_monitor_state"":-1}",RS_UNTESTED,Free-product sufficient condition failed; this is not a plant-reachable RS counterexample.,EXACT_ON_NONEMPTY_SAFE_ACTIVATION_DOMAIN,True,True,True,True,95,5,3,5,3,"[{""values"":[false,false,false],""state"":0},{""values"":[false,false,true],""state"":2},{""values"":[false,true,false],""state"":1},{""values"":[false,true,true],""state"":3},{""values"":[true,true,true],""state"":3}]",[],NOT_CHECKED_WITHOUT_PLANT,source-rule reconstruction; runtime lookup table not exported,"Sufficient only on actual non-error activation entries with nonempty safe-history set; empty safe-history intersections are universal, so inclusion alone is automatic. Full continuation-language equivalence is stronger than one-shot equivalence.",NOT_APPLICABLE,NOT_APPLICABLE,True,NOT_APPLICABLE,[],"Sufficient only on actual non-error activation entries with nonempty safe-history set; empty safe-history intersections are universal, so inclusion alone is automatic. Full continuation-language equivalence is stronger than one-shot equivalence.",NOT_APPLICABLE,NOT_APPLICABLE,,,,,,,,,,NOT_APPLICABLE,NOT_APPLICABLE,NOT_APPLICABLE,NOT_APPLICABLE,NOT_APPLICABLE,NOT_APPLICABLE,NOT_APPLICABLE,NOT_APPLICABLE
workflow,r2,P_INITS_POLICY,new,5,4,6,initInventory;OrderArrived;initCredit;initShipping;OrderApproved;initBilling,fluent_lookup_nonerror_entries,0,compiled actual monitor plus independent free-product BFS including absorbing ERROR,workflow.json,False,False,False,32,1024,20,12,True,"{""fluent_values"":[false,false,false,false,true,false],""histories"":[[""approve""],[""initBilling"",""approve""]],""monitor_states"":[2,-1]}","{""constant_initializer"":0,""history"":[""approve"",""hotSwapIn""],""history_monitor_state"":2}",RS_UNTESTED,Free-product sufficient condition failed; this is not a plant-reachable RS counterexample.,EXACT_ON_NONEMPTY_SAFE_ACTIVATION_DOMAIN,True,True,True,True,228,12,8,12,8,"[{""values"":[false,false,false,false,false,false],""state"":0},{""values"":[false,false,false,false,true,false],""state"":2},{""values"":[false,false,false,false,true,true],""state"":2},{""values"":[false,false,false,true,true,false],""state"":2},{""values"":[false,true,false,false,false,false],""state"":1},{""values"":[false,true,false,false,true,false],""state"":3},{""values"":[false,true,false,false,true,true],""state"":3},{""values"":[false,true,false,true,true,false],""state"":3},{""values"":[false,true,true,false,false,false],""state"":1},{""values"":[false,true,true,false,true,false],""state"":3},{""values"":[true,true,false,false,false,false],""state"":1},{""values"":[true,true,false,false,true,false],""state"":3}]",[],NOT_CHECKED_WITHOUT_PLANT,source-rule reconstruction; runtime lookup table not exported,"Sufficient only on actual non-error activation entries with nonempty safe-history set; empty safe-history intersections are universal, so inclusion alone is automatic. Full continuation-language equivalence is stronger than one-shot equivalence.",NOT_APPLICABLE,NOT_APPLICABLE,True,NOT_APPLICABLE,[],"Sufficient only on actual non-error activation entries with nonempty safe-history set; empty safe-history intersections are universal, so inclusion alone is automatic. Full continuation-language equivalence is stronger than one-shot equivalence.",NOT_APPLICABLE,NOT_APPLICABLE,,,,,,,,,,NOT_APPLICABLE,NOT_APPLICABLE,NOT_APPLICABLE,NOT_APPLICABLE,NOT_APPLICABLE,NOT_APPLICABLE,NOT_APPLICABLE,NOT_APPLICABLE
workflow,r2,P_DONT_INIT_TWICE,new,17,16,8,InventoryFinished;initInventory;CreditFinished;initCredit;ShippingFinished;initShipping;BillingFinished;initBilling,fluent_lookup_nonerror_entries,0,compiled actual monitor plus independent free-product BFS including absorbing ERROR,workflow.json,False,False,False,128,4096,80,48,True,"{""fluent_values"":[false,false,false,false,false,false,true,false],""histories"":[[""endBilling""],[""endBilling"",""initBilling"",""approve""]],""monitor_states"":[4,-1]}","{""constant_initializer"":0,""history"":[""endBilling"",""hotSwapIn""],""history_monitor_state"":4}",RS_UNTESTED,Free-product sufficient condition failed; this is not a plant-reachable RS counterexample.,EXACT_ON_NONEMPTY_SAFE_ACTIVATION_DOMAIN,True,True,True,True,912,48,32,48,32,"[{""values"":[false,false,false,false,false,false,false,false],""state"":0},{""values"":[false,false,false,false,false,false,false,true],""state"":0},{""values"":[false,false,false,false,false,false,true,false],""state"":4},{""values"":[false,false,false,false,false,true,false,false],""state"":0},{""values"":[false,false,false,false,false,true,true,false],""state"":4},{""values"":[false,false,false,false,true,false,false,false],""state"":3},{""values"":[false,false,false,false,true,false,false,true],""state"":3},{""values"":[false,false,false,false,true,false,true,false],""state"":10},{""values"":[false,false,false,true,false,false,false,false],""state"":0},{""values"":[false,false,false,true,false,false,true,false],""state"":4},{""values"":[false,false,false,true,true,false,false,false],""state"":3},{""values"":[false,false,false,true,true,false,true,false],""state"":10},{""values"":[false,false,true,false,false,false,false,false],""state"":2},{""values"":[false,false,true,false,false,false,false,true],""state"":2},{""values"":[false,false,true,false,false,false,true,false],""state"":9},{""values"":[false,false,true,false,false,true,false,false],""state"":2},{""values"":[false,false,true,false,false,true,true,false],""state"":9},{""values"":[false,false,true,false,true,false,false,false],""state"":8},{""values"":[false,false,true,false,true,false,false,true],""state"":8},{""values"":[false,false,true,false,true,false,true,false],""state"":14},{""values"":[false,true,false,false,false,false,false,false],""state"":0},{""values"":[false,true,false,false,false,false,true,false],""state"":4},{""values"":[false,true,false,false,true,false,false,false],""state"":3},{""values"":[false,true,false,false,true,false,true,false],""state"":10},{""values"":[false,true,true,false,false,false,false,false],""state"":2},{""values"":[false,true,true,false,false,false,true,false],""state"":9},{""values"":[false,true,true,false,true,false,false,false],""state"":8},{""values"":[false,true,true,false,true,false,true,false],""state"":14},{""values"":[true,false,false,false,false,false,false,false],""state"":1},{""values"":[true,false,false,false,false,false,false,true],""state"":1},{""values"":[true,false,false,false,false,false,true,false],""state"":7},{""values"":[true,false,false,false,false,true,false,false],""state"":1},{""values"":[true,false,false,false,false,true,true,false],""state"":7},{""values"":[true,false,false,false,true,false,false,false],""state"":6},{""values"":[true,false,false,false,true,false,false,true],""state"":6},{""values"":[true,false,false,false,true,false,true,false],""state"":13},{""values"":[true,false,false,true,false,false,false,false],""state"":1},{""values"":[true,false,false,true,false,false,true,false],""state"":7},{""values"":[true,false,false,true,true,false,false,false],""state"":6},{""values"":[true,false,false,true,true,false,true,false],""state"":13},{""values"":[true,false,true,false,false,false,false,false],""state"":5},{""values"":[true,false,true,false,false,false,false,true],""state"":5},{""values"":[true,false,true,false,false,false,true,false],""state"":12},{""values"":[true,false,true,false,false,true,false,false],""state"":5},{""values"":[true,false,true,false,false,true,true,false],""state"":12},{""values"":[true,false,true,false,true,false,false,false],""state"":11},{""values"":[true,false,true,false,true,false,false,true],""state"":11},{""values"":[true,false,true,false,true,false,true,false],""state"":15}]",[],NOT_CHECKED_WITHOUT_PLANT,source-rule reconstruction; runtime lookup table not exported,"Sufficient only on actual non-error activation entries with nonempty safe-history set; empty safe-history intersections are universal, so inclusion alone is automatic. Full continuation-language equivalence is stronger than one-shot equivalence.",NOT_APPLICABLE,NOT_APPLICABLE,True,NOT_APPLICABLE,[],"Sufficient only on actual non-error activation entries with nonempty safe-history set; empty safe-history intersections are universal, so inclusion alone is automatic. Full continuation-language equivalence is stronger than one-shot equivalence.",NOT_APPLICABLE,NOT_APPLICABLE,,,,,,,,,,NOT_APPLICABLE,NOT_APPLICABLE,NOT_APPLICABLE,NOT_APPLICABLE,NOT_APPLICABLE,NOT_APPLICABLE,NOT_APPLICABLE,NOT_APPLICABLE
workflow,r2,R2_StopOldSpec_P_AVOID_ROLLBACK,upd,3,2,2,Pending_StopOldSpec_P_AVOID_ROLLBACK;Pending_Reconfigure_ENTRY,constant_after_hotSwapIn,1,compiled actual monitor plus independent free-product BFS including absorbing ERROR,workflow.json,False,False,False,7,224,4,3,NOT_USED_FOR_UPD,"{""fluent_values"":[true,true],""histories"":[[""hotSwapIn""],[""hotSwapIn"",""reconfigure_ENTRY"",""hotSwapIn""]],""monitor_states"":[1,-1]}","{""constant_initializer"":1,""history"":[""hotSwapIn"",""reconfigure_ENTRY"",""hotSwapIn""],""history_monitor_state"":-1}",RS_UNTESTED,Free-product sufficient condition failed; this is not a plant-reachable RS counterexample.,NOT_APPLICABLE,NOT_APPLICABLE,,,,,,,,,,,,,,UNVERIFIED_ENTRY_VALUATION_LANGUAGE,False,NOT_APPLICABLE,False,NOT_APPLICABLE,NOT_APPLICABLE,"All one-shot free pre-entry observer valuations enumerated. Observer synchronization and compiled-reset consistency are diagnostics; saved DFA does not expose a valuation-parameterized semantic initializer, so E exactness is unverified.","[{""kind"":""missing_reference_language"",""reason"":""Compiled-reset and observer synchronization do not provide a valuation-parameterized semantic initializer.""}]",1,4,True,True,True,[],False,null,"All one-shot free pre-entry observer valuations enumerated. Observer synchronization and compiled-reset consistency are diagnostics; saved DFA does not expose a valuation-parameterized semantic initializer, so E exactness is unverified.",True,LEMMA_E_PRIME,True,"[""hotSwapIn"",""reconfigure_ENTRY"",""stopOldSpec_P_AVOID_ROLLBACK""]",[],True,"{""computed_boundary"":1,""error"":"""",""initializer_mode"":""constant_after_hotSwapIn"",""monitor_initial"":0,""saved_boundary"":1}","Lemma E-prime: every referenced observer is a declared fluent affected only by recognized update labels. No update label occurs before entry, so every entry has the declared initial valuation; the non-error constant initializer equals monitor state 0 after one hotSwapIn. Exact under the stated entry-scoped interpretation."
workflow,r2,R2_StopOldSpec_P_EVAL_POLICY,upd,3,2,4,Pending_StopOldSpec_P_EVAL_POLICY;Pending_Reconfigure_ENTRY;Pending_Reconfigure_INVENTORY;Pending_Reconfigure_CREDIT,constant_after_hotSwapIn,1,compiled actual monitor plus independent free-product BFS including absorbing ERROR,workflow.json,False,False,False,25,800,16,9,NOT_USED_FOR_UPD,"{""fluent_values"":[true,true,true,true],""histories"":[[""hotSwapIn""],[""hotSwapIn"",""reconfigure_CREDIT"",""hotSwapIn""]],""monitor_states"":[1,-1]}","{""constant_initializer"":1,""history"":[""hotSwapIn"",""reconfigure_CREDIT"",""hotSwapIn""],""history_monitor_state"":-1}",RS_UNTESTED,Free-product sufficient condition failed; this is not a plant-reachable RS counterexample.,NOT_APPLICABLE,NOT_APPLICABLE,,,,,,,,,,,,,,UNVERIFIED_ENTRY_VALUATION_LANGUAGE,False,NOT_APPLICABLE,False,NOT_APPLICABLE,NOT_APPLICABLE,"All one-shot free pre-entry observer valuations enumerated. Observer synchronization and compiled-reset consistency are diagnostics; saved DFA does not expose a valuation-parameterized semantic initializer, so E exactness is unverified.","[{""kind"":""missing_reference_language"",""reason"":""Compiled-reset and observer synchronization do not provide a valuation-parameterized semantic initializer.""}]",1,16,True,True,True,[],False,null,"All one-shot free pre-entry observer valuations enumerated. Observer synchronization and compiled-reset consistency are diagnostics; saved DFA does not expose a valuation-parameterized semantic initializer, so E exactness is unverified.",True,LEMMA_E_PRIME,True,"[""hotSwapIn"",""reconfigure_CREDIT"",""reconfigure_ENTRY"",""reconfigure_INVENTORY"",""stopOldSpec_P_EVAL_POLICY""]",[],True,"{""computed_boundary"":1,""error"":"""",""initializer_mode"":""constant_after_hotSwapIn"",""monitor_initial"":0,""saved_boundary"":1}","Lemma E-prime: every referenced observer is a declared fluent affected only by recognized update labels. No update label occurs before entry, so every entry has the declared initial valuation; the non-error constant initializer equals monitor state 0 after one hotSwapIn. Exact under the stated entry-scoped interpretation."
workflow,r2,R2_StopOldSpec_P_ARCHIVE_POLICY,upd,3,2,4,Pending_StopOldSpec_P_ARCHIVE_POLICY;Pending_Reconfigure_ENTRY;Pending_Reconfigure_SHIPPING;Pending_Reconfigure_BILLING,constant_after_hotSwapIn,1,compiled actual monitor plus independent free-product BFS including absorbing ERROR,workflow.json,False,False,False,25,800,16,9,NOT_USED_FOR_UPD,"{""fluent_values"":[true,true,true,true],""histories"":[[""hotSwapIn""],[""hotSwapIn"",""reconfigure_BILLING"",""hotSwapIn""]],""monitor_states"":[1,-1]}","{""constant_initializer"":1,""history"":[""hotSwapIn"",""reconfigure_BILLING"",""hotSwapIn""],""history_monitor_state"":-1}",RS_UNTESTED,Free-product sufficient condition failed; this is not a plant-reachable RS counterexample.,NOT_APPLICABLE,NOT_APPLICABLE,,,,,,,,,,,,,,UNVERIFIED_ENTRY_VALUATION_LANGUAGE,False,NOT_APPLICABLE,False,NOT_APPLICABLE,NOT_APPLICABLE,"All one-shot free pre-entry observer valuations enumerated. Observer synchronization and compiled-reset consistency are diagnostics; saved DFA does not expose a valuation-parameterized semantic initializer, so E exactness is unverified.","[{""kind"":""missing_reference_language"",""reason"":""Compiled-reset and observer synchronization do not provide a valuation-parameterized semantic initializer.""}]",1,16,True,True,True,[],False,null,"All one-shot free pre-entry observer valuations enumerated. Observer synchronization and compiled-reset consistency are diagnostics; saved DFA does not expose a valuation-parameterized semantic initializer, so E exactness is unverified.",True,LEMMA_E_PRIME,True,"[""hotSwapIn"",""reconfigure_BILLING"",""reconfigure_ENTRY"",""reconfigure_SHIPPING"",""stopOldSpec_P_ARCHIVE_POLICY""]",[],True,"{""computed_boundary"":1,""error"":"""",""initializer_mode"":""constant_after_hotSwapIn"",""monitor_initial"":0,""saved_boundary"":1}","Lemma E-prime: every referenced observer is a declared fluent affected only by recognized update labels. No update label occurs before entry, so every entry has the declared initial valuation; the non-error constant initializer equals monitor state 0 after one hotSwapIn. Exact under the stated entry-scoped interpretation."
workflow,r2,R2_StopOldSpec_P_INITS_POLICY,upd,3,2,6,Pending_StopOldSpec_P_INITS_POLICY;Pending_Reconfigure_ENTRY;Pending_Reconfigure_INVENTORY;Pending_Reconfigure_CREDIT;Pending_Reconfigure_SHIPPING;Pending_Reconfigure_BILLING,constant_after_hotSwapIn,1,compiled actual monitor plus independent free-product BFS including absorbing ERROR,workflow.json,False,False,False,97,3104,64,33,NOT_USED_FOR_UPD,"{""fluent_values"":[true,true,true,true,true,true],""histories"":[[""hotSwapIn""],[""hotSwapIn"",""reconfigure_BILLING"",""hotSwapIn""]],""monitor_states"":[1,-1]}","{""constant_initializer"":1,""history"":[""hotSwapIn"",""reconfigure_BILLING"",""hotSwapIn""],""history_monitor_state"":-1}",RS_UNTESTED,Free-product sufficient condition failed; this is not a plant-reachable RS counterexample.,NOT_APPLICABLE,NOT_APPLICABLE,,,,,,,,,,,,,,UNVERIFIED_ENTRY_VALUATION_LANGUAGE,False,NOT_APPLICABLE,False,NOT_APPLICABLE,NOT_APPLICABLE,"All one-shot free pre-entry observer valuations enumerated. Observer synchronization and compiled-reset consistency are diagnostics; saved DFA does not expose a valuation-parameterized semantic initializer, so E exactness is unverified.","[{""kind"":""missing_reference_language"",""reason"":""Compiled-reset and observer synchronization do not provide a valuation-parameterized semantic initializer.""}]",1,64,True,True,True,[],False,null,"All one-shot free pre-entry observer valuations enumerated. Observer synchronization and compiled-reset consistency are diagnostics; saved DFA does not expose a valuation-parameterized semantic initializer, so E exactness is unverified.",True,LEMMA_E_PRIME,True,"[""hotSwapIn"",""reconfigure_BILLING"",""reconfigure_CREDIT"",""reconfigure_ENTRY"",""reconfigure_INVENTORY"",""reconfigure_SHIPPING"",""stopOldSpec_P_INITS_POLICY""]",[],True,"{""computed_boundary"":1,""error"":"""",""initializer_mode"":""constant_after_hotSwapIn"",""monitor_initial"":0,""saved_boundary"":1}","Lemma E-prime: every referenced observer is a declared fluent affected only by recognized update labels. No update label occurs before entry, so every entry has the declared initial valuation; the non-error constant initializer equals monitor state 0 after one hotSwapIn. Exact under the stated entry-scoped interpretation."
workflow,r2,R2_StopOldSpec_P_DONT_INIT_TWICE,upd,3,2,6,Pending_StopOldSpec_P_DONT_INIT_TWICE;Pending_Reconfigure_ENTRY;Pending_Reconfigure_INVENTORY;Pending_Reconfigure_CREDIT;Pending_Reconfigure_SHIPPING;Pending_Reconfigure_BILLING,constant_after_hotSwapIn,1,compiled actual monitor plus independent free-product BFS including absorbing ERROR,workflow.json,False,False,False,97,3104,64,33,NOT_USED_FOR_UPD,"{""fluent_values"":[true,true,true,true,true,true],""histories"":[[""hotSwapIn""],[""hotSwapIn"",""reconfigure_BILLING"",""hotSwapIn""]],""monitor_states"":[1,-1]}","{""constant_initializer"":1,""history"":[""hotSwapIn"",""reconfigure_BILLING"",""hotSwapIn""],""history_monitor_state"":-1}",RS_UNTESTED,Free-product sufficient condition failed; this is not a plant-reachable RS counterexample.,NOT_APPLICABLE,NOT_APPLICABLE,,,,,,,,,,,,,,UNVERIFIED_ENTRY_VALUATION_LANGUAGE,False,NOT_APPLICABLE,False,NOT_APPLICABLE,NOT_APPLICABLE,"All one-shot free pre-entry observer valuations enumerated. Observer synchronization and compiled-reset consistency are diagnostics; saved DFA does not expose a valuation-parameterized semantic initializer, so E exactness is unverified.","[{""kind"":""missing_reference_language"",""reason"":""Compiled-reset and observer synchronization do not provide a valuation-parameterized semantic initializer.""}]",1,64,True,True,True,[],False,null,"All one-shot free pre-entry observer valuations enumerated. Observer synchronization and compiled-reset consistency are diagnostics; saved DFA does not expose a valuation-parameterized semantic initializer, so E exactness is unverified.",True,LEMMA_E_PRIME,True,"[""hotSwapIn"",""reconfigure_BILLING"",""reconfigure_CREDIT"",""reconfigure_ENTRY"",""reconfigure_INVENTORY"",""reconfigure_SHIPPING"",""stopOldSpec_P_DONT_INIT_TWICE""]",[],True,"{""computed_boundary"":1,""error"":"""",""initializer_mode"":""constant_after_hotSwapIn"",""monitor_initial"":0,""saved_boundary"":1}","Lemma E-prime: every referenced observer is a declared fluent affected only by recognized update labels. No update label occurs before entry, so every entry has the declared initial valuation; the non-error constant initializer equals monitor state 0 after one hotSwapIn. Exact under the stated entry-scoped interpretation."
workflow,r2,R2_StartNewSpec_P_SEQUENTIAL,upd,3,2,4,Pending_StartNewSpec_P_SEQUENTIAL;Pending_Reconfigure_ENTRY;Pending_Reconfigure_SHIPPING;Pending_Reconfigure_BILLING,constant_after_hotSwapIn,1,compiled actual monitor plus independent free-product BFS including absorbing ERROR,workflow.json,False,False,False,25,800,16,9,NOT_USED_FOR_UPD,"{""fluent_values"":[true,true,true,true],""histories"":[[""hotSwapIn""],[""hotSwapIn"",""reconfigure_BILLING"",""hotSwapIn""]],""monitor_states"":[1,-1]}","{""constant_initializer"":1,""history"":[""hotSwapIn"",""reconfigure_BILLING"",""hotSwapIn""],""history_monitor_state"":-1}",RS_UNTESTED,Free-product sufficient condition failed; this is not a plant-reachable RS counterexample.,NOT_APPLICABLE,NOT_APPLICABLE,,,,,,,,,,,,,,UNVERIFIED_ENTRY_VALUATION_LANGUAGE,False,NOT_APPLICABLE,False,NOT_APPLICABLE,NOT_APPLICABLE,"All one-shot free pre-entry observer valuations enumerated. Observer synchronization and compiled-reset consistency are diagnostics; saved DFA does not expose a valuation-parameterized semantic initializer, so E exactness is unverified.","[{""kind"":""missing_reference_language"",""reason"":""Compiled-reset and observer synchronization do not provide a valuation-parameterized semantic initializer.""}]",1,16,True,True,True,[],False,null,"All one-shot free pre-entry observer valuations enumerated. Observer synchronization and compiled-reset consistency are diagnostics; saved DFA does not expose a valuation-parameterized semantic initializer, so E exactness is unverified.",True,LEMMA_E_PRIME,True,"[""hotSwapIn"",""reconfigure_BILLING"",""reconfigure_ENTRY"",""reconfigure_SHIPPING"",""startNewSpec_P_SEQUENTIAL""]",[],True,"{""computed_boundary"":1,""error"":"""",""initializer_mode"":""constant_after_hotSwapIn"",""monitor_initial"":0,""saved_boundary"":1}","Lemma E-prime: every referenced observer is a declared fluent affected only by recognized update labels. No update label occurs before entry, so every entry has the declared initial valuation; the non-error constant initializer equals monitor state 0 after one hotSwapIn. Exact under the stated entry-scoped interpretation."
workflow,r2,R2_StartNewSpec_P_AVOID_ROLLBACK,upd,3,2,2,Pending_StartNewSpec_P_AVOID_ROLLBACK;Pending_Reconfigure_ENTRY,constant_after_hotSwapIn,1,compiled actual monitor plus independent free-product BFS including absorbing ERROR,workflow.json,False,False,False,7,224,4,3,NOT_USED_FOR_UPD,"{""fluent_values"":[true,true],""histories"":[[""hotSwapIn""],[""hotSwapIn"",""reconfigure_ENTRY"",""hotSwapIn""]],""monitor_states"":[1,-1]}","{""constant_initializer"":1,""history"":[""hotSwapIn"",""reconfigure_ENTRY"",""hotSwapIn""],""history_monitor_state"":-1}",RS_UNTESTED,Free-product sufficient condition failed; this is not a plant-reachable RS counterexample.,NOT_APPLICABLE,NOT_APPLICABLE,,,,,,,,,,,,,,UNVERIFIED_ENTRY_VALUATION_LANGUAGE,False,NOT_APPLICABLE,False,NOT_APPLICABLE,NOT_APPLICABLE,"All one-shot free pre-entry observer valuations enumerated. Observer synchronization and compiled-reset consistency are diagnostics; saved DFA does not expose a valuation-parameterized semantic initializer, so E exactness is unverified.","[{""kind"":""missing_reference_language"",""reason"":""Compiled-reset and observer synchronization do not provide a valuation-parameterized semantic initializer.""}]",1,4,True,True,True,[],False,null,"All one-shot free pre-entry observer valuations enumerated. Observer synchronization and compiled-reset consistency are diagnostics; saved DFA does not expose a valuation-parameterized semantic initializer, so E exactness is unverified.",True,LEMMA_E_PRIME,True,"[""hotSwapIn"",""reconfigure_ENTRY"",""startNewSpec_P_AVOID_ROLLBACK""]",[],True,"{""computed_boundary"":1,""error"":"""",""initializer_mode"":""constant_after_hotSwapIn"",""monitor_initial"":0,""saved_boundary"":1}","Lemma E-prime: every referenced observer is a declared fluent affected only by recognized update labels. No update label occurs before entry, so every entry has the declared initial valuation; the non-error constant initializer equals monitor state 0 after one hotSwapIn. Exact under the stated entry-scoped interpretation."
workflow,r2,R2_StartNewSpec_P_EVAL_POLICY,upd,3,2,4,Pending_StartNewSpec_P_EVAL_POLICY;Pending_Reconfigure_ENTRY;Pending_Reconfigure_INVENTORY;Pending_Reconfigure_CREDIT,constant_after_hotSwapIn,1,compiled actual monitor plus independent free-product BFS including absorbing ERROR,workflow.json,False,False,False,25,800,16,9,NOT_USED_FOR_UPD,"{""fluent_values"":[true,true,true,true],""histories"":[[""hotSwapIn""],[""hotSwapIn"",""reconfigure_CREDIT"",""hotSwapIn""]],""monitor_states"":[1,-1]}","{""constant_initializer"":1,""history"":[""hotSwapIn"",""reconfigure_CREDIT"",""hotSwapIn""],""history_monitor_state"":-1}",RS_UNTESTED,Free-product sufficient condition failed; this is not a plant-reachable RS counterexample.,NOT_APPLICABLE,NOT_APPLICABLE,,,,,,,,,,,,,,UNVERIFIED_ENTRY_VALUATION_LANGUAGE,False,NOT_APPLICABLE,False,NOT_APPLICABLE,NOT_APPLICABLE,"All one-shot free pre-entry observer valuations enumerated. Observer synchronization and compiled-reset consistency are diagnostics; saved DFA does not expose a valuation-parameterized semantic initializer, so E exactness is unverified.","[{""kind"":""missing_reference_language"",""reason"":""Compiled-reset and observer synchronization do not provide a valuation-parameterized semantic initializer.""}]",1,16,True,True,True,[],False,null,"All one-shot free pre-entry observer valuations enumerated. Observer synchronization and compiled-reset consistency are diagnostics; saved DFA does not expose a valuation-parameterized semantic initializer, so E exactness is unverified.",True,LEMMA_E_PRIME,True,"[""hotSwapIn"",""reconfigure_CREDIT"",""reconfigure_ENTRY"",""reconfigure_INVENTORY"",""startNewSpec_P_EVAL_POLICY""]",[],True,"{""computed_boundary"":1,""error"":"""",""initializer_mode"":""constant_after_hotSwapIn"",""monitor_initial"":0,""saved_boundary"":1}","Lemma E-prime: every referenced observer is a declared fluent affected only by recognized update labels. No update label occurs before entry, so every entry has the declared initial valuation; the non-error constant initializer equals monitor state 0 after one hotSwapIn. Exact under the stated entry-scoped interpretation."
workflow,r2,R2_StartNewSpec_P_ARCHIVE_POLICY,upd,3,2,4,Pending_StartNewSpec_P_ARCHIVE_POLICY;Pending_Reconfigure_ENTRY;Pending_Reconfigure_SHIPPING;Pending_Reconfigure_BILLING,constant_after_hotSwapIn,1,compiled actual monitor plus independent free-product BFS including absorbing ERROR,workflow.json,False,False,False,25,800,16,9,NOT_USED_FOR_UPD,"{""fluent_values"":[true,true,true,true],""histories"":[[""hotSwapIn""],[""hotSwapIn"",""reconfigure_BILLING"",""hotSwapIn""]],""monitor_states"":[1,-1]}","{""constant_initializer"":1,""history"":[""hotSwapIn"",""reconfigure_BILLING"",""hotSwapIn""],""history_monitor_state"":-1}",RS_UNTESTED,Free-product sufficient condition failed; this is not a plant-reachable RS counterexample.,NOT_APPLICABLE,NOT_APPLICABLE,,,,,,,,,,,,,,UNVERIFIED_ENTRY_VALUATION_LANGUAGE,False,NOT_APPLICABLE,False,NOT_APPLICABLE,NOT_APPLICABLE,"All one-shot free pre-entry observer valuations enumerated. Observer synchronization and compiled-reset consistency are diagnostics; saved DFA does not expose a valuation-parameterized semantic initializer, so E exactness is unverified.","[{""kind"":""missing_reference_language"",""reason"":""Compiled-reset and observer synchronization do not provide a valuation-parameterized semantic initializer.""}]",1,16,True,True,True,[],False,null,"All one-shot free pre-entry observer valuations enumerated. Observer synchronization and compiled-reset consistency are diagnostics; saved DFA does not expose a valuation-parameterized semantic initializer, so E exactness is unverified.",True,LEMMA_E_PRIME,True,"[""hotSwapIn"",""reconfigure_BILLING"",""reconfigure_ENTRY"",""reconfigure_SHIPPING"",""startNewSpec_P_ARCHIVE_POLICY""]",[],True,"{""computed_boundary"":1,""error"":"""",""initializer_mode"":""constant_after_hotSwapIn"",""monitor_initial"":0,""saved_boundary"":1}","Lemma E-prime: every referenced observer is a declared fluent affected only by recognized update labels. No update label occurs before entry, so every entry has the declared initial valuation; the non-error constant initializer equals monitor state 0 after one hotSwapIn. Exact under the stated entry-scoped interpretation."
workflow,r2,R2_StartNewSpec_P_INITS_POLICY,upd,3,2,6,Pending_StartNewSpec_P_INITS_POLICY;Pending_Reconfigure_ENTRY;Pending_Reconfigure_INVENTORY;Pending_Reconfigure_CREDIT;Pending_Reconfigure_SHIPPING;Pending_Reconfigure_BILLING,constant_after_hotSwapIn,1,compiled actual monitor plus independent free-product BFS including absorbing ERROR,workflow.json,False,False,False,97,3104,64,33,NOT_USED_FOR_UPD,"{""fluent_values"":[true,true,true,true,true,true],""histories"":[[""hotSwapIn""],[""hotSwapIn"",""reconfigure_BILLING"",""hotSwapIn""]],""monitor_states"":[1,-1]}","{""constant_initializer"":1,""history"":[""hotSwapIn"",""reconfigure_BILLING"",""hotSwapIn""],""history_monitor_state"":-1}",RS_UNTESTED,Free-product sufficient condition failed; this is not a plant-reachable RS counterexample.,NOT_APPLICABLE,NOT_APPLICABLE,,,,,,,,,,,,,,UNVERIFIED_ENTRY_VALUATION_LANGUAGE,False,NOT_APPLICABLE,False,NOT_APPLICABLE,NOT_APPLICABLE,"All one-shot free pre-entry observer valuations enumerated. Observer synchronization and compiled-reset consistency are diagnostics; saved DFA does not expose a valuation-parameterized semantic initializer, so E exactness is unverified.","[{""kind"":""missing_reference_language"",""reason"":""Compiled-reset and observer synchronization do not provide a valuation-parameterized semantic initializer.""}]",1,64,True,True,True,[],False,null,"All one-shot free pre-entry observer valuations enumerated. Observer synchronization and compiled-reset consistency are diagnostics; saved DFA does not expose a valuation-parameterized semantic initializer, so E exactness is unverified.",True,LEMMA_E_PRIME,True,"[""hotSwapIn"",""reconfigure_BILLING"",""reconfigure_CREDIT"",""reconfigure_ENTRY"",""reconfigure_INVENTORY"",""reconfigure_SHIPPING"",""startNewSpec_P_INITS_POLICY""]",[],True,"{""computed_boundary"":1,""error"":"""",""initializer_mode"":""constant_after_hotSwapIn"",""monitor_initial"":0,""saved_boundary"":1}","Lemma E-prime: every referenced observer is a declared fluent affected only by recognized update labels. No update label occurs before entry, so every entry has the declared initial valuation; the non-error constant initializer equals monitor state 0 after one hotSwapIn. Exact under the stated entry-scoped interpretation."
workflow,r2,R2_StartNewSpec_P_DONT_INIT_TWICE,upd,3,2,6,Pending_StartNewSpec_P_DONT_INIT_TWICE;Pending_Reconfigure_ENTRY;Pending_Reconfigure_INVENTORY;Pending_Reconfigure_CREDIT;Pending_Reconfigure_SHIPPING;Pending_Reconfigure_BILLING,constant_after_hotSwapIn,1,compiled actual monitor plus independent free-product BFS including absorbing ERROR,workflow.json,False,False,False,97,3104,64,33,NOT_USED_FOR_UPD,"{""fluent_values"":[true,true,true,true,true,true],""histories"":[[""hotSwapIn""],[""hotSwapIn"",""reconfigure_BILLING"",""hotSwapIn""]],""monitor_states"":[1,-1]}","{""constant_initializer"":1,""history"":[""hotSwapIn"",""reconfigure_BILLING"",""hotSwapIn""],""history_monitor_state"":-1}",RS_UNTESTED,Free-product sufficient condition failed; this is not a plant-reachable RS counterexample.,NOT_APPLICABLE,NOT_APPLICABLE,,,,,,,,,,,,,,UNVERIFIED_ENTRY_VALUATION_LANGUAGE,False,NOT_APPLICABLE,False,NOT_APPLICABLE,NOT_APPLICABLE,"All one-shot free pre-entry observer valuations enumerated. Observer synchronization and compiled-reset consistency are diagnostics; saved DFA does not expose a valuation-parameterized semantic initializer, so E exactness is unverified.","[{""kind"":""missing_reference_language"",""reason"":""Compiled-reset and observer synchronization do not provide a valuation-parameterized semantic initializer.""}]",1,64,True,True,True,[],False,null,"All one-shot free pre-entry observer valuations enumerated. Observer synchronization and compiled-reset consistency are diagnostics; saved DFA does not expose a valuation-parameterized semantic initializer, so E exactness is unverified.",True,LEMMA_E_PRIME,True,"[""hotSwapIn"",""reconfigure_BILLING"",""reconfigure_CREDIT"",""reconfigure_ENTRY"",""reconfigure_INVENTORY"",""reconfigure_SHIPPING"",""startNewSpec_P_DONT_INIT_TWICE""]",[],True,"{""computed_boundary"":1,""error"":"""",""initializer_mode"":""constant_after_hotSwapIn"",""monitor_initial"":0,""saved_boundary"":1}","Lemma E-prime: every referenced observer is a declared fluent affected only by recognized update labels. No update label occurs before entry, so every entry has the declared initial valuation; the non-error constant initializer equals monitor state 0 after one hotSwapIn. Exact under the stated entry-scoped interpretation."
