family,params,mechanism,contribution,anchor,fine_decision,merged_decision,class,cert_checks,location,comparison,fine_job,merged_job,direct_full_job,fine_states,merged_states,direct_full_states,fine_rank,direct_full_rank,fine_loss_certificate_states,merged_loss_certificate_states,direct_full_loss_certificate_states,fine_queries,merged_queries,direct_full_queries,fine_solver_seconds,merged_solver_seconds,direct_full_solver_seconds,fine_input_sha256,jar_sha256,loss_reason,population,fine_status,merged_status,direct_full_status,independent_v3,independent_validation,independent_validation_scope,independent_validation_report,e1_merge_equivalence,e1_merge_scope,threshold_max_winning_k,threshold_tested_k_count,threshold_check,threshold_source,generated_job,generated_status,preregistered_mechanism,merged_rank,fine_solve_and_internal_check_seconds,merged_solve_and_internal_check_seconds,direct_full_solve_and_internal_check_seconds,fine_host,fine_timeout_seconds,fine_campaign,fine_original_1200_status,merged_host,merged_timeout_seconds,merged_campaign,merged_original_1200_status,direct_full_host,direct_full_timeout_seconds,direct_full_campaign,direct_full_original_1200_status,merged_extended_7200_status,merged_raw_directory,direct_full_extended_7200_status,direct_full_raw_directory,xeon_fine_status,xeon_fine_host,xeon_fine_campaign,xeon_fine_heap,xeon_fine_timeout_seconds,xeon_fine_states_discovered,xeon_fine_successor_queries,xeon_fine_worst_completion_rank,xeon_fine_losing_region_states,xeon_fine_whole_jvm_seconds,xeon_fine_peak_rss_bytes,xeon_fine_peak_rss_gib,xeon_fine_exit_code_availability,xeon_fine_runtime_class_hash_availability,xeon_fine_raw_directory,xeon_merged_status,xeon_merged_host,xeon_merged_campaign,xeon_merged_heap,xeon_merged_timeout_seconds,xeon_merged_states_discovered,xeon_merged_successor_queries,xeon_merged_worst_completion_rank,xeon_merged_losing_region_states,xeon_merged_whole_jvm_seconds,xeon_merged_peak_rss_bytes,xeon_merged_peak_rss_gib,xeon_merged_exit_code_availability,xeon_merged_runtime_class_hash_availability,xeon_merged_raw_directory,xeon_direct_full_status,xeon_direct_full_host,xeon_direct_full_campaign,xeon_direct_full_heap,xeon_direct_full_timeout_seconds,xeon_direct_full_states_discovered,xeon_direct_full_successor_queries,xeon_direct_full_worst_completion_rank,xeon_direct_full_losing_region_states,xeon_direct_full_whole_jvm_seconds,xeon_direct_full_peak_rss_bytes,xeon_direct_full_peak_rss_gib,xeon_direct_full_exit_code_availability,xeon_direct_full_runtime_class_hash_availability,xeon_direct_full_raw_directory,xeon_acceptance_status,xeon_comparison_scope,all_host_budget_table,direct_full_decision
Rolling,n=2;m=1,M2,L1;L3,https://kubernetes.io/docs/concepts/workloads/controllers/deployment/,WIN,LOSS,witness,E1 certificate PASS; independent endpoints PASS; WIN Link PASS; mechanism PASS; generated/E1 Post PASS,rolling/v1,transfers,rolling_n02_m01_k01_lazy,rolling_n02_m01_k01_e1merged,rolling_n02_m01_k01_df,5,2,8,4,4,,2,,6,3,28,0.0033575,0.01710925,0.004764,2dd8467eaa6e8bdb0ee5762a22199a1673843c68a5fbe7430469b56dca11736e,ff1e6b176f004ea85f1e99690a90388a6a4d24f44cd8d8e636fcd9337dcf67d5,"The product transfer makes every replica booting, violating the positive ready floor before any readiness event.",core,WIN,LOSS,WIN,PASS,PASS,"Independent complete Post game, strong attractor and strict certificate/rank/initialization checks.",independent/attempt03_strict_original.json,PASS,transfers; generated coarse and E1 merge agree in reachable Post and measured counters.,1,2,PASS,rolling/v1/tables/threshold.csv,,,,,,,,,,,,,,,,,,,,,,,,,,,,,,,,,,,,,,,,,,,,,,,,,,,,,,,,,,,,,,,,,,,,,,,,
Rolling,n=3;m=1,M2,L1;L3,https://kubernetes.io/docs/concepts/workloads/controllers/deployment/,WIN,LOSS,witness,E1 certificate PASS; independent endpoints PASS; WIN Link PASS; mechanism PASS; generated/E1 Post PASS,rolling/v1,transfers,rolling_n03_m01_k01_lazy,rolling_n03_m01_k01_e1merged,rolling_n03_m01_k01_df,7,2,20,6,6,,2,,12,4,114,0.004116375,0.001862917,0.008424583,5291a427b92d9b18175de269f720df7a90c858a19e2cc3cb65eec962a6f5247b,ff1e6b176f004ea85f1e99690a90388a6a4d24f44cd8d8e636fcd9337dcf67d5,"The product transfer makes every replica booting, violating the positive ready floor before any readiness event.",core,WIN,LOSS,WIN,PASS,PASS,"Independent complete Post game, strong attractor and strict certificate/rank/initialization checks.",independent/attempt03_strict_original.json,PASS,transfers; generated coarse and E1 merge agree in reachable Post and measured counters.,2,3,PASS,rolling/v1/tables/threshold.csv,,,,,,,,,,,,,,,,,,,,,,,,,,,,,,,,,,,,,,,,,,,,,,,,,,,,,,,,,,,,,,,,,,,,,,,,
Rolling,n=3;m=2,M2,L1;L3,https://kubernetes.io/docs/concepts/workloads/controllers/deployment/,WIN,LOSS,witness,E1 certificate PASS; independent endpoints PASS; WIN Link PASS; mechanism PASS; generated/E1 Post PASS,rolling/v1,transfers,rolling_n03_m02_k01_lazy,rolling_n03_m02_k01_e1merged,rolling_n03_m02_k01_df,7,2,20,6,6,,2,,12,4,114,0.003954,0.001914541,0.008725458,5f806559673add2bbacdbc1fecef194597b9605711f2f73d139abc7a770d0be3,ff1e6b176f004ea85f1e99690a90388a6a4d24f44cd8d8e636fcd9337dcf67d5,"The product transfer makes every replica booting, violating the positive ready floor before any readiness event.",core,WIN,LOSS,WIN,PASS,PASS,"Independent complete Post game, strong attractor and strict certificate/rank/initialization checks.",independent/attempt03_strict_original.json,PASS,transfers; generated coarse and E1 merge agree in reachable Post and measured counters.,1,3,PASS,rolling/v1/tables/threshold.csv,,,,,,,,,,,,,,,,,,,,,,,,,,,,,,,,,,,,,,,,,,,,,,,,,,,,,,,,,,,,,,,,,,,,,,,,
Rolling,n=4;m=1,M2,L1;L3,https://kubernetes.io/docs/concepts/workloads/controllers/deployment/,WIN,LOSS,witness,E1 certificate PASS; independent endpoints PASS; WIN Link PASS; mechanism PASS; generated/E1 Post PASS,rolling/v1,transfers,rolling_n04_m01_k01_lazy,rolling_n04_m01_k01_e1merged,rolling_n04_m01_k01_df,9,2,48,8,8,,2,,20,5,376,0.0049185,0.002056333,0.018577583,64ed75c6567b6fda8216da9f14c16b134bc641adaee2521588749712f4edbaad,ff1e6b176f004ea85f1e99690a90388a6a4d24f44cd8d8e636fcd9337dcf67d5,"The product transfer makes every replica booting, violating the positive ready floor before any readiness event.",core,WIN,LOSS,WIN,PASS,PASS,"Independent complete Post game, strong attractor and strict certificate/rank/initialization checks.",independent/attempt03_strict_original.json,PASS,transfers; generated coarse and E1 merge agree in reachable Post and measured counters.,3,4,PASS,rolling/v1/tables/threshold.csv,,,,,,,,,,,,,,,,,,,,,,,,,,,,,,,,,,,,,,,,,,,,,,,,,,,,,,,,,,,,,,,,,,,,,,,,
Rolling,n=4;m=2,M2,L1;L3,https://kubernetes.io/docs/concepts/workloads/controllers/deployment/,WIN,LOSS,witness,E1 certificate PASS; independent endpoints PASS; WIN Link PASS; mechanism PASS; generated/E1 Post PASS,rolling/v1,transfers,rolling_n04_m02_k01_lazy,rolling_n04_m02_k01_e1merged,rolling_n04_m02_k01_df,9,2,48,8,8,,2,,20,5,376,0.004677916,0.001956583,0.025849583,db012b49964fc5527b64b40fa87b97b67bbcab09e6190d8316fd40c98ba23ee1,ff1e6b176f004ea85f1e99690a90388a6a4d24f44cd8d8e636fcd9337dcf67d5,"The product transfer makes every replica booting, violating the positive ready floor before any readiness event.",core,WIN,LOSS,WIN,PASS,PASS,"Independent complete Post game, strong attractor and strict certificate/rank/initialization checks.",independent/attempt03_strict_original.json,PASS,transfers; generated coarse and E1 merge agree in reachable Post and measured counters.,2,4,PASS,rolling/v1/tables/threshold.csv,,,,,,,,,,,,,,,,,,,,,,,,,,,,,,,,,,,,,,,,,,,,,,,,,,,,,,,,,,,,,,,,,,,,,,,,
Rolling,n=4;m=3,M2,L1;L3,https://kubernetes.io/docs/concepts/workloads/controllers/deployment/,WIN,LOSS,witness,E1 certificate PASS; independent endpoints PASS; WIN Link PASS; mechanism PASS; generated/E1 Post PASS,rolling/v1,transfers,rolling_n04_m03_k01_lazy,rolling_n04_m03_k01_e1merged,rolling_n04_m03_k01_df,9,2,48,8,8,,2,,20,5,376,0.004464708,0.00187475,0.01757675,fb8968a385d4c8a6bcb696decc87067be215310761779e39340abc6bd3375ce7,ff1e6b176f004ea85f1e99690a90388a6a4d24f44cd8d8e636fcd9337dcf67d5,"The product transfer makes every replica booting, violating the positive ready floor before any readiness event.",core,WIN,LOSS,WIN,PASS,PASS,"Independent complete Post game, strong attractor and strict certificate/rank/initialization checks.",independent/attempt03_strict_original.json,PASS,transfers; generated coarse and E1 merge agree in reachable Post and measured counters.,1,4,PASS,rolling/v1/tables/threshold.csv,,,,,,,,,,,,,,,,,,,,,,,,,,,,,,,,,,,,,,,,,,,,,,,,,,,,,,,,,,,,,,,,,,,,,,,,
Rolling,n=5;m=1,M2,L1;L3,https://kubernetes.io/docs/concepts/workloads/controllers/deployment/,WIN,LOSS,witness,E1 certificate PASS; independent endpoints PASS; WIN Link PASS; mechanism PASS; generated/E1 Post PASS,rolling/v1,transfers,rolling_n05_m01_k01_lazy,rolling_n05_m01_k01_e1merged,rolling_n05_m01_k01_df,11,2,112,10,10,,2,,30,6,1110,0.004732333,0.002369667,0.03276825,aaa3b9ac98649267f727e583f092ca60fa944f0114c19d174e73bbac7b02a5c7,ff1e6b176f004ea85f1e99690a90388a6a4d24f44cd8d8e636fcd9337dcf67d5,"The product transfer makes every replica booting, violating the positive ready floor before any readiness event.",core,WIN,LOSS,WIN,PASS,PASS,"Independent complete Post game, strong attractor and strict certificate/rank/initialization checks.",independent/attempt03_strict_original.json,PASS,transfers; generated coarse and E1 merge agree in reachable Post and measured counters.,4,5,PASS,rolling/v1/tables/threshold.csv,,,,,,,,,,,,,,,,,,,,,,,,,,,,,,,,,,,,,,,,,,,,,,,,,,,,,,,,,,,,,,,,,,,,,,,,
Rolling,n=5;m=2,M2,L1;L3,https://kubernetes.io/docs/concepts/workloads/controllers/deployment/,WIN,LOSS,witness,E1 certificate PASS; independent endpoints PASS; WIN Link PASS; mechanism PASS; generated/E1 Post PASS,rolling/v1,transfers,rolling_n05_m02_k01_lazy,rolling_n05_m02_k01_e1merged,rolling_n05_m02_k01_df,11,2,112,10,10,,2,,30,6,1110,0.005354,0.002456792,0.033315791,8831abb7e1ccee1223dfdc57e980f2aa35d1ba57f55db0f58acbe74dd5bb9277,ff1e6b176f004ea85f1e99690a90388a6a4d24f44cd8d8e636fcd9337dcf67d5,"The product transfer makes every replica booting, violating the positive ready floor before any readiness event.",core,WIN,LOSS,WIN,PASS,PASS,"Independent complete Post game, strong attractor and strict certificate/rank/initialization checks.",independent/attempt03_strict_original.json,PASS,transfers; generated coarse and E1 merge agree in reachable Post and measured counters.,3,5,PASS,rolling/v1/tables/threshold.csv,,,,,,,,,,,,,,,,,,,,,,,,,,,,,,,,,,,,,,,,,,,,,,,,,,,,,,,,,,,,,,,,,,,,,,,,
Rolling,n=5;m=3,M2,L1;L3,https://kubernetes.io/docs/concepts/workloads/controllers/deployment/,WIN,LOSS,witness,E1 certificate PASS; independent endpoints PASS; WIN Link PASS; mechanism PASS; generated/E1 Post PASS,rolling/v1,transfers,rolling_n05_m03_k01_lazy,rolling_n05_m03_k01_e1merged,rolling_n05_m03_k01_df,11,2,112,10,10,,2,,30,6,1110,0.005376542,0.002263583,0.032655625,03ff5ec0c2f4395de3e57197ef13d6459633bde2711fd4d2300f899618b80b23,ff1e6b176f004ea85f1e99690a90388a6a4d24f44cd8d8e636fcd9337dcf67d5,"The product transfer makes every replica booting, violating the positive ready floor before any readiness event.",core,WIN,LOSS,WIN,PASS,PASS,"Independent complete Post game, strong attractor and strict certificate/rank/initialization checks.",independent/attempt03_strict_original.json,PASS,transfers; generated coarse and E1 merge agree in reachable Post and measured counters.,2,5,PASS,rolling/v1/tables/threshold.csv,,,,,,,,,,,,,,,,,,,,,,,,,,,,,,,,,,,,,,,,,,,,,,,,,,,,,,,,,,,,,,,,,,,,,,,,
Rolling,n=5;m=4,M2,L1;L3,https://kubernetes.io/docs/concepts/workloads/controllers/deployment/,WIN,LOSS,witness,E1 certificate PASS; independent endpoints PASS; WIN Link PASS; mechanism PASS; generated/E1 Post PASS,rolling/v1,transfers,rolling_n05_m04_k01_lazy,rolling_n05_m04_k01_e1merged,rolling_n05_m04_k01_df,11,2,112,10,10,,2,,30,6,1110,0.00535525,0.003289833,0.032988042,f34e6026e14a6336cd54789750c086ea5371b5dfdd9a93a86da277c4ce353d38,ff1e6b176f004ea85f1e99690a90388a6a4d24f44cd8d8e636fcd9337dcf67d5,"The product transfer makes every replica booting, violating the positive ready floor before any readiness event.",core,WIN,LOSS,WIN,PASS,PASS,"Independent complete Post game, strong attractor and strict certificate/rank/initialization checks.",independent/attempt03_strict_original.json,PASS,transfers; generated coarse and E1 merge agree in reachable Post and measured counters.,1,5,PASS,rolling/v1/tables/threshold.csv,,,,,,,,,,,,,,,,,,,,,,,,,,,,,,,,,,,,,,,,,,,,,,,,,,,,,,,,,,,,,,,,,,,,,,,,
Rolling,n=6;m=1,M2,L1;L3,https://kubernetes.io/docs/concepts/workloads/controllers/deployment/,WIN,LOSS,witness,E1 certificate PASS; independent endpoints PASS; WIN Link PASS; mechanism PASS; generated/E1 Post PASS,rolling/v1,transfers,rolling_n06_m01_k01_lazy,rolling_n06_m01_k01_e1merged,rolling_n06_m01_k01_df,13,2,256,12,12,,2,,42,7,3060,0.006497125,0.00258225,0.055550042,76d9d49c553d2d7fcaa5c2f360823ca286a0dad138982d188cf14fc5e54f1df7,ff1e6b176f004ea85f1e99690a90388a6a4d24f44cd8d8e636fcd9337dcf67d5,"The product transfer makes every replica booting, violating the positive ready floor before any readiness event.",core,WIN,LOSS,WIN,PASS,PASS,"Independent complete Post game, strong attractor and strict certificate/rank/initialization checks.",independent/attempt03_strict_original.json,PASS,transfers; generated coarse and E1 merge agree in reachable Post and measured counters.,5,6,PASS,rolling/v1/tables/threshold.csv,,,,,,,,,,,,,,,,,,,,,,,,,,,,,,,,,,,,,,,,,,,,,,,,,,,,,,,,,,,,,,,,,,,,,,,,
Rolling,n=6;m=2,M2,L1;L3,https://kubernetes.io/docs/concepts/workloads/controllers/deployment/,WIN,LOSS,witness,E1 certificate PASS; independent endpoints PASS; WIN Link PASS; mechanism PASS; generated/E1 Post PASS,rolling/v1,transfers,rolling_n06_m02_k01_lazy,rolling_n06_m02_k01_e1merged,rolling_n06_m02_k01_df,13,2,256,12,12,,2,,42,7,3060,0.005718917,0.002153,0.054546292,f0e3f9ebcd19461a807b288ed74d7ba5d958b1dd9e24d2775bb5aafe7b01d078,ff1e6b176f004ea85f1e99690a90388a6a4d24f44cd8d8e636fcd9337dcf67d5,"The product transfer makes every replica booting, violating the positive ready floor before any readiness event.",core,WIN,LOSS,WIN,PASS,PASS,"Independent complete Post game, strong attractor and strict certificate/rank/initialization checks.",independent/attempt03_strict_original.json,PASS,transfers; generated coarse and E1 merge agree in reachable Post and measured counters.,4,6,PASS,rolling/v1/tables/threshold.csv,,,,,,,,,,,,,,,,,,,,,,,,,,,,,,,,,,,,,,,,,,,,,,,,,,,,,,,,,,,,,,,,,,,,,,,,
Rolling,n=6;m=3,M2,L1;L3,https://kubernetes.io/docs/concepts/workloads/controllers/deployment/,WIN,LOSS,witness,E1 certificate PASS; independent endpoints PASS; WIN Link PASS; mechanism PASS; generated/E1 Post PASS,rolling/v1,transfers,rolling_n06_m03_k01_lazy,rolling_n06_m03_k01_e1merged,rolling_n06_m03_k01_df,13,2,256,12,12,,2,,42,7,3060,0.00640775,0.002451625,0.053055542,06c1eacf3946723fa8eb324596036cac81e324280c4b27168c545ceb94b428b9,ff1e6b176f004ea85f1e99690a90388a6a4d24f44cd8d8e636fcd9337dcf67d5,"The product transfer makes every replica booting, violating the positive ready floor before any readiness event.",core,WIN,LOSS,WIN,PASS,PASS,"Independent complete Post game, strong attractor and strict certificate/rank/initialization checks.",independent/attempt03_strict_original.json,PASS,transfers; generated coarse and E1 merge agree in reachable Post and measured counters.,3,6,PASS,rolling/v1/tables/threshold.csv,,,,,,,,,,,,,,,,,,,,,,,,,,,,,,,,,,,,,,,,,,,,,,,,,,,,,,,,,,,,,,,,,,,,,,,,
Rolling,n=6;m=4,M2,L1;L3,https://kubernetes.io/docs/concepts/workloads/controllers/deployment/,WIN,LOSS,witness,E1 certificate PASS; independent endpoints PASS; WIN Link PASS; mechanism PASS; generated/E1 Post PASS,rolling/v1,transfers,rolling_n06_m04_k01_lazy,rolling_n06_m04_k01_e1merged,rolling_n06_m04_k01_df,13,2,256,12,12,,2,,42,7,3060,0.005790708,0.002717,0.054942375,241bf79177223b7c639bb966e14660a63f58c260bf0ff2d2b8dc11bec323ff5e,ff1e6b176f004ea85f1e99690a90388a6a4d24f44cd8d8e636fcd9337dcf67d5,"The product transfer makes every replica booting, violating the positive ready floor before any readiness event.",core,WIN,LOSS,WIN,PASS,PASS,"Independent complete Post game, strong attractor and strict certificate/rank/initialization checks.",independent/attempt03_strict_original.json,PASS,transfers; generated coarse and E1 merge agree in reachable Post and measured counters.,2,6,PASS,rolling/v1/tables/threshold.csv,,,,,,,,,,,,,,,,,,,,,,,,,,,,,,,,,,,,,,,,,,,,,,,,,,,,,,,,,,,,,,,,,,,,,,,,
Rolling,n=6;m=5,M2,L1;L3,https://kubernetes.io/docs/concepts/workloads/controllers/deployment/,WIN,LOSS,witness,E1 certificate PASS; independent endpoints PASS; WIN Link PASS; mechanism PASS; generated/E1 Post PASS,rolling/v1,transfers,rolling_n06_m05_k01_lazy,rolling_n06_m05_k01_e1merged,rolling_n06_m05_k01_df,13,2,256,12,12,,2,,42,7,3060,0.0057215,0.002008083,0.05556725,7885c26852e8e89f58126cf08ea67ae2fbf2e9c0f71c98268c30e9168278fb7c,ff1e6b176f004ea85f1e99690a90388a6a4d24f44cd8d8e636fcd9337dcf67d5,"The product transfer makes every replica booting, violating the positive ready floor before any readiness event.",core,WIN,LOSS,WIN,PASS,PASS,"Independent complete Post game, strong attractor and strict certificate/rank/initialization checks.",independent/attempt03_strict_original.json,PASS,transfers; generated coarse and E1 merge agree in reachable Post and measured counters.,1,6,PASS,rolling/v1/tables/threshold.csv,,,,,,,,,,,,,,,,,,,,,,,,,,,,,,,,,,,,,,,,,,,,,,,,,,,,,,,,,,,,,,,,,,,,,,,,
Canary,n=2;m=1,M3,L1;L2;L3,https://www.crowdstrike.com/en-us/blog/falcon-content-update-preliminary-post-incident-report/,WIN,LOSS,witness,E1 certificate PASS; independent endpoints PASS; WIN Link PASS; mechanism PASS; generated/E1 Post PASS,canary/v1,transfers,n02_m01_fine_lazy,n02_m01_merged_lazy,n02_m01_fine_df,21,17,21,6,6,,5,,66,62,132,0.006163834,0.003795458,0.008205917,e9bab01aa35b95cd1850c2edabf403078527ee28eaa56bcd8193336b54955a44,ff1e6b176f004ea85f1e99690a90388a6a4d24f44cd8d8e636fcd9337dcf67d5,"The environment chooses every broken outcome and can schedule the bad health reports before ordinary controlled recovery, exposing the availability violation.",core,WIN,LOSS,WIN,PASS,PASS,"Independent complete Post game, strong attractor and strict certificate/rank/initialization checks.",independent/attempt03_strict_original.json,PASS,transfers; generated coarse and E1 merge agree in reachable Post and measured counters.,,,,,,,,,,,,,,,,,,,,,,,,,,,,,,,,,,,,,,,,,,,,,,,,,,,,,,,,,,,,,,,,,,,,,,,,,,,,
Canary,n=3;m=1,M3,L1;L2;L3,https://www.crowdstrike.com/en-us/blog/falcon-content-update-preliminary-post-incident-report/,WIN,LOSS,witness,E1 certificate PASS; independent endpoints PASS; WIN Link PASS; mechanism PASS; generated/E1 Post PASS,canary/v1,transfers,n03_m01_fine_lazy,n03_m01_merged_lazy,n03_m01_fine_df,45,65,81,9,9,,9,,212,386,822,0.012022625,0.008416417,0.022962125,68849b9c92e47feec0adf8adbfbf73b7bc38a59495b432e120705bb2539076b8,ff1e6b176f004ea85f1e99690a90388a6a4d24f44cd8d8e636fcd9337dcf67d5,"The environment chooses every broken outcome and can schedule the bad health reports before ordinary controlled recovery, exposing the availability violation.",core,WIN,LOSS,WIN,PASS,PASS,"Independent complete Post game, strong attractor and strict certificate/rank/initialization checks.",independent/attempt03_strict_original.json,PASS,transfers; generated coarse and E1 merge agree in reachable Post and measured counters.,,,,,,,,,,,,,,,,,,,,,,,,,,,,,,,,,,,,,,,,,,,,,,,,,,,,,,,,,,,,,,,,,,,,,,,,,,,,
Canary,n=3;m=2,M3,L1;L2;L3,https://www.crowdstrike.com/en-us/blog/falcon-content-update-preliminary-post-incident-report/,WIN,LOSS,witness,E1 certificate PASS; independent endpoints PASS; WIN Link PASS; mechanism PASS; generated/E1 Post PASS,canary/v1,transfers,n03_m02_fine_lazy,n03_m02_merged_lazy,n03_m02_fine_df,62,64,74,9,9,,32,,257,328,684,0.011778791,0.008411583,0.023267083,8e31dba35336d0ba55459e8727e9649cf40940d6ec427c6f7cb62eadbe1fa8e4,ff1e6b176f004ea85f1e99690a90388a6a4d24f44cd8d8e636fcd9337dcf67d5,"The environment chooses every broken outcome and can schedule the bad health reports before ordinary controlled recovery, exposing the availability violation.",core,WIN,LOSS,WIN,PASS,PASS,"Independent complete Post game, strong attractor and strict certificate/rank/initialization checks.",independent/attempt03_strict_original.json,PASS,transfers; generated coarse and E1 merge agree in reachable Post and measured counters.,,,,,,,,,,,,,,,,,,,,,,,,,,,,,,,,,,,,,,,,,,,,,,,,,,,,,,,,,,,,,,,,,,,,,,,,,,,,
Canary,n=4;m=1,M3,L1;L2;L3,https://www.crowdstrike.com/en-us/blog/falcon-content-update-preliminary-post-incident-report/,WIN,LOSS,witness,E1 certificate PASS; independent endpoints PASS; WIN Link PASS; mechanism PASS; generated/E1 Post PASS,canary/v1,transfers,n04_m01_fine_lazy,n04_m01_merged_lazy,n04_m01_fine_df,85,257,297,12,12,,17,,546,2062,4072,0.017670375,0.019599042,0.050907459,57b16da52583fb85b95e531b71054719a8dc23de1fb9fe99de8cd3e73fc7e751,ff1e6b176f004ea85f1e99690a90388a6a4d24f44cd8d8e636fcd9337dcf67d5,"The environment chooses every broken outcome and can schedule the bad health reports before ordinary controlled recovery, exposing the availability violation.",core,WIN,LOSS,WIN,PASS,PASS,"Independent complete Post game, strong attractor and strict certificate/rank/initialization checks.",independent/attempt03_strict_original.json,PASS,transfers; generated coarse and E1 merge agree in reachable Post and measured counters.,,,,,,,,,,,,,,,,,,,,,,,,,,,,,,,,,,,,,,,,,,,,,,,,,,,,,,,,,,,,,,,,,,,,,,,,,,,,
Canary,n=4;m=2,M3,L1;L2;L3,https://www.crowdstrike.com/en-us/blog/falcon-content-update-preliminary-post-incident-report/,WIN,LOSS,witness,E1 certificate PASS; independent endpoints PASS; WIN Link PASS; mechanism PASS; generated/E1 Post PASS,canary/v1,transfers,n04_m02_fine_lazy,n04_m02_merged_lazy,n04_m02_fine_df,137,256,288,12,12,,80,,803,1961,3824,0.020482625,0.019363792,0.050466833,769d56b211c465c7795177e17fe96c20204c6082c8e71a9990dcab6b56b5f424,ff1e6b176f004ea85f1e99690a90388a6a4d24f44cd8d8e636fcd9337dcf67d5,"The environment chooses every broken outcome and can schedule the bad health reports before ordinary controlled recovery, exposing the availability violation.",core,WIN,LOSS,WIN,PASS,PASS,"Independent complete Post game, strong attractor and strict certificate/rank/initialization checks.",independent/attempt03_strict_original.json,PASS,transfers; generated coarse and E1 merge agree in reachable Post and measured counters.,,,,,,,,,,,,,,,,,,,,,,,,,,,,,,,,,,,,,,,,,,,,,,,,,,,,,,,,,,,,,,,,,,,,,,,,,,,,
Canary,n=4;m=3,M3,L1;L2;L3,https://www.crowdstrike.com/en-us/blog/falcon-content-update-preliminary-post-incident-report/,WIN,LOSS,witness,E1 certificate PASS; independent endpoints PASS; WIN Link PASS; mechanism PASS; generated/E1 Post PASS,canary/v1,transfers,n04_m03_fine_lazy,n04_m03_merged_lazy,n04_m03_fine_df,174,244,232,12,12,,164,,898,1519,2768,0.0219705,0.017086541,0.044989583,17329da8a6ded46b42c7632731f62539040e7f4c581bef4bcc3f536d747ac5b6,ff1e6b176f004ea85f1e99690a90388a6a4d24f44cd8d8e636fcd9337dcf67d5,"The environment chooses every broken outcome and can schedule the bad health reports before ordinary controlled recovery, exposing the availability violation.",core,WIN,LOSS,WIN,PASS,PASS,"Independent complete Post game, strong attractor and strict certificate/rank/initialization checks.",independent/attempt03_strict_original.json,PASS,transfers; generated coarse and E1 merge agree in reachable Post and measured counters.,,,,,,,,,,,,,,,,,,,,,,,,,,,,,,,,,,,,,,,,,,,,,,,,,,,,,,,,,,,,,,,,,,,,,,,,,,,,
Canary,n=5;m=1,M3,L1;L2;L3,https://www.crowdstrike.com/en-us/blog/falcon-content-update-preliminary-post-incident-report/,WIN,LOSS,witness,E1 certificate PASS; independent endpoints PASS; WIN Link PASS; mechanism PASS; generated/E1 Post PASS,canary/v1,transfers,n05_m01_fine_lazy,n05_m01_merged_lazy,n05_m01_fine_df,157,1025,1053,15,15,,33,,1304,10282,18050,0.027113,0.053240166,0.226889458,e3d1da46c38772e3894d7c818b35d396dd90a3368773272c1ed64ab3915afca4,ff1e6b176f004ea85f1e99690a90388a6a4d24f44cd8d8e636fcd9337dcf67d5,"The environment chooses every broken outcome and can schedule the bad health reports before ordinary controlled recovery, exposing the availability violation.",core,WIN,LOSS,WIN,PASS,PASS,"Independent complete Post game, strong attractor and strict certificate/rank/initialization checks.",independent/attempt03_strict_original.json,PASS,transfers; generated coarse and E1 merge agree in reachable Post and measured counters.,,,,,,,,,,,,,,,,,,,,,,,,,,,,,,,,,,,,,,,,,,,,,,,,,,,,,,,,,,,,,,,,,,,,,,,,,,,,
Canary,n=5;m=2,M3,L1;L2;L3,https://www.crowdstrike.com/en-us/blog/falcon-content-update-preliminary-post-incident-report/,WIN,LOSS,witness,E1 certificate PASS; independent endpoints PASS; WIN Link PASS; mechanism PASS; generated/E1 Post PASS,canary/v1,transfers,n05_m02_fine_lazy,n05_m02_merged_lazy,n05_m02_fine_df,252,1024,1042,15,15,,192,,1920,10126,17660,0.038416917,0.055043,0.158091459,25da5b0874660844d79f2edb85a6a1f52ca066852db2bc67cecd5aa9f7528df2,ff1e6b176f004ea85f1e99690a90388a6a4d24f44cd8d8e636fcd9337dcf67d5,"The environment chooses every broken outcome and can schedule the bad health reports before ordinary controlled recovery, exposing the availability violation.",core,WIN,LOSS,WIN,PASS,PASS,"Independent complete Post game, strong attractor and strict certificate/rank/initialization checks.",independent/attempt03_strict_original.json,PASS,transfers; generated coarse and E1 merge agree in reachable Post and measured counters.,,,,,,,,,,,,,,,,,,,,,,,,,,,,,,,,,,,,,,,,,,,,,,,,,,,,,,,,,,,,,,,,,,,,,,,,,,,,
Canary,n=5;m=3,M3,L1;L2;L3,https://www.crowdstrike.com/en-us/blog/falcon-content-update-preliminary-post-incident-report/,WIN,LOSS,witness,E1 certificate PASS; independent endpoints PASS; WIN Link PASS; mechanism PASS; generated/E1 Post PASS,canary/v1,transfers,n05_m03_fine_lazy,n05_m03_merged_lazy,n05_m03_fine_df,386,1009,952,15,15,,497,,2669,9211,15420,0.036731625,0.045671166,0.142986084,d060dfdb0ee03ccc96051f2ea19442de18769e01d6a49a065e5db58d3e9d2a34,ff1e6b176f004ea85f1e99690a90388a6a4d24f44cd8d8e636fcd9337dcf67d5,"The environment chooses every broken outcome and can schedule the bad health reports before ordinary controlled recovery, exposing the availability violation.",core,WIN,LOSS,WIN,PASS,PASS,"Independent complete Post game, strong attractor and strict certificate/rank/initialization checks.",independent/attempt03_strict_original.json,PASS,transfers; generated coarse and E1 merge agree in reachable Post and measured counters.,,,,,,,,,,,,,,,,,,,,,,,,,,,,,,,,,,,,,,,,,,,,,,,,,,,,,,,,,,,,,,,,,,,,,,,,,,,,
Canary,n=5;m=4,M3,L1;L2;L3,https://www.crowdstrike.com/en-us/blog/falcon-content-update-preliminary-post-incident-report/,WIN,LOSS,witness,E1 certificate PASS; independent endpoints PASS; WIN Link PASS; mechanism PASS; generated/E1 Post PASS,canary/v1,transfers,n05_m04_fine_lazy,n05_m04_merged_lazy,n05_m04_fine_df,427,919,672,15,15,,727,,2568,6491,9740,0.036943334,0.060290458,0.103949541,b3bd06174ec7bda748f1078add802fbcb451098022df8b0609e89e3bb21662d3,ff1e6b176f004ea85f1e99690a90388a6a4d24f44cd8d8e636fcd9337dcf67d5,"The environment chooses every broken outcome and can schedule the bad health reports before ordinary controlled recovery, exposing the availability violation.",core,WIN,LOSS,WIN,PASS,PASS,"Independent complete Post game, strong attractor and strict certificate/rank/initialization checks.",independent/attempt03_strict_original.json,PASS,transfers; generated coarse and E1 merge agree in reachable Post and measured counters.,,,,,,,,,,,,,,,,,,,,,,,,,,,,,,,,,,,,,,,,,,,,,,,,,,,,,,,,,,,,,,,,,,,,,,,,,,,,
Canary,n=6;m=1,M3,L1;L2;L3,https://www.crowdstrike.com/en-us/blog/falcon-content-update-preliminary-post-incident-report/,WIN,LOSS,witness,E1 certificate PASS; independent endpoints PASS; WIN Link PASS; mechanism PASS; generated/E1 Post PASS,canary/v1,transfers,n06_m01_fine_lazy,n06_m01_merged_lazy,n06_m01_fine_df,293,4097,3645,18,18,,65,,3022,49254,74796,0.041583583,0.214007583,0.56079925,3abceef16c64ab83d1c8d3c518637b55de564ca6c4a8e0e45e55b912670a5cdb,ff1e6b176f004ea85f1e99690a90388a6a4d24f44cd8d8e636fcd9337dcf67d5,"The environment chooses every broken outcome and can schedule the bad health reports before ordinary controlled recovery, exposing the availability violation.",core,WIN,LOSS,WIN,PASS,PASS,"Independent complete Post game, strong attractor and strict certificate/rank/initialization checks.",independent/attempt03_strict_original.json,PASS,transfers; generated coarse and E1 merge agree in reachable Post and measured counters.,,,,,,,,,,,,,,,,,,,,,,,,,,,,,,,,,,,,,,,,,,,,,,,,,,,,,,,,,,,,,,,,,,,,,,,,,,,,
Canary,n=6;m=2,M3,L1;L2;L3,https://www.crowdstrike.com/en-us/blog/falcon-content-update-preliminary-post-incident-report/,WIN,LOSS,witness,E1 certificate PASS; independent endpoints PASS; WIN Link PASS; mechanism PASS; generated/E1 Post PASS,canary/v1,transfers,n06_m02_fine_lazy,n06_m02_merged_lazy,n06_m02_fine_df,439,4096,3632,18,18,,448,,4176,49031,74232,0.04798575,0.222080125,0.536488917,1ea783f035284ee5e93c6d6d92125dee6470b6a40131484c3e484264a6272cb0,ff1e6b176f004ea85f1e99690a90388a6a4d24f44cd8d8e636fcd9337dcf67d5,"The environment chooses every broken outcome and can schedule the bad health reports before ordinary controlled recovery, exposing the availability violation.",core,WIN,LOSS,WIN,PASS,PASS,"Independent complete Post game, strong attractor and strict certificate/rank/initialization checks.",independent/attempt03_strict_original.json,PASS,transfers; generated coarse and E1 merge agree in reachable Post and measured counters.,,,,,,,,,,,,,,,,,,,,,,,,,,,,,,,,,,,,,,,,,,,,,,,,,,,,,,,,,,,,,,,,,,,,,,,,,,,,
Canary,n=6;m=3,M3,L1;L2;L3,https://www.crowdstrike.com/en-us/blog/falcon-content-update-preliminary-post-incident-report/,WIN,LOSS,witness,E1 certificate PASS; independent endpoints PASS; WIN Link PASS; mechanism PASS; generated/E1 Post PASS,canary/v1,transfers,n06_m03_fine_lazy,n06_m03_merged_lazy,n06_m03_fine_df,718,4078,3500,18,18,,1390,,6282,47390,70152,0.062801792,0.198105375,0.530768666,7f86917239e102f73d0bc5afa82624658b3f01004122d987189d7355f064821b,ff1e6b176f004ea85f1e99690a90388a6a4d24f44cd8d8e636fcd9337dcf67d5,"The environment chooses every broken outcome and can schedule the bad health reports before ordinary controlled recovery, exposing the availability violation.",core,WIN,LOSS,WIN,PASS,PASS,"Independent complete Post game, strong attractor and strict certificate/rank/initialization checks.",independent/attempt03_strict_original.json,PASS,transfers; generated coarse and E1 merge agree in reachable Post and measured counters.,,,,,,,,,,,,,,,,,,,,,,,,,,,,,,,,,,,,,,,,,,,,,,,,,,,,,,,,,,,,,,,,,,,,,,,,,,,,
Canary,n=6;m=4,M3,L1;L2;L3,https://www.crowdstrike.com/en-us/blog/falcon-content-update-preliminary-post-incident-report/,WIN,LOSS,witness,E1 certificate PASS; independent endpoints PASS; WIN Link PASS; mechanism PASS; generated/E1 Post PASS,canary/v1,transfers,n06_m04_fine_lazy,n06_m04_merged_lazy,n06_m04_fine_df,1023,3943,2960,18,18,,2535,,8066,40875,56232,0.066003084,0.151924708,0.65682725,f8f98960283760baaa0487afeeebe6689c935b0e9bd031312e180852e9be663c,ff1e6b176f004ea85f1e99690a90388a6a4d24f44cd8d8e636fcd9337dcf67d5,"The environment chooses every broken outcome and can schedule the bad health reports before ordinary controlled recovery, exposing the availability violation.",core,WIN,LOSS,WIN,PASS,PASS,"Independent complete Post game, strong attractor and strict certificate/rank/initialization checks.",independent/attempt03_strict_original.json,PASS,transfers; generated coarse and E1 merge agree in reachable Post and measured counters.,,,,,,,,,,,,,,,,,,,,,,,,,,,,,,,,,,,,,,,,,,,,,,,,,,,,,,,,,,,,,,,,,,,,,,,,,,,,
Canary,n=6;m=5,M3,L1;L2;L3,https://www.crowdstrike.com/en-us/blog/falcon-content-update-preliminary-post-incident-report/,WIN,LOSS,witness,E1 certificate PASS; independent endpoints PASS; WIN Link PASS; mechanism PASS; generated/E1 Post PASS,canary/v1,transfers,n06_m05_fine_lazy,n06_m05_merged_lazy,n06_m05_fine_df,988,3403,1840,18,18,,2955,,6782,26260,31272,0.060304666,0.110201,0.289388542,8de658fe59588c64af288d5e77c9cb3b6c142f0e3596a3ab4c35dfa9460132d3,ff1e6b176f004ea85f1e99690a90388a6a4d24f44cd8d8e636fcd9337dcf67d5,"The environment chooses every broken outcome and can schedule the bad health reports before ordinary controlled recovery, exposing the availability violation.",core,WIN,LOSS,WIN,PASS,PASS,"Independent complete Post game, strong attractor and strict certificate/rank/initialization checks.",independent/attempt03_strict_original.json,PASS,transfers; generated coarse and E1 merge agree in reachable Post and measured counters.,,,,,,,,,,,,,,,,,,,,,,,,,,,,,,,,,,,,,,,,,,,,,,,,,,,,,,,,,,,,,,,,,,,,,,,,,,,,
Policy,rule_pairs=2,M4,boundary;L3,https://docs.aws.amazon.com/cli/latest/reference/cloudtrail/stop-logging.html ; https://csrc.nist.gov/pubs/conference/1997/11/07/mutual-exclusion-of-roles-to-implement-separation/final,WIN,LOSS,witness,E1 certificate PASS; independent endpoints PASS; WIN Link PASS; mechanism PASS; generated/E1 Post PASS,policy/v2,boundaries,policy_fine_none_lazy,policy_fine_boundaries_lazy,policy_fine_none_direct_full,24,16,129,6,5,,16,,59,30,350,0.004291292,0.00462275,0.024149875,b40bb52e09f351cf2f105f4f0c63d60964841000dd949421cc336b9b98c94e5f,ff1e6b176f004ea85f1e99690a90388a6a4d24f44cd8d8e636fcd9337dcf67d5,"Global starts create exclusive-role overlap, while global stops create an audit gap; each possible first boundary bucket is unsafe.",core,WIN,LOSS,WIN,PASS,PASS,"Independent complete Post game, strong attractor and strict certificate/rank/initialization checks.",independent/attempt03_strict_original.json,PASS,boundaries; generated coarse and E1 merge agree in reachable Post and measured counters.,,,,,,,,,,,,,,,,,,,,,,,,,,,,,,,,,,,,,,,,,,,,,,,,,,,,,,,,,,,,,,,,,,,,,,,,,,,,
DB-Rolling,n=3;m=2,M1;M2,L1;L3,https://www.mongodb.com/docs/v7.0/tutorial/upgrade-to-enterprise-replica-set/,WIN,LOSS,witness,E1 certificate PASS; independent endpoints PASS; WIN Link PASS; mechanism PASS; generated/E1 Post PASS,db_rolling/v2,transfers,db_n3_m2_fine_none_lazy,db_n3_m2_fine_transfers_lazy,db_n3_m2_fine_none_direct_full,12,6,96,8,8,,6,,70,48,1425,0.006175916,0.004585,0.028205625,39efa85e5c5f61cd038f3dcbeb361eaf73da975cb054e6e5317033919bba1353,ff1e6b176f004ea85f1e99690a90388a6a4d24f44cd8d8e636fcd9337dcf67d5,"A primary or election candidate always exists, so the joint secondary-only transfer is never enabled.",core,WIN,LOSS,WIN,PASS,PASS,"Independent complete Post game, strong attractor and strict certificate/rank/initialization checks.",independent/attempt03_strict_original.json,PASS,transfers; generated coarse and E1 merge agree in reachable Post and measured counters.,,,,,,,,,,,,,,,,,,,,,,,,,,,,,,,,,,,,,,,,,,,,,,,,,,,,,,,,,,,,,,,,,,,,,,,,,,,,
DB-Rolling,n=3;m=3,M1;M2,negative_control,https://www.mongodb.com/docs/v7.0/tutorial/upgrade-to-enterprise-replica-set/,LOSS,LOSS,both_loss,E1 certificate PASS; independent endpoints PASS; WIN Link PASS; mechanism PASS; generated/E1 Post PASS,db_rolling/v2,transfers,db_n3_m3_fine_none_lazy,db_n3_m3_fine_transfers_lazy,db_n3_m3_fine_none_direct_full,12,6,12,,,12,6,12,54,48,90,0.004729208,0.004652291,0.004760833,7e571e3c88ad38b823a832248471e2a164787c8fe4530edd4f0db60784c2cac2,ff1e6b176f004ea85f1e99690a90388a6a4d24f44cd8d8e636fcd9337dcf67d5,"A primary or election candidate always exists, so the joint secondary-only transfer is never enabled. Every individual replacement also violates the zero-downtime ready budget, so fine is LOSS as well.",core,LOSS,LOSS,LOSS,PASS,PASS,"Independent complete Post game, strong attractor and strict certificate/rank/initialization checks.",independent/attempt03_strict_original.json,PASS,transfers; generated coarse and E1 merge agree in reachable Post and measured counters.,,,,,,,,,,,,,,,,,,,,,,,,,,,,,,,,,,,,,,,,,,,,,,,,,,,,,,,,,,,,,,,,,,,,,,,,,,,,
Rolling+Audit,n=2;m=1;audit_pairs=1,M2,L1;L3;initialization;boundary_null,https://kubernetes.io/docs/concepts/workloads/controllers/deployment/ ; https://docs.aws.amazon.com/cli/latest/reference/cloudtrail/stop-logging.html,WIN,LOSS,witness,E1 certificate PASS; independent endpoints PASS; WIN Link PASS; mechanism PASS; generated/E1 Post PASS,rolling_audit/v1,transfers,fine_none_lazy,fine_transfers_lazy,fine_none_df,30,22,107,7,6,,22,,74,48,436,0.01068375,0.003898917,0.023916125,599a48467123e8f43f931ed47fe44ca90d45ec616adad649b1fbb8fa74747e65,ff1e6b176f004ea85f1e99690a90388a6a4d24f44cd8d8e636fcd9337dcf67d5,The joint transfer violates availability. Boundaries alone remain WIN because the sole old stop and new start are singleton groups.,core,WIN,LOSS,WIN,PASS,PASS,"Independent complete Post game, strong attractor and strict certificate/rank/initialization checks.",independent/attempt03_strict_original.json,PASS,transfers; generated coarse and E1 merge agree in reachable Post and measured counters.,,,,,,,,,,,,,,,,,,,,,,,,,,,,,,,,,,,,,,,,,,,,,,,,,,,,,,,,,,,,,,,,,,,,,,,,,,,,
Threads,n=2;B=1;regime=backpressure,M1,UC_progress_control,https://doi.org/10.1145/2629460,WIN,WIN,both_win,E1 fine=PASS; merged=PASS; WIN Link checked with each completed WIN; endpoint preflight=PASS; generated/E1 Post=PASS,threads/v1,transfers,threads_n02_b01_backpressure_fine_lazy,threads_n02_b01_backpressure_e1merged_lazy,threads_n02_b01_backpressure_fine_df,10,9,25,5,5,,,,29,25,152,0.004022917,0.003661916,0.006764125,a35431be42d67d8f39691209e001008ffcee5e51f6adb1a58a01c0cf507844a1,ff1e6b176f004ea85f1e99690a90388a6a4d24f44cd8d8e636fcd9337dcf67d5,,operational_control,WIN,WIN,WIN,PASS,PASS,"Independent complete Post game, strong attractor and strict certificate/rank/initialization checks.",independent/threads_strict_v3.json,PASS,transfers; generated coarse and E1 merge agree in reachable Post and measured counters.,,,,,threads_n02_b01_backpressure_generated_all_lazy,WIN,"Stopping dispatch lets busy workers finish while the bounded queue fills and preserves queued work, permitting simultaneous idle update; no granularity witness is expected.",4,,,,,,,,,,,,,,,,,,,,,,,,,,,,,,,,,,,,,,,,,,,,,,,,,,,,,,,,,,,,,,,,,,,,
Threads,n=2;B=1;regime=saturated_offers,M1,UC_progress_control,https://doi.org/10.1145/2629460,LOSS,LOSS,both_loss,E1 fine=PASS; merged=PASS; WIN Link checked with each completed WIN; endpoint preflight=PASS; generated/E1 Post=PASS,threads/v1,transfers,threads_n02_b01_saturated_offers_fine_lazy,threads_n02_b01_saturated_offers_e1merged_lazy,threads_n02_b01_saturated_offers_fine_df,8,8,8,,,8,8,8,24,24,56,0.003854667,0.002481083,0.002895208,b677a192fd7f3880aeca9ff221ad21abc466698ebc1b64c95e6b11aa4d5fce1b,ff1e6b176f004ea85f1e99690a90388a6a4d24f44cd8d8e636fcd9337dcf67d5,"Saturated offers enable an ordinary UC action in every physical state, preventing every update and every UC-quiescent goal.",operational_control,LOSS,LOSS,LOSS,PASS,PASS,"Independent complete Post game, strong attractor and strict certificate/rank/initialization checks.",independent/threads_strict_v3.json,PASS,transfers; generated coarse and E1 merge agree in reachable Post and measured counters.,,,,,threads_n02_b01_saturated_offers_generated_all_lazy,LOSS,"Saturated offers enable an ordinary UC action in every physical state, preventing every update and every UC-quiescent goal.",,,,,,,,,,,,,,,,,,,,,,,,,,,,,,,,,,,,,,,,,,,,,,,,,,,,,,,,,,,,,,,,,,,,,
Threads,n=2;B=2;regime=backpressure,M1,UC_progress_control,https://doi.org/10.1145/2629460,WIN,WIN,both_win,E1 fine=PASS; merged=PASS; WIN Link checked with each completed WIN; endpoint preflight=PASS; generated/E1 Post=PASS,threads/v1,transfers,threads_n02_b02_backpressure_fine_lazy,threads_n02_b02_backpressure_e1merged_lazy,threads_n02_b02_backpressure_fine_df,14,13,37,6,6,,,,41,37,228,0.004656417,0.003918,0.009529417,5d7fdcb99fe5f6eb9d9e5e281fb6c0af0cff917582db3262eea1e2a9296ba0eb,ff1e6b176f004ea85f1e99690a90388a6a4d24f44cd8d8e636fcd9337dcf67d5,,operational_control,WIN,WIN,WIN,PASS,PASS,"Independent complete Post game, strong attractor and strict certificate/rank/initialization checks.",independent/threads_strict_v3.json,PASS,transfers; generated coarse and E1 merge agree in reachable Post and measured counters.,,,,,threads_n02_b02_backpressure_generated_all_lazy,WIN,"Stopping dispatch lets busy workers finish while the bounded queue fills and preserves queued work, permitting simultaneous idle update; no granularity witness is expected.",5,,,,,,,,,,,,,,,,,,,,,,,,,,,,,,,,,,,,,,,,,,,,,,,,,,,,,,,,,,,,,,,,,,,,
Threads,n=2;B=2;regime=saturated_offers,M1,UC_progress_control,https://doi.org/10.1145/2629460,LOSS,LOSS,both_loss,E1 fine=PASS; merged=PASS; WIN Link checked with each completed WIN; endpoint preflight=PASS; generated/E1 Post=PASS,threads/v1,transfers,threads_n02_b02_saturated_offers_fine_lazy,threads_n02_b02_saturated_offers_e1merged_lazy,threads_n02_b02_saturated_offers_fine_df,12,12,12,,,12,12,12,36,36,84,0.003454,0.003740833,0.003251,97b0c825f9b8fd4d0b571af530fdc7aa3a9d9efe1f019231e26ba3291ac3db9b,ff1e6b176f004ea85f1e99690a90388a6a4d24f44cd8d8e636fcd9337dcf67d5,"Saturated offers enable an ordinary UC action in every physical state, preventing every update and every UC-quiescent goal.",operational_control,LOSS,LOSS,LOSS,PASS,PASS,"Independent complete Post game, strong attractor and strict certificate/rank/initialization checks.",independent/threads_strict_v3.json,PASS,transfers; generated coarse and E1 merge agree in reachable Post and measured counters.,,,,,threads_n02_b02_saturated_offers_generated_all_lazy,LOSS,"Saturated offers enable an ordinary UC action in every physical state, preventing every update and every UC-quiescent goal.",,,,,,,,,,,,,,,,,,,,,,,,,,,,,,,,,,,,,,,,,,,,,,,,,,,,,,,,,,,,,,,,,,,,,
Threads,n=3;B=1;regime=backpressure,M1,UC_progress_control,https://doi.org/10.1145/2629460,WIN,WIN,both_win,E1 fine=PASS; merged=PASS; WIN Link checked with each completed WIN; endpoint preflight=PASS; generated/E1 Post=PASS,threads/v1,transfers,threads_n03_b01_backpressure_fine_lazy,threads_n03_b01_backpressure_e1merged_lazy,threads_n03_b01_backpressure_fine_df,19,17,113,7,7,,,,75,65,976,0.007609542,0.005757167,0.020901041,8d716345e10e66f44e3591c26817f4018feb4af895c861254c45735b1d771ae4,ff1e6b176f004ea85f1e99690a90388a6a4d24f44cd8d8e636fcd9337dcf67d5,,operational_control,WIN,WIN,WIN,PASS,PASS,"Independent complete Post game, strong attractor and strict certificate/rank/initialization checks.",independent/threads_strict_v3.json,PASS,transfers; generated coarse and E1 merge agree in reachable Post and measured counters.,,,,,threads_n03_b01_backpressure_generated_all_lazy,WIN,"Stopping dispatch lets busy workers finish while the bounded queue fills and preserves queued work, permitting simultaneous idle update; no granularity witness is expected.",5,,,,,,,,,,,,,,,,,,,,,,,,,,,,,,,,,,,,,,,,,,,,,,,,,,,,,,,,,,,,,,,,,,,,
Threads,n=3;B=1;regime=saturated_offers,M1,UC_progress_control,https://doi.org/10.1145/2629460,LOSS,LOSS,both_loss,E1 fine=PASS; merged=PASS; WIN Link checked with each completed WIN; endpoint preflight=PASS; generated/E1 Post=PASS,threads/v1,transfers,threads_n03_b01_saturated_offers_fine_lazy,threads_n03_b01_saturated_offers_e1merged_lazy,threads_n03_b01_saturated_offers_fine_df,16,16,16,,,16,16,16,64,64,160,0.004524833,0.0054235,0.00489075,5f4e7ac4351af46bab36c635e2548e504e32e575dff5f22e108e33ed4320ec7d,ff1e6b176f004ea85f1e99690a90388a6a4d24f44cd8d8e636fcd9337dcf67d5,"Saturated offers enable an ordinary UC action in every physical state, preventing every update and every UC-quiescent goal.",operational_control,LOSS,LOSS,LOSS,PASS,PASS,"Independent complete Post game, strong attractor and strict certificate/rank/initialization checks.",independent/threads_strict_v3.json,PASS,transfers; generated coarse and E1 merge agree in reachable Post and measured counters.,,,,,threads_n03_b01_saturated_offers_generated_all_lazy,LOSS,"Saturated offers enable an ordinary UC action in every physical state, preventing every update and every UC-quiescent goal.",,,,,,,,,,,,,,,,,,,,,,,,,,,,,,,,,,,,,,,,,,,,,,,,,,,,,,,,,,,,,,,,,,,,,
Threads,n=3;B=2;regime=backpressure,M1,UC_progress_control,https://doi.org/10.1145/2629460,WIN,WIN,both_win,E1 fine=PASS; merged=PASS; WIN Link checked with each completed WIN; endpoint preflight=PASS; generated/E1 Post=PASS,threads/v1,transfers,threads_n03_b02_backpressure_fine_lazy,threads_n03_b02_backpressure_e1merged_lazy,threads_n03_b02_backpressure_fine_df,27,25,169,8,8,,,,107,97,1464,0.009848542,0.006098625,0.032627042,4e1c92f93482000c19fe7797478943e68670b57b010616cff8837cb795432404,ff1e6b176f004ea85f1e99690a90388a6a4d24f44cd8d8e636fcd9337dcf67d5,,operational_control,WIN,WIN,WIN,PASS,PASS,"Independent complete Post game, strong attractor and strict certificate/rank/initialization checks.",independent/threads_strict_v3.json,PASS,transfers; generated coarse and E1 merge agree in reachable Post and measured counters.,,,,,threads_n03_b02_backpressure_generated_all_lazy,WIN,"Stopping dispatch lets busy workers finish while the bounded queue fills and preserves queued work, permitting simultaneous idle update; no granularity witness is expected.",6,,,,,,,,,,,,,,,,,,,,,,,,,,,,,,,,,,,,,,,,,,,,,,,,,,,,,,,,,,,,,,,,,,,,
Threads,n=3;B=2;regime=saturated_offers,M1,UC_progress_control,https://doi.org/10.1145/2629460,LOSS,LOSS,both_loss,E1 fine=PASS; merged=PASS; WIN Link checked with each completed WIN; endpoint preflight=PASS; generated/E1 Post=PASS,threads/v1,transfers,threads_n03_b02_saturated_offers_fine_lazy,threads_n03_b02_saturated_offers_e1merged_lazy,threads_n03_b02_saturated_offers_fine_df,24,24,24,,,24,24,24,96,96,240,0.006437375,0.00460525,0.006878,695787ea82b6f9e25488ac28a7af86c4c9479f6d4010eed95c401e2544ff4558,ff1e6b176f004ea85f1e99690a90388a6a4d24f44cd8d8e636fcd9337dcf67d5,"Saturated offers enable an ordinary UC action in every physical state, preventing every update and every UC-quiescent goal.",operational_control,LOSS,LOSS,LOSS,PASS,PASS,"Independent complete Post game, strong attractor and strict certificate/rank/initialization checks.",independent/threads_strict_v3.json,PASS,transfers; generated coarse and E1 merge agree in reachable Post and measured counters.,,,,,threads_n03_b02_saturated_offers_generated_all_lazy,LOSS,"Saturated offers enable an ordinary UC action in every physical state, preventing every update and every UC-quiescent goal.",,,,,,,,,,,,,,,,,,,,,,,,,,,,,,,,,,,,,,,,,,,,,,,,,,,,,,,,,,,,,,,,,,,,,
Threads,n=4;B=1;regime=backpressure,M1,UC_progress_control,https://doi.org/10.1145/2629460,WIN,WIN,both_win,E1 fine=PASS; merged=PASS; WIN Link checked with each completed WIN; endpoint preflight=PASS; generated/E1 Post=PASS,threads/v1,transfers,threads_n04_b01_backpressure_fine_lazy,threads_n04_b01_backpressure_e1merged_lazy,threads_n04_b01_backpressure_fine_df,36,33,481,9,9,,,,179,161,5344,0.013074,0.008433792,0.062815084,1db1f121ec6fd248b3bb7a6b67436e801e3fe252717e48046d1abda71ddf77b1,ff1e6b176f004ea85f1e99690a90388a6a4d24f44cd8d8e636fcd9337dcf67d5,,operational_control,WIN,WIN,WIN,PASS,PASS,"Independent complete Post game, strong attractor and strict certificate/rank/initialization checks.",independent/threads_strict_v3.json,PASS,transfers; generated coarse and E1 merge agree in reachable Post and measured counters.,,,,,threads_n04_b01_backpressure_generated_all_lazy,WIN,"Stopping dispatch lets busy workers finish while the bounded queue fills and preserves queued work, permitting simultaneous idle update; no granularity witness is expected.",6,,,,,,,,,,,,,,,,,,,,,,,,,,,,,,,,,,,,,,,,,,,,,,,,,,,,,,,,,,,,,,,,,,,,
Threads,n=4;B=1;regime=saturated_offers,M1,UC_progress_control,https://doi.org/10.1145/2629460,LOSS,LOSS,both_loss,E1 fine=PASS; merged=PASS; WIN Link checked with each completed WIN; endpoint preflight=PASS; generated/E1 Post=PASS,threads/v1,transfers,threads_n04_b01_saturated_offers_fine_lazy,threads_n04_b01_saturated_offers_e1merged_lazy,threads_n04_b01_saturated_offers_fine_df,32,32,32,,,32,32,32,160,160,416,0.009201416,0.006052416,0.009924042,ae7d9c62597fbd87c665c8e9023fa15559a8bf3bc187174a09c9b07790ded287,ff1e6b176f004ea85f1e99690a90388a6a4d24f44cd8d8e636fcd9337dcf67d5,"Saturated offers enable an ordinary UC action in every physical state, preventing every update and every UC-quiescent goal.",operational_control,LOSS,LOSS,LOSS,PASS,PASS,"Independent complete Post game, strong attractor and strict certificate/rank/initialization checks.",independent/threads_strict_v3.json,PASS,transfers; generated coarse and E1 merge agree in reachable Post and measured counters.,,,,,threads_n04_b01_saturated_offers_generated_all_lazy,LOSS,"Saturated offers enable an ordinary UC action in every physical state, preventing every update and every UC-quiescent goal.",,,,,,,,,,,,,,,,,,,,,,,,,,,,,,,,,,,,,,,,,,,,,,,,,,,,,,,,,,,,,,,,,,,,,
Threads,n=4;B=2;regime=backpressure,M1,UC_progress_control,https://doi.org/10.1145/2629460,WIN,WIN,both_win,E1 fine=PASS; merged=PASS; WIN Link checked with each completed WIN; endpoint preflight=PASS; generated/E1 Post=PASS,threads/v1,transfers,threads_n04_b02_backpressure_fine_lazy,threads_n04_b02_backpressure_e1merged_lazy,threads_n04_b02_backpressure_fine_df,52,49,721,10,10,,,,259,241,8016,0.015778834,0.00940475,0.086014958,9e3989517adf8285904108401a352c8e4daa4d874b6051e54195a2b6cbf5ea3e,ff1e6b176f004ea85f1e99690a90388a6a4d24f44cd8d8e636fcd9337dcf67d5,,operational_control,WIN,WIN,WIN,PASS,PASS,"Independent complete Post game, strong attractor and strict certificate/rank/initialization checks.",independent/threads_strict_v3.json,PASS,transfers; generated coarse and E1 merge agree in reachable Post and measured counters.,,,,,threads_n04_b02_backpressure_generated_all_lazy,WIN,"Stopping dispatch lets busy workers finish while the bounded queue fills and preserves queued work, permitting simultaneous idle update; no granularity witness is expected.",7,,,,,,,,,,,,,,,,,,,,,,,,,,,,,,,,,,,,,,,,,,,,,,,,,,,,,,,,,,,,,,,,,,,,
Threads,n=4;B=2;regime=saturated_offers,M1,UC_progress_control,https://doi.org/10.1145/2629460,LOSS,LOSS,both_loss,E1 fine=PASS; merged=PASS; WIN Link checked with each completed WIN; endpoint preflight=PASS; generated/E1 Post=PASS,threads/v1,transfers,threads_n04_b02_saturated_offers_fine_lazy,threads_n04_b02_saturated_offers_e1merged_lazy,threads_n04_b02_saturated_offers_fine_df,48,48,48,,,48,48,48,240,240,624,0.012938834,0.009551041,0.011971917,18626ac0f07950a71bd347ce15d1a6c4fe5c98cdd69d207e26518895d11a0849,ff1e6b176f004ea85f1e99690a90388a6a4d24f44cd8d8e636fcd9337dcf67d5,"Saturated offers enable an ordinary UC action in every physical state, preventing every update and every UC-quiescent goal.",operational_control,LOSS,LOSS,LOSS,PASS,PASS,"Independent complete Post game, strong attractor and strict certificate/rank/initialization checks.",independent/threads_strict_v3.json,PASS,transfers; generated coarse and E1 merge agree in reachable Post and measured counters.,,,,,threads_n04_b02_saturated_offers_generated_all_lazy,LOSS,"Saturated offers enable an ordinary UC action in every physical state, preventing every update and every UC-quiescent goal.",,,,,,,,,,,,,,,,,,,,,,,,,,,,,,,,,,,,,,,,,,,,,,,,,,,,,,,,,,,,,,,,,,,,,
Threads,n=5;B=1;regime=backpressure,M1,UC_progress_control,https://doi.org/10.1145/2629460,WIN,WIN,both_win,E1 fine=PASS; merged=PASS; WIN Link checked with each completed WIN; endpoint preflight=PASS; generated/E1 Post=PASS,threads/v1,transfers,threads_n05_b01_backpressure_fine_lazy,threads_n05_b01_backpressure_e1merged_lazy,threads_n05_b01_backpressure_fine_df,69,65,1985,11,11,,,,413,385,26944,0.030410292,0.01329525,0.228553667,7e877f5ebace86f8c88e099b24d0a25204eda0d3f01c0ec41230521152b11faf,ff1e6b176f004ea85f1e99690a90388a6a4d24f44cd8d8e636fcd9337dcf67d5,,operational_control,WIN,WIN,WIN,PASS,PASS,"Independent complete Post game, strong attractor and strict certificate/rank/initialization checks.",independent/threads_strict_v3.json,PASS,transfers; generated coarse and E1 merge agree in reachable Post and measured counters.,,,,,threads_n05_b01_backpressure_generated_all_lazy,WIN,"Stopping dispatch lets busy workers finish while the bounded queue fills and preserves queued work, permitting simultaneous idle update; no granularity witness is expected.",7,,,,,,,,,,,,,,,,,,,,,,,,,,,,,,,,,,,,,,,,,,,,,,,,,,,,,,,,,,,,,,,,,,,,
Threads,n=5;B=1;regime=saturated_offers,M1,UC_progress_control,https://doi.org/10.1145/2629460,LOSS,LOSS,both_loss,E1 fine=PASS; merged=PASS; WIN Link checked with each completed WIN; endpoint preflight=PASS; generated/E1 Post=PASS,threads/v1,transfers,threads_n05_b01_saturated_offers_fine_lazy,threads_n05_b01_saturated_offers_e1merged_lazy,threads_n05_b01_saturated_offers_fine_df,64,64,64,,,64,64,64,384,384,1024,0.01837975,0.012825042,0.018624833,9313c559cebe50761770490828e87dcfcc313b75bef92d60920b7a951fa45106,ff1e6b176f004ea85f1e99690a90388a6a4d24f44cd8d8e636fcd9337dcf67d5,"Saturated offers enable an ordinary UC action in every physical state, preventing every update and every UC-quiescent goal.",operational_control,LOSS,LOSS,LOSS,PASS,PASS,"Independent complete Post game, strong attractor and strict certificate/rank/initialization checks.",independent/threads_strict_v3.json,PASS,transfers; generated coarse and E1 merge agree in reachable Post and measured counters.,,,,,threads_n05_b01_saturated_offers_generated_all_lazy,LOSS,"Saturated offers enable an ordinary UC action in every physical state, preventing every update and every UC-quiescent goal.",,,,,,,,,,,,,,,,,,,,,,,,,,,,,,,,,,,,,,,,,,,,,,,,,,,,,,,,,,,,,,,,,,,,,
Threads,n=5;B=2;regime=backpressure,M1,UC_progress_control,https://doi.org/10.1145/2629460,WIN,WIN,both_win,E1 fine=PASS; merged=PASS; WIN Link checked with each completed WIN; endpoint preflight=PASS; generated/E1 Post=PASS,threads/v1,transfers,threads_n05_b02_backpressure_fine_lazy,threads_n05_b02_backpressure_e1merged_lazy,threads_n05_b02_backpressure_fine_df,101,97,2977,12,12,,,,605,577,40416,0.0303795,0.022043959,0.394083792,058a133d5c17c6997c0b50aca167c9b169d1961e8f84647fb5cb6fac865bc2b0,ff1e6b176f004ea85f1e99690a90388a6a4d24f44cd8d8e636fcd9337dcf67d5,,operational_control,WIN,WIN,WIN,PASS,PASS,"Independent complete Post game, strong attractor and strict certificate/rank/initialization checks.",independent/threads_strict_v3.json,PASS,transfers; generated coarse and E1 merge agree in reachable Post and measured counters.,,,,,threads_n05_b02_backpressure_generated_all_lazy,WIN,"Stopping dispatch lets busy workers finish while the bounded queue fills and preserves queued work, permitting simultaneous idle update; no granularity witness is expected.",8,,,,,,,,,,,,,,,,,,,,,,,,,,,,,,,,,,,,,,,,,,,,,,,,,,,,,,,,,,,,,,,,,,,,
Threads,n=5;B=2;regime=saturated_offers,M1,UC_progress_control,https://doi.org/10.1145/2629460,LOSS,LOSS,both_loss,E1 fine=PASS; merged=PASS; WIN Link checked with each completed WIN; endpoint preflight=PASS; generated/E1 Post=PASS,threads/v1,transfers,threads_n05_b02_saturated_offers_fine_lazy,threads_n05_b02_saturated_offers_e1merged_lazy,threads_n05_b02_saturated_offers_fine_df,96,96,96,,,96,96,96,576,576,1536,0.022931875,0.020672584,0.025239375,f5e80d48540909a2dcb2faa8c7ef2ad7d66d6b715a0e0d313918df169ad918e0,ff1e6b176f004ea85f1e99690a90388a6a4d24f44cd8d8e636fcd9337dcf67d5,"Saturated offers enable an ordinary UC action in every physical state, preventing every update and every UC-quiescent goal.",operational_control,LOSS,LOSS,LOSS,PASS,PASS,"Independent complete Post game, strong attractor and strict certificate/rank/initialization checks.",independent/threads_strict_v3.json,PASS,transfers; generated coarse and E1 merge agree in reachable Post and measured counters.,,,,,threads_n05_b02_saturated_offers_generated_all_lazy,LOSS,"Saturated offers enable an ordinary UC action in every physical state, preventing every update and every UC-quiescent goal.",,,,,,,,,,,,,,,,,,,,,,,,,,,,,,,,,,,,,,,,,,,,,,,,,,,,,,,,,,,,,,,,,,,,,
Threads,n=6;B=1;regime=backpressure,M1,UC_progress_control,https://doi.org/10.1145/2629460,WIN,WIN,both_win,E1 fine=PASS; merged=PASS; WIN Link checked with each completed WIN; endpoint preflight=PASS; generated/E1 Post=PASS,threads/v1,transfers,threads_n06_b01_backpressure_fine_lazy,threads_n06_b01_backpressure_e1merged_lazy,threads_n06_b01_backpressure_fine_df,134,129,8065,13,13,,,,937,897,129408,0.039926833,0.034051333,0.870628125,15ecb42c776fa0820eaf8b51722ba3dafab19544e8372f0421107205056d7e1f,ff1e6b176f004ea85f1e99690a90388a6a4d24f44cd8d8e636fcd9337dcf67d5,,operational_control,WIN,WIN,WIN,PASS,PASS,"Independent complete Post game, strong attractor and strict certificate/rank/initialization checks.",independent/threads_strict_v3.json,PASS,transfers; generated coarse and E1 merge agree in reachable Post and measured counters.,,,,,threads_n06_b01_backpressure_generated_all_lazy,WIN,"Stopping dispatch lets busy workers finish while the bounded queue fills and preserves queued work, permitting simultaneous idle update; no granularity witness is expected.",8,,,,,,,,,,,,,,,,,,,,,,,,,,,,,,,,,,,,,,,,,,,,,,,,,,,,,,,,,,,,,,,,,,,,
Threads,n=6;B=1;regime=saturated_offers,M1,UC_progress_control,https://doi.org/10.1145/2629460,LOSS,LOSS,both_loss,E1 fine=PASS; merged=PASS; WIN Link checked with each completed WIN; endpoint preflight=PASS; generated/E1 Post=PASS,threads/v1,transfers,threads_n06_b01_saturated_offers_fine_lazy,threads_n06_b01_saturated_offers_e1merged_lazy,threads_n06_b01_saturated_offers_fine_df,128,128,128,,,128,128,128,896,896,2432,0.035200792,0.029759958,0.0391575,f7f40b33f6b7dc77511dcf9d2ba0b531ffb3789c3cf9f0488bfd48f52c352206,ff1e6b176f004ea85f1e99690a90388a6a4d24f44cd8d8e636fcd9337dcf67d5,"Saturated offers enable an ordinary UC action in every physical state, preventing every update and every UC-quiescent goal.",operational_control,LOSS,LOSS,LOSS,PASS,PASS,"Independent complete Post game, strong attractor and strict certificate/rank/initialization checks.",independent/threads_strict_v3.json,PASS,transfers; generated coarse and E1 merge agree in reachable Post and measured counters.,,,,,threads_n06_b01_saturated_offers_generated_all_lazy,LOSS,"Saturated offers enable an ordinary UC action in every physical state, preventing every update and every UC-quiescent goal.",,,,,,,,,,,,,,,,,,,,,,,,,,,,,,,,,,,,,,,,,,,,,,,,,,,,,,,,,,,,,,,,,,,,,
Threads,n=6;B=2;regime=backpressure,M1,UC_progress_control,https://doi.org/10.1145/2629460,WIN,WIN,both_win,E1 fine=PASS; merged=PASS; WIN Link checked with each completed WIN; endpoint preflight=PASS; generated/E1 Post=PASS,threads/v1,transfers,threads_n06_b02_backpressure_fine_lazy,threads_n06_b02_backpressure_e1merged_lazy,threads_n06_b02_backpressure_fine_df,198,193,12097,14,14,,,,1385,1345,194112,0.05206475,0.049233083,1.486289875,64b121492cebf63292066f1defd547e1b103df2645fc86529fdcef51cd317859,ff1e6b176f004ea85f1e99690a90388a6a4d24f44cd8d8e636fcd9337dcf67d5,,operational_control,WIN,WIN,WIN,PASS,PASS,"Independent complete Post game, strong attractor and strict certificate/rank/initialization checks.",independent/threads_strict_v3.json,PASS,transfers; generated coarse and E1 merge agree in reachable Post and measured counters.,,,,,threads_n06_b02_backpressure_generated_all_lazy,WIN,"Stopping dispatch lets busy workers finish while the bounded queue fills and preserves queued work, permitting simultaneous idle update; no granularity witness is expected.",9,,,,,,,,,,,,,,,,,,,,,,,,,,,,,,,,,,,,,,,,,,,,,,,,,,,,,,,,,,,,,,,,,,,,
Threads,n=6;B=2;regime=saturated_offers,M1,UC_progress_control,https://doi.org/10.1145/2629460,LOSS,LOSS,both_loss,E1 fine=PASS; merged=PASS; WIN Link checked with each completed WIN; endpoint preflight=PASS; generated/E1 Post=PASS,threads/v1,transfers,threads_n06_b02_saturated_offers_fine_lazy,threads_n06_b02_saturated_offers_e1merged_lazy,threads_n06_b02_saturated_offers_fine_df,192,192,192,,,192,192,192,1344,1344,3648,0.049380958,0.0407305,0.048991083,c7d6121e5b6704e55dbb97f6c9157fa370687184855a3183ffa4ee51792689e0,ff1e6b176f004ea85f1e99690a90388a6a4d24f44cd8d8e636fcd9337dcf67d5,"Saturated offers enable an ordinary UC action in every physical state, preventing every update and every UC-quiescent goal.",operational_control,LOSS,LOSS,LOSS,PASS,PASS,"Independent complete Post game, strong attractor and strict certificate/rank/initialization checks.",independent/threads_strict_v3.json,PASS,transfers; generated coarse and E1 merge agree in reachable Post and measured counters.,,,,,threads_n06_b02_saturated_offers_generated_all_lazy,LOSS,"Saturated offers enable an ordinary UC action in every physical state, preventing every update and every UC-quiescent goal.",,,,,,,,,,,,,,,,,,,,,,,,,,,,,,,,,,,,,,,,,,,,,,,,,,,,,,,,,,,,,,,,,,,,,
Rolling-scale,n=7;m=1,M2,L3,https://kubernetes.io/docs/concepts/workloads/controllers/deployment/,WIN,LOSS,witness,E1 fine=PASS; merged=PASS; WIN Link checked with each completed WIN; endpoint preflight=PASS; generated/E1 Post=PASS,rolling_scale/v1,transfers,n07_m01_fine_lazy,n07_m01_merged_lazy,n07_m01_fine_df,15,2,576,14,14,,2,,56,8,8050,0.009008958,0.002056458,0.105836584,9511da9bb4f03df378bf0bc451124043558095135e4194b1e051eb4d7612a448,ff1e6b176f004ea85f1e99690a90388a6a4d24f44cd8d8e636fcd9337dcf67d5,"The product transfer puts every replica in booting, violating the positive ready floor.",scale_extension,WIN,LOSS,WIN,PASS_CERTIFICATE_SCOPE,PASS,v3 Post interpreter on every saved certificate plus independent endpoint and Full formula checks; no full-game Python enumeration.,common/independent_checks/rolling_scale_final_review.json,PASS,transfers; generated coarse and E1 merge agree in reachable Post and measured counters.,,,,,n07_m01_all_lazy,LOSS,"The product transfer puts every replica in booting, violating the positive ready floor.",,,,,,,,,,,,,,,,,,,,,,,,,,,,,,,,,,,,,,,,,,,,,,,,,,,,,,,,,,,,,,,,,,,,,
Rolling-scale,n=7;m=6,M2,L3,https://kubernetes.io/docs/concepts/workloads/controllers/deployment/,WIN,LOSS,witness,E1 fine=PASS; merged=PASS; WIN Link checked with each completed WIN; endpoint preflight=PASS; generated/E1 Post=PASS,rolling_scale/v1,transfers,n07_m06_fine_lazy,n07_m06_merged_lazy,n07_m06_fine_df,15,2,576,14,14,,2,,56,8,8050,0.007443875,0.005709083,0.104568792,bdb9e7133c453bd6f01cfb3aed9f4d75fbaf5438b18179cf25e43b013d364127,ff1e6b176f004ea85f1e99690a90388a6a4d24f44cd8d8e636fcd9337dcf67d5,"The product transfer puts every replica in booting, violating the positive ready floor.",scale_extension,WIN,LOSS,WIN,PASS_CERTIFICATE_SCOPE,PASS,v3 Post interpreter on every saved certificate plus independent endpoint and Full formula checks; no full-game Python enumeration.,common/independent_checks/rolling_scale_final_review.json,PASS,transfers; generated coarse and E1 merge agree in reachable Post and measured counters.,,,,,n07_m06_all_lazy,LOSS,"The product transfer puts every replica in booting, violating the positive ready floor.",,,,,,,,,,,,,,,,,,,,,,,,,,,,,,,,,,,,,,,,,,,,,,,,,,,,,,,,,,,,,,,,,,,,,
Rolling-scale,n=8;m=1,M2,L3,https://kubernetes.io/docs/concepts/workloads/controllers/deployment/,WIN,LOSS,witness,E1 fine=PASS; merged=PASS; WIN Link checked with each completed WIN; endpoint preflight=PASS; generated/E1 Post=PASS,rolling_scale/v1,transfers,n08_m01_fine_lazy,n08_m01_merged_lazy,n08_m01_fine_df,17,2,1280,16,16,,2,,72,9,20464,0.008210542,0.002298333,0.226152167,5db46cb7ef7285fc6afae038eeb60a24e26f3192a72911c58b5c1f93089936f3,ff1e6b176f004ea85f1e99690a90388a6a4d24f44cd8d8e636fcd9337dcf67d5,"The product transfer puts every replica in booting, violating the positive ready floor.",scale_extension,WIN,LOSS,WIN,PASS_CERTIFICATE_SCOPE,PASS,v3 Post interpreter on every saved certificate plus independent endpoint and Full formula checks; no full-game Python enumeration.,common/independent_checks/rolling_scale_final_review.json,PASS,transfers; generated coarse and E1 merge agree in reachable Post and measured counters.,,,,,n08_m01_all_lazy,LOSS,"The product transfer puts every replica in booting, violating the positive ready floor.",,,,,,,,,,,,,,,,,,,,,,,,,,,,,,,,,,,,,,,,,,,,,,,,,,,,,,,,,,,,,,,,,,,,,
Rolling-scale,n=8;m=7,M2,L3,https://kubernetes.io/docs/concepts/workloads/controllers/deployment/,WIN,LOSS,witness,E1 fine=PASS; merged=PASS; WIN Link checked with each completed WIN; endpoint preflight=PASS; generated/E1 Post=PASS,rolling_scale/v1,transfers,n08_m07_fine_lazy,n08_m07_merged_lazy,n08_m07_fine_df,17,2,1280,16,16,,2,,72,9,20464,0.008837708,0.002142958,0.21720725,ab65a1c7fe69411d4cb18045c829eb82c2d0d5cdd45db8fb70391793cf46ceb7,ff1e6b176f004ea85f1e99690a90388a6a4d24f44cd8d8e636fcd9337dcf67d5,"The product transfer puts every replica in booting, violating the positive ready floor.",scale_extension,WIN,LOSS,WIN,PASS_CERTIFICATE_SCOPE,PASS,v3 Post interpreter on every saved certificate plus independent endpoint and Full formula checks; no full-game Python enumeration.,common/independent_checks/rolling_scale_final_review.json,PASS,transfers; generated coarse and E1 merge agree in reachable Post and measured counters.,,,,,n08_m07_all_lazy,LOSS,"The product transfer puts every replica in booting, violating the positive ready floor.",,,,,,,,,,,,,,,,,,,,,,,,,,,,,,,,,,,,,,,,,,,,,,,,,,,,,,,,,,,,,,,,,,,,,
Rolling-scale,n=9;m=1,M2,L3,https://kubernetes.io/docs/concepts/workloads/controllers/deployment/,WIN,LOSS,witness,E1 fine=PASS; merged=PASS; WIN Link checked with each completed WIN; endpoint preflight=PASS; generated/E1 Post=PASS,rolling_scale/v1,transfers,n09_m01_fine_lazy,n09_m01_merged_lazy,n09_m01_fine_df,19,2,2816,18,18,,2,,90,10,50670,0.008319083,0.002283584,0.503558291,fc76df5a2ae87c18285c2bfc52a83a0c8f33f284d92c7d825711dd4cf63dabcf,ff1e6b176f004ea85f1e99690a90388a6a4d24f44cd8d8e636fcd9337dcf67d5,"The product transfer puts every replica in booting, violating the positive ready floor.",scale_extension,WIN,LOSS,WIN,PASS_CERTIFICATE_SCOPE,PASS,v3 Post interpreter on every saved certificate plus independent endpoint and Full formula checks; no full-game Python enumeration.,common/independent_checks/rolling_scale_final_review.json,PASS,transfers; generated coarse and E1 merge agree in reachable Post and measured counters.,,,,,n09_m01_all_lazy,LOSS,"The product transfer puts every replica in booting, violating the positive ready floor.",,,,,,,,,,,,,,,,,,,,,,,,,,,,,,,,,,,,,,,,,,,,,,,,,,,,,,,,,,,,,,,,,,,,,
Rolling-scale,n=9;m=8,M2,L3,https://kubernetes.io/docs/concepts/workloads/controllers/deployment/,WIN,LOSS,witness,E1 fine=PASS; merged=PASS; WIN Link checked with each completed WIN; endpoint preflight=PASS; generated/E1 Post=PASS,rolling_scale/v1,transfers,n09_m08_fine_lazy,n09_m08_merged_lazy,n09_m08_fine_df,19,2,2816,18,18,,2,,90,10,50670,0.010010417,0.002941459,0.51340025,c63f07ac9ee4812f1f1b6aea7ababa2ffebe12a645b7b77eac2e05cc5b72fe5a,ff1e6b176f004ea85f1e99690a90388a6a4d24f44cd8d8e636fcd9337dcf67d5,"The product transfer puts every replica in booting, violating the positive ready floor.",scale_extension,WIN,LOSS,WIN,PASS_CERTIFICATE_SCOPE,PASS,v3 Post interpreter on every saved certificate plus independent endpoint and Full formula checks; no full-game Python enumeration.,common/independent_checks/rolling_scale_final_review.json,PASS,transfers; generated coarse and E1 merge agree in reachable Post and measured counters.,,,,,n09_m08_all_lazy,LOSS,"The product transfer puts every replica in booting, violating the positive ready floor.",,,,,,,,,,,,,,,,,,,,,,,,,,,,,,,,,,,,,,,,,,,,,,,,,,,,,,,,,,,,,,,,,,,,,
Rolling-scale,n=10;m=1,M2,L3,https://kubernetes.io/docs/concepts/workloads/controllers/deployment/,WIN,LOSS,witness,E1 fine=PASS; merged=PASS; WIN Link checked with each completed WIN; endpoint preflight=PASS; generated/E1 Post=PASS,rolling_scale/v1,transfers,n10_m01_fine_lazy,n10_m01_merged_lazy,n10_m01_fine_df,21,2,6144,20,20,,2,,110,11,122860,0.008968709,0.002664292,1.217885542,f69c121780cf959808cd18c2143d9643d2ffa58b45f791b0e9fbfb243cc864f6,ff1e6b176f004ea85f1e99690a90388a6a4d24f44cd8d8e636fcd9337dcf67d5,"The product transfer puts every replica in booting, violating the positive ready floor.",scale_extension,WIN,LOSS,WIN,PASS_CERTIFICATE_SCOPE,PASS,v3 Post interpreter on every saved certificate plus independent endpoint and Full formula checks; no full-game Python enumeration.,common/independent_checks/rolling_scale_final_review.json,PASS,transfers; generated coarse and E1 merge agree in reachable Post and measured counters.,,,,,n10_m01_all_lazy,LOSS,"The product transfer puts every replica in booting, violating the positive ready floor.",,,,,,,,,,,,,,,,,,,,,,,,,,,,,,,,,,,,,,,,,,,,,,,,,,,,,,,,,,,,,,,,,,,,,
Rolling-scale,n=10;m=9,M2,L3,https://kubernetes.io/docs/concepts/workloads/controllers/deployment/,WIN,LOSS,witness,E1 fine=PASS; merged=PASS; WIN Link checked with each completed WIN; endpoint preflight=PASS; generated/E1 Post=PASS,rolling_scale/v1,transfers,n10_m09_fine_lazy,n10_m09_merged_lazy,n10_m09_fine_df,21,2,6144,20,20,,2,,110,11,122860,0.009293792,0.002457,1.24629925,42fafd31c7baa73d1dbacf9901a8fc292231e1190b2785a202a3c93deb422d95,ff1e6b176f004ea85f1e99690a90388a6a4d24f44cd8d8e636fcd9337dcf67d5,"The product transfer puts every replica in booting, violating the positive ready floor.",scale_extension,WIN,LOSS,WIN,PASS_CERTIFICATE_SCOPE,PASS,v3 Post interpreter on every saved certificate plus independent endpoint and Full formula checks; no full-game Python enumeration.,common/independent_checks/rolling_scale_final_review.json,PASS,transfers; generated coarse and E1 merge agree in reachable Post and measured counters.,,,,,n10_m09_all_lazy,LOSS,"The product transfer puts every replica in booting, violating the positive ready floor.",,,,,,,,,,,,,,,,,,,,,,,,,,,,,,,,,,,,,,,,,,,,,,,,,,,,,,,,,,,,,,,,,,,,,
Rolling-scale,n=11;m=1,M2,L3,https://kubernetes.io/docs/concepts/workloads/controllers/deployment/,WIN,LOSS,witness,E1 fine=PASS; merged=PASS; WIN Link checked with each completed WIN; endpoint preflight=PASS; generated/E1 Post=PASS,rolling_scale/v1,transfers,n11_m01_fine_lazy,n11_m01_merged_lazy,n11_m01_fine_df,23,2,13312,22,22,,2,,132,12,292842,0.009151542,0.002947667,3.04154775,9c6071b76856ee8c045c1fe55f6d64e6d3443d2c4daca16ae5a2d5a8a83a78c3,ff1e6b176f004ea85f1e99690a90388a6a4d24f44cd8d8e636fcd9337dcf67d5,"The product transfer puts every replica in booting, violating the positive ready floor.",scale_extension,WIN,LOSS,WIN,PASS_CERTIFICATE_SCOPE,PASS,v3 Post interpreter on every saved certificate plus independent endpoint and Full formula checks; no full-game Python enumeration.,common/independent_checks/rolling_scale_final_review.json,PASS,transfers; generated coarse and E1 merge agree in reachable Post and measured counters.,,,,,n11_m01_all_lazy,LOSS,"The product transfer puts every replica in booting, violating the positive ready floor.",,,,,,,,,,,,,,,,,,,,,,,,,,,,,,,,,,,,,,,,,,,,,,,,,,,,,,,,,,,,,,,,,,,,,
Rolling-scale,n=11;m=10,M2,L3,https://kubernetes.io/docs/concepts/workloads/controllers/deployment/,WIN,LOSS,witness,E1 fine=PASS; merged=PASS; WIN Link checked with each completed WIN; endpoint preflight=PASS; generated/E1 Post=PASS,rolling_scale/v1,transfers,n11_m10_fine_lazy,n11_m10_merged_lazy,n11_m10_fine_df,23,2,13312,22,22,,2,,132,12,292842,0.010495916,0.003540792,3.360979917,480c36bcd6563738b27fd64125e5a2a4419882761bead3ed54bf7c804388ef48,ff1e6b176f004ea85f1e99690a90388a6a4d24f44cd8d8e636fcd9337dcf67d5,"The product transfer puts every replica in booting, violating the positive ready floor.",scale_extension,WIN,LOSS,WIN,PASS_CERTIFICATE_SCOPE,PASS,v3 Post interpreter on every saved certificate plus independent endpoint and Full formula checks; no full-game Python enumeration.,common/independent_checks/rolling_scale_final_review.json,PASS,transfers; generated coarse and E1 merge agree in reachable Post and measured counters.,,,,,n11_m10_all_lazy,LOSS,"The product transfer puts every replica in booting, violating the positive ready floor.",,,,,,,,,,,,,,,,,,,,,,,,,,,,,,,,,,,,,,,,,,,,,,,,,,,,,,,,,,,,,,,,,,,,,
Rolling-scale,n=12;m=1,M2,L3,https://kubernetes.io/docs/concepts/workloads/controllers/deployment/,WIN,LOSS,witness,E1 fine=PASS; merged=PASS; WIN Link checked with each completed WIN; endpoint preflight=PASS; generated/E1 Post=PASS,rolling_scale/v1,transfers,n12_m01_fine_lazy,n12_m01_merged_lazy,n12_m01_fine_df,25,2,28672,24,24,,2,,156,13,688104,0.011479583,0.003278792,7.434311083,df00fc2a329ef559eaea11e81621fabbb814d2b1689b65be83fad4caa446c1c3,ff1e6b176f004ea85f1e99690a90388a6a4d24f44cd8d8e636fcd9337dcf67d5,"The product transfer puts every replica in booting, violating the positive ready floor.",scale_extension,WIN,LOSS,WIN,PASS_CERTIFICATE_SCOPE,PASS,v3 Post interpreter on every saved certificate plus independent endpoint and Full formula checks; no full-game Python enumeration.,common/independent_checks/rolling_scale_final_review.json,PASS,transfers; generated coarse and E1 merge agree in reachable Post and measured counters.,,,,,n12_m01_all_lazy,LOSS,"The product transfer puts every replica in booting, violating the positive ready floor.",,,,,,,,,,,,,,,,,,,,,,,,,,,,,,,,,,,,,,,,,,,,,,,,,,,,,,,,,,,,,,,,,,,,,
Rolling-scale,n=12;m=11,M2,L3,https://kubernetes.io/docs/concepts/workloads/controllers/deployment/,WIN,LOSS,witness,E1 fine=PASS; merged=PASS; WIN Link checked with each completed WIN; endpoint preflight=PASS; generated/E1 Post=PASS,rolling_scale/v1,transfers,n12_m11_fine_lazy,n12_m11_merged_lazy,n12_m11_fine_df,25,2,28672,24,24,,2,,156,13,688104,0.011838083,0.003255875,7.475844083,ffdc7832175d96738d6c3c1ac2307210a8ababc51e9ef39a9ef21cb4730fbde9,ff1e6b176f004ea85f1e99690a90388a6a4d24f44cd8d8e636fcd9337dcf67d5,"The product transfer puts every replica in booting, violating the positive ready floor.",scale_extension,WIN,LOSS,WIN,PASS_CERTIFICATE_SCOPE,PASS,v3 Post interpreter on every saved certificate plus independent endpoint and Full formula checks; no full-game Python enumeration.,common/independent_checks/rolling_scale_final_review.json,PASS,transfers; generated coarse and E1 merge agree in reachable Post and measured counters.,,,,,n12_m11_all_lazy,LOSS,"The product transfer puts every replica in booting, violating the positive ready floor.",,,,,,,,,,,,,,,,,,,,,,,,,,,,,,,,,,,,,,,,,,,,,,,,,,,,,,,,,,,,,,,,,,,,,
Rolling-scale,n=13;m=1,M2,L3,https://kubernetes.io/docs/concepts/workloads/controllers/deployment/,WIN,LOSS,witness,E1 fine=PASS; merged=PASS; WIN Link checked with each completed WIN; endpoint preflight=PASS; generated/E1 Post=PASS,rolling_scale/v1,transfers,n13_m01_fine_lazy,n13_m01_merged_lazy,n13_m01_fine_df,27,2,61440,26,26,,2,,182,14,1597414,0.012558042,0.003057333,18.962736541,8261c8cb6c76981659881d64df56a01cc2b1ed3b070694d3e7e01dc7ce9badeb,ff1e6b176f004ea85f1e99690a90388a6a4d24f44cd8d8e636fcd9337dcf67d5,"The product transfer puts every replica in booting, violating the positive ready floor.",scale_extension,WIN,LOSS,WIN,PASS_CERTIFICATE_SCOPE,PASS,v3 Post interpreter on every saved certificate plus independent endpoint and Full formula checks; no full-game Python enumeration.,common/independent_checks/rolling_scale_final_review.json,PASS,transfers; generated coarse and E1 merge agree in reachable Post and measured counters.,,,,,n13_m01_all_lazy,LOSS,"The product transfer puts every replica in booting, violating the positive ready floor.",,,,,,,,,,,,,,,,,,,,,,,,,,,,,,,,,,,,,,,,,,,,,,,,,,,,,,,,,,,,,,,,,,,,,
Rolling-scale,n=13;m=12,M2,L3,https://kubernetes.io/docs/concepts/workloads/controllers/deployment/,WIN,LOSS,witness,E1 fine=PASS; merged=PASS; WIN Link checked with each completed WIN; endpoint preflight=PASS; generated/E1 Post=PASS,rolling_scale/v1,transfers,n13_m12_fine_lazy,n13_m12_merged_lazy,n13_m12_fine_df,27,2,61440,26,26,,2,,182,14,1597414,0.012263917,0.003115708,18.583172,2a5e80b200e217bbc2b808ce57298c87dafe77027666667910dab52062ee7bde,ff1e6b176f004ea85f1e99690a90388a6a4d24f44cd8d8e636fcd9337dcf67d5,"The product transfer puts every replica in booting, violating the positive ready floor.",scale_extension,WIN,LOSS,WIN,PASS_CERTIFICATE_SCOPE,PASS,v3 Post interpreter on every saved certificate plus independent endpoint and Full formula checks; no full-game Python enumeration.,common/independent_checks/rolling_scale_final_review.json,PASS,transfers; generated coarse and E1 merge agree in reachable Post and measured counters.,,,,,n13_m12_all_lazy,LOSS,"The product transfer puts every replica in booting, violating the positive ready floor.",,,,,,,,,,,,,,,,,,,,,,,,,,,,,,,,,,,,,,,,,,,,,,,,,,,,,,,,,,,,,,,,,,,,,
Rolling-scale,n=14;m=1,M2,L3,https://kubernetes.io/docs/concepts/workloads/controllers/deployment/,WIN,LOSS,witness,E1 fine=PASS; merged=PASS; WIN Link checked with each completed WIN; endpoint preflight=PASS; generated/E1 Post=PASS,rolling_scale/v1,transfers,n14_m01_fine_lazy,n14_m01_merged_lazy,n14_m01_fine_df,29,2,131072,28,28,,2,,210,15,3669988,0.012904875,0.002927333,44.337526958,ae356ec29ac31d7121a83ad1fadeac5717cf9c4cf1c2ff8ee7e30a04b4468b4e,ff1e6b176f004ea85f1e99690a90388a6a4d24f44cd8d8e636fcd9337dcf67d5,"The product transfer puts every replica in booting, violating the positive ready floor.",scale_extension,WIN,LOSS,WIN,PASS_CERTIFICATE_SCOPE,PASS,v3 Post interpreter on every saved certificate plus independent endpoint and Full formula checks; no full-game Python enumeration.,common/independent_checks/rolling_scale_final_review.json,PASS,transfers; generated coarse and E1 merge agree in reachable Post and measured counters.,,,,,n14_m01_all_lazy,LOSS,"The product transfer puts every replica in booting, violating the positive ready floor.",,,,,,,,,,,,,,,,,,,,,,,,,,,,,,,,,,,,,,,,,,,,,,,,,,,,,,,,,,,,,,,,,,,,,
Rolling-scale,n=14;m=13,M2,L3,https://kubernetes.io/docs/concepts/workloads/controllers/deployment/,WIN,LOSS,witness,E1 fine=PASS; merged=PASS; WIN Link checked with each completed WIN; endpoint preflight=PASS; generated/E1 Post=PASS,rolling_scale/v1,transfers,n14_m13_fine_lazy,n14_m13_merged_lazy,n14_m13_fine_df,29,2,131072,28,28,,2,,210,15,3669988,0.014583125,0.00292625,42.35898375,4db6ca263f7f2fe64a8bfdba049ef7e4b4e3fff4ec5135741465be30c7a04539,ff1e6b176f004ea85f1e99690a90388a6a4d24f44cd8d8e636fcd9337dcf67d5,"The product transfer puts every replica in booting, violating the positive ready floor.",scale_extension,WIN,LOSS,WIN,PASS_CERTIFICATE_SCOPE,PASS,v3 Post interpreter on every saved certificate plus independent endpoint and Full formula checks; no full-game Python enumeration.,common/independent_checks/rolling_scale_final_review.json,PASS,transfers; generated coarse and E1 merge agree in reachable Post and measured counters.,,,,,n14_m13_all_lazy,LOSS,"The product transfer puts every replica in booting, violating the positive ready floor.",,,,,,,,,,,,,,,,,,,,,,,,,,,,,,,,,,,,,,,,,,,,,,,,,,,,,,,,,,,,,,,,,,,,,
Rolling-scale,n=15;m=1,M2,L3,https://kubernetes.io/docs/concepts/workloads/controllers/deployment/,WIN,LOSS,witness,E1 fine=PASS; merged=PASS; WIN Link checked with each completed WIN; endpoint preflight=PASS; generated/E1 Post=PASS,rolling_scale/v1,transfers,n15_m01_fine_lazy,n15_m01_merged_lazy,n15_m01_fine_df,31,2,278528,30,30,,2,,240,16,8355810,0.013396416,0.00289025,188.679025292,d2ad7d9327471cf802beda6720d122bc6565e4b75ef1555dd1526fa3c9904d7f,ff1e6b176f004ea85f1e99690a90388a6a4d24f44cd8d8e636fcd9337dcf67d5,"The product transfer puts every replica in booting, violating the positive ready floor.",scale_extension,WIN,LOSS,WIN,PASS_CERTIFICATE_SCOPE,PASS,v3 Post interpreter on every saved certificate plus independent endpoint and Full formula checks; no full-game Python enumeration.,common/independent_checks/rolling_scale_final_review.json,PASS,transfers; generated coarse and E1 merge agree in reachable Post and measured counters.,,,,,n15_m01_all_lazy,LOSS,"The product transfer puts every replica in booting, violating the positive ready floor.",,,,,,,,,,,,,,,,,,,,,,,,,,,,,,,,,,,,,,,,,,,,,,,,,,,,,,,,,,,,,,,,,,,,,
Rolling-scale,n=15;m=14,M2,L3,https://kubernetes.io/docs/concepts/workloads/controllers/deployment/,WIN,LOSS,witness,E1 fine=PASS; merged=PASS; WIN Link checked with each completed WIN; endpoint preflight=PASS; generated/E1 Post=PASS,rolling_scale/v1,transfers,n15_m14_fine_lazy,n15_m14_merged_lazy,n15_m14_fine_df,31,2,278528,30,30,,2,,240,16,8355810,0.014617709,0.003015958,151.676426584,92232b2089e5463aa8f41eecf7990cf3831ca08e76b368964faf776468f323ed,ff1e6b176f004ea85f1e99690a90388a6a4d24f44cd8d8e636fcd9337dcf67d5,"The product transfer puts every replica in booting, violating the positive ready floor.",scale_extension,WIN,LOSS,WIN,PASS_CERTIFICATE_SCOPE,PASS,v3 Post interpreter on every saved certificate plus independent endpoint and Full formula checks; no full-game Python enumeration.,common/independent_checks/rolling_scale_final_review.json,PASS,transfers; generated coarse and E1 merge agree in reachable Post and measured counters.,,,,,n15_m14_all_lazy,LOSS,"The product transfer puts every replica in booting, violating the positive ready floor.",,,,,,,,,,,,,,,,,,,,,,,,,,,,,,,,,,,,,,,,,,,,,,,,,,,,,,,,,,,,,,,,,,,,,
Rolling-scale,n=16;m=1,M2,L3,https://kubernetes.io/docs/concepts/workloads/controllers/deployment/,WIN,LOSS,witness,E1 fine=PASS; merged=PASS; WIN Link checked with each completed WIN; endpoint preflight=PASS; generated/E1 Post=PASS,rolling_scale/v1,transfers,n16_m01_fine_lazy,n16_m01_merged_lazy,n16_m01_fine_df,33,2,589824,32,32,,2,,272,17,18874336,0.015637792,0.003068042,704.6978015,4cbb4fe19f639f88b91c4fb5d09665d7b95d7c932a4b1b67bf890e6114f7a79a,ff1e6b176f004ea85f1e99690a90388a6a4d24f44cd8d8e636fcd9337dcf67d5,"The product transfer puts every replica in booting, violating the positive ready floor.",scale_extension,WIN,LOSS,WIN,PASS_CERTIFICATE_SCOPE,PASS,v3 Post interpreter on every saved certificate plus independent endpoint and Full formula checks; no full-game Python enumeration.,common/independent_checks/rolling_scale_final_review.json,PASS,transfers; generated coarse and E1 merge agree in reachable Post and measured counters.,,,,,n16_m01_all_lazy,LOSS,"The product transfer puts every replica in booting, violating the positive ready floor.",,,,,,,,,,,,,,,,,,,,,,,,,,,,,,,,,,,,,,,,,,,,,,,,,,,,,,,,,,,,,,,,,,,,,
Rolling-scale,n=16;m=15,M2,L3,https://kubernetes.io/docs/concepts/workloads/controllers/deployment/,WIN,LOSS,witness,E1 fine=PASS; merged=PASS; WIN Link checked with each completed WIN; endpoint preflight=PASS; generated/E1 Post=PASS,rolling_scale/v1,transfers,n16_m15_fine_lazy,n16_m15_merged_lazy,n16_m15_fine_df,33,2,589824,32,32,,2,,272,17,18874336,0.015139875,0.003180417,719.709945333,e26fa683f02228cef72d3274e3952c10183c22aa79d7c7057a148f747f809349,ff1e6b176f004ea85f1e99690a90388a6a4d24f44cd8d8e636fcd9337dcf67d5,"The product transfer puts every replica in booting, violating the positive ready floor.",scale_extension,WIN,LOSS,WIN,PASS_CERTIFICATE_SCOPE,PASS,v3 Post interpreter on every saved certificate plus independent endpoint and Full formula checks; no full-game Python enumeration.,common/independent_checks/rolling_scale_final_review.json,PASS,transfers; generated coarse and E1 merge agree in reachable Post and measured counters.,,,,,n16_m15_all_lazy,LOSS,"The product transfer puts every replica in booting, violating the positive ready floor.",,,,,,,,,,,,,,,,,,,,,,,,,,,,,,,,,,,,,,,,,,,,,,,,,,,,,,,,,,,,,,,,,,,,,
Canary-controls,n=2;m=1;control=healthy_only,M3,L2_assumption_control,https://www.crowdstrike.com/en-us/blog/falcon-content-update-preliminary-post-incident-report/,WIN,WIN,both_win,E1 fine=PASS; merged=PASS; WIN Link checked with each completed WIN; endpoint preflight=PASS; generated/E1 Post=PASS,canary_controls/v1,transfers,n02_m01_healthy_only_fine_lazy,n02_m01_healthy_only_merged_lazy,n02_m01_healthy_only_fine_df,5,5,8,4,4,,,,10,13,44,0.003317708,0.002696958,0.005231416,7104d8f8b066073031235cfe47d1f920995ba7ad3e069dd9e482e0942b05fc0a,ff1e6b176f004ea85f1e99690a90388a6a4d24f44cd8d8e636fcd9337dcf67d5,,assumption_control,WIN,WIN,WIN,PASS,PASS,"Independent complete Post game, strong attractor and strict certificate/rank/initialization checks.",independent/canary_controls_strict_v3.json,PASS,transfers; generated coarse and E1 merge agree in reachable Post and measured counters.,,,,,n02_m01_healthy_only_all_lazy,WIN,Removing the broken transfer outcome permits both fine and simultaneous completion.,3,,,,,,,,,,,,,,,,,,,,,,,,,,,,,,,,,,,,,,,,,,,,,,,,,,,,,,,,,,,,,,,,,,,,
Canary-controls,n=2;m=1;control=no_recovery,M3,L2_assumption_control,https://www.crowdstrike.com/en-us/blog/falcon-content-update-preliminary-post-incident-report/,LOSS,LOSS,both_loss,E1 fine=PASS; merged=PASS; WIN Link checked with each completed WIN; endpoint preflight=PASS; generated/E1 Post=PASS,canary_controls/v1,transfers,n02_m01_no_recovery_fine_lazy,n02_m01_no_recovery_merged_lazy,n02_m01_no_recovery_fine_df,21,17,21,,,18,13,18,76,63,104,0.0055865,0.003530042,0.006080583,17e70761409436756b19e89585bd36dfd40441e28ce6ea3599faa21c565ff163,ff1e6b176f004ea85f1e99690a90388a6a4d24f44cd8d8e636fcd9337dcf67d5,A possible broken outcome has no recovery path to the all-healthy endpoint.,assumption_control,LOSS,LOSS,LOSS,PASS,PASS,"Independent complete Post game, strong attractor and strict certificate/rank/initialization checks.",independent/canary_controls_strict_v3.json,PASS,transfers; generated coarse and E1 merge agree in reachable Post and measured counters.,,,,,n02_m01_no_recovery_all_lazy,LOSS,A possible broken outcome has no recovery path to the all-healthy endpoint.,,,,,,,,,,,,,,,,,,,,,,,,,,,,,,,,,,,,,,,,,,,,,,,,,,,,,,,,,,,,,,,,,,,,,
Canary-controls,n=3;m=1;control=healthy_only,M3,L2_assumption_control,https://www.crowdstrike.com/en-us/blog/falcon-content-update-preliminary-post-incident-report/,WIN,WIN,both_win,E1 fine=PASS; merged=PASS; WIN Link checked with each completed WIN; endpoint preflight=PASS; generated/E1 Post=PASS,canary_controls/v1,transfers,n03_m01_healthy_only_fine_lazy,n03_m01_healthy_only_merged_lazy,n03_m01_healthy_only_fine_df,7,9,20,6,6,,,,21,43,180,0.004114,0.004383791,0.008518542,dd5adf3ce644e99d7fa824410d028f2f3ac03c193056d57813bedc7d07f83194,ff1e6b176f004ea85f1e99690a90388a6a4d24f44cd8d8e636fcd9337dcf67d5,,assumption_control,WIN,WIN,WIN,PASS,PASS,"Independent complete Post game, strong attractor and strict certificate/rank/initialization checks.",independent/canary_controls_strict_v3.json,PASS,transfers; generated coarse and E1 merge agree in reachable Post and measured counters.,,,,,n03_m01_healthy_only_all_lazy,WIN,Removing the broken transfer outcome permits both fine and simultaneous completion.,4,,,,,,,,,,,,,,,,,,,,,,,,,,,,,,,,,,,,,,,,,,,,,,,,,,,,,,,,,,,,,,,,,,,,
Canary-controls,n=3;m=1;control=no_recovery,M3,L2_assumption_control,https://www.crowdstrike.com/en-us/blog/falcon-content-update-preliminary-post-incident-report/,LOSS,LOSS,both_loss,E1 fine=PASS; merged=PASS; WIN Link checked with each completed WIN; endpoint preflight=PASS; generated/E1 Post=PASS,canary_controls/v1,transfers,n03_m01_no_recovery_fine_lazy,n03_m01_no_recovery_merged_lazy,n03_m01_no_recovery_fine_df,81,65,81,,,77,57,77,450,394,648,0.016820417,0.008995625,0.017402875,05c7a92082381477610bf6182602f9ef8f3bca2cd63283042e4a7e2c5334a4d3,ff1e6b176f004ea85f1e99690a90388a6a4d24f44cd8d8e636fcd9337dcf67d5,A possible broken outcome has no recovery path to the all-healthy endpoint.,assumption_control,LOSS,LOSS,LOSS,PASS,PASS,"Independent complete Post game, strong attractor and strict certificate/rank/initialization checks.",independent/canary_controls_strict_v3.json,PASS,transfers; generated coarse and E1 merge agree in reachable Post and measured counters.,,,,,n03_m01_no_recovery_all_lazy,LOSS,A possible broken outcome has no recovery path to the all-healthy endpoint.,,,,,,,,,,,,,,,,,,,,,,,,,,,,,,,,,,,,,,,,,,,,,,,,,,,,,,,,,,,,,,,,,,,,,
Canary-controls,n=3;m=2;control=healthy_only,M3,L2_assumption_control,https://www.crowdstrike.com/en-us/blog/falcon-content-update-preliminary-post-incident-report/,WIN,WIN,both_win,E1 fine=PASS; merged=PASS; WIN Link checked with each completed WIN; endpoint preflight=PASS; generated/E1 Post=PASS,canary_controls/v1,transfers,n03_m02_healthy_only_fine_lazy,n03_m02_healthy_only_merged_lazy,n03_m02_healthy_only_fine_df,7,9,20,6,6,,,,21,43,180,0.004367958,0.004328917,0.011341958,98d04527f6aad264e3631de2b59075fa90efa05ce7b0bf396635a1ef819b0898,ff1e6b176f004ea85f1e99690a90388a6a4d24f44cd8d8e636fcd9337dcf67d5,,assumption_control,WIN,WIN,WIN,PASS,PASS,"Independent complete Post game, strong attractor and strict certificate/rank/initialization checks.",independent/canary_controls_strict_v3.json,PASS,transfers; generated coarse and E1 merge agree in reachable Post and measured counters.,,,,,n03_m02_healthy_only_all_lazy,WIN,Removing the broken transfer outcome permits both fine and simultaneous completion.,4,,,,,,,,,,,,,,,,,,,,,,,,,,,,,,,,,,,,,,,,,,,,,,,,,,,,,,,,,,,,,,,,,,,,
Canary-controls,n=3;m=2;control=no_recovery,M3,L2_assumption_control,https://www.crowdstrike.com/en-us/blog/falcon-content-update-preliminary-post-incident-report/,LOSS,LOSS,both_loss,E1 fine=PASS; merged=PASS; WIN Link checked with each completed WIN; endpoint preflight=PASS; generated/E1 Post=PASS,canary_controls/v1,transfers,n03_m02_no_recovery_fine_lazy,n03_m02_no_recovery_merged_lazy,n03_m02_no_recovery_fine_df,74,64,74,,,70,56,70,363,331,543,0.012104541,0.0091175,0.018623166,6fdd02c376d249af72c8779fa4155ddb9db50958a9dea193e80b168dd70b688a,ff1e6b176f004ea85f1e99690a90388a6a4d24f44cd8d8e636fcd9337dcf67d5,A possible broken outcome has no recovery path to the all-healthy endpoint.,assumption_control,LOSS,LOSS,LOSS,PASS,PASS,"Independent complete Post game, strong attractor and strict certificate/rank/initialization checks.",independent/canary_controls_strict_v3.json,PASS,transfers; generated coarse and E1 merge agree in reachable Post and measured counters.,,,,,n03_m02_no_recovery_all_lazy,LOSS,A possible broken outcome has no recovery path to the all-healthy endpoint.,,,,,,,,,,,,,,,,,,,,,,,,,,,,,,,,,,,,,,,,,,,,,,,,,,,,,,,,,,,,,,,,,,,,,
Canary-controls,n=4;m=1;control=healthy_only,M3,L2_assumption_control,https://www.crowdstrike.com/en-us/blog/falcon-content-update-preliminary-post-incident-report/,WIN,WIN,both_win,E1 fine=PASS; merged=PASS; WIN Link checked with each completed WIN; endpoint preflight=PASS; generated/E1 Post=PASS,canary_controls/v1,transfers,n04_m01_healthy_only_fine_lazy,n04_m01_healthy_only_merged_lazy,n04_m01_healthy_only_fine_df,9,17,48,8,8,,,,36,121,592,0.005174667,0.008277,0.01688325,dcf75f1f1e53385ed1ed86aea868b677c5ba4690e3f6bf0210e9ac3db168324d,ff1e6b176f004ea85f1e99690a90388a6a4d24f44cd8d8e636fcd9337dcf67d5,,assumption_control,WIN,WIN,WIN,PASS,PASS,"Independent complete Post game, strong attractor and strict certificate/rank/initialization checks.",independent/canary_controls_strict_v3.json,PASS,transfers; generated coarse and E1 merge agree in reachable Post and measured counters.,,,,,n04_m01_healthy_only_all_lazy,WIN,Removing the broken transfer outcome permits both fine and simultaneous completion.,5,,,,,,,,,,,,,,,,,,,,,,,,,,,,,,,,,,,,,,,,,,,,,,,,,,,,,,,,,,,,,,,,,,,,
Canary-controls,n=4;m=1;control=no_recovery,M3,L2_assumption_control,https://www.crowdstrike.com/en-us/blog/falcon-content-update-preliminary-post-incident-report/,LOSS,LOSS,both_loss,E1 fine=PASS; merged=PASS; WIN Link checked with each completed WIN; endpoint preflight=PASS; generated/E1 Post=PASS,canary_controls/v1,transfers,n04_m01_no_recovery_fine_lazy,n04_m01_no_recovery_merged_lazy,n04_m01_no_recovery_fine_df,297,257,297,,,292,241,292,2136,2093,3216,0.030872167,0.016952292,0.034200958,a73dea0c1bf81749c33bad1626c95ee731d1e01979d1ac423ad3ba763c85cbbe,ff1e6b176f004ea85f1e99690a90388a6a4d24f44cd8d8e636fcd9337dcf67d5,A possible broken outcome has no recovery path to the all-healthy endpoint.,assumption_control,LOSS,LOSS,LOSS,PASS,PASS,"Independent complete Post game, strong attractor and strict certificate/rank/initialization checks.",independent/canary_controls_strict_v3.json,PASS,transfers; generated coarse and E1 merge agree in reachable Post and measured counters.,,,,,n04_m01_no_recovery_all_lazy,LOSS,A possible broken outcome has no recovery path to the all-healthy endpoint.,,,,,,,,,,,,,,,,,,,,,,,,,,,,,,,,,,,,,,,,,,,,,,,,,,,,,,,,,,,,,,,,,,,,,
Canary-controls,n=4;m=2;control=healthy_only,M3,L2_assumption_control,https://www.crowdstrike.com/en-us/blog/falcon-content-update-preliminary-post-incident-report/,WIN,WIN,both_win,E1 fine=PASS; merged=PASS; WIN Link checked with each completed WIN; endpoint preflight=PASS; generated/E1 Post=PASS,canary_controls/v1,transfers,n04_m02_healthy_only_fine_lazy,n04_m02_healthy_only_merged_lazy,n04_m02_healthy_only_fine_df,9,17,48,8,8,,,,36,121,592,0.004822417,0.006244542,0.016998583,38765e52ecdc106fea309ad6cb9542dd03972cfdc27985180cc68195a2b3df02,ff1e6b176f004ea85f1e99690a90388a6a4d24f44cd8d8e636fcd9337dcf67d5,,assumption_control,WIN,WIN,WIN,PASS,PASS,"Independent complete Post game, strong attractor and strict certificate/rank/initialization checks.",independent/canary_controls_strict_v3.json,PASS,transfers; generated coarse and E1 merge agree in reachable Post and measured counters.,,,,,n04_m02_healthy_only_all_lazy,WIN,Removing the broken transfer outcome permits both fine and simultaneous completion.,5,,,,,,,,,,,,,,,,,,,,,,,,,,,,,,,,,,,,,,,,,,,,,,,,,,,,,,,,,,,,,,,,,,,,
Canary-controls,n=4;m=2;control=no_recovery,M3,L2_assumption_control,https://www.crowdstrike.com/en-us/blog/falcon-content-update-preliminary-post-incident-report/,LOSS,LOSS,both_loss,E1 fine=PASS; merged=PASS; WIN Link checked with each completed WIN; endpoint preflight=PASS; generated/E1 Post=PASS,canary_controls/v1,transfers,n04_m02_no_recovery_fine_lazy,n04_m02_no_recovery_merged_lazy,n04_m02_no_recovery_fine_df,288,256,288,,,283,240,283,1980,1981,3028,0.030919209,0.016306417,0.038263459,ed11748c3c13b7ed75208a195372fa8f7b00a67dd699c47544c5fd2a24abbe9b,ff1e6b176f004ea85f1e99690a90388a6a4d24f44cd8d8e636fcd9337dcf67d5,A possible broken outcome has no recovery path to the all-healthy endpoint.,assumption_control,LOSS,LOSS,LOSS,PASS,PASS,"Independent complete Post game, strong attractor and strict certificate/rank/initialization checks.",independent/canary_controls_strict_v3.json,PASS,transfers; generated coarse and E1 merge agree in reachable Post and measured counters.,,,,,n04_m02_no_recovery_all_lazy,LOSS,A possible broken outcome has no recovery path to the all-healthy endpoint.,,,,,,,,,,,,,,,,,,,,,,,,,,,,,,,,,,,,,,,,,,,,,,,,,,,,,,,,,,,,,,,,,,,,,
Canary-controls,n=4;m=3;control=healthy_only,M3,L2_assumption_control,https://www.crowdstrike.com/en-us/blog/falcon-content-update-preliminary-post-incident-report/,WIN,WIN,both_win,E1 fine=PASS; merged=PASS; WIN Link checked with each completed WIN; endpoint preflight=PASS; generated/E1 Post=PASS,canary_controls/v1,transfers,n04_m03_healthy_only_fine_lazy,n04_m03_healthy_only_merged_lazy,n04_m03_healthy_only_fine_df,9,17,48,8,8,,,,36,121,592,0.004710833,0.007710209,0.019973125,d9316d69ba65c7604bf2e94cf3c148d671d296357746d1272d6991f930e7560f,ff1e6b176f004ea85f1e99690a90388a6a4d24f44cd8d8e636fcd9337dcf67d5,,assumption_control,WIN,WIN,WIN,PASS,PASS,"Independent complete Post game, strong attractor and strict certificate/rank/initialization checks.",independent/canary_controls_strict_v3.json,PASS,transfers; generated coarse and E1 merge agree in reachable Post and measured counters.,,,,,n04_m03_healthy_only_all_lazy,WIN,Removing the broken transfer outcome permits both fine and simultaneous completion.,5,,,,,,,,,,,,,,,,,,,,,,,,,,,,,,,,,,,,,,,,,,,,,,,,,,,,,,,,,,,,,,,,,,,,
Canary-controls,n=4;m=3;control=no_recovery,M3,L2_assumption_control,https://www.crowdstrike.com/en-us/blog/falcon-content-update-preliminary-post-incident-report/,LOSS,LOSS,both_loss,E1 fine=PASS; merged=PASS; WIN Link checked with each completed WIN; endpoint preflight=PASS; generated/E1 Post=PASS,canary_controls/v1,transfers,n04_m03_no_recovery_fine_lazy,n04_m03_no_recovery_merged_lazy,n04_m03_no_recovery_fine_df,232,244,232,,,227,228,227,1380,1525,2212,0.026715667,0.014823375,0.033402792,2e8491a84f64b35991761b0718f821ae0ec27c761717c2af2cb1237e86e1f17f,ff1e6b176f004ea85f1e99690a90388a6a4d24f44cd8d8e636fcd9337dcf67d5,A possible broken outcome has no recovery path to the all-healthy endpoint.,assumption_control,LOSS,LOSS,LOSS,PASS,PASS,"Independent complete Post game, strong attractor and strict certificate/rank/initialization checks.",independent/canary_controls_strict_v3.json,PASS,transfers; generated coarse and E1 merge agree in reachable Post and measured counters.,,,,,n04_m03_no_recovery_all_lazy,LOSS,A possible broken outcome has no recovery path to the all-healthy endpoint.,,,,,,,,,,,,,,,,,,,,,,,,,,,,,,,,,,,,,,,,,,,,,,,,,,,,,,,,,,,,,,,,,,,,,
PC2-Rolling,arms=2;ready_floor=1,M2,application_plant_attempt,https://www.universal-robots.com/manuals/EN/HTML/SW5_19/Content/prod-rck/rck-resetting-the-calibration.htm,WIN,TO,incomplete,E1 fine certificate/Link PASS; FSP independent graph/endpoint audit PASS. Extended native checks are reported per terminal cell; timeout has no decision certificate.,pc2_rolling/v2,transfers,lazy_none,lazy_transfers,direct_full_none,6639,,,37,,,,,134128,,,,,,ef731ff57935d5a880fb23cdef264c034378bf4954c1345d6b2fb5431c866a86,ff1e6b176f004ea85f1e99690a90388a6a4d24f44cd8d8e636fcd9337dcf67d5,,application_plant_attempt,WIN,TO,TO,NOT_APPLICABLE_FSP,PASS_FINE_ONLY,"Independent endpoints, finite certificate graph/rank and physical floor for fine WIN; no independent FSP Post reimplementation.",pc2_rolling/v2/validation/final_artifact_audit.json,NOT_GENERATED_SEPARATELY,Coarse FSP contract uses E1 transfers directly; no independent generated full-Post equality claim.,,,,,,,"Joint replacement initializes both arms as calibrating, violating the availability monitor; this argument is not a measured LOSS when the cell times out.",,9.660384,,,mac,1200,v2,WIN,mac,7200,extended_7200,TO,mac,7200,extended_7200,TO,TO,pc2_rolling/extended_7200/raw/lazy_transfers,TO,pc2_rolling/extended_7200/raw/direct_full_none,WIN,xeon,xeon_20260929_2344,200g,7200,6639,134128,37,,99.024,33308110848,31.02,not_recorded_null,not_recorded; distributed_class_matches_fixed,xeon_20260929_2344/raw/lazy_none,TO,xeon,xeon_20260929_2344,200g,7200,,,,,7208.433,98649681920,91.87,not_recorded_null,not_recorded; distributed_class_matches_fixed,xeon_20260929_2344/raw/lazy_transfers,TO,xeon,xeon_20260929_2344,200g,7200,,,,,7214.119,222905368576,207.6,not_recorded_null,not_recorded; distributed_class_matches_fixed,xeon_20260929_2344/raw/direct_full_none,PASS_WITH_PROVENANCE_LIMITATIONS,Separate received-host observations; selected Mac comparison and pair count unchanged. Runtime class hash and exit code were not recorded in received raw.,pc2_rolling/xeon_20260929_2344/tables/host_budget_comparison.csv,
Cell_n,n=2,M1,L1;L3,E4 constructed Cell ring; no operational reproduction claim,WIN,LOSS,witness,E4 E1 certificate/Link and endpoint/frozen-result audit PASS; E6 v3 JSON checker not applicable to the older adapter schema.,../e4_2_corrected,transfers,n02_none_lazy,n02_transfers_lazy,n02_none_direct_full,15,8,38,7,6,,8,,29,22,101,,,,88cbb2c0b1c57b6a4e2540870d18edaf29dd3a38d38f7373550bda9775564e42,ff1e6b176f004ea85f1e99690a90388a6a4d24f44cd8d8e636fcd9337dcf67d5,"One conserved product prevents all stations from being empty simultaneously, so the product transfer is never enabled.",reference_e4,WIN,LOSS,WIN,NOT_APPLICABLE_E4_SCHEMA,PASS,E4 endpoint/measurement/freeze audit; not an E6 v3 certificate-graph audit.,../e4_2_corrected/validation/final_series_audit.json,NOT_GENERATED_SEPARATELY,E1 transfers is the measured coarse contract; boundaries equals none and both equals transfers in E4 singleton-boundary checks.,,,,,,,,,,,,,,,,,,,,,,,,,,,,,,,,,,,,,,,,,,,,,,,,,,,,,,,,,,,,,,,,,,,,,,,,,,,,WIN
Cell_n,n=3,M1,L1;L3,E4 constructed Cell ring; no operational reproduction claim,WIN,LOSS,witness,E4 E1 certificate/Link and endpoint/frozen-result audit PASS; E6 v3 JSON checker not applicable to the older adapter schema.,../e4_2_corrected,transfers,n03_none_lazy,n03_transfers_lazy,n03_none_direct_full,34,13,128,7,7,,13,,79,42,473,,,,181f0a0b5f21a7e7fd18212f92f4f73952e184778bdb39d98adc100940915f7d,ff1e6b176f004ea85f1e99690a90388a6a4d24f44cd8d8e636fcd9337dcf67d5,"One conserved product prevents all stations from being empty simultaneously, so the product transfer is never enabled.",reference_e4,WIN,LOSS,WIN,NOT_APPLICABLE_E4_SCHEMA,PASS,E4 endpoint/measurement/freeze audit; not an E6 v3 certificate-graph audit.,../e4_2_corrected/validation/final_series_audit.json,NOT_GENERATED_SEPARATELY,E1 transfers is the measured coarse contract; boundaries equals none and both equals transfers in E4 singleton-boundary checks.,,,,,,,,,,,,,,,,,,,,,,,,,,,,,,,,,,,,,,,,,,,,,,,,,,,,,,,,,,,,,,,,,,,,,,,,,,,,WIN
Cell_n,n=4,M1,L1;L3,E4 constructed Cell ring; no operational reproduction claim,WIN,LOSS,witness,E4 E1 certificate/Link and endpoint/frozen-result audit PASS; E6 v3 JSON checker not applicable to the older adapter schema.,../e4_2_corrected,transfers,n04_none_lazy,n04_transfers_lazy,n04_none_direct_full,59,18,360,9,8,,18,,160,68,1720,,,,80369c8b5c4338a1875a2f2d85484840db4893b54911b2f2bfe3f095d61c305c,ff1e6b176f004ea85f1e99690a90388a6a4d24f44cd8d8e636fcd9337dcf67d5,"One conserved product prevents all stations from being empty simultaneously, so the product transfer is never enabled.",reference_e4,WIN,LOSS,WIN,NOT_APPLICABLE_E4_SCHEMA,PASS,E4 endpoint/measurement/freeze audit; not an E6 v3 certificate-graph audit.,../e4_2_corrected/validation/final_series_audit.json,NOT_GENERATED_SEPARATELY,E1 transfers is the measured coarse contract; boundaries equals none and both equals transfers in E4 singleton-boundary checks.,,,,,,,,,,,,,,,,,,,,,,,,,,,,,,,,,,,,,,,,,,,,,,,,,,,,,,,,,,,,,,,,,,,,,,,,,,,,WIN
Cell_n,n=5,M1,L1;L3,E4 constructed Cell ring; no operational reproduction claim,WIN,LOSS,witness,E4 E1 certificate/Link and endpoint/frozen-result audit PASS; E6 v3 JSON checker not applicable to the older adapter schema.,../e4_2_corrected,transfers,n05_none_lazy,n05_transfers_lazy,n05_none_direct_full,84,23,928,11,9,,23,,254,100,5443,,,,b64073675e428f9be29e1dc0a16213a4528c431f67f73b2e9dab7241c9af343e,ff1e6b176f004ea85f1e99690a90388a6a4d24f44cd8d8e636fcd9337dcf67d5,"One conserved product prevents all stations from being empty simultaneously, so the product transfer is never enabled.",reference_e4,WIN,LOSS,WIN,NOT_APPLICABLE_E4_SCHEMA,PASS,E4 endpoint/measurement/freeze audit; not an E6 v3 certificate-graph audit.,../e4_2_corrected/validation/final_series_audit.json,NOT_GENERATED_SEPARATELY,E1 transfers is the measured coarse contract; boundaries equals none and both equals transfers in E4 singleton-boundary checks.,,,,,,,,,,,,,,,,,,,,,,,,,,,,,,,,,,,,,,,,,,,,,,,,,,,,,,,,,,,,,,,,,,,,,,,,,,,,WIN
Cell_n,n=6,M1,L1;L3,E4 constructed Cell ring; no operational reproduction claim,WIN,LOSS,witness,E4 E1 certificate/Link and endpoint/frozen-result audit PASS; E6 v3 JSON checker not applicable to the older adapter schema.,../e4_2_corrected,transfers,n06_none_lazy,n06_transfers_lazy,n06_none_direct_full,113,28,2272,13,10,,28,,370,138,15790,,,,07628f32801ef089347129bc355f303595eb5038ace0811b6e4a9921cfd9a559,ff1e6b176f004ea85f1e99690a90388a6a4d24f44cd8d8e636fcd9337dcf67d5,"One conserved product prevents all stations from being empty simultaneously, so the product transfer is never enabled.",reference_e4,WIN,LOSS,WIN,NOT_APPLICABLE_E4_SCHEMA,PASS,E4 endpoint/measurement/freeze audit; not an E6 v3 certificate-graph audit.,../e4_2_corrected/validation/final_series_audit.json,NOT_GENERATED_SEPARATELY,E1 transfers is the measured coarse contract; boundaries equals none and both equals transfers in E4 singleton-boundary checks.,,,,,,,,,,,,,,,,,,,,,,,,,,,,,,,,,,,,,,,,,,,,,,,,,,,,,,,,,,,,,,,,,,,,,,,,,,,,WIN
Cell_n,n=7,M1,L1;L3,E4 constructed Cell ring; no operational reproduction claim,WIN,LOSS,witness,E4 E1 certificate/Link and endpoint/frozen-result audit PASS; E6 v3 JSON checker not applicable to the older adapter schema.,../e4_2_corrected,transfers,n07_none_lazy,n07_transfers_lazy,n07_none_direct_full,146,33,5376,15,11,,33,,508,182,43173,,,,2d1d19bc1a3b48afe1de173abcbc264cdc6b3a19460aad4d032be6a6f859b91c,ff1e6b176f004ea85f1e99690a90388a6a4d24f44cd8d8e636fcd9337dcf67d5,"One conserved product prevents all stations from being empty simultaneously, so the product transfer is never enabled.",reference_e4,WIN,LOSS,WIN,NOT_APPLICABLE_E4_SCHEMA,PASS,E4 endpoint/measurement/freeze audit; not an E6 v3 certificate-graph audit.,../e4_2_corrected/validation/final_series_audit.json,NOT_GENERATED_SEPARATELY,E1 transfers is the measured coarse contract; boundaries equals none and both equals transfers in E4 singleton-boundary checks.,,,,,,,,,,,,,,,,,,,,,,,,,,,,,,,,,,,,,,,,,,,,,,,,,,,,,,,,,,,,,,,,,,,,,,,,,,,,WIN
Cell_n,n=8,M1,L1;L3,E4 constructed Cell ring; no operational reproduction claim,WIN,LOSS,witness,E4 E1 certificate/Link and endpoint/frozen-result audit PASS; E6 v3 JSON checker not applicable to the older adapter schema.,../e4_2_corrected,transfers,n08_none_lazy,n08_transfers_lazy,n08_none_direct_full,183,38,12416,17,12,,38,,668,232,113096,,,,728bbdb4841702c317d5d18eabca8792cb8ca59a5909bb95d72b17ff200f69df,ff1e6b176f004ea85f1e99690a90388a6a4d24f44cd8d8e636fcd9337dcf67d5,"One conserved product prevents all stations from being empty simultaneously, so the product transfer is never enabled.",reference_e4,WIN,LOSS,WIN,NOT_APPLICABLE_E4_SCHEMA,PASS,E4 endpoint/measurement/freeze audit; not an E6 v3 certificate-graph audit.,../e4_2_corrected/validation/final_series_audit.json,NOT_GENERATED_SEPARATELY,E1 transfers is the measured coarse contract; boundaries equals none and both equals transfers in E4 singleton-boundary checks.,,,,,,,,,,,,,,,,,,,,,,,,,,,,,,,,,,,,,,,,,,,,,,,,,,,,,,,,,,,,,,,,,,,,,,,,,,,,WIN
Cell_n,n=9,M1,L1;L3,E4 constructed Cell ring; no operational reproduction claim,WIN,LOSS,witness,E4 E1 certificate/Link and endpoint/frozen-result audit PASS; E6 v3 JSON checker not applicable to the older adapter schema.,../e4_2_corrected,transfers,n09_none_lazy,n09_transfers_lazy,n09_none_direct_full,224,43,28160,19,13,,43,,850,288,286823,,,,9d7993974bc58341415e3c28e6dbcedd3dac4e509d4d857f110f33ddc96db7e2,ff1e6b176f004ea85f1e99690a90388a6a4d24f44cd8d8e636fcd9337dcf67d5,"One conserved product prevents all stations from being empty simultaneously, so the product transfer is never enabled.",reference_e4,WIN,LOSS,WIN,NOT_APPLICABLE_E4_SCHEMA,PASS,E4 endpoint/measurement/freeze audit; not an E6 v3 certificate-graph audit.,../e4_2_corrected/validation/final_series_audit.json,NOT_GENERATED_SEPARATELY,E1 transfers is the measured coarse contract; boundaries equals none and both equals transfers in E4 singleton-boundary checks.,,,,,,,,,,,,,,,,,,,,,,,,,,,,,,,,,,,,,,,,,,,,,,,,,,,,,,,,,,,,,,,,,,,,,,,,,,,,WIN
Cell_n,n=10,M1,L1;L3,E4 constructed Cell ring; no operational reproduction claim,WIN,LOSS,witness,E4 E1 certificate/Link and endpoint/frozen-result audit PASS; E6 v3 JSON checker not applicable to the older adapter schema.,../e4_2_corrected,transfers,n10_none_lazy,n10_transfers_lazy,n10_none_direct_full,269,48,62976,21,14,,48,,1054,350,709186,,,,9583b82042ce9251f5005edeafaa5be47902d809751d7b48126a8c1298fc424e,ff1e6b176f004ea85f1e99690a90388a6a4d24f44cd8d8e636fcd9337dcf67d5,"One conserved product prevents all stations from being empty simultaneously, so the product transfer is never enabled.",reference_e4,WIN,LOSS,WIN,NOT_APPLICABLE_E4_SCHEMA,PASS,E4 endpoint/measurement/freeze audit; not an E6 v3 certificate-graph audit.,../e4_2_corrected/validation/final_series_audit.json,NOT_GENERATED_SEPARATELY,E1 transfers is the measured coarse contract; boundaries equals none and both equals transfers in E4 singleton-boundary checks.,,,,,,,,,,,,,,,,,,,,,,,,,,,,,,,,,,,,,,,,,,,,,,,,,,,,,,,,,,,,,,,,,,,,,,,,,,,,WIN
