model,target,requirement,static_entry_invariant_condition,interpretation,formula,formula_alias_expansion,guard,guard_source,guard_initial,stop_events,start_events,forbidden_ordinary_events,actual_update_sequence,guard_events_in_actual_updates,input_validation,boundary_state,labels_checked,state_label_pairs_checked,arbitrary_entry_predicate_valuations_checked,historical_E_prime_exact,historical_reference_language_available,source_path,source_formula_line,source_guard_line,export_path,export_selector,saved_run_log,input_validation_line,update_sequence_line,source_audited_entry_basis,scope
gsm,r1,R1_OTF_P_NEW_DECODE,PASS,existing entry-scoped E; fresh before one hotSwapIn,"[](AfterStopBeforeStart_P_NEW_DECODE -> !{shiftX, shiftY, shiftZ, shiftT, encode, send, receive, decode[2], decode[3], output})",,AfterStopBeforeStart_P_NEW_DECODE,"<stopOldSpec_P_DECODE, startNewSpec_P_NEW_DECODE>",False,stopOldSpec_P_DECODE,startNewSpec_P_NEW_DECODE,decode.2;decode.3;encode;output;receive;send;shiftT;shiftX;shiftY;shiftZ,stopOldSpec_P_DECODE>reconfigure_ENV>startNewSpec_P_NEW_DECODE,True,passed,0,15,45,2,False,False,Implementation/Experiment/Models/GSM_FG.lts,112,102,FSE2027_SUBMISSION_20260914/experiments/rs_coverage/raw/expanded-predicates/gsm.json,"requirements[target=r1,kind=upd,requirement=R1_OTF_P_NEW_DECODE]",FSE2027_SUBMISSION_20260914/experiments/rq3_xeon/raw/rq3/runs/gsm__r1__rep01__fg_ducs_otf/output.txt,425,481,"Implementation/Source Code/maven-root/mtsa/src/main/java/ltsa/updatingControllers/otf/FineGrainedUpdateProblem.java:467-494 (namespace/component alphabets); Implementation/Source Code/maven-root/mtsa/src/main/java/ltsa/updatingControllers/otf/MtsaRevisedOtfDucsAdapter.java:1795-1827,1896-1937 (normal-only endpoints); Implementation/Source Code/maven-root/mtsa/src/main/java/ltsa/updatingControllers/otf/MtsaRevisedOtfDucsAdapter.java:1633-1634,2179-2196 (one boundary step); Implementation/Source Code/maven-root/mtsa/src/main/java/ltsa/updatingControllers/otf/FineGrainedUpdateProblem.java:613-628 (install without another step); Implementation/Source Code/maven-root/mtsa/src/main/java/ltsa/updatingControllers/otf/SafetyTester.java:70-78 (outside-alphabet stutter)",modeled old endpoint; source-audited namespaces/entry; no plant-history enumeration
industry,r1,R1_P_NEW_TOR_POLICY,PASS,existing entry-scoped E; fresh before one hotSwapIn,[](AfterStopBeforeStart_P_NEW_TOR_POLICY -> !AnyAction),(validateTOR || validateDSD1 || validateQA || validateGF1 || reviewTOR || reviewDSD1 || readyTOR || readyDSD1),AfterStopBeforeStart_P_NEW_TOR_POLICY,"<StopOldSpecActions, startNewSpec_P_NEW_TOR_POLICY>",False,stopOldSpec_P_DO_NOT_SEND_TWICE;stopOldSpec_P_DSD1_POLICY;stopOldSpec_P_TOR_POLICY,startNewSpec_P_NEW_TOR_POLICY,readyDSD1;readyTOR;reviewDSD1;reviewTOR;validateDSD1;validateGF1;validateQA;validateTOR,stopOldSpec_P_DO_NOT_SEND_TWICE>stopOldSpec_P_DSD1_POLICY>stopOldSpec_P_TOR_POLICY>reconfigure_DSD1>reconfigure_GATEFORM1>reconfigure_TOR>startNewSpec_P_NEW_DO_NOT_SEND_TWICE>startNewSpec_P_NEW_DSD1_POLICY>startNewSpec_P_NEW_TOR_POLICY,True,passed,0,22,66,256,False,False,Implementation/Experiment/Models/Industry_FG.lts,197,180,FSE2027_SUBMISSION_20260914/experiments/rs_coverage/raw/expanded-predicates/industry.json,"requirements[target=r1,kind=upd,requirement=R1_P_NEW_TOR_POLICY]",FSE2027_SUBMISSION_20260914/experiments/rq3_xeon/raw/rq3/runs/industry__r1__rep01__fg_ducs_otf/output.txt,553,612,"Implementation/Source Code/maven-root/mtsa/src/main/java/ltsa/updatingControllers/otf/FineGrainedUpdateProblem.java:467-494 (namespace/component alphabets); Implementation/Source Code/maven-root/mtsa/src/main/java/ltsa/updatingControllers/otf/MtsaRevisedOtfDucsAdapter.java:1795-1827,1896-1937 (normal-only endpoints); Implementation/Source Code/maven-root/mtsa/src/main/java/ltsa/updatingControllers/otf/MtsaRevisedOtfDucsAdapter.java:1633-1634,2179-2196 (one boundary step); Implementation/Source Code/maven-root/mtsa/src/main/java/ltsa/updatingControllers/otf/FineGrainedUpdateProblem.java:613-628 (install without another step); Implementation/Source Code/maven-root/mtsa/src/main/java/ltsa/updatingControllers/otf/SafetyTester.java:70-78 (outside-alphabet stutter)",modeled old endpoint; source-audited namespaces/entry; no plant-history enumeration
industry,r1,R1_P_NEW_DSD1_POLICY,PASS,existing entry-scoped E; fresh before one hotSwapIn,[](AfterStopBeforeStart_P_NEW_DSD1_POLICY -> !AnyAction),(validateTOR || validateDSD1 || validateQA || validateGF1 || reviewTOR || reviewDSD1 || readyTOR || readyDSD1),AfterStopBeforeStart_P_NEW_DSD1_POLICY,"<StopOldSpecActions, startNewSpec_P_NEW_DSD1_POLICY>",False,stopOldSpec_P_DO_NOT_SEND_TWICE;stopOldSpec_P_DSD1_POLICY;stopOldSpec_P_TOR_POLICY,startNewSpec_P_NEW_DSD1_POLICY,readyDSD1;readyTOR;reviewDSD1;reviewTOR;validateDSD1;validateGF1;validateQA;validateTOR,stopOldSpec_P_DO_NOT_SEND_TWICE>stopOldSpec_P_DSD1_POLICY>stopOldSpec_P_TOR_POLICY>reconfigure_DSD1>reconfigure_GATEFORM1>reconfigure_TOR>startNewSpec_P_NEW_DO_NOT_SEND_TWICE>startNewSpec_P_NEW_DSD1_POLICY>startNewSpec_P_NEW_TOR_POLICY,True,passed,0,22,66,256,False,False,Implementation/Experiment/Models/Industry_FG.lts,198,181,FSE2027_SUBMISSION_20260914/experiments/rs_coverage/raw/expanded-predicates/industry.json,"requirements[target=r1,kind=upd,requirement=R1_P_NEW_DSD1_POLICY]",FSE2027_SUBMISSION_20260914/experiments/rq3_xeon/raw/rq3/runs/industry__r1__rep01__fg_ducs_otf/output.txt,553,612,"Implementation/Source Code/maven-root/mtsa/src/main/java/ltsa/updatingControllers/otf/FineGrainedUpdateProblem.java:467-494 (namespace/component alphabets); Implementation/Source Code/maven-root/mtsa/src/main/java/ltsa/updatingControllers/otf/MtsaRevisedOtfDucsAdapter.java:1795-1827,1896-1937 (normal-only endpoints); Implementation/Source Code/maven-root/mtsa/src/main/java/ltsa/updatingControllers/otf/MtsaRevisedOtfDucsAdapter.java:1633-1634,2179-2196 (one boundary step); Implementation/Source Code/maven-root/mtsa/src/main/java/ltsa/updatingControllers/otf/FineGrainedUpdateProblem.java:613-628 (install without another step); Implementation/Source Code/maven-root/mtsa/src/main/java/ltsa/updatingControllers/otf/SafetyTester.java:70-78 (outside-alphabet stutter)",modeled old endpoint; source-audited namespaces/entry; no plant-history enumeration
industry,r1,R1_P_NEW_DO_NOT_SEND_TWICE,PASS,existing entry-scoped E; fresh before one hotSwapIn,[](AfterStopBeforeStart_P_NEW_DO_NOT_SEND_TWICE -> !AnyAction),(validateTOR || validateDSD1 || validateQA || validateGF1 || reviewTOR || reviewDSD1 || readyTOR || readyDSD1),AfterStopBeforeStart_P_NEW_DO_NOT_SEND_TWICE,"<StopOldSpecActions, startNewSpec_P_NEW_DO_NOT_SEND_TWICE>",False,stopOldSpec_P_DO_NOT_SEND_TWICE;stopOldSpec_P_DSD1_POLICY;stopOldSpec_P_TOR_POLICY,startNewSpec_P_NEW_DO_NOT_SEND_TWICE,readyDSD1;readyTOR;reviewDSD1;reviewTOR;validateDSD1;validateGF1;validateQA;validateTOR,stopOldSpec_P_DO_NOT_SEND_TWICE>stopOldSpec_P_DSD1_POLICY>stopOldSpec_P_TOR_POLICY>reconfigure_DSD1>reconfigure_GATEFORM1>reconfigure_TOR>startNewSpec_P_NEW_DO_NOT_SEND_TWICE>startNewSpec_P_NEW_DSD1_POLICY>startNewSpec_P_NEW_TOR_POLICY,True,passed,0,22,66,256,False,False,Implementation/Experiment/Models/Industry_FG.lts,199,182,FSE2027_SUBMISSION_20260914/experiments/rs_coverage/raw/expanded-predicates/industry.json,"requirements[target=r1,kind=upd,requirement=R1_P_NEW_DO_NOT_SEND_TWICE]",FSE2027_SUBMISSION_20260914/experiments/rq3_xeon/raw/rq3/runs/industry__r1__rep01__fg_ducs_otf/output.txt,553,612,"Implementation/Source Code/maven-root/mtsa/src/main/java/ltsa/updatingControllers/otf/FineGrainedUpdateProblem.java:467-494 (namespace/component alphabets); Implementation/Source Code/maven-root/mtsa/src/main/java/ltsa/updatingControllers/otf/MtsaRevisedOtfDucsAdapter.java:1795-1827,1896-1937 (normal-only endpoints); Implementation/Source Code/maven-root/mtsa/src/main/java/ltsa/updatingControllers/otf/MtsaRevisedOtfDucsAdapter.java:1633-1634,2179-2196 (one boundary step); Implementation/Source Code/maven-root/mtsa/src/main/java/ltsa/updatingControllers/otf/FineGrainedUpdateProblem.java:613-628 (install without another step); Implementation/Source Code/maven-root/mtsa/src/main/java/ltsa/updatingControllers/otf/SafetyTester.java:70-78 (outside-alphabet stutter)",modeled old endpoint; source-audited namespaces/entry; no plant-history enumeration
metasocket,r1,R1_OTF_P_DES128,PASS,existing entry-scoped E; fresh before one hotSwapIn,"[](AfterStopBeforeStart_P_DES128 -> !{des64, des128, output})",,AfterStopBeforeStart_P_DES128,"<StopOldSpecActions, startNewSpec_P_DES128>",False,stopOldSpec_P_DES64,startNewSpec_P_DES128,des128;des64;output,stopOldSpec_P_DES64>reconfigure_64_128>reconfigure_IO>startNewSpec_P_DES128,True,passed,0,10,30,2,False,False,Implementation/Experiment/Models/MetaSocket_FG.lts,92,81,FSE2027_SUBMISSION_20260914/experiments/rs_coverage/raw/expanded-predicates/metasocket.json,"requirements[target=r1,kind=upd,requirement=R1_OTF_P_DES128]",FSE2027_SUBMISSION_20260914/experiments/rq3_xeon/raw/rq3/runs/metasocket__r1__rep01__fg_ducs_otf/output.txt,443,503,"Implementation/Source Code/maven-root/mtsa/src/main/java/ltsa/updatingControllers/otf/FineGrainedUpdateProblem.java:467-494 (namespace/component alphabets); Implementation/Source Code/maven-root/mtsa/src/main/java/ltsa/updatingControllers/otf/MtsaRevisedOtfDucsAdapter.java:1795-1827,1896-1937 (normal-only endpoints); Implementation/Source Code/maven-root/mtsa/src/main/java/ltsa/updatingControllers/otf/MtsaRevisedOtfDucsAdapter.java:1633-1634,2179-2196 (one boundary step); Implementation/Source Code/maven-root/mtsa/src/main/java/ltsa/updatingControllers/otf/FineGrainedUpdateProblem.java:613-628 (install without another step); Implementation/Source Code/maven-root/mtsa/src/main/java/ltsa/updatingControllers/otf/SafetyTester.java:70-78 (outside-alphabet stutter)",modeled old endpoint; source-audited namespaces/entry; no plant-history enumeration
powerplant,r1,R1_OTF_P_NEVER_STOP,PASS,existing entry-scoped E; fresh before one hotSwapIn,"[](AfterStopBeforeStart_P_NEVER_STOP -> !{stopPump, startPump, procedure, endProcedure})",,AfterStopBeforeStart_P_NEVER_STOP,"<StopOldSpecActions, startNewSpec_P_NEVER_STOP>",False,stopOldSpec_P_MAINTEINANCE_GUARANTEED;stopOldSpec_P_PROCEDURE_IF_REQUEST;stopOldSpec_P_PROCEDURE_WHILE_STOPPED;stopOldSpec_P_PUMP_OFF_ONLY_OK_NOT_PENDING,startNewSpec_P_NEVER_STOP,endProcedure;procedure;startPump;stopPump,stopOldSpec_P_MAINTEINANCE_GUARANTEED>stopOldSpec_P_PROCEDURE_IF_REQUEST>stopOldSpec_P_PROCEDURE_WHILE_STOPPED>stopOldSpec_P_PUMP_OFF_ONLY_OK_NOT_PENDING>reconfigure_ENV>reconfigure_MAINTENANCE>startNewSpec_P_MAINTEINANCE_GUARANTEED_NEW>startNewSpec_P_NEVER_STOP>startNewSpec_P_PROCEDURE_IF_REQUEST,True,passed,0,16,48,2,False,False,Implementation/Experiment/Models/PowerPlant_FG.lts,128,108,FSE2027_SUBMISSION_20260914/experiments/rs_coverage/raw/expanded-predicates/powerplant.json,"requirements[target=r1,kind=upd,requirement=R1_OTF_P_NEVER_STOP]",FSE2027_SUBMISSION_20260914/experiments/rq3_xeon/raw/rq3/runs/powerplant__r1__rep01__fg_ducs_otf/output.txt,570,630,"Implementation/Source Code/maven-root/mtsa/src/main/java/ltsa/updatingControllers/otf/FineGrainedUpdateProblem.java:467-494 (namespace/component alphabets); Implementation/Source Code/maven-root/mtsa/src/main/java/ltsa/updatingControllers/otf/MtsaRevisedOtfDucsAdapter.java:1795-1827,1896-1937 (normal-only endpoints); Implementation/Source Code/maven-root/mtsa/src/main/java/ltsa/updatingControllers/otf/MtsaRevisedOtfDucsAdapter.java:1633-1634,2179-2196 (one boundary step); Implementation/Source Code/maven-root/mtsa/src/main/java/ltsa/updatingControllers/otf/FineGrainedUpdateProblem.java:613-628 (install without another step); Implementation/Source Code/maven-root/mtsa/src/main/java/ltsa/updatingControllers/otf/SafetyTester.java:70-78 (outside-alphabet stutter)",modeled old endpoint; source-audited namespaces/entry; no plant-history enumeration
powerplant,r1,R1_OTF_P_MAINTEINANCE_GUARANTEED_NEW,PASS,existing entry-scoped E; fresh before one hotSwapIn,"[](AfterStopBeforeStart_P_MAINTEINANCE_GUARANTEED_NEW -> !{stopPump, startPump, procedure, endProcedure})",,AfterStopBeforeStart_P_MAINTEINANCE_GUARANTEED_NEW,"<StopOldSpecActions, startNewSpec_P_MAINTEINANCE_GUARANTEED_NEW>",False,stopOldSpec_P_MAINTEINANCE_GUARANTEED;stopOldSpec_P_PROCEDURE_IF_REQUEST;stopOldSpec_P_PROCEDURE_WHILE_STOPPED;stopOldSpec_P_PUMP_OFF_ONLY_OK_NOT_PENDING,startNewSpec_P_MAINTEINANCE_GUARANTEED_NEW,endProcedure;procedure;startPump;stopPump,stopOldSpec_P_MAINTEINANCE_GUARANTEED>stopOldSpec_P_PROCEDURE_IF_REQUEST>stopOldSpec_P_PROCEDURE_WHILE_STOPPED>stopOldSpec_P_PUMP_OFF_ONLY_OK_NOT_PENDING>reconfigure_ENV>reconfigure_MAINTENANCE>startNewSpec_P_MAINTEINANCE_GUARANTEED_NEW>startNewSpec_P_NEVER_STOP>startNewSpec_P_PROCEDURE_IF_REQUEST,True,passed,0,16,48,2,False,False,Implementation/Experiment/Models/PowerPlant_FG.lts,129,109,FSE2027_SUBMISSION_20260914/experiments/rs_coverage/raw/expanded-predicates/powerplant.json,"requirements[target=r1,kind=upd,requirement=R1_OTF_P_MAINTEINANCE_GUARANTEED_NEW]",FSE2027_SUBMISSION_20260914/experiments/rq3_xeon/raw/rq3/runs/powerplant__r1__rep01__fg_ducs_otf/output.txt,570,630,"Implementation/Source Code/maven-root/mtsa/src/main/java/ltsa/updatingControllers/otf/FineGrainedUpdateProblem.java:467-494 (namespace/component alphabets); Implementation/Source Code/maven-root/mtsa/src/main/java/ltsa/updatingControllers/otf/MtsaRevisedOtfDucsAdapter.java:1795-1827,1896-1937 (normal-only endpoints); Implementation/Source Code/maven-root/mtsa/src/main/java/ltsa/updatingControllers/otf/MtsaRevisedOtfDucsAdapter.java:1633-1634,2179-2196 (one boundary step); Implementation/Source Code/maven-root/mtsa/src/main/java/ltsa/updatingControllers/otf/FineGrainedUpdateProblem.java:613-628 (install without another step); Implementation/Source Code/maven-root/mtsa/src/main/java/ltsa/updatingControllers/otf/SafetyTester.java:70-78 (outside-alphabet stutter)",modeled old endpoint; source-audited namespaces/entry; no plant-history enumeration
powerplant,r1,R1_OTF_P_PROCEDURE_IF_REQUEST,PASS,existing entry-scoped E; fresh before one hotSwapIn,"[](AfterStopBeforeStart_P_PROCEDURE_IF_REQUEST -> !{stopPump, startPump, procedure, endProcedure})",,AfterStopBeforeStart_P_PROCEDURE_IF_REQUEST,"<StopOldSpecActions, startNewSpec_P_PROCEDURE_IF_REQUEST>",False,stopOldSpec_P_MAINTEINANCE_GUARANTEED;stopOldSpec_P_PROCEDURE_IF_REQUEST;stopOldSpec_P_PROCEDURE_WHILE_STOPPED;stopOldSpec_P_PUMP_OFF_ONLY_OK_NOT_PENDING,startNewSpec_P_PROCEDURE_IF_REQUEST,endProcedure;procedure;startPump;stopPump,stopOldSpec_P_MAINTEINANCE_GUARANTEED>stopOldSpec_P_PROCEDURE_IF_REQUEST>stopOldSpec_P_PROCEDURE_WHILE_STOPPED>stopOldSpec_P_PUMP_OFF_ONLY_OK_NOT_PENDING>reconfigure_ENV>reconfigure_MAINTENANCE>startNewSpec_P_MAINTEINANCE_GUARANTEED_NEW>startNewSpec_P_NEVER_STOP>startNewSpec_P_PROCEDURE_IF_REQUEST,True,passed,0,16,48,2,False,False,Implementation/Experiment/Models/PowerPlant_FG.lts,130,110,FSE2027_SUBMISSION_20260914/experiments/rs_coverage/raw/expanded-predicates/powerplant.json,"requirements[target=r1,kind=upd,requirement=R1_OTF_P_PROCEDURE_IF_REQUEST]",FSE2027_SUBMISSION_20260914/experiments/rq3_xeon/raw/rq3/runs/powerplant__r1__rep01__fg_ducs_otf/output.txt,570,630,"Implementation/Source Code/maven-root/mtsa/src/main/java/ltsa/updatingControllers/otf/FineGrainedUpdateProblem.java:467-494 (namespace/component alphabets); Implementation/Source Code/maven-root/mtsa/src/main/java/ltsa/updatingControllers/otf/MtsaRevisedOtfDucsAdapter.java:1795-1827,1896-1937 (normal-only endpoints); Implementation/Source Code/maven-root/mtsa/src/main/java/ltsa/updatingControllers/otf/MtsaRevisedOtfDucsAdapter.java:1633-1634,2179-2196 (one boundary step); Implementation/Source Code/maven-root/mtsa/src/main/java/ltsa/updatingControllers/otf/FineGrainedUpdateProblem.java:613-628 (install without another step); Implementation/Source Code/maven-root/mtsa/src/main/java/ltsa/updatingControllers/otf/SafetyTester.java:70-78 (outside-alphabet stutter)",modeled old endpoint; source-audited namespaces/entry; no plant-history enumeration
productioncell_arms1,r1,R1_OTF_P_NEW_TOOL_ORDER_1,PASS,existing entry-scoped E; fresh before one hotSwapIn,"[](AfterStopBeforeStart_P_NEW_TOOL_ORDER_1 -> !{drill[1], polish[1], clean[1], paint[1], stamp[1]})",,AfterStopBeforeStart_P_NEW_TOOL_ORDER_1,"<StopOldSpecActions, startNewSpec_P_NEW_TOOL_ORDER_1>",False,stopOldSpec_P_AVOID_STAMPING_1;stopOldSpec_P_CLEAN_ONCE_1;stopOldSpec_P_DRILL_ONCE_1;stopOldSpec_P_OLD_OUT_IF_FINISHED_1;stopOldSpec_P_OLD_TOOL_ORDER_1;stopOldSpec_P_POLISH_ONCE_1,startNewSpec_P_NEW_TOOL_ORDER_1,clean.1;drill.1;paint.1;polish.1;stamp.1,stopOldSpec_P_AVOID_STAMPING_1>stopOldSpec_P_CLEAN_ONCE_1>stopOldSpec_P_DRILL_ONCE_1>stopOldSpec_P_OLD_OUT_IF_FINISHED_1>stopOldSpec_P_OLD_TOOL_ORDER_1>stopOldSpec_P_POLISH_ONCE_1>reconfigure_PRODUCTION_CELL_1>startNewSpec_P_AVOID_STAMPING_1>startNewSpec_P_CLEAN_ONCE_1>startNewSpec_P_DRILL_ONCE_1>startNewSpec_P_NEW_OUT_IF_FINISHED_1>startNewSpec_P_NEW_TOOL_ORDER_1>startNewSpec_P_PAINT_ONCE_1,True,passed,0,28,84,2,False,False,Implementation/Experiment/Models/ProductionCell_Arms=1_FG.lts,190,160,FSE2027_SUBMISSION_20260914/experiments/rs_coverage/raw/expanded-predicates/productioncell_arms1.json,"requirements[target=r1,kind=upd,requirement=R1_OTF_P_NEW_TOOL_ORDER_1]",FSE2027_SUBMISSION_20260914/experiments/rq3_xeon/raw/rq3/runs/productioncell_arms1__r1__rep01__fg_ducs_otf/output.txt,685,741,"Implementation/Source Code/maven-root/mtsa/src/main/java/ltsa/updatingControllers/otf/FineGrainedUpdateProblem.java:467-494 (namespace/component alphabets); Implementation/Source Code/maven-root/mtsa/src/main/java/ltsa/updatingControllers/otf/MtsaRevisedOtfDucsAdapter.java:1795-1827,1896-1937 (normal-only endpoints); Implementation/Source Code/maven-root/mtsa/src/main/java/ltsa/updatingControllers/otf/MtsaRevisedOtfDucsAdapter.java:1633-1634,2179-2196 (one boundary step); Implementation/Source Code/maven-root/mtsa/src/main/java/ltsa/updatingControllers/otf/FineGrainedUpdateProblem.java:613-628 (install without another step); Implementation/Source Code/maven-root/mtsa/src/main/java/ltsa/updatingControllers/otf/SafetyTester.java:70-78 (outside-alphabet stutter)",modeled old endpoint; source-audited namespaces/entry; no plant-history enumeration
productioncell_arms1,r1,R1_OTF_P_AVOID_STAMPING_1,PASS,existing entry-scoped E; fresh before one hotSwapIn,"[](AfterStopBeforeStart_P_AVOID_STAMPING_1 -> !{drill[1], polish[1], clean[1], paint[1], stamp[1]})",,AfterStopBeforeStart_P_AVOID_STAMPING_1,"<StopOldSpecActions, startNewSpec_P_AVOID_STAMPING_1>",False,stopOldSpec_P_AVOID_STAMPING_1;stopOldSpec_P_CLEAN_ONCE_1;stopOldSpec_P_DRILL_ONCE_1;stopOldSpec_P_OLD_OUT_IF_FINISHED_1;stopOldSpec_P_OLD_TOOL_ORDER_1;stopOldSpec_P_POLISH_ONCE_1,startNewSpec_P_AVOID_STAMPING_1,clean.1;drill.1;paint.1;polish.1;stamp.1,stopOldSpec_P_AVOID_STAMPING_1>stopOldSpec_P_CLEAN_ONCE_1>stopOldSpec_P_DRILL_ONCE_1>stopOldSpec_P_OLD_OUT_IF_FINISHED_1>stopOldSpec_P_OLD_TOOL_ORDER_1>stopOldSpec_P_POLISH_ONCE_1>reconfigure_PRODUCTION_CELL_1>startNewSpec_P_AVOID_STAMPING_1>startNewSpec_P_CLEAN_ONCE_1>startNewSpec_P_DRILL_ONCE_1>startNewSpec_P_NEW_OUT_IF_FINISHED_1>startNewSpec_P_NEW_TOOL_ORDER_1>startNewSpec_P_PAINT_ONCE_1,True,passed,0,28,84,2,False,False,Implementation/Experiment/Models/ProductionCell_Arms=1_FG.lts,191,161,FSE2027_SUBMISSION_20260914/experiments/rs_coverage/raw/expanded-predicates/productioncell_arms1.json,"requirements[target=r1,kind=upd,requirement=R1_OTF_P_AVOID_STAMPING_1]",FSE2027_SUBMISSION_20260914/experiments/rq3_xeon/raw/rq3/runs/productioncell_arms1__r1__rep01__fg_ducs_otf/output.txt,685,741,"Implementation/Source Code/maven-root/mtsa/src/main/java/ltsa/updatingControllers/otf/FineGrainedUpdateProblem.java:467-494 (namespace/component alphabets); Implementation/Source Code/maven-root/mtsa/src/main/java/ltsa/updatingControllers/otf/MtsaRevisedOtfDucsAdapter.java:1795-1827,1896-1937 (normal-only endpoints); Implementation/Source Code/maven-root/mtsa/src/main/java/ltsa/updatingControllers/otf/MtsaRevisedOtfDucsAdapter.java:1633-1634,2179-2196 (one boundary step); Implementation/Source Code/maven-root/mtsa/src/main/java/ltsa/updatingControllers/otf/FineGrainedUpdateProblem.java:613-628 (install without another step); Implementation/Source Code/maven-root/mtsa/src/main/java/ltsa/updatingControllers/otf/SafetyTester.java:70-78 (outside-alphabet stutter)",modeled old endpoint; source-audited namespaces/entry; no plant-history enumeration
productioncell_arms1,r1,R1_OTF_P_NEW_OUT_IF_FINISHED_1,PASS,existing entry-scoped E; fresh before one hotSwapIn,"[](AfterStopBeforeStart_P_NEW_OUT_IF_FINISHED_1 -> !{drill[1], polish[1], clean[1], paint[1], stamp[1]})",,AfterStopBeforeStart_P_NEW_OUT_IF_FINISHED_1,"<StopOldSpecActions, startNewSpec_P_NEW_OUT_IF_FINISHED_1>",False,stopOldSpec_P_AVOID_STAMPING_1;stopOldSpec_P_CLEAN_ONCE_1;stopOldSpec_P_DRILL_ONCE_1;stopOldSpec_P_OLD_OUT_IF_FINISHED_1;stopOldSpec_P_OLD_TOOL_ORDER_1;stopOldSpec_P_POLISH_ONCE_1,startNewSpec_P_NEW_OUT_IF_FINISHED_1,clean.1;drill.1;paint.1;polish.1;stamp.1,stopOldSpec_P_AVOID_STAMPING_1>stopOldSpec_P_CLEAN_ONCE_1>stopOldSpec_P_DRILL_ONCE_1>stopOldSpec_P_OLD_OUT_IF_FINISHED_1>stopOldSpec_P_OLD_TOOL_ORDER_1>stopOldSpec_P_POLISH_ONCE_1>reconfigure_PRODUCTION_CELL_1>startNewSpec_P_AVOID_STAMPING_1>startNewSpec_P_CLEAN_ONCE_1>startNewSpec_P_DRILL_ONCE_1>startNewSpec_P_NEW_OUT_IF_FINISHED_1>startNewSpec_P_NEW_TOOL_ORDER_1>startNewSpec_P_PAINT_ONCE_1,True,passed,0,28,84,2,False,False,Implementation/Experiment/Models/ProductionCell_Arms=1_FG.lts,192,162,FSE2027_SUBMISSION_20260914/experiments/rs_coverage/raw/expanded-predicates/productioncell_arms1.json,"requirements[target=r1,kind=upd,requirement=R1_OTF_P_NEW_OUT_IF_FINISHED_1]",FSE2027_SUBMISSION_20260914/experiments/rq3_xeon/raw/rq3/runs/productioncell_arms1__r1__rep01__fg_ducs_otf/output.txt,685,741,"Implementation/Source Code/maven-root/mtsa/src/main/java/ltsa/updatingControllers/otf/FineGrainedUpdateProblem.java:467-494 (namespace/component alphabets); Implementation/Source Code/maven-root/mtsa/src/main/java/ltsa/updatingControllers/otf/MtsaRevisedOtfDucsAdapter.java:1795-1827,1896-1937 (normal-only endpoints); Implementation/Source Code/maven-root/mtsa/src/main/java/ltsa/updatingControllers/otf/MtsaRevisedOtfDucsAdapter.java:1633-1634,2179-2196 (one boundary step); Implementation/Source Code/maven-root/mtsa/src/main/java/ltsa/updatingControllers/otf/FineGrainedUpdateProblem.java:613-628 (install without another step); Implementation/Source Code/maven-root/mtsa/src/main/java/ltsa/updatingControllers/otf/SafetyTester.java:70-78 (outside-alphabet stutter)",modeled old endpoint; source-audited namespaces/entry; no plant-history enumeration
productioncell_arms1,r1,R1_OTF_P_PAINT_ONCE_1,PASS,existing entry-scoped E; fresh before one hotSwapIn,"[](AfterStopBeforeStart_P_PAINT_ONCE_1 -> !{drill[1], polish[1], clean[1], paint[1], stamp[1]})",,AfterStopBeforeStart_P_PAINT_ONCE_1,"<StopOldSpecActions, startNewSpec_P_PAINT_ONCE_1>",False,stopOldSpec_P_AVOID_STAMPING_1;stopOldSpec_P_CLEAN_ONCE_1;stopOldSpec_P_DRILL_ONCE_1;stopOldSpec_P_OLD_OUT_IF_FINISHED_1;stopOldSpec_P_OLD_TOOL_ORDER_1;stopOldSpec_P_POLISH_ONCE_1,startNewSpec_P_PAINT_ONCE_1,clean.1;drill.1;paint.1;polish.1;stamp.1,stopOldSpec_P_AVOID_STAMPING_1>stopOldSpec_P_CLEAN_ONCE_1>stopOldSpec_P_DRILL_ONCE_1>stopOldSpec_P_OLD_OUT_IF_FINISHED_1>stopOldSpec_P_OLD_TOOL_ORDER_1>stopOldSpec_P_POLISH_ONCE_1>reconfigure_PRODUCTION_CELL_1>startNewSpec_P_AVOID_STAMPING_1>startNewSpec_P_CLEAN_ONCE_1>startNewSpec_P_DRILL_ONCE_1>startNewSpec_P_NEW_OUT_IF_FINISHED_1>startNewSpec_P_NEW_TOOL_ORDER_1>startNewSpec_P_PAINT_ONCE_1,True,passed,0,28,84,2,False,False,Implementation/Experiment/Models/ProductionCell_Arms=1_FG.lts,193,163,FSE2027_SUBMISSION_20260914/experiments/rs_coverage/raw/expanded-predicates/productioncell_arms1.json,"requirements[target=r1,kind=upd,requirement=R1_OTF_P_PAINT_ONCE_1]",FSE2027_SUBMISSION_20260914/experiments/rq3_xeon/raw/rq3/runs/productioncell_arms1__r1__rep01__fg_ducs_otf/output.txt,685,741,"Implementation/Source Code/maven-root/mtsa/src/main/java/ltsa/updatingControllers/otf/FineGrainedUpdateProblem.java:467-494 (namespace/component alphabets); Implementation/Source Code/maven-root/mtsa/src/main/java/ltsa/updatingControllers/otf/MtsaRevisedOtfDucsAdapter.java:1795-1827,1896-1937 (normal-only endpoints); Implementation/Source Code/maven-root/mtsa/src/main/java/ltsa/updatingControllers/otf/MtsaRevisedOtfDucsAdapter.java:1633-1634,2179-2196 (one boundary step); Implementation/Source Code/maven-root/mtsa/src/main/java/ltsa/updatingControllers/otf/FineGrainedUpdateProblem.java:613-628 (install without another step); Implementation/Source Code/maven-root/mtsa/src/main/java/ltsa/updatingControllers/otf/SafetyTester.java:70-78 (outside-alphabet stutter)",modeled old endpoint; source-audited namespaces/entry; no plant-history enumeration
productioncell_arms1,r1,R1_OTF_P_CLEAN_ONCE_1,PASS,existing entry-scoped E; fresh before one hotSwapIn,"[](AfterStopBeforeStart_P_CLEAN_ONCE_1 -> !{drill[1], polish[1], clean[1], paint[1], stamp[1]})",,AfterStopBeforeStart_P_CLEAN_ONCE_1,"<StopOldSpecActions, startNewSpec_P_CLEAN_ONCE_1>",False,stopOldSpec_P_AVOID_STAMPING_1;stopOldSpec_P_CLEAN_ONCE_1;stopOldSpec_P_DRILL_ONCE_1;stopOldSpec_P_OLD_OUT_IF_FINISHED_1;stopOldSpec_P_OLD_TOOL_ORDER_1;stopOldSpec_P_POLISH_ONCE_1,startNewSpec_P_CLEAN_ONCE_1,clean.1;drill.1;paint.1;polish.1;stamp.1,stopOldSpec_P_AVOID_STAMPING_1>stopOldSpec_P_CLEAN_ONCE_1>stopOldSpec_P_DRILL_ONCE_1>stopOldSpec_P_OLD_OUT_IF_FINISHED_1>stopOldSpec_P_OLD_TOOL_ORDER_1>stopOldSpec_P_POLISH_ONCE_1>reconfigure_PRODUCTION_CELL_1>startNewSpec_P_AVOID_STAMPING_1>startNewSpec_P_CLEAN_ONCE_1>startNewSpec_P_DRILL_ONCE_1>startNewSpec_P_NEW_OUT_IF_FINISHED_1>startNewSpec_P_NEW_TOOL_ORDER_1>startNewSpec_P_PAINT_ONCE_1,True,passed,0,28,84,2,False,False,Implementation/Experiment/Models/ProductionCell_Arms=1_FG.lts,194,164,FSE2027_SUBMISSION_20260914/experiments/rs_coverage/raw/expanded-predicates/productioncell_arms1.json,"requirements[target=r1,kind=upd,requirement=R1_OTF_P_CLEAN_ONCE_1]",FSE2027_SUBMISSION_20260914/experiments/rq3_xeon/raw/rq3/runs/productioncell_arms1__r1__rep01__fg_ducs_otf/output.txt,685,741,"Implementation/Source Code/maven-root/mtsa/src/main/java/ltsa/updatingControllers/otf/FineGrainedUpdateProblem.java:467-494 (namespace/component alphabets); Implementation/Source Code/maven-root/mtsa/src/main/java/ltsa/updatingControllers/otf/MtsaRevisedOtfDucsAdapter.java:1795-1827,1896-1937 (normal-only endpoints); Implementation/Source Code/maven-root/mtsa/src/main/java/ltsa/updatingControllers/otf/MtsaRevisedOtfDucsAdapter.java:1633-1634,2179-2196 (one boundary step); Implementation/Source Code/maven-root/mtsa/src/main/java/ltsa/updatingControllers/otf/FineGrainedUpdateProblem.java:613-628 (install without another step); Implementation/Source Code/maven-root/mtsa/src/main/java/ltsa/updatingControllers/otf/SafetyTester.java:70-78 (outside-alphabet stutter)",modeled old endpoint; source-audited namespaces/entry; no plant-history enumeration
productioncell_arms1,r1,R1_OTF_P_DRILL_ONCE_1,PASS,existing entry-scoped E; fresh before one hotSwapIn,"[](AfterStopBeforeStart_P_DRILL_ONCE_1 -> !{drill[1], polish[1], clean[1], paint[1], stamp[1]})",,AfterStopBeforeStart_P_DRILL_ONCE_1,"<StopOldSpecActions, startNewSpec_P_DRILL_ONCE_1>",False,stopOldSpec_P_AVOID_STAMPING_1;stopOldSpec_P_CLEAN_ONCE_1;stopOldSpec_P_DRILL_ONCE_1;stopOldSpec_P_OLD_OUT_IF_FINISHED_1;stopOldSpec_P_OLD_TOOL_ORDER_1;stopOldSpec_P_POLISH_ONCE_1,startNewSpec_P_DRILL_ONCE_1,clean.1;drill.1;paint.1;polish.1;stamp.1,stopOldSpec_P_AVOID_STAMPING_1>stopOldSpec_P_CLEAN_ONCE_1>stopOldSpec_P_DRILL_ONCE_1>stopOldSpec_P_OLD_OUT_IF_FINISHED_1>stopOldSpec_P_OLD_TOOL_ORDER_1>stopOldSpec_P_POLISH_ONCE_1>reconfigure_PRODUCTION_CELL_1>startNewSpec_P_AVOID_STAMPING_1>startNewSpec_P_CLEAN_ONCE_1>startNewSpec_P_DRILL_ONCE_1>startNewSpec_P_NEW_OUT_IF_FINISHED_1>startNewSpec_P_NEW_TOOL_ORDER_1>startNewSpec_P_PAINT_ONCE_1,True,passed,0,28,84,2,False,False,Implementation/Experiment/Models/ProductionCell_Arms=1_FG.lts,195,165,FSE2027_SUBMISSION_20260914/experiments/rs_coverage/raw/expanded-predicates/productioncell_arms1.json,"requirements[target=r1,kind=upd,requirement=R1_OTF_P_DRILL_ONCE_1]",FSE2027_SUBMISSION_20260914/experiments/rq3_xeon/raw/rq3/runs/productioncell_arms1__r1__rep01__fg_ducs_otf/output.txt,685,741,"Implementation/Source Code/maven-root/mtsa/src/main/java/ltsa/updatingControllers/otf/FineGrainedUpdateProblem.java:467-494 (namespace/component alphabets); Implementation/Source Code/maven-root/mtsa/src/main/java/ltsa/updatingControllers/otf/MtsaRevisedOtfDucsAdapter.java:1795-1827,1896-1937 (normal-only endpoints); Implementation/Source Code/maven-root/mtsa/src/main/java/ltsa/updatingControllers/otf/MtsaRevisedOtfDucsAdapter.java:1633-1634,2179-2196 (one boundary step); Implementation/Source Code/maven-root/mtsa/src/main/java/ltsa/updatingControllers/otf/FineGrainedUpdateProblem.java:613-628 (install without another step); Implementation/Source Code/maven-root/mtsa/src/main/java/ltsa/updatingControllers/otf/SafetyTester.java:70-78 (outside-alphabet stutter)",modeled old endpoint; source-audited namespaces/entry; no plant-history enumeration
productioncell_arms2,r1,R1_OTF_P_NEW_TOOL_ORDER_1,PASS,existing entry-scoped E; fresh before one hotSwapIn,"[](AfterStopBeforeStart_P_NEW_TOOL_ORDER_1 -> !{drill[1], polish[1], clean[1], paint[1], stamp[1], drill[2], polish[2], clean[2], paint[2], stamp[2]})",,AfterStopBeforeStart_P_NEW_TOOL_ORDER_1,"<StopOldSpecActions, startNewSpec_P_NEW_TOOL_ORDER_1>",False,stopOldSpec_P_AVOID_STAMPING_1;stopOldSpec_P_AVOID_STAMPING_2;stopOldSpec_P_CLEAN_ONCE_1;stopOldSpec_P_CLEAN_ONCE_2;stopOldSpec_P_DRILL_ONCE_1;stopOldSpec_P_DRILL_ONCE_2;stopOldSpec_P_OLD_OUT_IF_FINISHED_1;stopOldSpec_P_OLD_OUT_IF_FINISHED_2;stopOldSpec_P_OLD_TOOL_ORDER_1;stopOldSpec_P_OLD_TOOL_ORDER_2;stopOldSpec_P_POLISH_ONCE_1;stopOldSpec_P_POLISH_ONCE_2,startNewSpec_P_NEW_TOOL_ORDER_1,clean.1;clean.2;drill.1;drill.2;paint.1;paint.2;polish.1;polish.2;stamp.1;stamp.2,stopOldSpec_P_AVOID_STAMPING_1>stopOldSpec_P_AVOID_STAMPING_2>stopOldSpec_P_CLEAN_ONCE_1>stopOldSpec_P_CLEAN_ONCE_2>stopOldSpec_P_DRILL_ONCE_1>stopOldSpec_P_DRILL_ONCE_2>stopOldSpec_P_OLD_OUT_IF_FINISHED_1>stopOldSpec_P_OLD_OUT_IF_FINISHED_2>stopOldSpec_P_OLD_TOOL_ORDER_1>stopOldSpec_P_OLD_TOOL_ORDER_2>stopOldSpec_P_POLISH_ONCE_1>stopOldSpec_P_POLISH_ONCE_2>reconfigure_PRODUCTION_CELL_1>reconfigure_PRODUCTION_CELL_2>startNewSpec_P_AVOID_STAMPING_1>startNewSpec_P_AVOID_STAMPING_2>startNewSpec_P_CLEAN_ONCE_1>startNewSpec_P_CLEAN_ONCE_2>startNewSpec_P_DRILL_ONCE_1>startNewSpec_P_DRILL_ONCE_2>startNewSpec_P_NEW_OUT_IF_FINISHED_1>startNewSpec_P_NEW_OUT_IF_FINISHED_2>startNewSpec_P_NEW_TOOL_ORDER_1>startNewSpec_P_NEW_TOOL_ORDER_2>startNewSpec_P_PAINT_ONCE_1>startNewSpec_P_PAINT_ONCE_2,True,passed,0,54,162,2,False,False,Implementation/Experiment/Models/ProductionCell_Arms=2_FG.lts,248,193,FSE2027_SUBMISSION_20260914/experiments/rs_coverage/raw/expanded-predicates/productioncell_arms2.json,"requirements[target=r1,kind=upd,requirement=R1_OTF_P_NEW_TOOL_ORDER_1]",FSE2027_SUBMISSION_20260914/experiments/rq3_xeon/raw/rq3/runs/productioncell_arms2__r1__rep01__fg_ducs_otf/output.txt,1026,1086,"Implementation/Source Code/maven-root/mtsa/src/main/java/ltsa/updatingControllers/otf/FineGrainedUpdateProblem.java:467-494 (namespace/component alphabets); Implementation/Source Code/maven-root/mtsa/src/main/java/ltsa/updatingControllers/otf/MtsaRevisedOtfDucsAdapter.java:1795-1827,1896-1937 (normal-only endpoints); Implementation/Source Code/maven-root/mtsa/src/main/java/ltsa/updatingControllers/otf/MtsaRevisedOtfDucsAdapter.java:1633-1634,2179-2196 (one boundary step); Implementation/Source Code/maven-root/mtsa/src/main/java/ltsa/updatingControllers/otf/FineGrainedUpdateProblem.java:613-628 (install without another step); Implementation/Source Code/maven-root/mtsa/src/main/java/ltsa/updatingControllers/otf/SafetyTester.java:70-78 (outside-alphabet stutter)",modeled old endpoint; source-audited namespaces/entry; no plant-history enumeration
productioncell_arms2,r1,R1_OTF_P_NEW_OUT_IF_FINISHED_1,PASS,existing entry-scoped E; fresh before one hotSwapIn,"[](AfterStopBeforeStart_P_NEW_OUT_IF_FINISHED_1 -> !{drill[1], polish[1], clean[1], paint[1], stamp[1], drill[2], polish[2], clean[2], paint[2], stamp[2]})",,AfterStopBeforeStart_P_NEW_OUT_IF_FINISHED_1,"<StopOldSpecActions, startNewSpec_P_NEW_OUT_IF_FINISHED_1>",False,stopOldSpec_P_AVOID_STAMPING_1;stopOldSpec_P_AVOID_STAMPING_2;stopOldSpec_P_CLEAN_ONCE_1;stopOldSpec_P_CLEAN_ONCE_2;stopOldSpec_P_DRILL_ONCE_1;stopOldSpec_P_DRILL_ONCE_2;stopOldSpec_P_OLD_OUT_IF_FINISHED_1;stopOldSpec_P_OLD_OUT_IF_FINISHED_2;stopOldSpec_P_OLD_TOOL_ORDER_1;stopOldSpec_P_OLD_TOOL_ORDER_2;stopOldSpec_P_POLISH_ONCE_1;stopOldSpec_P_POLISH_ONCE_2,startNewSpec_P_NEW_OUT_IF_FINISHED_1,clean.1;clean.2;drill.1;drill.2;paint.1;paint.2;polish.1;polish.2;stamp.1;stamp.2,stopOldSpec_P_AVOID_STAMPING_1>stopOldSpec_P_AVOID_STAMPING_2>stopOldSpec_P_CLEAN_ONCE_1>stopOldSpec_P_CLEAN_ONCE_2>stopOldSpec_P_DRILL_ONCE_1>stopOldSpec_P_DRILL_ONCE_2>stopOldSpec_P_OLD_OUT_IF_FINISHED_1>stopOldSpec_P_OLD_OUT_IF_FINISHED_2>stopOldSpec_P_OLD_TOOL_ORDER_1>stopOldSpec_P_OLD_TOOL_ORDER_2>stopOldSpec_P_POLISH_ONCE_1>stopOldSpec_P_POLISH_ONCE_2>reconfigure_PRODUCTION_CELL_1>reconfigure_PRODUCTION_CELL_2>startNewSpec_P_AVOID_STAMPING_1>startNewSpec_P_AVOID_STAMPING_2>startNewSpec_P_CLEAN_ONCE_1>startNewSpec_P_CLEAN_ONCE_2>startNewSpec_P_DRILL_ONCE_1>startNewSpec_P_DRILL_ONCE_2>startNewSpec_P_NEW_OUT_IF_FINISHED_1>startNewSpec_P_NEW_OUT_IF_FINISHED_2>startNewSpec_P_NEW_TOOL_ORDER_1>startNewSpec_P_NEW_TOOL_ORDER_2>startNewSpec_P_PAINT_ONCE_1>startNewSpec_P_PAINT_ONCE_2,True,passed,0,54,162,2,False,False,Implementation/Experiment/Models/ProductionCell_Arms=2_FG.lts,249,194,FSE2027_SUBMISSION_20260914/experiments/rs_coverage/raw/expanded-predicates/productioncell_arms2.json,"requirements[target=r1,kind=upd,requirement=R1_OTF_P_NEW_OUT_IF_FINISHED_1]",FSE2027_SUBMISSION_20260914/experiments/rq3_xeon/raw/rq3/runs/productioncell_arms2__r1__rep01__fg_ducs_otf/output.txt,1026,1086,"Implementation/Source Code/maven-root/mtsa/src/main/java/ltsa/updatingControllers/otf/FineGrainedUpdateProblem.java:467-494 (namespace/component alphabets); Implementation/Source Code/maven-root/mtsa/src/main/java/ltsa/updatingControllers/otf/MtsaRevisedOtfDucsAdapter.java:1795-1827,1896-1937 (normal-only endpoints); Implementation/Source Code/maven-root/mtsa/src/main/java/ltsa/updatingControllers/otf/MtsaRevisedOtfDucsAdapter.java:1633-1634,2179-2196 (one boundary step); Implementation/Source Code/maven-root/mtsa/src/main/java/ltsa/updatingControllers/otf/FineGrainedUpdateProblem.java:613-628 (install without another step); Implementation/Source Code/maven-root/mtsa/src/main/java/ltsa/updatingControllers/otf/SafetyTester.java:70-78 (outside-alphabet stutter)",modeled old endpoint; source-audited namespaces/entry; no plant-history enumeration
productioncell_arms2,r1,R1_OTF_P_DRILL_ONCE_1,PASS,existing entry-scoped E; fresh before one hotSwapIn,"[](AfterStopBeforeStart_P_DRILL_ONCE_1 -> !{drill[1], polish[1], clean[1], paint[1], stamp[1], drill[2], polish[2], clean[2], paint[2], stamp[2]})",,AfterStopBeforeStart_P_DRILL_ONCE_1,"<StopOldSpecActions, startNewSpec_P_DRILL_ONCE_1>",False,stopOldSpec_P_AVOID_STAMPING_1;stopOldSpec_P_AVOID_STAMPING_2;stopOldSpec_P_CLEAN_ONCE_1;stopOldSpec_P_CLEAN_ONCE_2;stopOldSpec_P_DRILL_ONCE_1;stopOldSpec_P_DRILL_ONCE_2;stopOldSpec_P_OLD_OUT_IF_FINISHED_1;stopOldSpec_P_OLD_OUT_IF_FINISHED_2;stopOldSpec_P_OLD_TOOL_ORDER_1;stopOldSpec_P_OLD_TOOL_ORDER_2;stopOldSpec_P_POLISH_ONCE_1;stopOldSpec_P_POLISH_ONCE_2,startNewSpec_P_DRILL_ONCE_1,clean.1;clean.2;drill.1;drill.2;paint.1;paint.2;polish.1;polish.2;stamp.1;stamp.2,stopOldSpec_P_AVOID_STAMPING_1>stopOldSpec_P_AVOID_STAMPING_2>stopOldSpec_P_CLEAN_ONCE_1>stopOldSpec_P_CLEAN_ONCE_2>stopOldSpec_P_DRILL_ONCE_1>stopOldSpec_P_DRILL_ONCE_2>stopOldSpec_P_OLD_OUT_IF_FINISHED_1>stopOldSpec_P_OLD_OUT_IF_FINISHED_2>stopOldSpec_P_OLD_TOOL_ORDER_1>stopOldSpec_P_OLD_TOOL_ORDER_2>stopOldSpec_P_POLISH_ONCE_1>stopOldSpec_P_POLISH_ONCE_2>reconfigure_PRODUCTION_CELL_1>reconfigure_PRODUCTION_CELL_2>startNewSpec_P_AVOID_STAMPING_1>startNewSpec_P_AVOID_STAMPING_2>startNewSpec_P_CLEAN_ONCE_1>startNewSpec_P_CLEAN_ONCE_2>startNewSpec_P_DRILL_ONCE_1>startNewSpec_P_DRILL_ONCE_2>startNewSpec_P_NEW_OUT_IF_FINISHED_1>startNewSpec_P_NEW_OUT_IF_FINISHED_2>startNewSpec_P_NEW_TOOL_ORDER_1>startNewSpec_P_NEW_TOOL_ORDER_2>startNewSpec_P_PAINT_ONCE_1>startNewSpec_P_PAINT_ONCE_2,True,passed,0,54,162,2,False,False,Implementation/Experiment/Models/ProductionCell_Arms=2_FG.lts,250,195,FSE2027_SUBMISSION_20260914/experiments/rs_coverage/raw/expanded-predicates/productioncell_arms2.json,"requirements[target=r1,kind=upd,requirement=R1_OTF_P_DRILL_ONCE_1]",FSE2027_SUBMISSION_20260914/experiments/rq3_xeon/raw/rq3/runs/productioncell_arms2__r1__rep01__fg_ducs_otf/output.txt,1026,1086,"Implementation/Source Code/maven-root/mtsa/src/main/java/ltsa/updatingControllers/otf/FineGrainedUpdateProblem.java:467-494 (namespace/component alphabets); Implementation/Source Code/maven-root/mtsa/src/main/java/ltsa/updatingControllers/otf/MtsaRevisedOtfDucsAdapter.java:1795-1827,1896-1937 (normal-only endpoints); Implementation/Source Code/maven-root/mtsa/src/main/java/ltsa/updatingControllers/otf/MtsaRevisedOtfDucsAdapter.java:1633-1634,2179-2196 (one boundary step); Implementation/Source Code/maven-root/mtsa/src/main/java/ltsa/updatingControllers/otf/FineGrainedUpdateProblem.java:613-628 (install without another step); Implementation/Source Code/maven-root/mtsa/src/main/java/ltsa/updatingControllers/otf/SafetyTester.java:70-78 (outside-alphabet stutter)",modeled old endpoint; source-audited namespaces/entry; no plant-history enumeration
productioncell_arms2,r1,R1_OTF_P_CLEAN_ONCE_1,PASS,existing entry-scoped E; fresh before one hotSwapIn,"[](AfterStopBeforeStart_P_CLEAN_ONCE_1 -> !{drill[1], polish[1], clean[1], paint[1], stamp[1], drill[2], polish[2], clean[2], paint[2], stamp[2]})",,AfterStopBeforeStart_P_CLEAN_ONCE_1,"<StopOldSpecActions, startNewSpec_P_CLEAN_ONCE_1>",False,stopOldSpec_P_AVOID_STAMPING_1;stopOldSpec_P_AVOID_STAMPING_2;stopOldSpec_P_CLEAN_ONCE_1;stopOldSpec_P_CLEAN_ONCE_2;stopOldSpec_P_DRILL_ONCE_1;stopOldSpec_P_DRILL_ONCE_2;stopOldSpec_P_OLD_OUT_IF_FINISHED_1;stopOldSpec_P_OLD_OUT_IF_FINISHED_2;stopOldSpec_P_OLD_TOOL_ORDER_1;stopOldSpec_P_OLD_TOOL_ORDER_2;stopOldSpec_P_POLISH_ONCE_1;stopOldSpec_P_POLISH_ONCE_2,startNewSpec_P_CLEAN_ONCE_1,clean.1;clean.2;drill.1;drill.2;paint.1;paint.2;polish.1;polish.2;stamp.1;stamp.2,stopOldSpec_P_AVOID_STAMPING_1>stopOldSpec_P_AVOID_STAMPING_2>stopOldSpec_P_CLEAN_ONCE_1>stopOldSpec_P_CLEAN_ONCE_2>stopOldSpec_P_DRILL_ONCE_1>stopOldSpec_P_DRILL_ONCE_2>stopOldSpec_P_OLD_OUT_IF_FINISHED_1>stopOldSpec_P_OLD_OUT_IF_FINISHED_2>stopOldSpec_P_OLD_TOOL_ORDER_1>stopOldSpec_P_OLD_TOOL_ORDER_2>stopOldSpec_P_POLISH_ONCE_1>stopOldSpec_P_POLISH_ONCE_2>reconfigure_PRODUCTION_CELL_1>reconfigure_PRODUCTION_CELL_2>startNewSpec_P_AVOID_STAMPING_1>startNewSpec_P_AVOID_STAMPING_2>startNewSpec_P_CLEAN_ONCE_1>startNewSpec_P_CLEAN_ONCE_2>startNewSpec_P_DRILL_ONCE_1>startNewSpec_P_DRILL_ONCE_2>startNewSpec_P_NEW_OUT_IF_FINISHED_1>startNewSpec_P_NEW_OUT_IF_FINISHED_2>startNewSpec_P_NEW_TOOL_ORDER_1>startNewSpec_P_NEW_TOOL_ORDER_2>startNewSpec_P_PAINT_ONCE_1>startNewSpec_P_PAINT_ONCE_2,True,passed,0,54,162,2,False,False,Implementation/Experiment/Models/ProductionCell_Arms=2_FG.lts,251,196,FSE2027_SUBMISSION_20260914/experiments/rs_coverage/raw/expanded-predicates/productioncell_arms2.json,"requirements[target=r1,kind=upd,requirement=R1_OTF_P_CLEAN_ONCE_1]",FSE2027_SUBMISSION_20260914/experiments/rq3_xeon/raw/rq3/runs/productioncell_arms2__r1__rep01__fg_ducs_otf/output.txt,1026,1086,"Implementation/Source Code/maven-root/mtsa/src/main/java/ltsa/updatingControllers/otf/FineGrainedUpdateProblem.java:467-494 (namespace/component alphabets); Implementation/Source Code/maven-root/mtsa/src/main/java/ltsa/updatingControllers/otf/MtsaRevisedOtfDucsAdapter.java:1795-1827,1896-1937 (normal-only endpoints); Implementation/Source Code/maven-root/mtsa/src/main/java/ltsa/updatingControllers/otf/MtsaRevisedOtfDucsAdapter.java:1633-1634,2179-2196 (one boundary step); Implementation/Source Code/maven-root/mtsa/src/main/java/ltsa/updatingControllers/otf/FineGrainedUpdateProblem.java:613-628 (install without another step); Implementation/Source Code/maven-root/mtsa/src/main/java/ltsa/updatingControllers/otf/SafetyTester.java:70-78 (outside-alphabet stutter)",modeled old endpoint; source-audited namespaces/entry; no plant-history enumeration
productioncell_arms2,r1,R1_OTF_P_PAINT_ONCE_1,PASS,existing entry-scoped E; fresh before one hotSwapIn,"[](AfterStopBeforeStart_P_PAINT_ONCE_1 -> !{drill[1], polish[1], clean[1], paint[1], stamp[1], drill[2], polish[2], clean[2], paint[2], stamp[2]})",,AfterStopBeforeStart_P_PAINT_ONCE_1,"<StopOldSpecActions, startNewSpec_P_PAINT_ONCE_1>",False,stopOldSpec_P_AVOID_STAMPING_1;stopOldSpec_P_AVOID_STAMPING_2;stopOldSpec_P_CLEAN_ONCE_1;stopOldSpec_P_CLEAN_ONCE_2;stopOldSpec_P_DRILL_ONCE_1;stopOldSpec_P_DRILL_ONCE_2;stopOldSpec_P_OLD_OUT_IF_FINISHED_1;stopOldSpec_P_OLD_OUT_IF_FINISHED_2;stopOldSpec_P_OLD_TOOL_ORDER_1;stopOldSpec_P_OLD_TOOL_ORDER_2;stopOldSpec_P_POLISH_ONCE_1;stopOldSpec_P_POLISH_ONCE_2,startNewSpec_P_PAINT_ONCE_1,clean.1;clean.2;drill.1;drill.2;paint.1;paint.2;polish.1;polish.2;stamp.1;stamp.2,stopOldSpec_P_AVOID_STAMPING_1>stopOldSpec_P_AVOID_STAMPING_2>stopOldSpec_P_CLEAN_ONCE_1>stopOldSpec_P_CLEAN_ONCE_2>stopOldSpec_P_DRILL_ONCE_1>stopOldSpec_P_DRILL_ONCE_2>stopOldSpec_P_OLD_OUT_IF_FINISHED_1>stopOldSpec_P_OLD_OUT_IF_FINISHED_2>stopOldSpec_P_OLD_TOOL_ORDER_1>stopOldSpec_P_OLD_TOOL_ORDER_2>stopOldSpec_P_POLISH_ONCE_1>stopOldSpec_P_POLISH_ONCE_2>reconfigure_PRODUCTION_CELL_1>reconfigure_PRODUCTION_CELL_2>startNewSpec_P_AVOID_STAMPING_1>startNewSpec_P_AVOID_STAMPING_2>startNewSpec_P_CLEAN_ONCE_1>startNewSpec_P_CLEAN_ONCE_2>startNewSpec_P_DRILL_ONCE_1>startNewSpec_P_DRILL_ONCE_2>startNewSpec_P_NEW_OUT_IF_FINISHED_1>startNewSpec_P_NEW_OUT_IF_FINISHED_2>startNewSpec_P_NEW_TOOL_ORDER_1>startNewSpec_P_NEW_TOOL_ORDER_2>startNewSpec_P_PAINT_ONCE_1>startNewSpec_P_PAINT_ONCE_2,True,passed,0,54,162,2,False,False,Implementation/Experiment/Models/ProductionCell_Arms=2_FG.lts,252,197,FSE2027_SUBMISSION_20260914/experiments/rs_coverage/raw/expanded-predicates/productioncell_arms2.json,"requirements[target=r1,kind=upd,requirement=R1_OTF_P_PAINT_ONCE_1]",FSE2027_SUBMISSION_20260914/experiments/rq3_xeon/raw/rq3/runs/productioncell_arms2__r1__rep01__fg_ducs_otf/output.txt,1026,1086,"Implementation/Source Code/maven-root/mtsa/src/main/java/ltsa/updatingControllers/otf/FineGrainedUpdateProblem.java:467-494 (namespace/component alphabets); Implementation/Source Code/maven-root/mtsa/src/main/java/ltsa/updatingControllers/otf/MtsaRevisedOtfDucsAdapter.java:1795-1827,1896-1937 (normal-only endpoints); Implementation/Source Code/maven-root/mtsa/src/main/java/ltsa/updatingControllers/otf/MtsaRevisedOtfDucsAdapter.java:1633-1634,2179-2196 (one boundary step); Implementation/Source Code/maven-root/mtsa/src/main/java/ltsa/updatingControllers/otf/FineGrainedUpdateProblem.java:613-628 (install without another step); Implementation/Source Code/maven-root/mtsa/src/main/java/ltsa/updatingControllers/otf/SafetyTester.java:70-78 (outside-alphabet stutter)",modeled old endpoint; source-audited namespaces/entry; no plant-history enumeration
productioncell_arms2,r1,R1_OTF_P_AVOID_STAMPING_1,PASS,existing entry-scoped E; fresh before one hotSwapIn,"[](AfterStopBeforeStart_P_AVOID_STAMPING_1 -> !{drill[1], polish[1], clean[1], paint[1], stamp[1], drill[2], polish[2], clean[2], paint[2], stamp[2]})",,AfterStopBeforeStart_P_AVOID_STAMPING_1,"<StopOldSpecActions, startNewSpec_P_AVOID_STAMPING_1>",False,stopOldSpec_P_AVOID_STAMPING_1;stopOldSpec_P_AVOID_STAMPING_2;stopOldSpec_P_CLEAN_ONCE_1;stopOldSpec_P_CLEAN_ONCE_2;stopOldSpec_P_DRILL_ONCE_1;stopOldSpec_P_DRILL_ONCE_2;stopOldSpec_P_OLD_OUT_IF_FINISHED_1;stopOldSpec_P_OLD_OUT_IF_FINISHED_2;stopOldSpec_P_OLD_TOOL_ORDER_1;stopOldSpec_P_OLD_TOOL_ORDER_2;stopOldSpec_P_POLISH_ONCE_1;stopOldSpec_P_POLISH_ONCE_2,startNewSpec_P_AVOID_STAMPING_1,clean.1;clean.2;drill.1;drill.2;paint.1;paint.2;polish.1;polish.2;stamp.1;stamp.2,stopOldSpec_P_AVOID_STAMPING_1>stopOldSpec_P_AVOID_STAMPING_2>stopOldSpec_P_CLEAN_ONCE_1>stopOldSpec_P_CLEAN_ONCE_2>stopOldSpec_P_DRILL_ONCE_1>stopOldSpec_P_DRILL_ONCE_2>stopOldSpec_P_OLD_OUT_IF_FINISHED_1>stopOldSpec_P_OLD_OUT_IF_FINISHED_2>stopOldSpec_P_OLD_TOOL_ORDER_1>stopOldSpec_P_OLD_TOOL_ORDER_2>stopOldSpec_P_POLISH_ONCE_1>stopOldSpec_P_POLISH_ONCE_2>reconfigure_PRODUCTION_CELL_1>reconfigure_PRODUCTION_CELL_2>startNewSpec_P_AVOID_STAMPING_1>startNewSpec_P_AVOID_STAMPING_2>startNewSpec_P_CLEAN_ONCE_1>startNewSpec_P_CLEAN_ONCE_2>startNewSpec_P_DRILL_ONCE_1>startNewSpec_P_DRILL_ONCE_2>startNewSpec_P_NEW_OUT_IF_FINISHED_1>startNewSpec_P_NEW_OUT_IF_FINISHED_2>startNewSpec_P_NEW_TOOL_ORDER_1>startNewSpec_P_NEW_TOOL_ORDER_2>startNewSpec_P_PAINT_ONCE_1>startNewSpec_P_PAINT_ONCE_2,True,passed,0,54,162,2,False,False,Implementation/Experiment/Models/ProductionCell_Arms=2_FG.lts,253,198,FSE2027_SUBMISSION_20260914/experiments/rs_coverage/raw/expanded-predicates/productioncell_arms2.json,"requirements[target=r1,kind=upd,requirement=R1_OTF_P_AVOID_STAMPING_1]",FSE2027_SUBMISSION_20260914/experiments/rq3_xeon/raw/rq3/runs/productioncell_arms2__r1__rep01__fg_ducs_otf/output.txt,1026,1086,"Implementation/Source Code/maven-root/mtsa/src/main/java/ltsa/updatingControllers/otf/FineGrainedUpdateProblem.java:467-494 (namespace/component alphabets); Implementation/Source Code/maven-root/mtsa/src/main/java/ltsa/updatingControllers/otf/MtsaRevisedOtfDucsAdapter.java:1795-1827,1896-1937 (normal-only endpoints); Implementation/Source Code/maven-root/mtsa/src/main/java/ltsa/updatingControllers/otf/MtsaRevisedOtfDucsAdapter.java:1633-1634,2179-2196 (one boundary step); Implementation/Source Code/maven-root/mtsa/src/main/java/ltsa/updatingControllers/otf/FineGrainedUpdateProblem.java:613-628 (install without another step); Implementation/Source Code/maven-root/mtsa/src/main/java/ltsa/updatingControllers/otf/SafetyTester.java:70-78 (outside-alphabet stutter)",modeled old endpoint; source-audited namespaces/entry; no plant-history enumeration
productioncell_arms2,r1,R1_OTF_P_NEW_TOOL_ORDER_2,PASS,existing entry-scoped E; fresh before one hotSwapIn,"[](AfterStopBeforeStart_P_NEW_TOOL_ORDER_2 -> !{drill[1], polish[1], clean[1], paint[1], stamp[1], drill[2], polish[2], clean[2], paint[2], stamp[2]})",,AfterStopBeforeStart_P_NEW_TOOL_ORDER_2,"<StopOldSpecActions, startNewSpec_P_NEW_TOOL_ORDER_2>",False,stopOldSpec_P_AVOID_STAMPING_1;stopOldSpec_P_AVOID_STAMPING_2;stopOldSpec_P_CLEAN_ONCE_1;stopOldSpec_P_CLEAN_ONCE_2;stopOldSpec_P_DRILL_ONCE_1;stopOldSpec_P_DRILL_ONCE_2;stopOldSpec_P_OLD_OUT_IF_FINISHED_1;stopOldSpec_P_OLD_OUT_IF_FINISHED_2;stopOldSpec_P_OLD_TOOL_ORDER_1;stopOldSpec_P_OLD_TOOL_ORDER_2;stopOldSpec_P_POLISH_ONCE_1;stopOldSpec_P_POLISH_ONCE_2,startNewSpec_P_NEW_TOOL_ORDER_2,clean.1;clean.2;drill.1;drill.2;paint.1;paint.2;polish.1;polish.2;stamp.1;stamp.2,stopOldSpec_P_AVOID_STAMPING_1>stopOldSpec_P_AVOID_STAMPING_2>stopOldSpec_P_CLEAN_ONCE_1>stopOldSpec_P_CLEAN_ONCE_2>stopOldSpec_P_DRILL_ONCE_1>stopOldSpec_P_DRILL_ONCE_2>stopOldSpec_P_OLD_OUT_IF_FINISHED_1>stopOldSpec_P_OLD_OUT_IF_FINISHED_2>stopOldSpec_P_OLD_TOOL_ORDER_1>stopOldSpec_P_OLD_TOOL_ORDER_2>stopOldSpec_P_POLISH_ONCE_1>stopOldSpec_P_POLISH_ONCE_2>reconfigure_PRODUCTION_CELL_1>reconfigure_PRODUCTION_CELL_2>startNewSpec_P_AVOID_STAMPING_1>startNewSpec_P_AVOID_STAMPING_2>startNewSpec_P_CLEAN_ONCE_1>startNewSpec_P_CLEAN_ONCE_2>startNewSpec_P_DRILL_ONCE_1>startNewSpec_P_DRILL_ONCE_2>startNewSpec_P_NEW_OUT_IF_FINISHED_1>startNewSpec_P_NEW_OUT_IF_FINISHED_2>startNewSpec_P_NEW_TOOL_ORDER_1>startNewSpec_P_NEW_TOOL_ORDER_2>startNewSpec_P_PAINT_ONCE_1>startNewSpec_P_PAINT_ONCE_2,True,passed,0,54,162,2,False,False,Implementation/Experiment/Models/ProductionCell_Arms=2_FG.lts,254,199,FSE2027_SUBMISSION_20260914/experiments/rs_coverage/raw/expanded-predicates/productioncell_arms2.json,"requirements[target=r1,kind=upd,requirement=R1_OTF_P_NEW_TOOL_ORDER_2]",FSE2027_SUBMISSION_20260914/experiments/rq3_xeon/raw/rq3/runs/productioncell_arms2__r1__rep01__fg_ducs_otf/output.txt,1026,1086,"Implementation/Source Code/maven-root/mtsa/src/main/java/ltsa/updatingControllers/otf/FineGrainedUpdateProblem.java:467-494 (namespace/component alphabets); Implementation/Source Code/maven-root/mtsa/src/main/java/ltsa/updatingControllers/otf/MtsaRevisedOtfDucsAdapter.java:1795-1827,1896-1937 (normal-only endpoints); Implementation/Source Code/maven-root/mtsa/src/main/java/ltsa/updatingControllers/otf/MtsaRevisedOtfDucsAdapter.java:1633-1634,2179-2196 (one boundary step); Implementation/Source Code/maven-root/mtsa/src/main/java/ltsa/updatingControllers/otf/FineGrainedUpdateProblem.java:613-628 (install without another step); Implementation/Source Code/maven-root/mtsa/src/main/java/ltsa/updatingControllers/otf/SafetyTester.java:70-78 (outside-alphabet stutter)",modeled old endpoint; source-audited namespaces/entry; no plant-history enumeration
productioncell_arms2,r1,R1_OTF_P_NEW_OUT_IF_FINISHED_2,PASS,existing entry-scoped E; fresh before one hotSwapIn,"[](AfterStopBeforeStart_P_NEW_OUT_IF_FINISHED_2 -> !{drill[1], polish[1], clean[1], paint[1], stamp[1], drill[2], polish[2], clean[2], paint[2], stamp[2]})",,AfterStopBeforeStart_P_NEW_OUT_IF_FINISHED_2,"<StopOldSpecActions, startNewSpec_P_NEW_OUT_IF_FINISHED_2>",False,stopOldSpec_P_AVOID_STAMPING_1;stopOldSpec_P_AVOID_STAMPING_2;stopOldSpec_P_CLEAN_ONCE_1;stopOldSpec_P_CLEAN_ONCE_2;stopOldSpec_P_DRILL_ONCE_1;stopOldSpec_P_DRILL_ONCE_2;stopOldSpec_P_OLD_OUT_IF_FINISHED_1;stopOldSpec_P_OLD_OUT_IF_FINISHED_2;stopOldSpec_P_OLD_TOOL_ORDER_1;stopOldSpec_P_OLD_TOOL_ORDER_2;stopOldSpec_P_POLISH_ONCE_1;stopOldSpec_P_POLISH_ONCE_2,startNewSpec_P_NEW_OUT_IF_FINISHED_2,clean.1;clean.2;drill.1;drill.2;paint.1;paint.2;polish.1;polish.2;stamp.1;stamp.2,stopOldSpec_P_AVOID_STAMPING_1>stopOldSpec_P_AVOID_STAMPING_2>stopOldSpec_P_CLEAN_ONCE_1>stopOldSpec_P_CLEAN_ONCE_2>stopOldSpec_P_DRILL_ONCE_1>stopOldSpec_P_DRILL_ONCE_2>stopOldSpec_P_OLD_OUT_IF_FINISHED_1>stopOldSpec_P_OLD_OUT_IF_FINISHED_2>stopOldSpec_P_OLD_TOOL_ORDER_1>stopOldSpec_P_OLD_TOOL_ORDER_2>stopOldSpec_P_POLISH_ONCE_1>stopOldSpec_P_POLISH_ONCE_2>reconfigure_PRODUCTION_CELL_1>reconfigure_PRODUCTION_CELL_2>startNewSpec_P_AVOID_STAMPING_1>startNewSpec_P_AVOID_STAMPING_2>startNewSpec_P_CLEAN_ONCE_1>startNewSpec_P_CLEAN_ONCE_2>startNewSpec_P_DRILL_ONCE_1>startNewSpec_P_DRILL_ONCE_2>startNewSpec_P_NEW_OUT_IF_FINISHED_1>startNewSpec_P_NEW_OUT_IF_FINISHED_2>startNewSpec_P_NEW_TOOL_ORDER_1>startNewSpec_P_NEW_TOOL_ORDER_2>startNewSpec_P_PAINT_ONCE_1>startNewSpec_P_PAINT_ONCE_2,True,passed,0,54,162,2,False,False,Implementation/Experiment/Models/ProductionCell_Arms=2_FG.lts,255,200,FSE2027_SUBMISSION_20260914/experiments/rs_coverage/raw/expanded-predicates/productioncell_arms2.json,"requirements[target=r1,kind=upd,requirement=R1_OTF_P_NEW_OUT_IF_FINISHED_2]",FSE2027_SUBMISSION_20260914/experiments/rq3_xeon/raw/rq3/runs/productioncell_arms2__r1__rep01__fg_ducs_otf/output.txt,1026,1086,"Implementation/Source Code/maven-root/mtsa/src/main/java/ltsa/updatingControllers/otf/FineGrainedUpdateProblem.java:467-494 (namespace/component alphabets); Implementation/Source Code/maven-root/mtsa/src/main/java/ltsa/updatingControllers/otf/MtsaRevisedOtfDucsAdapter.java:1795-1827,1896-1937 (normal-only endpoints); Implementation/Source Code/maven-root/mtsa/src/main/java/ltsa/updatingControllers/otf/MtsaRevisedOtfDucsAdapter.java:1633-1634,2179-2196 (one boundary step); Implementation/Source Code/maven-root/mtsa/src/main/java/ltsa/updatingControllers/otf/FineGrainedUpdateProblem.java:613-628 (install without another step); Implementation/Source Code/maven-root/mtsa/src/main/java/ltsa/updatingControllers/otf/SafetyTester.java:70-78 (outside-alphabet stutter)",modeled old endpoint; source-audited namespaces/entry; no plant-history enumeration
productioncell_arms2,r1,R1_OTF_P_DRILL_ONCE_2,PASS,existing entry-scoped E; fresh before one hotSwapIn,"[](AfterStopBeforeStart_P_DRILL_ONCE_2 -> !{drill[1], polish[1], clean[1], paint[1], stamp[1], drill[2], polish[2], clean[2], paint[2], stamp[2]})",,AfterStopBeforeStart_P_DRILL_ONCE_2,"<StopOldSpecActions, startNewSpec_P_DRILL_ONCE_2>",False,stopOldSpec_P_AVOID_STAMPING_1;stopOldSpec_P_AVOID_STAMPING_2;stopOldSpec_P_CLEAN_ONCE_1;stopOldSpec_P_CLEAN_ONCE_2;stopOldSpec_P_DRILL_ONCE_1;stopOldSpec_P_DRILL_ONCE_2;stopOldSpec_P_OLD_OUT_IF_FINISHED_1;stopOldSpec_P_OLD_OUT_IF_FINISHED_2;stopOldSpec_P_OLD_TOOL_ORDER_1;stopOldSpec_P_OLD_TOOL_ORDER_2;stopOldSpec_P_POLISH_ONCE_1;stopOldSpec_P_POLISH_ONCE_2,startNewSpec_P_DRILL_ONCE_2,clean.1;clean.2;drill.1;drill.2;paint.1;paint.2;polish.1;polish.2;stamp.1;stamp.2,stopOldSpec_P_AVOID_STAMPING_1>stopOldSpec_P_AVOID_STAMPING_2>stopOldSpec_P_CLEAN_ONCE_1>stopOldSpec_P_CLEAN_ONCE_2>stopOldSpec_P_DRILL_ONCE_1>stopOldSpec_P_DRILL_ONCE_2>stopOldSpec_P_OLD_OUT_IF_FINISHED_1>stopOldSpec_P_OLD_OUT_IF_FINISHED_2>stopOldSpec_P_OLD_TOOL_ORDER_1>stopOldSpec_P_OLD_TOOL_ORDER_2>stopOldSpec_P_POLISH_ONCE_1>stopOldSpec_P_POLISH_ONCE_2>reconfigure_PRODUCTION_CELL_1>reconfigure_PRODUCTION_CELL_2>startNewSpec_P_AVOID_STAMPING_1>startNewSpec_P_AVOID_STAMPING_2>startNewSpec_P_CLEAN_ONCE_1>startNewSpec_P_CLEAN_ONCE_2>startNewSpec_P_DRILL_ONCE_1>startNewSpec_P_DRILL_ONCE_2>startNewSpec_P_NEW_OUT_IF_FINISHED_1>startNewSpec_P_NEW_OUT_IF_FINISHED_2>startNewSpec_P_NEW_TOOL_ORDER_1>startNewSpec_P_NEW_TOOL_ORDER_2>startNewSpec_P_PAINT_ONCE_1>startNewSpec_P_PAINT_ONCE_2,True,passed,0,54,162,2,False,False,Implementation/Experiment/Models/ProductionCell_Arms=2_FG.lts,256,201,FSE2027_SUBMISSION_20260914/experiments/rs_coverage/raw/expanded-predicates/productioncell_arms2.json,"requirements[target=r1,kind=upd,requirement=R1_OTF_P_DRILL_ONCE_2]",FSE2027_SUBMISSION_20260914/experiments/rq3_xeon/raw/rq3/runs/productioncell_arms2__r1__rep01__fg_ducs_otf/output.txt,1026,1086,"Implementation/Source Code/maven-root/mtsa/src/main/java/ltsa/updatingControllers/otf/FineGrainedUpdateProblem.java:467-494 (namespace/component alphabets); Implementation/Source Code/maven-root/mtsa/src/main/java/ltsa/updatingControllers/otf/MtsaRevisedOtfDucsAdapter.java:1795-1827,1896-1937 (normal-only endpoints); Implementation/Source Code/maven-root/mtsa/src/main/java/ltsa/updatingControllers/otf/MtsaRevisedOtfDucsAdapter.java:1633-1634,2179-2196 (one boundary step); Implementation/Source Code/maven-root/mtsa/src/main/java/ltsa/updatingControllers/otf/FineGrainedUpdateProblem.java:613-628 (install without another step); Implementation/Source Code/maven-root/mtsa/src/main/java/ltsa/updatingControllers/otf/SafetyTester.java:70-78 (outside-alphabet stutter)",modeled old endpoint; source-audited namespaces/entry; no plant-history enumeration
productioncell_arms2,r1,R1_OTF_P_CLEAN_ONCE_2,PASS,existing entry-scoped E; fresh before one hotSwapIn,"[](AfterStopBeforeStart_P_CLEAN_ONCE_2 -> !{drill[1], polish[1], clean[1], paint[1], stamp[1], drill[2], polish[2], clean[2], paint[2], stamp[2]})",,AfterStopBeforeStart_P_CLEAN_ONCE_2,"<StopOldSpecActions, startNewSpec_P_CLEAN_ONCE_2>",False,stopOldSpec_P_AVOID_STAMPING_1;stopOldSpec_P_AVOID_STAMPING_2;stopOldSpec_P_CLEAN_ONCE_1;stopOldSpec_P_CLEAN_ONCE_2;stopOldSpec_P_DRILL_ONCE_1;stopOldSpec_P_DRILL_ONCE_2;stopOldSpec_P_OLD_OUT_IF_FINISHED_1;stopOldSpec_P_OLD_OUT_IF_FINISHED_2;stopOldSpec_P_OLD_TOOL_ORDER_1;stopOldSpec_P_OLD_TOOL_ORDER_2;stopOldSpec_P_POLISH_ONCE_1;stopOldSpec_P_POLISH_ONCE_2,startNewSpec_P_CLEAN_ONCE_2,clean.1;clean.2;drill.1;drill.2;paint.1;paint.2;polish.1;polish.2;stamp.1;stamp.2,stopOldSpec_P_AVOID_STAMPING_1>stopOldSpec_P_AVOID_STAMPING_2>stopOldSpec_P_CLEAN_ONCE_1>stopOldSpec_P_CLEAN_ONCE_2>stopOldSpec_P_DRILL_ONCE_1>stopOldSpec_P_DRILL_ONCE_2>stopOldSpec_P_OLD_OUT_IF_FINISHED_1>stopOldSpec_P_OLD_OUT_IF_FINISHED_2>stopOldSpec_P_OLD_TOOL_ORDER_1>stopOldSpec_P_OLD_TOOL_ORDER_2>stopOldSpec_P_POLISH_ONCE_1>stopOldSpec_P_POLISH_ONCE_2>reconfigure_PRODUCTION_CELL_1>reconfigure_PRODUCTION_CELL_2>startNewSpec_P_AVOID_STAMPING_1>startNewSpec_P_AVOID_STAMPING_2>startNewSpec_P_CLEAN_ONCE_1>startNewSpec_P_CLEAN_ONCE_2>startNewSpec_P_DRILL_ONCE_1>startNewSpec_P_DRILL_ONCE_2>startNewSpec_P_NEW_OUT_IF_FINISHED_1>startNewSpec_P_NEW_OUT_IF_FINISHED_2>startNewSpec_P_NEW_TOOL_ORDER_1>startNewSpec_P_NEW_TOOL_ORDER_2>startNewSpec_P_PAINT_ONCE_1>startNewSpec_P_PAINT_ONCE_2,True,passed,0,54,162,2,False,False,Implementation/Experiment/Models/ProductionCell_Arms=2_FG.lts,257,202,FSE2027_SUBMISSION_20260914/experiments/rs_coverage/raw/expanded-predicates/productioncell_arms2.json,"requirements[target=r1,kind=upd,requirement=R1_OTF_P_CLEAN_ONCE_2]",FSE2027_SUBMISSION_20260914/experiments/rq3_xeon/raw/rq3/runs/productioncell_arms2__r1__rep01__fg_ducs_otf/output.txt,1026,1086,"Implementation/Source Code/maven-root/mtsa/src/main/java/ltsa/updatingControllers/otf/FineGrainedUpdateProblem.java:467-494 (namespace/component alphabets); Implementation/Source Code/maven-root/mtsa/src/main/java/ltsa/updatingControllers/otf/MtsaRevisedOtfDucsAdapter.java:1795-1827,1896-1937 (normal-only endpoints); Implementation/Source Code/maven-root/mtsa/src/main/java/ltsa/updatingControllers/otf/MtsaRevisedOtfDucsAdapter.java:1633-1634,2179-2196 (one boundary step); Implementation/Source Code/maven-root/mtsa/src/main/java/ltsa/updatingControllers/otf/FineGrainedUpdateProblem.java:613-628 (install without another step); Implementation/Source Code/maven-root/mtsa/src/main/java/ltsa/updatingControllers/otf/SafetyTester.java:70-78 (outside-alphabet stutter)",modeled old endpoint; source-audited namespaces/entry; no plant-history enumeration
productioncell_arms2,r1,R1_OTF_P_PAINT_ONCE_2,PASS,existing entry-scoped E; fresh before one hotSwapIn,"[](AfterStopBeforeStart_P_PAINT_ONCE_2 -> !{drill[1], polish[1], clean[1], paint[1], stamp[1], drill[2], polish[2], clean[2], paint[2], stamp[2]})",,AfterStopBeforeStart_P_PAINT_ONCE_2,"<StopOldSpecActions, startNewSpec_P_PAINT_ONCE_2>",False,stopOldSpec_P_AVOID_STAMPING_1;stopOldSpec_P_AVOID_STAMPING_2;stopOldSpec_P_CLEAN_ONCE_1;stopOldSpec_P_CLEAN_ONCE_2;stopOldSpec_P_DRILL_ONCE_1;stopOldSpec_P_DRILL_ONCE_2;stopOldSpec_P_OLD_OUT_IF_FINISHED_1;stopOldSpec_P_OLD_OUT_IF_FINISHED_2;stopOldSpec_P_OLD_TOOL_ORDER_1;stopOldSpec_P_OLD_TOOL_ORDER_2;stopOldSpec_P_POLISH_ONCE_1;stopOldSpec_P_POLISH_ONCE_2,startNewSpec_P_PAINT_ONCE_2,clean.1;clean.2;drill.1;drill.2;paint.1;paint.2;polish.1;polish.2;stamp.1;stamp.2,stopOldSpec_P_AVOID_STAMPING_1>stopOldSpec_P_AVOID_STAMPING_2>stopOldSpec_P_CLEAN_ONCE_1>stopOldSpec_P_CLEAN_ONCE_2>stopOldSpec_P_DRILL_ONCE_1>stopOldSpec_P_DRILL_ONCE_2>stopOldSpec_P_OLD_OUT_IF_FINISHED_1>stopOldSpec_P_OLD_OUT_IF_FINISHED_2>stopOldSpec_P_OLD_TOOL_ORDER_1>stopOldSpec_P_OLD_TOOL_ORDER_2>stopOldSpec_P_POLISH_ONCE_1>stopOldSpec_P_POLISH_ONCE_2>reconfigure_PRODUCTION_CELL_1>reconfigure_PRODUCTION_CELL_2>startNewSpec_P_AVOID_STAMPING_1>startNewSpec_P_AVOID_STAMPING_2>startNewSpec_P_CLEAN_ONCE_1>startNewSpec_P_CLEAN_ONCE_2>startNewSpec_P_DRILL_ONCE_1>startNewSpec_P_DRILL_ONCE_2>startNewSpec_P_NEW_OUT_IF_FINISHED_1>startNewSpec_P_NEW_OUT_IF_FINISHED_2>startNewSpec_P_NEW_TOOL_ORDER_1>startNewSpec_P_NEW_TOOL_ORDER_2>startNewSpec_P_PAINT_ONCE_1>startNewSpec_P_PAINT_ONCE_2,True,passed,0,54,162,2,False,False,Implementation/Experiment/Models/ProductionCell_Arms=2_FG.lts,258,203,FSE2027_SUBMISSION_20260914/experiments/rs_coverage/raw/expanded-predicates/productioncell_arms2.json,"requirements[target=r1,kind=upd,requirement=R1_OTF_P_PAINT_ONCE_2]",FSE2027_SUBMISSION_20260914/experiments/rq3_xeon/raw/rq3/runs/productioncell_arms2__r1__rep01__fg_ducs_otf/output.txt,1026,1086,"Implementation/Source Code/maven-root/mtsa/src/main/java/ltsa/updatingControllers/otf/FineGrainedUpdateProblem.java:467-494 (namespace/component alphabets); Implementation/Source Code/maven-root/mtsa/src/main/java/ltsa/updatingControllers/otf/MtsaRevisedOtfDucsAdapter.java:1795-1827,1896-1937 (normal-only endpoints); Implementation/Source Code/maven-root/mtsa/src/main/java/ltsa/updatingControllers/otf/MtsaRevisedOtfDucsAdapter.java:1633-1634,2179-2196 (one boundary step); Implementation/Source Code/maven-root/mtsa/src/main/java/ltsa/updatingControllers/otf/FineGrainedUpdateProblem.java:613-628 (install without another step); Implementation/Source Code/maven-root/mtsa/src/main/java/ltsa/updatingControllers/otf/SafetyTester.java:70-78 (outside-alphabet stutter)",modeled old endpoint; source-audited namespaces/entry; no plant-history enumeration
productioncell_arms2,r1,R1_OTF_P_AVOID_STAMPING_2,PASS,existing entry-scoped E; fresh before one hotSwapIn,"[](AfterStopBeforeStart_P_AVOID_STAMPING_2 -> !{drill[1], polish[1], clean[1], paint[1], stamp[1], drill[2], polish[2], clean[2], paint[2], stamp[2]})",,AfterStopBeforeStart_P_AVOID_STAMPING_2,"<StopOldSpecActions, startNewSpec_P_AVOID_STAMPING_2>",False,stopOldSpec_P_AVOID_STAMPING_1;stopOldSpec_P_AVOID_STAMPING_2;stopOldSpec_P_CLEAN_ONCE_1;stopOldSpec_P_CLEAN_ONCE_2;stopOldSpec_P_DRILL_ONCE_1;stopOldSpec_P_DRILL_ONCE_2;stopOldSpec_P_OLD_OUT_IF_FINISHED_1;stopOldSpec_P_OLD_OUT_IF_FINISHED_2;stopOldSpec_P_OLD_TOOL_ORDER_1;stopOldSpec_P_OLD_TOOL_ORDER_2;stopOldSpec_P_POLISH_ONCE_1;stopOldSpec_P_POLISH_ONCE_2,startNewSpec_P_AVOID_STAMPING_2,clean.1;clean.2;drill.1;drill.2;paint.1;paint.2;polish.1;polish.2;stamp.1;stamp.2,stopOldSpec_P_AVOID_STAMPING_1>stopOldSpec_P_AVOID_STAMPING_2>stopOldSpec_P_CLEAN_ONCE_1>stopOldSpec_P_CLEAN_ONCE_2>stopOldSpec_P_DRILL_ONCE_1>stopOldSpec_P_DRILL_ONCE_2>stopOldSpec_P_OLD_OUT_IF_FINISHED_1>stopOldSpec_P_OLD_OUT_IF_FINISHED_2>stopOldSpec_P_OLD_TOOL_ORDER_1>stopOldSpec_P_OLD_TOOL_ORDER_2>stopOldSpec_P_POLISH_ONCE_1>stopOldSpec_P_POLISH_ONCE_2>reconfigure_PRODUCTION_CELL_1>reconfigure_PRODUCTION_CELL_2>startNewSpec_P_AVOID_STAMPING_1>startNewSpec_P_AVOID_STAMPING_2>startNewSpec_P_CLEAN_ONCE_1>startNewSpec_P_CLEAN_ONCE_2>startNewSpec_P_DRILL_ONCE_1>startNewSpec_P_DRILL_ONCE_2>startNewSpec_P_NEW_OUT_IF_FINISHED_1>startNewSpec_P_NEW_OUT_IF_FINISHED_2>startNewSpec_P_NEW_TOOL_ORDER_1>startNewSpec_P_NEW_TOOL_ORDER_2>startNewSpec_P_PAINT_ONCE_1>startNewSpec_P_PAINT_ONCE_2,True,passed,0,54,162,2,False,False,Implementation/Experiment/Models/ProductionCell_Arms=2_FG.lts,259,204,FSE2027_SUBMISSION_20260914/experiments/rs_coverage/raw/expanded-predicates/productioncell_arms2.json,"requirements[target=r1,kind=upd,requirement=R1_OTF_P_AVOID_STAMPING_2]",FSE2027_SUBMISSION_20260914/experiments/rq3_xeon/raw/rq3/runs/productioncell_arms2__r1__rep01__fg_ducs_otf/output.txt,1026,1086,"Implementation/Source Code/maven-root/mtsa/src/main/java/ltsa/updatingControllers/otf/FineGrainedUpdateProblem.java:467-494 (namespace/component alphabets); Implementation/Source Code/maven-root/mtsa/src/main/java/ltsa/updatingControllers/otf/MtsaRevisedOtfDucsAdapter.java:1795-1827,1896-1937 (normal-only endpoints); Implementation/Source Code/maven-root/mtsa/src/main/java/ltsa/updatingControllers/otf/MtsaRevisedOtfDucsAdapter.java:1633-1634,2179-2196 (one boundary step); Implementation/Source Code/maven-root/mtsa/src/main/java/ltsa/updatingControllers/otf/FineGrainedUpdateProblem.java:613-628 (install without another step); Implementation/Source Code/maven-root/mtsa/src/main/java/ltsa/updatingControllers/otf/SafetyTester.java:70-78 (outside-alphabet stutter)",modeled old endpoint; source-audited namespaces/entry; no plant-history enumeration
railcab,r1,R1_OTF_P_BRAKE_DURING_LASTBRAKE,PASS,existing entry-scoped E; fresh before one hotSwapIn,"[](AfterStopBeforeStart_P_BRAKE_DURING_LASTBRAKE -> !{requestEnter, brake, emergencyBrake, idle_c, checkCrossingStatus})",,AfterStopBeforeStart_P_BRAKE_DURING_LASTBRAKE,"<StopOldSpecActions, startNewSpec_P_BRAKE_DURING_LASTBRAKE>",False,stopOldSpec_P_BRAKE_DURING_LASTBRAKE;stopOldSpec_P_BRAKE_ONLY_IF_IM_NOT_ALLOWED;stopOldSpec_P_EBRAKE_DURING_ELASTBRAKE;stopOldSpec_P_EBRAKE_ONLY_IF_IM_NOT_ALLOWED;stopOldSpec_P_NOT_CRASH,startNewSpec_P_BRAKE_DURING_LASTBRAKE,brake;checkCrossingStatus;emergencyBrake;idle_c;requestEnter,stopOldSpec_P_BRAKE_DURING_LASTBRAKE>stopOldSpec_P_BRAKE_ONLY_IF_IM_NOT_ALLOWED>stopOldSpec_P_EBRAKE_DURING_ELASTBRAKE>stopOldSpec_P_EBRAKE_ONLY_IF_IM_NOT_ALLOWED>stopOldSpec_P_NOT_CRASH>reconfigure_ANOTHER_REQUEST>reconfigure_MILESTONES>reconfigure_REQUEST_ATOMIC>reconfigure_TURNS>startNewSpec_P_BRAKE_DURING_LASTBRAKE>startNewSpec_P_BRAKE_IF_SOMETHING_BAD>startNewSpec_P_CHECK_STATUS_AFTER_APPROACHING_CROSSING>startNewSpec_P_CHECK_STATUS_BEFORE_LAST_EMERGENCY_BRAKE>startNewSpec_P_EBRAKE_DURING_ELASTBRAKE>startNewSpec_P_EBRAKE_IF_SOMETHING_BAD>startNewSpec_P_NEW_NOT_CRASH,True,passed,0,29,87,2,False,False,Implementation/Experiment/Models/Railcab_FG.lts,192,157,FSE2027_SUBMISSION_20260914/experiments/rs_coverage/raw/expanded-predicates/railcab.json,"requirements[target=r1,kind=upd,requirement=R1_OTF_P_BRAKE_DURING_LASTBRAKE]",FSE2027_SUBMISSION_20260914/experiments/rq3_xeon/raw/rq3/runs/railcab__r1__rep01__fg_ducs_otf/output.txt,780,848,"Implementation/Source Code/maven-root/mtsa/src/main/java/ltsa/updatingControllers/otf/FineGrainedUpdateProblem.java:467-494 (namespace/component alphabets); Implementation/Source Code/maven-root/mtsa/src/main/java/ltsa/updatingControllers/otf/MtsaRevisedOtfDucsAdapter.java:1795-1827,1896-1937 (normal-only endpoints); Implementation/Source Code/maven-root/mtsa/src/main/java/ltsa/updatingControllers/otf/MtsaRevisedOtfDucsAdapter.java:1633-1634,2179-2196 (one boundary step); Implementation/Source Code/maven-root/mtsa/src/main/java/ltsa/updatingControllers/otf/FineGrainedUpdateProblem.java:613-628 (install without another step); Implementation/Source Code/maven-root/mtsa/src/main/java/ltsa/updatingControllers/otf/SafetyTester.java:70-78 (outside-alphabet stutter)",modeled old endpoint; source-audited namespaces/entry; no plant-history enumeration
railcab,r1,R1_OTF_P_EBRAKE_DURING_ELASTBRAKE,PASS,existing entry-scoped E; fresh before one hotSwapIn,"[](AfterStopBeforeStart_P_EBRAKE_DURING_ELASTBRAKE -> !{requestEnter, brake, emergencyBrake, idle_c, checkCrossingStatus})",,AfterStopBeforeStart_P_EBRAKE_DURING_ELASTBRAKE,"<StopOldSpecActions, startNewSpec_P_EBRAKE_DURING_ELASTBRAKE>",False,stopOldSpec_P_BRAKE_DURING_LASTBRAKE;stopOldSpec_P_BRAKE_ONLY_IF_IM_NOT_ALLOWED;stopOldSpec_P_EBRAKE_DURING_ELASTBRAKE;stopOldSpec_P_EBRAKE_ONLY_IF_IM_NOT_ALLOWED;stopOldSpec_P_NOT_CRASH,startNewSpec_P_EBRAKE_DURING_ELASTBRAKE,brake;checkCrossingStatus;emergencyBrake;idle_c;requestEnter,stopOldSpec_P_BRAKE_DURING_LASTBRAKE>stopOldSpec_P_BRAKE_ONLY_IF_IM_NOT_ALLOWED>stopOldSpec_P_EBRAKE_DURING_ELASTBRAKE>stopOldSpec_P_EBRAKE_ONLY_IF_IM_NOT_ALLOWED>stopOldSpec_P_NOT_CRASH>reconfigure_ANOTHER_REQUEST>reconfigure_MILESTONES>reconfigure_REQUEST_ATOMIC>reconfigure_TURNS>startNewSpec_P_BRAKE_DURING_LASTBRAKE>startNewSpec_P_BRAKE_IF_SOMETHING_BAD>startNewSpec_P_CHECK_STATUS_AFTER_APPROACHING_CROSSING>startNewSpec_P_CHECK_STATUS_BEFORE_LAST_EMERGENCY_BRAKE>startNewSpec_P_EBRAKE_DURING_ELASTBRAKE>startNewSpec_P_EBRAKE_IF_SOMETHING_BAD>startNewSpec_P_NEW_NOT_CRASH,True,passed,0,29,87,2,False,False,Implementation/Experiment/Models/Railcab_FG.lts,193,158,FSE2027_SUBMISSION_20260914/experiments/rs_coverage/raw/expanded-predicates/railcab.json,"requirements[target=r1,kind=upd,requirement=R1_OTF_P_EBRAKE_DURING_ELASTBRAKE]",FSE2027_SUBMISSION_20260914/experiments/rq3_xeon/raw/rq3/runs/railcab__r1__rep01__fg_ducs_otf/output.txt,780,848,"Implementation/Source Code/maven-root/mtsa/src/main/java/ltsa/updatingControllers/otf/FineGrainedUpdateProblem.java:467-494 (namespace/component alphabets); Implementation/Source Code/maven-root/mtsa/src/main/java/ltsa/updatingControllers/otf/MtsaRevisedOtfDucsAdapter.java:1795-1827,1896-1937 (normal-only endpoints); Implementation/Source Code/maven-root/mtsa/src/main/java/ltsa/updatingControllers/otf/MtsaRevisedOtfDucsAdapter.java:1633-1634,2179-2196 (one boundary step); Implementation/Source Code/maven-root/mtsa/src/main/java/ltsa/updatingControllers/otf/FineGrainedUpdateProblem.java:613-628 (install without another step); Implementation/Source Code/maven-root/mtsa/src/main/java/ltsa/updatingControllers/otf/SafetyTester.java:70-78 (outside-alphabet stutter)",modeled old endpoint; source-audited namespaces/entry; no plant-history enumeration
railcab,r1,R1_OTF_P_NEW_NOT_CRASH,PASS,existing entry-scoped E; fresh before one hotSwapIn,"[](AfterStopBeforeStart_P_NEW_NOT_CRASH -> !{requestEnter, brake, emergencyBrake, idle_c, checkCrossingStatus})",,AfterStopBeforeStart_P_NEW_NOT_CRASH,"<StopOldSpecActions, startNewSpec_P_NEW_NOT_CRASH>",False,stopOldSpec_P_BRAKE_DURING_LASTBRAKE;stopOldSpec_P_BRAKE_ONLY_IF_IM_NOT_ALLOWED;stopOldSpec_P_EBRAKE_DURING_ELASTBRAKE;stopOldSpec_P_EBRAKE_ONLY_IF_IM_NOT_ALLOWED;stopOldSpec_P_NOT_CRASH,startNewSpec_P_NEW_NOT_CRASH,brake;checkCrossingStatus;emergencyBrake;idle_c;requestEnter,stopOldSpec_P_BRAKE_DURING_LASTBRAKE>stopOldSpec_P_BRAKE_ONLY_IF_IM_NOT_ALLOWED>stopOldSpec_P_EBRAKE_DURING_ELASTBRAKE>stopOldSpec_P_EBRAKE_ONLY_IF_IM_NOT_ALLOWED>stopOldSpec_P_NOT_CRASH>reconfigure_ANOTHER_REQUEST>reconfigure_MILESTONES>reconfigure_REQUEST_ATOMIC>reconfigure_TURNS>startNewSpec_P_BRAKE_DURING_LASTBRAKE>startNewSpec_P_BRAKE_IF_SOMETHING_BAD>startNewSpec_P_CHECK_STATUS_AFTER_APPROACHING_CROSSING>startNewSpec_P_CHECK_STATUS_BEFORE_LAST_EMERGENCY_BRAKE>startNewSpec_P_EBRAKE_DURING_ELASTBRAKE>startNewSpec_P_EBRAKE_IF_SOMETHING_BAD>startNewSpec_P_NEW_NOT_CRASH,True,passed,0,29,87,2,False,False,Implementation/Experiment/Models/Railcab_FG.lts,194,159,FSE2027_SUBMISSION_20260914/experiments/rs_coverage/raw/expanded-predicates/railcab.json,"requirements[target=r1,kind=upd,requirement=R1_OTF_P_NEW_NOT_CRASH]",FSE2027_SUBMISSION_20260914/experiments/rq3_xeon/raw/rq3/runs/railcab__r1__rep01__fg_ducs_otf/output.txt,780,848,"Implementation/Source Code/maven-root/mtsa/src/main/java/ltsa/updatingControllers/otf/FineGrainedUpdateProblem.java:467-494 (namespace/component alphabets); Implementation/Source Code/maven-root/mtsa/src/main/java/ltsa/updatingControllers/otf/MtsaRevisedOtfDucsAdapter.java:1795-1827,1896-1937 (normal-only endpoints); Implementation/Source Code/maven-root/mtsa/src/main/java/ltsa/updatingControllers/otf/MtsaRevisedOtfDucsAdapter.java:1633-1634,2179-2196 (one boundary step); Implementation/Source Code/maven-root/mtsa/src/main/java/ltsa/updatingControllers/otf/FineGrainedUpdateProblem.java:613-628 (install without another step); Implementation/Source Code/maven-root/mtsa/src/main/java/ltsa/updatingControllers/otf/SafetyTester.java:70-78 (outside-alphabet stutter)",modeled old endpoint; source-audited namespaces/entry; no plant-history enumeration
railcab,r1,R1_OTF_P_CHECK_STATUS_BEFORE_LAST_EMERGENCY_BRAKE,PASS,existing entry-scoped E; fresh before one hotSwapIn,"[](AfterStopBeforeStart_P_CHECK_STATUS_BEFORE_LAST_EMERGENCY_BRAKE -> !{requestEnter, brake, emergencyBrake, idle_c, checkCrossingStatus})",,AfterStopBeforeStart_P_CHECK_STATUS_BEFORE_LAST_EMERGENCY_BRAKE,"<StopOldSpecActions, startNewSpec_P_CHECK_STATUS_BEFORE_LAST_EMERGENCY_BRAKE>",False,stopOldSpec_P_BRAKE_DURING_LASTBRAKE;stopOldSpec_P_BRAKE_ONLY_IF_IM_NOT_ALLOWED;stopOldSpec_P_EBRAKE_DURING_ELASTBRAKE;stopOldSpec_P_EBRAKE_ONLY_IF_IM_NOT_ALLOWED;stopOldSpec_P_NOT_CRASH,startNewSpec_P_CHECK_STATUS_BEFORE_LAST_EMERGENCY_BRAKE,brake;checkCrossingStatus;emergencyBrake;idle_c;requestEnter,stopOldSpec_P_BRAKE_DURING_LASTBRAKE>stopOldSpec_P_BRAKE_ONLY_IF_IM_NOT_ALLOWED>stopOldSpec_P_EBRAKE_DURING_ELASTBRAKE>stopOldSpec_P_EBRAKE_ONLY_IF_IM_NOT_ALLOWED>stopOldSpec_P_NOT_CRASH>reconfigure_ANOTHER_REQUEST>reconfigure_MILESTONES>reconfigure_REQUEST_ATOMIC>reconfigure_TURNS>startNewSpec_P_BRAKE_DURING_LASTBRAKE>startNewSpec_P_BRAKE_IF_SOMETHING_BAD>startNewSpec_P_CHECK_STATUS_AFTER_APPROACHING_CROSSING>startNewSpec_P_CHECK_STATUS_BEFORE_LAST_EMERGENCY_BRAKE>startNewSpec_P_EBRAKE_DURING_ELASTBRAKE>startNewSpec_P_EBRAKE_IF_SOMETHING_BAD>startNewSpec_P_NEW_NOT_CRASH,True,passed,0,29,87,2,False,False,Implementation/Experiment/Models/Railcab_FG.lts,195,160,FSE2027_SUBMISSION_20260914/experiments/rs_coverage/raw/expanded-predicates/railcab.json,"requirements[target=r1,kind=upd,requirement=R1_OTF_P_CHECK_STATUS_BEFORE_LAST_EMERGENCY_BRAKE]",FSE2027_SUBMISSION_20260914/experiments/rq3_xeon/raw/rq3/runs/railcab__r1__rep01__fg_ducs_otf/output.txt,780,848,"Implementation/Source Code/maven-root/mtsa/src/main/java/ltsa/updatingControllers/otf/FineGrainedUpdateProblem.java:467-494 (namespace/component alphabets); Implementation/Source Code/maven-root/mtsa/src/main/java/ltsa/updatingControllers/otf/MtsaRevisedOtfDucsAdapter.java:1795-1827,1896-1937 (normal-only endpoints); Implementation/Source Code/maven-root/mtsa/src/main/java/ltsa/updatingControllers/otf/MtsaRevisedOtfDucsAdapter.java:1633-1634,2179-2196 (one boundary step); Implementation/Source Code/maven-root/mtsa/src/main/java/ltsa/updatingControllers/otf/FineGrainedUpdateProblem.java:613-628 (install without another step); Implementation/Source Code/maven-root/mtsa/src/main/java/ltsa/updatingControllers/otf/SafetyTester.java:70-78 (outside-alphabet stutter)",modeled old endpoint; source-audited namespaces/entry; no plant-history enumeration
railcab,r1,R1_OTF_P_BRAKE_IF_SOMETHING_BAD,PASS,existing entry-scoped E; fresh before one hotSwapIn,"[](AfterStopBeforeStart_P_BRAKE_IF_SOMETHING_BAD -> !{requestEnter, brake, emergencyBrake, idle_c, checkCrossingStatus})",,AfterStopBeforeStart_P_BRAKE_IF_SOMETHING_BAD,"<StopOldSpecActions, startNewSpec_P_BRAKE_IF_SOMETHING_BAD>",False,stopOldSpec_P_BRAKE_DURING_LASTBRAKE;stopOldSpec_P_BRAKE_ONLY_IF_IM_NOT_ALLOWED;stopOldSpec_P_EBRAKE_DURING_ELASTBRAKE;stopOldSpec_P_EBRAKE_ONLY_IF_IM_NOT_ALLOWED;stopOldSpec_P_NOT_CRASH,startNewSpec_P_BRAKE_IF_SOMETHING_BAD,brake;checkCrossingStatus;emergencyBrake;idle_c;requestEnter,stopOldSpec_P_BRAKE_DURING_LASTBRAKE>stopOldSpec_P_BRAKE_ONLY_IF_IM_NOT_ALLOWED>stopOldSpec_P_EBRAKE_DURING_ELASTBRAKE>stopOldSpec_P_EBRAKE_ONLY_IF_IM_NOT_ALLOWED>stopOldSpec_P_NOT_CRASH>reconfigure_ANOTHER_REQUEST>reconfigure_MILESTONES>reconfigure_REQUEST_ATOMIC>reconfigure_TURNS>startNewSpec_P_BRAKE_DURING_LASTBRAKE>startNewSpec_P_BRAKE_IF_SOMETHING_BAD>startNewSpec_P_CHECK_STATUS_AFTER_APPROACHING_CROSSING>startNewSpec_P_CHECK_STATUS_BEFORE_LAST_EMERGENCY_BRAKE>startNewSpec_P_EBRAKE_DURING_ELASTBRAKE>startNewSpec_P_EBRAKE_IF_SOMETHING_BAD>startNewSpec_P_NEW_NOT_CRASH,True,passed,0,29,87,2,False,False,Implementation/Experiment/Models/Railcab_FG.lts,196,161,FSE2027_SUBMISSION_20260914/experiments/rs_coverage/raw/expanded-predicates/railcab.json,"requirements[target=r1,kind=upd,requirement=R1_OTF_P_BRAKE_IF_SOMETHING_BAD]",FSE2027_SUBMISSION_20260914/experiments/rq3_xeon/raw/rq3/runs/railcab__r1__rep01__fg_ducs_otf/output.txt,780,848,"Implementation/Source Code/maven-root/mtsa/src/main/java/ltsa/updatingControllers/otf/FineGrainedUpdateProblem.java:467-494 (namespace/component alphabets); Implementation/Source Code/maven-root/mtsa/src/main/java/ltsa/updatingControllers/otf/MtsaRevisedOtfDucsAdapter.java:1795-1827,1896-1937 (normal-only endpoints); Implementation/Source Code/maven-root/mtsa/src/main/java/ltsa/updatingControllers/otf/MtsaRevisedOtfDucsAdapter.java:1633-1634,2179-2196 (one boundary step); Implementation/Source Code/maven-root/mtsa/src/main/java/ltsa/updatingControllers/otf/FineGrainedUpdateProblem.java:613-628 (install without another step); Implementation/Source Code/maven-root/mtsa/src/main/java/ltsa/updatingControllers/otf/SafetyTester.java:70-78 (outside-alphabet stutter)",modeled old endpoint; source-audited namespaces/entry; no plant-history enumeration
railcab,r1,R1_OTF_P_EBRAKE_IF_SOMETHING_BAD,PASS,existing entry-scoped E; fresh before one hotSwapIn,"[](AfterStopBeforeStart_P_EBRAKE_IF_SOMETHING_BAD -> !{requestEnter, brake, emergencyBrake, idle_c, checkCrossingStatus})",,AfterStopBeforeStart_P_EBRAKE_IF_SOMETHING_BAD,"<StopOldSpecActions, startNewSpec_P_EBRAKE_IF_SOMETHING_BAD>",False,stopOldSpec_P_BRAKE_DURING_LASTBRAKE;stopOldSpec_P_BRAKE_ONLY_IF_IM_NOT_ALLOWED;stopOldSpec_P_EBRAKE_DURING_ELASTBRAKE;stopOldSpec_P_EBRAKE_ONLY_IF_IM_NOT_ALLOWED;stopOldSpec_P_NOT_CRASH,startNewSpec_P_EBRAKE_IF_SOMETHING_BAD,brake;checkCrossingStatus;emergencyBrake;idle_c;requestEnter,stopOldSpec_P_BRAKE_DURING_LASTBRAKE>stopOldSpec_P_BRAKE_ONLY_IF_IM_NOT_ALLOWED>stopOldSpec_P_EBRAKE_DURING_ELASTBRAKE>stopOldSpec_P_EBRAKE_ONLY_IF_IM_NOT_ALLOWED>stopOldSpec_P_NOT_CRASH>reconfigure_ANOTHER_REQUEST>reconfigure_MILESTONES>reconfigure_REQUEST_ATOMIC>reconfigure_TURNS>startNewSpec_P_BRAKE_DURING_LASTBRAKE>startNewSpec_P_BRAKE_IF_SOMETHING_BAD>startNewSpec_P_CHECK_STATUS_AFTER_APPROACHING_CROSSING>startNewSpec_P_CHECK_STATUS_BEFORE_LAST_EMERGENCY_BRAKE>startNewSpec_P_EBRAKE_DURING_ELASTBRAKE>startNewSpec_P_EBRAKE_IF_SOMETHING_BAD>startNewSpec_P_NEW_NOT_CRASH,True,passed,0,29,87,2,False,False,Implementation/Experiment/Models/Railcab_FG.lts,197,162,FSE2027_SUBMISSION_20260914/experiments/rs_coverage/raw/expanded-predicates/railcab.json,"requirements[target=r1,kind=upd,requirement=R1_OTF_P_EBRAKE_IF_SOMETHING_BAD]",FSE2027_SUBMISSION_20260914/experiments/rq3_xeon/raw/rq3/runs/railcab__r1__rep01__fg_ducs_otf/output.txt,780,848,"Implementation/Source Code/maven-root/mtsa/src/main/java/ltsa/updatingControllers/otf/FineGrainedUpdateProblem.java:467-494 (namespace/component alphabets); Implementation/Source Code/maven-root/mtsa/src/main/java/ltsa/updatingControllers/otf/MtsaRevisedOtfDucsAdapter.java:1795-1827,1896-1937 (normal-only endpoints); Implementation/Source Code/maven-root/mtsa/src/main/java/ltsa/updatingControllers/otf/MtsaRevisedOtfDucsAdapter.java:1633-1634,2179-2196 (one boundary step); Implementation/Source Code/maven-root/mtsa/src/main/java/ltsa/updatingControllers/otf/FineGrainedUpdateProblem.java:613-628 (install without another step); Implementation/Source Code/maven-root/mtsa/src/main/java/ltsa/updatingControllers/otf/SafetyTester.java:70-78 (outside-alphabet stutter)",modeled old endpoint; source-audited namespaces/entry; no plant-history enumeration
railcab,r1,R1_OTF_P_CHECK_STATUS_AFTER_APPROACHING_CROSSING,PASS,existing entry-scoped E; fresh before one hotSwapIn,"[](AfterStopBeforeStart_P_CHECK_STATUS_AFTER_APPROACHING_CROSSING -> !{requestEnter, brake, emergencyBrake, idle_c, checkCrossingStatus})",,AfterStopBeforeStart_P_CHECK_STATUS_AFTER_APPROACHING_CROSSING,"<StopOldSpecActions, startNewSpec_P_CHECK_STATUS_AFTER_APPROACHING_CROSSING>",False,stopOldSpec_P_BRAKE_DURING_LASTBRAKE;stopOldSpec_P_BRAKE_ONLY_IF_IM_NOT_ALLOWED;stopOldSpec_P_EBRAKE_DURING_ELASTBRAKE;stopOldSpec_P_EBRAKE_ONLY_IF_IM_NOT_ALLOWED;stopOldSpec_P_NOT_CRASH,startNewSpec_P_CHECK_STATUS_AFTER_APPROACHING_CROSSING,brake;checkCrossingStatus;emergencyBrake;idle_c;requestEnter,stopOldSpec_P_BRAKE_DURING_LASTBRAKE>stopOldSpec_P_BRAKE_ONLY_IF_IM_NOT_ALLOWED>stopOldSpec_P_EBRAKE_DURING_ELASTBRAKE>stopOldSpec_P_EBRAKE_ONLY_IF_IM_NOT_ALLOWED>stopOldSpec_P_NOT_CRASH>reconfigure_ANOTHER_REQUEST>reconfigure_MILESTONES>reconfigure_REQUEST_ATOMIC>reconfigure_TURNS>startNewSpec_P_BRAKE_DURING_LASTBRAKE>startNewSpec_P_BRAKE_IF_SOMETHING_BAD>startNewSpec_P_CHECK_STATUS_AFTER_APPROACHING_CROSSING>startNewSpec_P_CHECK_STATUS_BEFORE_LAST_EMERGENCY_BRAKE>startNewSpec_P_EBRAKE_DURING_ELASTBRAKE>startNewSpec_P_EBRAKE_IF_SOMETHING_BAD>startNewSpec_P_NEW_NOT_CRASH,True,passed,0,29,87,2,False,False,Implementation/Experiment/Models/Railcab_FG.lts,198,163,FSE2027_SUBMISSION_20260914/experiments/rs_coverage/raw/expanded-predicates/railcab.json,"requirements[target=r1,kind=upd,requirement=R1_OTF_P_CHECK_STATUS_AFTER_APPROACHING_CROSSING]",FSE2027_SUBMISSION_20260914/experiments/rq3_xeon/raw/rq3/runs/railcab__r1__rep01__fg_ducs_otf/output.txt,780,848,"Implementation/Source Code/maven-root/mtsa/src/main/java/ltsa/updatingControllers/otf/FineGrainedUpdateProblem.java:467-494 (namespace/component alphabets); Implementation/Source Code/maven-root/mtsa/src/main/java/ltsa/updatingControllers/otf/MtsaRevisedOtfDucsAdapter.java:1795-1827,1896-1937 (normal-only endpoints); Implementation/Source Code/maven-root/mtsa/src/main/java/ltsa/updatingControllers/otf/MtsaRevisedOtfDucsAdapter.java:1633-1634,2179-2196 (one boundary step); Implementation/Source Code/maven-root/mtsa/src/main/java/ltsa/updatingControllers/otf/FineGrainedUpdateProblem.java:613-628 (install without another step); Implementation/Source Code/maven-root/mtsa/src/main/java/ltsa/updatingControllers/otf/SafetyTester.java:70-78 (outside-alphabet stutter)",modeled old endpoint; source-audited namespaces/entry; no plant-history enumeration
surveillance,r1,R1_OTF_P_ALWAYS_FLY_LOW,PASS,existing entry-scoped E; fresh before one hotSwapIn,"[](AfterStopBeforeStart_P_ALWAYS_FLY_LOW -> !{return2base, move, low, mid, high, scan, picture, takeoff, follow})",,AfterStopBeforeStart_P_ALWAYS_FLY_LOW,"<StopOldSpecActions, startNewSpec_P_ALWAYS_FLY_LOW>",False,stopOldSpec_P_ALWAYS_FLY_HIGH;stopOldSpec_P_BATTERY_SAFETY_OLD;stopOldSpec_P_DETECTED_ACTIONS;stopOldSpec_P_DONT_PICTURE_TWICE;stopOldSpec_P_DONT_SCAN_TWICE;stopOldSpec_P_HIGH_PRIORITY_TO_MISSION;stopOldSpec_P_HOW_TO_MOVE,startNewSpec_P_ALWAYS_FLY_LOW,follow;high;low;mid;move;picture;return2base;scan;takeoff,stopOldSpec_P_ALWAYS_FLY_HIGH>stopOldSpec_P_BATTERY_SAFETY_OLD>stopOldSpec_P_DETECTED_ACTIONS>stopOldSpec_P_DONT_PICTURE_TWICE>stopOldSpec_P_DONT_SCAN_TWICE>stopOldSpec_P_HIGH_PRIORITY_TO_MISSION>stopOldSpec_P_HOW_TO_MOVE>reconfigure_BATTERY_COUNTER>reconfigure_MISSION>startNewSpec_P_ALWAYS_FLY_LOW>startNewSpec_P_BATTERY_SAFETY_NEW>startNewSpec_P_DONT_SCAN_TWICE>startNewSpec_P_FOLLOWING_ACTIONS>startNewSpec_P_HIGH_PRIORITY_TO_MISSION>startNewSpec_P_NEW_HOW_TO_MOVE>startNewSpec_P_NO_FOLLOW_BEFORE_SCAN,True,passed,0,32,96,2,False,False,Implementation/Experiment/Models/Surveillance_FG.lts,199,161,FSE2027_SUBMISSION_20260914/experiments/rs_coverage/raw/expanded-predicates/surveillance.json,"requirements[target=r1,kind=upd,requirement=R1_OTF_P_ALWAYS_FLY_LOW]",FSE2027_SUBMISSION_20260914/experiments/rq3_xeon/raw/rq3/runs/surveillance__r1__rep01__fg_ducs_otf/output.txt,786,846,"Implementation/Source Code/maven-root/mtsa/src/main/java/ltsa/updatingControllers/otf/FineGrainedUpdateProblem.java:467-494 (namespace/component alphabets); Implementation/Source Code/maven-root/mtsa/src/main/java/ltsa/updatingControllers/otf/MtsaRevisedOtfDucsAdapter.java:1795-1827,1896-1937 (normal-only endpoints); Implementation/Source Code/maven-root/mtsa/src/main/java/ltsa/updatingControllers/otf/MtsaRevisedOtfDucsAdapter.java:1633-1634,2179-2196 (one boundary step); Implementation/Source Code/maven-root/mtsa/src/main/java/ltsa/updatingControllers/otf/FineGrainedUpdateProblem.java:613-628 (install without another step); Implementation/Source Code/maven-root/mtsa/src/main/java/ltsa/updatingControllers/otf/SafetyTester.java:70-78 (outside-alphabet stutter)",modeled old endpoint; source-audited namespaces/entry; no plant-history enumeration
surveillance,r1,R1_OTF_P_FOLLOWING_ACTIONS,PASS,existing entry-scoped E; fresh before one hotSwapIn,"[](AfterStopBeforeStart_P_FOLLOWING_ACTIONS -> !{return2base, move, low, mid, high, scan, picture, takeoff, follow})",,AfterStopBeforeStart_P_FOLLOWING_ACTIONS,"<StopOldSpecActions, startNewSpec_P_FOLLOWING_ACTIONS>",False,stopOldSpec_P_ALWAYS_FLY_HIGH;stopOldSpec_P_BATTERY_SAFETY_OLD;stopOldSpec_P_DETECTED_ACTIONS;stopOldSpec_P_DONT_PICTURE_TWICE;stopOldSpec_P_DONT_SCAN_TWICE;stopOldSpec_P_HIGH_PRIORITY_TO_MISSION;stopOldSpec_P_HOW_TO_MOVE,startNewSpec_P_FOLLOWING_ACTIONS,follow;high;low;mid;move;picture;return2base;scan;takeoff,stopOldSpec_P_ALWAYS_FLY_HIGH>stopOldSpec_P_BATTERY_SAFETY_OLD>stopOldSpec_P_DETECTED_ACTIONS>stopOldSpec_P_DONT_PICTURE_TWICE>stopOldSpec_P_DONT_SCAN_TWICE>stopOldSpec_P_HIGH_PRIORITY_TO_MISSION>stopOldSpec_P_HOW_TO_MOVE>reconfigure_BATTERY_COUNTER>reconfigure_MISSION>startNewSpec_P_ALWAYS_FLY_LOW>startNewSpec_P_BATTERY_SAFETY_NEW>startNewSpec_P_DONT_SCAN_TWICE>startNewSpec_P_FOLLOWING_ACTIONS>startNewSpec_P_HIGH_PRIORITY_TO_MISSION>startNewSpec_P_NEW_HOW_TO_MOVE>startNewSpec_P_NO_FOLLOW_BEFORE_SCAN,True,passed,0,32,96,2,False,False,Implementation/Experiment/Models/Surveillance_FG.lts,200,162,FSE2027_SUBMISSION_20260914/experiments/rs_coverage/raw/expanded-predicates/surveillance.json,"requirements[target=r1,kind=upd,requirement=R1_OTF_P_FOLLOWING_ACTIONS]",FSE2027_SUBMISSION_20260914/experiments/rq3_xeon/raw/rq3/runs/surveillance__r1__rep01__fg_ducs_otf/output.txt,786,846,"Implementation/Source Code/maven-root/mtsa/src/main/java/ltsa/updatingControllers/otf/FineGrainedUpdateProblem.java:467-494 (namespace/component alphabets); Implementation/Source Code/maven-root/mtsa/src/main/java/ltsa/updatingControllers/otf/MtsaRevisedOtfDucsAdapter.java:1795-1827,1896-1937 (normal-only endpoints); Implementation/Source Code/maven-root/mtsa/src/main/java/ltsa/updatingControllers/otf/MtsaRevisedOtfDucsAdapter.java:1633-1634,2179-2196 (one boundary step); Implementation/Source Code/maven-root/mtsa/src/main/java/ltsa/updatingControllers/otf/FineGrainedUpdateProblem.java:613-628 (install without another step); Implementation/Source Code/maven-root/mtsa/src/main/java/ltsa/updatingControllers/otf/SafetyTester.java:70-78 (outside-alphabet stutter)",modeled old endpoint; source-audited namespaces/entry; no plant-history enumeration
surveillance,r1,R1_OTF_P_NO_FOLLOW_BEFORE_SCAN,PASS,existing entry-scoped E; fresh before one hotSwapIn,"[](AfterStopBeforeStart_P_NO_FOLLOW_BEFORE_SCAN -> !{return2base, move, low, mid, high, scan, picture, takeoff, follow})",,AfterStopBeforeStart_P_NO_FOLLOW_BEFORE_SCAN,"<StopOldSpecActions, startNewSpec_P_NO_FOLLOW_BEFORE_SCAN>",False,stopOldSpec_P_ALWAYS_FLY_HIGH;stopOldSpec_P_BATTERY_SAFETY_OLD;stopOldSpec_P_DETECTED_ACTIONS;stopOldSpec_P_DONT_PICTURE_TWICE;stopOldSpec_P_DONT_SCAN_TWICE;stopOldSpec_P_HIGH_PRIORITY_TO_MISSION;stopOldSpec_P_HOW_TO_MOVE,startNewSpec_P_NO_FOLLOW_BEFORE_SCAN,follow;high;low;mid;move;picture;return2base;scan;takeoff,stopOldSpec_P_ALWAYS_FLY_HIGH>stopOldSpec_P_BATTERY_SAFETY_OLD>stopOldSpec_P_DETECTED_ACTIONS>stopOldSpec_P_DONT_PICTURE_TWICE>stopOldSpec_P_DONT_SCAN_TWICE>stopOldSpec_P_HIGH_PRIORITY_TO_MISSION>stopOldSpec_P_HOW_TO_MOVE>reconfigure_BATTERY_COUNTER>reconfigure_MISSION>startNewSpec_P_ALWAYS_FLY_LOW>startNewSpec_P_BATTERY_SAFETY_NEW>startNewSpec_P_DONT_SCAN_TWICE>startNewSpec_P_FOLLOWING_ACTIONS>startNewSpec_P_HIGH_PRIORITY_TO_MISSION>startNewSpec_P_NEW_HOW_TO_MOVE>startNewSpec_P_NO_FOLLOW_BEFORE_SCAN,True,passed,0,32,96,2,False,False,Implementation/Experiment/Models/Surveillance_FG.lts,201,163,FSE2027_SUBMISSION_20260914/experiments/rs_coverage/raw/expanded-predicates/surveillance.json,"requirements[target=r1,kind=upd,requirement=R1_OTF_P_NO_FOLLOW_BEFORE_SCAN]",FSE2027_SUBMISSION_20260914/experiments/rq3_xeon/raw/rq3/runs/surveillance__r1__rep01__fg_ducs_otf/output.txt,786,846,"Implementation/Source Code/maven-root/mtsa/src/main/java/ltsa/updatingControllers/otf/FineGrainedUpdateProblem.java:467-494 (namespace/component alphabets); Implementation/Source Code/maven-root/mtsa/src/main/java/ltsa/updatingControllers/otf/MtsaRevisedOtfDucsAdapter.java:1795-1827,1896-1937 (normal-only endpoints); Implementation/Source Code/maven-root/mtsa/src/main/java/ltsa/updatingControllers/otf/MtsaRevisedOtfDucsAdapter.java:1633-1634,2179-2196 (one boundary step); Implementation/Source Code/maven-root/mtsa/src/main/java/ltsa/updatingControllers/otf/FineGrainedUpdateProblem.java:613-628 (install without another step); Implementation/Source Code/maven-root/mtsa/src/main/java/ltsa/updatingControllers/otf/SafetyTester.java:70-78 (outside-alphabet stutter)",modeled old endpoint; source-audited namespaces/entry; no plant-history enumeration
surveillance,r1,R1_OTF_P_HIGH_PRIORITY_TO_MISSION,PASS,existing entry-scoped E; fresh before one hotSwapIn,"[](AfterStopBeforeStart_P_HIGH_PRIORITY_TO_MISSION -> !{return2base, move, low, mid, high, scan, picture, takeoff, follow})",,AfterStopBeforeStart_P_HIGH_PRIORITY_TO_MISSION,"<StopOldSpecActions, startNewSpec_P_HIGH_PRIORITY_TO_MISSION>",False,stopOldSpec_P_ALWAYS_FLY_HIGH;stopOldSpec_P_BATTERY_SAFETY_OLD;stopOldSpec_P_DETECTED_ACTIONS;stopOldSpec_P_DONT_PICTURE_TWICE;stopOldSpec_P_DONT_SCAN_TWICE;stopOldSpec_P_HIGH_PRIORITY_TO_MISSION;stopOldSpec_P_HOW_TO_MOVE,startNewSpec_P_HIGH_PRIORITY_TO_MISSION,follow;high;low;mid;move;picture;return2base;scan;takeoff,stopOldSpec_P_ALWAYS_FLY_HIGH>stopOldSpec_P_BATTERY_SAFETY_OLD>stopOldSpec_P_DETECTED_ACTIONS>stopOldSpec_P_DONT_PICTURE_TWICE>stopOldSpec_P_DONT_SCAN_TWICE>stopOldSpec_P_HIGH_PRIORITY_TO_MISSION>stopOldSpec_P_HOW_TO_MOVE>reconfigure_BATTERY_COUNTER>reconfigure_MISSION>startNewSpec_P_ALWAYS_FLY_LOW>startNewSpec_P_BATTERY_SAFETY_NEW>startNewSpec_P_DONT_SCAN_TWICE>startNewSpec_P_FOLLOWING_ACTIONS>startNewSpec_P_HIGH_PRIORITY_TO_MISSION>startNewSpec_P_NEW_HOW_TO_MOVE>startNewSpec_P_NO_FOLLOW_BEFORE_SCAN,True,passed,0,32,96,2,False,False,Implementation/Experiment/Models/Surveillance_FG.lts,202,164,FSE2027_SUBMISSION_20260914/experiments/rs_coverage/raw/expanded-predicates/surveillance.json,"requirements[target=r1,kind=upd,requirement=R1_OTF_P_HIGH_PRIORITY_TO_MISSION]",FSE2027_SUBMISSION_20260914/experiments/rq3_xeon/raw/rq3/runs/surveillance__r1__rep01__fg_ducs_otf/output.txt,786,846,"Implementation/Source Code/maven-root/mtsa/src/main/java/ltsa/updatingControllers/otf/FineGrainedUpdateProblem.java:467-494 (namespace/component alphabets); Implementation/Source Code/maven-root/mtsa/src/main/java/ltsa/updatingControllers/otf/MtsaRevisedOtfDucsAdapter.java:1795-1827,1896-1937 (normal-only endpoints); Implementation/Source Code/maven-root/mtsa/src/main/java/ltsa/updatingControllers/otf/MtsaRevisedOtfDucsAdapter.java:1633-1634,2179-2196 (one boundary step); Implementation/Source Code/maven-root/mtsa/src/main/java/ltsa/updatingControllers/otf/FineGrainedUpdateProblem.java:613-628 (install without another step); Implementation/Source Code/maven-root/mtsa/src/main/java/ltsa/updatingControllers/otf/SafetyTester.java:70-78 (outside-alphabet stutter)",modeled old endpoint; source-audited namespaces/entry; no plant-history enumeration
surveillance,r1,R1_OTF_P_NEW_HOW_TO_MOVE,PASS,existing entry-scoped E; fresh before one hotSwapIn,"[](AfterStopBeforeStart_P_NEW_HOW_TO_MOVE -> !{return2base, move, low, mid, high, scan, picture, takeoff, follow})",,AfterStopBeforeStart_P_NEW_HOW_TO_MOVE,"<StopOldSpecActions, startNewSpec_P_NEW_HOW_TO_MOVE>",False,stopOldSpec_P_ALWAYS_FLY_HIGH;stopOldSpec_P_BATTERY_SAFETY_OLD;stopOldSpec_P_DETECTED_ACTIONS;stopOldSpec_P_DONT_PICTURE_TWICE;stopOldSpec_P_DONT_SCAN_TWICE;stopOldSpec_P_HIGH_PRIORITY_TO_MISSION;stopOldSpec_P_HOW_TO_MOVE,startNewSpec_P_NEW_HOW_TO_MOVE,follow;high;low;mid;move;picture;return2base;scan;takeoff,stopOldSpec_P_ALWAYS_FLY_HIGH>stopOldSpec_P_BATTERY_SAFETY_OLD>stopOldSpec_P_DETECTED_ACTIONS>stopOldSpec_P_DONT_PICTURE_TWICE>stopOldSpec_P_DONT_SCAN_TWICE>stopOldSpec_P_HIGH_PRIORITY_TO_MISSION>stopOldSpec_P_HOW_TO_MOVE>reconfigure_BATTERY_COUNTER>reconfigure_MISSION>startNewSpec_P_ALWAYS_FLY_LOW>startNewSpec_P_BATTERY_SAFETY_NEW>startNewSpec_P_DONT_SCAN_TWICE>startNewSpec_P_FOLLOWING_ACTIONS>startNewSpec_P_HIGH_PRIORITY_TO_MISSION>startNewSpec_P_NEW_HOW_TO_MOVE>startNewSpec_P_NO_FOLLOW_BEFORE_SCAN,True,passed,0,32,96,2,False,False,Implementation/Experiment/Models/Surveillance_FG.lts,203,165,FSE2027_SUBMISSION_20260914/experiments/rs_coverage/raw/expanded-predicates/surveillance.json,"requirements[target=r1,kind=upd,requirement=R1_OTF_P_NEW_HOW_TO_MOVE]",FSE2027_SUBMISSION_20260914/experiments/rq3_xeon/raw/rq3/runs/surveillance__r1__rep01__fg_ducs_otf/output.txt,786,846,"Implementation/Source Code/maven-root/mtsa/src/main/java/ltsa/updatingControllers/otf/FineGrainedUpdateProblem.java:467-494 (namespace/component alphabets); Implementation/Source Code/maven-root/mtsa/src/main/java/ltsa/updatingControllers/otf/MtsaRevisedOtfDucsAdapter.java:1795-1827,1896-1937 (normal-only endpoints); Implementation/Source Code/maven-root/mtsa/src/main/java/ltsa/updatingControllers/otf/MtsaRevisedOtfDucsAdapter.java:1633-1634,2179-2196 (one boundary step); Implementation/Source Code/maven-root/mtsa/src/main/java/ltsa/updatingControllers/otf/FineGrainedUpdateProblem.java:613-628 (install without another step); Implementation/Source Code/maven-root/mtsa/src/main/java/ltsa/updatingControllers/otf/SafetyTester.java:70-78 (outside-alphabet stutter)",modeled old endpoint; source-audited namespaces/entry; no plant-history enumeration
surveillance,r1,R1_OTF_P_DONT_SCAN_TWICE,PASS,existing entry-scoped E; fresh before one hotSwapIn,"[](AfterStopBeforeStart_P_DONT_SCAN_TWICE -> !{return2base, move, low, mid, high, scan, picture, takeoff, follow})",,AfterStopBeforeStart_P_DONT_SCAN_TWICE,"<StopOldSpecActions, startNewSpec_P_DONT_SCAN_TWICE>",False,stopOldSpec_P_ALWAYS_FLY_HIGH;stopOldSpec_P_BATTERY_SAFETY_OLD;stopOldSpec_P_DETECTED_ACTIONS;stopOldSpec_P_DONT_PICTURE_TWICE;stopOldSpec_P_DONT_SCAN_TWICE;stopOldSpec_P_HIGH_PRIORITY_TO_MISSION;stopOldSpec_P_HOW_TO_MOVE,startNewSpec_P_DONT_SCAN_TWICE,follow;high;low;mid;move;picture;return2base;scan;takeoff,stopOldSpec_P_ALWAYS_FLY_HIGH>stopOldSpec_P_BATTERY_SAFETY_OLD>stopOldSpec_P_DETECTED_ACTIONS>stopOldSpec_P_DONT_PICTURE_TWICE>stopOldSpec_P_DONT_SCAN_TWICE>stopOldSpec_P_HIGH_PRIORITY_TO_MISSION>stopOldSpec_P_HOW_TO_MOVE>reconfigure_BATTERY_COUNTER>reconfigure_MISSION>startNewSpec_P_ALWAYS_FLY_LOW>startNewSpec_P_BATTERY_SAFETY_NEW>startNewSpec_P_DONT_SCAN_TWICE>startNewSpec_P_FOLLOWING_ACTIONS>startNewSpec_P_HIGH_PRIORITY_TO_MISSION>startNewSpec_P_NEW_HOW_TO_MOVE>startNewSpec_P_NO_FOLLOW_BEFORE_SCAN,True,passed,0,32,96,2,False,False,Implementation/Experiment/Models/Surveillance_FG.lts,204,166,FSE2027_SUBMISSION_20260914/experiments/rs_coverage/raw/expanded-predicates/surveillance.json,"requirements[target=r1,kind=upd,requirement=R1_OTF_P_DONT_SCAN_TWICE]",FSE2027_SUBMISSION_20260914/experiments/rq3_xeon/raw/rq3/runs/surveillance__r1__rep01__fg_ducs_otf/output.txt,786,846,"Implementation/Source Code/maven-root/mtsa/src/main/java/ltsa/updatingControllers/otf/FineGrainedUpdateProblem.java:467-494 (namespace/component alphabets); Implementation/Source Code/maven-root/mtsa/src/main/java/ltsa/updatingControllers/otf/MtsaRevisedOtfDucsAdapter.java:1795-1827,1896-1937 (normal-only endpoints); Implementation/Source Code/maven-root/mtsa/src/main/java/ltsa/updatingControllers/otf/MtsaRevisedOtfDucsAdapter.java:1633-1634,2179-2196 (one boundary step); Implementation/Source Code/maven-root/mtsa/src/main/java/ltsa/updatingControllers/otf/FineGrainedUpdateProblem.java:613-628 (install without another step); Implementation/Source Code/maven-root/mtsa/src/main/java/ltsa/updatingControllers/otf/SafetyTester.java:70-78 (outside-alphabet stutter)",modeled old endpoint; source-audited namespaces/entry; no plant-history enumeration
surveillance,r1,R1_OTF_P_BATTERY_SAFETY_NEW,PASS,existing entry-scoped E; fresh before one hotSwapIn,"[](AfterStopBeforeStart_P_BATTERY_SAFETY_NEW -> !{return2base, move, low, mid, high, scan, picture, takeoff, follow})",,AfterStopBeforeStart_P_BATTERY_SAFETY_NEW,"<StopOldSpecActions, startNewSpec_P_BATTERY_SAFETY_NEW>",False,stopOldSpec_P_ALWAYS_FLY_HIGH;stopOldSpec_P_BATTERY_SAFETY_OLD;stopOldSpec_P_DETECTED_ACTIONS;stopOldSpec_P_DONT_PICTURE_TWICE;stopOldSpec_P_DONT_SCAN_TWICE;stopOldSpec_P_HIGH_PRIORITY_TO_MISSION;stopOldSpec_P_HOW_TO_MOVE,startNewSpec_P_BATTERY_SAFETY_NEW,follow;high;low;mid;move;picture;return2base;scan;takeoff,stopOldSpec_P_ALWAYS_FLY_HIGH>stopOldSpec_P_BATTERY_SAFETY_OLD>stopOldSpec_P_DETECTED_ACTIONS>stopOldSpec_P_DONT_PICTURE_TWICE>stopOldSpec_P_DONT_SCAN_TWICE>stopOldSpec_P_HIGH_PRIORITY_TO_MISSION>stopOldSpec_P_HOW_TO_MOVE>reconfigure_BATTERY_COUNTER>reconfigure_MISSION>startNewSpec_P_ALWAYS_FLY_LOW>startNewSpec_P_BATTERY_SAFETY_NEW>startNewSpec_P_DONT_SCAN_TWICE>startNewSpec_P_FOLLOWING_ACTIONS>startNewSpec_P_HIGH_PRIORITY_TO_MISSION>startNewSpec_P_NEW_HOW_TO_MOVE>startNewSpec_P_NO_FOLLOW_BEFORE_SCAN,True,passed,0,32,96,2,False,False,Implementation/Experiment/Models/Surveillance_FG.lts,205,167,FSE2027_SUBMISSION_20260914/experiments/rs_coverage/raw/expanded-predicates/surveillance.json,"requirements[target=r1,kind=upd,requirement=R1_OTF_P_BATTERY_SAFETY_NEW]",FSE2027_SUBMISSION_20260914/experiments/rq3_xeon/raw/rq3/runs/surveillance__r1__rep01__fg_ducs_otf/output.txt,786,846,"Implementation/Source Code/maven-root/mtsa/src/main/java/ltsa/updatingControllers/otf/FineGrainedUpdateProblem.java:467-494 (namespace/component alphabets); Implementation/Source Code/maven-root/mtsa/src/main/java/ltsa/updatingControllers/otf/MtsaRevisedOtfDucsAdapter.java:1795-1827,1896-1937 (normal-only endpoints); Implementation/Source Code/maven-root/mtsa/src/main/java/ltsa/updatingControllers/otf/MtsaRevisedOtfDucsAdapter.java:1633-1634,2179-2196 (one boundary step); Implementation/Source Code/maven-root/mtsa/src/main/java/ltsa/updatingControllers/otf/FineGrainedUpdateProblem.java:613-628 (install without another step); Implementation/Source Code/maven-root/mtsa/src/main/java/ltsa/updatingControllers/otf/SafetyTester.java:70-78 (outside-alphabet stutter)",modeled old endpoint; source-audited namespaces/entry; no plant-history enumeration
workflow,r1,R1_OTF_P_SEQUENTIAL,PASS,existing entry-scoped E; fresh before one hotSwapIn,"[](AfterStopBeforeStart_P_SEQUENTIAL -> !{initInventory, initCredit, eval, initShipping, initBilling, archive, rollback})",,AfterStopBeforeStart_P_SEQUENTIAL,"<StopOldSpecActions, startNewSpec_P_SEQUENTIAL>",False,stopOldSpec_P_ARCHIVE_POLICY;stopOldSpec_P_AVOID_ROLLBACK;stopOldSpec_P_DONT_INIT_TWICE;stopOldSpec_P_EVAL_POLICY;stopOldSpec_P_INITS_POLICY,startNewSpec_P_SEQUENTIAL,archive;eval;initBilling;initCredit;initInventory;initShipping;rollback,stopOldSpec_P_ARCHIVE_POLICY>stopOldSpec_P_AVOID_ROLLBACK>stopOldSpec_P_DONT_INIT_TWICE>stopOldSpec_P_EVAL_POLICY>stopOldSpec_P_INITS_POLICY>reconfigure_BILLING>reconfigure_CREDIT>reconfigure_ENTRY>reconfigure_INVENTORY>reconfigure_SHIPPING>startNewSpec_P_ARCHIVE_POLICY>startNewSpec_P_AVOID_ROLLBACK>startNewSpec_P_DONT_INIT_TWICE>startNewSpec_P_EVAL_POLICY>startNewSpec_P_INITS_POLICY>startNewSpec_P_SEQUENTIAL,True,passed,0,32,96,2,False,False,Implementation/Experiment/Models/Workflow_FG.lts,198,162,FSE2027_SUBMISSION_20260914/experiments/rs_coverage/raw/expanded-predicates/workflow.json,"requirements[target=r1,kind=upd,requirement=R1_OTF_P_SEQUENTIAL]",FSE2027_SUBMISSION_20260914/experiments/rq3_xeon/raw/rq3/runs/workflow__r1__rep01__fg_ducs_otf/output.txt,693,765,"Implementation/Source Code/maven-root/mtsa/src/main/java/ltsa/updatingControllers/otf/FineGrainedUpdateProblem.java:467-494 (namespace/component alphabets); Implementation/Source Code/maven-root/mtsa/src/main/java/ltsa/updatingControllers/otf/MtsaRevisedOtfDucsAdapter.java:1795-1827,1896-1937 (normal-only endpoints); Implementation/Source Code/maven-root/mtsa/src/main/java/ltsa/updatingControllers/otf/MtsaRevisedOtfDucsAdapter.java:1633-1634,2179-2196 (one boundary step); Implementation/Source Code/maven-root/mtsa/src/main/java/ltsa/updatingControllers/otf/FineGrainedUpdateProblem.java:613-628 (install without another step); Implementation/Source Code/maven-root/mtsa/src/main/java/ltsa/updatingControllers/otf/SafetyTester.java:70-78 (outside-alphabet stutter)",modeled old endpoint; source-audited namespaces/entry; no plant-history enumeration
workflow,r1,R1_OTF_P_AVOID_ROLLBACK,PASS,existing entry-scoped E; fresh before one hotSwapIn,"[](AfterStopBeforeStart_P_AVOID_ROLLBACK -> !{initInventory, initCredit, eval, initShipping, initBilling, archive, rollback})",,AfterStopBeforeStart_P_AVOID_ROLLBACK,"<StopOldSpecActions, startNewSpec_P_AVOID_ROLLBACK>",False,stopOldSpec_P_ARCHIVE_POLICY;stopOldSpec_P_AVOID_ROLLBACK;stopOldSpec_P_DONT_INIT_TWICE;stopOldSpec_P_EVAL_POLICY;stopOldSpec_P_INITS_POLICY,startNewSpec_P_AVOID_ROLLBACK,archive;eval;initBilling;initCredit;initInventory;initShipping;rollback,stopOldSpec_P_ARCHIVE_POLICY>stopOldSpec_P_AVOID_ROLLBACK>stopOldSpec_P_DONT_INIT_TWICE>stopOldSpec_P_EVAL_POLICY>stopOldSpec_P_INITS_POLICY>reconfigure_BILLING>reconfigure_CREDIT>reconfigure_ENTRY>reconfigure_INVENTORY>reconfigure_SHIPPING>startNewSpec_P_ARCHIVE_POLICY>startNewSpec_P_AVOID_ROLLBACK>startNewSpec_P_DONT_INIT_TWICE>startNewSpec_P_EVAL_POLICY>startNewSpec_P_INITS_POLICY>startNewSpec_P_SEQUENTIAL,True,passed,0,32,96,2,False,False,Implementation/Experiment/Models/Workflow_FG.lts,199,163,FSE2027_SUBMISSION_20260914/experiments/rs_coverage/raw/expanded-predicates/workflow.json,"requirements[target=r1,kind=upd,requirement=R1_OTF_P_AVOID_ROLLBACK]",FSE2027_SUBMISSION_20260914/experiments/rq3_xeon/raw/rq3/runs/workflow__r1__rep01__fg_ducs_otf/output.txt,693,765,"Implementation/Source Code/maven-root/mtsa/src/main/java/ltsa/updatingControllers/otf/FineGrainedUpdateProblem.java:467-494 (namespace/component alphabets); Implementation/Source Code/maven-root/mtsa/src/main/java/ltsa/updatingControllers/otf/MtsaRevisedOtfDucsAdapter.java:1795-1827,1896-1937 (normal-only endpoints); Implementation/Source Code/maven-root/mtsa/src/main/java/ltsa/updatingControllers/otf/MtsaRevisedOtfDucsAdapter.java:1633-1634,2179-2196 (one boundary step); Implementation/Source Code/maven-root/mtsa/src/main/java/ltsa/updatingControllers/otf/FineGrainedUpdateProblem.java:613-628 (install without another step); Implementation/Source Code/maven-root/mtsa/src/main/java/ltsa/updatingControllers/otf/SafetyTester.java:70-78 (outside-alphabet stutter)",modeled old endpoint; source-audited namespaces/entry; no plant-history enumeration
workflow,r1,R1_OTF_P_EVAL_POLICY,PASS,existing entry-scoped E; fresh before one hotSwapIn,"[](AfterStopBeforeStart_P_EVAL_POLICY -> !{initInventory, initCredit, eval, initShipping, initBilling, archive, rollback})",,AfterStopBeforeStart_P_EVAL_POLICY,"<StopOldSpecActions, startNewSpec_P_EVAL_POLICY>",False,stopOldSpec_P_ARCHIVE_POLICY;stopOldSpec_P_AVOID_ROLLBACK;stopOldSpec_P_DONT_INIT_TWICE;stopOldSpec_P_EVAL_POLICY;stopOldSpec_P_INITS_POLICY,startNewSpec_P_EVAL_POLICY,archive;eval;initBilling;initCredit;initInventory;initShipping;rollback,stopOldSpec_P_ARCHIVE_POLICY>stopOldSpec_P_AVOID_ROLLBACK>stopOldSpec_P_DONT_INIT_TWICE>stopOldSpec_P_EVAL_POLICY>stopOldSpec_P_INITS_POLICY>reconfigure_BILLING>reconfigure_CREDIT>reconfigure_ENTRY>reconfigure_INVENTORY>reconfigure_SHIPPING>startNewSpec_P_ARCHIVE_POLICY>startNewSpec_P_AVOID_ROLLBACK>startNewSpec_P_DONT_INIT_TWICE>startNewSpec_P_EVAL_POLICY>startNewSpec_P_INITS_POLICY>startNewSpec_P_SEQUENTIAL,True,passed,0,32,96,2,False,False,Implementation/Experiment/Models/Workflow_FG.lts,200,164,FSE2027_SUBMISSION_20260914/experiments/rs_coverage/raw/expanded-predicates/workflow.json,"requirements[target=r1,kind=upd,requirement=R1_OTF_P_EVAL_POLICY]",FSE2027_SUBMISSION_20260914/experiments/rq3_xeon/raw/rq3/runs/workflow__r1__rep01__fg_ducs_otf/output.txt,693,765,"Implementation/Source Code/maven-root/mtsa/src/main/java/ltsa/updatingControllers/otf/FineGrainedUpdateProblem.java:467-494 (namespace/component alphabets); Implementation/Source Code/maven-root/mtsa/src/main/java/ltsa/updatingControllers/otf/MtsaRevisedOtfDucsAdapter.java:1795-1827,1896-1937 (normal-only endpoints); Implementation/Source Code/maven-root/mtsa/src/main/java/ltsa/updatingControllers/otf/MtsaRevisedOtfDucsAdapter.java:1633-1634,2179-2196 (one boundary step); Implementation/Source Code/maven-root/mtsa/src/main/java/ltsa/updatingControllers/otf/FineGrainedUpdateProblem.java:613-628 (install without another step); Implementation/Source Code/maven-root/mtsa/src/main/java/ltsa/updatingControllers/otf/SafetyTester.java:70-78 (outside-alphabet stutter)",modeled old endpoint; source-audited namespaces/entry; no plant-history enumeration
workflow,r1,R1_OTF_P_ARCHIVE_POLICY,PASS,existing entry-scoped E; fresh before one hotSwapIn,"[](AfterStopBeforeStart_P_ARCHIVE_POLICY -> !{initInventory, initCredit, eval, initShipping, initBilling, archive, rollback})",,AfterStopBeforeStart_P_ARCHIVE_POLICY,"<StopOldSpecActions, startNewSpec_P_ARCHIVE_POLICY>",False,stopOldSpec_P_ARCHIVE_POLICY;stopOldSpec_P_AVOID_ROLLBACK;stopOldSpec_P_DONT_INIT_TWICE;stopOldSpec_P_EVAL_POLICY;stopOldSpec_P_INITS_POLICY,startNewSpec_P_ARCHIVE_POLICY,archive;eval;initBilling;initCredit;initInventory;initShipping;rollback,stopOldSpec_P_ARCHIVE_POLICY>stopOldSpec_P_AVOID_ROLLBACK>stopOldSpec_P_DONT_INIT_TWICE>stopOldSpec_P_EVAL_POLICY>stopOldSpec_P_INITS_POLICY>reconfigure_BILLING>reconfigure_CREDIT>reconfigure_ENTRY>reconfigure_INVENTORY>reconfigure_SHIPPING>startNewSpec_P_ARCHIVE_POLICY>startNewSpec_P_AVOID_ROLLBACK>startNewSpec_P_DONT_INIT_TWICE>startNewSpec_P_EVAL_POLICY>startNewSpec_P_INITS_POLICY>startNewSpec_P_SEQUENTIAL,True,passed,0,32,96,2,False,False,Implementation/Experiment/Models/Workflow_FG.lts,201,165,FSE2027_SUBMISSION_20260914/experiments/rs_coverage/raw/expanded-predicates/workflow.json,"requirements[target=r1,kind=upd,requirement=R1_OTF_P_ARCHIVE_POLICY]",FSE2027_SUBMISSION_20260914/experiments/rq3_xeon/raw/rq3/runs/workflow__r1__rep01__fg_ducs_otf/output.txt,693,765,"Implementation/Source Code/maven-root/mtsa/src/main/java/ltsa/updatingControllers/otf/FineGrainedUpdateProblem.java:467-494 (namespace/component alphabets); Implementation/Source Code/maven-root/mtsa/src/main/java/ltsa/updatingControllers/otf/MtsaRevisedOtfDucsAdapter.java:1795-1827,1896-1937 (normal-only endpoints); Implementation/Source Code/maven-root/mtsa/src/main/java/ltsa/updatingControllers/otf/MtsaRevisedOtfDucsAdapter.java:1633-1634,2179-2196 (one boundary step); Implementation/Source Code/maven-root/mtsa/src/main/java/ltsa/updatingControllers/otf/FineGrainedUpdateProblem.java:613-628 (install without another step); Implementation/Source Code/maven-root/mtsa/src/main/java/ltsa/updatingControllers/otf/SafetyTester.java:70-78 (outside-alphabet stutter)",modeled old endpoint; source-audited namespaces/entry; no plant-history enumeration
workflow,r1,R1_OTF_P_INITS_POLICY,PASS,existing entry-scoped E; fresh before one hotSwapIn,"[](AfterStopBeforeStart_P_INITS_POLICY -> !{initInventory, initCredit, eval, initShipping, initBilling, archive, rollback})",,AfterStopBeforeStart_P_INITS_POLICY,"<StopOldSpecActions, startNewSpec_P_INITS_POLICY>",False,stopOldSpec_P_ARCHIVE_POLICY;stopOldSpec_P_AVOID_ROLLBACK;stopOldSpec_P_DONT_INIT_TWICE;stopOldSpec_P_EVAL_POLICY;stopOldSpec_P_INITS_POLICY,startNewSpec_P_INITS_POLICY,archive;eval;initBilling;initCredit;initInventory;initShipping;rollback,stopOldSpec_P_ARCHIVE_POLICY>stopOldSpec_P_AVOID_ROLLBACK>stopOldSpec_P_DONT_INIT_TWICE>stopOldSpec_P_EVAL_POLICY>stopOldSpec_P_INITS_POLICY>reconfigure_BILLING>reconfigure_CREDIT>reconfigure_ENTRY>reconfigure_INVENTORY>reconfigure_SHIPPING>startNewSpec_P_ARCHIVE_POLICY>startNewSpec_P_AVOID_ROLLBACK>startNewSpec_P_DONT_INIT_TWICE>startNewSpec_P_EVAL_POLICY>startNewSpec_P_INITS_POLICY>startNewSpec_P_SEQUENTIAL,True,passed,0,32,96,2,False,False,Implementation/Experiment/Models/Workflow_FG.lts,202,166,FSE2027_SUBMISSION_20260914/experiments/rs_coverage/raw/expanded-predicates/workflow.json,"requirements[target=r1,kind=upd,requirement=R1_OTF_P_INITS_POLICY]",FSE2027_SUBMISSION_20260914/experiments/rq3_xeon/raw/rq3/runs/workflow__r1__rep01__fg_ducs_otf/output.txt,693,765,"Implementation/Source Code/maven-root/mtsa/src/main/java/ltsa/updatingControllers/otf/FineGrainedUpdateProblem.java:467-494 (namespace/component alphabets); Implementation/Source Code/maven-root/mtsa/src/main/java/ltsa/updatingControllers/otf/MtsaRevisedOtfDucsAdapter.java:1795-1827,1896-1937 (normal-only endpoints); Implementation/Source Code/maven-root/mtsa/src/main/java/ltsa/updatingControllers/otf/MtsaRevisedOtfDucsAdapter.java:1633-1634,2179-2196 (one boundary step); Implementation/Source Code/maven-root/mtsa/src/main/java/ltsa/updatingControllers/otf/FineGrainedUpdateProblem.java:613-628 (install without another step); Implementation/Source Code/maven-root/mtsa/src/main/java/ltsa/updatingControllers/otf/SafetyTester.java:70-78 (outside-alphabet stutter)",modeled old endpoint; source-audited namespaces/entry; no plant-history enumeration
workflow,r1,R1_OTF_P_DONT_INIT_TWICE,PASS,existing entry-scoped E; fresh before one hotSwapIn,"[](AfterStopBeforeStart_P_DONT_INIT_TWICE -> !{initInventory, initCredit, eval, initShipping, initBilling, archive, rollback})",,AfterStopBeforeStart_P_DONT_INIT_TWICE,"<StopOldSpecActions, startNewSpec_P_DONT_INIT_TWICE>",False,stopOldSpec_P_ARCHIVE_POLICY;stopOldSpec_P_AVOID_ROLLBACK;stopOldSpec_P_DONT_INIT_TWICE;stopOldSpec_P_EVAL_POLICY;stopOldSpec_P_INITS_POLICY,startNewSpec_P_DONT_INIT_TWICE,archive;eval;initBilling;initCredit;initInventory;initShipping;rollback,stopOldSpec_P_ARCHIVE_POLICY>stopOldSpec_P_AVOID_ROLLBACK>stopOldSpec_P_DONT_INIT_TWICE>stopOldSpec_P_EVAL_POLICY>stopOldSpec_P_INITS_POLICY>reconfigure_BILLING>reconfigure_CREDIT>reconfigure_ENTRY>reconfigure_INVENTORY>reconfigure_SHIPPING>startNewSpec_P_ARCHIVE_POLICY>startNewSpec_P_AVOID_ROLLBACK>startNewSpec_P_DONT_INIT_TWICE>startNewSpec_P_EVAL_POLICY>startNewSpec_P_INITS_POLICY>startNewSpec_P_SEQUENTIAL,True,passed,0,32,96,2,False,False,Implementation/Experiment/Models/Workflow_FG.lts,203,167,FSE2027_SUBMISSION_20260914/experiments/rs_coverage/raw/expanded-predicates/workflow.json,"requirements[target=r1,kind=upd,requirement=R1_OTF_P_DONT_INIT_TWICE]",FSE2027_SUBMISSION_20260914/experiments/rq3_xeon/raw/rq3/runs/workflow__r1__rep01__fg_ducs_otf/output.txt,693,765,"Implementation/Source Code/maven-root/mtsa/src/main/java/ltsa/updatingControllers/otf/FineGrainedUpdateProblem.java:467-494 (namespace/component alphabets); Implementation/Source Code/maven-root/mtsa/src/main/java/ltsa/updatingControllers/otf/MtsaRevisedOtfDucsAdapter.java:1795-1827,1896-1937 (normal-only endpoints); Implementation/Source Code/maven-root/mtsa/src/main/java/ltsa/updatingControllers/otf/MtsaRevisedOtfDucsAdapter.java:1633-1634,2179-2196 (one boundary step); Implementation/Source Code/maven-root/mtsa/src/main/java/ltsa/updatingControllers/otf/FineGrainedUpdateProblem.java:613-628 (install without another step); Implementation/Source Code/maven-root/mtsa/src/main/java/ltsa/updatingControllers/otf/SafetyTester.java:70-78 (outside-alphabet stutter)",modeled old endpoint; source-audited namespaces/entry; no plant-history enumeration
