joint01-0000	singleton	8	0	0	lawler	0	distinct	allocated	-1	-1	none	false
joint01-0001	singleton	8	0	0	lawler	0	distinct	allocated	0	0	before	false
joint01-0002	singleton	8	0	0	lawler	0	distinct	allocated	0	0	gate	false
joint01-0003	singleton	8	0	0	lawler	0	distinct	allocated	0	0	after	false
joint01-0004	singleton	8	0	0	lawler	0	distinct	canonical	-1	-1	none	false
joint01-0005	singleton	8	0	0	lawler	0	distinct	canonical	0	0	before	false
joint01-0006	singleton	8	0	0	lawler	0	distinct	canonical	0	0	gate	false
joint01-0007	singleton	8	0	0	lawler	0	distinct	canonical	0	0	after	false
joint01-0008	singleton	8	0	0	lawler	0	colliding	allocated	-1	-1	none	false
joint01-0009	singleton	8	0	0	lawler	0	colliding	allocated	0	0	before	false
joint01-0010	singleton	8	0	0	lawler	0	colliding	allocated	0	0	gate	false
joint01-0011	singleton	8	0	0	lawler	0	colliding	allocated	0	0	after	false
joint01-0012	singleton	8	0	0	lawler	0	colliding	canonical	-1	-1	none	false
joint01-0013	singleton	8	0	0	lawler	0	colliding	canonical	0	0	before	false
joint01-0014	singleton	8	0	0	lawler	0	colliding	canonical	0	0	gate	false
joint01-0015	singleton	8	0	0	lawler	0	colliding	canonical	0	0	after	false
joint01-0016	singleton	8	0	0	lawler	8	distinct	allocated	-1	-1	none	false
joint01-0017	singleton	8	0	0	lawler	8	distinct	allocated	0	0	before	false
joint01-0018	singleton	8	0	0	lawler	8	distinct	allocated	0	0	gate	false
joint01-0019	singleton	8	0	0	lawler	8	distinct	allocated	0	0	after	false
joint01-0020	singleton	8	0	0	lawler	8	distinct	canonical	-1	-1	none	false
joint01-0021	singleton	8	0	0	lawler	8	distinct	canonical	0	0	before	false
joint01-0022	singleton	8	0	0	lawler	8	distinct	canonical	0	0	gate	false
joint01-0023	singleton	8	0	0	lawler	8	distinct	canonical	0	0	after	false
joint01-0024	singleton	8	0	0	lawler	8	colliding	allocated	-1	-1	none	false
joint01-0025	singleton	8	0	0	lawler	8	colliding	allocated	0	0	before	false
joint01-0026	singleton	8	0	0	lawler	8	colliding	allocated	0	0	gate	false
joint01-0027	singleton	8	0	0	lawler	8	colliding	allocated	0	0	after	false
joint01-0028	singleton	8	0	0	lawler	8	colliding	canonical	-1	-1	none	false
joint01-0029	singleton	8	0	0	lawler	8	colliding	canonical	0	0	before	false
joint01-0030	singleton	8	0	0	lawler	8	colliding	canonical	0	0	gate	false
joint01-0031	singleton	8	0	0	lawler	8	colliding	canonical	0	0	after	false
joint01-0032	singleton	8	0	0	cached	-1	distinct	allocated	-1	-1	none	false
joint01-0033	singleton	8	0	0	cached	-1	distinct	allocated	0	0	before	false
joint01-0034	singleton	8	0	0	cached	-1	distinct	allocated	0	0	gate	false
joint01-0035	singleton	8	0	0	cached	-1	distinct	allocated	0	0	after	false
joint01-0036	singleton	8	0	0	cached	-1	distinct	canonical	-1	-1	none	false
joint01-0037	singleton	8	0	0	cached	-1	distinct	canonical	0	0	before	false
joint01-0038	singleton	8	0	0	cached	-1	distinct	canonical	0	0	gate	false
joint01-0039	singleton	8	0	0	cached	-1	distinct	canonical	0	0	after	false
joint01-0040	singleton	8	0	0	cached	-1	colliding	allocated	-1	-1	none	false
joint01-0041	singleton	8	0	0	cached	-1	colliding	allocated	0	0	before	false
joint01-0042	singleton	8	0	0	cached	-1	colliding	allocated	0	0	gate	false
joint01-0043	singleton	8	0	0	cached	-1	colliding	allocated	0	0	after	false
joint01-0044	singleton	8	0	0	cached	-1	colliding	canonical	-1	-1	none	false
joint01-0045	singleton	8	0	0	cached	-1	colliding	canonical	0	0	before	false
joint01-0046	singleton	8	0	0	cached	-1	colliding	canonical	0	0	gate	false
joint01-0047	singleton	8	0	0	cached	-1	colliding	canonical	0	0	after	false
joint01-0048	singleton	8	0	0	fresh	-1	distinct	allocated	-1	-1	none	false
joint01-0049	singleton	8	0	0	fresh	-1	distinct	allocated	0	0	before	false
joint01-0050	singleton	8	0	0	fresh	-1	distinct	allocated	0	0	gate	false
joint01-0051	singleton	8	0	0	fresh	-1	distinct	allocated	0	0	after	false
joint01-0052	singleton	8	0	0	fresh	-1	distinct	canonical	-1	-1	none	false
joint01-0053	singleton	8	0	0	fresh	-1	distinct	canonical	0	0	before	false
joint01-0054	singleton	8	0	0	fresh	-1	distinct	canonical	0	0	gate	false
joint01-0055	singleton	8	0	0	fresh	-1	distinct	canonical	0	0	after	false
joint01-0056	singleton	8	0	0	fresh	-1	colliding	allocated	-1	-1	none	false
joint01-0057	singleton	8	0	0	fresh	-1	colliding	allocated	0	0	before	false
joint01-0058	singleton	8	0	0	fresh	-1	colliding	allocated	0	0	gate	false
joint01-0059	singleton	8	0	0	fresh	-1	colliding	allocated	0	0	after	false
joint01-0060	singleton	8	0	0	fresh	-1	colliding	canonical	-1	-1	none	false
joint01-0061	singleton	8	0	0	fresh	-1	colliding	canonical	0	0	before	false
joint01-0062	singleton	8	0	0	fresh	-1	colliding	canonical	0	0	gate	false
joint01-0063	singleton	8	0	0	fresh	-1	colliding	canonical	0	0	after	false
joint01-0064	chain8_16	8,16	0,1	0,1	lawler	0	distinct	allocated	-1	-1	none	false
joint01-0065	chain8_16	8,16	0,1	0,1	lawler	0	distinct	allocated	0	0	before	false
joint01-0066	chain8_16	8,16	0,1	0,1	lawler	0	distinct	allocated	0	0	gate	false
joint01-0067	chain8_16	8,16	0,1	0,1	lawler	0	distinct	allocated	0	0	after	false
joint01-0068	chain8_16	8,16	0,1	0,1	lawler	0	distinct	allocated	0	1	before	false
joint01-0069	chain8_16	8,16	0,1	0,1	lawler	0	distinct	allocated	0	1	gate	false
joint01-0070	chain8_16	8,16	0,1	0,1	lawler	0	distinct	allocated	0	1	after	false
joint01-0071	chain8_16	8,16	0,1	0,1	lawler	0	distinct	allocated	1	0	before	false
joint01-0072	chain8_16	8,16	0,1	0,1	lawler	0	distinct	allocated	1	0	gate	false
joint01-0073	chain8_16	8,16	0,1	0,1	lawler	0	distinct	allocated	1	0	after	false
joint01-0074	chain8_16	8,16	0,1	0,1	lawler	0	distinct	allocated	1	1	before	false
joint01-0075	chain8_16	8,16	0,1	0,1	lawler	0	distinct	allocated	1	1	gate	false
joint01-0076	chain8_16	8,16	0,1	0,1	lawler	0	distinct	allocated	1	1	after	false
joint01-0077	chain8_16	8,16	0,1	0,1	lawler	0	distinct	canonical	-1	-1	none	false
joint01-0078	chain8_16	8,16	0,1	0,1	lawler	0	distinct	canonical	0	0	before	false
joint01-0079	chain8_16	8,16	0,1	0,1	lawler	0	distinct	canonical	0	0	gate	false
joint01-0080	chain8_16	8,16	0,1	0,1	lawler	0	distinct	canonical	0	0	after	false
joint01-0081	chain8_16	8,16	0,1	0,1	lawler	0	distinct	canonical	0	1	before	false
joint01-0082	chain8_16	8,16	0,1	0,1	lawler	0	distinct	canonical	0	1	gate	false
joint01-0083	chain8_16	8,16	0,1	0,1	lawler	0	distinct	canonical	0	1	after	false
joint01-0084	chain8_16	8,16	0,1	0,1	lawler	0	distinct	canonical	1	0	before	false
joint01-0085	chain8_16	8,16	0,1	0,1	lawler	0	distinct	canonical	1	0	gate	false
joint01-0086	chain8_16	8,16	0,1	0,1	lawler	0	distinct	canonical	1	0	after	false
joint01-0087	chain8_16	8,16	0,1	0,1	lawler	0	distinct	canonical	1	1	before	false
joint01-0088	chain8_16	8,16	0,1	0,1	lawler	0	distinct	canonical	1	1	gate	false
joint01-0089	chain8_16	8,16	0,1	0,1	lawler	0	distinct	canonical	1	1	after	false
joint01-0090	chain8_16	8,16	0,1	0,1	lawler	0	colliding	allocated	-1	-1	none	false
joint01-0091	chain8_16	8,16	0,1	0,1	lawler	0	colliding	allocated	0	0	before	false
joint01-0092	chain8_16	8,16	0,1	0,1	lawler	0	colliding	allocated	0	0	gate	false
joint01-0093	chain8_16	8,16	0,1	0,1	lawler	0	colliding	allocated	0	0	after	false
joint01-0094	chain8_16	8,16	0,1	0,1	lawler	0	colliding	allocated	0	1	before	false
joint01-0095	chain8_16	8,16	0,1	0,1	lawler	0	colliding	allocated	0	1	gate	false
joint01-0096	chain8_16	8,16	0,1	0,1	lawler	0	colliding	allocated	0	1	after	false
joint01-0097	chain8_16	8,16	0,1	0,1	lawler	0	colliding	allocated	1	0	before	false
joint01-0098	chain8_16	8,16	0,1	0,1	lawler	0	colliding	allocated	1	0	gate	false
joint01-0099	chain8_16	8,16	0,1	0,1	lawler	0	colliding	allocated	1	0	after	false
joint01-0100	chain8_16	8,16	0,1	0,1	lawler	0	colliding	allocated	1	1	before	false
joint01-0101	chain8_16	8,16	0,1	0,1	lawler	0	colliding	allocated	1	1	gate	false
joint01-0102	chain8_16	8,16	0,1	0,1	lawler	0	colliding	allocated	1	1	after	false
joint01-0103	chain8_16	8,16	0,1	0,1	lawler	0	colliding	canonical	-1	-1	none	false
joint01-0104	chain8_16	8,16	0,1	0,1	lawler	0	colliding	canonical	0	0	before	false
joint01-0105	chain8_16	8,16	0,1	0,1	lawler	0	colliding	canonical	0	0	gate	false
joint01-0106	chain8_16	8,16	0,1	0,1	lawler	0	colliding	canonical	0	0	after	false
joint01-0107	chain8_16	8,16	0,1	0,1	lawler	0	colliding	canonical	0	1	before	false
joint01-0108	chain8_16	8,16	0,1	0,1	lawler	0	colliding	canonical	0	1	gate	false
joint01-0109	chain8_16	8,16	0,1	0,1	lawler	0	colliding	canonical	0	1	after	false
joint01-0110	chain8_16	8,16	0,1	0,1	lawler	0	colliding	canonical	1	0	before	false
joint01-0111	chain8_16	8,16	0,1	0,1	lawler	0	colliding	canonical	1	0	gate	false
joint01-0112	chain8_16	8,16	0,1	0,1	lawler	0	colliding	canonical	1	0	after	false
joint01-0113	chain8_16	8,16	0,1	0,1	lawler	0	colliding	canonical	1	1	before	false
joint01-0114	chain8_16	8,16	0,1	0,1	lawler	0	colliding	canonical	1	1	gate	false
joint01-0115	chain8_16	8,16	0,1	0,1	lawler	0	colliding	canonical	1	1	after	false
joint01-0116	chain8_16	8,16	0,1	0,1	lawler	8	distinct	allocated	-1	-1	none	false
joint01-0117	chain8_16	8,16	0,1	0,1	lawler	8	distinct	allocated	0	0	before	false
joint01-0118	chain8_16	8,16	0,1	0,1	lawler	8	distinct	allocated	0	0	gate	false
joint01-0119	chain8_16	8,16	0,1	0,1	lawler	8	distinct	allocated	0	0	after	false
joint01-0120	chain8_16	8,16	0,1	0,1	lawler	8	distinct	allocated	0	1	before	false
joint01-0121	chain8_16	8,16	0,1	0,1	lawler	8	distinct	allocated	0	1	gate	false
joint01-0122	chain8_16	8,16	0,1	0,1	lawler	8	distinct	allocated	0	1	after	false
joint01-0123	chain8_16	8,16	0,1	0,1	lawler	8	distinct	allocated	1	0	before	false
joint01-0124	chain8_16	8,16	0,1	0,1	lawler	8	distinct	allocated	1	0	gate	false
joint01-0125	chain8_16	8,16	0,1	0,1	lawler	8	distinct	allocated	1	0	after	false
joint01-0126	chain8_16	8,16	0,1	0,1	lawler	8	distinct	allocated	1	1	before	false
joint01-0127	chain8_16	8,16	0,1	0,1	lawler	8	distinct	allocated	1	1	gate	false
joint01-0128	chain8_16	8,16	0,1	0,1	lawler	8	distinct	allocated	1	1	after	false
joint01-0129	chain8_16	8,16	0,1	0,1	lawler	8	distinct	canonical	-1	-1	none	false
joint01-0130	chain8_16	8,16	0,1	0,1	lawler	8	distinct	canonical	0	0	before	false
joint01-0131	chain8_16	8,16	0,1	0,1	lawler	8	distinct	canonical	0	0	gate	false
joint01-0132	chain8_16	8,16	0,1	0,1	lawler	8	distinct	canonical	0	0	after	false
joint01-0133	chain8_16	8,16	0,1	0,1	lawler	8	distinct	canonical	0	1	before	false
joint01-0134	chain8_16	8,16	0,1	0,1	lawler	8	distinct	canonical	0	1	gate	false
joint01-0135	chain8_16	8,16	0,1	0,1	lawler	8	distinct	canonical	0	1	after	false
joint01-0136	chain8_16	8,16	0,1	0,1	lawler	8	distinct	canonical	1	0	before	false
joint01-0137	chain8_16	8,16	0,1	0,1	lawler	8	distinct	canonical	1	0	gate	false
joint01-0138	chain8_16	8,16	0,1	0,1	lawler	8	distinct	canonical	1	0	after	false
joint01-0139	chain8_16	8,16	0,1	0,1	lawler	8	distinct	canonical	1	1	before	false
joint01-0140	chain8_16	8,16	0,1	0,1	lawler	8	distinct	canonical	1	1	gate	false
joint01-0141	chain8_16	8,16	0,1	0,1	lawler	8	distinct	canonical	1	1	after	false
joint01-0142	chain8_16	8,16	0,1	0,1	lawler	8	colliding	allocated	-1	-1	none	false
joint01-0143	chain8_16	8,16	0,1	0,1	lawler	8	colliding	allocated	0	0	before	false
joint01-0144	chain8_16	8,16	0,1	0,1	lawler	8	colliding	allocated	0	0	gate	false
joint01-0145	chain8_16	8,16	0,1	0,1	lawler	8	colliding	allocated	0	0	after	false
joint01-0146	chain8_16	8,16	0,1	0,1	lawler	8	colliding	allocated	0	1	before	false
joint01-0147	chain8_16	8,16	0,1	0,1	lawler	8	colliding	allocated	0	1	gate	false
joint01-0148	chain8_16	8,16	0,1	0,1	lawler	8	colliding	allocated	0	1	after	false
joint01-0149	chain8_16	8,16	0,1	0,1	lawler	8	colliding	allocated	1	0	before	false
joint01-0150	chain8_16	8,16	0,1	0,1	lawler	8	colliding	allocated	1	0	gate	false
joint01-0151	chain8_16	8,16	0,1	0,1	lawler	8	colliding	allocated	1	0	after	false
joint01-0152	chain8_16	8,16	0,1	0,1	lawler	8	colliding	allocated	1	1	before	false
joint01-0153	chain8_16	8,16	0,1	0,1	lawler	8	colliding	allocated	1	1	gate	false
joint01-0154	chain8_16	8,16	0,1	0,1	lawler	8	colliding	allocated	1	1	after	false
joint01-0155	chain8_16	8,16	0,1	0,1	lawler	8	colliding	canonical	-1	-1	none	false
joint01-0156	chain8_16	8,16	0,1	0,1	lawler	8	colliding	canonical	0	0	before	false
joint01-0157	chain8_16	8,16	0,1	0,1	lawler	8	colliding	canonical	0	0	gate	false
joint01-0158	chain8_16	8,16	0,1	0,1	lawler	8	colliding	canonical	0	0	after	false
joint01-0159	chain8_16	8,16	0,1	0,1	lawler	8	colliding	canonical	0	1	before	false
joint01-0160	chain8_16	8,16	0,1	0,1	lawler	8	colliding	canonical	0	1	gate	false
joint01-0161	chain8_16	8,16	0,1	0,1	lawler	8	colliding	canonical	0	1	after	false
joint01-0162	chain8_16	8,16	0,1	0,1	lawler	8	colliding	canonical	1	0	before	false
joint01-0163	chain8_16	8,16	0,1	0,1	lawler	8	colliding	canonical	1	0	gate	false
joint01-0164	chain8_16	8,16	0,1	0,1	lawler	8	colliding	canonical	1	0	after	false
joint01-0165	chain8_16	8,16	0,1	0,1	lawler	8	colliding	canonical	1	1	before	false
joint01-0166	chain8_16	8,16	0,1	0,1	lawler	8	colliding	canonical	1	1	gate	false
joint01-0167	chain8_16	8,16	0,1	0,1	lawler	8	colliding	canonical	1	1	after	false
joint01-0168	chain8_16	8,16	0,1	0,1	lawler	16	distinct	allocated	-1	-1	none	false
joint01-0169	chain8_16	8,16	0,1	0,1	lawler	16	distinct	allocated	0	0	before	false
joint01-0170	chain8_16	8,16	0,1	0,1	lawler	16	distinct	allocated	0	0	gate	false
joint01-0171	chain8_16	8,16	0,1	0,1	lawler	16	distinct	allocated	0	0	after	false
joint01-0172	chain8_16	8,16	0,1	0,1	lawler	16	distinct	allocated	0	1	before	false
joint01-0173	chain8_16	8,16	0,1	0,1	lawler	16	distinct	allocated	0	1	gate	false
joint01-0174	chain8_16	8,16	0,1	0,1	lawler	16	distinct	allocated	0	1	after	false
joint01-0175	chain8_16	8,16	0,1	0,1	lawler	16	distinct	allocated	1	0	before	false
joint01-0176	chain8_16	8,16	0,1	0,1	lawler	16	distinct	allocated	1	0	gate	false
joint01-0177	chain8_16	8,16	0,1	0,1	lawler	16	distinct	allocated	1	0	after	false
joint01-0178	chain8_16	8,16	0,1	0,1	lawler	16	distinct	allocated	1	1	before	false
joint01-0179	chain8_16	8,16	0,1	0,1	lawler	16	distinct	allocated	1	1	gate	false
joint01-0180	chain8_16	8,16	0,1	0,1	lawler	16	distinct	allocated	1	1	after	false
joint01-0181	chain8_16	8,16	0,1	0,1	lawler	16	distinct	canonical	-1	-1	none	false
joint01-0182	chain8_16	8,16	0,1	0,1	lawler	16	distinct	canonical	0	0	before	false
joint01-0183	chain8_16	8,16	0,1	0,1	lawler	16	distinct	canonical	0	0	gate	false
joint01-0184	chain8_16	8,16	0,1	0,1	lawler	16	distinct	canonical	0	0	after	false
joint01-0185	chain8_16	8,16	0,1	0,1	lawler	16	distinct	canonical	0	1	before	false
joint01-0186	chain8_16	8,16	0,1	0,1	lawler	16	distinct	canonical	0	1	gate	false
joint01-0187	chain8_16	8,16	0,1	0,1	lawler	16	distinct	canonical	0	1	after	false
joint01-0188	chain8_16	8,16	0,1	0,1	lawler	16	distinct	canonical	1	0	before	false
joint01-0189	chain8_16	8,16	0,1	0,1	lawler	16	distinct	canonical	1	0	gate	false
joint01-0190	chain8_16	8,16	0,1	0,1	lawler	16	distinct	canonical	1	0	after	false
joint01-0191	chain8_16	8,16	0,1	0,1	lawler	16	distinct	canonical	1	1	before	false
joint01-0192	chain8_16	8,16	0,1	0,1	lawler	16	distinct	canonical	1	1	gate	false
joint01-0193	chain8_16	8,16	0,1	0,1	lawler	16	distinct	canonical	1	1	after	false
joint01-0194	chain8_16	8,16	0,1	0,1	lawler	16	colliding	allocated	-1	-1	none	false
joint01-0195	chain8_16	8,16	0,1	0,1	lawler	16	colliding	allocated	0	0	before	false
joint01-0196	chain8_16	8,16	0,1	0,1	lawler	16	colliding	allocated	0	0	gate	false
joint01-0197	chain8_16	8,16	0,1	0,1	lawler	16	colliding	allocated	0	0	after	false
joint01-0198	chain8_16	8,16	0,1	0,1	lawler	16	colliding	allocated	0	1	before	false
joint01-0199	chain8_16	8,16	0,1	0,1	lawler	16	colliding	allocated	0	1	gate	false
joint01-0200	chain8_16	8,16	0,1	0,1	lawler	16	colliding	allocated	0	1	after	false
joint01-0201	chain8_16	8,16	0,1	0,1	lawler	16	colliding	allocated	1	0	before	false
joint01-0202	chain8_16	8,16	0,1	0,1	lawler	16	colliding	allocated	1	0	gate	false
joint01-0203	chain8_16	8,16	0,1	0,1	lawler	16	colliding	allocated	1	0	after	false
joint01-0204	chain8_16	8,16	0,1	0,1	lawler	16	colliding	allocated	1	1	before	false
joint01-0205	chain8_16	8,16	0,1	0,1	lawler	16	colliding	allocated	1	1	gate	false
joint01-0206	chain8_16	8,16	0,1	0,1	lawler	16	colliding	allocated	1	1	after	false
joint01-0207	chain8_16	8,16	0,1	0,1	lawler	16	colliding	canonical	-1	-1	none	false
joint01-0208	chain8_16	8,16	0,1	0,1	lawler	16	colliding	canonical	0	0	before	false
joint01-0209	chain8_16	8,16	0,1	0,1	lawler	16	colliding	canonical	0	0	gate	false
joint01-0210	chain8_16	8,16	0,1	0,1	lawler	16	colliding	canonical	0	0	after	false
joint01-0211	chain8_16	8,16	0,1	0,1	lawler	16	colliding	canonical	0	1	before	false
joint01-0212	chain8_16	8,16	0,1	0,1	lawler	16	colliding	canonical	0	1	gate	false
joint01-0213	chain8_16	8,16	0,1	0,1	lawler	16	colliding	canonical	0	1	after	false
joint01-0214	chain8_16	8,16	0,1	0,1	lawler	16	colliding	canonical	1	0	before	false
joint01-0215	chain8_16	8,16	0,1	0,1	lawler	16	colliding	canonical	1	0	gate	false
joint01-0216	chain8_16	8,16	0,1	0,1	lawler	16	colliding	canonical	1	0	after	false
joint01-0217	chain8_16	8,16	0,1	0,1	lawler	16	colliding	canonical	1	1	before	false
joint01-0218	chain8_16	8,16	0,1	0,1	lawler	16	colliding	canonical	1	1	gate	false
joint01-0219	chain8_16	8,16	0,1	0,1	lawler	16	colliding	canonical	1	1	after	false
joint01-0220	chain8_16	8,16	0,1	0,1	cached	-1	distinct	allocated	-1	-1	none	false
joint01-0221	chain8_16	8,16	0,1	0,1	cached	-1	distinct	allocated	0	0	before	false
joint01-0222	chain8_16	8,16	0,1	0,1	cached	-1	distinct	allocated	0	0	gate	false
joint01-0223	chain8_16	8,16	0,1	0,1	cached	-1	distinct	allocated	0	0	after	false
joint01-0224	chain8_16	8,16	0,1	0,1	cached	-1	distinct	allocated	0	1	before	false
joint01-0225	chain8_16	8,16	0,1	0,1	cached	-1	distinct	allocated	0	1	gate	false
joint01-0226	chain8_16	8,16	0,1	0,1	cached	-1	distinct	allocated	0	1	after	false
joint01-0227	chain8_16	8,16	0,1	0,1	cached	-1	distinct	allocated	1	0	before	false
joint01-0228	chain8_16	8,16	0,1	0,1	cached	-1	distinct	allocated	1	0	gate	false
joint01-0229	chain8_16	8,16	0,1	0,1	cached	-1	distinct	allocated	1	0	after	false
joint01-0230	chain8_16	8,16	0,1	0,1	cached	-1	distinct	allocated	1	1	before	false
joint01-0231	chain8_16	8,16	0,1	0,1	cached	-1	distinct	allocated	1	1	gate	false
joint01-0232	chain8_16	8,16	0,1	0,1	cached	-1	distinct	allocated	1	1	after	false
joint01-0233	chain8_16	8,16	0,1	0,1	cached	-1	distinct	canonical	-1	-1	none	false
joint01-0234	chain8_16	8,16	0,1	0,1	cached	-1	distinct	canonical	0	0	before	false
joint01-0235	chain8_16	8,16	0,1	0,1	cached	-1	distinct	canonical	0	0	gate	false
joint01-0236	chain8_16	8,16	0,1	0,1	cached	-1	distinct	canonical	0	0	after	false
joint01-0237	chain8_16	8,16	0,1	0,1	cached	-1	distinct	canonical	0	1	before	false
joint01-0238	chain8_16	8,16	0,1	0,1	cached	-1	distinct	canonical	0	1	gate	false
joint01-0239	chain8_16	8,16	0,1	0,1	cached	-1	distinct	canonical	0	1	after	false
joint01-0240	chain8_16	8,16	0,1	0,1	cached	-1	distinct	canonical	1	0	before	false
joint01-0241	chain8_16	8,16	0,1	0,1	cached	-1	distinct	canonical	1	0	gate	false
joint01-0242	chain8_16	8,16	0,1	0,1	cached	-1	distinct	canonical	1	0	after	false
joint01-0243	chain8_16	8,16	0,1	0,1	cached	-1	distinct	canonical	1	1	before	false
joint01-0244	chain8_16	8,16	0,1	0,1	cached	-1	distinct	canonical	1	1	gate	false
joint01-0245	chain8_16	8,16	0,1	0,1	cached	-1	distinct	canonical	1	1	after	false
joint01-0246	chain8_16	8,16	0,1	0,1	cached	-1	colliding	allocated	-1	-1	none	false
joint01-0247	chain8_16	8,16	0,1	0,1	cached	-1	colliding	allocated	0	0	before	false
joint01-0248	chain8_16	8,16	0,1	0,1	cached	-1	colliding	allocated	0	0	gate	false
joint01-0249	chain8_16	8,16	0,1	0,1	cached	-1	colliding	allocated	0	0	after	false
joint01-0250	chain8_16	8,16	0,1	0,1	cached	-1	colliding	allocated	0	1	before	false
joint01-0251	chain8_16	8,16	0,1	0,1	cached	-1	colliding	allocated	0	1	gate	false
joint01-0252	chain8_16	8,16	0,1	0,1	cached	-1	colliding	allocated	0	1	after	false
joint01-0253	chain8_16	8,16	0,1	0,1	cached	-1	colliding	allocated	1	0	before	false
joint01-0254	chain8_16	8,16	0,1	0,1	cached	-1	colliding	allocated	1	0	gate	false
joint01-0255	chain8_16	8,16	0,1	0,1	cached	-1	colliding	allocated	1	0	after	false
joint01-0256	chain8_16	8,16	0,1	0,1	cached	-1	colliding	allocated	1	1	before	false
joint01-0257	chain8_16	8,16	0,1	0,1	cached	-1	colliding	allocated	1	1	gate	false
joint01-0258	chain8_16	8,16	0,1	0,1	cached	-1	colliding	allocated	1	1	after	false
joint01-0259	chain8_16	8,16	0,1	0,1	cached	-1	colliding	canonical	-1	-1	none	false
joint01-0260	chain8_16	8,16	0,1	0,1	cached	-1	colliding	canonical	0	0	before	false
joint01-0261	chain8_16	8,16	0,1	0,1	cached	-1	colliding	canonical	0	0	gate	false
joint01-0262	chain8_16	8,16	0,1	0,1	cached	-1	colliding	canonical	0	0	after	false
joint01-0263	chain8_16	8,16	0,1	0,1	cached	-1	colliding	canonical	0	1	before	false
joint01-0264	chain8_16	8,16	0,1	0,1	cached	-1	colliding	canonical	0	1	gate	false
joint01-0265	chain8_16	8,16	0,1	0,1	cached	-1	colliding	canonical	0	1	after	false
joint01-0266	chain8_16	8,16	0,1	0,1	cached	-1	colliding	canonical	1	0	before	false
joint01-0267	chain8_16	8,16	0,1	0,1	cached	-1	colliding	canonical	1	0	gate	false
joint01-0268	chain8_16	8,16	0,1	0,1	cached	-1	colliding	canonical	1	0	after	false
joint01-0269	chain8_16	8,16	0,1	0,1	cached	-1	colliding	canonical	1	1	before	false
joint01-0270	chain8_16	8,16	0,1	0,1	cached	-1	colliding	canonical	1	1	gate	false
joint01-0271	chain8_16	8,16	0,1	0,1	cached	-1	colliding	canonical	1	1	after	false
joint01-0272	chain8_16	8,16	0,1	0,1	fresh	-1	distinct	allocated	-1	-1	none	false
joint01-0273	chain8_16	8,16	0,1	0,1	fresh	-1	distinct	allocated	0	0	before	false
joint01-0274	chain8_16	8,16	0,1	0,1	fresh	-1	distinct	allocated	0	0	gate	false
joint01-0275	chain8_16	8,16	0,1	0,1	fresh	-1	distinct	allocated	0	0	after	false
joint01-0276	chain8_16	8,16	0,1	0,1	fresh	-1	distinct	allocated	0	1	before	false
joint01-0277	chain8_16	8,16	0,1	0,1	fresh	-1	distinct	allocated	0	1	gate	false
joint01-0278	chain8_16	8,16	0,1	0,1	fresh	-1	distinct	allocated	0	1	after	false
joint01-0279	chain8_16	8,16	0,1	0,1	fresh	-1	distinct	allocated	1	0	before	false
joint01-0280	chain8_16	8,16	0,1	0,1	fresh	-1	distinct	allocated	1	0	gate	false
joint01-0281	chain8_16	8,16	0,1	0,1	fresh	-1	distinct	allocated	1	0	after	false
joint01-0282	chain8_16	8,16	0,1	0,1	fresh	-1	distinct	allocated	1	1	before	false
joint01-0283	chain8_16	8,16	0,1	0,1	fresh	-1	distinct	allocated	1	1	gate	false
joint01-0284	chain8_16	8,16	0,1	0,1	fresh	-1	distinct	allocated	1	1	after	false
joint01-0285	chain8_16	8,16	0,1	0,1	fresh	-1	distinct	canonical	-1	-1	none	false
joint01-0286	chain8_16	8,16	0,1	0,1	fresh	-1	distinct	canonical	0	0	before	false
joint01-0287	chain8_16	8,16	0,1	0,1	fresh	-1	distinct	canonical	0	0	gate	false
joint01-0288	chain8_16	8,16	0,1	0,1	fresh	-1	distinct	canonical	0	0	after	false
joint01-0289	chain8_16	8,16	0,1	0,1	fresh	-1	distinct	canonical	0	1	before	false
joint01-0290	chain8_16	8,16	0,1	0,1	fresh	-1	distinct	canonical	0	1	gate	false
joint01-0291	chain8_16	8,16	0,1	0,1	fresh	-1	distinct	canonical	0	1	after	false
joint01-0292	chain8_16	8,16	0,1	0,1	fresh	-1	distinct	canonical	1	0	before	false
joint01-0293	chain8_16	8,16	0,1	0,1	fresh	-1	distinct	canonical	1	0	gate	false
joint01-0294	chain8_16	8,16	0,1	0,1	fresh	-1	distinct	canonical	1	0	after	false
joint01-0295	chain8_16	8,16	0,1	0,1	fresh	-1	distinct	canonical	1	1	before	false
joint01-0296	chain8_16	8,16	0,1	0,1	fresh	-1	distinct	canonical	1	1	gate	false
joint01-0297	chain8_16	8,16	0,1	0,1	fresh	-1	distinct	canonical	1	1	after	false
joint01-0298	chain8_16	8,16	0,1	0,1	fresh	-1	colliding	allocated	-1	-1	none	false
joint01-0299	chain8_16	8,16	0,1	0,1	fresh	-1	colliding	allocated	0	0	before	false
joint01-0300	chain8_16	8,16	0,1	0,1	fresh	-1	colliding	allocated	0	0	gate	false
joint01-0301	chain8_16	8,16	0,1	0,1	fresh	-1	colliding	allocated	0	0	after	false
joint01-0302	chain8_16	8,16	0,1	0,1	fresh	-1	colliding	allocated	0	1	before	false
joint01-0303	chain8_16	8,16	0,1	0,1	fresh	-1	colliding	allocated	0	1	gate	false
joint01-0304	chain8_16	8,16	0,1	0,1	fresh	-1	colliding	allocated	0	1	after	false
joint01-0305	chain8_16	8,16	0,1	0,1	fresh	-1	colliding	allocated	1	0	before	false
joint01-0306	chain8_16	8,16	0,1	0,1	fresh	-1	colliding	allocated	1	0	gate	false
joint01-0307	chain8_16	8,16	0,1	0,1	fresh	-1	colliding	allocated	1	0	after	false
joint01-0308	chain8_16	8,16	0,1	0,1	fresh	-1	colliding	allocated	1	1	before	false
joint01-0309	chain8_16	8,16	0,1	0,1	fresh	-1	colliding	allocated	1	1	gate	false
joint01-0310	chain8_16	8,16	0,1	0,1	fresh	-1	colliding	allocated	1	1	after	false
joint01-0311	chain8_16	8,16	0,1	0,1	fresh	-1	colliding	canonical	-1	-1	none	false
joint01-0312	chain8_16	8,16	0,1	0,1	fresh	-1	colliding	canonical	0	0	before	false
joint01-0313	chain8_16	8,16	0,1	0,1	fresh	-1	colliding	canonical	0	0	gate	false
joint01-0314	chain8_16	8,16	0,1	0,1	fresh	-1	colliding	canonical	0	0	after	false
joint01-0315	chain8_16	8,16	0,1	0,1	fresh	-1	colliding	canonical	0	1	before	false
joint01-0316	chain8_16	8,16	0,1	0,1	fresh	-1	colliding	canonical	0	1	gate	false
joint01-0317	chain8_16	8,16	0,1	0,1	fresh	-1	colliding	canonical	0	1	after	false
joint01-0318	chain8_16	8,16	0,1	0,1	fresh	-1	colliding	canonical	1	0	before	false
joint01-0319	chain8_16	8,16	0,1	0,1	fresh	-1	colliding	canonical	1	0	gate	false
joint01-0320	chain8_16	8,16	0,1	0,1	fresh	-1	colliding	canonical	1	0	after	false
joint01-0321	chain8_16	8,16	0,1	0,1	fresh	-1	colliding	canonical	1	1	before	false
joint01-0322	chain8_16	8,16	0,1	0,1	fresh	-1	colliding	canonical	1	1	gate	false
joint01-0323	chain8_16	8,16	0,1	0,1	fresh	-1	colliding	canonical	1	1	after	false
joint01-0324	chain16_8	8,16	2,0	1,0	lawler	0	distinct	allocated	-1	-1	none	false
joint01-0325	chain16_8	8,16	2,0	1,0	lawler	0	distinct	allocated	0	0	before	false
joint01-0326	chain16_8	8,16	2,0	1,0	lawler	0	distinct	allocated	0	0	gate	false
joint01-0327	chain16_8	8,16	2,0	1,0	lawler	0	distinct	allocated	0	0	after	false
joint01-0328	chain16_8	8,16	2,0	1,0	lawler	0	distinct	allocated	0	1	before	false
joint01-0329	chain16_8	8,16	2,0	1,0	lawler	0	distinct	allocated	0	1	gate	false
joint01-0330	chain16_8	8,16	2,0	1,0	lawler	0	distinct	allocated	0	1	after	false
joint01-0331	chain16_8	8,16	2,0	1,0	lawler	0	distinct	allocated	1	0	before	false
joint01-0332	chain16_8	8,16	2,0	1,0	lawler	0	distinct	allocated	1	0	gate	false
joint01-0333	chain16_8	8,16	2,0	1,0	lawler	0	distinct	allocated	1	0	after	false
joint01-0334	chain16_8	8,16	2,0	1,0	lawler	0	distinct	allocated	1	1	before	false
joint01-0335	chain16_8	8,16	2,0	1,0	lawler	0	distinct	allocated	1	1	gate	false
joint01-0336	chain16_8	8,16	2,0	1,0	lawler	0	distinct	allocated	1	1	after	false
joint01-0337	chain16_8	8,16	2,0	1,0	lawler	0	distinct	canonical	-1	-1	none	false
joint01-0338	chain16_8	8,16	2,0	1,0	lawler	0	distinct	canonical	0	0	before	false
joint01-0339	chain16_8	8,16	2,0	1,0	lawler	0	distinct	canonical	0	0	gate	false
joint01-0340	chain16_8	8,16	2,0	1,0	lawler	0	distinct	canonical	0	0	after	false
joint01-0341	chain16_8	8,16	2,0	1,0	lawler	0	distinct	canonical	0	1	before	false
joint01-0342	chain16_8	8,16	2,0	1,0	lawler	0	distinct	canonical	0	1	gate	false
joint01-0343	chain16_8	8,16	2,0	1,0	lawler	0	distinct	canonical	0	1	after	false
joint01-0344	chain16_8	8,16	2,0	1,0	lawler	0	distinct	canonical	1	0	before	false
joint01-0345	chain16_8	8,16	2,0	1,0	lawler	0	distinct	canonical	1	0	gate	false
joint01-0346	chain16_8	8,16	2,0	1,0	lawler	0	distinct	canonical	1	0	after	false
joint01-0347	chain16_8	8,16	2,0	1,0	lawler	0	distinct	canonical	1	1	before	false
joint01-0348	chain16_8	8,16	2,0	1,0	lawler	0	distinct	canonical	1	1	gate	false
joint01-0349	chain16_8	8,16	2,0	1,0	lawler	0	distinct	canonical	1	1	after	false
joint01-0350	chain16_8	8,16	2,0	1,0	lawler	0	colliding	allocated	-1	-1	none	false
joint01-0351	chain16_8	8,16	2,0	1,0	lawler	0	colliding	allocated	0	0	before	false
joint01-0352	chain16_8	8,16	2,0	1,0	lawler	0	colliding	allocated	0	0	gate	false
joint01-0353	chain16_8	8,16	2,0	1,0	lawler	0	colliding	allocated	0	0	after	false
joint01-0354	chain16_8	8,16	2,0	1,0	lawler	0	colliding	allocated	0	1	before	false
joint01-0355	chain16_8	8,16	2,0	1,0	lawler	0	colliding	allocated	0	1	gate	false
joint01-0356	chain16_8	8,16	2,0	1,0	lawler	0	colliding	allocated	0	1	after	false
joint01-0357	chain16_8	8,16	2,0	1,0	lawler	0	colliding	allocated	1	0	before	false
joint01-0358	chain16_8	8,16	2,0	1,0	lawler	0	colliding	allocated	1	0	gate	false
joint01-0359	chain16_8	8,16	2,0	1,0	lawler	0	colliding	allocated	1	0	after	false
joint01-0360	chain16_8	8,16	2,0	1,0	lawler	0	colliding	allocated	1	1	before	false
joint01-0361	chain16_8	8,16	2,0	1,0	lawler	0	colliding	allocated	1	1	gate	false
joint01-0362	chain16_8	8,16	2,0	1,0	lawler	0	colliding	allocated	1	1	after	false
joint01-0363	chain16_8	8,16	2,0	1,0	lawler	0	colliding	canonical	-1	-1	none	false
joint01-0364	chain16_8	8,16	2,0	1,0	lawler	0	colliding	canonical	0	0	before	false
joint01-0365	chain16_8	8,16	2,0	1,0	lawler	0	colliding	canonical	0	0	gate	false
joint01-0366	chain16_8	8,16	2,0	1,0	lawler	0	colliding	canonical	0	0	after	false
joint01-0367	chain16_8	8,16	2,0	1,0	lawler	0	colliding	canonical	0	1	before	false
joint01-0368	chain16_8	8,16	2,0	1,0	lawler	0	colliding	canonical	0	1	gate	false
joint01-0369	chain16_8	8,16	2,0	1,0	lawler	0	colliding	canonical	0	1	after	false
joint01-0370	chain16_8	8,16	2,0	1,0	lawler	0	colliding	canonical	1	0	before	false
joint01-0371	chain16_8	8,16	2,0	1,0	lawler	0	colliding	canonical	1	0	gate	false
joint01-0372	chain16_8	8,16	2,0	1,0	lawler	0	colliding	canonical	1	0	after	false
joint01-0373	chain16_8	8,16	2,0	1,0	lawler	0	colliding	canonical	1	1	before	false
joint01-0374	chain16_8	8,16	2,0	1,0	lawler	0	colliding	canonical	1	1	gate	false
joint01-0375	chain16_8	8,16	2,0	1,0	lawler	0	colliding	canonical	1	1	after	false
joint01-0376	chain16_8	8,16	2,0	1,0	lawler	8	distinct	allocated	-1	-1	none	false
joint01-0377	chain16_8	8,16	2,0	1,0	lawler	8	distinct	allocated	0	0	before	false
joint01-0378	chain16_8	8,16	2,0	1,0	lawler	8	distinct	allocated	0	0	gate	false
joint01-0379	chain16_8	8,16	2,0	1,0	lawler	8	distinct	allocated	0	0	after	false
joint01-0380	chain16_8	8,16	2,0	1,0	lawler	8	distinct	allocated	0	1	before	false
joint01-0381	chain16_8	8,16	2,0	1,0	lawler	8	distinct	allocated	0	1	gate	false
joint01-0382	chain16_8	8,16	2,0	1,0	lawler	8	distinct	allocated	0	1	after	false
joint01-0383	chain16_8	8,16	2,0	1,0	lawler	8	distinct	allocated	1	0	before	false
joint01-0384	chain16_8	8,16	2,0	1,0	lawler	8	distinct	allocated	1	0	gate	false
joint01-0385	chain16_8	8,16	2,0	1,0	lawler	8	distinct	allocated	1	0	after	false
joint01-0386	chain16_8	8,16	2,0	1,0	lawler	8	distinct	allocated	1	1	before	false
joint01-0387	chain16_8	8,16	2,0	1,0	lawler	8	distinct	allocated	1	1	gate	false
joint01-0388	chain16_8	8,16	2,0	1,0	lawler	8	distinct	allocated	1	1	after	false
joint01-0389	chain16_8	8,16	2,0	1,0	lawler	8	distinct	canonical	-1	-1	none	false
joint01-0390	chain16_8	8,16	2,0	1,0	lawler	8	distinct	canonical	0	0	before	false
joint01-0391	chain16_8	8,16	2,0	1,0	lawler	8	distinct	canonical	0	0	gate	false
joint01-0392	chain16_8	8,16	2,0	1,0	lawler	8	distinct	canonical	0	0	after	false
joint01-0393	chain16_8	8,16	2,0	1,0	lawler	8	distinct	canonical	0	1	before	false
joint01-0394	chain16_8	8,16	2,0	1,0	lawler	8	distinct	canonical	0	1	gate	false
joint01-0395	chain16_8	8,16	2,0	1,0	lawler	8	distinct	canonical	0	1	after	false
joint01-0396	chain16_8	8,16	2,0	1,0	lawler	8	distinct	canonical	1	0	before	false
joint01-0397	chain16_8	8,16	2,0	1,0	lawler	8	distinct	canonical	1	0	gate	false
joint01-0398	chain16_8	8,16	2,0	1,0	lawler	8	distinct	canonical	1	0	after	false
joint01-0399	chain16_8	8,16	2,0	1,0	lawler	8	distinct	canonical	1	1	before	false
joint01-0400	chain16_8	8,16	2,0	1,0	lawler	8	distinct	canonical	1	1	gate	false
joint01-0401	chain16_8	8,16	2,0	1,0	lawler	8	distinct	canonical	1	1	after	false
joint01-0402	chain16_8	8,16	2,0	1,0	lawler	8	colliding	allocated	-1	-1	none	false
joint01-0403	chain16_8	8,16	2,0	1,0	lawler	8	colliding	allocated	0	0	before	false
joint01-0404	chain16_8	8,16	2,0	1,0	lawler	8	colliding	allocated	0	0	gate	false
joint01-0405	chain16_8	8,16	2,0	1,0	lawler	8	colliding	allocated	0	0	after	false
joint01-0406	chain16_8	8,16	2,0	1,0	lawler	8	colliding	allocated	0	1	before	false
joint01-0407	chain16_8	8,16	2,0	1,0	lawler	8	colliding	allocated	0	1	gate	false
joint01-0408	chain16_8	8,16	2,0	1,0	lawler	8	colliding	allocated	0	1	after	false
joint01-0409	chain16_8	8,16	2,0	1,0	lawler	8	colliding	allocated	1	0	before	false
joint01-0410	chain16_8	8,16	2,0	1,0	lawler	8	colliding	allocated	1	0	gate	false
joint01-0411	chain16_8	8,16	2,0	1,0	lawler	8	colliding	allocated	1	0	after	false
joint01-0412	chain16_8	8,16	2,0	1,0	lawler	8	colliding	allocated	1	1	before	false
joint01-0413	chain16_8	8,16	2,0	1,0	lawler	8	colliding	allocated	1	1	gate	false
joint01-0414	chain16_8	8,16	2,0	1,0	lawler	8	colliding	allocated	1	1	after	false
joint01-0415	chain16_8	8,16	2,0	1,0	lawler	8	colliding	canonical	-1	-1	none	false
joint01-0416	chain16_8	8,16	2,0	1,0	lawler	8	colliding	canonical	0	0	before	false
joint01-0417	chain16_8	8,16	2,0	1,0	lawler	8	colliding	canonical	0	0	gate	false
joint01-0418	chain16_8	8,16	2,0	1,0	lawler	8	colliding	canonical	0	0	after	false
joint01-0419	chain16_8	8,16	2,0	1,0	lawler	8	colliding	canonical	0	1	before	false
joint01-0420	chain16_8	8,16	2,0	1,0	lawler	8	colliding	canonical	0	1	gate	false
joint01-0421	chain16_8	8,16	2,0	1,0	lawler	8	colliding	canonical	0	1	after	false
joint01-0422	chain16_8	8,16	2,0	1,0	lawler	8	colliding	canonical	1	0	before	false
joint01-0423	chain16_8	8,16	2,0	1,0	lawler	8	colliding	canonical	1	0	gate	false
joint01-0424	chain16_8	8,16	2,0	1,0	lawler	8	colliding	canonical	1	0	after	false
joint01-0425	chain16_8	8,16	2,0	1,0	lawler	8	colliding	canonical	1	1	before	false
joint01-0426	chain16_8	8,16	2,0	1,0	lawler	8	colliding	canonical	1	1	gate	false
joint01-0427	chain16_8	8,16	2,0	1,0	lawler	8	colliding	canonical	1	1	after	false
joint01-0428	chain16_8	8,16	2,0	1,0	lawler	16	distinct	allocated	-1	-1	none	false
joint01-0429	chain16_8	8,16	2,0	1,0	lawler	16	distinct	allocated	0	0	before	false
joint01-0430	chain16_8	8,16	2,0	1,0	lawler	16	distinct	allocated	0	0	gate	false
joint01-0431	chain16_8	8,16	2,0	1,0	lawler	16	distinct	allocated	0	0	after	false
joint01-0432	chain16_8	8,16	2,0	1,0	lawler	16	distinct	allocated	0	1	before	false
joint01-0433	chain16_8	8,16	2,0	1,0	lawler	16	distinct	allocated	0	1	gate	false
joint01-0434	chain16_8	8,16	2,0	1,0	lawler	16	distinct	allocated	0	1	after	false
joint01-0435	chain16_8	8,16	2,0	1,0	lawler	16	distinct	allocated	1	0	before	false
joint01-0436	chain16_8	8,16	2,0	1,0	lawler	16	distinct	allocated	1	0	gate	false
joint01-0437	chain16_8	8,16	2,0	1,0	lawler	16	distinct	allocated	1	0	after	false
joint01-0438	chain16_8	8,16	2,0	1,0	lawler	16	distinct	allocated	1	1	before	false
joint01-0439	chain16_8	8,16	2,0	1,0	lawler	16	distinct	allocated	1	1	gate	false
joint01-0440	chain16_8	8,16	2,0	1,0	lawler	16	distinct	allocated	1	1	after	false
joint01-0441	chain16_8	8,16	2,0	1,0	lawler	16	distinct	canonical	-1	-1	none	false
joint01-0442	chain16_8	8,16	2,0	1,0	lawler	16	distinct	canonical	0	0	before	false
joint01-0443	chain16_8	8,16	2,0	1,0	lawler	16	distinct	canonical	0	0	gate	false
joint01-0444	chain16_8	8,16	2,0	1,0	lawler	16	distinct	canonical	0	0	after	false
joint01-0445	chain16_8	8,16	2,0	1,0	lawler	16	distinct	canonical	0	1	before	false
joint01-0446	chain16_8	8,16	2,0	1,0	lawler	16	distinct	canonical	0	1	gate	false
joint01-0447	chain16_8	8,16	2,0	1,0	lawler	16	distinct	canonical	0	1	after	false
joint01-0448	chain16_8	8,16	2,0	1,0	lawler	16	distinct	canonical	1	0	before	false
joint01-0449	chain16_8	8,16	2,0	1,0	lawler	16	distinct	canonical	1	0	gate	false
joint01-0450	chain16_8	8,16	2,0	1,0	lawler	16	distinct	canonical	1	0	after	false
joint01-0451	chain16_8	8,16	2,0	1,0	lawler	16	distinct	canonical	1	1	before	false
joint01-0452	chain16_8	8,16	2,0	1,0	lawler	16	distinct	canonical	1	1	gate	false
joint01-0453	chain16_8	8,16	2,0	1,0	lawler	16	distinct	canonical	1	1	after	false
joint01-0454	chain16_8	8,16	2,0	1,0	lawler	16	colliding	allocated	-1	-1	none	false
joint01-0455	chain16_8	8,16	2,0	1,0	lawler	16	colliding	allocated	0	0	before	false
joint01-0456	chain16_8	8,16	2,0	1,0	lawler	16	colliding	allocated	0	0	gate	false
joint01-0457	chain16_8	8,16	2,0	1,0	lawler	16	colliding	allocated	0	0	after	false
joint01-0458	chain16_8	8,16	2,0	1,0	lawler	16	colliding	allocated	0	1	before	false
joint01-0459	chain16_8	8,16	2,0	1,0	lawler	16	colliding	allocated	0	1	gate	false
joint01-0460	chain16_8	8,16	2,0	1,0	lawler	16	colliding	allocated	0	1	after	false
joint01-0461	chain16_8	8,16	2,0	1,0	lawler	16	colliding	allocated	1	0	before	false
joint01-0462	chain16_8	8,16	2,0	1,0	lawler	16	colliding	allocated	1	0	gate	false
joint01-0463	chain16_8	8,16	2,0	1,0	lawler	16	colliding	allocated	1	0	after	false
joint01-0464	chain16_8	8,16	2,0	1,0	lawler	16	colliding	allocated	1	1	before	false
joint01-0465	chain16_8	8,16	2,0	1,0	lawler	16	colliding	allocated	1	1	gate	false
joint01-0466	chain16_8	8,16	2,0	1,0	lawler	16	colliding	allocated	1	1	after	false
joint01-0467	chain16_8	8,16	2,0	1,0	lawler	16	colliding	canonical	-1	-1	none	false
joint01-0468	chain16_8	8,16	2,0	1,0	lawler	16	colliding	canonical	0	0	before	false
joint01-0469	chain16_8	8,16	2,0	1,0	lawler	16	colliding	canonical	0	0	gate	false
joint01-0470	chain16_8	8,16	2,0	1,0	lawler	16	colliding	canonical	0	0	after	false
joint01-0471	chain16_8	8,16	2,0	1,0	lawler	16	colliding	canonical	0	1	before	false
joint01-0472	chain16_8	8,16	2,0	1,0	lawler	16	colliding	canonical	0	1	gate	false
joint01-0473	chain16_8	8,16	2,0	1,0	lawler	16	colliding	canonical	0	1	after	false
joint01-0474	chain16_8	8,16	2,0	1,0	lawler	16	colliding	canonical	1	0	before	false
joint01-0475	chain16_8	8,16	2,0	1,0	lawler	16	colliding	canonical	1	0	gate	false
joint01-0476	chain16_8	8,16	2,0	1,0	lawler	16	colliding	canonical	1	0	after	false
joint01-0477	chain16_8	8,16	2,0	1,0	lawler	16	colliding	canonical	1	1	before	false
joint01-0478	chain16_8	8,16	2,0	1,0	lawler	16	colliding	canonical	1	1	gate	false
joint01-0479	chain16_8	8,16	2,0	1,0	lawler	16	colliding	canonical	1	1	after	false
joint01-0480	chain16_8	8,16	2,0	1,0	cached	-1	distinct	allocated	-1	-1	none	false
joint01-0481	chain16_8	8,16	2,0	1,0	cached	-1	distinct	allocated	0	0	before	false
joint01-0482	chain16_8	8,16	2,0	1,0	cached	-1	distinct	allocated	0	0	gate	false
joint01-0483	chain16_8	8,16	2,0	1,0	cached	-1	distinct	allocated	0	0	after	false
joint01-0484	chain16_8	8,16	2,0	1,0	cached	-1	distinct	allocated	0	1	before	false
joint01-0485	chain16_8	8,16	2,0	1,0	cached	-1	distinct	allocated	0	1	gate	false
joint01-0486	chain16_8	8,16	2,0	1,0	cached	-1	distinct	allocated	0	1	after	false
joint01-0487	chain16_8	8,16	2,0	1,0	cached	-1	distinct	allocated	1	0	before	false
joint01-0488	chain16_8	8,16	2,0	1,0	cached	-1	distinct	allocated	1	0	gate	false
joint01-0489	chain16_8	8,16	2,0	1,0	cached	-1	distinct	allocated	1	0	after	false
joint01-0490	chain16_8	8,16	2,0	1,0	cached	-1	distinct	allocated	1	1	before	false
joint01-0491	chain16_8	8,16	2,0	1,0	cached	-1	distinct	allocated	1	1	gate	false
joint01-0492	chain16_8	8,16	2,0	1,0	cached	-1	distinct	allocated	1	1	after	false
joint01-0493	chain16_8	8,16	2,0	1,0	cached	-1	distinct	canonical	-1	-1	none	false
joint01-0494	chain16_8	8,16	2,0	1,0	cached	-1	distinct	canonical	0	0	before	false
joint01-0495	chain16_8	8,16	2,0	1,0	cached	-1	distinct	canonical	0	0	gate	false
joint01-0496	chain16_8	8,16	2,0	1,0	cached	-1	distinct	canonical	0	0	after	false
joint01-0497	chain16_8	8,16	2,0	1,0	cached	-1	distinct	canonical	0	1	before	false
joint01-0498	chain16_8	8,16	2,0	1,0	cached	-1	distinct	canonical	0	1	gate	false
joint01-0499	chain16_8	8,16	2,0	1,0	cached	-1	distinct	canonical	0	1	after	false
joint01-0500	chain16_8	8,16	2,0	1,0	cached	-1	distinct	canonical	1	0	before	false
joint01-0501	chain16_8	8,16	2,0	1,0	cached	-1	distinct	canonical	1	0	gate	false
joint01-0502	chain16_8	8,16	2,0	1,0	cached	-1	distinct	canonical	1	0	after	false
joint01-0503	chain16_8	8,16	2,0	1,0	cached	-1	distinct	canonical	1	1	before	false
joint01-0504	chain16_8	8,16	2,0	1,0	cached	-1	distinct	canonical	1	1	gate	false
joint01-0505	chain16_8	8,16	2,0	1,0	cached	-1	distinct	canonical	1	1	after	false
joint01-0506	chain16_8	8,16	2,0	1,0	cached	-1	colliding	allocated	-1	-1	none	false
joint01-0507	chain16_8	8,16	2,0	1,0	cached	-1	colliding	allocated	0	0	before	false
joint01-0508	chain16_8	8,16	2,0	1,0	cached	-1	colliding	allocated	0	0	gate	false
joint01-0509	chain16_8	8,16	2,0	1,0	cached	-1	colliding	allocated	0	0	after	false
joint01-0510	chain16_8	8,16	2,0	1,0	cached	-1	colliding	allocated	0	1	before	false
joint01-0511	chain16_8	8,16	2,0	1,0	cached	-1	colliding	allocated	0	1	gate	false
joint01-0512	chain16_8	8,16	2,0	1,0	cached	-1	colliding	allocated	0	1	after	false
joint01-0513	chain16_8	8,16	2,0	1,0	cached	-1	colliding	allocated	1	0	before	false
joint01-0514	chain16_8	8,16	2,0	1,0	cached	-1	colliding	allocated	1	0	gate	false
joint01-0515	chain16_8	8,16	2,0	1,0	cached	-1	colliding	allocated	1	0	after	false
joint01-0516	chain16_8	8,16	2,0	1,0	cached	-1	colliding	allocated	1	1	before	false
joint01-0517	chain16_8	8,16	2,0	1,0	cached	-1	colliding	allocated	1	1	gate	false
joint01-0518	chain16_8	8,16	2,0	1,0	cached	-1	colliding	allocated	1	1	after	false
joint01-0519	chain16_8	8,16	2,0	1,0	cached	-1	colliding	canonical	-1	-1	none	false
joint01-0520	chain16_8	8,16	2,0	1,0	cached	-1	colliding	canonical	0	0	before	false
joint01-0521	chain16_8	8,16	2,0	1,0	cached	-1	colliding	canonical	0	0	gate	false
joint01-0522	chain16_8	8,16	2,0	1,0	cached	-1	colliding	canonical	0	0	after	false
joint01-0523	chain16_8	8,16	2,0	1,0	cached	-1	colliding	canonical	0	1	before	false
joint01-0524	chain16_8	8,16	2,0	1,0	cached	-1	colliding	canonical	0	1	gate	false
joint01-0525	chain16_8	8,16	2,0	1,0	cached	-1	colliding	canonical	0	1	after	false
joint01-0526	chain16_8	8,16	2,0	1,0	cached	-1	colliding	canonical	1	0	before	false
joint01-0527	chain16_8	8,16	2,0	1,0	cached	-1	colliding	canonical	1	0	gate	false
joint01-0528	chain16_8	8,16	2,0	1,0	cached	-1	colliding	canonical	1	0	after	false
joint01-0529	chain16_8	8,16	2,0	1,0	cached	-1	colliding	canonical	1	1	before	false
joint01-0530	chain16_8	8,16	2,0	1,0	cached	-1	colliding	canonical	1	1	gate	false
joint01-0531	chain16_8	8,16	2,0	1,0	cached	-1	colliding	canonical	1	1	after	false
joint01-0532	chain16_8	8,16	2,0	1,0	fresh	-1	distinct	allocated	-1	-1	none	false
joint01-0533	chain16_8	8,16	2,0	1,0	fresh	-1	distinct	allocated	0	0	before	false
joint01-0534	chain16_8	8,16	2,0	1,0	fresh	-1	distinct	allocated	0	0	gate	false
joint01-0535	chain16_8	8,16	2,0	1,0	fresh	-1	distinct	allocated	0	0	after	false
joint01-0536	chain16_8	8,16	2,0	1,0	fresh	-1	distinct	allocated	0	1	before	false
joint01-0537	chain16_8	8,16	2,0	1,0	fresh	-1	distinct	allocated	0	1	gate	false
joint01-0538	chain16_8	8,16	2,0	1,0	fresh	-1	distinct	allocated	0	1	after	false
joint01-0539	chain16_8	8,16	2,0	1,0	fresh	-1	distinct	allocated	1	0	before	false
joint01-0540	chain16_8	8,16	2,0	1,0	fresh	-1	distinct	allocated	1	0	gate	false
joint01-0541	chain16_8	8,16	2,0	1,0	fresh	-1	distinct	allocated	1	0	after	false
joint01-0542	chain16_8	8,16	2,0	1,0	fresh	-1	distinct	allocated	1	1	before	false
joint01-0543	chain16_8	8,16	2,0	1,0	fresh	-1	distinct	allocated	1	1	gate	false
joint01-0544	chain16_8	8,16	2,0	1,0	fresh	-1	distinct	allocated	1	1	after	false
joint01-0545	chain16_8	8,16	2,0	1,0	fresh	-1	distinct	canonical	-1	-1	none	false
joint01-0546	chain16_8	8,16	2,0	1,0	fresh	-1	distinct	canonical	0	0	before	false
joint01-0547	chain16_8	8,16	2,0	1,0	fresh	-1	distinct	canonical	0	0	gate	false
joint01-0548	chain16_8	8,16	2,0	1,0	fresh	-1	distinct	canonical	0	0	after	false
joint01-0549	chain16_8	8,16	2,0	1,0	fresh	-1	distinct	canonical	0	1	before	false
joint01-0550	chain16_8	8,16	2,0	1,0	fresh	-1	distinct	canonical	0	1	gate	false
joint01-0551	chain16_8	8,16	2,0	1,0	fresh	-1	distinct	canonical	0	1	after	false
joint01-0552	chain16_8	8,16	2,0	1,0	fresh	-1	distinct	canonical	1	0	before	false
joint01-0553	chain16_8	8,16	2,0	1,0	fresh	-1	distinct	canonical	1	0	gate	false
joint01-0554	chain16_8	8,16	2,0	1,0	fresh	-1	distinct	canonical	1	0	after	false
joint01-0555	chain16_8	8,16	2,0	1,0	fresh	-1	distinct	canonical	1	1	before	false
joint01-0556	chain16_8	8,16	2,0	1,0	fresh	-1	distinct	canonical	1	1	gate	false
joint01-0557	chain16_8	8,16	2,0	1,0	fresh	-1	distinct	canonical	1	1	after	false
joint01-0558	chain16_8	8,16	2,0	1,0	fresh	-1	colliding	allocated	-1	-1	none	false
joint01-0559	chain16_8	8,16	2,0	1,0	fresh	-1	colliding	allocated	0	0	before	false
joint01-0560	chain16_8	8,16	2,0	1,0	fresh	-1	colliding	allocated	0	0	gate	false
joint01-0561	chain16_8	8,16	2,0	1,0	fresh	-1	colliding	allocated	0	0	after	false
joint01-0562	chain16_8	8,16	2,0	1,0	fresh	-1	colliding	allocated	0	1	before	false
joint01-0563	chain16_8	8,16	2,0	1,0	fresh	-1	colliding	allocated	0	1	gate	false
joint01-0564	chain16_8	8,16	2,0	1,0	fresh	-1	colliding	allocated	0	1	after	false
joint01-0565	chain16_8	8,16	2,0	1,0	fresh	-1	colliding	allocated	1	0	before	false
joint01-0566	chain16_8	8,16	2,0	1,0	fresh	-1	colliding	allocated	1	0	gate	false
joint01-0567	chain16_8	8,16	2,0	1,0	fresh	-1	colliding	allocated	1	0	after	false
joint01-0568	chain16_8	8,16	2,0	1,0	fresh	-1	colliding	allocated	1	1	before	false
joint01-0569	chain16_8	8,16	2,0	1,0	fresh	-1	colliding	allocated	1	1	gate	false
joint01-0570	chain16_8	8,16	2,0	1,0	fresh	-1	colliding	allocated	1	1	after	false
joint01-0571	chain16_8	8,16	2,0	1,0	fresh	-1	colliding	canonical	-1	-1	none	false
joint01-0572	chain16_8	8,16	2,0	1,0	fresh	-1	colliding	canonical	0	0	before	false
joint01-0573	chain16_8	8,16	2,0	1,0	fresh	-1	colliding	canonical	0	0	gate	false
joint01-0574	chain16_8	8,16	2,0	1,0	fresh	-1	colliding	canonical	0	0	after	false
joint01-0575	chain16_8	8,16	2,0	1,0	fresh	-1	colliding	canonical	0	1	before	false
joint01-0576	chain16_8	8,16	2,0	1,0	fresh	-1	colliding	canonical	0	1	gate	false
joint01-0577	chain16_8	8,16	2,0	1,0	fresh	-1	colliding	canonical	0	1	after	false
joint01-0578	chain16_8	8,16	2,0	1,0	fresh	-1	colliding	canonical	1	0	before	false
joint01-0579	chain16_8	8,16	2,0	1,0	fresh	-1	colliding	canonical	1	0	gate	false
joint01-0580	chain16_8	8,16	2,0	1,0	fresh	-1	colliding	canonical	1	0	after	false
joint01-0581	chain16_8	8,16	2,0	1,0	fresh	-1	colliding	canonical	1	1	before	false
joint01-0582	chain16_8	8,16	2,0	1,0	fresh	-1	colliding	canonical	1	1	gate	false
joint01-0583	chain16_8	8,16	2,0	1,0	fresh	-1	colliding	canonical	1	1	after	false
joint01-0584	independent8_16	8,16	0,0	1,0	lawler	0	distinct	allocated	-1	-1	none	false
joint01-0585	independent8_16	8,16	0,0	1,0	lawler	0	distinct	allocated	0	0	before	false
joint01-0586	independent8_16	8,16	0,0	1,0	lawler	0	distinct	allocated	0	0	gate	false
joint01-0587	independent8_16	8,16	0,0	1,0	lawler	0	distinct	allocated	0	0	after	false
joint01-0588	independent8_16	8,16	0,0	1,0	lawler	0	distinct	allocated	0	1	before	false
joint01-0589	independent8_16	8,16	0,0	1,0	lawler	0	distinct	allocated	0	1	gate	false
joint01-0590	independent8_16	8,16	0,0	1,0	lawler	0	distinct	allocated	0	1	after	false
joint01-0591	independent8_16	8,16	0,0	1,0	lawler	0	distinct	allocated	1	0	before	false
joint01-0592	independent8_16	8,16	0,0	1,0	lawler	0	distinct	allocated	1	0	gate	false
joint01-0593	independent8_16	8,16	0,0	1,0	lawler	0	distinct	allocated	1	0	after	false
joint01-0594	independent8_16	8,16	0,0	1,0	lawler	0	distinct	allocated	1	1	before	false
joint01-0595	independent8_16	8,16	0,0	1,0	lawler	0	distinct	allocated	1	1	gate	false
joint01-0596	independent8_16	8,16	0,0	1,0	lawler	0	distinct	allocated	1	1	after	false
joint01-0597	independent8_16	8,16	0,0	1,0	lawler	0	distinct	canonical	-1	-1	none	false
joint01-0598	independent8_16	8,16	0,0	1,0	lawler	0	distinct	canonical	0	0	before	false
joint01-0599	independent8_16	8,16	0,0	1,0	lawler	0	distinct	canonical	0	0	gate	false
joint01-0600	independent8_16	8,16	0,0	1,0	lawler	0	distinct	canonical	0	0	after	false
joint01-0601	independent8_16	8,16	0,0	1,0	lawler	0	distinct	canonical	0	1	before	false
joint01-0602	independent8_16	8,16	0,0	1,0	lawler	0	distinct	canonical	0	1	gate	false
joint01-0603	independent8_16	8,16	0,0	1,0	lawler	0	distinct	canonical	0	1	after	false
joint01-0604	independent8_16	8,16	0,0	1,0	lawler	0	distinct	canonical	1	0	before	false
joint01-0605	independent8_16	8,16	0,0	1,0	lawler	0	distinct	canonical	1	0	gate	false
joint01-0606	independent8_16	8,16	0,0	1,0	lawler	0	distinct	canonical	1	0	after	false
joint01-0607	independent8_16	8,16	0,0	1,0	lawler	0	distinct	canonical	1	1	before	false
joint01-0608	independent8_16	8,16	0,0	1,0	lawler	0	distinct	canonical	1	1	gate	false
joint01-0609	independent8_16	8,16	0,0	1,0	lawler	0	distinct	canonical	1	1	after	false
joint01-0610	independent8_16	8,16	0,0	1,0	lawler	0	colliding	allocated	-1	-1	none	false
joint01-0611	independent8_16	8,16	0,0	1,0	lawler	0	colliding	allocated	0	0	before	false
joint01-0612	independent8_16	8,16	0,0	1,0	lawler	0	colliding	allocated	0	0	gate	false
joint01-0613	independent8_16	8,16	0,0	1,0	lawler	0	colliding	allocated	0	0	after	false
joint01-0614	independent8_16	8,16	0,0	1,0	lawler	0	colliding	allocated	0	1	before	false
joint01-0615	independent8_16	8,16	0,0	1,0	lawler	0	colliding	allocated	0	1	gate	false
joint01-0616	independent8_16	8,16	0,0	1,0	lawler	0	colliding	allocated	0	1	after	false
joint01-0617	independent8_16	8,16	0,0	1,0	lawler	0	colliding	allocated	1	0	before	false
joint01-0618	independent8_16	8,16	0,0	1,0	lawler	0	colliding	allocated	1	0	gate	false
joint01-0619	independent8_16	8,16	0,0	1,0	lawler	0	colliding	allocated	1	0	after	false
joint01-0620	independent8_16	8,16	0,0	1,0	lawler	0	colliding	allocated	1	1	before	false
joint01-0621	independent8_16	8,16	0,0	1,0	lawler	0	colliding	allocated	1	1	gate	false
joint01-0622	independent8_16	8,16	0,0	1,0	lawler	0	colliding	allocated	1	1	after	false
joint01-0623	independent8_16	8,16	0,0	1,0	lawler	0	colliding	canonical	-1	-1	none	false
joint01-0624	independent8_16	8,16	0,0	1,0	lawler	0	colliding	canonical	0	0	before	false
joint01-0625	independent8_16	8,16	0,0	1,0	lawler	0	colliding	canonical	0	0	gate	false
joint01-0626	independent8_16	8,16	0,0	1,0	lawler	0	colliding	canonical	0	0	after	false
joint01-0627	independent8_16	8,16	0,0	1,0	lawler	0	colliding	canonical	0	1	before	false
joint01-0628	independent8_16	8,16	0,0	1,0	lawler	0	colliding	canonical	0	1	gate	false
joint01-0629	independent8_16	8,16	0,0	1,0	lawler	0	colliding	canonical	0	1	after	false
joint01-0630	independent8_16	8,16	0,0	1,0	lawler	0	colliding	canonical	1	0	before	false
joint01-0631	independent8_16	8,16	0,0	1,0	lawler	0	colliding	canonical	1	0	gate	false
joint01-0632	independent8_16	8,16	0,0	1,0	lawler	0	colliding	canonical	1	0	after	false
joint01-0633	independent8_16	8,16	0,0	1,0	lawler	0	colliding	canonical	1	1	before	false
joint01-0634	independent8_16	8,16	0,0	1,0	lawler	0	colliding	canonical	1	1	gate	false
joint01-0635	independent8_16	8,16	0,0	1,0	lawler	0	colliding	canonical	1	1	after	false
joint01-0636	independent8_16	8,16	0,0	0,1	lawler	8	distinct	allocated	-1	-1	none	false
joint01-0637	independent8_16	8,16	0,0	0,1	lawler	8	distinct	allocated	0	0	before	false
joint01-0638	independent8_16	8,16	0,0	0,1	lawler	8	distinct	allocated	0	0	gate	false
joint01-0639	independent8_16	8,16	0,0	0,1	lawler	8	distinct	allocated	0	0	after	false
joint01-0640	independent8_16	8,16	0,0	0,1	lawler	8	distinct	allocated	0	1	before	false
joint01-0641	independent8_16	8,16	0,0	0,1	lawler	8	distinct	allocated	0	1	gate	false
joint01-0642	independent8_16	8,16	0,0	0,1	lawler	8	distinct	allocated	0	1	after	false
joint01-0643	independent8_16	8,16	0,0	0,1	lawler	8	distinct	allocated	1	0	before	false
joint01-0644	independent8_16	8,16	0,0	0,1	lawler	8	distinct	allocated	1	0	gate	false
joint01-0645	independent8_16	8,16	0,0	0,1	lawler	8	distinct	allocated	1	0	after	false
joint01-0646	independent8_16	8,16	0,0	0,1	lawler	8	distinct	allocated	1	1	before	false
joint01-0647	independent8_16	8,16	0,0	0,1	lawler	8	distinct	allocated	1	1	gate	false
joint01-0648	independent8_16	8,16	0,0	0,1	lawler	8	distinct	allocated	1	1	after	false
joint01-0649	independent8_16	8,16	0,0	0,1	lawler	8	distinct	canonical	-1	-1	none	false
joint01-0650	independent8_16	8,16	0,0	0,1	lawler	8	distinct	canonical	0	0	before	false
joint01-0651	independent8_16	8,16	0,0	0,1	lawler	8	distinct	canonical	0	0	gate	false
joint01-0652	independent8_16	8,16	0,0	0,1	lawler	8	distinct	canonical	0	0	after	false
joint01-0653	independent8_16	8,16	0,0	0,1	lawler	8	distinct	canonical	0	1	before	false
joint01-0654	independent8_16	8,16	0,0	0,1	lawler	8	distinct	canonical	0	1	gate	false
joint01-0655	independent8_16	8,16	0,0	0,1	lawler	8	distinct	canonical	0	1	after	false
joint01-0656	independent8_16	8,16	0,0	0,1	lawler	8	distinct	canonical	1	0	before	false
joint01-0657	independent8_16	8,16	0,0	0,1	lawler	8	distinct	canonical	1	0	gate	false
joint01-0658	independent8_16	8,16	0,0	0,1	lawler	8	distinct	canonical	1	0	after	false
joint01-0659	independent8_16	8,16	0,0	0,1	lawler	8	distinct	canonical	1	1	before	false
joint01-0660	independent8_16	8,16	0,0	0,1	lawler	8	distinct	canonical	1	1	gate	false
joint01-0661	independent8_16	8,16	0,0	0,1	lawler	8	distinct	canonical	1	1	after	false
joint01-0662	independent8_16	8,16	0,0	0,1	lawler	8	colliding	allocated	-1	-1	none	false
joint01-0663	independent8_16	8,16	0,0	0,1	lawler	8	colliding	allocated	0	0	before	false
joint01-0664	independent8_16	8,16	0,0	0,1	lawler	8	colliding	allocated	0	0	gate	false
joint01-0665	independent8_16	8,16	0,0	0,1	lawler	8	colliding	allocated	0	0	after	false
joint01-0666	independent8_16	8,16	0,0	0,1	lawler	8	colliding	allocated	0	1	before	false
joint01-0667	independent8_16	8,16	0,0	0,1	lawler	8	colliding	allocated	0	1	gate	false
joint01-0668	independent8_16	8,16	0,0	0,1	lawler	8	colliding	allocated	0	1	after	false
joint01-0669	independent8_16	8,16	0,0	0,1	lawler	8	colliding	allocated	1	0	before	false
joint01-0670	independent8_16	8,16	0,0	0,1	lawler	8	colliding	allocated	1	0	gate	false
joint01-0671	independent8_16	8,16	0,0	0,1	lawler	8	colliding	allocated	1	0	after	false
joint01-0672	independent8_16	8,16	0,0	0,1	lawler	8	colliding	allocated	1	1	before	false
joint01-0673	independent8_16	8,16	0,0	0,1	lawler	8	colliding	allocated	1	1	gate	false
joint01-0674	independent8_16	8,16	0,0	0,1	lawler	8	colliding	allocated	1	1	after	false
joint01-0675	independent8_16	8,16	0,0	0,1	lawler	8	colliding	canonical	-1	-1	none	false
joint01-0676	independent8_16	8,16	0,0	0,1	lawler	8	colliding	canonical	0	0	before	false
joint01-0677	independent8_16	8,16	0,0	0,1	lawler	8	colliding	canonical	0	0	gate	false
joint01-0678	independent8_16	8,16	0,0	0,1	lawler	8	colliding	canonical	0	0	after	false
joint01-0679	independent8_16	8,16	0,0	0,1	lawler	8	colliding	canonical	0	1	before	false
joint01-0680	independent8_16	8,16	0,0	0,1	lawler	8	colliding	canonical	0	1	gate	false
joint01-0681	independent8_16	8,16	0,0	0,1	lawler	8	colliding	canonical	0	1	after	false
joint01-0682	independent8_16	8,16	0,0	0,1	lawler	8	colliding	canonical	1	0	before	false
joint01-0683	independent8_16	8,16	0,0	0,1	lawler	8	colliding	canonical	1	0	gate	false
joint01-0684	independent8_16	8,16	0,0	0,1	lawler	8	colliding	canonical	1	0	after	false
joint01-0685	independent8_16	8,16	0,0	0,1	lawler	8	colliding	canonical	1	1	before	false
joint01-0686	independent8_16	8,16	0,0	0,1	lawler	8	colliding	canonical	1	1	gate	false
joint01-0687	independent8_16	8,16	0,0	0,1	lawler	8	colliding	canonical	1	1	after	false
joint01-0688	independent8_16	8,16	0,0	1,0	lawler	16	distinct	allocated	-1	-1	none	false
joint01-0689	independent8_16	8,16	0,0	1,0	lawler	16	distinct	allocated	0	0	before	false
joint01-0690	independent8_16	8,16	0,0	1,0	lawler	16	distinct	allocated	0	0	gate	false
joint01-0691	independent8_16	8,16	0,0	1,0	lawler	16	distinct	allocated	0	0	after	false
joint01-0692	independent8_16	8,16	0,0	1,0	lawler	16	distinct	allocated	0	1	before	false
joint01-0693	independent8_16	8,16	0,0	1,0	lawler	16	distinct	allocated	0	1	gate	false
joint01-0694	independent8_16	8,16	0,0	1,0	lawler	16	distinct	allocated	0	1	after	false
joint01-0695	independent8_16	8,16	0,0	1,0	lawler	16	distinct	allocated	1	0	before	false
joint01-0696	independent8_16	8,16	0,0	1,0	lawler	16	distinct	allocated	1	0	gate	false
joint01-0697	independent8_16	8,16	0,0	1,0	lawler	16	distinct	allocated	1	0	after	false
joint01-0698	independent8_16	8,16	0,0	1,0	lawler	16	distinct	allocated	1	1	before	false
joint01-0699	independent8_16	8,16	0,0	1,0	lawler	16	distinct	allocated	1	1	gate	false
joint01-0700	independent8_16	8,16	0,0	1,0	lawler	16	distinct	allocated	1	1	after	false
joint01-0701	independent8_16	8,16	0,0	1,0	lawler	16	distinct	canonical	-1	-1	none	false
joint01-0702	independent8_16	8,16	0,0	1,0	lawler	16	distinct	canonical	0	0	before	false
joint01-0703	independent8_16	8,16	0,0	1,0	lawler	16	distinct	canonical	0	0	gate	false
joint01-0704	independent8_16	8,16	0,0	1,0	lawler	16	distinct	canonical	0	0	after	false
joint01-0705	independent8_16	8,16	0,0	1,0	lawler	16	distinct	canonical	0	1	before	false
joint01-0706	independent8_16	8,16	0,0	1,0	lawler	16	distinct	canonical	0	1	gate	false
joint01-0707	independent8_16	8,16	0,0	1,0	lawler	16	distinct	canonical	0	1	after	false
joint01-0708	independent8_16	8,16	0,0	1,0	lawler	16	distinct	canonical	1	0	before	false
joint01-0709	independent8_16	8,16	0,0	1,0	lawler	16	distinct	canonical	1	0	gate	false
joint01-0710	independent8_16	8,16	0,0	1,0	lawler	16	distinct	canonical	1	0	after	false
joint01-0711	independent8_16	8,16	0,0	1,0	lawler	16	distinct	canonical	1	1	before	false
joint01-0712	independent8_16	8,16	0,0	1,0	lawler	16	distinct	canonical	1	1	gate	false
joint01-0713	independent8_16	8,16	0,0	1,0	lawler	16	distinct	canonical	1	1	after	false
joint01-0714	independent8_16	8,16	0,0	1,0	lawler	16	colliding	allocated	-1	-1	none	false
joint01-0715	independent8_16	8,16	0,0	1,0	lawler	16	colliding	allocated	0	0	before	false
joint01-0716	independent8_16	8,16	0,0	1,0	lawler	16	colliding	allocated	0	0	gate	false
joint01-0717	independent8_16	8,16	0,0	1,0	lawler	16	colliding	allocated	0	0	after	false
joint01-0718	independent8_16	8,16	0,0	1,0	lawler	16	colliding	allocated	0	1	before	false
joint01-0719	independent8_16	8,16	0,0	1,0	lawler	16	colliding	allocated	0	1	gate	false
joint01-0720	independent8_16	8,16	0,0	1,0	lawler	16	colliding	allocated	0	1	after	false
joint01-0721	independent8_16	8,16	0,0	1,0	lawler	16	colliding	allocated	1	0	before	false
joint01-0722	independent8_16	8,16	0,0	1,0	lawler	16	colliding	allocated	1	0	gate	false
joint01-0723	independent8_16	8,16	0,0	1,0	lawler	16	colliding	allocated	1	0	after	false
joint01-0724	independent8_16	8,16	0,0	1,0	lawler	16	colliding	allocated	1	1	before	false
joint01-0725	independent8_16	8,16	0,0	1,0	lawler	16	colliding	allocated	1	1	gate	false
joint01-0726	independent8_16	8,16	0,0	1,0	lawler	16	colliding	allocated	1	1	after	false
joint01-0727	independent8_16	8,16	0,0	1,0	lawler	16	colliding	canonical	-1	-1	none	false
joint01-0728	independent8_16	8,16	0,0	1,0	lawler	16	colliding	canonical	0	0	before	false
joint01-0729	independent8_16	8,16	0,0	1,0	lawler	16	colliding	canonical	0	0	gate	false
joint01-0730	independent8_16	8,16	0,0	1,0	lawler	16	colliding	canonical	0	0	after	false
joint01-0731	independent8_16	8,16	0,0	1,0	lawler	16	colliding	canonical	0	1	before	false
joint01-0732	independent8_16	8,16	0,0	1,0	lawler	16	colliding	canonical	0	1	gate	false
joint01-0733	independent8_16	8,16	0,0	1,0	lawler	16	colliding	canonical	0	1	after	false
joint01-0734	independent8_16	8,16	0,0	1,0	lawler	16	colliding	canonical	1	0	before	false
joint01-0735	independent8_16	8,16	0,0	1,0	lawler	16	colliding	canonical	1	0	gate	false
joint01-0736	independent8_16	8,16	0,0	1,0	lawler	16	colliding	canonical	1	0	after	false
joint01-0737	independent8_16	8,16	0,0	1,0	lawler	16	colliding	canonical	1	1	before	false
joint01-0738	independent8_16	8,16	0,0	1,0	lawler	16	colliding	canonical	1	1	gate	false
joint01-0739	independent8_16	8,16	0,0	1,0	lawler	16	colliding	canonical	1	1	after	false
joint01-0740	independent8_16	8,16	0,0	0,1	cached	-1	distinct	allocated	-1	-1	none	false
joint01-0741	independent8_16	8,16	0,0	0,1	cached	-1	distinct	allocated	0	0	before	false
joint01-0742	independent8_16	8,16	0,0	0,1	cached	-1	distinct	allocated	0	0	gate	false
joint01-0743	independent8_16	8,16	0,0	0,1	cached	-1	distinct	allocated	0	0	after	false
joint01-0744	independent8_16	8,16	0,0	0,1	cached	-1	distinct	allocated	0	1	before	false
joint01-0745	independent8_16	8,16	0,0	0,1	cached	-1	distinct	allocated	0	1	gate	false
joint01-0746	independent8_16	8,16	0,0	0,1	cached	-1	distinct	allocated	0	1	after	false
joint01-0747	independent8_16	8,16	0,0	0,1	cached	-1	distinct	allocated	1	0	before	false
joint01-0748	independent8_16	8,16	0,0	0,1	cached	-1	distinct	allocated	1	0	gate	false
joint01-0749	independent8_16	8,16	0,0	0,1	cached	-1	distinct	allocated	1	0	after	false
joint01-0750	independent8_16	8,16	0,0	0,1	cached	-1	distinct	allocated	1	1	before	false
joint01-0751	independent8_16	8,16	0,0	0,1	cached	-1	distinct	allocated	1	1	gate	false
joint01-0752	independent8_16	8,16	0,0	0,1	cached	-1	distinct	allocated	1	1	after	false
joint01-0753	independent8_16	8,16	0,0	0,1	cached	-1	distinct	canonical	-1	-1	none	false
joint01-0754	independent8_16	8,16	0,0	0,1	cached	-1	distinct	canonical	0	0	before	false
joint01-0755	independent8_16	8,16	0,0	0,1	cached	-1	distinct	canonical	0	0	gate	false
joint01-0756	independent8_16	8,16	0,0	0,1	cached	-1	distinct	canonical	0	0	after	false
joint01-0757	independent8_16	8,16	0,0	0,1	cached	-1	distinct	canonical	0	1	before	false
joint01-0758	independent8_16	8,16	0,0	0,1	cached	-1	distinct	canonical	0	1	gate	false
joint01-0759	independent8_16	8,16	0,0	0,1	cached	-1	distinct	canonical	0	1	after	false
joint01-0760	independent8_16	8,16	0,0	0,1	cached	-1	distinct	canonical	1	0	before	false
joint01-0761	independent8_16	8,16	0,0	0,1	cached	-1	distinct	canonical	1	0	gate	false
joint01-0762	independent8_16	8,16	0,0	0,1	cached	-1	distinct	canonical	1	0	after	false
joint01-0763	independent8_16	8,16	0,0	0,1	cached	-1	distinct	canonical	1	1	before	false
joint01-0764	independent8_16	8,16	0,0	0,1	cached	-1	distinct	canonical	1	1	gate	false
joint01-0765	independent8_16	8,16	0,0	0,1	cached	-1	distinct	canonical	1	1	after	false
joint01-0766	independent8_16	8,16	0,0	0,1	cached	-1	colliding	allocated	-1	-1	none	false
joint01-0767	independent8_16	8,16	0,0	0,1	cached	-1	colliding	allocated	0	0	before	false
joint01-0768	independent8_16	8,16	0,0	0,1	cached	-1	colliding	allocated	0	0	gate	false
joint01-0769	independent8_16	8,16	0,0	0,1	cached	-1	colliding	allocated	0	0	after	false
joint01-0770	independent8_16	8,16	0,0	0,1	cached	-1	colliding	allocated	0	1	before	false
joint01-0771	independent8_16	8,16	0,0	0,1	cached	-1	colliding	allocated	0	1	gate	false
joint01-0772	independent8_16	8,16	0,0	0,1	cached	-1	colliding	allocated	0	1	after	false
joint01-0773	independent8_16	8,16	0,0	0,1	cached	-1	colliding	allocated	1	0	before	false
joint01-0774	independent8_16	8,16	0,0	0,1	cached	-1	colliding	allocated	1	0	gate	false
joint01-0775	independent8_16	8,16	0,0	0,1	cached	-1	colliding	allocated	1	0	after	false
joint01-0776	independent8_16	8,16	0,0	0,1	cached	-1	colliding	allocated	1	1	before	false
joint01-0777	independent8_16	8,16	0,0	0,1	cached	-1	colliding	allocated	1	1	gate	false
joint01-0778	independent8_16	8,16	0,0	0,1	cached	-1	colliding	allocated	1	1	after	false
joint01-0779	independent8_16	8,16	0,0	0,1	cached	-1	colliding	canonical	-1	-1	none	false
joint01-0780	independent8_16	8,16	0,0	0,1	cached	-1	colliding	canonical	0	0	before	false
joint01-0781	independent8_16	8,16	0,0	0,1	cached	-1	colliding	canonical	0	0	gate	false
joint01-0782	independent8_16	8,16	0,0	0,1	cached	-1	colliding	canonical	0	0	after	false
joint01-0783	independent8_16	8,16	0,0	0,1	cached	-1	colliding	canonical	0	1	before	false
joint01-0784	independent8_16	8,16	0,0	0,1	cached	-1	colliding	canonical	0	1	gate	false
joint01-0785	independent8_16	8,16	0,0	0,1	cached	-1	colliding	canonical	0	1	after	false
joint01-0786	independent8_16	8,16	0,0	0,1	cached	-1	colliding	canonical	1	0	before	false
joint01-0787	independent8_16	8,16	0,0	0,1	cached	-1	colliding	canonical	1	0	gate	false
joint01-0788	independent8_16	8,16	0,0	0,1	cached	-1	colliding	canonical	1	0	after	false
joint01-0789	independent8_16	8,16	0,0	0,1	cached	-1	colliding	canonical	1	1	before	false
joint01-0790	independent8_16	8,16	0,0	0,1	cached	-1	colliding	canonical	1	1	gate	false
joint01-0791	independent8_16	8,16	0,0	0,1	cached	-1	colliding	canonical	1	1	after	false
joint01-0792	independent8_16	8,16	0,0	0,1	fresh	-1	distinct	allocated	-1	-1	none	false
joint01-0793	independent8_16	8,16	0,0	0,1	fresh	-1	distinct	allocated	0	0	before	false
joint01-0794	independent8_16	8,16	0,0	0,1	fresh	-1	distinct	allocated	0	0	gate	false
joint01-0795	independent8_16	8,16	0,0	0,1	fresh	-1	distinct	allocated	0	0	after	false
joint01-0796	independent8_16	8,16	0,0	0,1	fresh	-1	distinct	allocated	0	1	before	false
joint01-0797	independent8_16	8,16	0,0	0,1	fresh	-1	distinct	allocated	0	1	gate	false
joint01-0798	independent8_16	8,16	0,0	0,1	fresh	-1	distinct	allocated	0	1	after	false
joint01-0799	independent8_16	8,16	0,0	0,1	fresh	-1	distinct	allocated	1	0	before	false
joint01-0800	independent8_16	8,16	0,0	0,1	fresh	-1	distinct	allocated	1	0	gate	false
joint01-0801	independent8_16	8,16	0,0	0,1	fresh	-1	distinct	allocated	1	0	after	false
joint01-0802	independent8_16	8,16	0,0	0,1	fresh	-1	distinct	allocated	1	1	before	false
joint01-0803	independent8_16	8,16	0,0	0,1	fresh	-1	distinct	allocated	1	1	gate	false
joint01-0804	independent8_16	8,16	0,0	0,1	fresh	-1	distinct	allocated	1	1	after	false
joint01-0805	independent8_16	8,16	0,0	0,1	fresh	-1	distinct	canonical	-1	-1	none	false
joint01-0806	independent8_16	8,16	0,0	0,1	fresh	-1	distinct	canonical	0	0	before	false
joint01-0807	independent8_16	8,16	0,0	0,1	fresh	-1	distinct	canonical	0	0	gate	false
joint01-0808	independent8_16	8,16	0,0	0,1	fresh	-1	distinct	canonical	0	0	after	false
joint01-0809	independent8_16	8,16	0,0	0,1	fresh	-1	distinct	canonical	0	1	before	false
joint01-0810	independent8_16	8,16	0,0	0,1	fresh	-1	distinct	canonical	0	1	gate	false
joint01-0811	independent8_16	8,16	0,0	0,1	fresh	-1	distinct	canonical	0	1	after	false
joint01-0812	independent8_16	8,16	0,0	0,1	fresh	-1	distinct	canonical	1	0	before	false
joint01-0813	independent8_16	8,16	0,0	0,1	fresh	-1	distinct	canonical	1	0	gate	false
joint01-0814	independent8_16	8,16	0,0	0,1	fresh	-1	distinct	canonical	1	0	after	false
joint01-0815	independent8_16	8,16	0,0	0,1	fresh	-1	distinct	canonical	1	1	before	false
joint01-0816	independent8_16	8,16	0,0	0,1	fresh	-1	distinct	canonical	1	1	gate	false
joint01-0817	independent8_16	8,16	0,0	0,1	fresh	-1	distinct	canonical	1	1	after	false
joint01-0818	independent8_16	8,16	0,0	0,1	fresh	-1	colliding	allocated	-1	-1	none	false
joint01-0819	independent8_16	8,16	0,0	0,1	fresh	-1	colliding	allocated	0	0	before	false
joint01-0820	independent8_16	8,16	0,0	0,1	fresh	-1	colliding	allocated	0	0	gate	false
joint01-0821	independent8_16	8,16	0,0	0,1	fresh	-1	colliding	allocated	0	0	after	false
joint01-0822	independent8_16	8,16	0,0	0,1	fresh	-1	colliding	allocated	0	1	before	false
joint01-0823	independent8_16	8,16	0,0	0,1	fresh	-1	colliding	allocated	0	1	gate	false
joint01-0824	independent8_16	8,16	0,0	0,1	fresh	-1	colliding	allocated	0	1	after	false
joint01-0825	independent8_16	8,16	0,0	0,1	fresh	-1	colliding	allocated	1	0	before	false
joint01-0826	independent8_16	8,16	0,0	0,1	fresh	-1	colliding	allocated	1	0	gate	false
joint01-0827	independent8_16	8,16	0,0	0,1	fresh	-1	colliding	allocated	1	0	after	false
joint01-0828	independent8_16	8,16	0,0	0,1	fresh	-1	colliding	allocated	1	1	before	false
joint01-0829	independent8_16	8,16	0,0	0,1	fresh	-1	colliding	allocated	1	1	gate	false
joint01-0830	independent8_16	8,16	0,0	0,1	fresh	-1	colliding	allocated	1	1	after	false
joint01-0831	independent8_16	8,16	0,0	0,1	fresh	-1	colliding	canonical	-1	-1	none	false
joint01-0832	independent8_16	8,16	0,0	0,1	fresh	-1	colliding	canonical	0	0	before	false
joint01-0833	independent8_16	8,16	0,0	0,1	fresh	-1	colliding	canonical	0	0	gate	false
joint01-0834	independent8_16	8,16	0,0	0,1	fresh	-1	colliding	canonical	0	0	after	false
joint01-0835	independent8_16	8,16	0,0	0,1	fresh	-1	colliding	canonical	0	1	before	false
joint01-0836	independent8_16	8,16	0,0	0,1	fresh	-1	colliding	canonical	0	1	gate	false
joint01-0837	independent8_16	8,16	0,0	0,1	fresh	-1	colliding	canonical	0	1	after	false
joint01-0838	independent8_16	8,16	0,0	0,1	fresh	-1	colliding	canonical	1	0	before	false
joint01-0839	independent8_16	8,16	0,0	0,1	fresh	-1	colliding	canonical	1	0	gate	false
joint01-0840	independent8_16	8,16	0,0	0,1	fresh	-1	colliding	canonical	1	0	after	false
joint01-0841	independent8_16	8,16	0,0	0,1	fresh	-1	colliding	canonical	1	1	before	false
joint01-0842	independent8_16	8,16	0,0	0,1	fresh	-1	colliding	canonical	1	1	gate	false
joint01-0843	independent8_16	8,16	0,0	0,1	fresh	-1	colliding	canonical	1	1	after	false
joint01-0844	fork	1,2,4	0,0,3	1,0,2	lawler	0	distinct	allocated	-1	-1	none	false
joint01-0845	fork	1,2,4	0,0,3	1,0,2	lawler	0	distinct	allocated	0	0	before	false
joint01-0846	fork	1,2,4	0,0,3	1,0,2	lawler	0	distinct	allocated	0	0	gate	false
joint01-0847	fork	1,2,4	0,0,3	1,0,2	lawler	0	distinct	allocated	0	0	after	false
joint01-0848	fork	1,2,4	0,0,3	1,0,2	lawler	0	distinct	allocated	0	1	before	false
joint01-0849	fork	1,2,4	0,0,3	1,0,2	lawler	0	distinct	allocated	0	1	gate	false
joint01-0850	fork	1,2,4	0,0,3	1,0,2	lawler	0	distinct	allocated	0	1	after	false
joint01-0851	fork	1,2,4	0,0,3	1,0,2	lawler	0	distinct	allocated	0	2	before	false
joint01-0852	fork	1,2,4	0,0,3	1,0,2	lawler	0	distinct	allocated	0	2	gate	false
joint01-0853	fork	1,2,4	0,0,3	1,0,2	lawler	0	distinct	allocated	0	2	after	false
joint01-0854	fork	1,2,4	0,0,3	1,0,2	lawler	0	distinct	allocated	1	0	before	false
joint01-0855	fork	1,2,4	0,0,3	1,0,2	lawler	0	distinct	allocated	1	0	gate	false
joint01-0856	fork	1,2,4	0,0,3	1,0,2	lawler	0	distinct	allocated	1	0	after	false
joint01-0857	fork	1,2,4	0,0,3	1,0,2	lawler	0	distinct	allocated	1	1	before	false
joint01-0858	fork	1,2,4	0,0,3	1,0,2	lawler	0	distinct	allocated	1	1	gate	false
joint01-0859	fork	1,2,4	0,0,3	1,0,2	lawler	0	distinct	allocated	1	1	after	false
joint01-0860	fork	1,2,4	0,0,3	1,0,2	lawler	0	distinct	allocated	1	2	before	false
joint01-0861	fork	1,2,4	0,0,3	1,0,2	lawler	0	distinct	allocated	1	2	gate	false
joint01-0862	fork	1,2,4	0,0,3	1,0,2	lawler	0	distinct	allocated	1	2	after	false
joint01-0863	fork	1,2,4	0,0,3	1,0,2	lawler	0	distinct	allocated	2	0	before	false
joint01-0864	fork	1,2,4	0,0,3	1,0,2	lawler	0	distinct	allocated	2	0	gate	false
joint01-0865	fork	1,2,4	0,0,3	1,0,2	lawler	0	distinct	allocated	2	0	after	false
joint01-0866	fork	1,2,4	0,0,3	1,0,2	lawler	0	distinct	allocated	2	1	before	false
joint01-0867	fork	1,2,4	0,0,3	1,0,2	lawler	0	distinct	allocated	2	1	gate	false
joint01-0868	fork	1,2,4	0,0,3	1,0,2	lawler	0	distinct	allocated	2	1	after	false
joint01-0869	fork	1,2,4	0,0,3	1,0,2	lawler	0	distinct	allocated	2	2	before	false
joint01-0870	fork	1,2,4	0,0,3	1,0,2	lawler	0	distinct	allocated	2	2	gate	false
joint01-0871	fork	1,2,4	0,0,3	1,0,2	lawler	0	distinct	allocated	2	2	after	false
joint01-0872	fork	1,2,4	0,0,3	1,0,2	lawler	0	distinct	canonical	-1	-1	none	false
joint01-0873	fork	1,2,4	0,0,3	1,0,2	lawler	0	distinct	canonical	0	0	before	false
joint01-0874	fork	1,2,4	0,0,3	1,0,2	lawler	0	distinct	canonical	0	0	gate	false
joint01-0875	fork	1,2,4	0,0,3	1,0,2	lawler	0	distinct	canonical	0	0	after	false
joint01-0876	fork	1,2,4	0,0,3	1,0,2	lawler	0	distinct	canonical	0	1	before	false
joint01-0877	fork	1,2,4	0,0,3	1,0,2	lawler	0	distinct	canonical	0	1	gate	false
joint01-0878	fork	1,2,4	0,0,3	1,0,2	lawler	0	distinct	canonical	0	1	after	false
joint01-0879	fork	1,2,4	0,0,3	1,0,2	lawler	0	distinct	canonical	0	2	before	false
joint01-0880	fork	1,2,4	0,0,3	1,0,2	lawler	0	distinct	canonical	0	2	gate	false
joint01-0881	fork	1,2,4	0,0,3	1,0,2	lawler	0	distinct	canonical	0	2	after	false
joint01-0882	fork	1,2,4	0,0,3	1,0,2	lawler	0	distinct	canonical	1	0	before	false
joint01-0883	fork	1,2,4	0,0,3	1,0,2	lawler	0	distinct	canonical	1	0	gate	false
joint01-0884	fork	1,2,4	0,0,3	1,0,2	lawler	0	distinct	canonical	1	0	after	false
joint01-0885	fork	1,2,4	0,0,3	1,0,2	lawler	0	distinct	canonical	1	1	before	false
joint01-0886	fork	1,2,4	0,0,3	1,0,2	lawler	0	distinct	canonical	1	1	gate	false
joint01-0887	fork	1,2,4	0,0,3	1,0,2	lawler	0	distinct	canonical	1	1	after	false
joint01-0888	fork	1,2,4	0,0,3	1,0,2	lawler	0	distinct	canonical	1	2	before	false
joint01-0889	fork	1,2,4	0,0,3	1,0,2	lawler	0	distinct	canonical	1	2	gate	false
joint01-0890	fork	1,2,4	0,0,3	1,0,2	lawler	0	distinct	canonical	1	2	after	false
joint01-0891	fork	1,2,4	0,0,3	1,0,2	lawler	0	distinct	canonical	2	0	before	false
joint01-0892	fork	1,2,4	0,0,3	1,0,2	lawler	0	distinct	canonical	2	0	gate	false
joint01-0893	fork	1,2,4	0,0,3	1,0,2	lawler	0	distinct	canonical	2	0	after	false
joint01-0894	fork	1,2,4	0,0,3	1,0,2	lawler	0	distinct	canonical	2	1	before	false
joint01-0895	fork	1,2,4	0,0,3	1,0,2	lawler	0	distinct	canonical	2	1	gate	false
joint01-0896	fork	1,2,4	0,0,3	1,0,2	lawler	0	distinct	canonical	2	1	after	false
joint01-0897	fork	1,2,4	0,0,3	1,0,2	lawler	0	distinct	canonical	2	2	before	false
joint01-0898	fork	1,2,4	0,0,3	1,0,2	lawler	0	distinct	canonical	2	2	gate	false
joint01-0899	fork	1,2,4	0,0,3	1,0,2	lawler	0	distinct	canonical	2	2	after	false
joint01-0900	fork	1,2,4	0,0,3	1,0,2	lawler	0	colliding	allocated	-1	-1	none	false
joint01-0901	fork	1,2,4	0,0,3	1,0,2	lawler	0	colliding	allocated	0	0	before	false
joint01-0902	fork	1,2,4	0,0,3	1,0,2	lawler	0	colliding	allocated	0	0	gate	false
joint01-0903	fork	1,2,4	0,0,3	1,0,2	lawler	0	colliding	allocated	0	0	after	false
joint01-0904	fork	1,2,4	0,0,3	1,0,2	lawler	0	colliding	allocated	0	1	before	false
joint01-0905	fork	1,2,4	0,0,3	1,0,2	lawler	0	colliding	allocated	0	1	gate	false
joint01-0906	fork	1,2,4	0,0,3	1,0,2	lawler	0	colliding	allocated	0	1	after	false
joint01-0907	fork	1,2,4	0,0,3	1,0,2	lawler	0	colliding	allocated	0	2	before	false
joint01-0908	fork	1,2,4	0,0,3	1,0,2	lawler	0	colliding	allocated	0	2	gate	false
joint01-0909	fork	1,2,4	0,0,3	1,0,2	lawler	0	colliding	allocated	0	2	after	false
joint01-0910	fork	1,2,4	0,0,3	1,0,2	lawler	0	colliding	allocated	1	0	before	false
joint01-0911	fork	1,2,4	0,0,3	1,0,2	lawler	0	colliding	allocated	1	0	gate	false
joint01-0912	fork	1,2,4	0,0,3	1,0,2	lawler	0	colliding	allocated	1	0	after	false
joint01-0913	fork	1,2,4	0,0,3	1,0,2	lawler	0	colliding	allocated	1	1	before	false
joint01-0914	fork	1,2,4	0,0,3	1,0,2	lawler	0	colliding	allocated	1	1	gate	false
joint01-0915	fork	1,2,4	0,0,3	1,0,2	lawler	0	colliding	allocated	1	1	after	false
joint01-0916	fork	1,2,4	0,0,3	1,0,2	lawler	0	colliding	allocated	1	2	before	false
joint01-0917	fork	1,2,4	0,0,3	1,0,2	lawler	0	colliding	allocated	1	2	gate	false
joint01-0918	fork	1,2,4	0,0,3	1,0,2	lawler	0	colliding	allocated	1	2	after	false
joint01-0919	fork	1,2,4	0,0,3	1,0,2	lawler	0	colliding	allocated	2	0	before	false
joint01-0920	fork	1,2,4	0,0,3	1,0,2	lawler	0	colliding	allocated	2	0	gate	false
joint01-0921	fork	1,2,4	0,0,3	1,0,2	lawler	0	colliding	allocated	2	0	after	false
joint01-0922	fork	1,2,4	0,0,3	1,0,2	lawler	0	colliding	allocated	2	1	before	false
joint01-0923	fork	1,2,4	0,0,3	1,0,2	lawler	0	colliding	allocated	2	1	gate	false
joint01-0924	fork	1,2,4	0,0,3	1,0,2	lawler	0	colliding	allocated	2	1	after	false
joint01-0925	fork	1,2,4	0,0,3	1,0,2	lawler	0	colliding	allocated	2	2	before	false
joint01-0926	fork	1,2,4	0,0,3	1,0,2	lawler	0	colliding	allocated	2	2	gate	false
joint01-0927	fork	1,2,4	0,0,3	1,0,2	lawler	0	colliding	allocated	2	2	after	false
joint01-0928	fork	1,2,4	0,0,3	1,0,2	lawler	0	colliding	canonical	-1	-1	none	false
joint01-0929	fork	1,2,4	0,0,3	1,0,2	lawler	0	colliding	canonical	0	0	before	false
joint01-0930	fork	1,2,4	0,0,3	1,0,2	lawler	0	colliding	canonical	0	0	gate	false
joint01-0931	fork	1,2,4	0,0,3	1,0,2	lawler	0	colliding	canonical	0	0	after	false
joint01-0932	fork	1,2,4	0,0,3	1,0,2	lawler	0	colliding	canonical	0	1	before	false
joint01-0933	fork	1,2,4	0,0,3	1,0,2	lawler	0	colliding	canonical	0	1	gate	false
joint01-0934	fork	1,2,4	0,0,3	1,0,2	lawler	0	colliding	canonical	0	1	after	false
joint01-0935	fork	1,2,4	0,0,3	1,0,2	lawler	0	colliding	canonical	0	2	before	false
joint01-0936	fork	1,2,4	0,0,3	1,0,2	lawler	0	colliding	canonical	0	2	gate	false
joint01-0937	fork	1,2,4	0,0,3	1,0,2	lawler	0	colliding	canonical	0	2	after	false
joint01-0938	fork	1,2,4	0,0,3	1,0,2	lawler	0	colliding	canonical	1	0	before	false
joint01-0939	fork	1,2,4	0,0,3	1,0,2	lawler	0	colliding	canonical	1	0	gate	false
joint01-0940	fork	1,2,4	0,0,3	1,0,2	lawler	0	colliding	canonical	1	0	after	false
joint01-0941	fork	1,2,4	0,0,3	1,0,2	lawler	0	colliding	canonical	1	1	before	false
joint01-0942	fork	1,2,4	0,0,3	1,0,2	lawler	0	colliding	canonical	1	1	gate	false
joint01-0943	fork	1,2,4	0,0,3	1,0,2	lawler	0	colliding	canonical	1	1	after	false
joint01-0944	fork	1,2,4	0,0,3	1,0,2	lawler	0	colliding	canonical	1	2	before	false
joint01-0945	fork	1,2,4	0,0,3	1,0,2	lawler	0	colliding	canonical	1	2	gate	false
joint01-0946	fork	1,2,4	0,0,3	1,0,2	lawler	0	colliding	canonical	1	2	after	false
joint01-0947	fork	1,2,4	0,0,3	1,0,2	lawler	0	colliding	canonical	2	0	before	false
joint01-0948	fork	1,2,4	0,0,3	1,0,2	lawler	0	colliding	canonical	2	0	gate	false
joint01-0949	fork	1,2,4	0,0,3	1,0,2	lawler	0	colliding	canonical	2	0	after	false
joint01-0950	fork	1,2,4	0,0,3	1,0,2	lawler	0	colliding	canonical	2	1	before	false
joint01-0951	fork	1,2,4	0,0,3	1,0,2	lawler	0	colliding	canonical	2	1	gate	false
joint01-0952	fork	1,2,4	0,0,3	1,0,2	lawler	0	colliding	canonical	2	1	after	false
joint01-0953	fork	1,2,4	0,0,3	1,0,2	lawler	0	colliding	canonical	2	2	before	false
joint01-0954	fork	1,2,4	0,0,3	1,0,2	lawler	0	colliding	canonical	2	2	gate	false
joint01-0955	fork	1,2,4	0,0,3	1,0,2	lawler	0	colliding	canonical	2	2	after	false
joint01-0956	fork	1,2,4	0,0,3	0,1,2	lawler	1	distinct	allocated	-1	-1	none	false
joint01-0957	fork	1,2,4	0,0,3	0,1,2	lawler	1	distinct	allocated	0	0	before	false
joint01-0958	fork	1,2,4	0,0,3	0,1,2	lawler	1	distinct	allocated	0	0	gate	false
joint01-0959	fork	1,2,4	0,0,3	0,1,2	lawler	1	distinct	allocated	0	0	after	false
joint01-0960	fork	1,2,4	0,0,3	0,1,2	lawler	1	distinct	allocated	0	1	before	false
joint01-0961	fork	1,2,4	0,0,3	0,1,2	lawler	1	distinct	allocated	0	1	gate	false
joint01-0962	fork	1,2,4	0,0,3	0,1,2	lawler	1	distinct	allocated	0	1	after	false
joint01-0963	fork	1,2,4	0,0,3	0,1,2	lawler	1	distinct	allocated	0	2	before	false
joint01-0964	fork	1,2,4	0,0,3	0,1,2	lawler	1	distinct	allocated	0	2	gate	false
joint01-0965	fork	1,2,4	0,0,3	0,1,2	lawler	1	distinct	allocated	0	2	after	false
joint01-0966	fork	1,2,4	0,0,3	0,1,2	lawler	1	distinct	allocated	1	0	before	false
joint01-0967	fork	1,2,4	0,0,3	0,1,2	lawler	1	distinct	allocated	1	0	gate	false
joint01-0968	fork	1,2,4	0,0,3	0,1,2	lawler	1	distinct	allocated	1	0	after	false
joint01-0969	fork	1,2,4	0,0,3	0,1,2	lawler	1	distinct	allocated	1	1	before	false
joint01-0970	fork	1,2,4	0,0,3	0,1,2	lawler	1	distinct	allocated	1	1	gate	false
joint01-0971	fork	1,2,4	0,0,3	0,1,2	lawler	1	distinct	allocated	1	1	after	false
joint01-0972	fork	1,2,4	0,0,3	0,1,2	lawler	1	distinct	allocated	1	2	before	false
joint01-0973	fork	1,2,4	0,0,3	0,1,2	lawler	1	distinct	allocated	1	2	gate	false
joint01-0974	fork	1,2,4	0,0,3	0,1,2	lawler	1	distinct	allocated	1	2	after	false
joint01-0975	fork	1,2,4	0,0,3	0,1,2	lawler	1	distinct	allocated	2	0	before	false
joint01-0976	fork	1,2,4	0,0,3	0,1,2	lawler	1	distinct	allocated	2	0	gate	false
joint01-0977	fork	1,2,4	0,0,3	0,1,2	lawler	1	distinct	allocated	2	0	after	false
joint01-0978	fork	1,2,4	0,0,3	0,1,2	lawler	1	distinct	allocated	2	1	before	false
joint01-0979	fork	1,2,4	0,0,3	0,1,2	lawler	1	distinct	allocated	2	1	gate	false
joint01-0980	fork	1,2,4	0,0,3	0,1,2	lawler	1	distinct	allocated	2	1	after	false
joint01-0981	fork	1,2,4	0,0,3	0,1,2	lawler	1	distinct	allocated	2	2	before	false
joint01-0982	fork	1,2,4	0,0,3	0,1,2	lawler	1	distinct	allocated	2	2	gate	false
joint01-0983	fork	1,2,4	0,0,3	0,1,2	lawler	1	distinct	allocated	2	2	after	false
joint01-0984	fork	1,2,4	0,0,3	0,1,2	lawler	1	distinct	canonical	-1	-1	none	false
joint01-0985	fork	1,2,4	0,0,3	0,1,2	lawler	1	distinct	canonical	0	0	before	false
joint01-0986	fork	1,2,4	0,0,3	0,1,2	lawler	1	distinct	canonical	0	0	gate	false
joint01-0987	fork	1,2,4	0,0,3	0,1,2	lawler	1	distinct	canonical	0	0	after	false
joint01-0988	fork	1,2,4	0,0,3	0,1,2	lawler	1	distinct	canonical	0	1	before	false
joint01-0989	fork	1,2,4	0,0,3	0,1,2	lawler	1	distinct	canonical	0	1	gate	false
joint01-0990	fork	1,2,4	0,0,3	0,1,2	lawler	1	distinct	canonical	0	1	after	false
joint01-0991	fork	1,2,4	0,0,3	0,1,2	lawler	1	distinct	canonical	0	2	before	false
joint01-0992	fork	1,2,4	0,0,3	0,1,2	lawler	1	distinct	canonical	0	2	gate	false
joint01-0993	fork	1,2,4	0,0,3	0,1,2	lawler	1	distinct	canonical	0	2	after	false
joint01-0994	fork	1,2,4	0,0,3	0,1,2	lawler	1	distinct	canonical	1	0	before	false
joint01-0995	fork	1,2,4	0,0,3	0,1,2	lawler	1	distinct	canonical	1	0	gate	false
joint01-0996	fork	1,2,4	0,0,3	0,1,2	lawler	1	distinct	canonical	1	0	after	false
joint01-0997	fork	1,2,4	0,0,3	0,1,2	lawler	1	distinct	canonical	1	1	before	false
joint01-0998	fork	1,2,4	0,0,3	0,1,2	lawler	1	distinct	canonical	1	1	gate	false
joint01-0999	fork	1,2,4	0,0,3	0,1,2	lawler	1	distinct	canonical	1	1	after	false
joint01-1000	fork	1,2,4	0,0,3	0,1,2	lawler	1	distinct	canonical	1	2	before	false
joint01-1001	fork	1,2,4	0,0,3	0,1,2	lawler	1	distinct	canonical	1	2	gate	false
joint01-1002	fork	1,2,4	0,0,3	0,1,2	lawler	1	distinct	canonical	1	2	after	false
joint01-1003	fork	1,2,4	0,0,3	0,1,2	lawler	1	distinct	canonical	2	0	before	false
joint01-1004	fork	1,2,4	0,0,3	0,1,2	lawler	1	distinct	canonical	2	0	gate	false
joint01-1005	fork	1,2,4	0,0,3	0,1,2	lawler	1	distinct	canonical	2	0	after	false
joint01-1006	fork	1,2,4	0,0,3	0,1,2	lawler	1	distinct	canonical	2	1	before	false
joint01-1007	fork	1,2,4	0,0,3	0,1,2	lawler	1	distinct	canonical	2	1	gate	false
joint01-1008	fork	1,2,4	0,0,3	0,1,2	lawler	1	distinct	canonical	2	1	after	false
joint01-1009	fork	1,2,4	0,0,3	0,1,2	lawler	1	distinct	canonical	2	2	before	false
joint01-1010	fork	1,2,4	0,0,3	0,1,2	lawler	1	distinct	canonical	2	2	gate	false
joint01-1011	fork	1,2,4	0,0,3	0,1,2	lawler	1	distinct	canonical	2	2	after	false
joint01-1012	fork	1,2,4	0,0,3	0,1,2	lawler	1	colliding	allocated	-1	-1	none	false
joint01-1013	fork	1,2,4	0,0,3	0,1,2	lawler	1	colliding	allocated	0	0	before	false
joint01-1014	fork	1,2,4	0,0,3	0,1,2	lawler	1	colliding	allocated	0	0	gate	false
joint01-1015	fork	1,2,4	0,0,3	0,1,2	lawler	1	colliding	allocated	0	0	after	false
joint01-1016	fork	1,2,4	0,0,3	0,1,2	lawler	1	colliding	allocated	0	1	before	false
joint01-1017	fork	1,2,4	0,0,3	0,1,2	lawler	1	colliding	allocated	0	1	gate	false
joint01-1018	fork	1,2,4	0,0,3	0,1,2	lawler	1	colliding	allocated	0	1	after	false
joint01-1019	fork	1,2,4	0,0,3	0,1,2	lawler	1	colliding	allocated	0	2	before	false
joint01-1020	fork	1,2,4	0,0,3	0,1,2	lawler	1	colliding	allocated	0	2	gate	false
joint01-1021	fork	1,2,4	0,0,3	0,1,2	lawler	1	colliding	allocated	0	2	after	false
joint01-1022	fork	1,2,4	0,0,3	0,1,2	lawler	1	colliding	allocated	1	0	before	false
joint01-1023	fork	1,2,4	0,0,3	0,1,2	lawler	1	colliding	allocated	1	0	gate	false
joint01-1024	fork	1,2,4	0,0,3	0,1,2	lawler	1	colliding	allocated	1	0	after	false
joint01-1025	fork	1,2,4	0,0,3	0,1,2	lawler	1	colliding	allocated	1	1	before	false
joint01-1026	fork	1,2,4	0,0,3	0,1,2	lawler	1	colliding	allocated	1	1	gate	false
joint01-1027	fork	1,2,4	0,0,3	0,1,2	lawler	1	colliding	allocated	1	1	after	false
joint01-1028	fork	1,2,4	0,0,3	0,1,2	lawler	1	colliding	allocated	1	2	before	false
joint01-1029	fork	1,2,4	0,0,3	0,1,2	lawler	1	colliding	allocated	1	2	gate	false
joint01-1030	fork	1,2,4	0,0,3	0,1,2	lawler	1	colliding	allocated	1	2	after	false
joint01-1031	fork	1,2,4	0,0,3	0,1,2	lawler	1	colliding	allocated	2	0	before	false
joint01-1032	fork	1,2,4	0,0,3	0,1,2	lawler	1	colliding	allocated	2	0	gate	false
joint01-1033	fork	1,2,4	0,0,3	0,1,2	lawler	1	colliding	allocated	2	0	after	false
joint01-1034	fork	1,2,4	0,0,3	0,1,2	lawler	1	colliding	allocated	2	1	before	false
joint01-1035	fork	1,2,4	0,0,3	0,1,2	lawler	1	colliding	allocated	2	1	gate	false
joint01-1036	fork	1,2,4	0,0,3	0,1,2	lawler	1	colliding	allocated	2	1	after	false
joint01-1037	fork	1,2,4	0,0,3	0,1,2	lawler	1	colliding	allocated	2	2	before	false
joint01-1038	fork	1,2,4	0,0,3	0,1,2	lawler	1	colliding	allocated	2	2	gate	false
joint01-1039	fork	1,2,4	0,0,3	0,1,2	lawler	1	colliding	allocated	2	2	after	false
joint01-1040	fork	1,2,4	0,0,3	0,1,2	lawler	1	colliding	canonical	-1	-1	none	false
joint01-1041	fork	1,2,4	0,0,3	0,1,2	lawler	1	colliding	canonical	0	0	before	false
joint01-1042	fork	1,2,4	0,0,3	0,1,2	lawler	1	colliding	canonical	0	0	gate	false
joint01-1043	fork	1,2,4	0,0,3	0,1,2	lawler	1	colliding	canonical	0	0	after	false
joint01-1044	fork	1,2,4	0,0,3	0,1,2	lawler	1	colliding	canonical	0	1	before	false
joint01-1045	fork	1,2,4	0,0,3	0,1,2	lawler	1	colliding	canonical	0	1	gate	false
joint01-1046	fork	1,2,4	0,0,3	0,1,2	lawler	1	colliding	canonical	0	1	after	false
joint01-1047	fork	1,2,4	0,0,3	0,1,2	lawler	1	colliding	canonical	0	2	before	false
joint01-1048	fork	1,2,4	0,0,3	0,1,2	lawler	1	colliding	canonical	0	2	gate	false
joint01-1049	fork	1,2,4	0,0,3	0,1,2	lawler	1	colliding	canonical	0	2	after	false
joint01-1050	fork	1,2,4	0,0,3	0,1,2	lawler	1	colliding	canonical	1	0	before	false
joint01-1051	fork	1,2,4	0,0,3	0,1,2	lawler	1	colliding	canonical	1	0	gate	false
joint01-1052	fork	1,2,4	0,0,3	0,1,2	lawler	1	colliding	canonical	1	0	after	false
joint01-1053	fork	1,2,4	0,0,3	0,1,2	lawler	1	colliding	canonical	1	1	before	false
joint01-1054	fork	1,2,4	0,0,3	0,1,2	lawler	1	colliding	canonical	1	1	gate	false
joint01-1055	fork	1,2,4	0,0,3	0,1,2	lawler	1	colliding	canonical	1	1	after	false
joint01-1056	fork	1,2,4	0,0,3	0,1,2	lawler	1	colliding	canonical	1	2	before	false
joint01-1057	fork	1,2,4	0,0,3	0,1,2	lawler	1	colliding	canonical	1	2	gate	false
joint01-1058	fork	1,2,4	0,0,3	0,1,2	lawler	1	colliding	canonical	1	2	after	false
joint01-1059	fork	1,2,4	0,0,3	0,1,2	lawler	1	colliding	canonical	2	0	before	false
joint01-1060	fork	1,2,4	0,0,3	0,1,2	lawler	1	colliding	canonical	2	0	gate	false
joint01-1061	fork	1,2,4	0,0,3	0,1,2	lawler	1	colliding	canonical	2	0	after	false
joint01-1062	fork	1,2,4	0,0,3	0,1,2	lawler	1	colliding	canonical	2	1	before	false
joint01-1063	fork	1,2,4	0,0,3	0,1,2	lawler	1	colliding	canonical	2	1	gate	false
joint01-1064	fork	1,2,4	0,0,3	0,1,2	lawler	1	colliding	canonical	2	1	after	false
joint01-1065	fork	1,2,4	0,0,3	0,1,2	lawler	1	colliding	canonical	2	2	before	false
joint01-1066	fork	1,2,4	0,0,3	0,1,2	lawler	1	colliding	canonical	2	2	gate	false
joint01-1067	fork	1,2,4	0,0,3	0,1,2	lawler	1	colliding	canonical	2	2	after	false
joint01-1068	fork	1,2,4	0,0,3	1,0,2	lawler	2	distinct	allocated	-1	-1	none	false
joint01-1069	fork	1,2,4	0,0,3	1,0,2	lawler	2	distinct	allocated	0	0	before	false
joint01-1070	fork	1,2,4	0,0,3	1,0,2	lawler	2	distinct	allocated	0	0	gate	false
joint01-1071	fork	1,2,4	0,0,3	1,0,2	lawler	2	distinct	allocated	0	0	after	false
joint01-1072	fork	1,2,4	0,0,3	1,0,2	lawler	2	distinct	allocated	0	1	before	false
joint01-1073	fork	1,2,4	0,0,3	1,0,2	lawler	2	distinct	allocated	0	1	gate	false
joint01-1074	fork	1,2,4	0,0,3	1,0,2	lawler	2	distinct	allocated	0	1	after	false
joint01-1075	fork	1,2,4	0,0,3	1,0,2	lawler	2	distinct	allocated	0	2	before	false
joint01-1076	fork	1,2,4	0,0,3	1,0,2	lawler	2	distinct	allocated	0	2	gate	false
joint01-1077	fork	1,2,4	0,0,3	1,0,2	lawler	2	distinct	allocated	0	2	after	false
joint01-1078	fork	1,2,4	0,0,3	1,0,2	lawler	2	distinct	allocated	1	0	before	false
joint01-1079	fork	1,2,4	0,0,3	1,0,2	lawler	2	distinct	allocated	1	0	gate	false
joint01-1080	fork	1,2,4	0,0,3	1,0,2	lawler	2	distinct	allocated	1	0	after	false
joint01-1081	fork	1,2,4	0,0,3	1,0,2	lawler	2	distinct	allocated	1	1	before	false
joint01-1082	fork	1,2,4	0,0,3	1,0,2	lawler	2	distinct	allocated	1	1	gate	false
joint01-1083	fork	1,2,4	0,0,3	1,0,2	lawler	2	distinct	allocated	1	1	after	false
joint01-1084	fork	1,2,4	0,0,3	1,0,2	lawler	2	distinct	allocated	1	2	before	false
joint01-1085	fork	1,2,4	0,0,3	1,0,2	lawler	2	distinct	allocated	1	2	gate	false
joint01-1086	fork	1,2,4	0,0,3	1,0,2	lawler	2	distinct	allocated	1	2	after	false
joint01-1087	fork	1,2,4	0,0,3	1,0,2	lawler	2	distinct	allocated	2	0	before	false
joint01-1088	fork	1,2,4	0,0,3	1,0,2	lawler	2	distinct	allocated	2	0	gate	false
joint01-1089	fork	1,2,4	0,0,3	1,0,2	lawler	2	distinct	allocated	2	0	after	false
joint01-1090	fork	1,2,4	0,0,3	1,0,2	lawler	2	distinct	allocated	2	1	before	false
joint01-1091	fork	1,2,4	0,0,3	1,0,2	lawler	2	distinct	allocated	2	1	gate	false
joint01-1092	fork	1,2,4	0,0,3	1,0,2	lawler	2	distinct	allocated	2	1	after	false
joint01-1093	fork	1,2,4	0,0,3	1,0,2	lawler	2	distinct	allocated	2	2	before	false
joint01-1094	fork	1,2,4	0,0,3	1,0,2	lawler	2	distinct	allocated	2	2	gate	false
joint01-1095	fork	1,2,4	0,0,3	1,0,2	lawler	2	distinct	allocated	2	2	after	false
joint01-1096	fork	1,2,4	0,0,3	1,0,2	lawler	2	distinct	canonical	-1	-1	none	false
joint01-1097	fork	1,2,4	0,0,3	1,0,2	lawler	2	distinct	canonical	0	0	before	false
joint01-1098	fork	1,2,4	0,0,3	1,0,2	lawler	2	distinct	canonical	0	0	gate	false
joint01-1099	fork	1,2,4	0,0,3	1,0,2	lawler	2	distinct	canonical	0	0	after	false
joint01-1100	fork	1,2,4	0,0,3	1,0,2	lawler	2	distinct	canonical	0	1	before	false
joint01-1101	fork	1,2,4	0,0,3	1,0,2	lawler	2	distinct	canonical	0	1	gate	false
joint01-1102	fork	1,2,4	0,0,3	1,0,2	lawler	2	distinct	canonical	0	1	after	false
joint01-1103	fork	1,2,4	0,0,3	1,0,2	lawler	2	distinct	canonical	0	2	before	false
joint01-1104	fork	1,2,4	0,0,3	1,0,2	lawler	2	distinct	canonical	0	2	gate	false
joint01-1105	fork	1,2,4	0,0,3	1,0,2	lawler	2	distinct	canonical	0	2	after	false
joint01-1106	fork	1,2,4	0,0,3	1,0,2	lawler	2	distinct	canonical	1	0	before	false
joint01-1107	fork	1,2,4	0,0,3	1,0,2	lawler	2	distinct	canonical	1	0	gate	false
joint01-1108	fork	1,2,4	0,0,3	1,0,2	lawler	2	distinct	canonical	1	0	after	false
joint01-1109	fork	1,2,4	0,0,3	1,0,2	lawler	2	distinct	canonical	1	1	before	false
joint01-1110	fork	1,2,4	0,0,3	1,0,2	lawler	2	distinct	canonical	1	1	gate	false
joint01-1111	fork	1,2,4	0,0,3	1,0,2	lawler	2	distinct	canonical	1	1	after	false
joint01-1112	fork	1,2,4	0,0,3	1,0,2	lawler	2	distinct	canonical	1	2	before	false
joint01-1113	fork	1,2,4	0,0,3	1,0,2	lawler	2	distinct	canonical	1	2	gate	false
joint01-1114	fork	1,2,4	0,0,3	1,0,2	lawler	2	distinct	canonical	1	2	after	false
joint01-1115	fork	1,2,4	0,0,3	1,0,2	lawler	2	distinct	canonical	2	0	before	false
joint01-1116	fork	1,2,4	0,0,3	1,0,2	lawler	2	distinct	canonical	2	0	gate	false
joint01-1117	fork	1,2,4	0,0,3	1,0,2	lawler	2	distinct	canonical	2	0	after	false
joint01-1118	fork	1,2,4	0,0,3	1,0,2	lawler	2	distinct	canonical	2	1	before	false
joint01-1119	fork	1,2,4	0,0,3	1,0,2	lawler	2	distinct	canonical	2	1	gate	false
joint01-1120	fork	1,2,4	0,0,3	1,0,2	lawler	2	distinct	canonical	2	1	after	false
joint01-1121	fork	1,2,4	0,0,3	1,0,2	lawler	2	distinct	canonical	2	2	before	false
joint01-1122	fork	1,2,4	0,0,3	1,0,2	lawler	2	distinct	canonical	2	2	gate	false
joint01-1123	fork	1,2,4	0,0,3	1,0,2	lawler	2	distinct	canonical	2	2	after	false
joint01-1124	fork	1,2,4	0,0,3	1,0,2	lawler	2	colliding	allocated	-1	-1	none	false
joint01-1125	fork	1,2,4	0,0,3	1,0,2	lawler	2	colliding	allocated	0	0	before	false
joint01-1126	fork	1,2,4	0,0,3	1,0,2	lawler	2	colliding	allocated	0	0	gate	false
joint01-1127	fork	1,2,4	0,0,3	1,0,2	lawler	2	colliding	allocated	0	0	after	false
joint01-1128	fork	1,2,4	0,0,3	1,0,2	lawler	2	colliding	allocated	0	1	before	false
joint01-1129	fork	1,2,4	0,0,3	1,0,2	lawler	2	colliding	allocated	0	1	gate	false
joint01-1130	fork	1,2,4	0,0,3	1,0,2	lawler	2	colliding	allocated	0	1	after	false
joint01-1131	fork	1,2,4	0,0,3	1,0,2	lawler	2	colliding	allocated	0	2	before	false
joint01-1132	fork	1,2,4	0,0,3	1,0,2	lawler	2	colliding	allocated	0	2	gate	false
joint01-1133	fork	1,2,4	0,0,3	1,0,2	lawler	2	colliding	allocated	0	2	after	false
joint01-1134	fork	1,2,4	0,0,3	1,0,2	lawler	2	colliding	allocated	1	0	before	false
joint01-1135	fork	1,2,4	0,0,3	1,0,2	lawler	2	colliding	allocated	1	0	gate	false
joint01-1136	fork	1,2,4	0,0,3	1,0,2	lawler	2	colliding	allocated	1	0	after	false
joint01-1137	fork	1,2,4	0,0,3	1,0,2	lawler	2	colliding	allocated	1	1	before	false
joint01-1138	fork	1,2,4	0,0,3	1,0,2	lawler	2	colliding	allocated	1	1	gate	false
joint01-1139	fork	1,2,4	0,0,3	1,0,2	lawler	2	colliding	allocated	1	1	after	false
joint01-1140	fork	1,2,4	0,0,3	1,0,2	lawler	2	colliding	allocated	1	2	before	false
joint01-1141	fork	1,2,4	0,0,3	1,0,2	lawler	2	colliding	allocated	1	2	gate	false
joint01-1142	fork	1,2,4	0,0,3	1,0,2	lawler	2	colliding	allocated	1	2	after	false
joint01-1143	fork	1,2,4	0,0,3	1,0,2	lawler	2	colliding	allocated	2	0	before	false
joint01-1144	fork	1,2,4	0,0,3	1,0,2	lawler	2	colliding	allocated	2	0	gate	false
joint01-1145	fork	1,2,4	0,0,3	1,0,2	lawler	2	colliding	allocated	2	0	after	false
joint01-1146	fork	1,2,4	0,0,3	1,0,2	lawler	2	colliding	allocated	2	1	before	false
joint01-1147	fork	1,2,4	0,0,3	1,0,2	lawler	2	colliding	allocated	2	1	gate	false
joint01-1148	fork	1,2,4	0,0,3	1,0,2	lawler	2	colliding	allocated	2	1	after	false
joint01-1149	fork	1,2,4	0,0,3	1,0,2	lawler	2	colliding	allocated	2	2	before	false
joint01-1150	fork	1,2,4	0,0,3	1,0,2	lawler	2	colliding	allocated	2	2	gate	false
joint01-1151	fork	1,2,4	0,0,3	1,0,2	lawler	2	colliding	allocated	2	2	after	false
joint01-1152	fork	1,2,4	0,0,3	1,0,2	lawler	2	colliding	canonical	-1	-1	none	false
joint01-1153	fork	1,2,4	0,0,3	1,0,2	lawler	2	colliding	canonical	0	0	before	false
joint01-1154	fork	1,2,4	0,0,3	1,0,2	lawler	2	colliding	canonical	0	0	gate	false
joint01-1155	fork	1,2,4	0,0,3	1,0,2	lawler	2	colliding	canonical	0	0	after	false
joint01-1156	fork	1,2,4	0,0,3	1,0,2	lawler	2	colliding	canonical	0	1	before	false
joint01-1157	fork	1,2,4	0,0,3	1,0,2	lawler	2	colliding	canonical	0	1	gate	false
joint01-1158	fork	1,2,4	0,0,3	1,0,2	lawler	2	colliding	canonical	0	1	after	false
joint01-1159	fork	1,2,4	0,0,3	1,0,2	lawler	2	colliding	canonical	0	2	before	false
joint01-1160	fork	1,2,4	0,0,3	1,0,2	lawler	2	colliding	canonical	0	2	gate	false
joint01-1161	fork	1,2,4	0,0,3	1,0,2	lawler	2	colliding	canonical	0	2	after	false
joint01-1162	fork	1,2,4	0,0,3	1,0,2	lawler	2	colliding	canonical	1	0	before	false
joint01-1163	fork	1,2,4	0,0,3	1,0,2	lawler	2	colliding	canonical	1	0	gate	false
joint01-1164	fork	1,2,4	0,0,3	1,0,2	lawler	2	colliding	canonical	1	0	after	false
joint01-1165	fork	1,2,4	0,0,3	1,0,2	lawler	2	colliding	canonical	1	1	before	false
joint01-1166	fork	1,2,4	0,0,3	1,0,2	lawler	2	colliding	canonical	1	1	gate	false
joint01-1167	fork	1,2,4	0,0,3	1,0,2	lawler	2	colliding	canonical	1	1	after	false
joint01-1168	fork	1,2,4	0,0,3	1,0,2	lawler	2	colliding	canonical	1	2	before	false
joint01-1169	fork	1,2,4	0,0,3	1,0,2	lawler	2	colliding	canonical	1	2	gate	false
joint01-1170	fork	1,2,4	0,0,3	1,0,2	lawler	2	colliding	canonical	1	2	after	false
joint01-1171	fork	1,2,4	0,0,3	1,0,2	lawler	2	colliding	canonical	2	0	before	false
joint01-1172	fork	1,2,4	0,0,3	1,0,2	lawler	2	colliding	canonical	2	0	gate	false
joint01-1173	fork	1,2,4	0,0,3	1,0,2	lawler	2	colliding	canonical	2	0	after	false
joint01-1174	fork	1,2,4	0,0,3	1,0,2	lawler	2	colliding	canonical	2	1	before	false
joint01-1175	fork	1,2,4	0,0,3	1,0,2	lawler	2	colliding	canonical	2	1	gate	false
joint01-1176	fork	1,2,4	0,0,3	1,0,2	lawler	2	colliding	canonical	2	1	after	false
joint01-1177	fork	1,2,4	0,0,3	1,0,2	lawler	2	colliding	canonical	2	2	before	false
joint01-1178	fork	1,2,4	0,0,3	1,0,2	lawler	2	colliding	canonical	2	2	gate	false
joint01-1179	fork	1,2,4	0,0,3	1,0,2	lawler	2	colliding	canonical	2	2	after	false
joint01-1180	fork	1,2,4	0,0,3	1,0,2	lawler	4	distinct	allocated	-1	-1	none	false
joint01-1181	fork	1,2,4	0,0,3	1,0,2	lawler	4	distinct	allocated	0	0	before	false
joint01-1182	fork	1,2,4	0,0,3	1,0,2	lawler	4	distinct	allocated	0	0	gate	false
joint01-1183	fork	1,2,4	0,0,3	1,0,2	lawler	4	distinct	allocated	0	0	after	false
joint01-1184	fork	1,2,4	0,0,3	1,0,2	lawler	4	distinct	allocated	0	1	before	false
joint01-1185	fork	1,2,4	0,0,3	1,0,2	lawler	4	distinct	allocated	0	1	gate	false
joint01-1186	fork	1,2,4	0,0,3	1,0,2	lawler	4	distinct	allocated	0	1	after	false
joint01-1187	fork	1,2,4	0,0,3	1,0,2	lawler	4	distinct	allocated	0	2	before	false
joint01-1188	fork	1,2,4	0,0,3	1,0,2	lawler	4	distinct	allocated	0	2	gate	false
joint01-1189	fork	1,2,4	0,0,3	1,0,2	lawler	4	distinct	allocated	0	2	after	false
joint01-1190	fork	1,2,4	0,0,3	1,0,2	lawler	4	distinct	allocated	1	0	before	false
joint01-1191	fork	1,2,4	0,0,3	1,0,2	lawler	4	distinct	allocated	1	0	gate	false
joint01-1192	fork	1,2,4	0,0,3	1,0,2	lawler	4	distinct	allocated	1	0	after	false
joint01-1193	fork	1,2,4	0,0,3	1,0,2	lawler	4	distinct	allocated	1	1	before	false
joint01-1194	fork	1,2,4	0,0,3	1,0,2	lawler	4	distinct	allocated	1	1	gate	false
joint01-1195	fork	1,2,4	0,0,3	1,0,2	lawler	4	distinct	allocated	1	1	after	false
joint01-1196	fork	1,2,4	0,0,3	1,0,2	lawler	4	distinct	allocated	1	2	before	false
joint01-1197	fork	1,2,4	0,0,3	1,0,2	lawler	4	distinct	allocated	1	2	gate	false
joint01-1198	fork	1,2,4	0,0,3	1,0,2	lawler	4	distinct	allocated	1	2	after	false
joint01-1199	fork	1,2,4	0,0,3	1,0,2	lawler	4	distinct	allocated	2	0	before	false
joint01-1200	fork	1,2,4	0,0,3	1,0,2	lawler	4	distinct	allocated	2	0	gate	false
joint01-1201	fork	1,2,4	0,0,3	1,0,2	lawler	4	distinct	allocated	2	0	after	false
joint01-1202	fork	1,2,4	0,0,3	1,0,2	lawler	4	distinct	allocated	2	1	before	false
joint01-1203	fork	1,2,4	0,0,3	1,0,2	lawler	4	distinct	allocated	2	1	gate	false
joint01-1204	fork	1,2,4	0,0,3	1,0,2	lawler	4	distinct	allocated	2	1	after	false
joint01-1205	fork	1,2,4	0,0,3	1,0,2	lawler	4	distinct	allocated	2	2	before	false
joint01-1206	fork	1,2,4	0,0,3	1,0,2	lawler	4	distinct	allocated	2	2	gate	false
joint01-1207	fork	1,2,4	0,0,3	1,0,2	lawler	4	distinct	allocated	2	2	after	false
joint01-1208	fork	1,2,4	0,0,3	1,0,2	lawler	4	distinct	canonical	-1	-1	none	false
joint01-1209	fork	1,2,4	0,0,3	1,0,2	lawler	4	distinct	canonical	0	0	before	false
joint01-1210	fork	1,2,4	0,0,3	1,0,2	lawler	4	distinct	canonical	0	0	gate	false
joint01-1211	fork	1,2,4	0,0,3	1,0,2	lawler	4	distinct	canonical	0	0	after	false
joint01-1212	fork	1,2,4	0,0,3	1,0,2	lawler	4	distinct	canonical	0	1	before	false
joint01-1213	fork	1,2,4	0,0,3	1,0,2	lawler	4	distinct	canonical	0	1	gate	false
joint01-1214	fork	1,2,4	0,0,3	1,0,2	lawler	4	distinct	canonical	0	1	after	false
joint01-1215	fork	1,2,4	0,0,3	1,0,2	lawler	4	distinct	canonical	0	2	before	false
joint01-1216	fork	1,2,4	0,0,3	1,0,2	lawler	4	distinct	canonical	0	2	gate	false
joint01-1217	fork	1,2,4	0,0,3	1,0,2	lawler	4	distinct	canonical	0	2	after	false
joint01-1218	fork	1,2,4	0,0,3	1,0,2	lawler	4	distinct	canonical	1	0	before	false
joint01-1219	fork	1,2,4	0,0,3	1,0,2	lawler	4	distinct	canonical	1	0	gate	false
joint01-1220	fork	1,2,4	0,0,3	1,0,2	lawler	4	distinct	canonical	1	0	after	false
joint01-1221	fork	1,2,4	0,0,3	1,0,2	lawler	4	distinct	canonical	1	1	before	false
joint01-1222	fork	1,2,4	0,0,3	1,0,2	lawler	4	distinct	canonical	1	1	gate	false
joint01-1223	fork	1,2,4	0,0,3	1,0,2	lawler	4	distinct	canonical	1	1	after	false
joint01-1224	fork	1,2,4	0,0,3	1,0,2	lawler	4	distinct	canonical	1	2	before	false
joint01-1225	fork	1,2,4	0,0,3	1,0,2	lawler	4	distinct	canonical	1	2	gate	false
joint01-1226	fork	1,2,4	0,0,3	1,0,2	lawler	4	distinct	canonical	1	2	after	false
joint01-1227	fork	1,2,4	0,0,3	1,0,2	lawler	4	distinct	canonical	2	0	before	false
joint01-1228	fork	1,2,4	0,0,3	1,0,2	lawler	4	distinct	canonical	2	0	gate	false
joint01-1229	fork	1,2,4	0,0,3	1,0,2	lawler	4	distinct	canonical	2	0	after	false
joint01-1230	fork	1,2,4	0,0,3	1,0,2	lawler	4	distinct	canonical	2	1	before	false
joint01-1231	fork	1,2,4	0,0,3	1,0,2	lawler	4	distinct	canonical	2	1	gate	false
joint01-1232	fork	1,2,4	0,0,3	1,0,2	lawler	4	distinct	canonical	2	1	after	false
joint01-1233	fork	1,2,4	0,0,3	1,0,2	lawler	4	distinct	canonical	2	2	before	false
joint01-1234	fork	1,2,4	0,0,3	1,0,2	lawler	4	distinct	canonical	2	2	gate	false
joint01-1235	fork	1,2,4	0,0,3	1,0,2	lawler	4	distinct	canonical	2	2	after	false
joint01-1236	fork	1,2,4	0,0,3	1,0,2	lawler	4	colliding	allocated	-1	-1	none	false
joint01-1237	fork	1,2,4	0,0,3	1,0,2	lawler	4	colliding	allocated	0	0	before	false
joint01-1238	fork	1,2,4	0,0,3	1,0,2	lawler	4	colliding	allocated	0	0	gate	false
joint01-1239	fork	1,2,4	0,0,3	1,0,2	lawler	4	colliding	allocated	0	0	after	false
joint01-1240	fork	1,2,4	0,0,3	1,0,2	lawler	4	colliding	allocated	0	1	before	false
joint01-1241	fork	1,2,4	0,0,3	1,0,2	lawler	4	colliding	allocated	0	1	gate	false
joint01-1242	fork	1,2,4	0,0,3	1,0,2	lawler	4	colliding	allocated	0	1	after	false
joint01-1243	fork	1,2,4	0,0,3	1,0,2	lawler	4	colliding	allocated	0	2	before	false
joint01-1244	fork	1,2,4	0,0,3	1,0,2	lawler	4	colliding	allocated	0	2	gate	false
joint01-1245	fork	1,2,4	0,0,3	1,0,2	lawler	4	colliding	allocated	0	2	after	false
joint01-1246	fork	1,2,4	0,0,3	1,0,2	lawler	4	colliding	allocated	1	0	before	false
joint01-1247	fork	1,2,4	0,0,3	1,0,2	lawler	4	colliding	allocated	1	0	gate	false
joint01-1248	fork	1,2,4	0,0,3	1,0,2	lawler	4	colliding	allocated	1	0	after	false
joint01-1249	fork	1,2,4	0,0,3	1,0,2	lawler	4	colliding	allocated	1	1	before	false
joint01-1250	fork	1,2,4	0,0,3	1,0,2	lawler	4	colliding	allocated	1	1	gate	false
joint01-1251	fork	1,2,4	0,0,3	1,0,2	lawler	4	colliding	allocated	1	1	after	false
joint01-1252	fork	1,2,4	0,0,3	1,0,2	lawler	4	colliding	allocated	1	2	before	false
joint01-1253	fork	1,2,4	0,0,3	1,0,2	lawler	4	colliding	allocated	1	2	gate	false
joint01-1254	fork	1,2,4	0,0,3	1,0,2	lawler	4	colliding	allocated	1	2	after	false
joint01-1255	fork	1,2,4	0,0,3	1,0,2	lawler	4	colliding	allocated	2	0	before	false
joint01-1256	fork	1,2,4	0,0,3	1,0,2	lawler	4	colliding	allocated	2	0	gate	false
joint01-1257	fork	1,2,4	0,0,3	1,0,2	lawler	4	colliding	allocated	2	0	after	false
joint01-1258	fork	1,2,4	0,0,3	1,0,2	lawler	4	colliding	allocated	2	1	before	false
joint01-1259	fork	1,2,4	0,0,3	1,0,2	lawler	4	colliding	allocated	2	1	gate	false
joint01-1260	fork	1,2,4	0,0,3	1,0,2	lawler	4	colliding	allocated	2	1	after	false
joint01-1261	fork	1,2,4	0,0,3	1,0,2	lawler	4	colliding	allocated	2	2	before	false
joint01-1262	fork	1,2,4	0,0,3	1,0,2	lawler	4	colliding	allocated	2	2	gate	false
joint01-1263	fork	1,2,4	0,0,3	1,0,2	lawler	4	colliding	allocated	2	2	after	false
joint01-1264	fork	1,2,4	0,0,3	1,0,2	lawler	4	colliding	canonical	-1	-1	none	false
joint01-1265	fork	1,2,4	0,0,3	1,0,2	lawler	4	colliding	canonical	0	0	before	false
joint01-1266	fork	1,2,4	0,0,3	1,0,2	lawler	4	colliding	canonical	0	0	gate	false
joint01-1267	fork	1,2,4	0,0,3	1,0,2	lawler	4	colliding	canonical	0	0	after	false
joint01-1268	fork	1,2,4	0,0,3	1,0,2	lawler	4	colliding	canonical	0	1	before	false
joint01-1269	fork	1,2,4	0,0,3	1,0,2	lawler	4	colliding	canonical	0	1	gate	false
joint01-1270	fork	1,2,4	0,0,3	1,0,2	lawler	4	colliding	canonical	0	1	after	false
joint01-1271	fork	1,2,4	0,0,3	1,0,2	lawler	4	colliding	canonical	0	2	before	false
joint01-1272	fork	1,2,4	0,0,3	1,0,2	lawler	4	colliding	canonical	0	2	gate	false
joint01-1273	fork	1,2,4	0,0,3	1,0,2	lawler	4	colliding	canonical	0	2	after	false
joint01-1274	fork	1,2,4	0,0,3	1,0,2	lawler	4	colliding	canonical	1	0	before	false
joint01-1275	fork	1,2,4	0,0,3	1,0,2	lawler	4	colliding	canonical	1	0	gate	false
joint01-1276	fork	1,2,4	0,0,3	1,0,2	lawler	4	colliding	canonical	1	0	after	false
joint01-1277	fork	1,2,4	0,0,3	1,0,2	lawler	4	colliding	canonical	1	1	before	false
joint01-1278	fork	1,2,4	0,0,3	1,0,2	lawler	4	colliding	canonical	1	1	gate	false
joint01-1279	fork	1,2,4	0,0,3	1,0,2	lawler	4	colliding	canonical	1	1	after	false
joint01-1280	fork	1,2,4	0,0,3	1,0,2	lawler	4	colliding	canonical	1	2	before	false
joint01-1281	fork	1,2,4	0,0,3	1,0,2	lawler	4	colliding	canonical	1	2	gate	false
joint01-1282	fork	1,2,4	0,0,3	1,0,2	lawler	4	colliding	canonical	1	2	after	false
joint01-1283	fork	1,2,4	0,0,3	1,0,2	lawler	4	colliding	canonical	2	0	before	false
joint01-1284	fork	1,2,4	0,0,3	1,0,2	lawler	4	colliding	canonical	2	0	gate	false
joint01-1285	fork	1,2,4	0,0,3	1,0,2	lawler	4	colliding	canonical	2	0	after	false
joint01-1286	fork	1,2,4	0,0,3	1,0,2	lawler	4	colliding	canonical	2	1	before	false
joint01-1287	fork	1,2,4	0,0,3	1,0,2	lawler	4	colliding	canonical	2	1	gate	false
joint01-1288	fork	1,2,4	0,0,3	1,0,2	lawler	4	colliding	canonical	2	1	after	false
joint01-1289	fork	1,2,4	0,0,3	1,0,2	lawler	4	colliding	canonical	2	2	before	false
joint01-1290	fork	1,2,4	0,0,3	1,0,2	lawler	4	colliding	canonical	2	2	gate	false
joint01-1291	fork	1,2,4	0,0,3	1,0,2	lawler	4	colliding	canonical	2	2	after	false
joint01-1292	fork	1,2,4	0,0,3	0,1,2	cached	-1	distinct	allocated	-1	-1	none	false
joint01-1293	fork	1,2,4	0,0,3	0,1,2	cached	-1	distinct	allocated	0	0	before	false
joint01-1294	fork	1,2,4	0,0,3	0,1,2	cached	-1	distinct	allocated	0	0	gate	false
joint01-1295	fork	1,2,4	0,0,3	0,1,2	cached	-1	distinct	allocated	0	0	after	false
joint01-1296	fork	1,2,4	0,0,3	0,1,2	cached	-1	distinct	allocated	0	1	before	false
joint01-1297	fork	1,2,4	0,0,3	0,1,2	cached	-1	distinct	allocated	0	1	gate	false
joint01-1298	fork	1,2,4	0,0,3	0,1,2	cached	-1	distinct	allocated	0	1	after	false
joint01-1299	fork	1,2,4	0,0,3	0,1,2	cached	-1	distinct	allocated	0	2	before	false
joint01-1300	fork	1,2,4	0,0,3	0,1,2	cached	-1	distinct	allocated	0	2	gate	false
joint01-1301	fork	1,2,4	0,0,3	0,1,2	cached	-1	distinct	allocated	0	2	after	false
joint01-1302	fork	1,2,4	0,0,3	0,1,2	cached	-1	distinct	allocated	1	0	before	false
joint01-1303	fork	1,2,4	0,0,3	0,1,2	cached	-1	distinct	allocated	1	0	gate	false
joint01-1304	fork	1,2,4	0,0,3	0,1,2	cached	-1	distinct	allocated	1	0	after	false
joint01-1305	fork	1,2,4	0,0,3	0,1,2	cached	-1	distinct	allocated	1	1	before	false
joint01-1306	fork	1,2,4	0,0,3	0,1,2	cached	-1	distinct	allocated	1	1	gate	false
joint01-1307	fork	1,2,4	0,0,3	0,1,2	cached	-1	distinct	allocated	1	1	after	false
joint01-1308	fork	1,2,4	0,0,3	0,1,2	cached	-1	distinct	allocated	1	2	before	false
joint01-1309	fork	1,2,4	0,0,3	0,1,2	cached	-1	distinct	allocated	1	2	gate	false
joint01-1310	fork	1,2,4	0,0,3	0,1,2	cached	-1	distinct	allocated	1	2	after	false
joint01-1311	fork	1,2,4	0,0,3	0,1,2	cached	-1	distinct	allocated	2	0	before	false
joint01-1312	fork	1,2,4	0,0,3	0,1,2	cached	-1	distinct	allocated	2	0	gate	false
joint01-1313	fork	1,2,4	0,0,3	0,1,2	cached	-1	distinct	allocated	2	0	after	false
joint01-1314	fork	1,2,4	0,0,3	0,1,2	cached	-1	distinct	allocated	2	1	before	false
joint01-1315	fork	1,2,4	0,0,3	0,1,2	cached	-1	distinct	allocated	2	1	gate	false
joint01-1316	fork	1,2,4	0,0,3	0,1,2	cached	-1	distinct	allocated	2	1	after	false
joint01-1317	fork	1,2,4	0,0,3	0,1,2	cached	-1	distinct	allocated	2	2	before	false
joint01-1318	fork	1,2,4	0,0,3	0,1,2	cached	-1	distinct	allocated	2	2	gate	false
joint01-1319	fork	1,2,4	0,0,3	0,1,2	cached	-1	distinct	allocated	2	2	after	false
joint01-1320	fork	1,2,4	0,0,3	0,1,2	cached	-1	distinct	canonical	-1	-1	none	false
joint01-1321	fork	1,2,4	0,0,3	0,1,2	cached	-1	distinct	canonical	0	0	before	false
joint01-1322	fork	1,2,4	0,0,3	0,1,2	cached	-1	distinct	canonical	0	0	gate	false
joint01-1323	fork	1,2,4	0,0,3	0,1,2	cached	-1	distinct	canonical	0	0	after	false
joint01-1324	fork	1,2,4	0,0,3	0,1,2	cached	-1	distinct	canonical	0	1	before	false
joint01-1325	fork	1,2,4	0,0,3	0,1,2	cached	-1	distinct	canonical	0	1	gate	false
joint01-1326	fork	1,2,4	0,0,3	0,1,2	cached	-1	distinct	canonical	0	1	after	false
joint01-1327	fork	1,2,4	0,0,3	0,1,2	cached	-1	distinct	canonical	0	2	before	false
joint01-1328	fork	1,2,4	0,0,3	0,1,2	cached	-1	distinct	canonical	0	2	gate	false
joint01-1329	fork	1,2,4	0,0,3	0,1,2	cached	-1	distinct	canonical	0	2	after	false
joint01-1330	fork	1,2,4	0,0,3	0,1,2	cached	-1	distinct	canonical	1	0	before	false
joint01-1331	fork	1,2,4	0,0,3	0,1,2	cached	-1	distinct	canonical	1	0	gate	false
joint01-1332	fork	1,2,4	0,0,3	0,1,2	cached	-1	distinct	canonical	1	0	after	false
joint01-1333	fork	1,2,4	0,0,3	0,1,2	cached	-1	distinct	canonical	1	1	before	false
joint01-1334	fork	1,2,4	0,0,3	0,1,2	cached	-1	distinct	canonical	1	1	gate	false
joint01-1335	fork	1,2,4	0,0,3	0,1,2	cached	-1	distinct	canonical	1	1	after	false
joint01-1336	fork	1,2,4	0,0,3	0,1,2	cached	-1	distinct	canonical	1	2	before	false
joint01-1337	fork	1,2,4	0,0,3	0,1,2	cached	-1	distinct	canonical	1	2	gate	false
joint01-1338	fork	1,2,4	0,0,3	0,1,2	cached	-1	distinct	canonical	1	2	after	false
joint01-1339	fork	1,2,4	0,0,3	0,1,2	cached	-1	distinct	canonical	2	0	before	false
joint01-1340	fork	1,2,4	0,0,3	0,1,2	cached	-1	distinct	canonical	2	0	gate	false
joint01-1341	fork	1,2,4	0,0,3	0,1,2	cached	-1	distinct	canonical	2	0	after	false
joint01-1342	fork	1,2,4	0,0,3	0,1,2	cached	-1	distinct	canonical	2	1	before	false
joint01-1343	fork	1,2,4	0,0,3	0,1,2	cached	-1	distinct	canonical	2	1	gate	false
joint01-1344	fork	1,2,4	0,0,3	0,1,2	cached	-1	distinct	canonical	2	1	after	false
joint01-1345	fork	1,2,4	0,0,3	0,1,2	cached	-1	distinct	canonical	2	2	before	false
joint01-1346	fork	1,2,4	0,0,3	0,1,2	cached	-1	distinct	canonical	2	2	gate	false
joint01-1347	fork	1,2,4	0,0,3	0,1,2	cached	-1	distinct	canonical	2	2	after	false
joint01-1348	fork	1,2,4	0,0,3	0,1,2	cached	-1	colliding	allocated	-1	-1	none	false
joint01-1349	fork	1,2,4	0,0,3	0,1,2	cached	-1	colliding	allocated	0	0	before	false
joint01-1350	fork	1,2,4	0,0,3	0,1,2	cached	-1	colliding	allocated	0	0	gate	false
joint01-1351	fork	1,2,4	0,0,3	0,1,2	cached	-1	colliding	allocated	0	0	after	false
joint01-1352	fork	1,2,4	0,0,3	0,1,2	cached	-1	colliding	allocated	0	1	before	false
joint01-1353	fork	1,2,4	0,0,3	0,1,2	cached	-1	colliding	allocated	0	1	gate	false
joint01-1354	fork	1,2,4	0,0,3	0,1,2	cached	-1	colliding	allocated	0	1	after	false
joint01-1355	fork	1,2,4	0,0,3	0,1,2	cached	-1	colliding	allocated	0	2	before	false
joint01-1356	fork	1,2,4	0,0,3	0,1,2	cached	-1	colliding	allocated	0	2	gate	false
joint01-1357	fork	1,2,4	0,0,3	0,1,2	cached	-1	colliding	allocated	0	2	after	false
joint01-1358	fork	1,2,4	0,0,3	0,1,2	cached	-1	colliding	allocated	1	0	before	false
joint01-1359	fork	1,2,4	0,0,3	0,1,2	cached	-1	colliding	allocated	1	0	gate	false
joint01-1360	fork	1,2,4	0,0,3	0,1,2	cached	-1	colliding	allocated	1	0	after	false
joint01-1361	fork	1,2,4	0,0,3	0,1,2	cached	-1	colliding	allocated	1	1	before	false
joint01-1362	fork	1,2,4	0,0,3	0,1,2	cached	-1	colliding	allocated	1	1	gate	false
joint01-1363	fork	1,2,4	0,0,3	0,1,2	cached	-1	colliding	allocated	1	1	after	false
joint01-1364	fork	1,2,4	0,0,3	0,1,2	cached	-1	colliding	allocated	1	2	before	false
joint01-1365	fork	1,2,4	0,0,3	0,1,2	cached	-1	colliding	allocated	1	2	gate	false
joint01-1366	fork	1,2,4	0,0,3	0,1,2	cached	-1	colliding	allocated	1	2	after	false
joint01-1367	fork	1,2,4	0,0,3	0,1,2	cached	-1	colliding	allocated	2	0	before	false
joint01-1368	fork	1,2,4	0,0,3	0,1,2	cached	-1	colliding	allocated	2	0	gate	false
joint01-1369	fork	1,2,4	0,0,3	0,1,2	cached	-1	colliding	allocated	2	0	after	false
joint01-1370	fork	1,2,4	0,0,3	0,1,2	cached	-1	colliding	allocated	2	1	before	false
joint01-1371	fork	1,2,4	0,0,3	0,1,2	cached	-1	colliding	allocated	2	1	gate	false
joint01-1372	fork	1,2,4	0,0,3	0,1,2	cached	-1	colliding	allocated	2	1	after	false
joint01-1373	fork	1,2,4	0,0,3	0,1,2	cached	-1	colliding	allocated	2	2	before	false
joint01-1374	fork	1,2,4	0,0,3	0,1,2	cached	-1	colliding	allocated	2	2	gate	false
joint01-1375	fork	1,2,4	0,0,3	0,1,2	cached	-1	colliding	allocated	2	2	after	false
joint01-1376	fork	1,2,4	0,0,3	0,1,2	cached	-1	colliding	canonical	-1	-1	none	false
joint01-1377	fork	1,2,4	0,0,3	0,1,2	cached	-1	colliding	canonical	0	0	before	false
joint01-1378	fork	1,2,4	0,0,3	0,1,2	cached	-1	colliding	canonical	0	0	gate	false
joint01-1379	fork	1,2,4	0,0,3	0,1,2	cached	-1	colliding	canonical	0	0	after	false
joint01-1380	fork	1,2,4	0,0,3	0,1,2	cached	-1	colliding	canonical	0	1	before	false
joint01-1381	fork	1,2,4	0,0,3	0,1,2	cached	-1	colliding	canonical	0	1	gate	false
joint01-1382	fork	1,2,4	0,0,3	0,1,2	cached	-1	colliding	canonical	0	1	after	false
joint01-1383	fork	1,2,4	0,0,3	0,1,2	cached	-1	colliding	canonical	0	2	before	false
joint01-1384	fork	1,2,4	0,0,3	0,1,2	cached	-1	colliding	canonical	0	2	gate	false
joint01-1385	fork	1,2,4	0,0,3	0,1,2	cached	-1	colliding	canonical	0	2	after	false
joint01-1386	fork	1,2,4	0,0,3	0,1,2	cached	-1	colliding	canonical	1	0	before	false
joint01-1387	fork	1,2,4	0,0,3	0,1,2	cached	-1	colliding	canonical	1	0	gate	false
joint01-1388	fork	1,2,4	0,0,3	0,1,2	cached	-1	colliding	canonical	1	0	after	false
joint01-1389	fork	1,2,4	0,0,3	0,1,2	cached	-1	colliding	canonical	1	1	before	false
joint01-1390	fork	1,2,4	0,0,3	0,1,2	cached	-1	colliding	canonical	1	1	gate	false
joint01-1391	fork	1,2,4	0,0,3	0,1,2	cached	-1	colliding	canonical	1	1	after	false
joint01-1392	fork	1,2,4	0,0,3	0,1,2	cached	-1	colliding	canonical	1	2	before	false
joint01-1393	fork	1,2,4	0,0,3	0,1,2	cached	-1	colliding	canonical	1	2	gate	false
joint01-1394	fork	1,2,4	0,0,3	0,1,2	cached	-1	colliding	canonical	1	2	after	false
joint01-1395	fork	1,2,4	0,0,3	0,1,2	cached	-1	colliding	canonical	2	0	before	false
joint01-1396	fork	1,2,4	0,0,3	0,1,2	cached	-1	colliding	canonical	2	0	gate	false
joint01-1397	fork	1,2,4	0,0,3	0,1,2	cached	-1	colliding	canonical	2	0	after	false
joint01-1398	fork	1,2,4	0,0,3	0,1,2	cached	-1	colliding	canonical	2	1	before	false
joint01-1399	fork	1,2,4	0,0,3	0,1,2	cached	-1	colliding	canonical	2	1	gate	false
joint01-1400	fork	1,2,4	0,0,3	0,1,2	cached	-1	colliding	canonical	2	1	after	false
joint01-1401	fork	1,2,4	0,0,3	0,1,2	cached	-1	colliding	canonical	2	2	before	false
joint01-1402	fork	1,2,4	0,0,3	0,1,2	cached	-1	colliding	canonical	2	2	gate	false
joint01-1403	fork	1,2,4	0,0,3	0,1,2	cached	-1	colliding	canonical	2	2	after	false
joint01-1404	fork	1,2,4	0,0,3	0,1,2	fresh	-1	distinct	allocated	-1	-1	none	false
joint01-1405	fork	1,2,4	0,0,3	0,1,2	fresh	-1	distinct	allocated	0	0	before	false
joint01-1406	fork	1,2,4	0,0,3	0,1,2	fresh	-1	distinct	allocated	0	0	gate	false
joint01-1407	fork	1,2,4	0,0,3	0,1,2	fresh	-1	distinct	allocated	0	0	after	false
joint01-1408	fork	1,2,4	0,0,3	0,1,2	fresh	-1	distinct	allocated	0	1	before	false
joint01-1409	fork	1,2,4	0,0,3	0,1,2	fresh	-1	distinct	allocated	0	1	gate	false
joint01-1410	fork	1,2,4	0,0,3	0,1,2	fresh	-1	distinct	allocated	0	1	after	false
joint01-1411	fork	1,2,4	0,0,3	0,1,2	fresh	-1	distinct	allocated	0	2	before	false
joint01-1412	fork	1,2,4	0,0,3	0,1,2	fresh	-1	distinct	allocated	0	2	gate	false
joint01-1413	fork	1,2,4	0,0,3	0,1,2	fresh	-1	distinct	allocated	0	2	after	false
joint01-1414	fork	1,2,4	0,0,3	0,1,2	fresh	-1	distinct	allocated	1	0	before	false
joint01-1415	fork	1,2,4	0,0,3	0,1,2	fresh	-1	distinct	allocated	1	0	gate	false
joint01-1416	fork	1,2,4	0,0,3	0,1,2	fresh	-1	distinct	allocated	1	0	after	false
joint01-1417	fork	1,2,4	0,0,3	0,1,2	fresh	-1	distinct	allocated	1	1	before	false
joint01-1418	fork	1,2,4	0,0,3	0,1,2	fresh	-1	distinct	allocated	1	1	gate	false
joint01-1419	fork	1,2,4	0,0,3	0,1,2	fresh	-1	distinct	allocated	1	1	after	false
joint01-1420	fork	1,2,4	0,0,3	0,1,2	fresh	-1	distinct	allocated	1	2	before	false
joint01-1421	fork	1,2,4	0,0,3	0,1,2	fresh	-1	distinct	allocated	1	2	gate	false
joint01-1422	fork	1,2,4	0,0,3	0,1,2	fresh	-1	distinct	allocated	1	2	after	false
joint01-1423	fork	1,2,4	0,0,3	0,1,2	fresh	-1	distinct	allocated	2	0	before	false
joint01-1424	fork	1,2,4	0,0,3	0,1,2	fresh	-1	distinct	allocated	2	0	gate	false
joint01-1425	fork	1,2,4	0,0,3	0,1,2	fresh	-1	distinct	allocated	2	0	after	false
joint01-1426	fork	1,2,4	0,0,3	0,1,2	fresh	-1	distinct	allocated	2	1	before	false
joint01-1427	fork	1,2,4	0,0,3	0,1,2	fresh	-1	distinct	allocated	2	1	gate	false
joint01-1428	fork	1,2,4	0,0,3	0,1,2	fresh	-1	distinct	allocated	2	1	after	false
joint01-1429	fork	1,2,4	0,0,3	0,1,2	fresh	-1	distinct	allocated	2	2	before	false
joint01-1430	fork	1,2,4	0,0,3	0,1,2	fresh	-1	distinct	allocated	2	2	gate	false
joint01-1431	fork	1,2,4	0,0,3	0,1,2	fresh	-1	distinct	allocated	2	2	after	false
joint01-1432	fork	1,2,4	0,0,3	0,1,2	fresh	-1	distinct	canonical	-1	-1	none	false
joint01-1433	fork	1,2,4	0,0,3	0,1,2	fresh	-1	distinct	canonical	0	0	before	false
joint01-1434	fork	1,2,4	0,0,3	0,1,2	fresh	-1	distinct	canonical	0	0	gate	false
joint01-1435	fork	1,2,4	0,0,3	0,1,2	fresh	-1	distinct	canonical	0	0	after	false
joint01-1436	fork	1,2,4	0,0,3	0,1,2	fresh	-1	distinct	canonical	0	1	before	false
joint01-1437	fork	1,2,4	0,0,3	0,1,2	fresh	-1	distinct	canonical	0	1	gate	false
joint01-1438	fork	1,2,4	0,0,3	0,1,2	fresh	-1	distinct	canonical	0	1	after	false
joint01-1439	fork	1,2,4	0,0,3	0,1,2	fresh	-1	distinct	canonical	0	2	before	false
joint01-1440	fork	1,2,4	0,0,3	0,1,2	fresh	-1	distinct	canonical	0	2	gate	false
joint01-1441	fork	1,2,4	0,0,3	0,1,2	fresh	-1	distinct	canonical	0	2	after	false
joint01-1442	fork	1,2,4	0,0,3	0,1,2	fresh	-1	distinct	canonical	1	0	before	false
joint01-1443	fork	1,2,4	0,0,3	0,1,2	fresh	-1	distinct	canonical	1	0	gate	false
joint01-1444	fork	1,2,4	0,0,3	0,1,2	fresh	-1	distinct	canonical	1	0	after	false
joint01-1445	fork	1,2,4	0,0,3	0,1,2	fresh	-1	distinct	canonical	1	1	before	false
joint01-1446	fork	1,2,4	0,0,3	0,1,2	fresh	-1	distinct	canonical	1	1	gate	false
joint01-1447	fork	1,2,4	0,0,3	0,1,2	fresh	-1	distinct	canonical	1	1	after	false
joint01-1448	fork	1,2,4	0,0,3	0,1,2	fresh	-1	distinct	canonical	1	2	before	false
joint01-1449	fork	1,2,4	0,0,3	0,1,2	fresh	-1	distinct	canonical	1	2	gate	false
joint01-1450	fork	1,2,4	0,0,3	0,1,2	fresh	-1	distinct	canonical	1	2	after	false
joint01-1451	fork	1,2,4	0,0,3	0,1,2	fresh	-1	distinct	canonical	2	0	before	false
joint01-1452	fork	1,2,4	0,0,3	0,1,2	fresh	-1	distinct	canonical	2	0	gate	false
joint01-1453	fork	1,2,4	0,0,3	0,1,2	fresh	-1	distinct	canonical	2	0	after	false
joint01-1454	fork	1,2,4	0,0,3	0,1,2	fresh	-1	distinct	canonical	2	1	before	false
joint01-1455	fork	1,2,4	0,0,3	0,1,2	fresh	-1	distinct	canonical	2	1	gate	false
joint01-1456	fork	1,2,4	0,0,3	0,1,2	fresh	-1	distinct	canonical	2	1	after	false
joint01-1457	fork	1,2,4	0,0,3	0,1,2	fresh	-1	distinct	canonical	2	2	before	false
joint01-1458	fork	1,2,4	0,0,3	0,1,2	fresh	-1	distinct	canonical	2	2	gate	false
joint01-1459	fork	1,2,4	0,0,3	0,1,2	fresh	-1	distinct	canonical	2	2	after	false
joint01-1460	fork	1,2,4	0,0,3	0,1,2	fresh	-1	colliding	allocated	-1	-1	none	false
joint01-1461	fork	1,2,4	0,0,3	0,1,2	fresh	-1	colliding	allocated	0	0	before	false
joint01-1462	fork	1,2,4	0,0,3	0,1,2	fresh	-1	colliding	allocated	0	0	gate	false
joint01-1463	fork	1,2,4	0,0,3	0,1,2	fresh	-1	colliding	allocated	0	0	after	false
joint01-1464	fork	1,2,4	0,0,3	0,1,2	fresh	-1	colliding	allocated	0	1	before	false
joint01-1465	fork	1,2,4	0,0,3	0,1,2	fresh	-1	colliding	allocated	0	1	gate	false
joint01-1466	fork	1,2,4	0,0,3	0,1,2	fresh	-1	colliding	allocated	0	1	after	false
joint01-1467	fork	1,2,4	0,0,3	0,1,2	fresh	-1	colliding	allocated	0	2	before	false
joint01-1468	fork	1,2,4	0,0,3	0,1,2	fresh	-1	colliding	allocated	0	2	gate	false
joint01-1469	fork	1,2,4	0,0,3	0,1,2	fresh	-1	colliding	allocated	0	2	after	false
joint01-1470	fork	1,2,4	0,0,3	0,1,2	fresh	-1	colliding	allocated	1	0	before	false
joint01-1471	fork	1,2,4	0,0,3	0,1,2	fresh	-1	colliding	allocated	1	0	gate	false
joint01-1472	fork	1,2,4	0,0,3	0,1,2	fresh	-1	colliding	allocated	1	0	after	false
joint01-1473	fork	1,2,4	0,0,3	0,1,2	fresh	-1	colliding	allocated	1	1	before	false
joint01-1474	fork	1,2,4	0,0,3	0,1,2	fresh	-1	colliding	allocated	1	1	gate	false
joint01-1475	fork	1,2,4	0,0,3	0,1,2	fresh	-1	colliding	allocated	1	1	after	false
joint01-1476	fork	1,2,4	0,0,3	0,1,2	fresh	-1	colliding	allocated	1	2	before	false
joint01-1477	fork	1,2,4	0,0,3	0,1,2	fresh	-1	colliding	allocated	1	2	gate	false
joint01-1478	fork	1,2,4	0,0,3	0,1,2	fresh	-1	colliding	allocated	1	2	after	false
joint01-1479	fork	1,2,4	0,0,3	0,1,2	fresh	-1	colliding	allocated	2	0	before	false
joint01-1480	fork	1,2,4	0,0,3	0,1,2	fresh	-1	colliding	allocated	2	0	gate	false
joint01-1481	fork	1,2,4	0,0,3	0,1,2	fresh	-1	colliding	allocated	2	0	after	false
joint01-1482	fork	1,2,4	0,0,3	0,1,2	fresh	-1	colliding	allocated	2	1	before	false
joint01-1483	fork	1,2,4	0,0,3	0,1,2	fresh	-1	colliding	allocated	2	1	gate	false
joint01-1484	fork	1,2,4	0,0,3	0,1,2	fresh	-1	colliding	allocated	2	1	after	false
joint01-1485	fork	1,2,4	0,0,3	0,1,2	fresh	-1	colliding	allocated	2	2	before	false
joint01-1486	fork	1,2,4	0,0,3	0,1,2	fresh	-1	colliding	allocated	2	2	gate	false
joint01-1487	fork	1,2,4	0,0,3	0,1,2	fresh	-1	colliding	allocated	2	2	after	false
joint01-1488	fork	1,2,4	0,0,3	0,1,2	fresh	-1	colliding	canonical	-1	-1	none	false
joint01-1489	fork	1,2,4	0,0,3	0,1,2	fresh	-1	colliding	canonical	0	0	before	false
joint01-1490	fork	1,2,4	0,0,3	0,1,2	fresh	-1	colliding	canonical	0	0	gate	false
joint01-1491	fork	1,2,4	0,0,3	0,1,2	fresh	-1	colliding	canonical	0	0	after	false
joint01-1492	fork	1,2,4	0,0,3	0,1,2	fresh	-1	colliding	canonical	0	1	before	false
joint01-1493	fork	1,2,4	0,0,3	0,1,2	fresh	-1	colliding	canonical	0	1	gate	false
joint01-1494	fork	1,2,4	0,0,3	0,1,2	fresh	-1	colliding	canonical	0	1	after	false
joint01-1495	fork	1,2,4	0,0,3	0,1,2	fresh	-1	colliding	canonical	0	2	before	false
joint01-1496	fork	1,2,4	0,0,3	0,1,2	fresh	-1	colliding	canonical	0	2	gate	false
joint01-1497	fork	1,2,4	0,0,3	0,1,2	fresh	-1	colliding	canonical	0	2	after	false
joint01-1498	fork	1,2,4	0,0,3	0,1,2	fresh	-1	colliding	canonical	1	0	before	false
joint01-1499	fork	1,2,4	0,0,3	0,1,2	fresh	-1	colliding	canonical	1	0	gate	false
joint01-1500	fork	1,2,4	0,0,3	0,1,2	fresh	-1	colliding	canonical	1	0	after	false
joint01-1501	fork	1,2,4	0,0,3	0,1,2	fresh	-1	colliding	canonical	1	1	before	false
joint01-1502	fork	1,2,4	0,0,3	0,1,2	fresh	-1	colliding	canonical	1	1	gate	false
joint01-1503	fork	1,2,4	0,0,3	0,1,2	fresh	-1	colliding	canonical	1	1	after	false
joint01-1504	fork	1,2,4	0,0,3	0,1,2	fresh	-1	colliding	canonical	1	2	before	false
joint01-1505	fork	1,2,4	0,0,3	0,1,2	fresh	-1	colliding	canonical	1	2	gate	false
joint01-1506	fork	1,2,4	0,0,3	0,1,2	fresh	-1	colliding	canonical	1	2	after	false
joint01-1507	fork	1,2,4	0,0,3	0,1,2	fresh	-1	colliding	canonical	2	0	before	false
joint01-1508	fork	1,2,4	0,0,3	0,1,2	fresh	-1	colliding	canonical	2	0	gate	false
joint01-1509	fork	1,2,4	0,0,3	0,1,2	fresh	-1	colliding	canonical	2	0	after	false
joint01-1510	fork	1,2,4	0,0,3	0,1,2	fresh	-1	colliding	canonical	2	1	before	false
joint01-1511	fork	1,2,4	0,0,3	0,1,2	fresh	-1	colliding	canonical	2	1	gate	false
joint01-1512	fork	1,2,4	0,0,3	0,1,2	fresh	-1	colliding	canonical	2	1	after	false
joint01-1513	fork	1,2,4	0,0,3	0,1,2	fresh	-1	colliding	canonical	2	2	before	false
joint01-1514	fork	1,2,4	0,0,3	0,1,2	fresh	-1	colliding	canonical	2	2	gate	false
joint01-1515	fork	1,2,4	0,0,3	0,1,2	fresh	-1	colliding	canonical	2	2	after	false
joint01-1516	tied	2,2,1	0,0,0	2,1,0	lawler	0	distinct	allocated	-1	-1	none	false
joint01-1517	tied	2,2,1	0,0,0	2,1,0	lawler	0	distinct	allocated	0	0	before	false
joint01-1518	tied	2,2,1	0,0,0	2,1,0	lawler	0	distinct	allocated	0	0	gate	false
joint01-1519	tied	2,2,1	0,0,0	2,1,0	lawler	0	distinct	allocated	0	0	after	false
joint01-1520	tied	2,2,1	0,0,0	2,1,0	lawler	0	distinct	allocated	0	1	before	false
joint01-1521	tied	2,2,1	0,0,0	2,1,0	lawler	0	distinct	allocated	0	1	gate	false
joint01-1522	tied	2,2,1	0,0,0	2,1,0	lawler	0	distinct	allocated	0	1	after	false
joint01-1523	tied	2,2,1	0,0,0	2,1,0	lawler	0	distinct	allocated	0	2	before	false
joint01-1524	tied	2,2,1	0,0,0	2,1,0	lawler	0	distinct	allocated	0	2	gate	false
joint01-1525	tied	2,2,1	0,0,0	2,1,0	lawler	0	distinct	allocated	0	2	after	false
joint01-1526	tied	2,2,1	0,0,0	2,1,0	lawler	0	distinct	allocated	1	0	before	false
joint01-1527	tied	2,2,1	0,0,0	2,1,0	lawler	0	distinct	allocated	1	0	gate	false
joint01-1528	tied	2,2,1	0,0,0	2,1,0	lawler	0	distinct	allocated	1	0	after	false
joint01-1529	tied	2,2,1	0,0,0	2,1,0	lawler	0	distinct	allocated	1	1	before	false
joint01-1530	tied	2,2,1	0,0,0	2,1,0	lawler	0	distinct	allocated	1	1	gate	false
joint01-1531	tied	2,2,1	0,0,0	2,1,0	lawler	0	distinct	allocated	1	1	after	false
joint01-1532	tied	2,2,1	0,0,0	2,1,0	lawler	0	distinct	allocated	1	2	before	false
joint01-1533	tied	2,2,1	0,0,0	2,1,0	lawler	0	distinct	allocated	1	2	gate	false
joint01-1534	tied	2,2,1	0,0,0	2,1,0	lawler	0	distinct	allocated	1	2	after	false
joint01-1535	tied	2,2,1	0,0,0	2,1,0	lawler	0	distinct	allocated	2	0	before	false
joint01-1536	tied	2,2,1	0,0,0	2,1,0	lawler	0	distinct	allocated	2	0	gate	false
joint01-1537	tied	2,2,1	0,0,0	2,1,0	lawler	0	distinct	allocated	2	0	after	false
joint01-1538	tied	2,2,1	0,0,0	2,1,0	lawler	0	distinct	allocated	2	1	before	false
joint01-1539	tied	2,2,1	0,0,0	2,1,0	lawler	0	distinct	allocated	2	1	gate	false
joint01-1540	tied	2,2,1	0,0,0	2,1,0	lawler	0	distinct	allocated	2	1	after	false
joint01-1541	tied	2,2,1	0,0,0	2,1,0	lawler	0	distinct	allocated	2	2	before	false
joint01-1542	tied	2,2,1	0,0,0	2,1,0	lawler	0	distinct	allocated	2	2	gate	false
joint01-1543	tied	2,2,1	0,0,0	2,1,0	lawler	0	distinct	allocated	2	2	after	false
joint01-1544	tied	2,2,1	0,0,0	2,1,0	lawler	0	distinct	canonical	-1	-1	none	false
joint01-1545	tied	2,2,1	0,0,0	2,1,0	lawler	0	distinct	canonical	0	0	before	false
joint01-1546	tied	2,2,1	0,0,0	2,1,0	lawler	0	distinct	canonical	0	0	gate	false
joint01-1547	tied	2,2,1	0,0,0	2,1,0	lawler	0	distinct	canonical	0	0	after	false
joint01-1548	tied	2,2,1	0,0,0	2,1,0	lawler	0	distinct	canonical	0	1	before	false
joint01-1549	tied	2,2,1	0,0,0	2,1,0	lawler	0	distinct	canonical	0	1	gate	false
joint01-1550	tied	2,2,1	0,0,0	2,1,0	lawler	0	distinct	canonical	0	1	after	false
joint01-1551	tied	2,2,1	0,0,0	2,1,0	lawler	0	distinct	canonical	0	2	before	false
joint01-1552	tied	2,2,1	0,0,0	2,1,0	lawler	0	distinct	canonical	0	2	gate	false
joint01-1553	tied	2,2,1	0,0,0	2,1,0	lawler	0	distinct	canonical	0	2	after	false
joint01-1554	tied	2,2,1	0,0,0	2,1,0	lawler	0	distinct	canonical	1	0	before	false
joint01-1555	tied	2,2,1	0,0,0	2,1,0	lawler	0	distinct	canonical	1	0	gate	false
joint01-1556	tied	2,2,1	0,0,0	2,1,0	lawler	0	distinct	canonical	1	0	after	false
joint01-1557	tied	2,2,1	0,0,0	2,1,0	lawler	0	distinct	canonical	1	1	before	false
joint01-1558	tied	2,2,1	0,0,0	2,1,0	lawler	0	distinct	canonical	1	1	gate	false
joint01-1559	tied	2,2,1	0,0,0	2,1,0	lawler	0	distinct	canonical	1	1	after	false
joint01-1560	tied	2,2,1	0,0,0	2,1,0	lawler	0	distinct	canonical	1	2	before	false
joint01-1561	tied	2,2,1	0,0,0	2,1,0	lawler	0	distinct	canonical	1	2	gate	false
joint01-1562	tied	2,2,1	0,0,0	2,1,0	lawler	0	distinct	canonical	1	2	after	false
joint01-1563	tied	2,2,1	0,0,0	2,1,0	lawler	0	distinct	canonical	2	0	before	false
joint01-1564	tied	2,2,1	0,0,0	2,1,0	lawler	0	distinct	canonical	2	0	gate	false
joint01-1565	tied	2,2,1	0,0,0	2,1,0	lawler	0	distinct	canonical	2	0	after	false
joint01-1566	tied	2,2,1	0,0,0	2,1,0	lawler	0	distinct	canonical	2	1	before	false
joint01-1567	tied	2,2,1	0,0,0	2,1,0	lawler	0	distinct	canonical	2	1	gate	false
joint01-1568	tied	2,2,1	0,0,0	2,1,0	lawler	0	distinct	canonical	2	1	after	false
joint01-1569	tied	2,2,1	0,0,0	2,1,0	lawler	0	distinct	canonical	2	2	before	false
joint01-1570	tied	2,2,1	0,0,0	2,1,0	lawler	0	distinct	canonical	2	2	gate	false
joint01-1571	tied	2,2,1	0,0,0	2,1,0	lawler	0	distinct	canonical	2	2	after	false
joint01-1572	tied	2,2,1	0,0,0	2,1,0	lawler	0	colliding	allocated	-1	-1	none	false
joint01-1573	tied	2,2,1	0,0,0	2,1,0	lawler	0	colliding	allocated	0	0	before	false
joint01-1574	tied	2,2,1	0,0,0	2,1,0	lawler	0	colliding	allocated	0	0	gate	false
joint01-1575	tied	2,2,1	0,0,0	2,1,0	lawler	0	colliding	allocated	0	0	after	false
joint01-1576	tied	2,2,1	0,0,0	2,1,0	lawler	0	colliding	allocated	0	1	before	false
joint01-1577	tied	2,2,1	0,0,0	2,1,0	lawler	0	colliding	allocated	0	1	gate	false
joint01-1578	tied	2,2,1	0,0,0	2,1,0	lawler	0	colliding	allocated	0	1	after	false
joint01-1579	tied	2,2,1	0,0,0	2,1,0	lawler	0	colliding	allocated	0	2	before	false
joint01-1580	tied	2,2,1	0,0,0	2,1,0	lawler	0	colliding	allocated	0	2	gate	false
joint01-1581	tied	2,2,1	0,0,0	2,1,0	lawler	0	colliding	allocated	0	2	after	false
joint01-1582	tied	2,2,1	0,0,0	2,1,0	lawler	0	colliding	allocated	1	0	before	false
joint01-1583	tied	2,2,1	0,0,0	2,1,0	lawler	0	colliding	allocated	1	0	gate	false
joint01-1584	tied	2,2,1	0,0,0	2,1,0	lawler	0	colliding	allocated	1	0	after	false
joint01-1585	tied	2,2,1	0,0,0	2,1,0	lawler	0	colliding	allocated	1	1	before	false
joint01-1586	tied	2,2,1	0,0,0	2,1,0	lawler	0	colliding	allocated	1	1	gate	false
joint01-1587	tied	2,2,1	0,0,0	2,1,0	lawler	0	colliding	allocated	1	1	after	false
joint01-1588	tied	2,2,1	0,0,0	2,1,0	lawler	0	colliding	allocated	1	2	before	false
joint01-1589	tied	2,2,1	0,0,0	2,1,0	lawler	0	colliding	allocated	1	2	gate	false
joint01-1590	tied	2,2,1	0,0,0	2,1,0	lawler	0	colliding	allocated	1	2	after	false
joint01-1591	tied	2,2,1	0,0,0	2,1,0	lawler	0	colliding	allocated	2	0	before	false
joint01-1592	tied	2,2,1	0,0,0	2,1,0	lawler	0	colliding	allocated	2	0	gate	false
joint01-1593	tied	2,2,1	0,0,0	2,1,0	lawler	0	colliding	allocated	2	0	after	false
joint01-1594	tied	2,2,1	0,0,0	2,1,0	lawler	0	colliding	allocated	2	1	before	false
joint01-1595	tied	2,2,1	0,0,0	2,1,0	lawler	0	colliding	allocated	2	1	gate	false
joint01-1596	tied	2,2,1	0,0,0	2,1,0	lawler	0	colliding	allocated	2	1	after	false
joint01-1597	tied	2,2,1	0,0,0	2,1,0	lawler	0	colliding	allocated	2	2	before	false
joint01-1598	tied	2,2,1	0,0,0	2,1,0	lawler	0	colliding	allocated	2	2	gate	false
joint01-1599	tied	2,2,1	0,0,0	2,1,0	lawler	0	colliding	allocated	2	2	after	false
joint01-1600	tied	2,2,1	0,0,0	2,1,0	lawler	0	colliding	canonical	-1	-1	none	false
joint01-1601	tied	2,2,1	0,0,0	2,1,0	lawler	0	colliding	canonical	0	0	before	false
joint01-1602	tied	2,2,1	0,0,0	2,1,0	lawler	0	colliding	canonical	0	0	gate	false
joint01-1603	tied	2,2,1	0,0,0	2,1,0	lawler	0	colliding	canonical	0	0	after	false
joint01-1604	tied	2,2,1	0,0,0	2,1,0	lawler	0	colliding	canonical	0	1	before	false
joint01-1605	tied	2,2,1	0,0,0	2,1,0	lawler	0	colliding	canonical	0	1	gate	false
joint01-1606	tied	2,2,1	0,0,0	2,1,0	lawler	0	colliding	canonical	0	1	after	false
joint01-1607	tied	2,2,1	0,0,0	2,1,0	lawler	0	colliding	canonical	0	2	before	false
joint01-1608	tied	2,2,1	0,0,0	2,1,0	lawler	0	colliding	canonical	0	2	gate	false
joint01-1609	tied	2,2,1	0,0,0	2,1,0	lawler	0	colliding	canonical	0	2	after	false
joint01-1610	tied	2,2,1	0,0,0	2,1,0	lawler	0	colliding	canonical	1	0	before	false
joint01-1611	tied	2,2,1	0,0,0	2,1,0	lawler	0	colliding	canonical	1	0	gate	false
joint01-1612	tied	2,2,1	0,0,0	2,1,0	lawler	0	colliding	canonical	1	0	after	false
joint01-1613	tied	2,2,1	0,0,0	2,1,0	lawler	0	colliding	canonical	1	1	before	false
joint01-1614	tied	2,2,1	0,0,0	2,1,0	lawler	0	colliding	canonical	1	1	gate	false
joint01-1615	tied	2,2,1	0,0,0	2,1,0	lawler	0	colliding	canonical	1	1	after	false
joint01-1616	tied	2,2,1	0,0,0	2,1,0	lawler	0	colliding	canonical	1	2	before	false
joint01-1617	tied	2,2,1	0,0,0	2,1,0	lawler	0	colliding	canonical	1	2	gate	false
joint01-1618	tied	2,2,1	0,0,0	2,1,0	lawler	0	colliding	canonical	1	2	after	false
joint01-1619	tied	2,2,1	0,0,0	2,1,0	lawler	0	colliding	canonical	2	0	before	false
joint01-1620	tied	2,2,1	0,0,0	2,1,0	lawler	0	colliding	canonical	2	0	gate	false
joint01-1621	tied	2,2,1	0,0,0	2,1,0	lawler	0	colliding	canonical	2	0	after	false
joint01-1622	tied	2,2,1	0,0,0	2,1,0	lawler	0	colliding	canonical	2	1	before	false
joint01-1623	tied	2,2,1	0,0,0	2,1,0	lawler	0	colliding	canonical	2	1	gate	false
joint01-1624	tied	2,2,1	0,0,0	2,1,0	lawler	0	colliding	canonical	2	1	after	false
joint01-1625	tied	2,2,1	0,0,0	2,1,0	lawler	0	colliding	canonical	2	2	before	false
joint01-1626	tied	2,2,1	0,0,0	2,1,0	lawler	0	colliding	canonical	2	2	gate	false
joint01-1627	tied	2,2,1	0,0,0	2,1,0	lawler	0	colliding	canonical	2	2	after	false
joint01-1628	tied	2,2,1	0,0,0	2,1,0	lawler	1	distinct	allocated	-1	-1	none	false
joint01-1629	tied	2,2,1	0,0,0	2,1,0	lawler	1	distinct	allocated	0	0	before	false
joint01-1630	tied	2,2,1	0,0,0	2,1,0	lawler	1	distinct	allocated	0	0	gate	false
joint01-1631	tied	2,2,1	0,0,0	2,1,0	lawler	1	distinct	allocated	0	0	after	false
joint01-1632	tied	2,2,1	0,0,0	2,1,0	lawler	1	distinct	allocated	0	1	before	false
joint01-1633	tied	2,2,1	0,0,0	2,1,0	lawler	1	distinct	allocated	0	1	gate	false
joint01-1634	tied	2,2,1	0,0,0	2,1,0	lawler	1	distinct	allocated	0	1	after	false
joint01-1635	tied	2,2,1	0,0,0	2,1,0	lawler	1	distinct	allocated	0	2	before	false
joint01-1636	tied	2,2,1	0,0,0	2,1,0	lawler	1	distinct	allocated	0	2	gate	false
joint01-1637	tied	2,2,1	0,0,0	2,1,0	lawler	1	distinct	allocated	0	2	after	false
joint01-1638	tied	2,2,1	0,0,0	2,1,0	lawler	1	distinct	allocated	1	0	before	false
joint01-1639	tied	2,2,1	0,0,0	2,1,0	lawler	1	distinct	allocated	1	0	gate	false
joint01-1640	tied	2,2,1	0,0,0	2,1,0	lawler	1	distinct	allocated	1	0	after	false
joint01-1641	tied	2,2,1	0,0,0	2,1,0	lawler	1	distinct	allocated	1	1	before	false
joint01-1642	tied	2,2,1	0,0,0	2,1,0	lawler	1	distinct	allocated	1	1	gate	false
joint01-1643	tied	2,2,1	0,0,0	2,1,0	lawler	1	distinct	allocated	1	1	after	false
joint01-1644	tied	2,2,1	0,0,0	2,1,0	lawler	1	distinct	allocated	1	2	before	false
joint01-1645	tied	2,2,1	0,0,0	2,1,0	lawler	1	distinct	allocated	1	2	gate	false
joint01-1646	tied	2,2,1	0,0,0	2,1,0	lawler	1	distinct	allocated	1	2	after	false
joint01-1647	tied	2,2,1	0,0,0	2,1,0	lawler	1	distinct	allocated	2	0	before	false
joint01-1648	tied	2,2,1	0,0,0	2,1,0	lawler	1	distinct	allocated	2	0	gate	false
joint01-1649	tied	2,2,1	0,0,0	2,1,0	lawler	1	distinct	allocated	2	0	after	false
joint01-1650	tied	2,2,1	0,0,0	2,1,0	lawler	1	distinct	allocated	2	1	before	false
joint01-1651	tied	2,2,1	0,0,0	2,1,0	lawler	1	distinct	allocated	2	1	gate	false
joint01-1652	tied	2,2,1	0,0,0	2,1,0	lawler	1	distinct	allocated	2	1	after	false
joint01-1653	tied	2,2,1	0,0,0	2,1,0	lawler	1	distinct	allocated	2	2	before	false
joint01-1654	tied	2,2,1	0,0,0	2,1,0	lawler	1	distinct	allocated	2	2	gate	false
joint01-1655	tied	2,2,1	0,0,0	2,1,0	lawler	1	distinct	allocated	2	2	after	false
joint01-1656	tied	2,2,1	0,0,0	2,1,0	lawler	1	distinct	canonical	-1	-1	none	false
joint01-1657	tied	2,2,1	0,0,0	2,1,0	lawler	1	distinct	canonical	0	0	before	false
joint01-1658	tied	2,2,1	0,0,0	2,1,0	lawler	1	distinct	canonical	0	0	gate	false
joint01-1659	tied	2,2,1	0,0,0	2,1,0	lawler	1	distinct	canonical	0	0	after	false
joint01-1660	tied	2,2,1	0,0,0	2,1,0	lawler	1	distinct	canonical	0	1	before	false
joint01-1661	tied	2,2,1	0,0,0	2,1,0	lawler	1	distinct	canonical	0	1	gate	false
joint01-1662	tied	2,2,1	0,0,0	2,1,0	lawler	1	distinct	canonical	0	1	after	false
joint01-1663	tied	2,2,1	0,0,0	2,1,0	lawler	1	distinct	canonical	0	2	before	false
joint01-1664	tied	2,2,1	0,0,0	2,1,0	lawler	1	distinct	canonical	0	2	gate	false
joint01-1665	tied	2,2,1	0,0,0	2,1,0	lawler	1	distinct	canonical	0	2	after	false
joint01-1666	tied	2,2,1	0,0,0	2,1,0	lawler	1	distinct	canonical	1	0	before	false
joint01-1667	tied	2,2,1	0,0,0	2,1,0	lawler	1	distinct	canonical	1	0	gate	false
joint01-1668	tied	2,2,1	0,0,0	2,1,0	lawler	1	distinct	canonical	1	0	after	false
joint01-1669	tied	2,2,1	0,0,0	2,1,0	lawler	1	distinct	canonical	1	1	before	false
joint01-1670	tied	2,2,1	0,0,0	2,1,0	lawler	1	distinct	canonical	1	1	gate	false
joint01-1671	tied	2,2,1	0,0,0	2,1,0	lawler	1	distinct	canonical	1	1	after	false
joint01-1672	tied	2,2,1	0,0,0	2,1,0	lawler	1	distinct	canonical	1	2	before	false
joint01-1673	tied	2,2,1	0,0,0	2,1,0	lawler	1	distinct	canonical	1	2	gate	false
joint01-1674	tied	2,2,1	0,0,0	2,1,0	lawler	1	distinct	canonical	1	2	after	false
joint01-1675	tied	2,2,1	0,0,0	2,1,0	lawler	1	distinct	canonical	2	0	before	false
joint01-1676	tied	2,2,1	0,0,0	2,1,0	lawler	1	distinct	canonical	2	0	gate	false
joint01-1677	tied	2,2,1	0,0,0	2,1,0	lawler	1	distinct	canonical	2	0	after	false
joint01-1678	tied	2,2,1	0,0,0	2,1,0	lawler	1	distinct	canonical	2	1	before	false
joint01-1679	tied	2,2,1	0,0,0	2,1,0	lawler	1	distinct	canonical	2	1	gate	false
joint01-1680	tied	2,2,1	0,0,0	2,1,0	lawler	1	distinct	canonical	2	1	after	false
joint01-1681	tied	2,2,1	0,0,0	2,1,0	lawler	1	distinct	canonical	2	2	before	false
joint01-1682	tied	2,2,1	0,0,0	2,1,0	lawler	1	distinct	canonical	2	2	gate	false
joint01-1683	tied	2,2,1	0,0,0	2,1,0	lawler	1	distinct	canonical	2	2	after	false
joint01-1684	tied	2,2,1	0,0,0	2,1,0	lawler	1	colliding	allocated	-1	-1	none	false
joint01-1685	tied	2,2,1	0,0,0	2,1,0	lawler	1	colliding	allocated	0	0	before	false
joint01-1686	tied	2,2,1	0,0,0	2,1,0	lawler	1	colliding	allocated	0	0	gate	false
joint01-1687	tied	2,2,1	0,0,0	2,1,0	lawler	1	colliding	allocated	0	0	after	false
joint01-1688	tied	2,2,1	0,0,0	2,1,0	lawler	1	colliding	allocated	0	1	before	false
joint01-1689	tied	2,2,1	0,0,0	2,1,0	lawler	1	colliding	allocated	0	1	gate	false
joint01-1690	tied	2,2,1	0,0,0	2,1,0	lawler	1	colliding	allocated	0	1	after	false
joint01-1691	tied	2,2,1	0,0,0	2,1,0	lawler	1	colliding	allocated	0	2	before	false
joint01-1692	tied	2,2,1	0,0,0	2,1,0	lawler	1	colliding	allocated	0	2	gate	false
joint01-1693	tied	2,2,1	0,0,0	2,1,0	lawler	1	colliding	allocated	0	2	after	false
joint01-1694	tied	2,2,1	0,0,0	2,1,0	lawler	1	colliding	allocated	1	0	before	false
joint01-1695	tied	2,2,1	0,0,0	2,1,0	lawler	1	colliding	allocated	1	0	gate	false
joint01-1696	tied	2,2,1	0,0,0	2,1,0	lawler	1	colliding	allocated	1	0	after	false
joint01-1697	tied	2,2,1	0,0,0	2,1,0	lawler	1	colliding	allocated	1	1	before	false
joint01-1698	tied	2,2,1	0,0,0	2,1,0	lawler	1	colliding	allocated	1	1	gate	false
joint01-1699	tied	2,2,1	0,0,0	2,1,0	lawler	1	colliding	allocated	1	1	after	false
joint01-1700	tied	2,2,1	0,0,0	2,1,0	lawler	1	colliding	allocated	1	2	before	false
joint01-1701	tied	2,2,1	0,0,0	2,1,0	lawler	1	colliding	allocated	1	2	gate	false
joint01-1702	tied	2,2,1	0,0,0	2,1,0	lawler	1	colliding	allocated	1	2	after	false
joint01-1703	tied	2,2,1	0,0,0	2,1,0	lawler	1	colliding	allocated	2	0	before	false
joint01-1704	tied	2,2,1	0,0,0	2,1,0	lawler	1	colliding	allocated	2	0	gate	false
joint01-1705	tied	2,2,1	0,0,0	2,1,0	lawler	1	colliding	allocated	2	0	after	false
joint01-1706	tied	2,2,1	0,0,0	2,1,0	lawler	1	colliding	allocated	2	1	before	false
joint01-1707	tied	2,2,1	0,0,0	2,1,0	lawler	1	colliding	allocated	2	1	gate	false
joint01-1708	tied	2,2,1	0,0,0	2,1,0	lawler	1	colliding	allocated	2	1	after	false
joint01-1709	tied	2,2,1	0,0,0	2,1,0	lawler	1	colliding	allocated	2	2	before	false
joint01-1710	tied	2,2,1	0,0,0	2,1,0	lawler	1	colliding	allocated	2	2	gate	false
joint01-1711	tied	2,2,1	0,0,0	2,1,0	lawler	1	colliding	allocated	2	2	after	false
joint01-1712	tied	2,2,1	0,0,0	2,1,0	lawler	1	colliding	canonical	-1	-1	none	false
joint01-1713	tied	2,2,1	0,0,0	2,1,0	lawler	1	colliding	canonical	0	0	before	false
joint01-1714	tied	2,2,1	0,0,0	2,1,0	lawler	1	colliding	canonical	0	0	gate	false
joint01-1715	tied	2,2,1	0,0,0	2,1,0	lawler	1	colliding	canonical	0	0	after	false
joint01-1716	tied	2,2,1	0,0,0	2,1,0	lawler	1	colliding	canonical	0	1	before	false
joint01-1717	tied	2,2,1	0,0,0	2,1,0	lawler	1	colliding	canonical	0	1	gate	false
joint01-1718	tied	2,2,1	0,0,0	2,1,0	lawler	1	colliding	canonical	0	1	after	false
joint01-1719	tied	2,2,1	0,0,0	2,1,0	lawler	1	colliding	canonical	0	2	before	false
joint01-1720	tied	2,2,1	0,0,0	2,1,0	lawler	1	colliding	canonical	0	2	gate	false
joint01-1721	tied	2,2,1	0,0,0	2,1,0	lawler	1	colliding	canonical	0	2	after	false
joint01-1722	tied	2,2,1	0,0,0	2,1,0	lawler	1	colliding	canonical	1	0	before	false
joint01-1723	tied	2,2,1	0,0,0	2,1,0	lawler	1	colliding	canonical	1	0	gate	false
joint01-1724	tied	2,2,1	0,0,0	2,1,0	lawler	1	colliding	canonical	1	0	after	false
joint01-1725	tied	2,2,1	0,0,0	2,1,0	lawler	1	colliding	canonical	1	1	before	false
joint01-1726	tied	2,2,1	0,0,0	2,1,0	lawler	1	colliding	canonical	1	1	gate	false
joint01-1727	tied	2,2,1	0,0,0	2,1,0	lawler	1	colliding	canonical	1	1	after	false
joint01-1728	tied	2,2,1	0,0,0	2,1,0	lawler	1	colliding	canonical	1	2	before	false
joint01-1729	tied	2,2,1	0,0,0	2,1,0	lawler	1	colliding	canonical	1	2	gate	false
joint01-1730	tied	2,2,1	0,0,0	2,1,0	lawler	1	colliding	canonical	1	2	after	false
joint01-1731	tied	2,2,1	0,0,0	2,1,0	lawler	1	colliding	canonical	2	0	before	false
joint01-1732	tied	2,2,1	0,0,0	2,1,0	lawler	1	colliding	canonical	2	0	gate	false
joint01-1733	tied	2,2,1	0,0,0	2,1,0	lawler	1	colliding	canonical	2	0	after	false
joint01-1734	tied	2,2,1	0,0,0	2,1,0	lawler	1	colliding	canonical	2	1	before	false
joint01-1735	tied	2,2,1	0,0,0	2,1,0	lawler	1	colliding	canonical	2	1	gate	false
joint01-1736	tied	2,2,1	0,0,0	2,1,0	lawler	1	colliding	canonical	2	1	after	false
joint01-1737	tied	2,2,1	0,0,0	2,1,0	lawler	1	colliding	canonical	2	2	before	false
joint01-1738	tied	2,2,1	0,0,0	2,1,0	lawler	1	colliding	canonical	2	2	gate	false
joint01-1739	tied	2,2,1	0,0,0	2,1,0	lawler	1	colliding	canonical	2	2	after	false
joint01-1740	tied	2,2,1	0,0,0	1,0,2	lawler	2	distinct	allocated	-1	-1	none	false
joint01-1741	tied	2,2,1	0,0,0	1,0,2	lawler	2	distinct	allocated	0	0	before	false
joint01-1742	tied	2,2,1	0,0,0	1,0,2	lawler	2	distinct	allocated	0	0	gate	false
joint01-1743	tied	2,2,1	0,0,0	1,0,2	lawler	2	distinct	allocated	0	0	after	false
joint01-1744	tied	2,2,1	0,0,0	1,0,2	lawler	2	distinct	allocated	0	1	before	false
joint01-1745	tied	2,2,1	0,0,0	1,0,2	lawler	2	distinct	allocated	0	1	gate	false
joint01-1746	tied	2,2,1	0,0,0	1,0,2	lawler	2	distinct	allocated	0	1	after	false
joint01-1747	tied	2,2,1	0,0,0	1,0,2	lawler	2	distinct	allocated	0	2	before	false
joint01-1748	tied	2,2,1	0,0,0	1,0,2	lawler	2	distinct	allocated	0	2	gate	false
joint01-1749	tied	2,2,1	0,0,0	1,0,2	lawler	2	distinct	allocated	0	2	after	false
joint01-1750	tied	2,2,1	0,0,0	1,0,2	lawler	2	distinct	allocated	1	0	before	false
joint01-1751	tied	2,2,1	0,0,0	1,0,2	lawler	2	distinct	allocated	1	0	gate	false
joint01-1752	tied	2,2,1	0,0,0	1,0,2	lawler	2	distinct	allocated	1	0	after	false
joint01-1753	tied	2,2,1	0,0,0	1,0,2	lawler	2	distinct	allocated	1	1	before	false
joint01-1754	tied	2,2,1	0,0,0	1,0,2	lawler	2	distinct	allocated	1	1	gate	false
joint01-1755	tied	2,2,1	0,0,0	1,0,2	lawler	2	distinct	allocated	1	1	after	false
joint01-1756	tied	2,2,1	0,0,0	1,0,2	lawler	2	distinct	allocated	1	2	before	false
joint01-1757	tied	2,2,1	0,0,0	1,0,2	lawler	2	distinct	allocated	1	2	gate	false
joint01-1758	tied	2,2,1	0,0,0	1,0,2	lawler	2	distinct	allocated	1	2	after	false
joint01-1759	tied	2,2,1	0,0,0	1,0,2	lawler	2	distinct	allocated	2	0	before	false
joint01-1760	tied	2,2,1	0,0,0	1,0,2	lawler	2	distinct	allocated	2	0	gate	false
joint01-1761	tied	2,2,1	0,0,0	1,0,2	lawler	2	distinct	allocated	2	0	after	false
joint01-1762	tied	2,2,1	0,0,0	1,0,2	lawler	2	distinct	allocated	2	1	before	false
joint01-1763	tied	2,2,1	0,0,0	1,0,2	lawler	2	distinct	allocated	2	1	gate	false
joint01-1764	tied	2,2,1	0,0,0	1,0,2	lawler	2	distinct	allocated	2	1	after	false
joint01-1765	tied	2,2,1	0,0,0	1,0,2	lawler	2	distinct	allocated	2	2	before	false
joint01-1766	tied	2,2,1	0,0,0	1,0,2	lawler	2	distinct	allocated	2	2	gate	false
joint01-1767	tied	2,2,1	0,0,0	1,0,2	lawler	2	distinct	allocated	2	2	after	false
joint01-1768	tied	2,2,1	0,0,0	1,0,2	lawler	2	distinct	canonical	-1	-1	none	false
joint01-1769	tied	2,2,1	0,0,0	1,0,2	lawler	2	distinct	canonical	0	0	before	false
joint01-1770	tied	2,2,1	0,0,0	1,0,2	lawler	2	distinct	canonical	0	0	gate	false
joint01-1771	tied	2,2,1	0,0,0	1,0,2	lawler	2	distinct	canonical	0	0	after	false
joint01-1772	tied	2,2,1	0,0,0	1,0,2	lawler	2	distinct	canonical	0	1	before	false
joint01-1773	tied	2,2,1	0,0,0	1,0,2	lawler	2	distinct	canonical	0	1	gate	false
joint01-1774	tied	2,2,1	0,0,0	1,0,2	lawler	2	distinct	canonical	0	1	after	false
joint01-1775	tied	2,2,1	0,0,0	1,0,2	lawler	2	distinct	canonical	0	2	before	false
joint01-1776	tied	2,2,1	0,0,0	1,0,2	lawler	2	distinct	canonical	0	2	gate	false
joint01-1777	tied	2,2,1	0,0,0	1,0,2	lawler	2	distinct	canonical	0	2	after	false
joint01-1778	tied	2,2,1	0,0,0	1,0,2	lawler	2	distinct	canonical	1	0	before	false
joint01-1779	tied	2,2,1	0,0,0	1,0,2	lawler	2	distinct	canonical	1	0	gate	false
joint01-1780	tied	2,2,1	0,0,0	1,0,2	lawler	2	distinct	canonical	1	0	after	false
joint01-1781	tied	2,2,1	0,0,0	1,0,2	lawler	2	distinct	canonical	1	1	before	false
joint01-1782	tied	2,2,1	0,0,0	1,0,2	lawler	2	distinct	canonical	1	1	gate	false
joint01-1783	tied	2,2,1	0,0,0	1,0,2	lawler	2	distinct	canonical	1	1	after	false
joint01-1784	tied	2,2,1	0,0,0	1,0,2	lawler	2	distinct	canonical	1	2	before	false
joint01-1785	tied	2,2,1	0,0,0	1,0,2	lawler	2	distinct	canonical	1	2	gate	false
joint01-1786	tied	2,2,1	0,0,0	1,0,2	lawler	2	distinct	canonical	1	2	after	false
joint01-1787	tied	2,2,1	0,0,0	1,0,2	lawler	2	distinct	canonical	2	0	before	false
joint01-1788	tied	2,2,1	0,0,0	1,0,2	lawler	2	distinct	canonical	2	0	gate	false
joint01-1789	tied	2,2,1	0,0,0	1,0,2	lawler	2	distinct	canonical	2	0	after	false
joint01-1790	tied	2,2,1	0,0,0	1,0,2	lawler	2	distinct	canonical	2	1	before	false
joint01-1791	tied	2,2,1	0,0,0	1,0,2	lawler	2	distinct	canonical	2	1	gate	false
joint01-1792	tied	2,2,1	0,0,0	1,0,2	lawler	2	distinct	canonical	2	1	after	false
joint01-1793	tied	2,2,1	0,0,0	1,0,2	lawler	2	distinct	canonical	2	2	before	false
joint01-1794	tied	2,2,1	0,0,0	1,0,2	lawler	2	distinct	canonical	2	2	gate	false
joint01-1795	tied	2,2,1	0,0,0	1,0,2	lawler	2	distinct	canonical	2	2	after	false
joint01-1796	tied	2,2,1	0,0,0	1,0,2	lawler	2	colliding	allocated	-1	-1	none	false
joint01-1797	tied	2,2,1	0,0,0	1,0,2	lawler	2	colliding	allocated	0	0	before	false
joint01-1798	tied	2,2,1	0,0,0	1,0,2	lawler	2	colliding	allocated	0	0	gate	false
joint01-1799	tied	2,2,1	0,0,0	1,0,2	lawler	2	colliding	allocated	0	0	after	false
joint01-1800	tied	2,2,1	0,0,0	1,0,2	lawler	2	colliding	allocated	0	1	before	false
joint01-1801	tied	2,2,1	0,0,0	1,0,2	lawler	2	colliding	allocated	0	1	gate	false
joint01-1802	tied	2,2,1	0,0,0	1,0,2	lawler	2	colliding	allocated	0	1	after	false
joint01-1803	tied	2,2,1	0,0,0	1,0,2	lawler	2	colliding	allocated	0	2	before	false
joint01-1804	tied	2,2,1	0,0,0	1,0,2	lawler	2	colliding	allocated	0	2	gate	false
joint01-1805	tied	2,2,1	0,0,0	1,0,2	lawler	2	colliding	allocated	0	2	after	false
joint01-1806	tied	2,2,1	0,0,0	1,0,2	lawler	2	colliding	allocated	1	0	before	false
joint01-1807	tied	2,2,1	0,0,0	1,0,2	lawler	2	colliding	allocated	1	0	gate	false
joint01-1808	tied	2,2,1	0,0,0	1,0,2	lawler	2	colliding	allocated	1	0	after	false
joint01-1809	tied	2,2,1	0,0,0	1,0,2	lawler	2	colliding	allocated	1	1	before	false
joint01-1810	tied	2,2,1	0,0,0	1,0,2	lawler	2	colliding	allocated	1	1	gate	false
joint01-1811	tied	2,2,1	0,0,0	1,0,2	lawler	2	colliding	allocated	1	1	after	false
joint01-1812	tied	2,2,1	0,0,0	1,0,2	lawler	2	colliding	allocated	1	2	before	false
joint01-1813	tied	2,2,1	0,0,0	1,0,2	lawler	2	colliding	allocated	1	2	gate	false
joint01-1814	tied	2,2,1	0,0,0	1,0,2	lawler	2	colliding	allocated	1	2	after	false
joint01-1815	tied	2,2,1	0,0,0	1,0,2	lawler	2	colliding	allocated	2	0	before	false
joint01-1816	tied	2,2,1	0,0,0	1,0,2	lawler	2	colliding	allocated	2	0	gate	false
joint01-1817	tied	2,2,1	0,0,0	1,0,2	lawler	2	colliding	allocated	2	0	after	false
joint01-1818	tied	2,2,1	0,0,0	1,0,2	lawler	2	colliding	allocated	2	1	before	false
joint01-1819	tied	2,2,1	0,0,0	1,0,2	lawler	2	colliding	allocated	2	1	gate	false
joint01-1820	tied	2,2,1	0,0,0	1,0,2	lawler	2	colliding	allocated	2	1	after	false
joint01-1821	tied	2,2,1	0,0,0	1,0,2	lawler	2	colliding	allocated	2	2	before	false
joint01-1822	tied	2,2,1	0,0,0	1,0,2	lawler	2	colliding	allocated	2	2	gate	false
joint01-1823	tied	2,2,1	0,0,0	1,0,2	lawler	2	colliding	allocated	2	2	after	false
joint01-1824	tied	2,2,1	0,0,0	1,0,2	lawler	2	colliding	canonical	-1	-1	none	false
joint01-1825	tied	2,2,1	0,0,0	1,0,2	lawler	2	colliding	canonical	0	0	before	false
joint01-1826	tied	2,2,1	0,0,0	1,0,2	lawler	2	colliding	canonical	0	0	gate	false
joint01-1827	tied	2,2,1	0,0,0	1,0,2	lawler	2	colliding	canonical	0	0	after	false
joint01-1828	tied	2,2,1	0,0,0	1,0,2	lawler	2	colliding	canonical	0	1	before	false
joint01-1829	tied	2,2,1	0,0,0	1,0,2	lawler	2	colliding	canonical	0	1	gate	false
joint01-1830	tied	2,2,1	0,0,0	1,0,2	lawler	2	colliding	canonical	0	1	after	false
joint01-1831	tied	2,2,1	0,0,0	1,0,2	lawler	2	colliding	canonical	0	2	before	false
joint01-1832	tied	2,2,1	0,0,0	1,0,2	lawler	2	colliding	canonical	0	2	gate	false
joint01-1833	tied	2,2,1	0,0,0	1,0,2	lawler	2	colliding	canonical	0	2	after	false
joint01-1834	tied	2,2,1	0,0,0	1,0,2	lawler	2	colliding	canonical	1	0	before	false
joint01-1835	tied	2,2,1	0,0,0	1,0,2	lawler	2	colliding	canonical	1	0	gate	false
joint01-1836	tied	2,2,1	0,0,0	1,0,2	lawler	2	colliding	canonical	1	0	after	false
joint01-1837	tied	2,2,1	0,0,0	1,0,2	lawler	2	colliding	canonical	1	1	before	false
joint01-1838	tied	2,2,1	0,0,0	1,0,2	lawler	2	colliding	canonical	1	1	gate	false
joint01-1839	tied	2,2,1	0,0,0	1,0,2	lawler	2	colliding	canonical	1	1	after	false
joint01-1840	tied	2,2,1	0,0,0	1,0,2	lawler	2	colliding	canonical	1	2	before	false
joint01-1841	tied	2,2,1	0,0,0	1,0,2	lawler	2	colliding	canonical	1	2	gate	false
joint01-1842	tied	2,2,1	0,0,0	1,0,2	lawler	2	colliding	canonical	1	2	after	false
joint01-1843	tied	2,2,1	0,0,0	1,0,2	lawler	2	colliding	canonical	2	0	before	false
joint01-1844	tied	2,2,1	0,0,0	1,0,2	lawler	2	colliding	canonical	2	0	gate	false
joint01-1845	tied	2,2,1	0,0,0	1,0,2	lawler	2	colliding	canonical	2	0	after	false
joint01-1846	tied	2,2,1	0,0,0	1,0,2	lawler	2	colliding	canonical	2	1	before	false
joint01-1847	tied	2,2,1	0,0,0	1,0,2	lawler	2	colliding	canonical	2	1	gate	false
joint01-1848	tied	2,2,1	0,0,0	1,0,2	lawler	2	colliding	canonical	2	1	after	false
joint01-1849	tied	2,2,1	0,0,0	1,0,2	lawler	2	colliding	canonical	2	2	before	false
joint01-1850	tied	2,2,1	0,0,0	1,0,2	lawler	2	colliding	canonical	2	2	gate	false
joint01-1851	tied	2,2,1	0,0,0	1,0,2	lawler	2	colliding	canonical	2	2	after	false
joint01-1852	tied	2,2,1	0,0,0	0,1,2	cached	-1	distinct	allocated	-1	-1	none	false
joint01-1853	tied	2,2,1	0,0,0	0,1,2	cached	-1	distinct	allocated	0	0	before	false
joint01-1854	tied	2,2,1	0,0,0	0,1,2	cached	-1	distinct	allocated	0	0	gate	false
joint01-1855	tied	2,2,1	0,0,0	0,1,2	cached	-1	distinct	allocated	0	0	after	false
joint01-1856	tied	2,2,1	0,0,0	0,1,2	cached	-1	distinct	allocated	0	1	before	false
joint01-1857	tied	2,2,1	0,0,0	0,1,2	cached	-1	distinct	allocated	0	1	gate	false
joint01-1858	tied	2,2,1	0,0,0	0,1,2	cached	-1	distinct	allocated	0	1	after	false
joint01-1859	tied	2,2,1	0,0,0	0,1,2	cached	-1	distinct	allocated	0	2	before	false
joint01-1860	tied	2,2,1	0,0,0	0,1,2	cached	-1	distinct	allocated	0	2	gate	false
joint01-1861	tied	2,2,1	0,0,0	0,1,2	cached	-1	distinct	allocated	0	2	after	false
joint01-1862	tied	2,2,1	0,0,0	0,1,2	cached	-1	distinct	allocated	1	0	before	false
joint01-1863	tied	2,2,1	0,0,0	0,1,2	cached	-1	distinct	allocated	1	0	gate	false
joint01-1864	tied	2,2,1	0,0,0	0,1,2	cached	-1	distinct	allocated	1	0	after	false
joint01-1865	tied	2,2,1	0,0,0	0,1,2	cached	-1	distinct	allocated	1	1	before	false
joint01-1866	tied	2,2,1	0,0,0	0,1,2	cached	-1	distinct	allocated	1	1	gate	false
joint01-1867	tied	2,2,1	0,0,0	0,1,2	cached	-1	distinct	allocated	1	1	after	false
joint01-1868	tied	2,2,1	0,0,0	0,1,2	cached	-1	distinct	allocated	1	2	before	false
joint01-1869	tied	2,2,1	0,0,0	0,1,2	cached	-1	distinct	allocated	1	2	gate	false
joint01-1870	tied	2,2,1	0,0,0	0,1,2	cached	-1	distinct	allocated	1	2	after	false
joint01-1871	tied	2,2,1	0,0,0	0,1,2	cached	-1	distinct	allocated	2	0	before	false
joint01-1872	tied	2,2,1	0,0,0	0,1,2	cached	-1	distinct	allocated	2	0	gate	false
joint01-1873	tied	2,2,1	0,0,0	0,1,2	cached	-1	distinct	allocated	2	0	after	false
joint01-1874	tied	2,2,1	0,0,0	0,1,2	cached	-1	distinct	allocated	2	1	before	false
joint01-1875	tied	2,2,1	0,0,0	0,1,2	cached	-1	distinct	allocated	2	1	gate	false
joint01-1876	tied	2,2,1	0,0,0	0,1,2	cached	-1	distinct	allocated	2	1	after	false
joint01-1877	tied	2,2,1	0,0,0	0,1,2	cached	-1	distinct	allocated	2	2	before	false
joint01-1878	tied	2,2,1	0,0,0	0,1,2	cached	-1	distinct	allocated	2	2	gate	false
joint01-1879	tied	2,2,1	0,0,0	0,1,2	cached	-1	distinct	allocated	2	2	after	false
joint01-1880	tied	2,2,1	0,0,0	0,1,2	cached	-1	distinct	canonical	-1	-1	none	false
joint01-1881	tied	2,2,1	0,0,0	0,1,2	cached	-1	distinct	canonical	0	0	before	false
joint01-1882	tied	2,2,1	0,0,0	0,1,2	cached	-1	distinct	canonical	0	0	gate	false
joint01-1883	tied	2,2,1	0,0,0	0,1,2	cached	-1	distinct	canonical	0	0	after	false
joint01-1884	tied	2,2,1	0,0,0	0,1,2	cached	-1	distinct	canonical	0	1	before	false
joint01-1885	tied	2,2,1	0,0,0	0,1,2	cached	-1	distinct	canonical	0	1	gate	false
joint01-1886	tied	2,2,1	0,0,0	0,1,2	cached	-1	distinct	canonical	0	1	after	false
joint01-1887	tied	2,2,1	0,0,0	0,1,2	cached	-1	distinct	canonical	0	2	before	false
joint01-1888	tied	2,2,1	0,0,0	0,1,2	cached	-1	distinct	canonical	0	2	gate	false
joint01-1889	tied	2,2,1	0,0,0	0,1,2	cached	-1	distinct	canonical	0	2	after	false
joint01-1890	tied	2,2,1	0,0,0	0,1,2	cached	-1	distinct	canonical	1	0	before	false
joint01-1891	tied	2,2,1	0,0,0	0,1,2	cached	-1	distinct	canonical	1	0	gate	false
joint01-1892	tied	2,2,1	0,0,0	0,1,2	cached	-1	distinct	canonical	1	0	after	false
joint01-1893	tied	2,2,1	0,0,0	0,1,2	cached	-1	distinct	canonical	1	1	before	false
joint01-1894	tied	2,2,1	0,0,0	0,1,2	cached	-1	distinct	canonical	1	1	gate	false
joint01-1895	tied	2,2,1	0,0,0	0,1,2	cached	-1	distinct	canonical	1	1	after	false
joint01-1896	tied	2,2,1	0,0,0	0,1,2	cached	-1	distinct	canonical	1	2	before	false
joint01-1897	tied	2,2,1	0,0,0	0,1,2	cached	-1	distinct	canonical	1	2	gate	false
joint01-1898	tied	2,2,1	0,0,0	0,1,2	cached	-1	distinct	canonical	1	2	after	false
joint01-1899	tied	2,2,1	0,0,0	0,1,2	cached	-1	distinct	canonical	2	0	before	false
joint01-1900	tied	2,2,1	0,0,0	0,1,2	cached	-1	distinct	canonical	2	0	gate	false
joint01-1901	tied	2,2,1	0,0,0	0,1,2	cached	-1	distinct	canonical	2	0	after	false
joint01-1902	tied	2,2,1	0,0,0	0,1,2	cached	-1	distinct	canonical	2	1	before	false
joint01-1903	tied	2,2,1	0,0,0	0,1,2	cached	-1	distinct	canonical	2	1	gate	false
joint01-1904	tied	2,2,1	0,0,0	0,1,2	cached	-1	distinct	canonical	2	1	after	false
joint01-1905	tied	2,2,1	0,0,0	0,1,2	cached	-1	distinct	canonical	2	2	before	false
joint01-1906	tied	2,2,1	0,0,0	0,1,2	cached	-1	distinct	canonical	2	2	gate	false
joint01-1907	tied	2,2,1	0,0,0	0,1,2	cached	-1	distinct	canonical	2	2	after	false
joint01-1908	tied	2,2,1	0,0,0	0,1,2	cached	-1	colliding	allocated	-1	-1	none	false
joint01-1909	tied	2,2,1	0,0,0	0,1,2	cached	-1	colliding	allocated	0	0	before	false
joint01-1910	tied	2,2,1	0,0,0	0,1,2	cached	-1	colliding	allocated	0	0	gate	false
joint01-1911	tied	2,2,1	0,0,0	0,1,2	cached	-1	colliding	allocated	0	0	after	false
joint01-1912	tied	2,2,1	0,0,0	0,1,2	cached	-1	colliding	allocated	0	1	before	false
joint01-1913	tied	2,2,1	0,0,0	0,1,2	cached	-1	colliding	allocated	0	1	gate	false
joint01-1914	tied	2,2,1	0,0,0	0,1,2	cached	-1	colliding	allocated	0	1	after	false
joint01-1915	tied	2,2,1	0,0,0	0,1,2	cached	-1	colliding	allocated	0	2	before	false
joint01-1916	tied	2,2,1	0,0,0	0,1,2	cached	-1	colliding	allocated	0	2	gate	false
joint01-1917	tied	2,2,1	0,0,0	0,1,2	cached	-1	colliding	allocated	0	2	after	false
joint01-1918	tied	2,2,1	0,0,0	0,1,2	cached	-1	colliding	allocated	1	0	before	false
joint01-1919	tied	2,2,1	0,0,0	0,1,2	cached	-1	colliding	allocated	1	0	gate	false
joint01-1920	tied	2,2,1	0,0,0	0,1,2	cached	-1	colliding	allocated	1	0	after	false
joint01-1921	tied	2,2,1	0,0,0	0,1,2	cached	-1	colliding	allocated	1	1	before	false
joint01-1922	tied	2,2,1	0,0,0	0,1,2	cached	-1	colliding	allocated	1	1	gate	false
joint01-1923	tied	2,2,1	0,0,0	0,1,2	cached	-1	colliding	allocated	1	1	after	false
joint01-1924	tied	2,2,1	0,0,0	0,1,2	cached	-1	colliding	allocated	1	2	before	false
joint01-1925	tied	2,2,1	0,0,0	0,1,2	cached	-1	colliding	allocated	1	2	gate	false
joint01-1926	tied	2,2,1	0,0,0	0,1,2	cached	-1	colliding	allocated	1	2	after	false
joint01-1927	tied	2,2,1	0,0,0	0,1,2	cached	-1	colliding	allocated	2	0	before	false
joint01-1928	tied	2,2,1	0,0,0	0,1,2	cached	-1	colliding	allocated	2	0	gate	false
joint01-1929	tied	2,2,1	0,0,0	0,1,2	cached	-1	colliding	allocated	2	0	after	false
joint01-1930	tied	2,2,1	0,0,0	0,1,2	cached	-1	colliding	allocated	2	1	before	false
joint01-1931	tied	2,2,1	0,0,0	0,1,2	cached	-1	colliding	allocated	2	1	gate	false
joint01-1932	tied	2,2,1	0,0,0	0,1,2	cached	-1	colliding	allocated	2	1	after	false
joint01-1933	tied	2,2,1	0,0,0	0,1,2	cached	-1	colliding	allocated	2	2	before	false
joint01-1934	tied	2,2,1	0,0,0	0,1,2	cached	-1	colliding	allocated	2	2	gate	false
joint01-1935	tied	2,2,1	0,0,0	0,1,2	cached	-1	colliding	allocated	2	2	after	false
joint01-1936	tied	2,2,1	0,0,0	0,1,2	cached	-1	colliding	canonical	-1	-1	none	false
joint01-1937	tied	2,2,1	0,0,0	0,1,2	cached	-1	colliding	canonical	0	0	before	false
joint01-1938	tied	2,2,1	0,0,0	0,1,2	cached	-1	colliding	canonical	0	0	gate	false
joint01-1939	tied	2,2,1	0,0,0	0,1,2	cached	-1	colliding	canonical	0	0	after	false
joint01-1940	tied	2,2,1	0,0,0	0,1,2	cached	-1	colliding	canonical	0	1	before	false
joint01-1941	tied	2,2,1	0,0,0	0,1,2	cached	-1	colliding	canonical	0	1	gate	false
joint01-1942	tied	2,2,1	0,0,0	0,1,2	cached	-1	colliding	canonical	0	1	after	false
joint01-1943	tied	2,2,1	0,0,0	0,1,2	cached	-1	colliding	canonical	0	2	before	false
joint01-1944	tied	2,2,1	0,0,0	0,1,2	cached	-1	colliding	canonical	0	2	gate	false
joint01-1945	tied	2,2,1	0,0,0	0,1,2	cached	-1	colliding	canonical	0	2	after	false
joint01-1946	tied	2,2,1	0,0,0	0,1,2	cached	-1	colliding	canonical	1	0	before	false
joint01-1947	tied	2,2,1	0,0,0	0,1,2	cached	-1	colliding	canonical	1	0	gate	false
joint01-1948	tied	2,2,1	0,0,0	0,1,2	cached	-1	colliding	canonical	1	0	after	false
joint01-1949	tied	2,2,1	0,0,0	0,1,2	cached	-1	colliding	canonical	1	1	before	false
joint01-1950	tied	2,2,1	0,0,0	0,1,2	cached	-1	colliding	canonical	1	1	gate	false
joint01-1951	tied	2,2,1	0,0,0	0,1,2	cached	-1	colliding	canonical	1	1	after	false
joint01-1952	tied	2,2,1	0,0,0	0,1,2	cached	-1	colliding	canonical	1	2	before	false
joint01-1953	tied	2,2,1	0,0,0	0,1,2	cached	-1	colliding	canonical	1	2	gate	false
joint01-1954	tied	2,2,1	0,0,0	0,1,2	cached	-1	colliding	canonical	1	2	after	false
joint01-1955	tied	2,2,1	0,0,0	0,1,2	cached	-1	colliding	canonical	2	0	before	false
joint01-1956	tied	2,2,1	0,0,0	0,1,2	cached	-1	colliding	canonical	2	0	gate	false
joint01-1957	tied	2,2,1	0,0,0	0,1,2	cached	-1	colliding	canonical	2	0	after	false
joint01-1958	tied	2,2,1	0,0,0	0,1,2	cached	-1	colliding	canonical	2	1	before	false
joint01-1959	tied	2,2,1	0,0,0	0,1,2	cached	-1	colliding	canonical	2	1	gate	false
joint01-1960	tied	2,2,1	0,0,0	0,1,2	cached	-1	colliding	canonical	2	1	after	false
joint01-1961	tied	2,2,1	0,0,0	0,1,2	cached	-1	colliding	canonical	2	2	before	false
joint01-1962	tied	2,2,1	0,0,0	0,1,2	cached	-1	colliding	canonical	2	2	gate	false
joint01-1963	tied	2,2,1	0,0,0	0,1,2	cached	-1	colliding	canonical	2	2	after	false
joint01-1964	tied	2,2,1	0,0,0	0,1,2	fresh	-1	distinct	allocated	-1	-1	none	false
joint01-1965	tied	2,2,1	0,0,0	0,1,2	fresh	-1	distinct	allocated	0	0	before	false
joint01-1966	tied	2,2,1	0,0,0	0,1,2	fresh	-1	distinct	allocated	0	0	gate	false
joint01-1967	tied	2,2,1	0,0,0	0,1,2	fresh	-1	distinct	allocated	0	0	after	false
joint01-1968	tied	2,2,1	0,0,0	0,1,2	fresh	-1	distinct	allocated	0	1	before	false
joint01-1969	tied	2,2,1	0,0,0	0,1,2	fresh	-1	distinct	allocated	0	1	gate	false
joint01-1970	tied	2,2,1	0,0,0	0,1,2	fresh	-1	distinct	allocated	0	1	after	false
joint01-1971	tied	2,2,1	0,0,0	0,1,2	fresh	-1	distinct	allocated	0	2	before	false
joint01-1972	tied	2,2,1	0,0,0	0,1,2	fresh	-1	distinct	allocated	0	2	gate	false
joint01-1973	tied	2,2,1	0,0,0	0,1,2	fresh	-1	distinct	allocated	0	2	after	false
joint01-1974	tied	2,2,1	0,0,0	0,1,2	fresh	-1	distinct	allocated	1	0	before	false
joint01-1975	tied	2,2,1	0,0,0	0,1,2	fresh	-1	distinct	allocated	1	0	gate	false
joint01-1976	tied	2,2,1	0,0,0	0,1,2	fresh	-1	distinct	allocated	1	0	after	false
joint01-1977	tied	2,2,1	0,0,0	0,1,2	fresh	-1	distinct	allocated	1	1	before	false
joint01-1978	tied	2,2,1	0,0,0	0,1,2	fresh	-1	distinct	allocated	1	1	gate	false
joint01-1979	tied	2,2,1	0,0,0	0,1,2	fresh	-1	distinct	allocated	1	1	after	false
joint01-1980	tied	2,2,1	0,0,0	0,1,2	fresh	-1	distinct	allocated	1	2	before	false
joint01-1981	tied	2,2,1	0,0,0	0,1,2	fresh	-1	distinct	allocated	1	2	gate	false
joint01-1982	tied	2,2,1	0,0,0	0,1,2	fresh	-1	distinct	allocated	1	2	after	false
joint01-1983	tied	2,2,1	0,0,0	0,1,2	fresh	-1	distinct	allocated	2	0	before	false
joint01-1984	tied	2,2,1	0,0,0	0,1,2	fresh	-1	distinct	allocated	2	0	gate	false
joint01-1985	tied	2,2,1	0,0,0	0,1,2	fresh	-1	distinct	allocated	2	0	after	false
joint01-1986	tied	2,2,1	0,0,0	0,1,2	fresh	-1	distinct	allocated	2	1	before	false
joint01-1987	tied	2,2,1	0,0,0	0,1,2	fresh	-1	distinct	allocated	2	1	gate	false
joint01-1988	tied	2,2,1	0,0,0	0,1,2	fresh	-1	distinct	allocated	2	1	after	false
joint01-1989	tied	2,2,1	0,0,0	0,1,2	fresh	-1	distinct	allocated	2	2	before	false
joint01-1990	tied	2,2,1	0,0,0	0,1,2	fresh	-1	distinct	allocated	2	2	gate	false
joint01-1991	tied	2,2,1	0,0,0	0,1,2	fresh	-1	distinct	allocated	2	2	after	false
joint01-1992	tied	2,2,1	0,0,0	0,1,2	fresh	-1	distinct	canonical	-1	-1	none	false
joint01-1993	tied	2,2,1	0,0,0	0,1,2	fresh	-1	distinct	canonical	0	0	before	false
joint01-1994	tied	2,2,1	0,0,0	0,1,2	fresh	-1	distinct	canonical	0	0	gate	false
joint01-1995	tied	2,2,1	0,0,0	0,1,2	fresh	-1	distinct	canonical	0	0	after	false
joint01-1996	tied	2,2,1	0,0,0	0,1,2	fresh	-1	distinct	canonical	0	1	before	false
joint01-1997	tied	2,2,1	0,0,0	0,1,2	fresh	-1	distinct	canonical	0	1	gate	false
joint01-1998	tied	2,2,1	0,0,0	0,1,2	fresh	-1	distinct	canonical	0	1	after	false
joint01-1999	tied	2,2,1	0,0,0	0,1,2	fresh	-1	distinct	canonical	0	2	before	false
joint01-2000	tied	2,2,1	0,0,0	0,1,2	fresh	-1	distinct	canonical	0	2	gate	false
joint01-2001	tied	2,2,1	0,0,0	0,1,2	fresh	-1	distinct	canonical	0	2	after	false
joint01-2002	tied	2,2,1	0,0,0	0,1,2	fresh	-1	distinct	canonical	1	0	before	false
joint01-2003	tied	2,2,1	0,0,0	0,1,2	fresh	-1	distinct	canonical	1	0	gate	false
joint01-2004	tied	2,2,1	0,0,0	0,1,2	fresh	-1	distinct	canonical	1	0	after	false
joint01-2005	tied	2,2,1	0,0,0	0,1,2	fresh	-1	distinct	canonical	1	1	before	false
joint01-2006	tied	2,2,1	0,0,0	0,1,2	fresh	-1	distinct	canonical	1	1	gate	false
joint01-2007	tied	2,2,1	0,0,0	0,1,2	fresh	-1	distinct	canonical	1	1	after	false
joint01-2008	tied	2,2,1	0,0,0	0,1,2	fresh	-1	distinct	canonical	1	2	before	false
joint01-2009	tied	2,2,1	0,0,0	0,1,2	fresh	-1	distinct	canonical	1	2	gate	false
joint01-2010	tied	2,2,1	0,0,0	0,1,2	fresh	-1	distinct	canonical	1	2	after	false
joint01-2011	tied	2,2,1	0,0,0	0,1,2	fresh	-1	distinct	canonical	2	0	before	false
joint01-2012	tied	2,2,1	0,0,0	0,1,2	fresh	-1	distinct	canonical	2	0	gate	false
joint01-2013	tied	2,2,1	0,0,0	0,1,2	fresh	-1	distinct	canonical	2	0	after	false
joint01-2014	tied	2,2,1	0,0,0	0,1,2	fresh	-1	distinct	canonical	2	1	before	false
joint01-2015	tied	2,2,1	0,0,0	0,1,2	fresh	-1	distinct	canonical	2	1	gate	false
joint01-2016	tied	2,2,1	0,0,0	0,1,2	fresh	-1	distinct	canonical	2	1	after	false
joint01-2017	tied	2,2,1	0,0,0	0,1,2	fresh	-1	distinct	canonical	2	2	before	false
joint01-2018	tied	2,2,1	0,0,0	0,1,2	fresh	-1	distinct	canonical	2	2	gate	false
joint01-2019	tied	2,2,1	0,0,0	0,1,2	fresh	-1	distinct	canonical	2	2	after	false
joint01-2020	tied	2,2,1	0,0,0	0,1,2	fresh	-1	colliding	allocated	-1	-1	none	false
joint01-2021	tied	2,2,1	0,0,0	0,1,2	fresh	-1	colliding	allocated	0	0	before	false
joint01-2022	tied	2,2,1	0,0,0	0,1,2	fresh	-1	colliding	allocated	0	0	gate	false
joint01-2023	tied	2,2,1	0,0,0	0,1,2	fresh	-1	colliding	allocated	0	0	after	false
joint01-2024	tied	2,2,1	0,0,0	0,1,2	fresh	-1	colliding	allocated	0	1	before	false
joint01-2025	tied	2,2,1	0,0,0	0,1,2	fresh	-1	colliding	allocated	0	1	gate	false
joint01-2026	tied	2,2,1	0,0,0	0,1,2	fresh	-1	colliding	allocated	0	1	after	false
joint01-2027	tied	2,2,1	0,0,0	0,1,2	fresh	-1	colliding	allocated	0	2	before	false
joint01-2028	tied	2,2,1	0,0,0	0,1,2	fresh	-1	colliding	allocated	0	2	gate	false
joint01-2029	tied	2,2,1	0,0,0	0,1,2	fresh	-1	colliding	allocated	0	2	after	false
joint01-2030	tied	2,2,1	0,0,0	0,1,2	fresh	-1	colliding	allocated	1	0	before	false
joint01-2031	tied	2,2,1	0,0,0	0,1,2	fresh	-1	colliding	allocated	1	0	gate	false
joint01-2032	tied	2,2,1	0,0,0	0,1,2	fresh	-1	colliding	allocated	1	0	after	false
joint01-2033	tied	2,2,1	0,0,0	0,1,2	fresh	-1	colliding	allocated	1	1	before	false
joint01-2034	tied	2,2,1	0,0,0	0,1,2	fresh	-1	colliding	allocated	1	1	gate	false
joint01-2035	tied	2,2,1	0,0,0	0,1,2	fresh	-1	colliding	allocated	1	1	after	false
joint01-2036	tied	2,2,1	0,0,0	0,1,2	fresh	-1	colliding	allocated	1	2	before	false
joint01-2037	tied	2,2,1	0,0,0	0,1,2	fresh	-1	colliding	allocated	1	2	gate	false
joint01-2038	tied	2,2,1	0,0,0	0,1,2	fresh	-1	colliding	allocated	1	2	after	false
joint01-2039	tied	2,2,1	0,0,0	0,1,2	fresh	-1	colliding	allocated	2	0	before	false
joint01-2040	tied	2,2,1	0,0,0	0,1,2	fresh	-1	colliding	allocated	2	0	gate	false
joint01-2041	tied	2,2,1	0,0,0	0,1,2	fresh	-1	colliding	allocated	2	0	after	false
joint01-2042	tied	2,2,1	0,0,0	0,1,2	fresh	-1	colliding	allocated	2	1	before	false
joint01-2043	tied	2,2,1	0,0,0	0,1,2	fresh	-1	colliding	allocated	2	1	gate	false
joint01-2044	tied	2,2,1	0,0,0	0,1,2	fresh	-1	colliding	allocated	2	1	after	false
joint01-2045	tied	2,2,1	0,0,0	0,1,2	fresh	-1	colliding	allocated	2	2	before	false
joint01-2046	tied	2,2,1	0,0,0	0,1,2	fresh	-1	colliding	allocated	2	2	gate	false
joint01-2047	tied	2,2,1	0,0,0	0,1,2	fresh	-1	colliding	allocated	2	2	after	false
joint01-2048	tied	2,2,1	0,0,0	0,1,2	fresh	-1	colliding	canonical	-1	-1	none	false
joint01-2049	tied	2,2,1	0,0,0	0,1,2	fresh	-1	colliding	canonical	0	0	before	false
joint01-2050	tied	2,2,1	0,0,0	0,1,2	fresh	-1	colliding	canonical	0	0	gate	false
joint01-2051	tied	2,2,1	0,0,0	0,1,2	fresh	-1	colliding	canonical	0	0	after	false
joint01-2052	tied	2,2,1	0,0,0	0,1,2	fresh	-1	colliding	canonical	0	1	before	false
joint01-2053	tied	2,2,1	0,0,0	0,1,2	fresh	-1	colliding	canonical	0	1	gate	false
joint01-2054	tied	2,2,1	0,0,0	0,1,2	fresh	-1	colliding	canonical	0	1	after	false
joint01-2055	tied	2,2,1	0,0,0	0,1,2	fresh	-1	colliding	canonical	0	2	before	false
joint01-2056	tied	2,2,1	0,0,0	0,1,2	fresh	-1	colliding	canonical	0	2	gate	false
joint01-2057	tied	2,2,1	0,0,0	0,1,2	fresh	-1	colliding	canonical	0	2	after	false
joint01-2058	tied	2,2,1	0,0,0	0,1,2	fresh	-1	colliding	canonical	1	0	before	false
joint01-2059	tied	2,2,1	0,0,0	0,1,2	fresh	-1	colliding	canonical	1	0	gate	false
joint01-2060	tied	2,2,1	0,0,0	0,1,2	fresh	-1	colliding	canonical	1	0	after	false
joint01-2061	tied	2,2,1	0,0,0	0,1,2	fresh	-1	colliding	canonical	1	1	before	false
joint01-2062	tied	2,2,1	0,0,0	0,1,2	fresh	-1	colliding	canonical	1	1	gate	false
joint01-2063	tied	2,2,1	0,0,0	0,1,2	fresh	-1	colliding	canonical	1	1	after	false
joint01-2064	tied	2,2,1	0,0,0	0,1,2	fresh	-1	colliding	canonical	1	2	before	false
joint01-2065	tied	2,2,1	0,0,0	0,1,2	fresh	-1	colliding	canonical	1	2	gate	false
joint01-2066	tied	2,2,1	0,0,0	0,1,2	fresh	-1	colliding	canonical	1	2	after	false
joint01-2067	tied	2,2,1	0,0,0	0,1,2	fresh	-1	colliding	canonical	2	0	before	false
joint01-2068	tied	2,2,1	0,0,0	0,1,2	fresh	-1	colliding	canonical	2	0	gate	false
joint01-2069	tied	2,2,1	0,0,0	0,1,2	fresh	-1	colliding	canonical	2	0	after	false
joint01-2070	tied	2,2,1	0,0,0	0,1,2	fresh	-1	colliding	canonical	2	1	before	false
joint01-2071	tied	2,2,1	0,0,0	0,1,2	fresh	-1	colliding	canonical	2	1	gate	false
joint01-2072	tied	2,2,1	0,0,0	0,1,2	fresh	-1	colliding	canonical	2	1	after	false
joint01-2073	tied	2,2,1	0,0,0	0,1,2	fresh	-1	colliding	canonical	2	2	before	false
joint01-2074	tied	2,2,1	0,0,0	0,1,2	fresh	-1	colliding	canonical	2	2	gate	false
joint01-2075	tied	2,2,1	0,0,0	0,1,2	fresh	-1	colliding	canonical	2	2	after	false
joint01-2076	chain8_16	8,16	0,1	0,1	lawler	8	distinct	canonical	-1	-1	none	true
joint01-2077	chain8_16	8,16	0,1	0,1	lawler	8	distinct	canonical	0	0	before	true
joint01-2078	chain8_16	8,16	0,1	0,1	lawler	8	distinct	canonical	0	0	gate	true
joint01-2079	chain8_16	8,16	0,1	0,1	lawler	8	distinct	canonical	0	0	after	true
joint01-2080	chain8_16	8,16	0,1	0,1	lawler	8	distinct	canonical	0	1	before	true
joint01-2081	chain8_16	8,16	0,1	0,1	lawler	8	distinct	canonical	0	1	gate	true
joint01-2082	chain8_16	8,16	0,1	0,1	lawler	8	distinct	canonical	0	1	after	true
joint01-2083	chain8_16	8,16	0,1	0,1	lawler	8	distinct	canonical	1	0	before	true
joint01-2084	chain8_16	8,16	0,1	0,1	lawler	8	distinct	canonical	1	0	gate	true
joint01-2085	chain8_16	8,16	0,1	0,1	lawler	8	distinct	canonical	1	0	after	true
joint01-2086	chain8_16	8,16	0,1	0,1	lawler	8	distinct	canonical	1	1	before	true
joint01-2087	chain8_16	8,16	0,1	0,1	lawler	8	distinct	canonical	1	1	gate	true
joint01-2088	chain8_16	8,16	0,1	0,1	lawler	8	distinct	canonical	1	1	after	true
joint01-2089	chain8_16	8,16	0,1	0,1	lawler	8	colliding	canonical	-1	-1	none	true
joint01-2090	chain8_16	8,16	0,1	0,1	lawler	8	colliding	canonical	0	0	before	true
joint01-2091	chain8_16	8,16	0,1	0,1	lawler	8	colliding	canonical	0	0	gate	true
joint01-2092	chain8_16	8,16	0,1	0,1	lawler	8	colliding	canonical	0	0	after	true
joint01-2093	chain8_16	8,16	0,1	0,1	lawler	8	colliding	canonical	0	1	before	true
joint01-2094	chain8_16	8,16	0,1	0,1	lawler	8	colliding	canonical	0	1	gate	true
joint01-2095	chain8_16	8,16	0,1	0,1	lawler	8	colliding	canonical	0	1	after	true
joint01-2096	chain8_16	8,16	0,1	0,1	lawler	8	colliding	canonical	1	0	before	true
joint01-2097	chain8_16	8,16	0,1	0,1	lawler	8	colliding	canonical	1	0	gate	true
joint01-2098	chain8_16	8,16	0,1	0,1	lawler	8	colliding	canonical	1	0	after	true
joint01-2099	chain8_16	8,16	0,1	0,1	lawler	8	colliding	canonical	1	1	before	true
joint01-2100	chain8_16	8,16	0,1	0,1	lawler	8	colliding	canonical	1	1	gate	true
joint01-2101	chain8_16	8,16	0,1	0,1	lawler	8	colliding	canonical	1	1	after	true
joint01-2102	independent8_16	8,16	0,0	0,1	lawler	8	distinct	canonical	-1	-1	none	true
joint01-2103	independent8_16	8,16	0,0	0,1	lawler	8	distinct	canonical	0	0	before	true
joint01-2104	independent8_16	8,16	0,0	0,1	lawler	8	distinct	canonical	0	0	gate	true
joint01-2105	independent8_16	8,16	0,0	0,1	lawler	8	distinct	canonical	0	0	after	true
joint01-2106	independent8_16	8,16	0,0	0,1	lawler	8	distinct	canonical	0	1	before	true
joint01-2107	independent8_16	8,16	0,0	0,1	lawler	8	distinct	canonical	0	1	gate	true
joint01-2108	independent8_16	8,16	0,0	0,1	lawler	8	distinct	canonical	0	1	after	true
joint01-2109	independent8_16	8,16	0,0	0,1	lawler	8	distinct	canonical	1	0	before	true
joint01-2110	independent8_16	8,16	0,0	0,1	lawler	8	distinct	canonical	1	0	gate	true
joint01-2111	independent8_16	8,16	0,0	0,1	lawler	8	distinct	canonical	1	0	after	true
joint01-2112	independent8_16	8,16	0,0	0,1	lawler	8	distinct	canonical	1	1	before	true
joint01-2113	independent8_16	8,16	0,0	0,1	lawler	8	distinct	canonical	1	1	gate	true
joint01-2114	independent8_16	8,16	0,0	0,1	lawler	8	distinct	canonical	1	1	after	true
joint01-2115	independent8_16	8,16	0,0	0,1	lawler	8	colliding	canonical	-1	-1	none	true
joint01-2116	independent8_16	8,16	0,0	0,1	lawler	8	colliding	canonical	0	0	before	true
joint01-2117	independent8_16	8,16	0,0	0,1	lawler	8	colliding	canonical	0	0	gate	true
joint01-2118	independent8_16	8,16	0,0	0,1	lawler	8	colliding	canonical	0	0	after	true
joint01-2119	independent8_16	8,16	0,0	0,1	lawler	8	colliding	canonical	0	1	before	true
joint01-2120	independent8_16	8,16	0,0	0,1	lawler	8	colliding	canonical	0	1	gate	true
joint01-2121	independent8_16	8,16	0,0	0,1	lawler	8	colliding	canonical	0	1	after	true
joint01-2122	independent8_16	8,16	0,0	0,1	lawler	8	colliding	canonical	1	0	before	true
joint01-2123	independent8_16	8,16	0,0	0,1	lawler	8	colliding	canonical	1	0	gate	true
joint01-2124	independent8_16	8,16	0,0	0,1	lawler	8	colliding	canonical	1	0	after	true
joint01-2125	independent8_16	8,16	0,0	0,1	lawler	8	colliding	canonical	1	1	before	true
joint01-2126	independent8_16	8,16	0,0	0,1	lawler	8	colliding	canonical	1	1	gate	true
joint01-2127	independent8_16	8,16	0,0	0,1	lawler	8	colliding	canonical	1	1	after	true
