vector-run-000000	common-two-chain-k0-scalar_three	distinct	replay	0	SS	0	none
vector-run-000001	common-two-chain-k0-scalar_three	colliding	replay	0	SS	0	none
vector-run-000002	common-two-chain-k0-scalar_three	distinct	replay	1	S	0	none
vector-run-000003	common-two-chain-k0-scalar_three	distinct	replay	1	FSS	0	none
vector-run-000004	common-two-chain-k0-scalar_three	colliding	replay	1	S	0	none
vector-run-000005	common-two-chain-k0-scalar_three	colliding	replay	1	FSS	0	none
vector-run-000006	common-two-chain-k0-scalar_three	distinct	replay	2	-	0	none
vector-run-000007	common-two-chain-k0-scalar_three	colliding	replay	2	-	0	none
vector-run-000008	common-two-chain-k0-scalar_three	distinct	concurrent	2	-	11	none
vector-run-000009	common-two-chain-k0-scalar_three	distinct	concurrent	2	-	23	none
vector-run-000010	common-two-chain-k0-scalar_three	colliding	concurrent	2	-	11	none
vector-run-000011	common-two-chain-k0-scalar_three	colliding	concurrent	2	-	23	none
vector-run-000012	common-two-chain-k0-scalar_two_protect	distinct	replay	0	SS	0	none
vector-run-000013	common-two-chain-k0-scalar_two_protect	colliding	replay	0	SS	0	none
vector-run-000014	common-two-chain-k0-scalar_two_protect	distinct	replay	1	S	0	none
vector-run-000015	common-two-chain-k0-scalar_two_protect	distinct	replay	1	FSS	0	none
vector-run-000016	common-two-chain-k0-scalar_two_protect	colliding	replay	1	S	0	none
vector-run-000017	common-two-chain-k0-scalar_two_protect	colliding	replay	1	FSS	0	none
vector-run-000018	common-two-chain-k0-scalar_two_protect	distinct	replay	2	-	0	none
vector-run-000019	common-two-chain-k0-scalar_two_protect	colliding	replay	2	-	0	none
vector-run-000020	common-two-chain-k0-scalar_two_protect	distinct	concurrent	2	-	11	none
vector-run-000021	common-two-chain-k0-scalar_two_protect	distinct	concurrent	2	-	23	none
vector-run-000022	common-two-chain-k0-scalar_two_protect	colliding	concurrent	2	-	11	none
vector-run-000023	common-two-chain-k0-scalar_two_protect	colliding	concurrent	2	-	23	none
vector-run-000024	common-two-chain-k0-scalar_two_fast	distinct	replay	0	SS	0	none
vector-run-000025	common-two-chain-k0-scalar_two_fast	colliding	replay	0	SS	0	none
vector-run-000026	common-two-chain-k0-scalar_two_fast	distinct	replay	1	SS	0	none
vector-run-000027	common-two-chain-k0-scalar_two_fast	distinct	replay	1	SFS	0	none
vector-run-000028	common-two-chain-k0-scalar_two_fast	distinct	replay	1	FSS	0	none
vector-run-000029	common-two-chain-k0-scalar_two_fast	colliding	replay	1	SS	0	none
vector-run-000030	common-two-chain-k0-scalar_two_fast	colliding	replay	1	SFS	0	none
vector-run-000031	common-two-chain-k0-scalar_two_fast	colliding	replay	1	FSS	0	none
vector-run-000032	common-two-chain-k0-scalar_two_fast	distinct	replay	2	S	0	none
vector-run-000033	common-two-chain-k0-scalar_two_fast	distinct	replay	2	FSS	0	none
vector-run-000034	common-two-chain-k0-scalar_two_fast	distinct	replay	2	FSFS	0	none
vector-run-000035	common-two-chain-k0-scalar_two_fast	distinct	replay	2	FFSS	0	none
vector-run-000036	common-two-chain-k0-scalar_two_fast	colliding	replay	2	S	0	none
vector-run-000037	common-two-chain-k0-scalar_two_fast	colliding	replay	2	FSS	0	none
vector-run-000038	common-two-chain-k0-scalar_two_fast	colliding	replay	2	FSFS	0	none
vector-run-000039	common-two-chain-k0-scalar_two_fast	colliding	replay	2	FFSS	0	none
vector-run-000040	common-two-chain-k0-scalar_two_fast	distinct	concurrent	2	-	11	none
vector-run-000041	common-two-chain-k0-scalar_two_fast	distinct	concurrent	2	-	23	none
vector-run-000042	common-two-chain-k0-scalar_two_fast	colliding	concurrent	2	-	11	none
vector-run-000043	common-two-chain-k0-scalar_two_fast	colliding	concurrent	2	-	23	none
vector-run-000044	common-two-chain-k0-qn_three	distinct	replay	0	SS	0	none
vector-run-000045	common-two-chain-k0-qn_three	colliding	replay	0	SS	0	none
vector-run-000046	common-two-chain-k0-qn_three	distinct	replay	1	S	0	none
vector-run-000047	common-two-chain-k0-qn_three	distinct	replay	1	FS	0	none
vector-run-000048	common-two-chain-k0-qn_three	colliding	replay	1	S	0	none
vector-run-000049	common-two-chain-k0-qn_three	colliding	replay	1	FS	0	none
vector-run-000050	common-two-chain-k0-qn_three	distinct	replay	2	-	0	none
vector-run-000051	common-two-chain-k0-qn_three	colliding	replay	2	-	0	none
vector-run-000052	common-two-chain-k0-qn_three	distinct	concurrent	2	-	11	none
vector-run-000053	common-two-chain-k0-qn_three	distinct	concurrent	2	-	23	none
vector-run-000054	common-two-chain-k0-qn_three	colliding	concurrent	2	-	11	none
vector-run-000055	common-two-chain-k0-qn_three	colliding	concurrent	2	-	23	none
vector-run-000056	common-two-chain-k0-cached_all	distinct	replay	0	SS	0	none
vector-run-000057	common-two-chain-k0-cached_all	colliding	replay	0	SS	0	none
vector-run-000058	common-two-chain-k0-cached_all	distinct	replay	1	SS	0	none
vector-run-000059	common-two-chain-k0-cached_all	distinct	replay	1	SF	0	none
vector-run-000060	common-two-chain-k0-cached_all	distinct	replay	1	FS	0	none
vector-run-000061	common-two-chain-k0-cached_all	colliding	replay	1	SS	0	none
vector-run-000062	common-two-chain-k0-cached_all	colliding	replay	1	SF	0	none
vector-run-000063	common-two-chain-k0-cached_all	colliding	replay	1	FS	0	none
vector-run-000064	common-two-chain-k0-cached_all	distinct	replay	2	SS	0	none
vector-run-000065	common-two-chain-k0-cached_all	distinct	replay	2	SF	0	none
vector-run-000066	common-two-chain-k0-cached_all	distinct	replay	2	FS	0	none
vector-run-000067	common-two-chain-k0-cached_all	distinct	replay	2	FF	0	none
vector-run-000068	common-two-chain-k0-cached_all	colliding	replay	2	SS	0	none
vector-run-000069	common-two-chain-k0-cached_all	colliding	replay	2	SF	0	none
vector-run-000070	common-two-chain-k0-cached_all	colliding	replay	2	FS	0	none
vector-run-000071	common-two-chain-k0-cached_all	colliding	replay	2	FF	0	none
vector-run-000072	common-two-chain-k0-cached_all	distinct	concurrent	2	-	11	none
vector-run-000073	common-two-chain-k0-cached_all	distinct	concurrent	2	-	23	none
vector-run-000074	common-two-chain-k0-cached_all	colliding	concurrent	2	-	11	none
vector-run-000075	common-two-chain-k0-cached_all	colliding	concurrent	2	-	23	none
vector-run-000076	common-two-chain-k0-protected_all	distinct	replay	0	-	0	none
vector-run-000077	common-two-chain-k0-protected_all	colliding	replay	0	-	0	none
vector-run-000078	common-two-chain-k0-protected_all	distinct	replay	1	-	0	none
vector-run-000079	common-two-chain-k0-protected_all	colliding	replay	1	-	0	none
vector-run-000080	common-two-chain-k0-protected_all	distinct	replay	2	-	0	none
vector-run-000081	common-two-chain-k0-protected_all	colliding	replay	2	-	0	none
vector-run-000082	common-two-chain-k0-protected_all	distinct	concurrent	2	-	11	none
vector-run-000083	common-two-chain-k0-protected_all	distinct	concurrent	2	-	23	none
vector-run-000084	common-two-chain-k0-protected_all	colliding	concurrent	2	-	11	none
vector-run-000085	common-two-chain-k0-protected_all	colliding	concurrent	2	-	23	none
vector-run-000086	common-two-chain-k2-scalar_three	distinct	replay	0	SS	0	none
vector-run-000087	common-two-chain-k2-scalar_three	colliding	replay	0	SS	0	none
vector-run-000088	common-two-chain-k2-scalar_three	distinct	replay	1	S	0	none
vector-run-000089	common-two-chain-k2-scalar_three	distinct	replay	1	FS	0	none
vector-run-000090	common-two-chain-k2-scalar_three	colliding	replay	1	S	0	none
vector-run-000091	common-two-chain-k2-scalar_three	colliding	replay	1	FS	0	none
vector-run-000092	common-two-chain-k2-scalar_three	distinct	replay	2	-	0	none
vector-run-000093	common-two-chain-k2-scalar_three	colliding	replay	2	-	0	none
vector-run-000094	common-two-chain-k2-scalar_three	distinct	concurrent	2	-	11	none
vector-run-000095	common-two-chain-k2-scalar_three	distinct	concurrent	2	-	23	none
vector-run-000096	common-two-chain-k2-scalar_three	colliding	concurrent	2	-	11	none
vector-run-000097	common-two-chain-k2-scalar_three	colliding	concurrent	2	-	23	none
vector-run-000098	common-two-chain-k2-scalar_two_protect	distinct	replay	0	SS	0	none
vector-run-000099	common-two-chain-k2-scalar_two_protect	colliding	replay	0	SS	0	none
vector-run-000100	common-two-chain-k2-scalar_two_protect	distinct	replay	1	-	0	none
vector-run-000101	common-two-chain-k2-scalar_two_protect	colliding	replay	1	-	0	none
vector-run-000102	common-two-chain-k2-scalar_two_protect	distinct	replay	2	-	0	none
vector-run-000103	common-two-chain-k2-scalar_two_protect	colliding	replay	2	-	0	none
vector-run-000104	common-two-chain-k2-scalar_two_protect	distinct	concurrent	2	-	11	none
vector-run-000105	common-two-chain-k2-scalar_two_protect	distinct	concurrent	2	-	23	none
vector-run-000106	common-two-chain-k2-scalar_two_protect	colliding	concurrent	2	-	11	none
vector-run-000107	common-two-chain-k2-scalar_two_protect	colliding	concurrent	2	-	23	none
vector-run-000108	common-two-chain-k2-scalar_two_fast	distinct	replay	0	SS	0	none
vector-run-000109	common-two-chain-k2-scalar_two_fast	colliding	replay	0	SS	0	none
vector-run-000110	common-two-chain-k2-scalar_two_fast	distinct	replay	1	S	0	none
vector-run-000111	common-two-chain-k2-scalar_two_fast	distinct	replay	1	FSS	0	none
vector-run-000112	common-two-chain-k2-scalar_two_fast	colliding	replay	1	S	0	none
vector-run-000113	common-two-chain-k2-scalar_two_fast	colliding	replay	1	FSS	0	none
vector-run-000114	common-two-chain-k2-scalar_two_fast	distinct	replay	2	-	0	none
vector-run-000115	common-two-chain-k2-scalar_two_fast	colliding	replay	2	-	0	none
vector-run-000116	common-two-chain-k2-scalar_two_fast	distinct	concurrent	2	-	11	none
vector-run-000117	common-two-chain-k2-scalar_two_fast	distinct	concurrent	2	-	23	none
vector-run-000118	common-two-chain-k2-scalar_two_fast	colliding	concurrent	2	-	11	none
vector-run-000119	common-two-chain-k2-scalar_two_fast	colliding	concurrent	2	-	23	none
vector-run-000120	common-two-chain-k2-qn_three	distinct	replay	0	SS	0	none
vector-run-000121	common-two-chain-k2-qn_three	colliding	replay	0	SS	0	none
vector-run-000122	common-two-chain-k2-qn_three	distinct	replay	1	S	0	none
vector-run-000123	common-two-chain-k2-qn_three	distinct	replay	1	FS	0	none
vector-run-000124	common-two-chain-k2-qn_three	colliding	replay	1	S	0	none
vector-run-000125	common-two-chain-k2-qn_three	colliding	replay	1	FS	0	none
vector-run-000126	common-two-chain-k2-qn_three	distinct	replay	2	-	0	none
vector-run-000127	common-two-chain-k2-qn_three	colliding	replay	2	-	0	none
vector-run-000128	common-two-chain-k2-qn_three	distinct	concurrent	2	-	11	none
vector-run-000129	common-two-chain-k2-qn_three	distinct	concurrent	2	-	23	none
vector-run-000130	common-two-chain-k2-qn_three	colliding	concurrent	2	-	11	none
vector-run-000131	common-two-chain-k2-qn_three	colliding	concurrent	2	-	23	none
vector-run-000132	common-two-chain-k2-cached_all	distinct	replay	0	SS	0	none
vector-run-000133	common-two-chain-k2-cached_all	colliding	replay	0	SS	0	none
vector-run-000134	common-two-chain-k2-cached_all	distinct	replay	1	SS	0	none
vector-run-000135	common-two-chain-k2-cached_all	distinct	replay	1	SF	0	none
vector-run-000136	common-two-chain-k2-cached_all	distinct	replay	1	FS	0	none
vector-run-000137	common-two-chain-k2-cached_all	colliding	replay	1	SS	0	none
vector-run-000138	common-two-chain-k2-cached_all	colliding	replay	1	SF	0	none
vector-run-000139	common-two-chain-k2-cached_all	colliding	replay	1	FS	0	none
vector-run-000140	common-two-chain-k2-cached_all	distinct	replay	2	SS	0	none
vector-run-000141	common-two-chain-k2-cached_all	distinct	replay	2	SF	0	none
vector-run-000142	common-two-chain-k2-cached_all	distinct	replay	2	FS	0	none
vector-run-000143	common-two-chain-k2-cached_all	distinct	replay	2	FF	0	none
vector-run-000144	common-two-chain-k2-cached_all	colliding	replay	2	SS	0	none
vector-run-000145	common-two-chain-k2-cached_all	colliding	replay	2	SF	0	none
vector-run-000146	common-two-chain-k2-cached_all	colliding	replay	2	FS	0	none
vector-run-000147	common-two-chain-k2-cached_all	colliding	replay	2	FF	0	none
vector-run-000148	common-two-chain-k2-cached_all	distinct	concurrent	2	-	11	none
vector-run-000149	common-two-chain-k2-cached_all	distinct	concurrent	2	-	23	none
vector-run-000150	common-two-chain-k2-cached_all	colliding	concurrent	2	-	11	none
vector-run-000151	common-two-chain-k2-cached_all	colliding	concurrent	2	-	23	none
vector-run-000152	common-two-chain-k2-protected_all	distinct	replay	0	-	0	none
vector-run-000153	common-two-chain-k2-protected_all	colliding	replay	0	-	0	none
vector-run-000154	common-two-chain-k2-protected_all	distinct	replay	1	-	0	none
vector-run-000155	common-two-chain-k2-protected_all	colliding	replay	1	-	0	none
vector-run-000156	common-two-chain-k2-protected_all	distinct	replay	2	-	0	none
vector-run-000157	common-two-chain-k2-protected_all	colliding	replay	2	-	0	none
vector-run-000158	common-two-chain-k2-protected_all	distinct	concurrent	2	-	11	none
vector-run-000159	common-two-chain-k2-protected_all	distinct	concurrent	2	-	23	none
vector-run-000160	common-two-chain-k2-protected_all	colliding	concurrent	2	-	11	none
vector-run-000161	common-two-chain-k2-protected_all	colliding	concurrent	2	-	23	none
vector-run-000162	equal-two-independent-k0-scalar_three	distinct	replay	0	SS	0	none
vector-run-000163	equal-two-independent-k0-scalar_three	colliding	replay	0	SS	0	none
vector-run-000164	equal-two-independent-k0-scalar_three	distinct	replay	1	S	0	none
vector-run-000165	equal-two-independent-k0-scalar_three	distinct	replay	1	FSS	0	none
vector-run-000166	equal-two-independent-k0-scalar_three	colliding	replay	1	S	0	none
vector-run-000167	equal-two-independent-k0-scalar_three	colliding	replay	1	FSS	0	none
vector-run-000168	equal-two-independent-k0-scalar_three	distinct	replay	2	-	0	none
vector-run-000169	equal-two-independent-k0-scalar_three	colliding	replay	2	-	0	none
vector-run-000170	equal-two-independent-k0-scalar_three	distinct	concurrent	2	-	11	none
vector-run-000171	equal-two-independent-k0-scalar_three	distinct	concurrent	2	-	23	none
vector-run-000172	equal-two-independent-k0-scalar_three	colliding	concurrent	2	-	11	none
vector-run-000173	equal-two-independent-k0-scalar_three	colliding	concurrent	2	-	23	none
vector-run-000174	equal-two-independent-k0-scalar_two_protect	distinct	replay	0	SS	0	none
vector-run-000175	equal-two-independent-k0-scalar_two_protect	colliding	replay	0	SS	0	none
vector-run-000176	equal-two-independent-k0-scalar_two_protect	distinct	replay	1	S	0	none
vector-run-000177	equal-two-independent-k0-scalar_two_protect	distinct	replay	1	FSS	0	none
vector-run-000178	equal-two-independent-k0-scalar_two_protect	colliding	replay	1	S	0	none
vector-run-000179	equal-two-independent-k0-scalar_two_protect	colliding	replay	1	FSS	0	none
vector-run-000180	equal-two-independent-k0-scalar_two_protect	distinct	replay	2	-	0	none
vector-run-000181	equal-two-independent-k0-scalar_two_protect	colliding	replay	2	-	0	none
vector-run-000182	equal-two-independent-k0-scalar_two_protect	distinct	concurrent	2	-	11	none
vector-run-000183	equal-two-independent-k0-scalar_two_protect	distinct	concurrent	2	-	23	none
vector-run-000184	equal-two-independent-k0-scalar_two_protect	colliding	concurrent	2	-	11	none
vector-run-000185	equal-two-independent-k0-scalar_two_protect	colliding	concurrent	2	-	23	none
vector-run-000186	equal-two-independent-k0-scalar_two_fast	distinct	replay	0	SS	0	none
vector-run-000187	equal-two-independent-k0-scalar_two_fast	colliding	replay	0	SS	0	none
vector-run-000188	equal-two-independent-k0-scalar_two_fast	distinct	replay	1	SS	0	none
vector-run-000189	equal-two-independent-k0-scalar_two_fast	distinct	replay	1	SFS	0	none
vector-run-000190	equal-two-independent-k0-scalar_two_fast	distinct	replay	1	FSS	0	none
vector-run-000191	equal-two-independent-k0-scalar_two_fast	colliding	replay	1	SS	0	none
vector-run-000192	equal-two-independent-k0-scalar_two_fast	colliding	replay	1	SFS	0	none
vector-run-000193	equal-two-independent-k0-scalar_two_fast	colliding	replay	1	FSS	0	none
vector-run-000194	equal-two-independent-k0-scalar_two_fast	distinct	replay	2	S	0	none
vector-run-000195	equal-two-independent-k0-scalar_two_fast	distinct	replay	2	FSS	0	none
vector-run-000196	equal-two-independent-k0-scalar_two_fast	distinct	replay	2	FSFS	0	none
vector-run-000197	equal-two-independent-k0-scalar_two_fast	distinct	replay	2	FFSS	0	none
vector-run-000198	equal-two-independent-k0-scalar_two_fast	colliding	replay	2	S	0	none
vector-run-000199	equal-two-independent-k0-scalar_two_fast	colliding	replay	2	FSS	0	none
vector-run-000200	equal-two-independent-k0-scalar_two_fast	colliding	replay	2	FSFS	0	none
vector-run-000201	equal-two-independent-k0-scalar_two_fast	colliding	replay	2	FFSS	0	none
vector-run-000202	equal-two-independent-k0-scalar_two_fast	distinct	concurrent	2	-	11	none
vector-run-000203	equal-two-independent-k0-scalar_two_fast	distinct	concurrent	2	-	23	none
vector-run-000204	equal-two-independent-k0-scalar_two_fast	colliding	concurrent	2	-	11	none
vector-run-000205	equal-two-independent-k0-scalar_two_fast	colliding	concurrent	2	-	23	none
vector-run-000206	equal-two-independent-k0-qn_three	distinct	replay	0	SS	0	none
vector-run-000207	equal-two-independent-k0-qn_three	colliding	replay	0	SS	0	none
vector-run-000208	equal-two-independent-k0-qn_three	distinct	replay	1	-	0	none
vector-run-000209	equal-two-independent-k0-qn_three	colliding	replay	1	-	0	none
vector-run-000210	equal-two-independent-k0-qn_three	distinct	replay	2	-	0	none
vector-run-000211	equal-two-independent-k0-qn_three	colliding	replay	2	-	0	none
vector-run-000212	equal-two-independent-k0-qn_three	distinct	concurrent	2	-	11	none
vector-run-000213	equal-two-independent-k0-qn_three	distinct	concurrent	2	-	23	none
vector-run-000214	equal-two-independent-k0-qn_three	colliding	concurrent	2	-	11	none
vector-run-000215	equal-two-independent-k0-qn_three	colliding	concurrent	2	-	23	none
vector-run-000216	equal-two-independent-k0-cached_all	distinct	replay	0	SS	0	none
vector-run-000217	equal-two-independent-k0-cached_all	colliding	replay	0	SS	0	none
vector-run-000218	equal-two-independent-k0-cached_all	distinct	replay	1	SS	0	none
vector-run-000219	equal-two-independent-k0-cached_all	distinct	replay	1	SF	0	none
vector-run-000220	equal-two-independent-k0-cached_all	distinct	replay	1	FS	0	none
vector-run-000221	equal-two-independent-k0-cached_all	colliding	replay	1	SS	0	none
vector-run-000222	equal-two-independent-k0-cached_all	colliding	replay	1	SF	0	none
vector-run-000223	equal-two-independent-k0-cached_all	colliding	replay	1	FS	0	none
vector-run-000224	equal-two-independent-k0-cached_all	distinct	replay	2	SS	0	none
vector-run-000225	equal-two-independent-k0-cached_all	distinct	replay	2	SF	0	none
vector-run-000226	equal-two-independent-k0-cached_all	distinct	replay	2	FS	0	none
vector-run-000227	equal-two-independent-k0-cached_all	distinct	replay	2	FF	0	none
vector-run-000228	equal-two-independent-k0-cached_all	colliding	replay	2	SS	0	none
vector-run-000229	equal-two-independent-k0-cached_all	colliding	replay	2	SF	0	none
vector-run-000230	equal-two-independent-k0-cached_all	colliding	replay	2	FS	0	none
vector-run-000231	equal-two-independent-k0-cached_all	colliding	replay	2	FF	0	none
vector-run-000232	equal-two-independent-k0-cached_all	distinct	concurrent	2	-	11	none
vector-run-000233	equal-two-independent-k0-cached_all	distinct	concurrent	2	-	23	none
vector-run-000234	equal-two-independent-k0-cached_all	colliding	concurrent	2	-	11	none
vector-run-000235	equal-two-independent-k0-cached_all	colliding	concurrent	2	-	23	none
vector-run-000236	equal-two-independent-k0-protected_all	distinct	replay	0	-	0	none
vector-run-000237	equal-two-independent-k0-protected_all	colliding	replay	0	-	0	none
vector-run-000238	equal-two-independent-k0-protected_all	distinct	replay	1	-	0	none
vector-run-000239	equal-two-independent-k0-protected_all	colliding	replay	1	-	0	none
vector-run-000240	equal-two-independent-k0-protected_all	distinct	replay	2	-	0	none
vector-run-000241	equal-two-independent-k0-protected_all	colliding	replay	2	-	0	none
vector-run-000242	equal-two-independent-k0-protected_all	distinct	concurrent	2	-	11	none
vector-run-000243	equal-two-independent-k0-protected_all	distinct	concurrent	2	-	23	none
vector-run-000244	equal-two-independent-k0-protected_all	colliding	concurrent	2	-	11	none
vector-run-000245	equal-two-independent-k0-protected_all	colliding	concurrent	2	-	23	none
vector-run-000246	equal-two-independent-k2-scalar_three	distinct	replay	0	SS	0	none
vector-run-000247	equal-two-independent-k2-scalar_three	colliding	replay	0	SS	0	none
vector-run-000248	equal-two-independent-k2-scalar_three	distinct	replay	1	-	0	none
vector-run-000249	equal-two-independent-k2-scalar_three	colliding	replay	1	-	0	none
vector-run-000250	equal-two-independent-k2-scalar_three	distinct	replay	2	-	0	none
vector-run-000251	equal-two-independent-k2-scalar_three	colliding	replay	2	-	0	none
vector-run-000252	equal-two-independent-k2-scalar_three	distinct	concurrent	2	-	11	none
vector-run-000253	equal-two-independent-k2-scalar_three	distinct	concurrent	2	-	23	none
vector-run-000254	equal-two-independent-k2-scalar_three	colliding	concurrent	2	-	11	none
vector-run-000255	equal-two-independent-k2-scalar_three	colliding	concurrent	2	-	23	none
vector-run-000256	equal-two-independent-k2-scalar_two_protect	distinct	replay	0	SS	0	none
vector-run-000257	equal-two-independent-k2-scalar_two_protect	colliding	replay	0	SS	0	none
vector-run-000258	equal-two-independent-k2-scalar_two_protect	distinct	replay	1	-	0	none
vector-run-000259	equal-two-independent-k2-scalar_two_protect	colliding	replay	1	-	0	none
vector-run-000260	equal-two-independent-k2-scalar_two_protect	distinct	replay	2	-	0	none
vector-run-000261	equal-two-independent-k2-scalar_two_protect	colliding	replay	2	-	0	none
vector-run-000262	equal-two-independent-k2-scalar_two_protect	distinct	concurrent	2	-	11	none
vector-run-000263	equal-two-independent-k2-scalar_two_protect	distinct	concurrent	2	-	23	none
vector-run-000264	equal-two-independent-k2-scalar_two_protect	colliding	concurrent	2	-	11	none
vector-run-000265	equal-two-independent-k2-scalar_two_protect	colliding	concurrent	2	-	23	none
vector-run-000266	equal-two-independent-k2-scalar_two_fast	distinct	replay	0	SS	0	none
vector-run-000267	equal-two-independent-k2-scalar_two_fast	colliding	replay	0	SS	0	none
vector-run-000268	equal-two-independent-k2-scalar_two_fast	distinct	replay	1	-	0	none
vector-run-000269	equal-two-independent-k2-scalar_two_fast	colliding	replay	1	-	0	none
vector-run-000270	equal-two-independent-k2-scalar_two_fast	distinct	replay	2	-	0	none
vector-run-000271	equal-two-independent-k2-scalar_two_fast	colliding	replay	2	-	0	none
vector-run-000272	equal-two-independent-k2-scalar_two_fast	distinct	concurrent	2	-	11	none
vector-run-000273	equal-two-independent-k2-scalar_two_fast	distinct	concurrent	2	-	23	none
vector-run-000274	equal-two-independent-k2-scalar_two_fast	colliding	concurrent	2	-	11	none
vector-run-000275	equal-two-independent-k2-scalar_two_fast	colliding	concurrent	2	-	23	none
vector-run-000276	equal-two-independent-k2-qn_three	distinct	replay	0	SS	0	none
vector-run-000277	equal-two-independent-k2-qn_three	colliding	replay	0	SS	0	none
vector-run-000278	equal-two-independent-k2-qn_three	distinct	replay	1	-	0	none
vector-run-000279	equal-two-independent-k2-qn_three	colliding	replay	1	-	0	none
vector-run-000280	equal-two-independent-k2-qn_three	distinct	replay	2	-	0	none
vector-run-000281	equal-two-independent-k2-qn_three	colliding	replay	2	-	0	none
vector-run-000282	equal-two-independent-k2-qn_three	distinct	concurrent	2	-	11	none
vector-run-000283	equal-two-independent-k2-qn_three	distinct	concurrent	2	-	23	none
vector-run-000284	equal-two-independent-k2-qn_three	colliding	concurrent	2	-	11	none
vector-run-000285	equal-two-independent-k2-qn_three	colliding	concurrent	2	-	23	none
vector-run-000286	equal-two-independent-k2-cached_all	distinct	replay	0	SS	0	none
vector-run-000287	equal-two-independent-k2-cached_all	colliding	replay	0	SS	0	none
vector-run-000288	equal-two-independent-k2-cached_all	distinct	replay	1	SS	0	none
vector-run-000289	equal-two-independent-k2-cached_all	distinct	replay	1	SF	0	none
vector-run-000290	equal-two-independent-k2-cached_all	distinct	replay	1	FS	0	none
vector-run-000291	equal-two-independent-k2-cached_all	colliding	replay	1	SS	0	none
vector-run-000292	equal-two-independent-k2-cached_all	colliding	replay	1	SF	0	none
vector-run-000293	equal-two-independent-k2-cached_all	colliding	replay	1	FS	0	none
vector-run-000294	equal-two-independent-k2-cached_all	distinct	replay	2	SS	0	none
vector-run-000295	equal-two-independent-k2-cached_all	distinct	replay	2	SF	0	none
vector-run-000296	equal-two-independent-k2-cached_all	distinct	replay	2	FS	0	none
vector-run-000297	equal-two-independent-k2-cached_all	distinct	replay	2	FF	0	none
vector-run-000298	equal-two-independent-k2-cached_all	colliding	replay	2	SS	0	none
vector-run-000299	equal-two-independent-k2-cached_all	colliding	replay	2	SF	0	none
vector-run-000300	equal-two-independent-k2-cached_all	colliding	replay	2	FS	0	none
vector-run-000301	equal-two-independent-k2-cached_all	colliding	replay	2	FF	0	none
vector-run-000302	equal-two-independent-k2-cached_all	distinct	concurrent	2	-	11	none
vector-run-000303	equal-two-independent-k2-cached_all	distinct	concurrent	2	-	23	none
vector-run-000304	equal-two-independent-k2-cached_all	colliding	concurrent	2	-	11	none
vector-run-000305	equal-two-independent-k2-cached_all	colliding	concurrent	2	-	23	none
vector-run-000306	equal-two-independent-k2-protected_all	distinct	replay	0	-	0	none
vector-run-000307	equal-two-independent-k2-protected_all	colliding	replay	0	-	0	none
vector-run-000308	equal-two-independent-k2-protected_all	distinct	replay	1	-	0	none
vector-run-000309	equal-two-independent-k2-protected_all	colliding	replay	1	-	0	none
vector-run-000310	equal-two-independent-k2-protected_all	distinct	replay	2	-	0	none
vector-run-000311	equal-two-independent-k2-protected_all	colliding	replay	2	-	0	none
vector-run-000312	equal-two-independent-k2-protected_all	distinct	concurrent	2	-	11	none
vector-run-000313	equal-two-independent-k2-protected_all	distinct	concurrent	2	-	23	none
vector-run-000314	equal-two-independent-k2-protected_all	colliding	concurrent	2	-	11	none
vector-run-000315	equal-two-independent-k2-protected_all	colliding	concurrent	2	-	23	none
vector-run-000316	three-independent-k0-scalar_three	distinct	replay	0	SSS	0	none
vector-run-000317	three-independent-k0-scalar_three	colliding	replay	0	SSS	0	none
vector-run-000318	three-independent-k0-scalar_three	distinct	replay	1	SS	0	none
vector-run-000319	three-independent-k0-scalar_three	distinct	replay	1	SFSS	0	none
vector-run-000320	three-independent-k0-scalar_three	distinct	replay	1	FSSS	0	none
vector-run-000321	three-independent-k0-scalar_three	colliding	replay	1	SS	0	none
vector-run-000322	three-independent-k0-scalar_three	colliding	replay	1	SFSS	0	none
vector-run-000323	three-independent-k0-scalar_three	colliding	replay	1	FSSS	0	none
vector-run-000324	three-independent-k0-scalar_three	distinct	replay	2	S	0	none
vector-run-000325	three-independent-k0-scalar_three	distinct	replay	2	FSS	0	none
vector-run-000326	three-independent-k0-scalar_three	distinct	replay	2	FSFSS	0	none
vector-run-000327	three-independent-k0-scalar_three	distinct	replay	2	FFSSS	0	none
vector-run-000328	three-independent-k0-scalar_three	colliding	replay	2	S	0	none
vector-run-000329	three-independent-k0-scalar_three	colliding	replay	2	FSS	0	none
vector-run-000330	three-independent-k0-scalar_three	colliding	replay	2	FSFSS	0	none
vector-run-000331	three-independent-k0-scalar_three	colliding	replay	2	FFSSS	0	none
vector-run-000332	three-independent-k0-scalar_three	distinct	concurrent	2	-	11	none
vector-run-000333	three-independent-k0-scalar_three	distinct	concurrent	2	-	23	none
vector-run-000334	three-independent-k0-scalar_three	colliding	concurrent	2	-	11	none
vector-run-000335	three-independent-k0-scalar_three	colliding	concurrent	2	-	23	none
vector-run-000336	three-independent-k0-scalar_two_protect	distinct	replay	0	SSS	0	none
vector-run-000337	three-independent-k0-scalar_two_protect	colliding	replay	0	SSS	0	none
vector-run-000338	three-independent-k0-scalar_two_protect	distinct	replay	1	SS	0	none
vector-run-000339	three-independent-k0-scalar_two_protect	distinct	replay	1	SFSS	0	none
vector-run-000340	three-independent-k0-scalar_two_protect	distinct	replay	1	FSSS	0	none
vector-run-000341	three-independent-k0-scalar_two_protect	colliding	replay	1	SS	0	none
vector-run-000342	three-independent-k0-scalar_two_protect	colliding	replay	1	SFSS	0	none
vector-run-000343	three-independent-k0-scalar_two_protect	colliding	replay	1	FSSS	0	none
vector-run-000344	three-independent-k0-scalar_two_protect	distinct	replay	2	S	0	none
vector-run-000345	three-independent-k0-scalar_two_protect	distinct	replay	2	FSS	0	none
vector-run-000346	three-independent-k0-scalar_two_protect	distinct	replay	2	FSFSS	0	none
vector-run-000347	three-independent-k0-scalar_two_protect	distinct	replay	2	FFSSS	0	none
vector-run-000348	three-independent-k0-scalar_two_protect	colliding	replay	2	S	0	none
vector-run-000349	three-independent-k0-scalar_two_protect	colliding	replay	2	FSS	0	none
vector-run-000350	three-independent-k0-scalar_two_protect	colliding	replay	2	FSFSS	0	none
vector-run-000351	three-independent-k0-scalar_two_protect	colliding	replay	2	FFSSS	0	none
vector-run-000352	three-independent-k0-scalar_two_protect	distinct	concurrent	2	-	11	none
vector-run-000353	three-independent-k0-scalar_two_protect	distinct	concurrent	2	-	23	none
vector-run-000354	three-independent-k0-scalar_two_protect	colliding	concurrent	2	-	11	none
vector-run-000355	three-independent-k0-scalar_two_protect	colliding	concurrent	2	-	23	none
vector-run-000356	three-independent-k0-scalar_two_fast	distinct	replay	0	SSS	0	none
vector-run-000357	three-independent-k0-scalar_two_fast	colliding	replay	0	SSS	0	none
vector-run-000358	three-independent-k0-scalar_two_fast	distinct	replay	1	SSS	0	none
vector-run-000359	three-independent-k0-scalar_two_fast	distinct	replay	1	SSFS	0	none
vector-run-000360	three-independent-k0-scalar_two_fast	distinct	replay	1	SFSS	0	none
vector-run-000361	three-independent-k0-scalar_two_fast	distinct	replay	1	FSSS	0	none
vector-run-000362	three-independent-k0-scalar_two_fast	colliding	replay	1	SSS	0	none
vector-run-000363	three-independent-k0-scalar_two_fast	colliding	replay	1	SSFS	0	none
vector-run-000364	three-independent-k0-scalar_two_fast	colliding	replay	1	SFSS	0	none
vector-run-000365	three-independent-k0-scalar_two_fast	colliding	replay	1	FSSS	0	none
vector-run-000366	three-independent-k0-scalar_two_fast	distinct	replay	2	SS	0	none
vector-run-000367	three-independent-k0-scalar_two_fast	distinct	replay	2	SFSS	0	none
vector-run-000368	three-independent-k0-scalar_two_fast	distinct	replay	2	SFSFS	0	none
vector-run-000369	three-independent-k0-scalar_two_fast	distinct	replay	2	SFFSS	0	none
vector-run-000370	three-independent-k0-scalar_two_fast	distinct	replay	2	FSSS	0	none
vector-run-000371	three-independent-k0-scalar_two_fast	distinct	replay	2	FSSFS	0	none
vector-run-000372	three-independent-k0-scalar_two_fast	distinct	replay	2	FSFSS	0	none
vector-run-000373	three-independent-k0-scalar_two_fast	distinct	replay	2	FFSSS	0	none
vector-run-000374	three-independent-k0-scalar_two_fast	colliding	replay	2	SS	0	none
vector-run-000375	three-independent-k0-scalar_two_fast	colliding	replay	2	SFSS	0	none
vector-run-000376	three-independent-k0-scalar_two_fast	colliding	replay	2	SFSFS	0	none
vector-run-000377	three-independent-k0-scalar_two_fast	colliding	replay	2	SFFSS	0	none
vector-run-000378	three-independent-k0-scalar_two_fast	colliding	replay	2	FSSS	0	none
vector-run-000379	three-independent-k0-scalar_two_fast	colliding	replay	2	FSSFS	0	none
vector-run-000380	three-independent-k0-scalar_two_fast	colliding	replay	2	FSFSS	0	none
vector-run-000381	three-independent-k0-scalar_two_fast	colliding	replay	2	FFSSS	0	none
vector-run-000382	three-independent-k0-scalar_two_fast	distinct	concurrent	2	-	11	none
vector-run-000383	three-independent-k0-scalar_two_fast	distinct	concurrent	2	-	23	none
vector-run-000384	three-independent-k0-scalar_two_fast	colliding	concurrent	2	-	11	none
vector-run-000385	three-independent-k0-scalar_two_fast	colliding	concurrent	2	-	23	none
vector-run-000386	three-independent-k0-qn_three	distinct	replay	0	SSS	0	none
vector-run-000387	three-independent-k0-qn_three	colliding	replay	0	SSS	0	none
vector-run-000388	three-independent-k0-qn_three	distinct	replay	1	SS	0	none
vector-run-000389	three-independent-k0-qn_three	distinct	replay	1	SFS	0	none
vector-run-000390	three-independent-k0-qn_three	distinct	replay	1	FSS	0	none
vector-run-000391	three-independent-k0-qn_three	colliding	replay	1	SS	0	none
vector-run-000392	three-independent-k0-qn_three	colliding	replay	1	SFS	0	none
vector-run-000393	three-independent-k0-qn_three	colliding	replay	1	FSS	0	none
vector-run-000394	three-independent-k0-qn_three	distinct	replay	2	-	0	none
vector-run-000395	three-independent-k0-qn_three	colliding	replay	2	-	0	none
vector-run-000396	three-independent-k0-qn_three	distinct	concurrent	2	-	11	none
vector-run-000397	three-independent-k0-qn_three	distinct	concurrent	2	-	23	none
vector-run-000398	three-independent-k0-qn_three	colliding	concurrent	2	-	11	none
vector-run-000399	three-independent-k0-qn_three	colliding	concurrent	2	-	23	none
vector-run-000400	three-independent-k0-cached_all	distinct	replay	0	SSS	0	none
vector-run-000401	three-independent-k0-cached_all	colliding	replay	0	SSS	0	none
vector-run-000402	three-independent-k0-cached_all	distinct	replay	1	SSS	0	none
vector-run-000403	three-independent-k0-cached_all	distinct	replay	1	SSF	0	none
vector-run-000404	three-independent-k0-cached_all	distinct	replay	1	SFS	0	none
vector-run-000405	three-independent-k0-cached_all	distinct	replay	1	FSS	0	none
vector-run-000406	three-independent-k0-cached_all	colliding	replay	1	SSS	0	none
vector-run-000407	three-independent-k0-cached_all	colliding	replay	1	SSF	0	none
vector-run-000408	three-independent-k0-cached_all	colliding	replay	1	SFS	0	none
vector-run-000409	three-independent-k0-cached_all	colliding	replay	1	FSS	0	none
vector-run-000410	three-independent-k0-cached_all	distinct	replay	2	SSS	0	none
vector-run-000411	three-independent-k0-cached_all	distinct	replay	2	SSF	0	none
vector-run-000412	three-independent-k0-cached_all	distinct	replay	2	SFS	0	none
vector-run-000413	three-independent-k0-cached_all	distinct	replay	2	SFF	0	none
vector-run-000414	three-independent-k0-cached_all	distinct	replay	2	FSS	0	none
vector-run-000415	three-independent-k0-cached_all	distinct	replay	2	FSF	0	none
vector-run-000416	three-independent-k0-cached_all	distinct	replay	2	FFS	0	none
vector-run-000417	three-independent-k0-cached_all	colliding	replay	2	SSS	0	none
vector-run-000418	three-independent-k0-cached_all	colliding	replay	2	SSF	0	none
vector-run-000419	three-independent-k0-cached_all	colliding	replay	2	SFS	0	none
vector-run-000420	three-independent-k0-cached_all	colliding	replay	2	SFF	0	none
vector-run-000421	three-independent-k0-cached_all	colliding	replay	2	FSS	0	none
vector-run-000422	three-independent-k0-cached_all	colliding	replay	2	FSF	0	none
vector-run-000423	three-independent-k0-cached_all	colliding	replay	2	FFS	0	none
vector-run-000424	three-independent-k0-cached_all	distinct	concurrent	2	-	11	none
vector-run-000425	three-independent-k0-cached_all	distinct	concurrent	2	-	23	none
vector-run-000426	three-independent-k0-cached_all	colliding	concurrent	2	-	11	none
vector-run-000427	three-independent-k0-cached_all	colliding	concurrent	2	-	23	none
vector-run-000428	three-independent-k0-protected_all	distinct	replay	0	-	0	none
vector-run-000429	three-independent-k0-protected_all	colliding	replay	0	-	0	none
vector-run-000430	three-independent-k0-protected_all	distinct	replay	1	-	0	none
vector-run-000431	three-independent-k0-protected_all	colliding	replay	1	-	0	none
vector-run-000432	three-independent-k0-protected_all	distinct	replay	2	-	0	none
vector-run-000433	three-independent-k0-protected_all	colliding	replay	2	-	0	none
vector-run-000434	three-independent-k0-protected_all	distinct	concurrent	2	-	11	none
vector-run-000435	three-independent-k0-protected_all	distinct	concurrent	2	-	23	none
vector-run-000436	three-independent-k0-protected_all	colliding	concurrent	2	-	11	none
vector-run-000437	three-independent-k0-protected_all	colliding	concurrent	2	-	23	none
vector-run-000438	three-independent-k2-scalar_three	distinct	replay	0	SSS	0	none
vector-run-000439	three-independent-k2-scalar_three	colliding	replay	0	SSS	0	none
vector-run-000440	three-independent-k2-scalar_three	distinct	replay	1	SS	0	none
vector-run-000441	three-independent-k2-scalar_three	distinct	replay	1	SFSS	0	none
vector-run-000442	three-independent-k2-scalar_three	distinct	replay	1	FSSS	0	none
vector-run-000443	three-independent-k2-scalar_three	colliding	replay	1	SS	0	none
vector-run-000444	three-independent-k2-scalar_three	colliding	replay	1	SFSS	0	none
vector-run-000445	three-independent-k2-scalar_three	colliding	replay	1	FSSS	0	none
vector-run-000446	three-independent-k2-scalar_three	distinct	replay	2	-	0	none
vector-run-000447	three-independent-k2-scalar_three	colliding	replay	2	-	0	none
vector-run-000448	three-independent-k2-scalar_three	distinct	concurrent	2	-	11	none
vector-run-000449	three-independent-k2-scalar_three	distinct	concurrent	2	-	23	none
vector-run-000450	three-independent-k2-scalar_three	colliding	concurrent	2	-	11	none
vector-run-000451	three-independent-k2-scalar_three	colliding	concurrent	2	-	23	none
vector-run-000452	three-independent-k2-scalar_two_protect	distinct	replay	0	SSS	0	none
vector-run-000453	three-independent-k2-scalar_two_protect	colliding	replay	0	SSS	0	none
vector-run-000454	three-independent-k2-scalar_two_protect	distinct	replay	1	SS	0	none
vector-run-000455	three-independent-k2-scalar_two_protect	distinct	replay	1	SFSS	0	none
vector-run-000456	three-independent-k2-scalar_two_protect	distinct	replay	1	FSSS	0	none
vector-run-000457	three-independent-k2-scalar_two_protect	colliding	replay	1	SS	0	none
vector-run-000458	three-independent-k2-scalar_two_protect	colliding	replay	1	SFSS	0	none
vector-run-000459	three-independent-k2-scalar_two_protect	colliding	replay	1	FSSS	0	none
vector-run-000460	three-independent-k2-scalar_two_protect	distinct	replay	2	-	0	none
vector-run-000461	three-independent-k2-scalar_two_protect	colliding	replay	2	-	0	none
vector-run-000462	three-independent-k2-scalar_two_protect	distinct	concurrent	2	-	11	none
vector-run-000463	three-independent-k2-scalar_two_protect	distinct	concurrent	2	-	23	none
vector-run-000464	three-independent-k2-scalar_two_protect	colliding	concurrent	2	-	11	none
vector-run-000465	three-independent-k2-scalar_two_protect	colliding	concurrent	2	-	23	none
vector-run-000466	three-independent-k2-scalar_two_fast	distinct	replay	0	SSS	0	none
vector-run-000467	three-independent-k2-scalar_two_fast	colliding	replay	0	SSS	0	none
vector-run-000468	three-independent-k2-scalar_two_fast	distinct	replay	1	SS	0	none
vector-run-000469	three-independent-k2-scalar_two_fast	distinct	replay	1	SFSS	0	none
vector-run-000470	three-independent-k2-scalar_two_fast	distinct	replay	1	FSSS	0	none
vector-run-000471	three-independent-k2-scalar_two_fast	colliding	replay	1	SS	0	none
vector-run-000472	three-independent-k2-scalar_two_fast	colliding	replay	1	SFSS	0	none
vector-run-000473	three-independent-k2-scalar_two_fast	colliding	replay	1	FSSS	0	none
vector-run-000474	three-independent-k2-scalar_two_fast	distinct	replay	2	-	0	none
vector-run-000475	three-independent-k2-scalar_two_fast	colliding	replay	2	-	0	none
vector-run-000476	three-independent-k2-scalar_two_fast	distinct	concurrent	2	-	11	none
vector-run-000477	three-independent-k2-scalar_two_fast	distinct	concurrent	2	-	23	none
vector-run-000478	three-independent-k2-scalar_two_fast	colliding	concurrent	2	-	11	none
vector-run-000479	three-independent-k2-scalar_two_fast	colliding	concurrent	2	-	23	none
vector-run-000480	three-independent-k2-qn_three	distinct	replay	0	SSS	0	none
vector-run-000481	three-independent-k2-qn_three	colliding	replay	0	SSS	0	none
vector-run-000482	three-independent-k2-qn_three	distinct	replay	1	SS	0	none
vector-run-000483	three-independent-k2-qn_three	distinct	replay	1	SFS	0	none
vector-run-000484	three-independent-k2-qn_three	distinct	replay	1	FSS	0	none
vector-run-000485	three-independent-k2-qn_three	colliding	replay	1	SS	0	none
vector-run-000486	three-independent-k2-qn_three	colliding	replay	1	SFS	0	none
vector-run-000487	three-independent-k2-qn_three	colliding	replay	1	FSS	0	none
vector-run-000488	three-independent-k2-qn_three	distinct	replay	2	-	0	none
vector-run-000489	three-independent-k2-qn_three	colliding	replay	2	-	0	none
vector-run-000490	three-independent-k2-qn_three	distinct	concurrent	2	-	11	none
vector-run-000491	three-independent-k2-qn_three	distinct	concurrent	2	-	23	none
vector-run-000492	three-independent-k2-qn_three	colliding	concurrent	2	-	11	none
vector-run-000493	three-independent-k2-qn_three	colliding	concurrent	2	-	23	none
vector-run-000494	three-independent-k2-cached_all	distinct	replay	0	SSS	0	none
vector-run-000495	three-independent-k2-cached_all	colliding	replay	0	SSS	0	none
vector-run-000496	three-independent-k2-cached_all	distinct	replay	1	SSS	0	none
vector-run-000497	three-independent-k2-cached_all	distinct	replay	1	SSF	0	none
vector-run-000498	three-independent-k2-cached_all	distinct	replay	1	SFS	0	none
vector-run-000499	three-independent-k2-cached_all	distinct	replay	1	FSS	0	none
vector-run-000500	three-independent-k2-cached_all	colliding	replay	1	SSS	0	none
vector-run-000501	three-independent-k2-cached_all	colliding	replay	1	SSF	0	none
vector-run-000502	three-independent-k2-cached_all	colliding	replay	1	SFS	0	none
vector-run-000503	three-independent-k2-cached_all	colliding	replay	1	FSS	0	none
vector-run-000504	three-independent-k2-cached_all	distinct	replay	2	SSS	0	none
vector-run-000505	three-independent-k2-cached_all	distinct	replay	2	SSF	0	none
vector-run-000506	three-independent-k2-cached_all	distinct	replay	2	SFS	0	none
vector-run-000507	three-independent-k2-cached_all	distinct	replay	2	SFF	0	none
vector-run-000508	three-independent-k2-cached_all	distinct	replay	2	FSS	0	none
vector-run-000509	three-independent-k2-cached_all	distinct	replay	2	FSF	0	none
vector-run-000510	three-independent-k2-cached_all	distinct	replay	2	FFS	0	none
vector-run-000511	three-independent-k2-cached_all	colliding	replay	2	SSS	0	none
vector-run-000512	three-independent-k2-cached_all	colliding	replay	2	SSF	0	none
vector-run-000513	three-independent-k2-cached_all	colliding	replay	2	SFS	0	none
vector-run-000514	three-independent-k2-cached_all	colliding	replay	2	SFF	0	none
vector-run-000515	three-independent-k2-cached_all	colliding	replay	2	FSS	0	none
vector-run-000516	three-independent-k2-cached_all	colliding	replay	2	FSF	0	none
vector-run-000517	three-independent-k2-cached_all	colliding	replay	2	FFS	0	none
vector-run-000518	three-independent-k2-cached_all	distinct	concurrent	2	-	11	none
vector-run-000519	three-independent-k2-cached_all	distinct	concurrent	2	-	23	none
vector-run-000520	three-independent-k2-cached_all	colliding	concurrent	2	-	11	none
vector-run-000521	three-independent-k2-cached_all	colliding	concurrent	2	-	23	none
vector-run-000522	three-independent-k2-protected_all	distinct	replay	0	-	0	none
vector-run-000523	three-independent-k2-protected_all	colliding	replay	0	-	0	none
vector-run-000524	three-independent-k2-protected_all	distinct	replay	1	-	0	none
vector-run-000525	three-independent-k2-protected_all	colliding	replay	1	-	0	none
vector-run-000526	three-independent-k2-protected_all	distinct	replay	2	-	0	none
vector-run-000527	three-independent-k2-protected_all	colliding	replay	2	-	0	none
vector-run-000528	three-independent-k2-protected_all	distinct	concurrent	2	-	11	none
vector-run-000529	three-independent-k2-protected_all	distinct	concurrent	2	-	23	none
vector-run-000530	three-independent-k2-protected_all	colliding	concurrent	2	-	11	none
vector-run-000531	three-independent-k2-protected_all	colliding	concurrent	2	-	23	none
vector-run-000532	three-chain-k0-scalar_three	distinct	replay	0	SSS	0	none
vector-run-000533	three-chain-k0-scalar_three	colliding	replay	0	SSS	0	none
vector-run-000534	three-chain-k0-scalar_three	distinct	replay	1	SS	0	none
vector-run-000535	three-chain-k0-scalar_three	distinct	replay	1	SFSS	0	none
vector-run-000536	three-chain-k0-scalar_three	distinct	replay	1	FSSS	0	none
vector-run-000537	three-chain-k0-scalar_three	colliding	replay	1	SS	0	none
vector-run-000538	three-chain-k0-scalar_three	colliding	replay	1	SFSS	0	none
vector-run-000539	three-chain-k0-scalar_three	colliding	replay	1	FSSS	0	none
vector-run-000540	three-chain-k0-scalar_three	distinct	replay	2	S	0	none
vector-run-000541	three-chain-k0-scalar_three	distinct	replay	2	FSS	0	none
vector-run-000542	three-chain-k0-scalar_three	distinct	replay	2	FSFSS	0	none
vector-run-000543	three-chain-k0-scalar_three	distinct	replay	2	FFSSS	0	none
vector-run-000544	three-chain-k0-scalar_three	colliding	replay	2	S	0	none
vector-run-000545	three-chain-k0-scalar_three	colliding	replay	2	FSS	0	none
vector-run-000546	three-chain-k0-scalar_three	colliding	replay	2	FSFSS	0	none
vector-run-000547	three-chain-k0-scalar_three	colliding	replay	2	FFSSS	0	none
vector-run-000548	three-chain-k0-scalar_three	distinct	concurrent	2	-	11	none
vector-run-000549	three-chain-k0-scalar_three	distinct	concurrent	2	-	23	none
vector-run-000550	three-chain-k0-scalar_three	colliding	concurrent	2	-	11	none
vector-run-000551	three-chain-k0-scalar_three	colliding	concurrent	2	-	23	none
vector-run-000552	three-chain-k0-scalar_two_protect	distinct	replay	0	SSS	0	none
vector-run-000553	three-chain-k0-scalar_two_protect	colliding	replay	0	SSS	0	none
vector-run-000554	three-chain-k0-scalar_two_protect	distinct	replay	1	SS	0	none
vector-run-000555	three-chain-k0-scalar_two_protect	distinct	replay	1	SFSS	0	none
vector-run-000556	three-chain-k0-scalar_two_protect	distinct	replay	1	FSSS	0	none
vector-run-000557	three-chain-k0-scalar_two_protect	colliding	replay	1	SS	0	none
vector-run-000558	three-chain-k0-scalar_two_protect	colliding	replay	1	SFSS	0	none
vector-run-000559	three-chain-k0-scalar_two_protect	colliding	replay	1	FSSS	0	none
vector-run-000560	three-chain-k0-scalar_two_protect	distinct	replay	2	S	0	none
vector-run-000561	three-chain-k0-scalar_two_protect	distinct	replay	2	FSS	0	none
vector-run-000562	three-chain-k0-scalar_two_protect	distinct	replay	2	FSFSS	0	none
vector-run-000563	three-chain-k0-scalar_two_protect	distinct	replay	2	FFSSS	0	none
vector-run-000564	three-chain-k0-scalar_two_protect	colliding	replay	2	S	0	none
vector-run-000565	three-chain-k0-scalar_two_protect	colliding	replay	2	FSS	0	none
vector-run-000566	three-chain-k0-scalar_two_protect	colliding	replay	2	FSFSS	0	none
vector-run-000567	three-chain-k0-scalar_two_protect	colliding	replay	2	FFSSS	0	none
vector-run-000568	three-chain-k0-scalar_two_protect	distinct	concurrent	2	-	11	none
vector-run-000569	three-chain-k0-scalar_two_protect	distinct	concurrent	2	-	23	none
vector-run-000570	three-chain-k0-scalar_two_protect	colliding	concurrent	2	-	11	none
vector-run-000571	three-chain-k0-scalar_two_protect	colliding	concurrent	2	-	23	none
vector-run-000572	three-chain-k0-scalar_two_fast	distinct	replay	0	SSS	0	none
vector-run-000573	three-chain-k0-scalar_two_fast	colliding	replay	0	SSS	0	none
vector-run-000574	three-chain-k0-scalar_two_fast	distinct	replay	1	SSS	0	none
vector-run-000575	three-chain-k0-scalar_two_fast	distinct	replay	1	SSFS	0	none
vector-run-000576	three-chain-k0-scalar_two_fast	distinct	replay	1	SFSS	0	none
vector-run-000577	three-chain-k0-scalar_two_fast	distinct	replay	1	FSSS	0	none
vector-run-000578	three-chain-k0-scalar_two_fast	colliding	replay	1	SSS	0	none
vector-run-000579	three-chain-k0-scalar_two_fast	colliding	replay	1	SSFS	0	none
vector-run-000580	three-chain-k0-scalar_two_fast	colliding	replay	1	SFSS	0	none
vector-run-000581	three-chain-k0-scalar_two_fast	colliding	replay	1	FSSS	0	none
vector-run-000582	three-chain-k0-scalar_two_fast	distinct	replay	2	SS	0	none
vector-run-000583	three-chain-k0-scalar_two_fast	distinct	replay	2	SFSS	0	none
vector-run-000584	three-chain-k0-scalar_two_fast	distinct	replay	2	SFSFS	0	none
vector-run-000585	three-chain-k0-scalar_two_fast	distinct	replay	2	SFFSS	0	none
vector-run-000586	three-chain-k0-scalar_two_fast	distinct	replay	2	FSSS	0	none
vector-run-000587	three-chain-k0-scalar_two_fast	distinct	replay	2	FSSFS	0	none
vector-run-000588	three-chain-k0-scalar_two_fast	distinct	replay	2	FSFSS	0	none
vector-run-000589	three-chain-k0-scalar_two_fast	distinct	replay	2	FFSSS	0	none
vector-run-000590	three-chain-k0-scalar_two_fast	colliding	replay	2	SS	0	none
vector-run-000591	three-chain-k0-scalar_two_fast	colliding	replay	2	SFSS	0	none
vector-run-000592	three-chain-k0-scalar_two_fast	colliding	replay	2	SFSFS	0	none
vector-run-000593	three-chain-k0-scalar_two_fast	colliding	replay	2	SFFSS	0	none
vector-run-000594	three-chain-k0-scalar_two_fast	colliding	replay	2	FSSS	0	none
vector-run-000595	three-chain-k0-scalar_two_fast	colliding	replay	2	FSSFS	0	none
vector-run-000596	three-chain-k0-scalar_two_fast	colliding	replay	2	FSFSS	0	none
vector-run-000597	three-chain-k0-scalar_two_fast	colliding	replay	2	FFSSS	0	none
vector-run-000598	three-chain-k0-scalar_two_fast	distinct	concurrent	2	-	11	none
vector-run-000599	three-chain-k0-scalar_two_fast	distinct	concurrent	2	-	23	none
vector-run-000600	three-chain-k0-scalar_two_fast	colliding	concurrent	2	-	11	none
vector-run-000601	three-chain-k0-scalar_two_fast	colliding	concurrent	2	-	23	none
vector-run-000602	three-chain-k0-qn_three	distinct	replay	0	SSS	0	none
vector-run-000603	three-chain-k0-qn_three	colliding	replay	0	SSS	0	none
vector-run-000604	three-chain-k0-qn_three	distinct	replay	1	SS	0	none
vector-run-000605	three-chain-k0-qn_three	distinct	replay	1	SFS	0	none
vector-run-000606	three-chain-k0-qn_three	distinct	replay	1	FSS	0	none
vector-run-000607	three-chain-k0-qn_three	colliding	replay	1	SS	0	none
vector-run-000608	three-chain-k0-qn_three	colliding	replay	1	SFS	0	none
vector-run-000609	three-chain-k0-qn_three	colliding	replay	1	FSS	0	none
vector-run-000610	three-chain-k0-qn_three	distinct	replay	2	-	0	none
vector-run-000611	three-chain-k0-qn_three	colliding	replay	2	-	0	none
vector-run-000612	three-chain-k0-qn_three	distinct	concurrent	2	-	11	none
vector-run-000613	three-chain-k0-qn_three	distinct	concurrent	2	-	23	none
vector-run-000614	three-chain-k0-qn_three	colliding	concurrent	2	-	11	none
vector-run-000615	three-chain-k0-qn_three	colliding	concurrent	2	-	23	none
vector-run-000616	three-chain-k0-cached_all	distinct	replay	0	SSS	0	none
vector-run-000617	three-chain-k0-cached_all	colliding	replay	0	SSS	0	none
vector-run-000618	three-chain-k0-cached_all	distinct	replay	1	SSS	0	none
vector-run-000619	three-chain-k0-cached_all	distinct	replay	1	SSF	0	none
vector-run-000620	three-chain-k0-cached_all	distinct	replay	1	SFS	0	none
vector-run-000621	three-chain-k0-cached_all	distinct	replay	1	FSS	0	none
vector-run-000622	three-chain-k0-cached_all	colliding	replay	1	SSS	0	none
vector-run-000623	three-chain-k0-cached_all	colliding	replay	1	SSF	0	none
vector-run-000624	three-chain-k0-cached_all	colliding	replay	1	SFS	0	none
vector-run-000625	three-chain-k0-cached_all	colliding	replay	1	FSS	0	none
vector-run-000626	three-chain-k0-cached_all	distinct	replay	2	SSS	0	none
vector-run-000627	three-chain-k0-cached_all	distinct	replay	2	SSF	0	none
vector-run-000628	three-chain-k0-cached_all	distinct	replay	2	SFS	0	none
vector-run-000629	three-chain-k0-cached_all	distinct	replay	2	SFF	0	none
vector-run-000630	three-chain-k0-cached_all	distinct	replay	2	FSS	0	none
vector-run-000631	three-chain-k0-cached_all	distinct	replay	2	FSF	0	none
vector-run-000632	three-chain-k0-cached_all	distinct	replay	2	FFS	0	none
vector-run-000633	three-chain-k0-cached_all	colliding	replay	2	SSS	0	none
vector-run-000634	three-chain-k0-cached_all	colliding	replay	2	SSF	0	none
vector-run-000635	three-chain-k0-cached_all	colliding	replay	2	SFS	0	none
vector-run-000636	three-chain-k0-cached_all	colliding	replay	2	SFF	0	none
vector-run-000637	three-chain-k0-cached_all	colliding	replay	2	FSS	0	none
vector-run-000638	three-chain-k0-cached_all	colliding	replay	2	FSF	0	none
vector-run-000639	three-chain-k0-cached_all	colliding	replay	2	FFS	0	none
vector-run-000640	three-chain-k0-cached_all	distinct	concurrent	2	-	11	none
vector-run-000641	three-chain-k0-cached_all	distinct	concurrent	2	-	23	none
vector-run-000642	three-chain-k0-cached_all	colliding	concurrent	2	-	11	none
vector-run-000643	three-chain-k0-cached_all	colliding	concurrent	2	-	23	none
vector-run-000644	three-chain-k0-protected_all	distinct	replay	0	-	0	none
vector-run-000645	three-chain-k0-protected_all	colliding	replay	0	-	0	none
vector-run-000646	three-chain-k0-protected_all	distinct	replay	1	-	0	none
vector-run-000647	three-chain-k0-protected_all	colliding	replay	1	-	0	none
vector-run-000648	three-chain-k0-protected_all	distinct	replay	2	-	0	none
vector-run-000649	three-chain-k0-protected_all	colliding	replay	2	-	0	none
vector-run-000650	three-chain-k0-protected_all	distinct	concurrent	2	-	11	none
vector-run-000651	three-chain-k0-protected_all	distinct	concurrent	2	-	23	none
vector-run-000652	three-chain-k0-protected_all	colliding	concurrent	2	-	11	none
vector-run-000653	three-chain-k0-protected_all	colliding	concurrent	2	-	23	none
vector-run-000654	three-chain-k2-scalar_three	distinct	replay	0	SSS	0	none
vector-run-000655	three-chain-k2-scalar_three	colliding	replay	0	SSS	0	none
vector-run-000656	three-chain-k2-scalar_three	distinct	replay	1	SS	0	none
vector-run-000657	three-chain-k2-scalar_three	distinct	replay	1	SFSS	0	none
vector-run-000658	three-chain-k2-scalar_three	distinct	replay	1	FSSS	0	none
vector-run-000659	three-chain-k2-scalar_three	colliding	replay	1	SS	0	none
vector-run-000660	three-chain-k2-scalar_three	colliding	replay	1	SFSS	0	none
vector-run-000661	three-chain-k2-scalar_three	colliding	replay	1	FSSS	0	none
vector-run-000662	three-chain-k2-scalar_three	distinct	replay	2	-	0	none
vector-run-000663	three-chain-k2-scalar_three	colliding	replay	2	-	0	none
vector-run-000664	three-chain-k2-scalar_three	distinct	concurrent	2	-	11	none
vector-run-000665	three-chain-k2-scalar_three	distinct	concurrent	2	-	23	none
vector-run-000666	three-chain-k2-scalar_three	colliding	concurrent	2	-	11	none
vector-run-000667	three-chain-k2-scalar_three	colliding	concurrent	2	-	23	none
vector-run-000668	three-chain-k2-scalar_two_protect	distinct	replay	0	SSS	0	none
vector-run-000669	three-chain-k2-scalar_two_protect	colliding	replay	0	SSS	0	none
vector-run-000670	three-chain-k2-scalar_two_protect	distinct	replay	1	SS	0	none
vector-run-000671	three-chain-k2-scalar_two_protect	distinct	replay	1	SFSS	0	none
vector-run-000672	three-chain-k2-scalar_two_protect	distinct	replay	1	FSSS	0	none
vector-run-000673	three-chain-k2-scalar_two_protect	colliding	replay	1	SS	0	none
vector-run-000674	three-chain-k2-scalar_two_protect	colliding	replay	1	SFSS	0	none
vector-run-000675	three-chain-k2-scalar_two_protect	colliding	replay	1	FSSS	0	none
vector-run-000676	three-chain-k2-scalar_two_protect	distinct	replay	2	-	0	none
vector-run-000677	three-chain-k2-scalar_two_protect	colliding	replay	2	-	0	none
vector-run-000678	three-chain-k2-scalar_two_protect	distinct	concurrent	2	-	11	none
vector-run-000679	three-chain-k2-scalar_two_protect	distinct	concurrent	2	-	23	none
vector-run-000680	three-chain-k2-scalar_two_protect	colliding	concurrent	2	-	11	none
vector-run-000681	three-chain-k2-scalar_two_protect	colliding	concurrent	2	-	23	none
vector-run-000682	three-chain-k2-scalar_two_fast	distinct	replay	0	SSS	0	none
vector-run-000683	three-chain-k2-scalar_two_fast	colliding	replay	0	SSS	0	none
vector-run-000684	three-chain-k2-scalar_two_fast	distinct	replay	1	SS	0	none
vector-run-000685	three-chain-k2-scalar_two_fast	distinct	replay	1	SFSS	0	none
vector-run-000686	three-chain-k2-scalar_two_fast	distinct	replay	1	FSSS	0	none
vector-run-000687	three-chain-k2-scalar_two_fast	colliding	replay	1	SS	0	none
vector-run-000688	three-chain-k2-scalar_two_fast	colliding	replay	1	SFSS	0	none
vector-run-000689	three-chain-k2-scalar_two_fast	colliding	replay	1	FSSS	0	none
vector-run-000690	three-chain-k2-scalar_two_fast	distinct	replay	2	-	0	none
vector-run-000691	three-chain-k2-scalar_two_fast	colliding	replay	2	-	0	none
vector-run-000692	three-chain-k2-scalar_two_fast	distinct	concurrent	2	-	11	none
vector-run-000693	three-chain-k2-scalar_two_fast	distinct	concurrent	2	-	23	none
vector-run-000694	three-chain-k2-scalar_two_fast	colliding	concurrent	2	-	11	none
vector-run-000695	three-chain-k2-scalar_two_fast	colliding	concurrent	2	-	23	none
vector-run-000696	three-chain-k2-qn_three	distinct	replay	0	SSS	0	none
vector-run-000697	three-chain-k2-qn_three	colliding	replay	0	SSS	0	none
vector-run-000698	three-chain-k2-qn_three	distinct	replay	1	SS	0	none
vector-run-000699	three-chain-k2-qn_three	distinct	replay	1	SFS	0	none
vector-run-000700	three-chain-k2-qn_three	distinct	replay	1	FSS	0	none
vector-run-000701	three-chain-k2-qn_three	colliding	replay	1	SS	0	none
vector-run-000702	three-chain-k2-qn_three	colliding	replay	1	SFS	0	none
vector-run-000703	three-chain-k2-qn_three	colliding	replay	1	FSS	0	none
vector-run-000704	three-chain-k2-qn_three	distinct	replay	2	-	0	none
vector-run-000705	three-chain-k2-qn_three	colliding	replay	2	-	0	none
vector-run-000706	three-chain-k2-qn_three	distinct	concurrent	2	-	11	none
vector-run-000707	three-chain-k2-qn_three	distinct	concurrent	2	-	23	none
vector-run-000708	three-chain-k2-qn_three	colliding	concurrent	2	-	11	none
vector-run-000709	three-chain-k2-qn_three	colliding	concurrent	2	-	23	none
vector-run-000710	three-chain-k2-cached_all	distinct	replay	0	SSS	0	none
vector-run-000711	three-chain-k2-cached_all	colliding	replay	0	SSS	0	none
vector-run-000712	three-chain-k2-cached_all	distinct	replay	1	SSS	0	none
vector-run-000713	three-chain-k2-cached_all	distinct	replay	1	SSF	0	none
vector-run-000714	three-chain-k2-cached_all	distinct	replay	1	SFS	0	none
vector-run-000715	three-chain-k2-cached_all	distinct	replay	1	FSS	0	none
vector-run-000716	three-chain-k2-cached_all	colliding	replay	1	SSS	0	none
vector-run-000717	three-chain-k2-cached_all	colliding	replay	1	SSF	0	none
vector-run-000718	three-chain-k2-cached_all	colliding	replay	1	SFS	0	none
vector-run-000719	three-chain-k2-cached_all	colliding	replay	1	FSS	0	none
vector-run-000720	three-chain-k2-cached_all	distinct	replay	2	SSS	0	none
vector-run-000721	three-chain-k2-cached_all	distinct	replay	2	SSF	0	none
vector-run-000722	three-chain-k2-cached_all	distinct	replay	2	SFS	0	none
vector-run-000723	three-chain-k2-cached_all	distinct	replay	2	SFF	0	none
vector-run-000724	three-chain-k2-cached_all	distinct	replay	2	FSS	0	none
vector-run-000725	three-chain-k2-cached_all	distinct	replay	2	FSF	0	none
vector-run-000726	three-chain-k2-cached_all	distinct	replay	2	FFS	0	none
vector-run-000727	three-chain-k2-cached_all	colliding	replay	2	SSS	0	none
vector-run-000728	three-chain-k2-cached_all	colliding	replay	2	SSF	0	none
vector-run-000729	three-chain-k2-cached_all	colliding	replay	2	SFS	0	none
vector-run-000730	three-chain-k2-cached_all	colliding	replay	2	SFF	0	none
vector-run-000731	three-chain-k2-cached_all	colliding	replay	2	FSS	0	none
vector-run-000732	three-chain-k2-cached_all	colliding	replay	2	FSF	0	none
vector-run-000733	three-chain-k2-cached_all	colliding	replay	2	FFS	0	none
vector-run-000734	three-chain-k2-cached_all	distinct	concurrent	2	-	11	none
vector-run-000735	three-chain-k2-cached_all	distinct	concurrent	2	-	23	none
vector-run-000736	three-chain-k2-cached_all	colliding	concurrent	2	-	11	none
vector-run-000737	three-chain-k2-cached_all	colliding	concurrent	2	-	23	none
vector-run-000738	three-chain-k2-protected_all	distinct	replay	0	-	0	none
vector-run-000739	three-chain-k2-protected_all	colliding	replay	0	-	0	none
vector-run-000740	three-chain-k2-protected_all	distinct	replay	1	-	0	none
vector-run-000741	three-chain-k2-protected_all	colliding	replay	1	-	0	none
vector-run-000742	three-chain-k2-protected_all	distinct	replay	2	-	0	none
vector-run-000743	three-chain-k2-protected_all	colliding	replay	2	-	0	none
vector-run-000744	three-chain-k2-protected_all	distinct	concurrent	2	-	11	none
vector-run-000745	three-chain-k2-protected_all	distinct	concurrent	2	-	23	none
vector-run-000746	three-chain-k2-protected_all	colliding	concurrent	2	-	11	none
vector-run-000747	three-chain-k2-protected_all	colliding	concurrent	2	-	23	none
vector-run-000748	five-independent-k0-scalar_three	distinct	replay	0	SSSSS	0	none
vector-run-000749	five-independent-k0-scalar_three	colliding	replay	0	SSSSS	0	none
vector-run-000750	five-independent-k0-scalar_three	distinct	replay	1	SSSS	0	none
vector-run-000751	five-independent-k0-scalar_three	distinct	replay	1	SSSFSS	0	none
vector-run-000752	five-independent-k0-scalar_three	distinct	replay	1	SSFSSS	0	none
vector-run-000753	five-independent-k0-scalar_three	distinct	replay	1	SFSSSS	0	none
vector-run-000754	five-independent-k0-scalar_three	distinct	replay	1	FSSSSS	0	none
vector-run-000755	five-independent-k0-scalar_three	colliding	replay	1	SSSS	0	none
vector-run-000756	five-independent-k0-scalar_three	colliding	replay	1	SSSFSS	0	none
vector-run-000757	five-independent-k0-scalar_three	colliding	replay	1	SSFSSS	0	none
vector-run-000758	five-independent-k0-scalar_three	colliding	replay	1	SFSSSS	0	none
vector-run-000759	five-independent-k0-scalar_three	colliding	replay	1	FSSSSS	0	none
vector-run-000760	five-independent-k0-scalar_three	distinct	replay	2	SSS	0	none
vector-run-000761	five-independent-k0-scalar_three	distinct	replay	2	SSFSS	0	none
vector-run-000762	five-independent-k0-scalar_three	distinct	replay	2	SSFSFSS	0	none
vector-run-000763	five-independent-k0-scalar_three	distinct	replay	2	SSFFSSS	0	none
vector-run-000764	five-independent-k0-scalar_three	distinct	replay	2	SFSSS	0	none
vector-run-000765	five-independent-k0-scalar_three	distinct	replay	2	SFSSFSS	0	none
vector-run-000766	five-independent-k0-scalar_three	distinct	replay	2	SFSFSSS	0	none
vector-run-000767	five-independent-k0-scalar_three	distinct	replay	2	SFFSSSS	0	none
vector-run-000768	five-independent-k0-scalar_three	distinct	replay	2	FSSSS	0	none
vector-run-000769	five-independent-k0-scalar_three	distinct	replay	2	FSSSFSS	0	none
vector-run-000770	five-independent-k0-scalar_three	distinct	replay	2	FSSFSSS	0	none
vector-run-000771	five-independent-k0-scalar_three	distinct	replay	2	FSFSSSS	0	none
vector-run-000772	five-independent-k0-scalar_three	distinct	replay	2	FFSSSSS	0	none
vector-run-000773	five-independent-k0-scalar_three	colliding	replay	2	SSS	0	none
vector-run-000774	five-independent-k0-scalar_three	colliding	replay	2	SSFSS	0	none
vector-run-000775	five-independent-k0-scalar_three	colliding	replay	2	SSFSFSS	0	none
vector-run-000776	five-independent-k0-scalar_three	colliding	replay	2	SSFFSSS	0	none
vector-run-000777	five-independent-k0-scalar_three	colliding	replay	2	SFSSS	0	none
vector-run-000778	five-independent-k0-scalar_three	colliding	replay	2	SFSSFSS	0	none
vector-run-000779	five-independent-k0-scalar_three	colliding	replay	2	SFSFSSS	0	none
vector-run-000780	five-independent-k0-scalar_three	colliding	replay	2	SFFSSSS	0	none
vector-run-000781	five-independent-k0-scalar_three	colliding	replay	2	FSSSS	0	none
vector-run-000782	five-independent-k0-scalar_three	colliding	replay	2	FSSSFSS	0	none
vector-run-000783	five-independent-k0-scalar_three	colliding	replay	2	FSSFSSS	0	none
vector-run-000784	five-independent-k0-scalar_three	colliding	replay	2	FSFSSSS	0	none
vector-run-000785	five-independent-k0-scalar_three	colliding	replay	2	FFSSSSS	0	none
vector-run-000786	five-independent-k0-scalar_three	distinct	concurrent	2	-	11	none
vector-run-000787	five-independent-k0-scalar_three	distinct	concurrent	2	-	23	none
vector-run-000788	five-independent-k0-scalar_three	colliding	concurrent	2	-	11	none
vector-run-000789	five-independent-k0-scalar_three	colliding	concurrent	2	-	23	none
vector-run-000790	five-independent-k0-scalar_two_protect	distinct	replay	0	SSSSS	0	none
vector-run-000791	five-independent-k0-scalar_two_protect	colliding	replay	0	SSSSS	0	none
vector-run-000792	five-independent-k0-scalar_two_protect	distinct	replay	1	SSSS	0	none
vector-run-000793	five-independent-k0-scalar_two_protect	distinct	replay	1	SSSFSS	0	none
vector-run-000794	five-independent-k0-scalar_two_protect	distinct	replay	1	SSFSSS	0	none
vector-run-000795	five-independent-k0-scalar_two_protect	distinct	replay	1	SFSSSS	0	none
vector-run-000796	five-independent-k0-scalar_two_protect	distinct	replay	1	FSSSSS	0	none
vector-run-000797	five-independent-k0-scalar_two_protect	colliding	replay	1	SSSS	0	none
vector-run-000798	five-independent-k0-scalar_two_protect	colliding	replay	1	SSSFSS	0	none
vector-run-000799	five-independent-k0-scalar_two_protect	colliding	replay	1	SSFSSS	0	none
vector-run-000800	five-independent-k0-scalar_two_protect	colliding	replay	1	SFSSSS	0	none
vector-run-000801	five-independent-k0-scalar_two_protect	colliding	replay	1	FSSSSS	0	none
vector-run-000802	five-independent-k0-scalar_two_protect	distinct	replay	2	SSS	0	none
vector-run-000803	five-independent-k0-scalar_two_protect	distinct	replay	2	SSFSS	0	none
vector-run-000804	five-independent-k0-scalar_two_protect	distinct	replay	2	SSFSFSS	0	none
vector-run-000805	five-independent-k0-scalar_two_protect	distinct	replay	2	SSFFSSS	0	none
vector-run-000806	five-independent-k0-scalar_two_protect	distinct	replay	2	SFSSS	0	none
vector-run-000807	five-independent-k0-scalar_two_protect	distinct	replay	2	SFSSFSS	0	none
vector-run-000808	five-independent-k0-scalar_two_protect	distinct	replay	2	SFSFSSS	0	none
vector-run-000809	five-independent-k0-scalar_two_protect	distinct	replay	2	SFFSSSS	0	none
vector-run-000810	five-independent-k0-scalar_two_protect	distinct	replay	2	FSSSS	0	none
vector-run-000811	five-independent-k0-scalar_two_protect	distinct	replay	2	FSSSFSS	0	none
vector-run-000812	five-independent-k0-scalar_two_protect	distinct	replay	2	FSSFSSS	0	none
vector-run-000813	five-independent-k0-scalar_two_protect	distinct	replay	2	FSFSSSS	0	none
vector-run-000814	five-independent-k0-scalar_two_protect	distinct	replay	2	FFSSSSS	0	none
vector-run-000815	five-independent-k0-scalar_two_protect	colliding	replay	2	SSS	0	none
vector-run-000816	five-independent-k0-scalar_two_protect	colliding	replay	2	SSFSS	0	none
vector-run-000817	five-independent-k0-scalar_two_protect	colliding	replay	2	SSFSFSS	0	none
vector-run-000818	five-independent-k0-scalar_two_protect	colliding	replay	2	SSFFSSS	0	none
vector-run-000819	five-independent-k0-scalar_two_protect	colliding	replay	2	SFSSS	0	none
vector-run-000820	five-independent-k0-scalar_two_protect	colliding	replay	2	SFSSFSS	0	none
vector-run-000821	five-independent-k0-scalar_two_protect	colliding	replay	2	SFSFSSS	0	none
vector-run-000822	five-independent-k0-scalar_two_protect	colliding	replay	2	SFFSSSS	0	none
vector-run-000823	five-independent-k0-scalar_two_protect	colliding	replay	2	FSSSS	0	none
vector-run-000824	five-independent-k0-scalar_two_protect	colliding	replay	2	FSSSFSS	0	none
vector-run-000825	five-independent-k0-scalar_two_protect	colliding	replay	2	FSSFSSS	0	none
vector-run-000826	five-independent-k0-scalar_two_protect	colliding	replay	2	FSFSSSS	0	none
vector-run-000827	five-independent-k0-scalar_two_protect	colliding	replay	2	FFSSSSS	0	none
vector-run-000828	five-independent-k0-scalar_two_protect	distinct	concurrent	2	-	11	none
vector-run-000829	five-independent-k0-scalar_two_protect	distinct	concurrent	2	-	23	none
vector-run-000830	five-independent-k0-scalar_two_protect	colliding	concurrent	2	-	11	none
vector-run-000831	five-independent-k0-scalar_two_protect	colliding	concurrent	2	-	23	none
vector-run-000832	five-independent-k0-scalar_two_fast	distinct	replay	0	SSSSS	0	none
vector-run-000833	five-independent-k0-scalar_two_fast	colliding	replay	0	SSSSS	0	none
vector-run-000834	five-independent-k0-scalar_two_fast	distinct	replay	1	SSSSS	0	none
vector-run-000835	five-independent-k0-scalar_two_fast	distinct	replay	1	SSSSFS	0	none
vector-run-000836	five-independent-k0-scalar_two_fast	distinct	replay	1	SSSFSS	0	none
vector-run-000837	five-independent-k0-scalar_two_fast	distinct	replay	1	SSFSSS	0	none
vector-run-000838	five-independent-k0-scalar_two_fast	distinct	replay	1	SFSSSS	0	none
vector-run-000839	five-independent-k0-scalar_two_fast	distinct	replay	1	FSSSSS	0	none
vector-run-000840	five-independent-k0-scalar_two_fast	colliding	replay	1	SSSSS	0	none
vector-run-000841	five-independent-k0-scalar_two_fast	colliding	replay	1	SSSSFS	0	none
vector-run-000842	five-independent-k0-scalar_two_fast	colliding	replay	1	SSSFSS	0	none
vector-run-000843	five-independent-k0-scalar_two_fast	colliding	replay	1	SSFSSS	0	none
vector-run-000844	five-independent-k0-scalar_two_fast	colliding	replay	1	SFSSSS	0	none
vector-run-000845	five-independent-k0-scalar_two_fast	colliding	replay	1	FSSSSS	0	none
vector-run-000846	five-independent-k0-scalar_two_fast	distinct	replay	2	SSSS	0	none
vector-run-000847	five-independent-k0-scalar_two_fast	distinct	replay	2	SSSFSS	0	none
vector-run-000848	five-independent-k0-scalar_two_fast	distinct	replay	2	SSSFSFS	0	none
vector-run-000849	five-independent-k0-scalar_two_fast	distinct	replay	2	SSSFFSS	0	none
vector-run-000850	five-independent-k0-scalar_two_fast	distinct	replay	2	SSFSSS	0	none
vector-run-000851	five-independent-k0-scalar_two_fast	distinct	replay	2	SSFSSFS	0	none
vector-run-000852	five-independent-k0-scalar_two_fast	distinct	replay	2	SSFSFSS	0	none
vector-run-000853	five-independent-k0-scalar_two_fast	distinct	replay	2	SSFFSSS	0	none
vector-run-000854	five-independent-k0-scalar_two_fast	distinct	replay	2	SFSSSS	0	none
vector-run-000855	five-independent-k0-scalar_two_fast	distinct	replay	2	SFSSSFS	0	none
vector-run-000856	five-independent-k0-scalar_two_fast	distinct	replay	2	SFSSFSS	0	none
vector-run-000857	five-independent-k0-scalar_two_fast	distinct	replay	2	SFSFSSS	0	none
vector-run-000858	five-independent-k0-scalar_two_fast	distinct	replay	2	SFFSSSS	0	none
vector-run-000859	five-independent-k0-scalar_two_fast	distinct	replay	2	FSSSSS	0	none
vector-run-000860	five-independent-k0-scalar_two_fast	distinct	replay	2	FSSSSFS	0	none
vector-run-000861	five-independent-k0-scalar_two_fast	distinct	replay	2	FSSSFSS	0	none
vector-run-000862	five-independent-k0-scalar_two_fast	distinct	replay	2	FSSFSSS	0	none
vector-run-000863	five-independent-k0-scalar_two_fast	distinct	replay	2	FSFSSSS	0	none
vector-run-000864	five-independent-k0-scalar_two_fast	distinct	replay	2	FFSSSSS	0	none
vector-run-000865	five-independent-k0-scalar_two_fast	colliding	replay	2	SSSS	0	none
vector-run-000866	five-independent-k0-scalar_two_fast	colliding	replay	2	SSSFSS	0	none
vector-run-000867	five-independent-k0-scalar_two_fast	colliding	replay	2	SSSFSFS	0	none
vector-run-000868	five-independent-k0-scalar_two_fast	colliding	replay	2	SSSFFSS	0	none
vector-run-000869	five-independent-k0-scalar_two_fast	colliding	replay	2	SSFSSS	0	none
vector-run-000870	five-independent-k0-scalar_two_fast	colliding	replay	2	SSFSSFS	0	none
vector-run-000871	five-independent-k0-scalar_two_fast	colliding	replay	2	SSFSFSS	0	none
vector-run-000872	five-independent-k0-scalar_two_fast	colliding	replay	2	SSFFSSS	0	none
vector-run-000873	five-independent-k0-scalar_two_fast	colliding	replay	2	SFSSSS	0	none
vector-run-000874	five-independent-k0-scalar_two_fast	colliding	replay	2	SFSSSFS	0	none
vector-run-000875	five-independent-k0-scalar_two_fast	colliding	replay	2	SFSSFSS	0	none
vector-run-000876	five-independent-k0-scalar_two_fast	colliding	replay	2	SFSFSSS	0	none
vector-run-000877	five-independent-k0-scalar_two_fast	colliding	replay	2	SFFSSSS	0	none
vector-run-000878	five-independent-k0-scalar_two_fast	colliding	replay	2	FSSSSS	0	none
vector-run-000879	five-independent-k0-scalar_two_fast	colliding	replay	2	FSSSSFS	0	none
vector-run-000880	five-independent-k0-scalar_two_fast	colliding	replay	2	FSSSFSS	0	none
vector-run-000881	five-independent-k0-scalar_two_fast	colliding	replay	2	FSSFSSS	0	none
vector-run-000882	five-independent-k0-scalar_two_fast	colliding	replay	2	FSFSSSS	0	none
vector-run-000883	five-independent-k0-scalar_two_fast	colliding	replay	2	FFSSSSS	0	none
vector-run-000884	five-independent-k0-scalar_two_fast	distinct	concurrent	2	-	11	none
vector-run-000885	five-independent-k0-scalar_two_fast	distinct	concurrent	2	-	23	none
vector-run-000886	five-independent-k0-scalar_two_fast	colliding	concurrent	2	-	11	none
vector-run-000887	five-independent-k0-scalar_two_fast	colliding	concurrent	2	-	23	none
vector-run-000888	five-independent-k0-qn_three	distinct	replay	0	SSSSS	0	none
vector-run-000889	five-independent-k0-qn_three	colliding	replay	0	SSSSS	0	none
vector-run-000890	five-independent-k0-qn_three	distinct	replay	1	SSSS	0	none
vector-run-000891	five-independent-k0-qn_three	distinct	replay	1	SSSFS	0	none
vector-run-000892	five-independent-k0-qn_three	distinct	replay	1	SSFSS	0	none
vector-run-000893	five-independent-k0-qn_three	distinct	replay	1	SFSSS	0	none
vector-run-000894	five-independent-k0-qn_three	distinct	replay	1	FSSSS	0	none
vector-run-000895	five-independent-k0-qn_three	colliding	replay	1	SSSS	0	none
vector-run-000896	five-independent-k0-qn_three	colliding	replay	1	SSSFS	0	none
vector-run-000897	five-independent-k0-qn_three	colliding	replay	1	SSFSS	0	none
vector-run-000898	five-independent-k0-qn_three	colliding	replay	1	SFSSS	0	none
vector-run-000899	five-independent-k0-qn_three	colliding	replay	1	FSSSS	0	none
vector-run-000900	five-independent-k0-qn_three	distinct	replay	2	SS	0	none
vector-run-000901	five-independent-k0-qn_three	distinct	replay	2	SFSS	0	none
vector-run-000902	five-independent-k0-qn_three	distinct	replay	2	SFSFS	0	none
vector-run-000903	five-independent-k0-qn_three	distinct	replay	2	SFFSS	0	none
vector-run-000904	five-independent-k0-qn_three	distinct	replay	2	FSSS	0	none
vector-run-000905	five-independent-k0-qn_three	distinct	replay	2	FSSFS	0	none
vector-run-000906	five-independent-k0-qn_three	distinct	replay	2	FSFSS	0	none
vector-run-000907	five-independent-k0-qn_three	distinct	replay	2	FFSSS	0	none
vector-run-000908	five-independent-k0-qn_three	colliding	replay	2	SS	0	none
vector-run-000909	five-independent-k0-qn_three	colliding	replay	2	SFSS	0	none
vector-run-000910	five-independent-k0-qn_three	colliding	replay	2	SFSFS	0	none
vector-run-000911	five-independent-k0-qn_three	colliding	replay	2	SFFSS	0	none
vector-run-000912	five-independent-k0-qn_three	colliding	replay	2	FSSS	0	none
vector-run-000913	five-independent-k0-qn_three	colliding	replay	2	FSSFS	0	none
vector-run-000914	five-independent-k0-qn_three	colliding	replay	2	FSFSS	0	none
vector-run-000915	five-independent-k0-qn_three	colliding	replay	2	FFSSS	0	none
vector-run-000916	five-independent-k0-qn_three	distinct	concurrent	2	-	11	none
vector-run-000917	five-independent-k0-qn_three	distinct	concurrent	2	-	23	none
vector-run-000918	five-independent-k0-qn_three	colliding	concurrent	2	-	11	none
vector-run-000919	five-independent-k0-qn_three	colliding	concurrent	2	-	23	none
vector-run-000920	five-independent-k0-cached_all	distinct	replay	0	SSSSS	0	none
vector-run-000921	five-independent-k0-cached_all	colliding	replay	0	SSSSS	0	none
vector-run-000922	five-independent-k0-cached_all	distinct	replay	1	SSSSS	0	none
vector-run-000923	five-independent-k0-cached_all	distinct	replay	1	SSSSF	0	none
vector-run-000924	five-independent-k0-cached_all	distinct	replay	1	SSSFS	0	none
vector-run-000925	five-independent-k0-cached_all	distinct	replay	1	SSFSS	0	none
vector-run-000926	five-independent-k0-cached_all	distinct	replay	1	SFSSS	0	none
vector-run-000927	five-independent-k0-cached_all	distinct	replay	1	FSSSS	0	none
vector-run-000928	five-independent-k0-cached_all	colliding	replay	1	SSSSS	0	none
vector-run-000929	five-independent-k0-cached_all	colliding	replay	1	SSSSF	0	none
vector-run-000930	five-independent-k0-cached_all	colliding	replay	1	SSSFS	0	none
vector-run-000931	five-independent-k0-cached_all	colliding	replay	1	SSFSS	0	none
vector-run-000932	five-independent-k0-cached_all	colliding	replay	1	SFSSS	0	none
vector-run-000933	five-independent-k0-cached_all	colliding	replay	1	FSSSS	0	none
vector-run-000934	five-independent-k0-cached_all	distinct	replay	2	SSSSS	0	none
vector-run-000935	five-independent-k0-cached_all	distinct	replay	2	SSSSF	0	none
vector-run-000936	five-independent-k0-cached_all	distinct	replay	2	SSSFS	0	none
vector-run-000937	five-independent-k0-cached_all	distinct	replay	2	SSSFF	0	none
vector-run-000938	five-independent-k0-cached_all	distinct	replay	2	SSFSS	0	none
vector-run-000939	five-independent-k0-cached_all	distinct	replay	2	SSFSF	0	none
vector-run-000940	five-independent-k0-cached_all	distinct	replay	2	SSFFS	0	none
vector-run-000941	five-independent-k0-cached_all	distinct	replay	2	SFSSS	0	none
vector-run-000942	five-independent-k0-cached_all	distinct	replay	2	SFSSF	0	none
vector-run-000943	five-independent-k0-cached_all	distinct	replay	2	SFSFS	0	none
vector-run-000944	five-independent-k0-cached_all	distinct	replay	2	SFFSS	0	none
vector-run-000945	five-independent-k0-cached_all	distinct	replay	2	FSSSS	0	none
vector-run-000946	five-independent-k0-cached_all	distinct	replay	2	FSSSF	0	none
vector-run-000947	five-independent-k0-cached_all	distinct	replay	2	FSSFS	0	none
vector-run-000948	five-independent-k0-cached_all	distinct	replay	2	FSFSS	0	none
vector-run-000949	five-independent-k0-cached_all	distinct	replay	2	FFSSS	0	none
vector-run-000950	five-independent-k0-cached_all	colliding	replay	2	SSSSS	0	none
vector-run-000951	five-independent-k0-cached_all	colliding	replay	2	SSSSF	0	none
vector-run-000952	five-independent-k0-cached_all	colliding	replay	2	SSSFS	0	none
vector-run-000953	five-independent-k0-cached_all	colliding	replay	2	SSSFF	0	none
vector-run-000954	five-independent-k0-cached_all	colliding	replay	2	SSFSS	0	none
vector-run-000955	five-independent-k0-cached_all	colliding	replay	2	SSFSF	0	none
vector-run-000956	five-independent-k0-cached_all	colliding	replay	2	SSFFS	0	none
vector-run-000957	five-independent-k0-cached_all	colliding	replay	2	SFSSS	0	none
vector-run-000958	five-independent-k0-cached_all	colliding	replay	2	SFSSF	0	none
vector-run-000959	five-independent-k0-cached_all	colliding	replay	2	SFSFS	0	none
vector-run-000960	five-independent-k0-cached_all	colliding	replay	2	SFFSS	0	none
vector-run-000961	five-independent-k0-cached_all	colliding	replay	2	FSSSS	0	none
vector-run-000962	five-independent-k0-cached_all	colliding	replay	2	FSSSF	0	none
vector-run-000963	five-independent-k0-cached_all	colliding	replay	2	FSSFS	0	none
vector-run-000964	five-independent-k0-cached_all	colliding	replay	2	FSFSS	0	none
vector-run-000965	five-independent-k0-cached_all	colliding	replay	2	FFSSS	0	none
vector-run-000966	five-independent-k0-cached_all	distinct	concurrent	2	-	11	none
vector-run-000967	five-independent-k0-cached_all	distinct	concurrent	2	-	23	none
vector-run-000968	five-independent-k0-cached_all	colliding	concurrent	2	-	11	none
vector-run-000969	five-independent-k0-cached_all	colliding	concurrent	2	-	23	none
vector-run-000970	five-independent-k0-protected_all	distinct	replay	0	-	0	none
vector-run-000971	five-independent-k0-protected_all	colliding	replay	0	-	0	none
vector-run-000972	five-independent-k0-protected_all	distinct	replay	1	-	0	none
vector-run-000973	five-independent-k0-protected_all	colliding	replay	1	-	0	none
vector-run-000974	five-independent-k0-protected_all	distinct	replay	2	-	0	none
vector-run-000975	five-independent-k0-protected_all	colliding	replay	2	-	0	none
vector-run-000976	five-independent-k0-protected_all	distinct	concurrent	2	-	11	none
vector-run-000977	five-independent-k0-protected_all	distinct	concurrent	2	-	23	none
vector-run-000978	five-independent-k0-protected_all	colliding	concurrent	2	-	11	none
vector-run-000979	five-independent-k0-protected_all	colliding	concurrent	2	-	23	none
vector-run-000980	five-independent-k2-scalar_three	distinct	replay	0	SSSSS	0	none
vector-run-000981	five-independent-k2-scalar_three	colliding	replay	0	SSSSS	0	none
vector-run-000982	five-independent-k2-scalar_three	distinct	replay	1	SSSS	0	none
vector-run-000983	five-independent-k2-scalar_three	distinct	replay	1	SSSFSS	0	none
vector-run-000984	five-independent-k2-scalar_three	distinct	replay	1	SSFSSS	0	none
vector-run-000985	five-independent-k2-scalar_three	distinct	replay	1	SFSSSS	0	none
vector-run-000986	five-independent-k2-scalar_three	distinct	replay	1	FSSSSS	0	none
vector-run-000987	five-independent-k2-scalar_three	colliding	replay	1	SSSS	0	none
vector-run-000988	five-independent-k2-scalar_three	colliding	replay	1	SSSFSS	0	none
vector-run-000989	five-independent-k2-scalar_three	colliding	replay	1	SSFSSS	0	none
vector-run-000990	five-independent-k2-scalar_three	colliding	replay	1	SFSSSS	0	none
vector-run-000991	five-independent-k2-scalar_three	colliding	replay	1	FSSSSS	0	none
vector-run-000992	five-independent-k2-scalar_three	distinct	replay	2	SSS	0	none
vector-run-000993	five-independent-k2-scalar_three	distinct	replay	2	SSFSS	0	none
vector-run-000994	five-independent-k2-scalar_three	distinct	replay	2	SSFSFSS	0	none
vector-run-000995	five-independent-k2-scalar_three	distinct	replay	2	SSFFSSS	0	none
vector-run-000996	five-independent-k2-scalar_three	distinct	replay	2	SFSSS	0	none
vector-run-000997	five-independent-k2-scalar_three	distinct	replay	2	SFSSFSS	0	none
vector-run-000998	five-independent-k2-scalar_three	distinct	replay	2	SFSFSSS	0	none
vector-run-000999	five-independent-k2-scalar_three	distinct	replay	2	SFFSSSS	0	none
vector-run-001000	five-independent-k2-scalar_three	distinct	replay	2	FSSSS	0	none
vector-run-001001	five-independent-k2-scalar_three	distinct	replay	2	FSSSFSS	0	none
vector-run-001002	five-independent-k2-scalar_three	distinct	replay	2	FSSFSSS	0	none
vector-run-001003	five-independent-k2-scalar_three	distinct	replay	2	FSFSSSS	0	none
vector-run-001004	five-independent-k2-scalar_three	distinct	replay	2	FFSSSSS	0	none
vector-run-001005	five-independent-k2-scalar_three	colliding	replay	2	SSS	0	none
vector-run-001006	five-independent-k2-scalar_three	colliding	replay	2	SSFSS	0	none
vector-run-001007	five-independent-k2-scalar_three	colliding	replay	2	SSFSFSS	0	none
vector-run-001008	five-independent-k2-scalar_three	colliding	replay	2	SSFFSSS	0	none
vector-run-001009	five-independent-k2-scalar_three	colliding	replay	2	SFSSS	0	none
vector-run-001010	five-independent-k2-scalar_three	colliding	replay	2	SFSSFSS	0	none
vector-run-001011	five-independent-k2-scalar_three	colliding	replay	2	SFSFSSS	0	none
vector-run-001012	five-independent-k2-scalar_three	colliding	replay	2	SFFSSSS	0	none
vector-run-001013	five-independent-k2-scalar_three	colliding	replay	2	FSSSS	0	none
vector-run-001014	five-independent-k2-scalar_three	colliding	replay	2	FSSSFSS	0	none
vector-run-001015	five-independent-k2-scalar_three	colliding	replay	2	FSSFSSS	0	none
vector-run-001016	five-independent-k2-scalar_three	colliding	replay	2	FSFSSSS	0	none
vector-run-001017	five-independent-k2-scalar_three	colliding	replay	2	FFSSSSS	0	none
vector-run-001018	five-independent-k2-scalar_three	distinct	concurrent	2	-	11	none
vector-run-001019	five-independent-k2-scalar_three	distinct	concurrent	2	-	23	none
vector-run-001020	five-independent-k2-scalar_three	colliding	concurrent	2	-	11	none
vector-run-001021	five-independent-k2-scalar_three	colliding	concurrent	2	-	23	none
vector-run-001022	five-independent-k2-scalar_two_protect	distinct	replay	0	SSSSS	0	none
vector-run-001023	five-independent-k2-scalar_two_protect	colliding	replay	0	SSSSS	0	none
vector-run-001024	five-independent-k2-scalar_two_protect	distinct	replay	1	SSSS	0	none
vector-run-001025	five-independent-k2-scalar_two_protect	distinct	replay	1	SSSFSS	0	none
vector-run-001026	five-independent-k2-scalar_two_protect	distinct	replay	1	SSFSSS	0	none
vector-run-001027	five-independent-k2-scalar_two_protect	distinct	replay	1	SFSSSS	0	none
vector-run-001028	five-independent-k2-scalar_two_protect	distinct	replay	1	FSSSSS	0	none
vector-run-001029	five-independent-k2-scalar_two_protect	colliding	replay	1	SSSS	0	none
vector-run-001030	five-independent-k2-scalar_two_protect	colliding	replay	1	SSSFSS	0	none
vector-run-001031	five-independent-k2-scalar_two_protect	colliding	replay	1	SSFSSS	0	none
vector-run-001032	five-independent-k2-scalar_two_protect	colliding	replay	1	SFSSSS	0	none
vector-run-001033	five-independent-k2-scalar_two_protect	colliding	replay	1	FSSSSS	0	none
vector-run-001034	five-independent-k2-scalar_two_protect	distinct	replay	2	SSS	0	none
vector-run-001035	five-independent-k2-scalar_two_protect	distinct	replay	2	SSFSS	0	none
vector-run-001036	five-independent-k2-scalar_two_protect	distinct	replay	2	SSFSFSS	0	none
vector-run-001037	five-independent-k2-scalar_two_protect	distinct	replay	2	SSFFSSS	0	none
vector-run-001038	five-independent-k2-scalar_two_protect	distinct	replay	2	SFSSS	0	none
vector-run-001039	five-independent-k2-scalar_two_protect	distinct	replay	2	SFSSFSS	0	none
vector-run-001040	five-independent-k2-scalar_two_protect	distinct	replay	2	SFSFSSS	0	none
vector-run-001041	five-independent-k2-scalar_two_protect	distinct	replay	2	SFFSSSS	0	none
vector-run-001042	five-independent-k2-scalar_two_protect	distinct	replay	2	FSSSS	0	none
vector-run-001043	five-independent-k2-scalar_two_protect	distinct	replay	2	FSSSFSS	0	none
vector-run-001044	five-independent-k2-scalar_two_protect	distinct	replay	2	FSSFSSS	0	none
vector-run-001045	five-independent-k2-scalar_two_protect	distinct	replay	2	FSFSSSS	0	none
vector-run-001046	five-independent-k2-scalar_two_protect	distinct	replay	2	FFSSSSS	0	none
vector-run-001047	five-independent-k2-scalar_two_protect	colliding	replay	2	SSS	0	none
vector-run-001048	five-independent-k2-scalar_two_protect	colliding	replay	2	SSFSS	0	none
vector-run-001049	five-independent-k2-scalar_two_protect	colliding	replay	2	SSFSFSS	0	none
vector-run-001050	five-independent-k2-scalar_two_protect	colliding	replay	2	SSFFSSS	0	none
vector-run-001051	five-independent-k2-scalar_two_protect	colliding	replay	2	SFSSS	0	none
vector-run-001052	five-independent-k2-scalar_two_protect	colliding	replay	2	SFSSFSS	0	none
vector-run-001053	five-independent-k2-scalar_two_protect	colliding	replay	2	SFSFSSS	0	none
vector-run-001054	five-independent-k2-scalar_two_protect	colliding	replay	2	SFFSSSS	0	none
vector-run-001055	five-independent-k2-scalar_two_protect	colliding	replay	2	FSSSS	0	none
vector-run-001056	five-independent-k2-scalar_two_protect	colliding	replay	2	FSSSFSS	0	none
vector-run-001057	five-independent-k2-scalar_two_protect	colliding	replay	2	FSSFSSS	0	none
vector-run-001058	five-independent-k2-scalar_two_protect	colliding	replay	2	FSFSSSS	0	none
vector-run-001059	five-independent-k2-scalar_two_protect	colliding	replay	2	FFSSSSS	0	none
vector-run-001060	five-independent-k2-scalar_two_protect	distinct	concurrent	2	-	11	none
vector-run-001061	five-independent-k2-scalar_two_protect	distinct	concurrent	2	-	23	none
vector-run-001062	five-independent-k2-scalar_two_protect	colliding	concurrent	2	-	11	none
vector-run-001063	five-independent-k2-scalar_two_protect	colliding	concurrent	2	-	23	none
vector-run-001064	five-independent-k2-scalar_two_fast	distinct	replay	0	SSSSS	0	none
vector-run-001065	five-independent-k2-scalar_two_fast	colliding	replay	0	SSSSS	0	none
vector-run-001066	five-independent-k2-scalar_two_fast	distinct	replay	1	SSSS	0	none
vector-run-001067	five-independent-k2-scalar_two_fast	distinct	replay	1	SSSFSS	0	none
vector-run-001068	five-independent-k2-scalar_two_fast	distinct	replay	1	SSFSSS	0	none
vector-run-001069	five-independent-k2-scalar_two_fast	distinct	replay	1	SFSSSS	0	none
vector-run-001070	five-independent-k2-scalar_two_fast	distinct	replay	1	FSSSSS	0	none
vector-run-001071	five-independent-k2-scalar_two_fast	colliding	replay	1	SSSS	0	none
vector-run-001072	five-independent-k2-scalar_two_fast	colliding	replay	1	SSSFSS	0	none
vector-run-001073	five-independent-k2-scalar_two_fast	colliding	replay	1	SSFSSS	0	none
vector-run-001074	five-independent-k2-scalar_two_fast	colliding	replay	1	SFSSSS	0	none
vector-run-001075	five-independent-k2-scalar_two_fast	colliding	replay	1	FSSSSS	0	none
vector-run-001076	five-independent-k2-scalar_two_fast	distinct	replay	2	SSS	0	none
vector-run-001077	five-independent-k2-scalar_two_fast	distinct	replay	2	SSFSS	0	none
vector-run-001078	five-independent-k2-scalar_two_fast	distinct	replay	2	SSFSFSS	0	none
vector-run-001079	five-independent-k2-scalar_two_fast	distinct	replay	2	SSFFSSS	0	none
vector-run-001080	five-independent-k2-scalar_two_fast	distinct	replay	2	SFSSS	0	none
vector-run-001081	five-independent-k2-scalar_two_fast	distinct	replay	2	SFSSFSS	0	none
vector-run-001082	five-independent-k2-scalar_two_fast	distinct	replay	2	SFSFSSS	0	none
vector-run-001083	five-independent-k2-scalar_two_fast	distinct	replay	2	SFFSSSS	0	none
vector-run-001084	five-independent-k2-scalar_two_fast	distinct	replay	2	FSSSS	0	none
vector-run-001085	five-independent-k2-scalar_two_fast	distinct	replay	2	FSSSFSS	0	none
vector-run-001086	five-independent-k2-scalar_two_fast	distinct	replay	2	FSSFSSS	0	none
vector-run-001087	five-independent-k2-scalar_two_fast	distinct	replay	2	FSFSSSS	0	none
vector-run-001088	five-independent-k2-scalar_two_fast	distinct	replay	2	FFSSSSS	0	none
vector-run-001089	five-independent-k2-scalar_two_fast	colliding	replay	2	SSS	0	none
vector-run-001090	five-independent-k2-scalar_two_fast	colliding	replay	2	SSFSS	0	none
vector-run-001091	five-independent-k2-scalar_two_fast	colliding	replay	2	SSFSFSS	0	none
vector-run-001092	five-independent-k2-scalar_two_fast	colliding	replay	2	SSFFSSS	0	none
vector-run-001093	five-independent-k2-scalar_two_fast	colliding	replay	2	SFSSS	0	none
vector-run-001094	five-independent-k2-scalar_two_fast	colliding	replay	2	SFSSFSS	0	none
vector-run-001095	five-independent-k2-scalar_two_fast	colliding	replay	2	SFSFSSS	0	none
vector-run-001096	five-independent-k2-scalar_two_fast	colliding	replay	2	SFFSSSS	0	none
vector-run-001097	five-independent-k2-scalar_two_fast	colliding	replay	2	FSSSS	0	none
vector-run-001098	five-independent-k2-scalar_two_fast	colliding	replay	2	FSSSFSS	0	none
vector-run-001099	five-independent-k2-scalar_two_fast	colliding	replay	2	FSSFSSS	0	none
vector-run-001100	five-independent-k2-scalar_two_fast	colliding	replay	2	FSFSSSS	0	none
vector-run-001101	five-independent-k2-scalar_two_fast	colliding	replay	2	FFSSSSS	0	none
vector-run-001102	five-independent-k2-scalar_two_fast	distinct	concurrent	2	-	11	none
vector-run-001103	five-independent-k2-scalar_two_fast	distinct	concurrent	2	-	23	none
vector-run-001104	five-independent-k2-scalar_two_fast	colliding	concurrent	2	-	11	none
vector-run-001105	five-independent-k2-scalar_two_fast	colliding	concurrent	2	-	23	none
vector-run-001106	five-independent-k2-qn_three	distinct	replay	0	SSSSS	0	none
vector-run-001107	five-independent-k2-qn_three	colliding	replay	0	SSSSS	0	none
vector-run-001108	five-independent-k2-qn_three	distinct	replay	1	SSSS	0	none
vector-run-001109	five-independent-k2-qn_three	distinct	replay	1	SSSFS	0	none
vector-run-001110	five-independent-k2-qn_three	distinct	replay	1	SSFSS	0	none
vector-run-001111	five-independent-k2-qn_three	distinct	replay	1	SFSSS	0	none
vector-run-001112	five-independent-k2-qn_three	distinct	replay	1	FSSSS	0	none
vector-run-001113	five-independent-k2-qn_three	colliding	replay	1	SSSS	0	none
vector-run-001114	five-independent-k2-qn_three	colliding	replay	1	SSSFS	0	none
vector-run-001115	five-independent-k2-qn_three	colliding	replay	1	SSFSS	0	none
vector-run-001116	five-independent-k2-qn_three	colliding	replay	1	SFSSS	0	none
vector-run-001117	five-independent-k2-qn_three	colliding	replay	1	FSSSS	0	none
vector-run-001118	five-independent-k2-qn_three	distinct	replay	2	SS	0	none
vector-run-001119	five-independent-k2-qn_three	distinct	replay	2	SFSS	0	none
vector-run-001120	five-independent-k2-qn_three	distinct	replay	2	SFSFS	0	none
vector-run-001121	five-independent-k2-qn_three	distinct	replay	2	SFFSS	0	none
vector-run-001122	five-independent-k2-qn_three	distinct	replay	2	FSSS	0	none
vector-run-001123	five-independent-k2-qn_three	distinct	replay	2	FSSFS	0	none
vector-run-001124	five-independent-k2-qn_three	distinct	replay	2	FSFSS	0	none
vector-run-001125	five-independent-k2-qn_three	distinct	replay	2	FFSSS	0	none
vector-run-001126	five-independent-k2-qn_three	colliding	replay	2	SS	0	none
vector-run-001127	five-independent-k2-qn_three	colliding	replay	2	SFSS	0	none
vector-run-001128	five-independent-k2-qn_three	colliding	replay	2	SFSFS	0	none
vector-run-001129	five-independent-k2-qn_three	colliding	replay	2	SFFSS	0	none
vector-run-001130	five-independent-k2-qn_three	colliding	replay	2	FSSS	0	none
vector-run-001131	five-independent-k2-qn_three	colliding	replay	2	FSSFS	0	none
vector-run-001132	five-independent-k2-qn_three	colliding	replay	2	FSFSS	0	none
vector-run-001133	five-independent-k2-qn_three	colliding	replay	2	FFSSS	0	none
vector-run-001134	five-independent-k2-qn_three	distinct	concurrent	2	-	11	none
vector-run-001135	five-independent-k2-qn_three	distinct	concurrent	2	-	23	none
vector-run-001136	five-independent-k2-qn_three	colliding	concurrent	2	-	11	none
vector-run-001137	five-independent-k2-qn_three	colliding	concurrent	2	-	23	none
vector-run-001138	five-independent-k2-cached_all	distinct	replay	0	SSSSS	0	none
vector-run-001139	five-independent-k2-cached_all	colliding	replay	0	SSSSS	0	none
vector-run-001140	five-independent-k2-cached_all	distinct	replay	1	SSSSS	0	none
vector-run-001141	five-independent-k2-cached_all	distinct	replay	1	SSSSF	0	none
vector-run-001142	five-independent-k2-cached_all	distinct	replay	1	SSSFS	0	none
vector-run-001143	five-independent-k2-cached_all	distinct	replay	1	SSFSS	0	none
vector-run-001144	five-independent-k2-cached_all	distinct	replay	1	SFSSS	0	none
vector-run-001145	five-independent-k2-cached_all	distinct	replay	1	FSSSS	0	none
vector-run-001146	five-independent-k2-cached_all	colliding	replay	1	SSSSS	0	none
vector-run-001147	five-independent-k2-cached_all	colliding	replay	1	SSSSF	0	none
vector-run-001148	five-independent-k2-cached_all	colliding	replay	1	SSSFS	0	none
vector-run-001149	five-independent-k2-cached_all	colliding	replay	1	SSFSS	0	none
vector-run-001150	five-independent-k2-cached_all	colliding	replay	1	SFSSS	0	none
vector-run-001151	five-independent-k2-cached_all	colliding	replay	1	FSSSS	0	none
vector-run-001152	five-independent-k2-cached_all	distinct	replay	2	SSSSS	0	none
vector-run-001153	five-independent-k2-cached_all	distinct	replay	2	SSSSF	0	none
vector-run-001154	five-independent-k2-cached_all	distinct	replay	2	SSSFS	0	none
vector-run-001155	five-independent-k2-cached_all	distinct	replay	2	SSSFF	0	none
vector-run-001156	five-independent-k2-cached_all	distinct	replay	2	SSFSS	0	none
vector-run-001157	five-independent-k2-cached_all	distinct	replay	2	SSFSF	0	none
vector-run-001158	five-independent-k2-cached_all	distinct	replay	2	SSFFS	0	none
vector-run-001159	five-independent-k2-cached_all	distinct	replay	2	SFSSS	0	none
vector-run-001160	five-independent-k2-cached_all	distinct	replay	2	SFSSF	0	none
vector-run-001161	five-independent-k2-cached_all	distinct	replay	2	SFSFS	0	none
vector-run-001162	five-independent-k2-cached_all	distinct	replay	2	SFFSS	0	none
vector-run-001163	five-independent-k2-cached_all	distinct	replay	2	FSSSS	0	none
vector-run-001164	five-independent-k2-cached_all	distinct	replay	2	FSSSF	0	none
vector-run-001165	five-independent-k2-cached_all	distinct	replay	2	FSSFS	0	none
vector-run-001166	five-independent-k2-cached_all	distinct	replay	2	FSFSS	0	none
vector-run-001167	five-independent-k2-cached_all	distinct	replay	2	FFSSS	0	none
vector-run-001168	five-independent-k2-cached_all	colliding	replay	2	SSSSS	0	none
vector-run-001169	five-independent-k2-cached_all	colliding	replay	2	SSSSF	0	none
vector-run-001170	five-independent-k2-cached_all	colliding	replay	2	SSSFS	0	none
vector-run-001171	five-independent-k2-cached_all	colliding	replay	2	SSSFF	0	none
vector-run-001172	five-independent-k2-cached_all	colliding	replay	2	SSFSS	0	none
vector-run-001173	five-independent-k2-cached_all	colliding	replay	2	SSFSF	0	none
vector-run-001174	five-independent-k2-cached_all	colliding	replay	2	SSFFS	0	none
vector-run-001175	five-independent-k2-cached_all	colliding	replay	2	SFSSS	0	none
vector-run-001176	five-independent-k2-cached_all	colliding	replay	2	SFSSF	0	none
vector-run-001177	five-independent-k2-cached_all	colliding	replay	2	SFSFS	0	none
vector-run-001178	five-independent-k2-cached_all	colliding	replay	2	SFFSS	0	none
vector-run-001179	five-independent-k2-cached_all	colliding	replay	2	FSSSS	0	none
vector-run-001180	five-independent-k2-cached_all	colliding	replay	2	FSSSF	0	none
vector-run-001181	five-independent-k2-cached_all	colliding	replay	2	FSSFS	0	none
vector-run-001182	five-independent-k2-cached_all	colliding	replay	2	FSFSS	0	none
vector-run-001183	five-independent-k2-cached_all	colliding	replay	2	FFSSS	0	none
vector-run-001184	five-independent-k2-cached_all	distinct	concurrent	2	-	11	none
vector-run-001185	five-independent-k2-cached_all	distinct	concurrent	2	-	23	none
vector-run-001186	five-independent-k2-cached_all	colliding	concurrent	2	-	11	none
vector-run-001187	five-independent-k2-cached_all	colliding	concurrent	2	-	23	none
vector-run-001188	five-independent-k2-protected_all	distinct	replay	0	-	0	none
vector-run-001189	five-independent-k2-protected_all	colliding	replay	0	-	0	none
vector-run-001190	five-independent-k2-protected_all	distinct	replay	1	-	0	none
vector-run-001191	five-independent-k2-protected_all	colliding	replay	1	-	0	none
vector-run-001192	five-independent-k2-protected_all	distinct	replay	2	-	0	none
vector-run-001193	five-independent-k2-protected_all	colliding	replay	2	-	0	none
vector-run-001194	five-independent-k2-protected_all	distinct	concurrent	2	-	11	none
vector-run-001195	five-independent-k2-protected_all	distinct	concurrent	2	-	23	none
vector-run-001196	five-independent-k2-protected_all	colliding	concurrent	2	-	11	none
vector-run-001197	five-independent-k2-protected_all	colliding	concurrent	2	-	23	none
vector-run-001198	five-chain-k0-scalar_three	distinct	replay	0	SSSSS	0	none
vector-run-001199	five-chain-k0-scalar_three	colliding	replay	0	SSSSS	0	none
vector-run-001200	five-chain-k0-scalar_three	distinct	replay	1	SSSS	0	none
vector-run-001201	five-chain-k0-scalar_three	distinct	replay	1	SSSFSS	0	none
vector-run-001202	five-chain-k0-scalar_three	distinct	replay	1	SSFSSS	0	none
vector-run-001203	five-chain-k0-scalar_three	distinct	replay	1	SFSSSS	0	none
vector-run-001204	five-chain-k0-scalar_three	distinct	replay	1	FSSSSS	0	none
vector-run-001205	five-chain-k0-scalar_three	colliding	replay	1	SSSS	0	none
vector-run-001206	five-chain-k0-scalar_three	colliding	replay	1	SSSFSS	0	none
vector-run-001207	five-chain-k0-scalar_three	colliding	replay	1	SSFSSS	0	none
vector-run-001208	five-chain-k0-scalar_three	colliding	replay	1	SFSSSS	0	none
vector-run-001209	five-chain-k0-scalar_three	colliding	replay	1	FSSSSS	0	none
vector-run-001210	five-chain-k0-scalar_three	distinct	replay	2	SSS	0	none
vector-run-001211	five-chain-k0-scalar_three	distinct	replay	2	SSFSS	0	none
vector-run-001212	five-chain-k0-scalar_three	distinct	replay	2	SSFSFSS	0	none
vector-run-001213	five-chain-k0-scalar_three	distinct	replay	2	SSFFSSS	0	none
vector-run-001214	five-chain-k0-scalar_three	distinct	replay	2	SFSSS	0	none
vector-run-001215	five-chain-k0-scalar_three	distinct	replay	2	SFSSFSS	0	none
vector-run-001216	five-chain-k0-scalar_three	distinct	replay	2	SFSFSSS	0	none
vector-run-001217	five-chain-k0-scalar_three	distinct	replay	2	SFFSSSS	0	none
vector-run-001218	five-chain-k0-scalar_three	distinct	replay	2	FSSSS	0	none
vector-run-001219	five-chain-k0-scalar_three	distinct	replay	2	FSSSFSS	0	none
vector-run-001220	five-chain-k0-scalar_three	distinct	replay	2	FSSFSSS	0	none
vector-run-001221	five-chain-k0-scalar_three	distinct	replay	2	FSFSSSS	0	none
vector-run-001222	five-chain-k0-scalar_three	distinct	replay	2	FFSSSSS	0	none
vector-run-001223	five-chain-k0-scalar_three	colliding	replay	2	SSS	0	none
vector-run-001224	five-chain-k0-scalar_three	colliding	replay	2	SSFSS	0	none
vector-run-001225	five-chain-k0-scalar_three	colliding	replay	2	SSFSFSS	0	none
vector-run-001226	five-chain-k0-scalar_three	colliding	replay	2	SSFFSSS	0	none
vector-run-001227	five-chain-k0-scalar_three	colliding	replay	2	SFSSS	0	none
vector-run-001228	five-chain-k0-scalar_three	colliding	replay	2	SFSSFSS	0	none
vector-run-001229	five-chain-k0-scalar_three	colliding	replay	2	SFSFSSS	0	none
vector-run-001230	five-chain-k0-scalar_three	colliding	replay	2	SFFSSSS	0	none
vector-run-001231	five-chain-k0-scalar_three	colliding	replay	2	FSSSS	0	none
vector-run-001232	five-chain-k0-scalar_three	colliding	replay	2	FSSSFSS	0	none
vector-run-001233	five-chain-k0-scalar_three	colliding	replay	2	FSSFSSS	0	none
vector-run-001234	five-chain-k0-scalar_three	colliding	replay	2	FSFSSSS	0	none
vector-run-001235	five-chain-k0-scalar_three	colliding	replay	2	FFSSSSS	0	none
vector-run-001236	five-chain-k0-scalar_three	distinct	concurrent	2	-	11	none
vector-run-001237	five-chain-k0-scalar_three	distinct	concurrent	2	-	23	none
vector-run-001238	five-chain-k0-scalar_three	colliding	concurrent	2	-	11	none
vector-run-001239	five-chain-k0-scalar_three	colliding	concurrent	2	-	23	none
vector-run-001240	five-chain-k0-scalar_two_protect	distinct	replay	0	SSSSS	0	none
vector-run-001241	five-chain-k0-scalar_two_protect	colliding	replay	0	SSSSS	0	none
vector-run-001242	five-chain-k0-scalar_two_protect	distinct	replay	1	SSSS	0	none
vector-run-001243	five-chain-k0-scalar_two_protect	distinct	replay	1	SSSFSS	0	none
vector-run-001244	five-chain-k0-scalar_two_protect	distinct	replay	1	SSFSSS	0	none
vector-run-001245	five-chain-k0-scalar_two_protect	distinct	replay	1	SFSSSS	0	none
vector-run-001246	five-chain-k0-scalar_two_protect	distinct	replay	1	FSSSSS	0	none
vector-run-001247	five-chain-k0-scalar_two_protect	colliding	replay	1	SSSS	0	none
vector-run-001248	five-chain-k0-scalar_two_protect	colliding	replay	1	SSSFSS	0	none
vector-run-001249	five-chain-k0-scalar_two_protect	colliding	replay	1	SSFSSS	0	none
vector-run-001250	five-chain-k0-scalar_two_protect	colliding	replay	1	SFSSSS	0	none
vector-run-001251	five-chain-k0-scalar_two_protect	colliding	replay	1	FSSSSS	0	none
vector-run-001252	five-chain-k0-scalar_two_protect	distinct	replay	2	SSS	0	none
vector-run-001253	five-chain-k0-scalar_two_protect	distinct	replay	2	SSFSS	0	none
vector-run-001254	five-chain-k0-scalar_two_protect	distinct	replay	2	SSFSFSS	0	none
vector-run-001255	five-chain-k0-scalar_two_protect	distinct	replay	2	SSFFSSS	0	none
vector-run-001256	five-chain-k0-scalar_two_protect	distinct	replay	2	SFSSS	0	none
vector-run-001257	five-chain-k0-scalar_two_protect	distinct	replay	2	SFSSFSS	0	none
vector-run-001258	five-chain-k0-scalar_two_protect	distinct	replay	2	SFSFSSS	0	none
vector-run-001259	five-chain-k0-scalar_two_protect	distinct	replay	2	SFFSSSS	0	none
vector-run-001260	five-chain-k0-scalar_two_protect	distinct	replay	2	FSSSS	0	none
vector-run-001261	five-chain-k0-scalar_two_protect	distinct	replay	2	FSSSFSS	0	none
vector-run-001262	five-chain-k0-scalar_two_protect	distinct	replay	2	FSSFSSS	0	none
vector-run-001263	five-chain-k0-scalar_two_protect	distinct	replay	2	FSFSSSS	0	none
vector-run-001264	five-chain-k0-scalar_two_protect	distinct	replay	2	FFSSSSS	0	none
vector-run-001265	five-chain-k0-scalar_two_protect	colliding	replay	2	SSS	0	none
vector-run-001266	five-chain-k0-scalar_two_protect	colliding	replay	2	SSFSS	0	none
vector-run-001267	five-chain-k0-scalar_two_protect	colliding	replay	2	SSFSFSS	0	none
vector-run-001268	five-chain-k0-scalar_two_protect	colliding	replay	2	SSFFSSS	0	none
vector-run-001269	five-chain-k0-scalar_two_protect	colliding	replay	2	SFSSS	0	none
vector-run-001270	five-chain-k0-scalar_two_protect	colliding	replay	2	SFSSFSS	0	none
vector-run-001271	five-chain-k0-scalar_two_protect	colliding	replay	2	SFSFSSS	0	none
vector-run-001272	five-chain-k0-scalar_two_protect	colliding	replay	2	SFFSSSS	0	none
vector-run-001273	five-chain-k0-scalar_two_protect	colliding	replay	2	FSSSS	0	none
vector-run-001274	five-chain-k0-scalar_two_protect	colliding	replay	2	FSSSFSS	0	none
vector-run-001275	five-chain-k0-scalar_two_protect	colliding	replay	2	FSSFSSS	0	none
vector-run-001276	five-chain-k0-scalar_two_protect	colliding	replay	2	FSFSSSS	0	none
vector-run-001277	five-chain-k0-scalar_two_protect	colliding	replay	2	FFSSSSS	0	none
vector-run-001278	five-chain-k0-scalar_two_protect	distinct	concurrent	2	-	11	none
vector-run-001279	five-chain-k0-scalar_two_protect	distinct	concurrent	2	-	23	none
vector-run-001280	five-chain-k0-scalar_two_protect	colliding	concurrent	2	-	11	none
vector-run-001281	five-chain-k0-scalar_two_protect	colliding	concurrent	2	-	23	none
vector-run-001282	five-chain-k0-scalar_two_fast	distinct	replay	0	SSSSS	0	none
vector-run-001283	five-chain-k0-scalar_two_fast	colliding	replay	0	SSSSS	0	none
vector-run-001284	five-chain-k0-scalar_two_fast	distinct	replay	1	SSSSS	0	none
vector-run-001285	five-chain-k0-scalar_two_fast	distinct	replay	1	SSSSFS	0	none
vector-run-001286	five-chain-k0-scalar_two_fast	distinct	replay	1	SSSFSS	0	none
vector-run-001287	five-chain-k0-scalar_two_fast	distinct	replay	1	SSFSSS	0	none
vector-run-001288	five-chain-k0-scalar_two_fast	distinct	replay	1	SFSSSS	0	none
vector-run-001289	five-chain-k0-scalar_two_fast	distinct	replay	1	FSSSSS	0	none
vector-run-001290	five-chain-k0-scalar_two_fast	colliding	replay	1	SSSSS	0	none
vector-run-001291	five-chain-k0-scalar_two_fast	colliding	replay	1	SSSSFS	0	none
vector-run-001292	five-chain-k0-scalar_two_fast	colliding	replay	1	SSSFSS	0	none
vector-run-001293	five-chain-k0-scalar_two_fast	colliding	replay	1	SSFSSS	0	none
vector-run-001294	five-chain-k0-scalar_two_fast	colliding	replay	1	SFSSSS	0	none
vector-run-001295	five-chain-k0-scalar_two_fast	colliding	replay	1	FSSSSS	0	none
vector-run-001296	five-chain-k0-scalar_two_fast	distinct	replay	2	SSSS	0	none
vector-run-001297	five-chain-k0-scalar_two_fast	distinct	replay	2	SSSFSS	0	none
vector-run-001298	five-chain-k0-scalar_two_fast	distinct	replay	2	SSSFSFS	0	none
vector-run-001299	five-chain-k0-scalar_two_fast	distinct	replay	2	SSSFFSS	0	none
vector-run-001300	five-chain-k0-scalar_two_fast	distinct	replay	2	SSFSSS	0	none
vector-run-001301	five-chain-k0-scalar_two_fast	distinct	replay	2	SSFSSFS	0	none
vector-run-001302	five-chain-k0-scalar_two_fast	distinct	replay	2	SSFSFSS	0	none
vector-run-001303	five-chain-k0-scalar_two_fast	distinct	replay	2	SSFFSSS	0	none
vector-run-001304	five-chain-k0-scalar_two_fast	distinct	replay	2	SFSSSS	0	none
vector-run-001305	five-chain-k0-scalar_two_fast	distinct	replay	2	SFSSSFS	0	none
vector-run-001306	five-chain-k0-scalar_two_fast	distinct	replay	2	SFSSFSS	0	none
vector-run-001307	five-chain-k0-scalar_two_fast	distinct	replay	2	SFSFSSS	0	none
vector-run-001308	five-chain-k0-scalar_two_fast	distinct	replay	2	SFFSSSS	0	none
vector-run-001309	five-chain-k0-scalar_two_fast	distinct	replay	2	FSSSSS	0	none
vector-run-001310	five-chain-k0-scalar_two_fast	distinct	replay	2	FSSSSFS	0	none
vector-run-001311	five-chain-k0-scalar_two_fast	distinct	replay	2	FSSSFSS	0	none
vector-run-001312	five-chain-k0-scalar_two_fast	distinct	replay	2	FSSFSSS	0	none
vector-run-001313	five-chain-k0-scalar_two_fast	distinct	replay	2	FSFSSSS	0	none
vector-run-001314	five-chain-k0-scalar_two_fast	distinct	replay	2	FFSSSSS	0	none
vector-run-001315	five-chain-k0-scalar_two_fast	colliding	replay	2	SSSS	0	none
vector-run-001316	five-chain-k0-scalar_two_fast	colliding	replay	2	SSSFSS	0	none
vector-run-001317	five-chain-k0-scalar_two_fast	colliding	replay	2	SSSFSFS	0	none
vector-run-001318	five-chain-k0-scalar_two_fast	colliding	replay	2	SSSFFSS	0	none
vector-run-001319	five-chain-k0-scalar_two_fast	colliding	replay	2	SSFSSS	0	none
vector-run-001320	five-chain-k0-scalar_two_fast	colliding	replay	2	SSFSSFS	0	none
vector-run-001321	five-chain-k0-scalar_two_fast	colliding	replay	2	SSFSFSS	0	none
vector-run-001322	five-chain-k0-scalar_two_fast	colliding	replay	2	SSFFSSS	0	none
vector-run-001323	five-chain-k0-scalar_two_fast	colliding	replay	2	SFSSSS	0	none
vector-run-001324	five-chain-k0-scalar_two_fast	colliding	replay	2	SFSSSFS	0	none
vector-run-001325	five-chain-k0-scalar_two_fast	colliding	replay	2	SFSSFSS	0	none
vector-run-001326	five-chain-k0-scalar_two_fast	colliding	replay	2	SFSFSSS	0	none
vector-run-001327	five-chain-k0-scalar_two_fast	colliding	replay	2	SFFSSSS	0	none
vector-run-001328	five-chain-k0-scalar_two_fast	colliding	replay	2	FSSSSS	0	none
vector-run-001329	five-chain-k0-scalar_two_fast	colliding	replay	2	FSSSSFS	0	none
vector-run-001330	five-chain-k0-scalar_two_fast	colliding	replay	2	FSSSFSS	0	none
vector-run-001331	five-chain-k0-scalar_two_fast	colliding	replay	2	FSSFSSS	0	none
vector-run-001332	five-chain-k0-scalar_two_fast	colliding	replay	2	FSFSSSS	0	none
vector-run-001333	five-chain-k0-scalar_two_fast	colliding	replay	2	FFSSSSS	0	none
vector-run-001334	five-chain-k0-scalar_two_fast	distinct	concurrent	2	-	11	none
vector-run-001335	five-chain-k0-scalar_two_fast	distinct	concurrent	2	-	23	none
vector-run-001336	five-chain-k0-scalar_two_fast	colliding	concurrent	2	-	11	none
vector-run-001337	five-chain-k0-scalar_two_fast	colliding	concurrent	2	-	23	none
vector-run-001338	five-chain-k0-qn_three	distinct	replay	0	SSSSS	0	none
vector-run-001339	five-chain-k0-qn_three	colliding	replay	0	SSSSS	0	none
vector-run-001340	five-chain-k0-qn_three	distinct	replay	1	SSSS	0	none
vector-run-001341	five-chain-k0-qn_three	distinct	replay	1	SSSFS	0	none
vector-run-001342	five-chain-k0-qn_three	distinct	replay	1	SSFSS	0	none
vector-run-001343	five-chain-k0-qn_three	distinct	replay	1	SFSSS	0	none
vector-run-001344	five-chain-k0-qn_three	distinct	replay	1	FSSSS	0	none
vector-run-001345	five-chain-k0-qn_three	colliding	replay	1	SSSS	0	none
vector-run-001346	five-chain-k0-qn_three	colliding	replay	1	SSSFS	0	none
vector-run-001347	five-chain-k0-qn_three	colliding	replay	1	SSFSS	0	none
vector-run-001348	five-chain-k0-qn_three	colliding	replay	1	SFSSS	0	none
vector-run-001349	five-chain-k0-qn_three	colliding	replay	1	FSSSS	0	none
vector-run-001350	five-chain-k0-qn_three	distinct	replay	2	SS	0	none
vector-run-001351	five-chain-k0-qn_three	distinct	replay	2	SFSS	0	none
vector-run-001352	five-chain-k0-qn_three	distinct	replay	2	SFSFS	0	none
vector-run-001353	five-chain-k0-qn_three	distinct	replay	2	SFFSS	0	none
vector-run-001354	five-chain-k0-qn_three	distinct	replay	2	FSSS	0	none
vector-run-001355	five-chain-k0-qn_three	distinct	replay	2	FSSFS	0	none
vector-run-001356	five-chain-k0-qn_three	distinct	replay	2	FSFSS	0	none
vector-run-001357	five-chain-k0-qn_three	distinct	replay	2	FFSSS	0	none
vector-run-001358	five-chain-k0-qn_three	colliding	replay	2	SS	0	none
vector-run-001359	five-chain-k0-qn_three	colliding	replay	2	SFSS	0	none
vector-run-001360	five-chain-k0-qn_three	colliding	replay	2	SFSFS	0	none
vector-run-001361	five-chain-k0-qn_three	colliding	replay	2	SFFSS	0	none
vector-run-001362	five-chain-k0-qn_three	colliding	replay	2	FSSS	0	none
vector-run-001363	five-chain-k0-qn_three	colliding	replay	2	FSSFS	0	none
vector-run-001364	five-chain-k0-qn_three	colliding	replay	2	FSFSS	0	none
vector-run-001365	five-chain-k0-qn_three	colliding	replay	2	FFSSS	0	none
vector-run-001366	five-chain-k0-qn_three	distinct	concurrent	2	-	11	none
vector-run-001367	five-chain-k0-qn_three	distinct	concurrent	2	-	23	none
vector-run-001368	five-chain-k0-qn_three	colliding	concurrent	2	-	11	none
vector-run-001369	five-chain-k0-qn_three	colliding	concurrent	2	-	23	none
vector-run-001370	five-chain-k0-cached_all	distinct	replay	0	SSSSS	0	none
vector-run-001371	five-chain-k0-cached_all	colliding	replay	0	SSSSS	0	none
vector-run-001372	five-chain-k0-cached_all	distinct	replay	1	SSSSS	0	none
vector-run-001373	five-chain-k0-cached_all	distinct	replay	1	SSSSF	0	none
vector-run-001374	five-chain-k0-cached_all	distinct	replay	1	SSSFS	0	none
vector-run-001375	five-chain-k0-cached_all	distinct	replay	1	SSFSS	0	none
vector-run-001376	five-chain-k0-cached_all	distinct	replay	1	SFSSS	0	none
vector-run-001377	five-chain-k0-cached_all	distinct	replay	1	FSSSS	0	none
vector-run-001378	five-chain-k0-cached_all	colliding	replay	1	SSSSS	0	none
vector-run-001379	five-chain-k0-cached_all	colliding	replay	1	SSSSF	0	none
vector-run-001380	five-chain-k0-cached_all	colliding	replay	1	SSSFS	0	none
vector-run-001381	five-chain-k0-cached_all	colliding	replay	1	SSFSS	0	none
vector-run-001382	five-chain-k0-cached_all	colliding	replay	1	SFSSS	0	none
vector-run-001383	five-chain-k0-cached_all	colliding	replay	1	FSSSS	0	none
vector-run-001384	five-chain-k0-cached_all	distinct	replay	2	SSSSS	0	none
vector-run-001385	five-chain-k0-cached_all	distinct	replay	2	SSSSF	0	none
vector-run-001386	five-chain-k0-cached_all	distinct	replay	2	SSSFS	0	none
vector-run-001387	five-chain-k0-cached_all	distinct	replay	2	SSSFF	0	none
vector-run-001388	five-chain-k0-cached_all	distinct	replay	2	SSFSS	0	none
vector-run-001389	five-chain-k0-cached_all	distinct	replay	2	SSFSF	0	none
vector-run-001390	five-chain-k0-cached_all	distinct	replay	2	SSFFS	0	none
vector-run-001391	five-chain-k0-cached_all	distinct	replay	2	SFSSS	0	none
vector-run-001392	five-chain-k0-cached_all	distinct	replay	2	SFSSF	0	none
vector-run-001393	five-chain-k0-cached_all	distinct	replay	2	SFSFS	0	none
vector-run-001394	five-chain-k0-cached_all	distinct	replay	2	SFFSS	0	none
vector-run-001395	five-chain-k0-cached_all	distinct	replay	2	FSSSS	0	none
vector-run-001396	five-chain-k0-cached_all	distinct	replay	2	FSSSF	0	none
vector-run-001397	five-chain-k0-cached_all	distinct	replay	2	FSSFS	0	none
vector-run-001398	five-chain-k0-cached_all	distinct	replay	2	FSFSS	0	none
vector-run-001399	five-chain-k0-cached_all	distinct	replay	2	FFSSS	0	none
vector-run-001400	five-chain-k0-cached_all	colliding	replay	2	SSSSS	0	none
vector-run-001401	five-chain-k0-cached_all	colliding	replay	2	SSSSF	0	none
vector-run-001402	five-chain-k0-cached_all	colliding	replay	2	SSSFS	0	none
vector-run-001403	five-chain-k0-cached_all	colliding	replay	2	SSSFF	0	none
vector-run-001404	five-chain-k0-cached_all	colliding	replay	2	SSFSS	0	none
vector-run-001405	five-chain-k0-cached_all	colliding	replay	2	SSFSF	0	none
vector-run-001406	five-chain-k0-cached_all	colliding	replay	2	SSFFS	0	none
vector-run-001407	five-chain-k0-cached_all	colliding	replay	2	SFSSS	0	none
vector-run-001408	five-chain-k0-cached_all	colliding	replay	2	SFSSF	0	none
vector-run-001409	five-chain-k0-cached_all	colliding	replay	2	SFSFS	0	none
vector-run-001410	five-chain-k0-cached_all	colliding	replay	2	SFFSS	0	none
vector-run-001411	five-chain-k0-cached_all	colliding	replay	2	FSSSS	0	none
vector-run-001412	five-chain-k0-cached_all	colliding	replay	2	FSSSF	0	none
vector-run-001413	five-chain-k0-cached_all	colliding	replay	2	FSSFS	0	none
vector-run-001414	five-chain-k0-cached_all	colliding	replay	2	FSFSS	0	none
vector-run-001415	five-chain-k0-cached_all	colliding	replay	2	FFSSS	0	none
vector-run-001416	five-chain-k0-cached_all	distinct	concurrent	2	-	11	none
vector-run-001417	five-chain-k0-cached_all	distinct	concurrent	2	-	23	none
vector-run-001418	five-chain-k0-cached_all	colliding	concurrent	2	-	11	none
vector-run-001419	five-chain-k0-cached_all	colliding	concurrent	2	-	23	none
vector-run-001420	five-chain-k0-protected_all	distinct	replay	0	-	0	none
vector-run-001421	five-chain-k0-protected_all	colliding	replay	0	-	0	none
vector-run-001422	five-chain-k0-protected_all	distinct	replay	1	-	0	none
vector-run-001423	five-chain-k0-protected_all	colliding	replay	1	-	0	none
vector-run-001424	five-chain-k0-protected_all	distinct	replay	2	-	0	none
vector-run-001425	five-chain-k0-protected_all	colliding	replay	2	-	0	none
vector-run-001426	five-chain-k0-protected_all	distinct	concurrent	2	-	11	none
vector-run-001427	five-chain-k0-protected_all	distinct	concurrent	2	-	23	none
vector-run-001428	five-chain-k0-protected_all	colliding	concurrent	2	-	11	none
vector-run-001429	five-chain-k0-protected_all	colliding	concurrent	2	-	23	none
vector-run-001430	five-chain-k2-scalar_three	distinct	replay	0	SSSSS	0	none
vector-run-001431	five-chain-k2-scalar_three	colliding	replay	0	SSSSS	0	none
vector-run-001432	five-chain-k2-scalar_three	distinct	replay	1	SSSS	0	none
vector-run-001433	five-chain-k2-scalar_three	distinct	replay	1	SSSFSS	0	none
vector-run-001434	five-chain-k2-scalar_three	distinct	replay	1	SSFSSS	0	none
vector-run-001435	five-chain-k2-scalar_three	distinct	replay	1	SFSSSS	0	none
vector-run-001436	five-chain-k2-scalar_three	distinct	replay	1	FSSSSS	0	none
vector-run-001437	five-chain-k2-scalar_three	colliding	replay	1	SSSS	0	none
vector-run-001438	five-chain-k2-scalar_three	colliding	replay	1	SSSFSS	0	none
vector-run-001439	five-chain-k2-scalar_three	colliding	replay	1	SSFSSS	0	none
vector-run-001440	five-chain-k2-scalar_three	colliding	replay	1	SFSSSS	0	none
vector-run-001441	five-chain-k2-scalar_three	colliding	replay	1	FSSSSS	0	none
vector-run-001442	five-chain-k2-scalar_three	distinct	replay	2	SSS	0	none
vector-run-001443	five-chain-k2-scalar_three	distinct	replay	2	SSFSS	0	none
vector-run-001444	five-chain-k2-scalar_three	distinct	replay	2	SSFSFSS	0	none
vector-run-001445	five-chain-k2-scalar_three	distinct	replay	2	SSFFSSS	0	none
vector-run-001446	five-chain-k2-scalar_three	distinct	replay	2	SFSSS	0	none
vector-run-001447	five-chain-k2-scalar_three	distinct	replay	2	SFSSFSS	0	none
vector-run-001448	five-chain-k2-scalar_three	distinct	replay	2	SFSFSSS	0	none
vector-run-001449	five-chain-k2-scalar_three	distinct	replay	2	SFFSSSS	0	none
vector-run-001450	five-chain-k2-scalar_three	distinct	replay	2	FSSSS	0	none
vector-run-001451	five-chain-k2-scalar_three	distinct	replay	2	FSSSFSS	0	none
vector-run-001452	five-chain-k2-scalar_three	distinct	replay	2	FSSFSSS	0	none
vector-run-001453	five-chain-k2-scalar_three	distinct	replay	2	FSFSSSS	0	none
vector-run-001454	five-chain-k2-scalar_three	distinct	replay	2	FFSSSSS	0	none
vector-run-001455	five-chain-k2-scalar_three	colliding	replay	2	SSS	0	none
vector-run-001456	five-chain-k2-scalar_three	colliding	replay	2	SSFSS	0	none
vector-run-001457	five-chain-k2-scalar_three	colliding	replay	2	SSFSFSS	0	none
vector-run-001458	five-chain-k2-scalar_three	colliding	replay	2	SSFFSSS	0	none
vector-run-001459	five-chain-k2-scalar_three	colliding	replay	2	SFSSS	0	none
vector-run-001460	five-chain-k2-scalar_three	colliding	replay	2	SFSSFSS	0	none
vector-run-001461	five-chain-k2-scalar_three	colliding	replay	2	SFSFSSS	0	none
vector-run-001462	five-chain-k2-scalar_three	colliding	replay	2	SFFSSSS	0	none
vector-run-001463	five-chain-k2-scalar_three	colliding	replay	2	FSSSS	0	none
vector-run-001464	five-chain-k2-scalar_three	colliding	replay	2	FSSSFSS	0	none
vector-run-001465	five-chain-k2-scalar_three	colliding	replay	2	FSSFSSS	0	none
vector-run-001466	five-chain-k2-scalar_three	colliding	replay	2	FSFSSSS	0	none
vector-run-001467	five-chain-k2-scalar_three	colliding	replay	2	FFSSSSS	0	none
vector-run-001468	five-chain-k2-scalar_three	distinct	concurrent	2	-	11	none
vector-run-001469	five-chain-k2-scalar_three	distinct	concurrent	2	-	23	none
vector-run-001470	five-chain-k2-scalar_three	colliding	concurrent	2	-	11	none
vector-run-001471	five-chain-k2-scalar_three	colliding	concurrent	2	-	23	none
vector-run-001472	five-chain-k2-scalar_two_protect	distinct	replay	0	SSSSS	0	none
vector-run-001473	five-chain-k2-scalar_two_protect	colliding	replay	0	SSSSS	0	none
vector-run-001474	five-chain-k2-scalar_two_protect	distinct	replay	1	SSSS	0	none
vector-run-001475	five-chain-k2-scalar_two_protect	distinct	replay	1	SSSFSS	0	none
vector-run-001476	five-chain-k2-scalar_two_protect	distinct	replay	1	SSFSSS	0	none
vector-run-001477	five-chain-k2-scalar_two_protect	distinct	replay	1	SFSSSS	0	none
vector-run-001478	five-chain-k2-scalar_two_protect	distinct	replay	1	FSSSSS	0	none
vector-run-001479	five-chain-k2-scalar_two_protect	colliding	replay	1	SSSS	0	none
vector-run-001480	five-chain-k2-scalar_two_protect	colliding	replay	1	SSSFSS	0	none
vector-run-001481	five-chain-k2-scalar_two_protect	colliding	replay	1	SSFSSS	0	none
vector-run-001482	five-chain-k2-scalar_two_protect	colliding	replay	1	SFSSSS	0	none
vector-run-001483	five-chain-k2-scalar_two_protect	colliding	replay	1	FSSSSS	0	none
vector-run-001484	five-chain-k2-scalar_two_protect	distinct	replay	2	SSS	0	none
vector-run-001485	five-chain-k2-scalar_two_protect	distinct	replay	2	SSFSS	0	none
vector-run-001486	five-chain-k2-scalar_two_protect	distinct	replay	2	SSFSFSS	0	none
vector-run-001487	five-chain-k2-scalar_two_protect	distinct	replay	2	SSFFSSS	0	none
vector-run-001488	five-chain-k2-scalar_two_protect	distinct	replay	2	SFSSS	0	none
vector-run-001489	five-chain-k2-scalar_two_protect	distinct	replay	2	SFSSFSS	0	none
vector-run-001490	five-chain-k2-scalar_two_protect	distinct	replay	2	SFSFSSS	0	none
vector-run-001491	five-chain-k2-scalar_two_protect	distinct	replay	2	SFFSSSS	0	none
vector-run-001492	five-chain-k2-scalar_two_protect	distinct	replay	2	FSSSS	0	none
vector-run-001493	five-chain-k2-scalar_two_protect	distinct	replay	2	FSSSFSS	0	none
vector-run-001494	five-chain-k2-scalar_two_protect	distinct	replay	2	FSSFSSS	0	none
vector-run-001495	five-chain-k2-scalar_two_protect	distinct	replay	2	FSFSSSS	0	none
vector-run-001496	five-chain-k2-scalar_two_protect	distinct	replay	2	FFSSSSS	0	none
vector-run-001497	five-chain-k2-scalar_two_protect	colliding	replay	2	SSS	0	none
vector-run-001498	five-chain-k2-scalar_two_protect	colliding	replay	2	SSFSS	0	none
vector-run-001499	five-chain-k2-scalar_two_protect	colliding	replay	2	SSFSFSS	0	none
vector-run-001500	five-chain-k2-scalar_two_protect	colliding	replay	2	SSFFSSS	0	none
vector-run-001501	five-chain-k2-scalar_two_protect	colliding	replay	2	SFSSS	0	none
vector-run-001502	five-chain-k2-scalar_two_protect	colliding	replay	2	SFSSFSS	0	none
vector-run-001503	five-chain-k2-scalar_two_protect	colliding	replay	2	SFSFSSS	0	none
vector-run-001504	five-chain-k2-scalar_two_protect	colliding	replay	2	SFFSSSS	0	none
vector-run-001505	five-chain-k2-scalar_two_protect	colliding	replay	2	FSSSS	0	none
vector-run-001506	five-chain-k2-scalar_two_protect	colliding	replay	2	FSSSFSS	0	none
vector-run-001507	five-chain-k2-scalar_two_protect	colliding	replay	2	FSSFSSS	0	none
vector-run-001508	five-chain-k2-scalar_two_protect	colliding	replay	2	FSFSSSS	0	none
vector-run-001509	five-chain-k2-scalar_two_protect	colliding	replay	2	FFSSSSS	0	none
vector-run-001510	five-chain-k2-scalar_two_protect	distinct	concurrent	2	-	11	none
vector-run-001511	five-chain-k2-scalar_two_protect	distinct	concurrent	2	-	23	none
vector-run-001512	five-chain-k2-scalar_two_protect	colliding	concurrent	2	-	11	none
vector-run-001513	five-chain-k2-scalar_two_protect	colliding	concurrent	2	-	23	none
vector-run-001514	five-chain-k2-scalar_two_fast	distinct	replay	0	SSSSS	0	none
vector-run-001515	five-chain-k2-scalar_two_fast	colliding	replay	0	SSSSS	0	none
vector-run-001516	five-chain-k2-scalar_two_fast	distinct	replay	1	SSSS	0	none
vector-run-001517	five-chain-k2-scalar_two_fast	distinct	replay	1	SSSFSS	0	none
vector-run-001518	five-chain-k2-scalar_two_fast	distinct	replay	1	SSFSSS	0	none
vector-run-001519	five-chain-k2-scalar_two_fast	distinct	replay	1	SFSSSS	0	none
vector-run-001520	five-chain-k2-scalar_two_fast	distinct	replay	1	FSSSSS	0	none
vector-run-001521	five-chain-k2-scalar_two_fast	colliding	replay	1	SSSS	0	none
vector-run-001522	five-chain-k2-scalar_two_fast	colliding	replay	1	SSSFSS	0	none
vector-run-001523	five-chain-k2-scalar_two_fast	colliding	replay	1	SSFSSS	0	none
vector-run-001524	five-chain-k2-scalar_two_fast	colliding	replay	1	SFSSSS	0	none
vector-run-001525	five-chain-k2-scalar_two_fast	colliding	replay	1	FSSSSS	0	none
vector-run-001526	five-chain-k2-scalar_two_fast	distinct	replay	2	SSS	0	none
vector-run-001527	five-chain-k2-scalar_two_fast	distinct	replay	2	SSFSS	0	none
vector-run-001528	five-chain-k2-scalar_two_fast	distinct	replay	2	SSFSFSS	0	none
vector-run-001529	five-chain-k2-scalar_two_fast	distinct	replay	2	SSFFSSS	0	none
vector-run-001530	five-chain-k2-scalar_two_fast	distinct	replay	2	SFSSS	0	none
vector-run-001531	five-chain-k2-scalar_two_fast	distinct	replay	2	SFSSFSS	0	none
vector-run-001532	five-chain-k2-scalar_two_fast	distinct	replay	2	SFSFSSS	0	none
vector-run-001533	five-chain-k2-scalar_two_fast	distinct	replay	2	SFFSSSS	0	none
vector-run-001534	five-chain-k2-scalar_two_fast	distinct	replay	2	FSSSS	0	none
vector-run-001535	five-chain-k2-scalar_two_fast	distinct	replay	2	FSSSFSS	0	none
vector-run-001536	five-chain-k2-scalar_two_fast	distinct	replay	2	FSSFSSS	0	none
vector-run-001537	five-chain-k2-scalar_two_fast	distinct	replay	2	FSFSSSS	0	none
vector-run-001538	five-chain-k2-scalar_two_fast	distinct	replay	2	FFSSSSS	0	none
vector-run-001539	five-chain-k2-scalar_two_fast	colliding	replay	2	SSS	0	none
vector-run-001540	five-chain-k2-scalar_two_fast	colliding	replay	2	SSFSS	0	none
vector-run-001541	five-chain-k2-scalar_two_fast	colliding	replay	2	SSFSFSS	0	none
vector-run-001542	five-chain-k2-scalar_two_fast	colliding	replay	2	SSFFSSS	0	none
vector-run-001543	five-chain-k2-scalar_two_fast	colliding	replay	2	SFSSS	0	none
vector-run-001544	five-chain-k2-scalar_two_fast	colliding	replay	2	SFSSFSS	0	none
vector-run-001545	five-chain-k2-scalar_two_fast	colliding	replay	2	SFSFSSS	0	none
vector-run-001546	five-chain-k2-scalar_two_fast	colliding	replay	2	SFFSSSS	0	none
vector-run-001547	five-chain-k2-scalar_two_fast	colliding	replay	2	FSSSS	0	none
vector-run-001548	five-chain-k2-scalar_two_fast	colliding	replay	2	FSSSFSS	0	none
vector-run-001549	five-chain-k2-scalar_two_fast	colliding	replay	2	FSSFSSS	0	none
vector-run-001550	five-chain-k2-scalar_two_fast	colliding	replay	2	FSFSSSS	0	none
vector-run-001551	five-chain-k2-scalar_two_fast	colliding	replay	2	FFSSSSS	0	none
vector-run-001552	five-chain-k2-scalar_two_fast	distinct	concurrent	2	-	11	none
vector-run-001553	five-chain-k2-scalar_two_fast	distinct	concurrent	2	-	23	none
vector-run-001554	five-chain-k2-scalar_two_fast	colliding	concurrent	2	-	11	none
vector-run-001555	five-chain-k2-scalar_two_fast	colliding	concurrent	2	-	23	none
vector-run-001556	five-chain-k2-qn_three	distinct	replay	0	SSSSS	0	none
vector-run-001557	five-chain-k2-qn_three	colliding	replay	0	SSSSS	0	none
vector-run-001558	five-chain-k2-qn_three	distinct	replay	1	SSSS	0	none
vector-run-001559	five-chain-k2-qn_three	distinct	replay	1	SSSFS	0	none
vector-run-001560	five-chain-k2-qn_three	distinct	replay	1	SSFSS	0	none
vector-run-001561	five-chain-k2-qn_three	distinct	replay	1	SFSSS	0	none
vector-run-001562	five-chain-k2-qn_three	distinct	replay	1	FSSSS	0	none
vector-run-001563	five-chain-k2-qn_three	colliding	replay	1	SSSS	0	none
vector-run-001564	five-chain-k2-qn_three	colliding	replay	1	SSSFS	0	none
vector-run-001565	five-chain-k2-qn_three	colliding	replay	1	SSFSS	0	none
vector-run-001566	five-chain-k2-qn_three	colliding	replay	1	SFSSS	0	none
vector-run-001567	five-chain-k2-qn_three	colliding	replay	1	FSSSS	0	none
vector-run-001568	five-chain-k2-qn_three	distinct	replay	2	SS	0	none
vector-run-001569	five-chain-k2-qn_three	distinct	replay	2	SFSS	0	none
vector-run-001570	five-chain-k2-qn_three	distinct	replay	2	SFSFS	0	none
vector-run-001571	five-chain-k2-qn_three	distinct	replay	2	SFFSS	0	none
vector-run-001572	five-chain-k2-qn_three	distinct	replay	2	FSSS	0	none
vector-run-001573	five-chain-k2-qn_three	distinct	replay	2	FSSFS	0	none
vector-run-001574	five-chain-k2-qn_three	distinct	replay	2	FSFSS	0	none
vector-run-001575	five-chain-k2-qn_three	distinct	replay	2	FFSSS	0	none
vector-run-001576	five-chain-k2-qn_three	colliding	replay	2	SS	0	none
vector-run-001577	five-chain-k2-qn_three	colliding	replay	2	SFSS	0	none
vector-run-001578	five-chain-k2-qn_three	colliding	replay	2	SFSFS	0	none
vector-run-001579	five-chain-k2-qn_three	colliding	replay	2	SFFSS	0	none
vector-run-001580	five-chain-k2-qn_three	colliding	replay	2	FSSS	0	none
vector-run-001581	five-chain-k2-qn_three	colliding	replay	2	FSSFS	0	none
vector-run-001582	five-chain-k2-qn_three	colliding	replay	2	FSFSS	0	none
vector-run-001583	five-chain-k2-qn_three	colliding	replay	2	FFSSS	0	none
vector-run-001584	five-chain-k2-qn_three	distinct	concurrent	2	-	11	none
vector-run-001585	five-chain-k2-qn_three	distinct	concurrent	2	-	23	none
vector-run-001586	five-chain-k2-qn_three	colliding	concurrent	2	-	11	none
vector-run-001587	five-chain-k2-qn_three	colliding	concurrent	2	-	23	none
vector-run-001588	five-chain-k2-cached_all	distinct	replay	0	SSSSS	0	none
vector-run-001589	five-chain-k2-cached_all	colliding	replay	0	SSSSS	0	none
vector-run-001590	five-chain-k2-cached_all	distinct	replay	1	SSSSS	0	none
vector-run-001591	five-chain-k2-cached_all	distinct	replay	1	SSSSF	0	none
vector-run-001592	five-chain-k2-cached_all	distinct	replay	1	SSSFS	0	none
vector-run-001593	five-chain-k2-cached_all	distinct	replay	1	SSFSS	0	none
vector-run-001594	five-chain-k2-cached_all	distinct	replay	1	SFSSS	0	none
vector-run-001595	five-chain-k2-cached_all	distinct	replay	1	FSSSS	0	none
vector-run-001596	five-chain-k2-cached_all	colliding	replay	1	SSSSS	0	none
vector-run-001597	five-chain-k2-cached_all	colliding	replay	1	SSSSF	0	none
vector-run-001598	five-chain-k2-cached_all	colliding	replay	1	SSSFS	0	none
vector-run-001599	five-chain-k2-cached_all	colliding	replay	1	SSFSS	0	none
vector-run-001600	five-chain-k2-cached_all	colliding	replay	1	SFSSS	0	none
vector-run-001601	five-chain-k2-cached_all	colliding	replay	1	FSSSS	0	none
vector-run-001602	five-chain-k2-cached_all	distinct	replay	2	SSSSS	0	none
vector-run-001603	five-chain-k2-cached_all	distinct	replay	2	SSSSF	0	none
vector-run-001604	five-chain-k2-cached_all	distinct	replay	2	SSSFS	0	none
vector-run-001605	five-chain-k2-cached_all	distinct	replay	2	SSSFF	0	none
vector-run-001606	five-chain-k2-cached_all	distinct	replay	2	SSFSS	0	none
vector-run-001607	five-chain-k2-cached_all	distinct	replay	2	SSFSF	0	none
vector-run-001608	five-chain-k2-cached_all	distinct	replay	2	SSFFS	0	none
vector-run-001609	five-chain-k2-cached_all	distinct	replay	2	SFSSS	0	none
vector-run-001610	five-chain-k2-cached_all	distinct	replay	2	SFSSF	0	none
vector-run-001611	five-chain-k2-cached_all	distinct	replay	2	SFSFS	0	none
vector-run-001612	five-chain-k2-cached_all	distinct	replay	2	SFFSS	0	none
vector-run-001613	five-chain-k2-cached_all	distinct	replay	2	FSSSS	0	none
vector-run-001614	five-chain-k2-cached_all	distinct	replay	2	FSSSF	0	none
vector-run-001615	five-chain-k2-cached_all	distinct	replay	2	FSSFS	0	none
vector-run-001616	five-chain-k2-cached_all	distinct	replay	2	FSFSS	0	none
vector-run-001617	five-chain-k2-cached_all	distinct	replay	2	FFSSS	0	none
vector-run-001618	five-chain-k2-cached_all	colliding	replay	2	SSSSS	0	none
vector-run-001619	five-chain-k2-cached_all	colliding	replay	2	SSSSF	0	none
vector-run-001620	five-chain-k2-cached_all	colliding	replay	2	SSSFS	0	none
vector-run-001621	five-chain-k2-cached_all	colliding	replay	2	SSSFF	0	none
vector-run-001622	five-chain-k2-cached_all	colliding	replay	2	SSFSS	0	none
vector-run-001623	five-chain-k2-cached_all	colliding	replay	2	SSFSF	0	none
vector-run-001624	five-chain-k2-cached_all	colliding	replay	2	SSFFS	0	none
vector-run-001625	five-chain-k2-cached_all	colliding	replay	2	SFSSS	0	none
vector-run-001626	five-chain-k2-cached_all	colliding	replay	2	SFSSF	0	none
vector-run-001627	five-chain-k2-cached_all	colliding	replay	2	SFSFS	0	none
vector-run-001628	five-chain-k2-cached_all	colliding	replay	2	SFFSS	0	none
vector-run-001629	five-chain-k2-cached_all	colliding	replay	2	FSSSS	0	none
vector-run-001630	five-chain-k2-cached_all	colliding	replay	2	FSSSF	0	none
vector-run-001631	five-chain-k2-cached_all	colliding	replay	2	FSSFS	0	none
vector-run-001632	five-chain-k2-cached_all	colliding	replay	2	FSFSS	0	none
vector-run-001633	five-chain-k2-cached_all	colliding	replay	2	FFSSS	0	none
vector-run-001634	five-chain-k2-cached_all	distinct	concurrent	2	-	11	none
vector-run-001635	five-chain-k2-cached_all	distinct	concurrent	2	-	23	none
vector-run-001636	five-chain-k2-cached_all	colliding	concurrent	2	-	11	none
vector-run-001637	five-chain-k2-cached_all	colliding	concurrent	2	-	23	none
vector-run-001638	five-chain-k2-protected_all	distinct	replay	0	-	0	none
vector-run-001639	five-chain-k2-protected_all	colliding	replay	0	-	0	none
vector-run-001640	five-chain-k2-protected_all	distinct	replay	1	-	0	none
vector-run-001641	five-chain-k2-protected_all	colliding	replay	1	-	0	none
vector-run-001642	five-chain-k2-protected_all	distinct	replay	2	-	0	none
vector-run-001643	five-chain-k2-protected_all	colliding	replay	2	-	0	none
vector-run-001644	five-chain-k2-protected_all	distinct	concurrent	2	-	11	none
vector-run-001645	five-chain-k2-protected_all	distinct	concurrent	2	-	23	none
vector-run-001646	five-chain-k2-protected_all	colliding	concurrent	2	-	11	none
vector-run-001647	five-chain-k2-protected_all	colliding	concurrent	2	-	23	none
vector-run-001648	five-branch-k0-scalar_three	distinct	replay	0	SSSSS	0	none
vector-run-001649	five-branch-k0-scalar_three	colliding	replay	0	SSSSS	0	none
vector-run-001650	five-branch-k0-scalar_three	distinct	replay	1	SSSS	0	none
vector-run-001651	five-branch-k0-scalar_three	distinct	replay	1	SSSFSS	0	none
vector-run-001652	five-branch-k0-scalar_three	distinct	replay	1	SSFSSS	0	none
vector-run-001653	five-branch-k0-scalar_three	distinct	replay	1	SFSSSS	0	none
vector-run-001654	five-branch-k0-scalar_three	distinct	replay	1	FSSSSS	0	none
vector-run-001655	five-branch-k0-scalar_three	colliding	replay	1	SSSS	0	none
vector-run-001656	five-branch-k0-scalar_three	colliding	replay	1	SSSFSS	0	none
vector-run-001657	five-branch-k0-scalar_three	colliding	replay	1	SSFSSS	0	none
vector-run-001658	five-branch-k0-scalar_three	colliding	replay	1	SFSSSS	0	none
vector-run-001659	five-branch-k0-scalar_three	colliding	replay	1	FSSSSS	0	none
vector-run-001660	five-branch-k0-scalar_three	distinct	replay	2	SSS	0	none
vector-run-001661	five-branch-k0-scalar_three	distinct	replay	2	SSFSS	0	none
vector-run-001662	five-branch-k0-scalar_three	distinct	replay	2	SSFSFSS	0	none
vector-run-001663	five-branch-k0-scalar_three	distinct	replay	2	SSFFSSS	0	none
vector-run-001664	five-branch-k0-scalar_three	distinct	replay	2	SFSSS	0	none
vector-run-001665	five-branch-k0-scalar_three	distinct	replay	2	SFSSFSS	0	none
vector-run-001666	five-branch-k0-scalar_three	distinct	replay	2	SFSFSSS	0	none
vector-run-001667	five-branch-k0-scalar_three	distinct	replay	2	SFFSSSS	0	none
vector-run-001668	five-branch-k0-scalar_three	distinct	replay	2	FSSSS	0	none
vector-run-001669	five-branch-k0-scalar_three	distinct	replay	2	FSSSFSS	0	none
vector-run-001670	five-branch-k0-scalar_three	distinct	replay	2	FSSFSSS	0	none
vector-run-001671	five-branch-k0-scalar_three	distinct	replay	2	FSFSSSS	0	none
vector-run-001672	five-branch-k0-scalar_three	distinct	replay	2	FFSSSSS	0	none
vector-run-001673	five-branch-k0-scalar_three	colliding	replay	2	SSS	0	none
vector-run-001674	five-branch-k0-scalar_three	colliding	replay	2	SSFSS	0	none
vector-run-001675	five-branch-k0-scalar_three	colliding	replay	2	SSFSFSS	0	none
vector-run-001676	five-branch-k0-scalar_three	colliding	replay	2	SSFFSSS	0	none
vector-run-001677	five-branch-k0-scalar_three	colliding	replay	2	SFSSS	0	none
vector-run-001678	five-branch-k0-scalar_three	colliding	replay	2	SFSSFSS	0	none
vector-run-001679	five-branch-k0-scalar_three	colliding	replay	2	SFSFSSS	0	none
vector-run-001680	five-branch-k0-scalar_three	colliding	replay	2	SFFSSSS	0	none
vector-run-001681	five-branch-k0-scalar_three	colliding	replay	2	FSSSS	0	none
vector-run-001682	five-branch-k0-scalar_three	colliding	replay	2	FSSSFSS	0	none
vector-run-001683	five-branch-k0-scalar_three	colliding	replay	2	FSSFSSS	0	none
vector-run-001684	five-branch-k0-scalar_three	colliding	replay	2	FSFSSSS	0	none
vector-run-001685	five-branch-k0-scalar_three	colliding	replay	2	FFSSSSS	0	none
vector-run-001686	five-branch-k0-scalar_three	distinct	concurrent	2	-	11	none
vector-run-001687	five-branch-k0-scalar_three	distinct	concurrent	2	-	23	none
vector-run-001688	five-branch-k0-scalar_three	colliding	concurrent	2	-	11	none
vector-run-001689	five-branch-k0-scalar_three	colliding	concurrent	2	-	23	none
vector-run-001690	five-branch-k0-scalar_two_protect	distinct	replay	0	SSSSS	0	none
vector-run-001691	five-branch-k0-scalar_two_protect	colliding	replay	0	SSSSS	0	none
vector-run-001692	five-branch-k0-scalar_two_protect	distinct	replay	1	SSSS	0	none
vector-run-001693	five-branch-k0-scalar_two_protect	distinct	replay	1	SSSFSS	0	none
vector-run-001694	five-branch-k0-scalar_two_protect	distinct	replay	1	SSFSSS	0	none
vector-run-001695	five-branch-k0-scalar_two_protect	distinct	replay	1	SFSSSS	0	none
vector-run-001696	five-branch-k0-scalar_two_protect	distinct	replay	1	FSSSSS	0	none
vector-run-001697	five-branch-k0-scalar_two_protect	colliding	replay	1	SSSS	0	none
vector-run-001698	five-branch-k0-scalar_two_protect	colliding	replay	1	SSSFSS	0	none
vector-run-001699	five-branch-k0-scalar_two_protect	colliding	replay	1	SSFSSS	0	none
vector-run-001700	five-branch-k0-scalar_two_protect	colliding	replay	1	SFSSSS	0	none
vector-run-001701	five-branch-k0-scalar_two_protect	colliding	replay	1	FSSSSS	0	none
vector-run-001702	five-branch-k0-scalar_two_protect	distinct	replay	2	SSS	0	none
vector-run-001703	five-branch-k0-scalar_two_protect	distinct	replay	2	SSFSS	0	none
vector-run-001704	five-branch-k0-scalar_two_protect	distinct	replay	2	SSFSFSS	0	none
vector-run-001705	five-branch-k0-scalar_two_protect	distinct	replay	2	SSFFSSS	0	none
vector-run-001706	five-branch-k0-scalar_two_protect	distinct	replay	2	SFSSS	0	none
vector-run-001707	five-branch-k0-scalar_two_protect	distinct	replay	2	SFSSFSS	0	none
vector-run-001708	five-branch-k0-scalar_two_protect	distinct	replay	2	SFSFSSS	0	none
vector-run-001709	five-branch-k0-scalar_two_protect	distinct	replay	2	SFFSSSS	0	none
vector-run-001710	five-branch-k0-scalar_two_protect	distinct	replay	2	FSSSS	0	none
vector-run-001711	five-branch-k0-scalar_two_protect	distinct	replay	2	FSSSFSS	0	none
vector-run-001712	five-branch-k0-scalar_two_protect	distinct	replay	2	FSSFSSS	0	none
vector-run-001713	five-branch-k0-scalar_two_protect	distinct	replay	2	FSFSSSS	0	none
vector-run-001714	five-branch-k0-scalar_two_protect	distinct	replay	2	FFSSSSS	0	none
vector-run-001715	five-branch-k0-scalar_two_protect	colliding	replay	2	SSS	0	none
vector-run-001716	five-branch-k0-scalar_two_protect	colliding	replay	2	SSFSS	0	none
vector-run-001717	five-branch-k0-scalar_two_protect	colliding	replay	2	SSFSFSS	0	none
vector-run-001718	five-branch-k0-scalar_two_protect	colliding	replay	2	SSFFSSS	0	none
vector-run-001719	five-branch-k0-scalar_two_protect	colliding	replay	2	SFSSS	0	none
vector-run-001720	five-branch-k0-scalar_two_protect	colliding	replay	2	SFSSFSS	0	none
vector-run-001721	five-branch-k0-scalar_two_protect	colliding	replay	2	SFSFSSS	0	none
vector-run-001722	five-branch-k0-scalar_two_protect	colliding	replay	2	SFFSSSS	0	none
vector-run-001723	five-branch-k0-scalar_two_protect	colliding	replay	2	FSSSS	0	none
vector-run-001724	five-branch-k0-scalar_two_protect	colliding	replay	2	FSSSFSS	0	none
vector-run-001725	five-branch-k0-scalar_two_protect	colliding	replay	2	FSSFSSS	0	none
vector-run-001726	five-branch-k0-scalar_two_protect	colliding	replay	2	FSFSSSS	0	none
vector-run-001727	five-branch-k0-scalar_two_protect	colliding	replay	2	FFSSSSS	0	none
vector-run-001728	five-branch-k0-scalar_two_protect	distinct	concurrent	2	-	11	none
vector-run-001729	five-branch-k0-scalar_two_protect	distinct	concurrent	2	-	23	none
vector-run-001730	five-branch-k0-scalar_two_protect	colliding	concurrent	2	-	11	none
vector-run-001731	five-branch-k0-scalar_two_protect	colliding	concurrent	2	-	23	none
vector-run-001732	five-branch-k0-scalar_two_fast	distinct	replay	0	SSSSS	0	none
vector-run-001733	five-branch-k0-scalar_two_fast	colliding	replay	0	SSSSS	0	none
vector-run-001734	five-branch-k0-scalar_two_fast	distinct	replay	1	SSSSS	0	none
vector-run-001735	five-branch-k0-scalar_two_fast	distinct	replay	1	SSSSFS	0	none
vector-run-001736	five-branch-k0-scalar_two_fast	distinct	replay	1	SSSFSS	0	none
vector-run-001737	five-branch-k0-scalar_two_fast	distinct	replay	1	SSFSSS	0	none
vector-run-001738	five-branch-k0-scalar_two_fast	distinct	replay	1	SFSSSS	0	none
vector-run-001739	five-branch-k0-scalar_two_fast	distinct	replay	1	FSSSSS	0	none
vector-run-001740	five-branch-k0-scalar_two_fast	colliding	replay	1	SSSSS	0	none
vector-run-001741	five-branch-k0-scalar_two_fast	colliding	replay	1	SSSSFS	0	none
vector-run-001742	five-branch-k0-scalar_two_fast	colliding	replay	1	SSSFSS	0	none
vector-run-001743	five-branch-k0-scalar_two_fast	colliding	replay	1	SSFSSS	0	none
vector-run-001744	five-branch-k0-scalar_two_fast	colliding	replay	1	SFSSSS	0	none
vector-run-001745	five-branch-k0-scalar_two_fast	colliding	replay	1	FSSSSS	0	none
vector-run-001746	five-branch-k0-scalar_two_fast	distinct	replay	2	SSSS	0	none
vector-run-001747	five-branch-k0-scalar_two_fast	distinct	replay	2	SSSFSS	0	none
vector-run-001748	five-branch-k0-scalar_two_fast	distinct	replay	2	SSSFSFS	0	none
vector-run-001749	five-branch-k0-scalar_two_fast	distinct	replay	2	SSSFFSS	0	none
vector-run-001750	five-branch-k0-scalar_two_fast	distinct	replay	2	SSFSSS	0	none
vector-run-001751	five-branch-k0-scalar_two_fast	distinct	replay	2	SSFSSFS	0	none
vector-run-001752	five-branch-k0-scalar_two_fast	distinct	replay	2	SSFSFSS	0	none
vector-run-001753	five-branch-k0-scalar_two_fast	distinct	replay	2	SSFFSSS	0	none
vector-run-001754	five-branch-k0-scalar_two_fast	distinct	replay	2	SFSSSS	0	none
vector-run-001755	five-branch-k0-scalar_two_fast	distinct	replay	2	SFSSSFS	0	none
vector-run-001756	five-branch-k0-scalar_two_fast	distinct	replay	2	SFSSFSS	0	none
vector-run-001757	five-branch-k0-scalar_two_fast	distinct	replay	2	SFSFSSS	0	none
vector-run-001758	five-branch-k0-scalar_two_fast	distinct	replay	2	SFFSSSS	0	none
vector-run-001759	five-branch-k0-scalar_two_fast	distinct	replay	2	FSSSSS	0	none
vector-run-001760	five-branch-k0-scalar_two_fast	distinct	replay	2	FSSSSFS	0	none
vector-run-001761	five-branch-k0-scalar_two_fast	distinct	replay	2	FSSSFSS	0	none
vector-run-001762	five-branch-k0-scalar_two_fast	distinct	replay	2	FSSFSSS	0	none
vector-run-001763	five-branch-k0-scalar_two_fast	distinct	replay	2	FSFSSSS	0	none
vector-run-001764	five-branch-k0-scalar_two_fast	distinct	replay	2	FFSSSSS	0	none
vector-run-001765	five-branch-k0-scalar_two_fast	colliding	replay	2	SSSS	0	none
vector-run-001766	five-branch-k0-scalar_two_fast	colliding	replay	2	SSSFSS	0	none
vector-run-001767	five-branch-k0-scalar_two_fast	colliding	replay	2	SSSFSFS	0	none
vector-run-001768	five-branch-k0-scalar_two_fast	colliding	replay	2	SSSFFSS	0	none
vector-run-001769	five-branch-k0-scalar_two_fast	colliding	replay	2	SSFSSS	0	none
vector-run-001770	five-branch-k0-scalar_two_fast	colliding	replay	2	SSFSSFS	0	none
vector-run-001771	five-branch-k0-scalar_two_fast	colliding	replay	2	SSFSFSS	0	none
vector-run-001772	five-branch-k0-scalar_two_fast	colliding	replay	2	SSFFSSS	0	none
vector-run-001773	five-branch-k0-scalar_two_fast	colliding	replay	2	SFSSSS	0	none
vector-run-001774	five-branch-k0-scalar_two_fast	colliding	replay	2	SFSSSFS	0	none
vector-run-001775	five-branch-k0-scalar_two_fast	colliding	replay	2	SFSSFSS	0	none
vector-run-001776	five-branch-k0-scalar_two_fast	colliding	replay	2	SFSFSSS	0	none
vector-run-001777	five-branch-k0-scalar_two_fast	colliding	replay	2	SFFSSSS	0	none
vector-run-001778	five-branch-k0-scalar_two_fast	colliding	replay	2	FSSSSS	0	none
vector-run-001779	five-branch-k0-scalar_two_fast	colliding	replay	2	FSSSSFS	0	none
vector-run-001780	five-branch-k0-scalar_two_fast	colliding	replay	2	FSSSFSS	0	none
vector-run-001781	five-branch-k0-scalar_two_fast	colliding	replay	2	FSSFSSS	0	none
vector-run-001782	five-branch-k0-scalar_two_fast	colliding	replay	2	FSFSSSS	0	none
vector-run-001783	five-branch-k0-scalar_two_fast	colliding	replay	2	FFSSSSS	0	none
vector-run-001784	five-branch-k0-scalar_two_fast	distinct	concurrent	2	-	11	none
vector-run-001785	five-branch-k0-scalar_two_fast	distinct	concurrent	2	-	23	none
vector-run-001786	five-branch-k0-scalar_two_fast	colliding	concurrent	2	-	11	none
vector-run-001787	five-branch-k0-scalar_two_fast	colliding	concurrent	2	-	23	none
vector-run-001788	five-branch-k0-qn_three	distinct	replay	0	SSSSS	0	none
vector-run-001789	five-branch-k0-qn_three	colliding	replay	0	SSSSS	0	none
vector-run-001790	five-branch-k0-qn_three	distinct	replay	1	SSSS	0	none
vector-run-001791	five-branch-k0-qn_three	distinct	replay	1	SSSFS	0	none
vector-run-001792	five-branch-k0-qn_three	distinct	replay	1	SSFSS	0	none
vector-run-001793	five-branch-k0-qn_three	distinct	replay	1	SFSSS	0	none
vector-run-001794	five-branch-k0-qn_three	distinct	replay	1	FSSSS	0	none
vector-run-001795	five-branch-k0-qn_three	colliding	replay	1	SSSS	0	none
vector-run-001796	five-branch-k0-qn_three	colliding	replay	1	SSSFS	0	none
vector-run-001797	five-branch-k0-qn_three	colliding	replay	1	SSFSS	0	none
vector-run-001798	five-branch-k0-qn_three	colliding	replay	1	SFSSS	0	none
vector-run-001799	five-branch-k0-qn_three	colliding	replay	1	FSSSS	0	none
vector-run-001800	five-branch-k0-qn_three	distinct	replay	2	SS	0	none
vector-run-001801	five-branch-k0-qn_three	distinct	replay	2	SFSS	0	none
vector-run-001802	five-branch-k0-qn_three	distinct	replay	2	SFSFS	0	none
vector-run-001803	five-branch-k0-qn_three	distinct	replay	2	SFFSS	0	none
vector-run-001804	five-branch-k0-qn_three	distinct	replay	2	FSSS	0	none
vector-run-001805	five-branch-k0-qn_three	distinct	replay	2	FSSFS	0	none
vector-run-001806	five-branch-k0-qn_three	distinct	replay	2	FSFSS	0	none
vector-run-001807	five-branch-k0-qn_three	distinct	replay	2	FFSSS	0	none
vector-run-001808	five-branch-k0-qn_three	colliding	replay	2	SS	0	none
vector-run-001809	five-branch-k0-qn_three	colliding	replay	2	SFSS	0	none
vector-run-001810	five-branch-k0-qn_three	colliding	replay	2	SFSFS	0	none
vector-run-001811	five-branch-k0-qn_three	colliding	replay	2	SFFSS	0	none
vector-run-001812	five-branch-k0-qn_three	colliding	replay	2	FSSS	0	none
vector-run-001813	five-branch-k0-qn_three	colliding	replay	2	FSSFS	0	none
vector-run-001814	five-branch-k0-qn_three	colliding	replay	2	FSFSS	0	none
vector-run-001815	five-branch-k0-qn_three	colliding	replay	2	FFSSS	0	none
vector-run-001816	five-branch-k0-qn_three	distinct	concurrent	2	-	11	none
vector-run-001817	five-branch-k0-qn_three	distinct	concurrent	2	-	23	none
vector-run-001818	five-branch-k0-qn_three	colliding	concurrent	2	-	11	none
vector-run-001819	five-branch-k0-qn_three	colliding	concurrent	2	-	23	none
vector-run-001820	five-branch-k0-cached_all	distinct	replay	0	SSSSS	0	none
vector-run-001821	five-branch-k0-cached_all	colliding	replay	0	SSSSS	0	none
vector-run-001822	five-branch-k0-cached_all	distinct	replay	1	SSSSS	0	none
vector-run-001823	five-branch-k0-cached_all	distinct	replay	1	SSSSF	0	none
vector-run-001824	five-branch-k0-cached_all	distinct	replay	1	SSSFS	0	none
vector-run-001825	five-branch-k0-cached_all	distinct	replay	1	SSFSS	0	none
vector-run-001826	five-branch-k0-cached_all	distinct	replay	1	SFSSS	0	none
vector-run-001827	five-branch-k0-cached_all	distinct	replay	1	FSSSS	0	none
vector-run-001828	five-branch-k0-cached_all	colliding	replay	1	SSSSS	0	none
vector-run-001829	five-branch-k0-cached_all	colliding	replay	1	SSSSF	0	none
vector-run-001830	five-branch-k0-cached_all	colliding	replay	1	SSSFS	0	none
vector-run-001831	five-branch-k0-cached_all	colliding	replay	1	SSFSS	0	none
vector-run-001832	five-branch-k0-cached_all	colliding	replay	1	SFSSS	0	none
vector-run-001833	five-branch-k0-cached_all	colliding	replay	1	FSSSS	0	none
vector-run-001834	five-branch-k0-cached_all	distinct	replay	2	SSSSS	0	none
vector-run-001835	five-branch-k0-cached_all	distinct	replay	2	SSSSF	0	none
vector-run-001836	five-branch-k0-cached_all	distinct	replay	2	SSSFS	0	none
vector-run-001837	five-branch-k0-cached_all	distinct	replay	2	SSSFF	0	none
vector-run-001838	five-branch-k0-cached_all	distinct	replay	2	SSFSS	0	none
vector-run-001839	five-branch-k0-cached_all	distinct	replay	2	SSFSF	0	none
vector-run-001840	five-branch-k0-cached_all	distinct	replay	2	SSFFS	0	none
vector-run-001841	five-branch-k0-cached_all	distinct	replay	2	SFSSS	0	none
vector-run-001842	five-branch-k0-cached_all	distinct	replay	2	SFSSF	0	none
vector-run-001843	five-branch-k0-cached_all	distinct	replay	2	SFSFS	0	none
vector-run-001844	five-branch-k0-cached_all	distinct	replay	2	SFFSS	0	none
vector-run-001845	five-branch-k0-cached_all	distinct	replay	2	FSSSS	0	none
vector-run-001846	five-branch-k0-cached_all	distinct	replay	2	FSSSF	0	none
vector-run-001847	five-branch-k0-cached_all	distinct	replay	2	FSSFS	0	none
vector-run-001848	five-branch-k0-cached_all	distinct	replay	2	FSFSS	0	none
vector-run-001849	five-branch-k0-cached_all	distinct	replay	2	FFSSS	0	none
vector-run-001850	five-branch-k0-cached_all	colliding	replay	2	SSSSS	0	none
vector-run-001851	five-branch-k0-cached_all	colliding	replay	2	SSSSF	0	none
vector-run-001852	five-branch-k0-cached_all	colliding	replay	2	SSSFS	0	none
vector-run-001853	five-branch-k0-cached_all	colliding	replay	2	SSSFF	0	none
vector-run-001854	five-branch-k0-cached_all	colliding	replay	2	SSFSS	0	none
vector-run-001855	five-branch-k0-cached_all	colliding	replay	2	SSFSF	0	none
vector-run-001856	five-branch-k0-cached_all	colliding	replay	2	SSFFS	0	none
vector-run-001857	five-branch-k0-cached_all	colliding	replay	2	SFSSS	0	none
vector-run-001858	five-branch-k0-cached_all	colliding	replay	2	SFSSF	0	none
vector-run-001859	five-branch-k0-cached_all	colliding	replay	2	SFSFS	0	none
vector-run-001860	five-branch-k0-cached_all	colliding	replay	2	SFFSS	0	none
vector-run-001861	five-branch-k0-cached_all	colliding	replay	2	FSSSS	0	none
vector-run-001862	five-branch-k0-cached_all	colliding	replay	2	FSSSF	0	none
vector-run-001863	five-branch-k0-cached_all	colliding	replay	2	FSSFS	0	none
vector-run-001864	five-branch-k0-cached_all	colliding	replay	2	FSFSS	0	none
vector-run-001865	five-branch-k0-cached_all	colliding	replay	2	FFSSS	0	none
vector-run-001866	five-branch-k0-cached_all	distinct	concurrent	2	-	11	none
vector-run-001867	five-branch-k0-cached_all	distinct	concurrent	2	-	23	none
vector-run-001868	five-branch-k0-cached_all	colliding	concurrent	2	-	11	none
vector-run-001869	five-branch-k0-cached_all	colliding	concurrent	2	-	23	none
vector-run-001870	five-branch-k0-protected_all	distinct	replay	0	-	0	none
vector-run-001871	five-branch-k0-protected_all	colliding	replay	0	-	0	none
vector-run-001872	five-branch-k0-protected_all	distinct	replay	1	-	0	none
vector-run-001873	five-branch-k0-protected_all	colliding	replay	1	-	0	none
vector-run-001874	five-branch-k0-protected_all	distinct	replay	2	-	0	none
vector-run-001875	five-branch-k0-protected_all	colliding	replay	2	-	0	none
vector-run-001876	five-branch-k0-protected_all	distinct	concurrent	2	-	11	none
vector-run-001877	five-branch-k0-protected_all	distinct	concurrent	2	-	23	none
vector-run-001878	five-branch-k0-protected_all	colliding	concurrent	2	-	11	none
vector-run-001879	five-branch-k0-protected_all	colliding	concurrent	2	-	23	none
vector-run-001880	five-branch-k2-scalar_three	distinct	replay	0	SSSSS	0	none
vector-run-001881	five-branch-k2-scalar_three	colliding	replay	0	SSSSS	0	none
vector-run-001882	five-branch-k2-scalar_three	distinct	replay	1	SSSS	0	none
vector-run-001883	five-branch-k2-scalar_three	distinct	replay	1	SSSFSS	0	none
vector-run-001884	five-branch-k2-scalar_three	distinct	replay	1	SSFSSS	0	none
vector-run-001885	five-branch-k2-scalar_three	distinct	replay	1	SFSSSS	0	none
vector-run-001886	five-branch-k2-scalar_three	distinct	replay	1	FSSSSS	0	none
vector-run-001887	five-branch-k2-scalar_three	colliding	replay	1	SSSS	0	none
vector-run-001888	five-branch-k2-scalar_three	colliding	replay	1	SSSFSS	0	none
vector-run-001889	five-branch-k2-scalar_three	colliding	replay	1	SSFSSS	0	none
vector-run-001890	five-branch-k2-scalar_three	colliding	replay	1	SFSSSS	0	none
vector-run-001891	five-branch-k2-scalar_three	colliding	replay	1	FSSSSS	0	none
vector-run-001892	five-branch-k2-scalar_three	distinct	replay	2	SSS	0	none
vector-run-001893	five-branch-k2-scalar_three	distinct	replay	2	SSFSS	0	none
vector-run-001894	five-branch-k2-scalar_three	distinct	replay	2	SSFSFSS	0	none
vector-run-001895	five-branch-k2-scalar_three	distinct	replay	2	SSFFSSS	0	none
vector-run-001896	five-branch-k2-scalar_three	distinct	replay	2	SFSSS	0	none
vector-run-001897	five-branch-k2-scalar_three	distinct	replay	2	SFSSFSS	0	none
vector-run-001898	five-branch-k2-scalar_three	distinct	replay	2	SFSFSSS	0	none
vector-run-001899	five-branch-k2-scalar_three	distinct	replay	2	SFFSSSS	0	none
vector-run-001900	five-branch-k2-scalar_three	distinct	replay	2	FSSSS	0	none
vector-run-001901	five-branch-k2-scalar_three	distinct	replay	2	FSSSFSS	0	none
vector-run-001902	five-branch-k2-scalar_three	distinct	replay	2	FSSFSSS	0	none
vector-run-001903	five-branch-k2-scalar_three	distinct	replay	2	FSFSSSS	0	none
vector-run-001904	five-branch-k2-scalar_three	distinct	replay	2	FFSSSSS	0	none
vector-run-001905	five-branch-k2-scalar_three	colliding	replay	2	SSS	0	none
vector-run-001906	five-branch-k2-scalar_three	colliding	replay	2	SSFSS	0	none
vector-run-001907	five-branch-k2-scalar_three	colliding	replay	2	SSFSFSS	0	none
vector-run-001908	five-branch-k2-scalar_three	colliding	replay	2	SSFFSSS	0	none
vector-run-001909	five-branch-k2-scalar_three	colliding	replay	2	SFSSS	0	none
vector-run-001910	five-branch-k2-scalar_three	colliding	replay	2	SFSSFSS	0	none
vector-run-001911	five-branch-k2-scalar_three	colliding	replay	2	SFSFSSS	0	none
vector-run-001912	five-branch-k2-scalar_three	colliding	replay	2	SFFSSSS	0	none
vector-run-001913	five-branch-k2-scalar_three	colliding	replay	2	FSSSS	0	none
vector-run-001914	five-branch-k2-scalar_three	colliding	replay	2	FSSSFSS	0	none
vector-run-001915	five-branch-k2-scalar_three	colliding	replay	2	FSSFSSS	0	none
vector-run-001916	five-branch-k2-scalar_three	colliding	replay	2	FSFSSSS	0	none
vector-run-001917	five-branch-k2-scalar_three	colliding	replay	2	FFSSSSS	0	none
vector-run-001918	five-branch-k2-scalar_three	distinct	concurrent	2	-	11	none
vector-run-001919	five-branch-k2-scalar_three	distinct	concurrent	2	-	23	none
vector-run-001920	five-branch-k2-scalar_three	colliding	concurrent	2	-	11	none
vector-run-001921	five-branch-k2-scalar_three	colliding	concurrent	2	-	23	none
vector-run-001922	five-branch-k2-scalar_two_protect	distinct	replay	0	SSSSS	0	none
vector-run-001923	five-branch-k2-scalar_two_protect	colliding	replay	0	SSSSS	0	none
vector-run-001924	five-branch-k2-scalar_two_protect	distinct	replay	1	SSSS	0	none
vector-run-001925	five-branch-k2-scalar_two_protect	distinct	replay	1	SSSFSS	0	none
vector-run-001926	five-branch-k2-scalar_two_protect	distinct	replay	1	SSFSSS	0	none
vector-run-001927	five-branch-k2-scalar_two_protect	distinct	replay	1	SFSSSS	0	none
vector-run-001928	five-branch-k2-scalar_two_protect	distinct	replay	1	FSSSSS	0	none
vector-run-001929	five-branch-k2-scalar_two_protect	colliding	replay	1	SSSS	0	none
vector-run-001930	five-branch-k2-scalar_two_protect	colliding	replay	1	SSSFSS	0	none
vector-run-001931	five-branch-k2-scalar_two_protect	colliding	replay	1	SSFSSS	0	none
vector-run-001932	five-branch-k2-scalar_two_protect	colliding	replay	1	SFSSSS	0	none
vector-run-001933	five-branch-k2-scalar_two_protect	colliding	replay	1	FSSSSS	0	none
vector-run-001934	five-branch-k2-scalar_two_protect	distinct	replay	2	SSS	0	none
vector-run-001935	five-branch-k2-scalar_two_protect	distinct	replay	2	SSFSS	0	none
vector-run-001936	five-branch-k2-scalar_two_protect	distinct	replay	2	SSFSFSS	0	none
vector-run-001937	five-branch-k2-scalar_two_protect	distinct	replay	2	SSFFSSS	0	none
vector-run-001938	five-branch-k2-scalar_two_protect	distinct	replay	2	SFSSS	0	none
vector-run-001939	five-branch-k2-scalar_two_protect	distinct	replay	2	SFSSFSS	0	none
vector-run-001940	five-branch-k2-scalar_two_protect	distinct	replay	2	SFSFSSS	0	none
vector-run-001941	five-branch-k2-scalar_two_protect	distinct	replay	2	SFFSSSS	0	none
vector-run-001942	five-branch-k2-scalar_two_protect	distinct	replay	2	FSSSS	0	none
vector-run-001943	five-branch-k2-scalar_two_protect	distinct	replay	2	FSSSFSS	0	none
vector-run-001944	five-branch-k2-scalar_two_protect	distinct	replay	2	FSSFSSS	0	none
vector-run-001945	five-branch-k2-scalar_two_protect	distinct	replay	2	FSFSSSS	0	none
vector-run-001946	five-branch-k2-scalar_two_protect	distinct	replay	2	FFSSSSS	0	none
vector-run-001947	five-branch-k2-scalar_two_protect	colliding	replay	2	SSS	0	none
vector-run-001948	five-branch-k2-scalar_two_protect	colliding	replay	2	SSFSS	0	none
vector-run-001949	five-branch-k2-scalar_two_protect	colliding	replay	2	SSFSFSS	0	none
vector-run-001950	five-branch-k2-scalar_two_protect	colliding	replay	2	SSFFSSS	0	none
vector-run-001951	five-branch-k2-scalar_two_protect	colliding	replay	2	SFSSS	0	none
vector-run-001952	five-branch-k2-scalar_two_protect	colliding	replay	2	SFSSFSS	0	none
vector-run-001953	five-branch-k2-scalar_two_protect	colliding	replay	2	SFSFSSS	0	none
vector-run-001954	five-branch-k2-scalar_two_protect	colliding	replay	2	SFFSSSS	0	none
vector-run-001955	five-branch-k2-scalar_two_protect	colliding	replay	2	FSSSS	0	none
vector-run-001956	five-branch-k2-scalar_two_protect	colliding	replay	2	FSSSFSS	0	none
vector-run-001957	five-branch-k2-scalar_two_protect	colliding	replay	2	FSSFSSS	0	none
vector-run-001958	five-branch-k2-scalar_two_protect	colliding	replay	2	FSFSSSS	0	none
vector-run-001959	five-branch-k2-scalar_two_protect	colliding	replay	2	FFSSSSS	0	none
vector-run-001960	five-branch-k2-scalar_two_protect	distinct	concurrent	2	-	11	none
vector-run-001961	five-branch-k2-scalar_two_protect	distinct	concurrent	2	-	23	none
vector-run-001962	five-branch-k2-scalar_two_protect	colliding	concurrent	2	-	11	none
vector-run-001963	five-branch-k2-scalar_two_protect	colliding	concurrent	2	-	23	none
vector-run-001964	five-branch-k2-scalar_two_fast	distinct	replay	0	SSSSS	0	none
vector-run-001965	five-branch-k2-scalar_two_fast	colliding	replay	0	SSSSS	0	none
vector-run-001966	five-branch-k2-scalar_two_fast	distinct	replay	1	SSSS	0	none
vector-run-001967	five-branch-k2-scalar_two_fast	distinct	replay	1	SSSFSS	0	none
vector-run-001968	five-branch-k2-scalar_two_fast	distinct	replay	1	SSFSSS	0	none
vector-run-001969	five-branch-k2-scalar_two_fast	distinct	replay	1	SFSSSS	0	none
vector-run-001970	five-branch-k2-scalar_two_fast	distinct	replay	1	FSSSSS	0	none
vector-run-001971	five-branch-k2-scalar_two_fast	colliding	replay	1	SSSS	0	none
vector-run-001972	five-branch-k2-scalar_two_fast	colliding	replay	1	SSSFSS	0	none
vector-run-001973	five-branch-k2-scalar_two_fast	colliding	replay	1	SSFSSS	0	none
vector-run-001974	five-branch-k2-scalar_two_fast	colliding	replay	1	SFSSSS	0	none
vector-run-001975	five-branch-k2-scalar_two_fast	colliding	replay	1	FSSSSS	0	none
vector-run-001976	five-branch-k2-scalar_two_fast	distinct	replay	2	SSS	0	none
vector-run-001977	five-branch-k2-scalar_two_fast	distinct	replay	2	SSFSS	0	none
vector-run-001978	five-branch-k2-scalar_two_fast	distinct	replay	2	SSFSFSS	0	none
vector-run-001979	five-branch-k2-scalar_two_fast	distinct	replay	2	SSFFSSS	0	none
vector-run-001980	five-branch-k2-scalar_two_fast	distinct	replay	2	SFSSS	0	none
vector-run-001981	five-branch-k2-scalar_two_fast	distinct	replay	2	SFSSFSS	0	none
vector-run-001982	five-branch-k2-scalar_two_fast	distinct	replay	2	SFSFSSS	0	none
vector-run-001983	five-branch-k2-scalar_two_fast	distinct	replay	2	SFFSSSS	0	none
vector-run-001984	five-branch-k2-scalar_two_fast	distinct	replay	2	FSSSS	0	none
vector-run-001985	five-branch-k2-scalar_two_fast	distinct	replay	2	FSSSFSS	0	none
vector-run-001986	five-branch-k2-scalar_two_fast	distinct	replay	2	FSSFSSS	0	none
vector-run-001987	five-branch-k2-scalar_two_fast	distinct	replay	2	FSFSSSS	0	none
vector-run-001988	five-branch-k2-scalar_two_fast	distinct	replay	2	FFSSSSS	0	none
vector-run-001989	five-branch-k2-scalar_two_fast	colliding	replay	2	SSS	0	none
vector-run-001990	five-branch-k2-scalar_two_fast	colliding	replay	2	SSFSS	0	none
vector-run-001991	five-branch-k2-scalar_two_fast	colliding	replay	2	SSFSFSS	0	none
vector-run-001992	five-branch-k2-scalar_two_fast	colliding	replay	2	SSFFSSS	0	none
vector-run-001993	five-branch-k2-scalar_two_fast	colliding	replay	2	SFSSS	0	none
vector-run-001994	five-branch-k2-scalar_two_fast	colliding	replay	2	SFSSFSS	0	none
vector-run-001995	five-branch-k2-scalar_two_fast	colliding	replay	2	SFSFSSS	0	none
vector-run-001996	five-branch-k2-scalar_two_fast	colliding	replay	2	SFFSSSS	0	none
vector-run-001997	five-branch-k2-scalar_two_fast	colliding	replay	2	FSSSS	0	none
vector-run-001998	five-branch-k2-scalar_two_fast	colliding	replay	2	FSSSFSS	0	none
vector-run-001999	five-branch-k2-scalar_two_fast	colliding	replay	2	FSSFSSS	0	none
vector-run-002000	five-branch-k2-scalar_two_fast	colliding	replay	2	FSFSSSS	0	none
vector-run-002001	five-branch-k2-scalar_two_fast	colliding	replay	2	FFSSSSS	0	none
vector-run-002002	five-branch-k2-scalar_two_fast	distinct	concurrent	2	-	11	none
vector-run-002003	five-branch-k2-scalar_two_fast	distinct	concurrent	2	-	23	none
vector-run-002004	five-branch-k2-scalar_two_fast	colliding	concurrent	2	-	11	none
vector-run-002005	five-branch-k2-scalar_two_fast	colliding	concurrent	2	-	23	none
vector-run-002006	five-branch-k2-qn_three	distinct	replay	0	SSSSS	0	none
vector-run-002007	five-branch-k2-qn_three	colliding	replay	0	SSSSS	0	none
vector-run-002008	five-branch-k2-qn_three	distinct	replay	1	SSSS	0	none
vector-run-002009	five-branch-k2-qn_three	distinct	replay	1	SSSFS	0	none
vector-run-002010	five-branch-k2-qn_three	distinct	replay	1	SSFSS	0	none
vector-run-002011	five-branch-k2-qn_three	distinct	replay	1	SFSSS	0	none
vector-run-002012	five-branch-k2-qn_three	distinct	replay	1	FSSSS	0	none
vector-run-002013	five-branch-k2-qn_three	colliding	replay	1	SSSS	0	none
vector-run-002014	five-branch-k2-qn_three	colliding	replay	1	SSSFS	0	none
vector-run-002015	five-branch-k2-qn_three	colliding	replay	1	SSFSS	0	none
vector-run-002016	five-branch-k2-qn_three	colliding	replay	1	SFSSS	0	none
vector-run-002017	five-branch-k2-qn_three	colliding	replay	1	FSSSS	0	none
vector-run-002018	five-branch-k2-qn_three	distinct	replay	2	SS	0	none
vector-run-002019	five-branch-k2-qn_three	distinct	replay	2	SFSS	0	none
vector-run-002020	five-branch-k2-qn_three	distinct	replay	2	SFSFS	0	none
vector-run-002021	five-branch-k2-qn_three	distinct	replay	2	SFFSS	0	none
vector-run-002022	five-branch-k2-qn_three	distinct	replay	2	FSSS	0	none
vector-run-002023	five-branch-k2-qn_three	distinct	replay	2	FSSFS	0	none
vector-run-002024	five-branch-k2-qn_three	distinct	replay	2	FSFSS	0	none
vector-run-002025	five-branch-k2-qn_three	distinct	replay	2	FFSSS	0	none
vector-run-002026	five-branch-k2-qn_three	colliding	replay	2	SS	0	none
vector-run-002027	five-branch-k2-qn_three	colliding	replay	2	SFSS	0	none
vector-run-002028	five-branch-k2-qn_three	colliding	replay	2	SFSFS	0	none
vector-run-002029	five-branch-k2-qn_three	colliding	replay	2	SFFSS	0	none
vector-run-002030	five-branch-k2-qn_three	colliding	replay	2	FSSS	0	none
vector-run-002031	five-branch-k2-qn_three	colliding	replay	2	FSSFS	0	none
vector-run-002032	five-branch-k2-qn_three	colliding	replay	2	FSFSS	0	none
vector-run-002033	five-branch-k2-qn_three	colliding	replay	2	FFSSS	0	none
vector-run-002034	five-branch-k2-qn_three	distinct	concurrent	2	-	11	none
vector-run-002035	five-branch-k2-qn_three	distinct	concurrent	2	-	23	none
vector-run-002036	five-branch-k2-qn_three	colliding	concurrent	2	-	11	none
vector-run-002037	five-branch-k2-qn_three	colliding	concurrent	2	-	23	none
vector-run-002038	five-branch-k2-cached_all	distinct	replay	0	SSSSS	0	none
vector-run-002039	five-branch-k2-cached_all	colliding	replay	0	SSSSS	0	none
vector-run-002040	five-branch-k2-cached_all	distinct	replay	1	SSSSS	0	none
vector-run-002041	five-branch-k2-cached_all	distinct	replay	1	SSSSF	0	none
vector-run-002042	five-branch-k2-cached_all	distinct	replay	1	SSSFS	0	none
vector-run-002043	five-branch-k2-cached_all	distinct	replay	1	SSFSS	0	none
vector-run-002044	five-branch-k2-cached_all	distinct	replay	1	SFSSS	0	none
vector-run-002045	five-branch-k2-cached_all	distinct	replay	1	FSSSS	0	none
vector-run-002046	five-branch-k2-cached_all	colliding	replay	1	SSSSS	0	none
vector-run-002047	five-branch-k2-cached_all	colliding	replay	1	SSSSF	0	none
vector-run-002048	five-branch-k2-cached_all	colliding	replay	1	SSSFS	0	none
vector-run-002049	five-branch-k2-cached_all	colliding	replay	1	SSFSS	0	none
vector-run-002050	five-branch-k2-cached_all	colliding	replay	1	SFSSS	0	none
vector-run-002051	five-branch-k2-cached_all	colliding	replay	1	FSSSS	0	none
vector-run-002052	five-branch-k2-cached_all	distinct	replay	2	SSSSS	0	none
vector-run-002053	five-branch-k2-cached_all	distinct	replay	2	SSSSF	0	none
vector-run-002054	five-branch-k2-cached_all	distinct	replay	2	SSSFS	0	none
vector-run-002055	five-branch-k2-cached_all	distinct	replay	2	SSSFF	0	none
vector-run-002056	five-branch-k2-cached_all	distinct	replay	2	SSFSS	0	none
vector-run-002057	five-branch-k2-cached_all	distinct	replay	2	SSFSF	0	none
vector-run-002058	five-branch-k2-cached_all	distinct	replay	2	SSFFS	0	none
vector-run-002059	five-branch-k2-cached_all	distinct	replay	2	SFSSS	0	none
vector-run-002060	five-branch-k2-cached_all	distinct	replay	2	SFSSF	0	none
vector-run-002061	five-branch-k2-cached_all	distinct	replay	2	SFSFS	0	none
vector-run-002062	five-branch-k2-cached_all	distinct	replay	2	SFFSS	0	none
vector-run-002063	five-branch-k2-cached_all	distinct	replay	2	FSSSS	0	none
vector-run-002064	five-branch-k2-cached_all	distinct	replay	2	FSSSF	0	none
vector-run-002065	five-branch-k2-cached_all	distinct	replay	2	FSSFS	0	none
vector-run-002066	five-branch-k2-cached_all	distinct	replay	2	FSFSS	0	none
vector-run-002067	five-branch-k2-cached_all	distinct	replay	2	FFSSS	0	none
vector-run-002068	five-branch-k2-cached_all	colliding	replay	2	SSSSS	0	none
vector-run-002069	five-branch-k2-cached_all	colliding	replay	2	SSSSF	0	none
vector-run-002070	five-branch-k2-cached_all	colliding	replay	2	SSSFS	0	none
vector-run-002071	five-branch-k2-cached_all	colliding	replay	2	SSSFF	0	none
vector-run-002072	five-branch-k2-cached_all	colliding	replay	2	SSFSS	0	none
vector-run-002073	five-branch-k2-cached_all	colliding	replay	2	SSFSF	0	none
vector-run-002074	five-branch-k2-cached_all	colliding	replay	2	SSFFS	0	none
vector-run-002075	five-branch-k2-cached_all	colliding	replay	2	SFSSS	0	none
vector-run-002076	five-branch-k2-cached_all	colliding	replay	2	SFSSF	0	none
vector-run-002077	five-branch-k2-cached_all	colliding	replay	2	SFSFS	0	none
vector-run-002078	five-branch-k2-cached_all	colliding	replay	2	SFFSS	0	none
vector-run-002079	five-branch-k2-cached_all	colliding	replay	2	FSSSS	0	none
vector-run-002080	five-branch-k2-cached_all	colliding	replay	2	FSSSF	0	none
vector-run-002081	five-branch-k2-cached_all	colliding	replay	2	FSSFS	0	none
vector-run-002082	five-branch-k2-cached_all	colliding	replay	2	FSFSS	0	none
vector-run-002083	five-branch-k2-cached_all	colliding	replay	2	FFSSS	0	none
vector-run-002084	five-branch-k2-cached_all	distinct	concurrent	2	-	11	none
vector-run-002085	five-branch-k2-cached_all	distinct	concurrent	2	-	23	none
vector-run-002086	five-branch-k2-cached_all	colliding	concurrent	2	-	11	none
vector-run-002087	five-branch-k2-cached_all	colliding	concurrent	2	-	23	none
vector-run-002088	five-branch-k2-protected_all	distinct	replay	0	-	0	none
vector-run-002089	five-branch-k2-protected_all	colliding	replay	0	-	0	none
vector-run-002090	five-branch-k2-protected_all	distinct	replay	1	-	0	none
vector-run-002091	five-branch-k2-protected_all	colliding	replay	1	-	0	none
vector-run-002092	five-branch-k2-protected_all	distinct	replay	2	-	0	none
vector-run-002093	five-branch-k2-protected_all	colliding	replay	2	-	0	none
vector-run-002094	five-branch-k2-protected_all	distinct	concurrent	2	-	11	none
vector-run-002095	five-branch-k2-protected_all	distinct	concurrent	2	-	23	none
vector-run-002096	five-branch-k2-protected_all	colliding	concurrent	2	-	11	none
vector-run-002097	five-branch-k2-protected_all	colliding	concurrent	2	-	23	none
vector-run-002098	five-decreasing-chain-k0-scalar_three	distinct	replay	0	SSSSS	0	none
vector-run-002099	five-decreasing-chain-k0-scalar_three	colliding	replay	0	SSSSS	0	none
vector-run-002100	five-decreasing-chain-k0-scalar_three	distinct	replay	1	SSSS	0	none
vector-run-002101	five-decreasing-chain-k0-scalar_three	distinct	replay	1	SSSFSS	0	none
vector-run-002102	five-decreasing-chain-k0-scalar_three	distinct	replay	1	SSFSSS	0	none
vector-run-002103	five-decreasing-chain-k0-scalar_three	distinct	replay	1	SFSSSS	0	none
vector-run-002104	five-decreasing-chain-k0-scalar_three	distinct	replay	1	FSSSSS	0	none
vector-run-002105	five-decreasing-chain-k0-scalar_three	colliding	replay	1	SSSS	0	none
vector-run-002106	five-decreasing-chain-k0-scalar_three	colliding	replay	1	SSSFSS	0	none
vector-run-002107	five-decreasing-chain-k0-scalar_three	colliding	replay	1	SSFSSS	0	none
vector-run-002108	five-decreasing-chain-k0-scalar_three	colliding	replay	1	SFSSSS	0	none
vector-run-002109	five-decreasing-chain-k0-scalar_three	colliding	replay	1	FSSSSS	0	none
vector-run-002110	five-decreasing-chain-k0-scalar_three	distinct	replay	2	SS	0	none
vector-run-002111	five-decreasing-chain-k0-scalar_three	distinct	replay	2	SFSSS	0	none
vector-run-002112	five-decreasing-chain-k0-scalar_three	distinct	replay	2	SFSSFSS	0	none
vector-run-002113	five-decreasing-chain-k0-scalar_three	distinct	replay	2	SFSFSSS	0	none
vector-run-002114	five-decreasing-chain-k0-scalar_three	distinct	replay	2	SFFSSSS	0	none
vector-run-002115	five-decreasing-chain-k0-scalar_three	distinct	replay	2	FSSSS	0	none
vector-run-002116	five-decreasing-chain-k0-scalar_three	distinct	replay	2	FSSSFSS	0	none
vector-run-002117	five-decreasing-chain-k0-scalar_three	distinct	replay	2	FSSFSSS	0	none
vector-run-002118	five-decreasing-chain-k0-scalar_three	distinct	replay	2	FSFSSSS	0	none
vector-run-002119	five-decreasing-chain-k0-scalar_three	distinct	replay	2	FFSSSSS	0	none
vector-run-002120	five-decreasing-chain-k0-scalar_three	colliding	replay	2	SS	0	none
vector-run-002121	five-decreasing-chain-k0-scalar_three	colliding	replay	2	SFSSS	0	none
vector-run-002122	five-decreasing-chain-k0-scalar_three	colliding	replay	2	SFSSFSS	0	none
vector-run-002123	five-decreasing-chain-k0-scalar_three	colliding	replay	2	SFSFSSS	0	none
vector-run-002124	five-decreasing-chain-k0-scalar_three	colliding	replay	2	SFFSSSS	0	none
vector-run-002125	five-decreasing-chain-k0-scalar_three	colliding	replay	2	FSSSS	0	none
vector-run-002126	five-decreasing-chain-k0-scalar_three	colliding	replay	2	FSSSFSS	0	none
vector-run-002127	five-decreasing-chain-k0-scalar_three	colliding	replay	2	FSSFSSS	0	none
vector-run-002128	five-decreasing-chain-k0-scalar_three	colliding	replay	2	FSFSSSS	0	none
vector-run-002129	five-decreasing-chain-k0-scalar_three	colliding	replay	2	FFSSSSS	0	none
vector-run-002130	five-decreasing-chain-k0-scalar_three	distinct	concurrent	2	-	11	none
vector-run-002131	five-decreasing-chain-k0-scalar_three	distinct	concurrent	2	-	23	none
vector-run-002132	five-decreasing-chain-k0-scalar_three	colliding	concurrent	2	-	11	none
vector-run-002133	five-decreasing-chain-k0-scalar_three	colliding	concurrent	2	-	23	none
vector-run-002134	five-decreasing-chain-k0-scalar_two_protect	distinct	replay	0	SSSSS	0	none
vector-run-002135	five-decreasing-chain-k0-scalar_two_protect	colliding	replay	0	SSSSS	0	none
vector-run-002136	five-decreasing-chain-k0-scalar_two_protect	distinct	replay	1	SSSS	0	none
vector-run-002137	five-decreasing-chain-k0-scalar_two_protect	distinct	replay	1	SSSFSS	0	none
vector-run-002138	five-decreasing-chain-k0-scalar_two_protect	distinct	replay	1	SSFSSS	0	none
vector-run-002139	five-decreasing-chain-k0-scalar_two_protect	distinct	replay	1	SFSSSS	0	none
vector-run-002140	five-decreasing-chain-k0-scalar_two_protect	distinct	replay	1	FSSSSS	0	none
vector-run-002141	five-decreasing-chain-k0-scalar_two_protect	colliding	replay	1	SSSS	0	none
vector-run-002142	five-decreasing-chain-k0-scalar_two_protect	colliding	replay	1	SSSFSS	0	none
vector-run-002143	five-decreasing-chain-k0-scalar_two_protect	colliding	replay	1	SSFSSS	0	none
vector-run-002144	five-decreasing-chain-k0-scalar_two_protect	colliding	replay	1	SFSSSS	0	none
vector-run-002145	five-decreasing-chain-k0-scalar_two_protect	colliding	replay	1	FSSSSS	0	none
vector-run-002146	five-decreasing-chain-k0-scalar_two_protect	distinct	replay	2	SS	0	none
vector-run-002147	five-decreasing-chain-k0-scalar_two_protect	distinct	replay	2	SFSSS	0	none
vector-run-002148	five-decreasing-chain-k0-scalar_two_protect	distinct	replay	2	SFSSFSS	0	none
vector-run-002149	five-decreasing-chain-k0-scalar_two_protect	distinct	replay	2	SFSFSSS	0	none
vector-run-002150	five-decreasing-chain-k0-scalar_two_protect	distinct	replay	2	SFFSSSS	0	none
vector-run-002151	five-decreasing-chain-k0-scalar_two_protect	distinct	replay	2	FSSSS	0	none
vector-run-002152	five-decreasing-chain-k0-scalar_two_protect	distinct	replay	2	FSSSFSS	0	none
vector-run-002153	five-decreasing-chain-k0-scalar_two_protect	distinct	replay	2	FSSFSSS	0	none
vector-run-002154	five-decreasing-chain-k0-scalar_two_protect	distinct	replay	2	FSFSSSS	0	none
vector-run-002155	five-decreasing-chain-k0-scalar_two_protect	distinct	replay	2	FFSSSSS	0	none
vector-run-002156	five-decreasing-chain-k0-scalar_two_protect	colliding	replay	2	SS	0	none
vector-run-002157	five-decreasing-chain-k0-scalar_two_protect	colliding	replay	2	SFSSS	0	none
vector-run-002158	five-decreasing-chain-k0-scalar_two_protect	colliding	replay	2	SFSSFSS	0	none
vector-run-002159	five-decreasing-chain-k0-scalar_two_protect	colliding	replay	2	SFSFSSS	0	none
vector-run-002160	five-decreasing-chain-k0-scalar_two_protect	colliding	replay	2	SFFSSSS	0	none
vector-run-002161	five-decreasing-chain-k0-scalar_two_protect	colliding	replay	2	FSSSS	0	none
vector-run-002162	five-decreasing-chain-k0-scalar_two_protect	colliding	replay	2	FSSSFSS	0	none
vector-run-002163	five-decreasing-chain-k0-scalar_two_protect	colliding	replay	2	FSSFSSS	0	none
vector-run-002164	five-decreasing-chain-k0-scalar_two_protect	colliding	replay	2	FSFSSSS	0	none
vector-run-002165	five-decreasing-chain-k0-scalar_two_protect	colliding	replay	2	FFSSSSS	0	none
vector-run-002166	five-decreasing-chain-k0-scalar_two_protect	distinct	concurrent	2	-	11	none
vector-run-002167	five-decreasing-chain-k0-scalar_two_protect	distinct	concurrent	2	-	23	none
vector-run-002168	five-decreasing-chain-k0-scalar_two_protect	colliding	concurrent	2	-	11	none
vector-run-002169	five-decreasing-chain-k0-scalar_two_protect	colliding	concurrent	2	-	23	none
vector-run-002170	five-decreasing-chain-k0-scalar_two_fast	distinct	replay	0	SSSSS	0	none
vector-run-002171	five-decreasing-chain-k0-scalar_two_fast	colliding	replay	0	SSSSS	0	none
vector-run-002172	five-decreasing-chain-k0-scalar_two_fast	distinct	replay	1	SSSSS	0	none
vector-run-002173	five-decreasing-chain-k0-scalar_two_fast	distinct	replay	1	SSSSFS	0	none
vector-run-002174	five-decreasing-chain-k0-scalar_two_fast	distinct	replay	1	SSSFSS	0	none
vector-run-002175	five-decreasing-chain-k0-scalar_two_fast	distinct	replay	1	SSFSSS	0	none
vector-run-002176	five-decreasing-chain-k0-scalar_two_fast	distinct	replay	1	SFSSSS	0	none
vector-run-002177	five-decreasing-chain-k0-scalar_two_fast	distinct	replay	1	FSSSSS	0	none
vector-run-002178	five-decreasing-chain-k0-scalar_two_fast	colliding	replay	1	SSSSS	0	none
vector-run-002179	five-decreasing-chain-k0-scalar_two_fast	colliding	replay	1	SSSSFS	0	none
vector-run-002180	five-decreasing-chain-k0-scalar_two_fast	colliding	replay	1	SSSFSS	0	none
vector-run-002181	five-decreasing-chain-k0-scalar_two_fast	colliding	replay	1	SSFSSS	0	none
vector-run-002182	five-decreasing-chain-k0-scalar_two_fast	colliding	replay	1	SFSSSS	0	none
vector-run-002183	five-decreasing-chain-k0-scalar_two_fast	colliding	replay	1	FSSSSS	0	none
vector-run-002184	five-decreasing-chain-k0-scalar_two_fast	distinct	replay	2	SSS	0	none
vector-run-002185	five-decreasing-chain-k0-scalar_two_fast	distinct	replay	2	SSFSSS	0	none
vector-run-002186	five-decreasing-chain-k0-scalar_two_fast	distinct	replay	2	SSFSSFS	0	none
vector-run-002187	five-decreasing-chain-k0-scalar_two_fast	distinct	replay	2	SSFSFSS	0	none
vector-run-002188	five-decreasing-chain-k0-scalar_two_fast	distinct	replay	2	SSFFSSS	0	none
vector-run-002189	five-decreasing-chain-k0-scalar_two_fast	distinct	replay	2	SFSSSS	0	none
vector-run-002190	five-decreasing-chain-k0-scalar_two_fast	distinct	replay	2	SFSSSFS	0	none
vector-run-002191	five-decreasing-chain-k0-scalar_two_fast	distinct	replay	2	SFSSFSS	0	none
vector-run-002192	five-decreasing-chain-k0-scalar_two_fast	distinct	replay	2	SFSFSSS	0	none
vector-run-002193	five-decreasing-chain-k0-scalar_two_fast	distinct	replay	2	SFFSSSS	0	none
vector-run-002194	five-decreasing-chain-k0-scalar_two_fast	distinct	replay	2	FSSSSS	0	none
vector-run-002195	five-decreasing-chain-k0-scalar_two_fast	distinct	replay	2	FSSSSFS	0	none
vector-run-002196	five-decreasing-chain-k0-scalar_two_fast	distinct	replay	2	FSSSFSS	0	none
vector-run-002197	five-decreasing-chain-k0-scalar_two_fast	distinct	replay	2	FSSFSSS	0	none
vector-run-002198	five-decreasing-chain-k0-scalar_two_fast	distinct	replay	2	FSFSSSS	0	none
vector-run-002199	five-decreasing-chain-k0-scalar_two_fast	distinct	replay	2	FFSSSSS	0	none
vector-run-002200	five-decreasing-chain-k0-scalar_two_fast	colliding	replay	2	SSS	0	none
vector-run-002201	five-decreasing-chain-k0-scalar_two_fast	colliding	replay	2	SSFSSS	0	none
vector-run-002202	five-decreasing-chain-k0-scalar_two_fast	colliding	replay	2	SSFSSFS	0	none
vector-run-002203	five-decreasing-chain-k0-scalar_two_fast	colliding	replay	2	SSFSFSS	0	none
vector-run-002204	five-decreasing-chain-k0-scalar_two_fast	colliding	replay	2	SSFFSSS	0	none
vector-run-002205	five-decreasing-chain-k0-scalar_two_fast	colliding	replay	2	SFSSSS	0	none
vector-run-002206	five-decreasing-chain-k0-scalar_two_fast	colliding	replay	2	SFSSSFS	0	none
vector-run-002207	five-decreasing-chain-k0-scalar_two_fast	colliding	replay	2	SFSSFSS	0	none
vector-run-002208	five-decreasing-chain-k0-scalar_two_fast	colliding	replay	2	SFSFSSS	0	none
vector-run-002209	five-decreasing-chain-k0-scalar_two_fast	colliding	replay	2	SFFSSSS	0	none
vector-run-002210	five-decreasing-chain-k0-scalar_two_fast	colliding	replay	2	FSSSSS	0	none
vector-run-002211	five-decreasing-chain-k0-scalar_two_fast	colliding	replay	2	FSSSSFS	0	none
vector-run-002212	five-decreasing-chain-k0-scalar_two_fast	colliding	replay	2	FSSSFSS	0	none
vector-run-002213	five-decreasing-chain-k0-scalar_two_fast	colliding	replay	2	FSSFSSS	0	none
vector-run-002214	five-decreasing-chain-k0-scalar_two_fast	colliding	replay	2	FSFSSSS	0	none
vector-run-002215	five-decreasing-chain-k0-scalar_two_fast	colliding	replay	2	FFSSSSS	0	none
vector-run-002216	five-decreasing-chain-k0-scalar_two_fast	distinct	concurrent	2	-	11	none
vector-run-002217	five-decreasing-chain-k0-scalar_two_fast	distinct	concurrent	2	-	23	none
vector-run-002218	five-decreasing-chain-k0-scalar_two_fast	colliding	concurrent	2	-	11	none
vector-run-002219	five-decreasing-chain-k0-scalar_two_fast	colliding	concurrent	2	-	23	none
vector-run-002220	five-decreasing-chain-k0-qn_three	distinct	replay	0	SSSSS	0	none
vector-run-002221	five-decreasing-chain-k0-qn_three	colliding	replay	0	SSSSS	0	none
vector-run-002222	five-decreasing-chain-k0-qn_three	distinct	replay	1	SS	0	none
vector-run-002223	five-decreasing-chain-k0-qn_three	distinct	replay	1	SFSSS	0	none
vector-run-002224	five-decreasing-chain-k0-qn_three	distinct	replay	1	FSSSS	0	none
vector-run-002225	five-decreasing-chain-k0-qn_three	colliding	replay	1	SS	0	none
vector-run-002226	five-decreasing-chain-k0-qn_three	colliding	replay	1	SFSSS	0	none
vector-run-002227	five-decreasing-chain-k0-qn_three	colliding	replay	1	FSSSS	0	none
vector-run-002228	five-decreasing-chain-k0-qn_three	distinct	replay	2	-	0	none
vector-run-002229	five-decreasing-chain-k0-qn_three	colliding	replay	2	-	0	none
vector-run-002230	five-decreasing-chain-k0-qn_three	distinct	concurrent	2	-	11	none
vector-run-002231	five-decreasing-chain-k0-qn_three	distinct	concurrent	2	-	23	none
vector-run-002232	five-decreasing-chain-k0-qn_three	colliding	concurrent	2	-	11	none
vector-run-002233	five-decreasing-chain-k0-qn_three	colliding	concurrent	2	-	23	none
vector-run-002234	five-decreasing-chain-k0-cached_all	distinct	replay	0	SSSSS	0	none
vector-run-002235	five-decreasing-chain-k0-cached_all	colliding	replay	0	SSSSS	0	none
vector-run-002236	five-decreasing-chain-k0-cached_all	distinct	replay	1	SSSSS	0	none
vector-run-002237	five-decreasing-chain-k0-cached_all	distinct	replay	1	SSSSF	0	none
vector-run-002238	five-decreasing-chain-k0-cached_all	distinct	replay	1	SSSFS	0	none
vector-run-002239	five-decreasing-chain-k0-cached_all	distinct	replay	1	SSFSS	0	none
vector-run-002240	five-decreasing-chain-k0-cached_all	distinct	replay	1	SFSSS	0	none
vector-run-002241	five-decreasing-chain-k0-cached_all	distinct	replay	1	FSSSS	0	none
vector-run-002242	five-decreasing-chain-k0-cached_all	colliding	replay	1	SSSSS	0	none
vector-run-002243	five-decreasing-chain-k0-cached_all	colliding	replay	1	SSSSF	0	none
vector-run-002244	five-decreasing-chain-k0-cached_all	colliding	replay	1	SSSFS	0	none
vector-run-002245	five-decreasing-chain-k0-cached_all	colliding	replay	1	SSFSS	0	none
vector-run-002246	five-decreasing-chain-k0-cached_all	colliding	replay	1	SFSSS	0	none
vector-run-002247	five-decreasing-chain-k0-cached_all	colliding	replay	1	FSSSS	0	none
vector-run-002248	five-decreasing-chain-k0-cached_all	distinct	replay	2	SSSSS	0	none
vector-run-002249	five-decreasing-chain-k0-cached_all	distinct	replay	2	SSSSF	0	none
vector-run-002250	five-decreasing-chain-k0-cached_all	distinct	replay	2	SSSFS	0	none
vector-run-002251	five-decreasing-chain-k0-cached_all	distinct	replay	2	SSSFF	0	none
vector-run-002252	five-decreasing-chain-k0-cached_all	distinct	replay	2	SSFSS	0	none
vector-run-002253	five-decreasing-chain-k0-cached_all	distinct	replay	2	SSFSF	0	none
vector-run-002254	five-decreasing-chain-k0-cached_all	distinct	replay	2	SSFFS	0	none
vector-run-002255	five-decreasing-chain-k0-cached_all	distinct	replay	2	SFSSS	0	none
vector-run-002256	five-decreasing-chain-k0-cached_all	distinct	replay	2	SFSSF	0	none
vector-run-002257	five-decreasing-chain-k0-cached_all	distinct	replay	2	SFSFS	0	none
vector-run-002258	five-decreasing-chain-k0-cached_all	distinct	replay	2	SFFSS	0	none
vector-run-002259	five-decreasing-chain-k0-cached_all	distinct	replay	2	FSSSS	0	none
vector-run-002260	five-decreasing-chain-k0-cached_all	distinct	replay	2	FSSSF	0	none
vector-run-002261	five-decreasing-chain-k0-cached_all	distinct	replay	2	FSSFS	0	none
vector-run-002262	five-decreasing-chain-k0-cached_all	distinct	replay	2	FSFSS	0	none
vector-run-002263	five-decreasing-chain-k0-cached_all	distinct	replay	2	FFSSS	0	none
vector-run-002264	five-decreasing-chain-k0-cached_all	colliding	replay	2	SSSSS	0	none
vector-run-002265	five-decreasing-chain-k0-cached_all	colliding	replay	2	SSSSF	0	none
vector-run-002266	five-decreasing-chain-k0-cached_all	colliding	replay	2	SSSFS	0	none
vector-run-002267	five-decreasing-chain-k0-cached_all	colliding	replay	2	SSSFF	0	none
vector-run-002268	five-decreasing-chain-k0-cached_all	colliding	replay	2	SSFSS	0	none
vector-run-002269	five-decreasing-chain-k0-cached_all	colliding	replay	2	SSFSF	0	none
vector-run-002270	five-decreasing-chain-k0-cached_all	colliding	replay	2	SSFFS	0	none
vector-run-002271	five-decreasing-chain-k0-cached_all	colliding	replay	2	SFSSS	0	none
vector-run-002272	five-decreasing-chain-k0-cached_all	colliding	replay	2	SFSSF	0	none
vector-run-002273	five-decreasing-chain-k0-cached_all	colliding	replay	2	SFSFS	0	none
vector-run-002274	five-decreasing-chain-k0-cached_all	colliding	replay	2	SFFSS	0	none
vector-run-002275	five-decreasing-chain-k0-cached_all	colliding	replay	2	FSSSS	0	none
vector-run-002276	five-decreasing-chain-k0-cached_all	colliding	replay	2	FSSSF	0	none
vector-run-002277	five-decreasing-chain-k0-cached_all	colliding	replay	2	FSSFS	0	none
vector-run-002278	five-decreasing-chain-k0-cached_all	colliding	replay	2	FSFSS	0	none
vector-run-002279	five-decreasing-chain-k0-cached_all	colliding	replay	2	FFSSS	0	none
vector-run-002280	five-decreasing-chain-k0-cached_all	distinct	concurrent	2	-	11	none
vector-run-002281	five-decreasing-chain-k0-cached_all	distinct	concurrent	2	-	23	none
vector-run-002282	five-decreasing-chain-k0-cached_all	colliding	concurrent	2	-	11	none
vector-run-002283	five-decreasing-chain-k0-cached_all	colliding	concurrent	2	-	23	none
vector-run-002284	five-decreasing-chain-k0-protected_all	distinct	replay	0	-	0	none
vector-run-002285	five-decreasing-chain-k0-protected_all	colliding	replay	0	-	0	none
vector-run-002286	five-decreasing-chain-k0-protected_all	distinct	replay	1	-	0	none
vector-run-002287	five-decreasing-chain-k0-protected_all	colliding	replay	1	-	0	none
vector-run-002288	five-decreasing-chain-k0-protected_all	distinct	replay	2	-	0	none
vector-run-002289	five-decreasing-chain-k0-protected_all	colliding	replay	2	-	0	none
vector-run-002290	five-decreasing-chain-k0-protected_all	distinct	concurrent	2	-	11	none
vector-run-002291	five-decreasing-chain-k0-protected_all	distinct	concurrent	2	-	23	none
vector-run-002292	five-decreasing-chain-k0-protected_all	colliding	concurrent	2	-	11	none
vector-run-002293	five-decreasing-chain-k0-protected_all	colliding	concurrent	2	-	23	none
vector-run-002294	five-decreasing-chain-k2-scalar_three	distinct	replay	0	SSSSS	0	none
vector-run-002295	five-decreasing-chain-k2-scalar_three	colliding	replay	0	SSSSS	0	none
vector-run-002296	five-decreasing-chain-k2-scalar_three	distinct	replay	1	SSS	0	none
vector-run-002297	five-decreasing-chain-k2-scalar_three	distinct	replay	1	SSFSSS	0	none
vector-run-002298	five-decreasing-chain-k2-scalar_three	distinct	replay	1	SFSSSS	0	none
vector-run-002299	five-decreasing-chain-k2-scalar_three	distinct	replay	1	FSSSSS	0	none
vector-run-002300	five-decreasing-chain-k2-scalar_three	colliding	replay	1	SSS	0	none
vector-run-002301	five-decreasing-chain-k2-scalar_three	colliding	replay	1	SSFSSS	0	none
vector-run-002302	five-decreasing-chain-k2-scalar_three	colliding	replay	1	SFSSSS	0	none
vector-run-002303	five-decreasing-chain-k2-scalar_three	colliding	replay	1	FSSSSS	0	none
vector-run-002304	five-decreasing-chain-k2-scalar_three	distinct	replay	2	S	0	none
vector-run-002305	five-decreasing-chain-k2-scalar_three	distinct	replay	2	FSSS	0	none
vector-run-002306	five-decreasing-chain-k2-scalar_three	distinct	replay	2	FSSFSSS	0	none
vector-run-002307	five-decreasing-chain-k2-scalar_three	distinct	replay	2	FSFSSSS	0	none
vector-run-002308	five-decreasing-chain-k2-scalar_three	distinct	replay	2	FFSSSSS	0	none
vector-run-002309	five-decreasing-chain-k2-scalar_three	colliding	replay	2	S	0	none
vector-run-002310	five-decreasing-chain-k2-scalar_three	colliding	replay	2	FSSS	0	none
vector-run-002311	five-decreasing-chain-k2-scalar_three	colliding	replay	2	FSSFSSS	0	none
vector-run-002312	five-decreasing-chain-k2-scalar_three	colliding	replay	2	FSFSSSS	0	none
vector-run-002313	five-decreasing-chain-k2-scalar_three	colliding	replay	2	FFSSSSS	0	none
vector-run-002314	five-decreasing-chain-k2-scalar_three	distinct	concurrent	2	-	11	none
vector-run-002315	five-decreasing-chain-k2-scalar_three	distinct	concurrent	2	-	23	none
vector-run-002316	five-decreasing-chain-k2-scalar_three	colliding	concurrent	2	-	11	none
vector-run-002317	five-decreasing-chain-k2-scalar_three	colliding	concurrent	2	-	23	none
vector-run-002318	five-decreasing-chain-k2-scalar_two_protect	distinct	replay	0	SSSSS	0	none
vector-run-002319	five-decreasing-chain-k2-scalar_two_protect	colliding	replay	0	SSSSS	0	none
vector-run-002320	five-decreasing-chain-k2-scalar_two_protect	distinct	replay	1	SSS	0	none
vector-run-002321	five-decreasing-chain-k2-scalar_two_protect	distinct	replay	1	SSFSSS	0	none
vector-run-002322	five-decreasing-chain-k2-scalar_two_protect	distinct	replay	1	SFSSSS	0	none
vector-run-002323	five-decreasing-chain-k2-scalar_two_protect	distinct	replay	1	FSSSSS	0	none
vector-run-002324	five-decreasing-chain-k2-scalar_two_protect	colliding	replay	1	SSS	0	none
vector-run-002325	five-decreasing-chain-k2-scalar_two_protect	colliding	replay	1	SSFSSS	0	none
vector-run-002326	five-decreasing-chain-k2-scalar_two_protect	colliding	replay	1	SFSSSS	0	none
vector-run-002327	five-decreasing-chain-k2-scalar_two_protect	colliding	replay	1	FSSSSS	0	none
vector-run-002328	five-decreasing-chain-k2-scalar_two_protect	distinct	replay	2	S	0	none
vector-run-002329	five-decreasing-chain-k2-scalar_two_protect	distinct	replay	2	FSSS	0	none
vector-run-002330	five-decreasing-chain-k2-scalar_two_protect	distinct	replay	2	FSSFSSS	0	none
vector-run-002331	five-decreasing-chain-k2-scalar_two_protect	distinct	replay	2	FSFSSSS	0	none
vector-run-002332	five-decreasing-chain-k2-scalar_two_protect	distinct	replay	2	FFSSSSS	0	none
vector-run-002333	five-decreasing-chain-k2-scalar_two_protect	colliding	replay	2	S	0	none
vector-run-002334	five-decreasing-chain-k2-scalar_two_protect	colliding	replay	2	FSSS	0	none
vector-run-002335	five-decreasing-chain-k2-scalar_two_protect	colliding	replay	2	FSSFSSS	0	none
vector-run-002336	five-decreasing-chain-k2-scalar_two_protect	colliding	replay	2	FSFSSSS	0	none
vector-run-002337	five-decreasing-chain-k2-scalar_two_protect	colliding	replay	2	FFSSSSS	0	none
vector-run-002338	five-decreasing-chain-k2-scalar_two_protect	distinct	concurrent	2	-	11	none
vector-run-002339	five-decreasing-chain-k2-scalar_two_protect	distinct	concurrent	2	-	23	none
vector-run-002340	five-decreasing-chain-k2-scalar_two_protect	colliding	concurrent	2	-	11	none
vector-run-002341	five-decreasing-chain-k2-scalar_two_protect	colliding	concurrent	2	-	23	none
vector-run-002342	five-decreasing-chain-k2-scalar_two_fast	distinct	replay	0	SSSSS	0	none
vector-run-002343	five-decreasing-chain-k2-scalar_two_fast	colliding	replay	0	SSSSS	0	none
vector-run-002344	five-decreasing-chain-k2-scalar_two_fast	distinct	replay	1	SSS	0	none
vector-run-002345	five-decreasing-chain-k2-scalar_two_fast	distinct	replay	1	SSFSSS	0	none
vector-run-002346	five-decreasing-chain-k2-scalar_two_fast	distinct	replay	1	SFSSSS	0	none
vector-run-002347	five-decreasing-chain-k2-scalar_two_fast	distinct	replay	1	FSSSSS	0	none
vector-run-002348	five-decreasing-chain-k2-scalar_two_fast	colliding	replay	1	SSS	0	none
vector-run-002349	five-decreasing-chain-k2-scalar_two_fast	colliding	replay	1	SSFSSS	0	none
vector-run-002350	five-decreasing-chain-k2-scalar_two_fast	colliding	replay	1	SFSSSS	0	none
vector-run-002351	five-decreasing-chain-k2-scalar_two_fast	colliding	replay	1	FSSSSS	0	none
vector-run-002352	five-decreasing-chain-k2-scalar_two_fast	distinct	replay	2	S	0	none
vector-run-002353	five-decreasing-chain-k2-scalar_two_fast	distinct	replay	2	FSSS	0	none
vector-run-002354	five-decreasing-chain-k2-scalar_two_fast	distinct	replay	2	FSSFSSS	0	none
vector-run-002355	five-decreasing-chain-k2-scalar_two_fast	distinct	replay	2	FSFSSSS	0	none
vector-run-002356	five-decreasing-chain-k2-scalar_two_fast	distinct	replay	2	FFSSSSS	0	none
vector-run-002357	five-decreasing-chain-k2-scalar_two_fast	colliding	replay	2	S	0	none
vector-run-002358	five-decreasing-chain-k2-scalar_two_fast	colliding	replay	2	FSSS	0	none
vector-run-002359	five-decreasing-chain-k2-scalar_two_fast	colliding	replay	2	FSSFSSS	0	none
vector-run-002360	five-decreasing-chain-k2-scalar_two_fast	colliding	replay	2	FSFSSSS	0	none
vector-run-002361	five-decreasing-chain-k2-scalar_two_fast	colliding	replay	2	FFSSSSS	0	none
vector-run-002362	five-decreasing-chain-k2-scalar_two_fast	distinct	concurrent	2	-	11	none
vector-run-002363	five-decreasing-chain-k2-scalar_two_fast	distinct	concurrent	2	-	23	none
vector-run-002364	five-decreasing-chain-k2-scalar_two_fast	colliding	concurrent	2	-	11	none
vector-run-002365	five-decreasing-chain-k2-scalar_two_fast	colliding	concurrent	2	-	23	none
vector-run-002366	five-decreasing-chain-k2-qn_three	distinct	replay	0	SSSSS	0	none
vector-run-002367	five-decreasing-chain-k2-qn_three	colliding	replay	0	SSSSS	0	none
vector-run-002368	five-decreasing-chain-k2-qn_three	distinct	replay	1	SS	0	none
vector-run-002369	five-decreasing-chain-k2-qn_three	distinct	replay	1	SFSSS	0	none
vector-run-002370	five-decreasing-chain-k2-qn_three	distinct	replay	1	FSSSS	0	none
vector-run-002371	five-decreasing-chain-k2-qn_three	colliding	replay	1	SS	0	none
vector-run-002372	five-decreasing-chain-k2-qn_three	colliding	replay	1	SFSSS	0	none
vector-run-002373	five-decreasing-chain-k2-qn_three	colliding	replay	1	FSSSS	0	none
vector-run-002374	five-decreasing-chain-k2-qn_three	distinct	replay	2	-	0	none
vector-run-002375	five-decreasing-chain-k2-qn_three	colliding	replay	2	-	0	none
vector-run-002376	five-decreasing-chain-k2-qn_three	distinct	concurrent	2	-	11	none
vector-run-002377	five-decreasing-chain-k2-qn_three	distinct	concurrent	2	-	23	none
vector-run-002378	five-decreasing-chain-k2-qn_three	colliding	concurrent	2	-	11	none
vector-run-002379	five-decreasing-chain-k2-qn_three	colliding	concurrent	2	-	23	none
vector-run-002380	five-decreasing-chain-k2-cached_all	distinct	replay	0	SSSSS	0	none
vector-run-002381	five-decreasing-chain-k2-cached_all	colliding	replay	0	SSSSS	0	none
vector-run-002382	five-decreasing-chain-k2-cached_all	distinct	replay	1	SSSSS	0	none
vector-run-002383	five-decreasing-chain-k2-cached_all	distinct	replay	1	SSSSF	0	none
vector-run-002384	five-decreasing-chain-k2-cached_all	distinct	replay	1	SSSFS	0	none
vector-run-002385	five-decreasing-chain-k2-cached_all	distinct	replay	1	SSFSS	0	none
vector-run-002386	five-decreasing-chain-k2-cached_all	distinct	replay	1	SFSSS	0	none
vector-run-002387	five-decreasing-chain-k2-cached_all	distinct	replay	1	FSSSS	0	none
vector-run-002388	five-decreasing-chain-k2-cached_all	colliding	replay	1	SSSSS	0	none
vector-run-002389	five-decreasing-chain-k2-cached_all	colliding	replay	1	SSSSF	0	none
vector-run-002390	five-decreasing-chain-k2-cached_all	colliding	replay	1	SSSFS	0	none
vector-run-002391	five-decreasing-chain-k2-cached_all	colliding	replay	1	SSFSS	0	none
vector-run-002392	five-decreasing-chain-k2-cached_all	colliding	replay	1	SFSSS	0	none
vector-run-002393	five-decreasing-chain-k2-cached_all	colliding	replay	1	FSSSS	0	none
vector-run-002394	five-decreasing-chain-k2-cached_all	distinct	replay	2	SSSSS	0	none
vector-run-002395	five-decreasing-chain-k2-cached_all	distinct	replay	2	SSSSF	0	none
vector-run-002396	five-decreasing-chain-k2-cached_all	distinct	replay	2	SSSFS	0	none
vector-run-002397	five-decreasing-chain-k2-cached_all	distinct	replay	2	SSSFF	0	none
vector-run-002398	five-decreasing-chain-k2-cached_all	distinct	replay	2	SSFSS	0	none
vector-run-002399	five-decreasing-chain-k2-cached_all	distinct	replay	2	SSFSF	0	none
vector-run-002400	five-decreasing-chain-k2-cached_all	distinct	replay	2	SSFFS	0	none
vector-run-002401	five-decreasing-chain-k2-cached_all	distinct	replay	2	SFSSS	0	none
vector-run-002402	five-decreasing-chain-k2-cached_all	distinct	replay	2	SFSSF	0	none
vector-run-002403	five-decreasing-chain-k2-cached_all	distinct	replay	2	SFSFS	0	none
vector-run-002404	five-decreasing-chain-k2-cached_all	distinct	replay	2	SFFSS	0	none
vector-run-002405	five-decreasing-chain-k2-cached_all	distinct	replay	2	FSSSS	0	none
vector-run-002406	five-decreasing-chain-k2-cached_all	distinct	replay	2	FSSSF	0	none
vector-run-002407	five-decreasing-chain-k2-cached_all	distinct	replay	2	FSSFS	0	none
vector-run-002408	five-decreasing-chain-k2-cached_all	distinct	replay	2	FSFSS	0	none
vector-run-002409	five-decreasing-chain-k2-cached_all	distinct	replay	2	FFSSS	0	none
vector-run-002410	five-decreasing-chain-k2-cached_all	colliding	replay	2	SSSSS	0	none
vector-run-002411	five-decreasing-chain-k2-cached_all	colliding	replay	2	SSSSF	0	none
vector-run-002412	five-decreasing-chain-k2-cached_all	colliding	replay	2	SSSFS	0	none
vector-run-002413	five-decreasing-chain-k2-cached_all	colliding	replay	2	SSSFF	0	none
vector-run-002414	five-decreasing-chain-k2-cached_all	colliding	replay	2	SSFSS	0	none
vector-run-002415	five-decreasing-chain-k2-cached_all	colliding	replay	2	SSFSF	0	none
vector-run-002416	five-decreasing-chain-k2-cached_all	colliding	replay	2	SSFFS	0	none
vector-run-002417	five-decreasing-chain-k2-cached_all	colliding	replay	2	SFSSS	0	none
vector-run-002418	five-decreasing-chain-k2-cached_all	colliding	replay	2	SFSSF	0	none
vector-run-002419	five-decreasing-chain-k2-cached_all	colliding	replay	2	SFSFS	0	none
vector-run-002420	five-decreasing-chain-k2-cached_all	colliding	replay	2	SFFSS	0	none
vector-run-002421	five-decreasing-chain-k2-cached_all	colliding	replay	2	FSSSS	0	none
vector-run-002422	five-decreasing-chain-k2-cached_all	colliding	replay	2	FSSSF	0	none
vector-run-002423	five-decreasing-chain-k2-cached_all	colliding	replay	2	FSSFS	0	none
vector-run-002424	five-decreasing-chain-k2-cached_all	colliding	replay	2	FSFSS	0	none
vector-run-002425	five-decreasing-chain-k2-cached_all	colliding	replay	2	FFSSS	0	none
vector-run-002426	five-decreasing-chain-k2-cached_all	distinct	concurrent	2	-	11	none
vector-run-002427	five-decreasing-chain-k2-cached_all	distinct	concurrent	2	-	23	none
vector-run-002428	five-decreasing-chain-k2-cached_all	colliding	concurrent	2	-	11	none
vector-run-002429	five-decreasing-chain-k2-cached_all	colliding	concurrent	2	-	23	none
vector-run-002430	five-decreasing-chain-k2-protected_all	distinct	replay	0	-	0	none
vector-run-002431	five-decreasing-chain-k2-protected_all	colliding	replay	0	-	0	none
vector-run-002432	five-decreasing-chain-k2-protected_all	distinct	replay	1	-	0	none
vector-run-002433	five-decreasing-chain-k2-protected_all	colliding	replay	1	-	0	none
vector-run-002434	five-decreasing-chain-k2-protected_all	distinct	replay	2	-	0	none
vector-run-002435	five-decreasing-chain-k2-protected_all	colliding	replay	2	-	0	none
vector-run-002436	five-decreasing-chain-k2-protected_all	distinct	concurrent	2	-	11	none
vector-run-002437	five-decreasing-chain-k2-protected_all	distinct	concurrent	2	-	23	none
vector-run-002438	five-decreasing-chain-k2-protected_all	colliding	concurrent	2	-	11	none
vector-run-002439	five-decreasing-chain-k2-protected_all	colliding	concurrent	2	-	23	none
vector-run-002440	common-two-chain-k2-scalar_three	colliding	postwrite	1	S	0	none
vector-run-002441	common-two-chain-k2-scalar_three	colliding	postwrite	1	S	0	live_parent
