frontier-run-000000	common-two-chain-k0-slack_three-0	distinct	replay	0	SS	0	none
frontier-run-000001	common-two-chain-k0-slack_three-0	colliding	replay	0	SS	0	none
frontier-run-000002	common-two-chain-k0-slack_three-0	distinct	replay	1	SS	0	none
frontier-run-000003	common-two-chain-k0-slack_three-0	distinct	replay	1	SFS	0	none
frontier-run-000004	common-two-chain-k0-slack_three-0	distinct	replay	1	FSS	0	none
frontier-run-000005	common-two-chain-k0-slack_three-0	colliding	replay	1	SS	0	none
frontier-run-000006	common-two-chain-k0-slack_three-0	colliding	replay	1	SFS	0	none
frontier-run-000007	common-two-chain-k0-slack_three-0	colliding	replay	1	FSS	0	none
frontier-run-000008	common-two-chain-k0-slack_three-0	distinct	replay	2	SS	0	none
frontier-run-000009	common-two-chain-k0-slack_three-0	distinct	replay	2	SFS	0	none
frontier-run-000010	common-two-chain-k0-slack_three-0	distinct	replay	2	SFFS	0	none
frontier-run-000011	common-two-chain-k0-slack_three-0	distinct	replay	2	FSS	0	none
frontier-run-000012	common-two-chain-k0-slack_three-0	distinct	replay	2	FSFS	0	none
frontier-run-000013	common-two-chain-k0-slack_three-0	distinct	replay	2	FFSS	0	none
frontier-run-000014	common-two-chain-k0-slack_three-0	colliding	replay	2	SS	0	none
frontier-run-000015	common-two-chain-k0-slack_three-0	colliding	replay	2	SFS	0	none
frontier-run-000016	common-two-chain-k0-slack_three-0	colliding	replay	2	SFFS	0	none
frontier-run-000017	common-two-chain-k0-slack_three-0	colliding	replay	2	FSS	0	none
frontier-run-000018	common-two-chain-k0-slack_three-0	colliding	replay	2	FSFS	0	none
frontier-run-000019	common-two-chain-k0-slack_three-0	colliding	replay	2	FFSS	0	none
frontier-run-000020	common-two-chain-k0-slack_three-0	distinct	replay	3	SS	0	none
frontier-run-000021	common-two-chain-k0-slack_three-0	distinct	replay	3	SFS	0	none
frontier-run-000022	common-two-chain-k0-slack_three-0	distinct	replay	3	SFFS	0	none
frontier-run-000023	common-two-chain-k0-slack_three-0	distinct	replay	3	SFFFS	0	none
frontier-run-000024	common-two-chain-k0-slack_three-0	distinct	replay	3	FSS	0	none
frontier-run-000025	common-two-chain-k0-slack_three-0	distinct	replay	3	FSFS	0	none
frontier-run-000026	common-two-chain-k0-slack_three-0	distinct	replay	3	FSFFS	0	none
frontier-run-000027	common-two-chain-k0-slack_three-0	distinct	replay	3	FFSS	0	none
frontier-run-000028	common-two-chain-k0-slack_three-0	distinct	replay	3	FFSFS	0	none
frontier-run-000029	common-two-chain-k0-slack_three-0	distinct	replay	3	FFFSS	0	none
frontier-run-000030	common-two-chain-k0-slack_three-0	colliding	replay	3	SS	0	none
frontier-run-000031	common-two-chain-k0-slack_three-0	colliding	replay	3	SFS	0	none
frontier-run-000032	common-two-chain-k0-slack_three-0	colliding	replay	3	SFFS	0	none
frontier-run-000033	common-two-chain-k0-slack_three-0	colliding	replay	3	SFFFS	0	none
frontier-run-000034	common-two-chain-k0-slack_three-0	colliding	replay	3	FSS	0	none
frontier-run-000035	common-two-chain-k0-slack_three-0	colliding	replay	3	FSFS	0	none
frontier-run-000036	common-two-chain-k0-slack_three-0	colliding	replay	3	FSFFS	0	none
frontier-run-000037	common-two-chain-k0-slack_three-0	colliding	replay	3	FFSS	0	none
frontier-run-000038	common-two-chain-k0-slack_three-0	colliding	replay	3	FFSFS	0	none
frontier-run-000039	common-two-chain-k0-slack_three-0	colliding	replay	3	FFFSS	0	none
frontier-run-000040	common-two-chain-k0-slack_three-0	distinct	concurrent	3	-	11	none
frontier-run-000041	common-two-chain-k0-slack_three-0	distinct	concurrent	3	-	23	none
frontier-run-000042	common-two-chain-k0-slack_three-0	colliding	concurrent	3	-	11	none
frontier-run-000043	common-two-chain-k0-slack_three-0	colliding	concurrent	3	-	23	none
frontier-run-000044	common-two-chain-k0-slack_three-1	distinct	replay	0	SS	0	none
frontier-run-000045	common-two-chain-k0-slack_three-1	colliding	replay	0	SS	0	none
frontier-run-000046	common-two-chain-k0-slack_three-1	distinct	replay	1	SS	0	none
frontier-run-000047	common-two-chain-k0-slack_three-1	distinct	replay	1	SF	0	none
frontier-run-000048	common-two-chain-k0-slack_three-1	distinct	replay	1	FS	0	none
frontier-run-000049	common-two-chain-k0-slack_three-1	colliding	replay	1	SS	0	none
frontier-run-000050	common-two-chain-k0-slack_three-1	colliding	replay	1	SF	0	none
frontier-run-000051	common-two-chain-k0-slack_three-1	colliding	replay	1	FS	0	none
frontier-run-000052	common-two-chain-k0-slack_three-1	distinct	replay	2	SS	0	none
frontier-run-000053	common-two-chain-k0-slack_three-1	distinct	replay	2	SFS	0	none
frontier-run-000054	common-two-chain-k0-slack_three-1	distinct	replay	2	SFF	0	none
frontier-run-000055	common-two-chain-k0-slack_three-1	distinct	replay	2	FSS	0	none
frontier-run-000056	common-two-chain-k0-slack_three-1	distinct	replay	2	FSF	0	none
frontier-run-000057	common-two-chain-k0-slack_three-1	distinct	replay	2	FFS	0	none
frontier-run-000058	common-two-chain-k0-slack_three-1	colliding	replay	2	SS	0	none
frontier-run-000059	common-two-chain-k0-slack_three-1	colliding	replay	2	SFS	0	none
frontier-run-000060	common-two-chain-k0-slack_three-1	colliding	replay	2	SFF	0	none
frontier-run-000061	common-two-chain-k0-slack_three-1	colliding	replay	2	FSS	0	none
frontier-run-000062	common-two-chain-k0-slack_three-1	colliding	replay	2	FSF	0	none
frontier-run-000063	common-two-chain-k0-slack_three-1	colliding	replay	2	FFS	0	none
frontier-run-000064	common-two-chain-k0-slack_three-1	distinct	replay	3	SS	0	none
frontier-run-000065	common-two-chain-k0-slack_three-1	distinct	replay	3	SFS	0	none
frontier-run-000066	common-two-chain-k0-slack_three-1	distinct	replay	3	SFFS	0	none
frontier-run-000067	common-two-chain-k0-slack_three-1	distinct	replay	3	SFFF	0	none
frontier-run-000068	common-two-chain-k0-slack_three-1	distinct	replay	3	FSS	0	none
frontier-run-000069	common-two-chain-k0-slack_three-1	distinct	replay	3	FSFS	0	none
frontier-run-000070	common-two-chain-k0-slack_three-1	distinct	replay	3	FSFF	0	none
frontier-run-000071	common-two-chain-k0-slack_three-1	distinct	replay	3	FFSS	0	none
frontier-run-000072	common-two-chain-k0-slack_three-1	distinct	replay	3	FFSF	0	none
frontier-run-000073	common-two-chain-k0-slack_three-1	distinct	replay	3	FFFS	0	none
frontier-run-000074	common-two-chain-k0-slack_three-1	colliding	replay	3	SS	0	none
frontier-run-000075	common-two-chain-k0-slack_three-1	colliding	replay	3	SFS	0	none
frontier-run-000076	common-two-chain-k0-slack_three-1	colliding	replay	3	SFFS	0	none
frontier-run-000077	common-two-chain-k0-slack_three-1	colliding	replay	3	SFFF	0	none
frontier-run-000078	common-two-chain-k0-slack_three-1	colliding	replay	3	FSS	0	none
frontier-run-000079	common-two-chain-k0-slack_three-1	colliding	replay	3	FSFS	0	none
frontier-run-000080	common-two-chain-k0-slack_three-1	colliding	replay	3	FSFF	0	none
frontier-run-000081	common-two-chain-k0-slack_three-1	colliding	replay	3	FFSS	0	none
frontier-run-000082	common-two-chain-k0-slack_three-1	colliding	replay	3	FFSF	0	none
frontier-run-000083	common-two-chain-k0-slack_three-1	colliding	replay	3	FFFS	0	none
frontier-run-000084	common-two-chain-k0-slack_three-1	distinct	concurrent	3	-	11	none
frontier-run-000085	common-two-chain-k0-slack_three-1	distinct	concurrent	3	-	23	none
frontier-run-000086	common-two-chain-k0-slack_three-1	colliding	concurrent	3	-	11	none
frontier-run-000087	common-two-chain-k0-slack_three-1	colliding	concurrent	3	-	23	none
frontier-run-000088	common-two-chain-k0-slack_three-2	distinct	replay	0	SS	0	none
frontier-run-000089	common-two-chain-k0-slack_three-2	colliding	replay	0	SS	0	none
frontier-run-000090	common-two-chain-k0-slack_three-2	distinct	replay	1	SS	0	none
frontier-run-000091	common-two-chain-k0-slack_three-2	distinct	replay	1	SF	0	none
frontier-run-000092	common-two-chain-k0-slack_three-2	distinct	replay	1	FS	0	none
frontier-run-000093	common-two-chain-k0-slack_three-2	colliding	replay	1	SS	0	none
frontier-run-000094	common-two-chain-k0-slack_three-2	colliding	replay	1	SF	0	none
frontier-run-000095	common-two-chain-k0-slack_three-2	colliding	replay	1	FS	0	none
frontier-run-000096	common-two-chain-k0-slack_three-2	distinct	replay	2	SS	0	none
frontier-run-000097	common-two-chain-k0-slack_three-2	distinct	replay	2	SF	0	none
frontier-run-000098	common-two-chain-k0-slack_three-2	distinct	replay	2	FS	0	none
frontier-run-000099	common-two-chain-k0-slack_three-2	distinct	replay	2	FF	0	none
frontier-run-000100	common-two-chain-k0-slack_three-2	colliding	replay	2	SS	0	none
frontier-run-000101	common-two-chain-k0-slack_three-2	colliding	replay	2	SF	0	none
frontier-run-000102	common-two-chain-k0-slack_three-2	colliding	replay	2	FS	0	none
frontier-run-000103	common-two-chain-k0-slack_three-2	colliding	replay	2	FF	0	none
frontier-run-000104	common-two-chain-k0-slack_three-2	distinct	replay	3	SS	0	none
frontier-run-000105	common-two-chain-k0-slack_three-2	distinct	replay	3	SFS	0	none
frontier-run-000106	common-two-chain-k0-slack_three-2	distinct	replay	3	SFF	0	none
frontier-run-000107	common-two-chain-k0-slack_three-2	distinct	replay	3	FSS	0	none
frontier-run-000108	common-two-chain-k0-slack_three-2	distinct	replay	3	FSF	0	none
frontier-run-000109	common-two-chain-k0-slack_three-2	distinct	replay	3	FFS	0	none
frontier-run-000110	common-two-chain-k0-slack_three-2	distinct	replay	3	FFF	0	none
frontier-run-000111	common-two-chain-k0-slack_three-2	colliding	replay	3	SS	0	none
frontier-run-000112	common-two-chain-k0-slack_three-2	colliding	replay	3	SFS	0	none
frontier-run-000113	common-two-chain-k0-slack_three-2	colliding	replay	3	SFF	0	none
frontier-run-000114	common-two-chain-k0-slack_three-2	colliding	replay	3	FSS	0	none
frontier-run-000115	common-two-chain-k0-slack_three-2	colliding	replay	3	FSF	0	none
frontier-run-000116	common-two-chain-k0-slack_three-2	colliding	replay	3	FFS	0	none
frontier-run-000117	common-two-chain-k0-slack_three-2	colliding	replay	3	FFF	0	none
frontier-run-000118	common-two-chain-k0-slack_three-2	distinct	concurrent	3	-	11	none
frontier-run-000119	common-two-chain-k0-slack_three-2	distinct	concurrent	3	-	23	none
frontier-run-000120	common-two-chain-k0-slack_three-2	colliding	concurrent	3	-	11	none
frontier-run-000121	common-two-chain-k0-slack_three-2	colliding	concurrent	3	-	23	none
frontier-run-000122	common-two-chain-k0-slack_three-3	distinct	replay	0	SS	0	none
frontier-run-000123	common-two-chain-k0-slack_three-3	colliding	replay	0	SS	0	none
frontier-run-000124	common-two-chain-k0-slack_three-3	distinct	replay	1	SS	0	none
frontier-run-000125	common-two-chain-k0-slack_three-3	distinct	replay	1	SF	0	none
frontier-run-000126	common-two-chain-k0-slack_three-3	distinct	replay	1	FS	0	none
frontier-run-000127	common-two-chain-k0-slack_three-3	colliding	replay	1	SS	0	none
frontier-run-000128	common-two-chain-k0-slack_three-3	colliding	replay	1	SF	0	none
frontier-run-000129	common-two-chain-k0-slack_three-3	colliding	replay	1	FS	0	none
frontier-run-000130	common-two-chain-k0-slack_three-3	distinct	replay	2	SS	0	none
frontier-run-000131	common-two-chain-k0-slack_three-3	distinct	replay	2	SF	0	none
frontier-run-000132	common-two-chain-k0-slack_three-3	distinct	replay	2	FS	0	none
frontier-run-000133	common-two-chain-k0-slack_three-3	distinct	replay	2	FF	0	none
frontier-run-000134	common-two-chain-k0-slack_three-3	colliding	replay	2	SS	0	none
frontier-run-000135	common-two-chain-k0-slack_three-3	colliding	replay	2	SF	0	none
frontier-run-000136	common-two-chain-k0-slack_three-3	colliding	replay	2	FS	0	none
frontier-run-000137	common-two-chain-k0-slack_three-3	colliding	replay	2	FF	0	none
frontier-run-000138	common-two-chain-k0-slack_three-3	distinct	replay	3	SS	0	none
frontier-run-000139	common-two-chain-k0-slack_three-3	distinct	replay	3	SF	0	none
frontier-run-000140	common-two-chain-k0-slack_three-3	distinct	replay	3	FS	0	none
frontier-run-000141	common-two-chain-k0-slack_three-3	distinct	replay	3	FF	0	none
frontier-run-000142	common-two-chain-k0-slack_three-3	colliding	replay	3	SS	0	none
frontier-run-000143	common-two-chain-k0-slack_three-3	colliding	replay	3	SF	0	none
frontier-run-000144	common-two-chain-k0-slack_three-3	colliding	replay	3	FS	0	none
frontier-run-000145	common-two-chain-k0-slack_three-3	colliding	replay	3	FF	0	none
frontier-run-000146	common-two-chain-k0-slack_three-3	distinct	concurrent	3	-	11	none
frontier-run-000147	common-two-chain-k0-slack_three-3	distinct	concurrent	3	-	23	none
frontier-run-000148	common-two-chain-k0-slack_three-3	colliding	concurrent	3	-	11	none
frontier-run-000149	common-two-chain-k0-slack_three-3	colliding	concurrent	3	-	23	none
frontier-run-000150	common-two-chain-k0-slack_two-0	distinct	replay	0	SS	0	none
frontier-run-000151	common-two-chain-k0-slack_two-0	colliding	replay	0	SS	0	none
frontier-run-000152	common-two-chain-k0-slack_two-0	distinct	replay	1	SS	0	none
frontier-run-000153	common-two-chain-k0-slack_two-0	distinct	replay	1	SFS	0	none
frontier-run-000154	common-two-chain-k0-slack_two-0	distinct	replay	1	FSS	0	none
frontier-run-000155	common-two-chain-k0-slack_two-0	colliding	replay	1	SS	0	none
frontier-run-000156	common-two-chain-k0-slack_two-0	colliding	replay	1	SFS	0	none
frontier-run-000157	common-two-chain-k0-slack_two-0	colliding	replay	1	FSS	0	none
frontier-run-000158	common-two-chain-k0-slack_two-0	distinct	replay	2	SS	0	none
frontier-run-000159	common-two-chain-k0-slack_two-0	distinct	replay	2	SFS	0	none
frontier-run-000160	common-two-chain-k0-slack_two-0	distinct	replay	2	SFFS	0	none
frontier-run-000161	common-two-chain-k0-slack_two-0	distinct	replay	2	FSS	0	none
frontier-run-000162	common-two-chain-k0-slack_two-0	distinct	replay	2	FSFS	0	none
frontier-run-000163	common-two-chain-k0-slack_two-0	distinct	replay	2	FFSS	0	none
frontier-run-000164	common-two-chain-k0-slack_two-0	colliding	replay	2	SS	0	none
frontier-run-000165	common-two-chain-k0-slack_two-0	colliding	replay	2	SFS	0	none
frontier-run-000166	common-two-chain-k0-slack_two-0	colliding	replay	2	SFFS	0	none
frontier-run-000167	common-two-chain-k0-slack_two-0	colliding	replay	2	FSS	0	none
frontier-run-000168	common-two-chain-k0-slack_two-0	colliding	replay	2	FSFS	0	none
frontier-run-000169	common-two-chain-k0-slack_two-0	colliding	replay	2	FFSS	0	none
frontier-run-000170	common-two-chain-k0-slack_two-0	distinct	replay	3	SS	0	none
frontier-run-000171	common-two-chain-k0-slack_two-0	distinct	replay	3	SFS	0	none
frontier-run-000172	common-two-chain-k0-slack_two-0	distinct	replay	3	SFFS	0	none
frontier-run-000173	common-two-chain-k0-slack_two-0	distinct	replay	3	SFFFS	0	none
frontier-run-000174	common-two-chain-k0-slack_two-0	distinct	replay	3	FSS	0	none
frontier-run-000175	common-two-chain-k0-slack_two-0	distinct	replay	3	FSFS	0	none
frontier-run-000176	common-two-chain-k0-slack_two-0	distinct	replay	3	FSFFS	0	none
frontier-run-000177	common-two-chain-k0-slack_two-0	distinct	replay	3	FFSS	0	none
frontier-run-000178	common-two-chain-k0-slack_two-0	distinct	replay	3	FFSFS	0	none
frontier-run-000179	common-two-chain-k0-slack_two-0	distinct	replay	3	FFFSS	0	none
frontier-run-000180	common-two-chain-k0-slack_two-0	colliding	replay	3	SS	0	none
frontier-run-000181	common-two-chain-k0-slack_two-0	colliding	replay	3	SFS	0	none
frontier-run-000182	common-two-chain-k0-slack_two-0	colliding	replay	3	SFFS	0	none
frontier-run-000183	common-two-chain-k0-slack_two-0	colliding	replay	3	SFFFS	0	none
frontier-run-000184	common-two-chain-k0-slack_two-0	colliding	replay	3	FSS	0	none
frontier-run-000185	common-two-chain-k0-slack_two-0	colliding	replay	3	FSFS	0	none
frontier-run-000186	common-two-chain-k0-slack_two-0	colliding	replay	3	FSFFS	0	none
frontier-run-000187	common-two-chain-k0-slack_two-0	colliding	replay	3	FFSS	0	none
frontier-run-000188	common-two-chain-k0-slack_two-0	colliding	replay	3	FFSFS	0	none
frontier-run-000189	common-two-chain-k0-slack_two-0	colliding	replay	3	FFFSS	0	none
frontier-run-000190	common-two-chain-k0-slack_two-0	distinct	concurrent	3	-	11	none
frontier-run-000191	common-two-chain-k0-slack_two-0	distinct	concurrent	3	-	23	none
frontier-run-000192	common-two-chain-k0-slack_two-0	colliding	concurrent	3	-	11	none
frontier-run-000193	common-two-chain-k0-slack_two-0	colliding	concurrent	3	-	23	none
frontier-run-000194	common-two-chain-k0-slack_two-1	distinct	replay	0	SS	0	none
frontier-run-000195	common-two-chain-k0-slack_two-1	colliding	replay	0	SS	0	none
frontier-run-000196	common-two-chain-k0-slack_two-1	distinct	replay	1	-	0	none
frontier-run-000197	common-two-chain-k0-slack_two-1	colliding	replay	1	-	0	none
frontier-run-000198	common-two-chain-k0-slack_two-1	distinct	replay	2	SS	0	none
frontier-run-000199	common-two-chain-k0-slack_two-1	distinct	replay	2	SF	0	none
frontier-run-000200	common-two-chain-k0-slack_two-1	distinct	replay	2	F	0	none
frontier-run-000201	common-two-chain-k0-slack_two-1	colliding	replay	2	SS	0	none
frontier-run-000202	common-two-chain-k0-slack_two-1	colliding	replay	2	SF	0	none
frontier-run-000203	common-two-chain-k0-slack_two-1	colliding	replay	2	F	0	none
frontier-run-000204	common-two-chain-k0-slack_two-1	distinct	replay	3	SS	0	none
frontier-run-000205	common-two-chain-k0-slack_two-1	distinct	replay	3	SFS	0	none
frontier-run-000206	common-two-chain-k0-slack_two-1	distinct	replay	3	SFF	0	none
frontier-run-000207	common-two-chain-k0-slack_two-1	distinct	replay	3	FSS	0	none
frontier-run-000208	common-two-chain-k0-slack_two-1	distinct	replay	3	FSF	0	none
frontier-run-000209	common-two-chain-k0-slack_two-1	distinct	replay	3	FF	0	none
frontier-run-000210	common-two-chain-k0-slack_two-1	colliding	replay	3	SS	0	none
frontier-run-000211	common-two-chain-k0-slack_two-1	colliding	replay	3	SFS	0	none
frontier-run-000212	common-two-chain-k0-slack_two-1	colliding	replay	3	SFF	0	none
frontier-run-000213	common-two-chain-k0-slack_two-1	colliding	replay	3	FSS	0	none
frontier-run-000214	common-two-chain-k0-slack_two-1	colliding	replay	3	FSF	0	none
frontier-run-000215	common-two-chain-k0-slack_two-1	colliding	replay	3	FF	0	none
frontier-run-000216	common-two-chain-k0-slack_two-1	distinct	concurrent	3	-	11	none
frontier-run-000217	common-two-chain-k0-slack_two-1	distinct	concurrent	3	-	23	none
frontier-run-000218	common-two-chain-k0-slack_two-1	colliding	concurrent	3	-	11	none
frontier-run-000219	common-two-chain-k0-slack_two-1	colliding	concurrent	3	-	23	none
frontier-run-000220	common-two-chain-k0-slack_two-2	distinct	replay	0	SS	0	none
frontier-run-000221	common-two-chain-k0-slack_two-2	colliding	replay	0	SS	0	none
frontier-run-000222	common-two-chain-k0-slack_two-2	distinct	replay	1	-	0	none
frontier-run-000223	common-two-chain-k0-slack_two-2	colliding	replay	1	-	0	none
frontier-run-000224	common-two-chain-k0-slack_two-2	distinct	replay	2	-	0	none
frontier-run-000225	common-two-chain-k0-slack_two-2	colliding	replay	2	-	0	none
frontier-run-000226	common-two-chain-k0-slack_two-2	distinct	replay	3	SS	0	none
frontier-run-000227	common-two-chain-k0-slack_two-2	distinct	replay	3	SF	0	none
frontier-run-000228	common-two-chain-k0-slack_two-2	distinct	replay	3	F	0	none
frontier-run-000229	common-two-chain-k0-slack_two-2	colliding	replay	3	SS	0	none
frontier-run-000230	common-two-chain-k0-slack_two-2	colliding	replay	3	SF	0	none
frontier-run-000231	common-two-chain-k0-slack_two-2	colliding	replay	3	F	0	none
frontier-run-000232	common-two-chain-k0-slack_two-2	distinct	concurrent	3	-	11	none
frontier-run-000233	common-two-chain-k0-slack_two-2	distinct	concurrent	3	-	23	none
frontier-run-000234	common-two-chain-k0-slack_two-2	colliding	concurrent	3	-	11	none
frontier-run-000235	common-two-chain-k0-slack_two-2	colliding	concurrent	3	-	23	none
frontier-run-000236	common-two-chain-k0-slack_two-3	distinct	replay	0	SS	0	none
frontier-run-000237	common-two-chain-k0-slack_two-3	colliding	replay	0	SS	0	none
frontier-run-000238	common-two-chain-k0-slack_two-3	distinct	replay	1	-	0	none
frontier-run-000239	common-two-chain-k0-slack_two-3	colliding	replay	1	-	0	none
frontier-run-000240	common-two-chain-k0-slack_two-3	distinct	replay	2	-	0	none
frontier-run-000241	common-two-chain-k0-slack_two-3	colliding	replay	2	-	0	none
frontier-run-000242	common-two-chain-k0-slack_two-3	distinct	replay	3	-	0	none
frontier-run-000243	common-two-chain-k0-slack_two-3	colliding	replay	3	-	0	none
frontier-run-000244	common-two-chain-k0-slack_two-3	distinct	concurrent	3	-	11	none
frontier-run-000245	common-two-chain-k0-slack_two-3	distinct	concurrent	3	-	23	none
frontier-run-000246	common-two-chain-k0-slack_two-3	colliding	concurrent	3	-	11	none
frontier-run-000247	common-two-chain-k0-slack_two-3	colliding	concurrent	3	-	23	none
frontier-run-000248	common-two-chain-k2-slack_three-0	distinct	replay	0	SS	0	none
frontier-run-000249	common-two-chain-k2-slack_three-0	colliding	replay	0	SS	0	none
frontier-run-000250	common-two-chain-k2-slack_three-0	distinct	replay	1	SS	0	none
frontier-run-000251	common-two-chain-k2-slack_three-0	distinct	replay	1	SFS	0	none
frontier-run-000252	common-two-chain-k2-slack_three-0	distinct	replay	1	FSS	0	none
frontier-run-000253	common-two-chain-k2-slack_three-0	colliding	replay	1	SS	0	none
frontier-run-000254	common-two-chain-k2-slack_three-0	colliding	replay	1	SFS	0	none
frontier-run-000255	common-two-chain-k2-slack_three-0	colliding	replay	1	FSS	0	none
frontier-run-000256	common-two-chain-k2-slack_three-0	distinct	replay	2	SS	0	none
frontier-run-000257	common-two-chain-k2-slack_three-0	distinct	replay	2	SFS	0	none
frontier-run-000258	common-two-chain-k2-slack_three-0	distinct	replay	2	SFFS	0	none
frontier-run-000259	common-two-chain-k2-slack_three-0	distinct	replay	2	FSS	0	none
frontier-run-000260	common-two-chain-k2-slack_three-0	distinct	replay	2	FSFS	0	none
frontier-run-000261	common-two-chain-k2-slack_three-0	distinct	replay	2	FFSS	0	none
frontier-run-000262	common-two-chain-k2-slack_three-0	colliding	replay	2	SS	0	none
frontier-run-000263	common-two-chain-k2-slack_three-0	colliding	replay	2	SFS	0	none
frontier-run-000264	common-two-chain-k2-slack_three-0	colliding	replay	2	SFFS	0	none
frontier-run-000265	common-two-chain-k2-slack_three-0	colliding	replay	2	FSS	0	none
frontier-run-000266	common-two-chain-k2-slack_three-0	colliding	replay	2	FSFS	0	none
frontier-run-000267	common-two-chain-k2-slack_three-0	colliding	replay	2	FFSS	0	none
frontier-run-000268	common-two-chain-k2-slack_three-0	distinct	replay	3	SS	0	none
frontier-run-000269	common-two-chain-k2-slack_three-0	distinct	replay	3	SFS	0	none
frontier-run-000270	common-two-chain-k2-slack_three-0	distinct	replay	3	SFFS	0	none
frontier-run-000271	common-two-chain-k2-slack_three-0	distinct	replay	3	SFFFS	0	none
frontier-run-000272	common-two-chain-k2-slack_three-0	distinct	replay	3	FSS	0	none
frontier-run-000273	common-two-chain-k2-slack_three-0	distinct	replay	3	FSFS	0	none
frontier-run-000274	common-two-chain-k2-slack_three-0	distinct	replay	3	FSFFS	0	none
frontier-run-000275	common-two-chain-k2-slack_three-0	distinct	replay	3	FFSS	0	none
frontier-run-000276	common-two-chain-k2-slack_three-0	distinct	replay	3	FFSFS	0	none
frontier-run-000277	common-two-chain-k2-slack_three-0	distinct	replay	3	FFFSS	0	none
frontier-run-000278	common-two-chain-k2-slack_three-0	colliding	replay	3	SS	0	none
frontier-run-000279	common-two-chain-k2-slack_three-0	colliding	replay	3	SFS	0	none
frontier-run-000280	common-two-chain-k2-slack_three-0	colliding	replay	3	SFFS	0	none
frontier-run-000281	common-two-chain-k2-slack_three-0	colliding	replay	3	SFFFS	0	none
frontier-run-000282	common-two-chain-k2-slack_three-0	colliding	replay	3	FSS	0	none
frontier-run-000283	common-two-chain-k2-slack_three-0	colliding	replay	3	FSFS	0	none
frontier-run-000284	common-two-chain-k2-slack_three-0	colliding	replay	3	FSFFS	0	none
frontier-run-000285	common-two-chain-k2-slack_three-0	colliding	replay	3	FFSS	0	none
frontier-run-000286	common-two-chain-k2-slack_three-0	colliding	replay	3	FFSFS	0	none
frontier-run-000287	common-two-chain-k2-slack_three-0	colliding	replay	3	FFFSS	0	none
frontier-run-000288	common-two-chain-k2-slack_three-0	distinct	concurrent	3	-	11	none
frontier-run-000289	common-two-chain-k2-slack_three-0	distinct	concurrent	3	-	23	none
frontier-run-000290	common-two-chain-k2-slack_three-0	colliding	concurrent	3	-	11	none
frontier-run-000291	common-two-chain-k2-slack_three-0	colliding	concurrent	3	-	23	none
frontier-run-000292	common-two-chain-k2-slack_three-1	distinct	replay	0	SS	0	none
frontier-run-000293	common-two-chain-k2-slack_three-1	colliding	replay	0	SS	0	none
frontier-run-000294	common-two-chain-k2-slack_three-1	distinct	replay	1	SS	0	none
frontier-run-000295	common-two-chain-k2-slack_three-1	distinct	replay	1	SF	0	none
frontier-run-000296	common-two-chain-k2-slack_three-1	distinct	replay	1	FS	0	none
frontier-run-000297	common-two-chain-k2-slack_three-1	colliding	replay	1	SS	0	none
frontier-run-000298	common-two-chain-k2-slack_three-1	colliding	replay	1	SF	0	none
frontier-run-000299	common-two-chain-k2-slack_three-1	colliding	replay	1	FS	0	none
frontier-run-000300	common-two-chain-k2-slack_three-1	distinct	replay	2	SS	0	none
frontier-run-000301	common-two-chain-k2-slack_three-1	distinct	replay	2	SFS	0	none
frontier-run-000302	common-two-chain-k2-slack_three-1	distinct	replay	2	SFF	0	none
frontier-run-000303	common-two-chain-k2-slack_three-1	distinct	replay	2	FSS	0	none
frontier-run-000304	common-two-chain-k2-slack_three-1	distinct	replay	2	FSF	0	none
frontier-run-000305	common-two-chain-k2-slack_three-1	distinct	replay	2	FFS	0	none
frontier-run-000306	common-two-chain-k2-slack_three-1	colliding	replay	2	SS	0	none
frontier-run-000307	common-two-chain-k2-slack_three-1	colliding	replay	2	SFS	0	none
frontier-run-000308	common-two-chain-k2-slack_three-1	colliding	replay	2	SFF	0	none
frontier-run-000309	common-two-chain-k2-slack_three-1	colliding	replay	2	FSS	0	none
frontier-run-000310	common-two-chain-k2-slack_three-1	colliding	replay	2	FSF	0	none
frontier-run-000311	common-two-chain-k2-slack_three-1	colliding	replay	2	FFS	0	none
frontier-run-000312	common-two-chain-k2-slack_three-1	distinct	replay	3	SS	0	none
frontier-run-000313	common-two-chain-k2-slack_three-1	distinct	replay	3	SFS	0	none
frontier-run-000314	common-two-chain-k2-slack_three-1	distinct	replay	3	SFFS	0	none
frontier-run-000315	common-two-chain-k2-slack_three-1	distinct	replay	3	SFFF	0	none
frontier-run-000316	common-two-chain-k2-slack_three-1	distinct	replay	3	FSS	0	none
frontier-run-000317	common-two-chain-k2-slack_three-1	distinct	replay	3	FSFS	0	none
frontier-run-000318	common-two-chain-k2-slack_three-1	distinct	replay	3	FSFF	0	none
frontier-run-000319	common-two-chain-k2-slack_three-1	distinct	replay	3	FFSS	0	none
frontier-run-000320	common-two-chain-k2-slack_three-1	distinct	replay	3	FFSF	0	none
frontier-run-000321	common-two-chain-k2-slack_three-1	distinct	replay	3	FFFS	0	none
frontier-run-000322	common-two-chain-k2-slack_three-1	colliding	replay	3	SS	0	none
frontier-run-000323	common-two-chain-k2-slack_three-1	colliding	replay	3	SFS	0	none
frontier-run-000324	common-two-chain-k2-slack_three-1	colliding	replay	3	SFFS	0	none
frontier-run-000325	common-two-chain-k2-slack_three-1	colliding	replay	3	SFFF	0	none
frontier-run-000326	common-two-chain-k2-slack_three-1	colliding	replay	3	FSS	0	none
frontier-run-000327	common-two-chain-k2-slack_three-1	colliding	replay	3	FSFS	0	none
frontier-run-000328	common-two-chain-k2-slack_three-1	colliding	replay	3	FSFF	0	none
frontier-run-000329	common-two-chain-k2-slack_three-1	colliding	replay	3	FFSS	0	none
frontier-run-000330	common-two-chain-k2-slack_three-1	colliding	replay	3	FFSF	0	none
frontier-run-000331	common-two-chain-k2-slack_three-1	colliding	replay	3	FFFS	0	none
frontier-run-000332	common-two-chain-k2-slack_three-1	distinct	concurrent	3	-	11	none
frontier-run-000333	common-two-chain-k2-slack_three-1	distinct	concurrent	3	-	23	none
frontier-run-000334	common-two-chain-k2-slack_three-1	colliding	concurrent	3	-	11	none
frontier-run-000335	common-two-chain-k2-slack_three-1	colliding	concurrent	3	-	23	none
frontier-run-000336	common-two-chain-k2-slack_three-2	distinct	replay	0	SS	0	none
frontier-run-000337	common-two-chain-k2-slack_three-2	colliding	replay	0	SS	0	none
frontier-run-000338	common-two-chain-k2-slack_three-2	distinct	replay	1	SS	0	none
frontier-run-000339	common-two-chain-k2-slack_three-2	distinct	replay	1	SF	0	none
frontier-run-000340	common-two-chain-k2-slack_three-2	distinct	replay	1	FS	0	none
frontier-run-000341	common-two-chain-k2-slack_three-2	colliding	replay	1	SS	0	none
frontier-run-000342	common-two-chain-k2-slack_three-2	colliding	replay	1	SF	0	none
frontier-run-000343	common-two-chain-k2-slack_three-2	colliding	replay	1	FS	0	none
frontier-run-000344	common-two-chain-k2-slack_three-2	distinct	replay	2	SS	0	none
frontier-run-000345	common-two-chain-k2-slack_three-2	distinct	replay	2	SF	0	none
frontier-run-000346	common-two-chain-k2-slack_three-2	distinct	replay	2	FS	0	none
frontier-run-000347	common-two-chain-k2-slack_three-2	distinct	replay	2	FF	0	none
frontier-run-000348	common-two-chain-k2-slack_three-2	colliding	replay	2	SS	0	none
frontier-run-000349	common-two-chain-k2-slack_three-2	colliding	replay	2	SF	0	none
frontier-run-000350	common-two-chain-k2-slack_three-2	colliding	replay	2	FS	0	none
frontier-run-000351	common-two-chain-k2-slack_three-2	colliding	replay	2	FF	0	none
frontier-run-000352	common-two-chain-k2-slack_three-2	distinct	replay	3	SS	0	none
frontier-run-000353	common-two-chain-k2-slack_three-2	distinct	replay	3	SFS	0	none
frontier-run-000354	common-two-chain-k2-slack_three-2	distinct	replay	3	SFF	0	none
frontier-run-000355	common-two-chain-k2-slack_three-2	distinct	replay	3	FSS	0	none
frontier-run-000356	common-two-chain-k2-slack_three-2	distinct	replay	3	FSF	0	none
frontier-run-000357	common-two-chain-k2-slack_three-2	distinct	replay	3	FFS	0	none
frontier-run-000358	common-two-chain-k2-slack_three-2	distinct	replay	3	FFF	0	none
frontier-run-000359	common-two-chain-k2-slack_three-2	colliding	replay	3	SS	0	none
frontier-run-000360	common-two-chain-k2-slack_three-2	colliding	replay	3	SFS	0	none
frontier-run-000361	common-two-chain-k2-slack_three-2	colliding	replay	3	SFF	0	none
frontier-run-000362	common-two-chain-k2-slack_three-2	colliding	replay	3	FSS	0	none
frontier-run-000363	common-two-chain-k2-slack_three-2	colliding	replay	3	FSF	0	none
frontier-run-000364	common-two-chain-k2-slack_three-2	colliding	replay	3	FFS	0	none
frontier-run-000365	common-two-chain-k2-slack_three-2	colliding	replay	3	FFF	0	none
frontier-run-000366	common-two-chain-k2-slack_three-2	distinct	concurrent	3	-	11	none
frontier-run-000367	common-two-chain-k2-slack_three-2	distinct	concurrent	3	-	23	none
frontier-run-000368	common-two-chain-k2-slack_three-2	colliding	concurrent	3	-	11	none
frontier-run-000369	common-two-chain-k2-slack_three-2	colliding	concurrent	3	-	23	none
frontier-run-000370	common-two-chain-k2-slack_three-3	distinct	replay	0	SS	0	none
frontier-run-000371	common-two-chain-k2-slack_three-3	colliding	replay	0	SS	0	none
frontier-run-000372	common-two-chain-k2-slack_three-3	distinct	replay	1	SS	0	none
frontier-run-000373	common-two-chain-k2-slack_three-3	distinct	replay	1	SF	0	none
frontier-run-000374	common-two-chain-k2-slack_three-3	distinct	replay	1	FS	0	none
frontier-run-000375	common-two-chain-k2-slack_three-3	colliding	replay	1	SS	0	none
frontier-run-000376	common-two-chain-k2-slack_three-3	colliding	replay	1	SF	0	none
frontier-run-000377	common-two-chain-k2-slack_three-3	colliding	replay	1	FS	0	none
frontier-run-000378	common-two-chain-k2-slack_three-3	distinct	replay	2	SS	0	none
frontier-run-000379	common-two-chain-k2-slack_three-3	distinct	replay	2	SF	0	none
frontier-run-000380	common-two-chain-k2-slack_three-3	distinct	replay	2	FS	0	none
frontier-run-000381	common-two-chain-k2-slack_three-3	distinct	replay	2	FF	0	none
frontier-run-000382	common-two-chain-k2-slack_three-3	colliding	replay	2	SS	0	none
frontier-run-000383	common-two-chain-k2-slack_three-3	colliding	replay	2	SF	0	none
frontier-run-000384	common-two-chain-k2-slack_three-3	colliding	replay	2	FS	0	none
frontier-run-000385	common-two-chain-k2-slack_three-3	colliding	replay	2	FF	0	none
frontier-run-000386	common-two-chain-k2-slack_three-3	distinct	replay	3	SS	0	none
frontier-run-000387	common-two-chain-k2-slack_three-3	distinct	replay	3	SF	0	none
frontier-run-000388	common-two-chain-k2-slack_three-3	distinct	replay	3	FS	0	none
frontier-run-000389	common-two-chain-k2-slack_three-3	distinct	replay	3	FF	0	none
frontier-run-000390	common-two-chain-k2-slack_three-3	colliding	replay	3	SS	0	none
frontier-run-000391	common-two-chain-k2-slack_three-3	colliding	replay	3	SF	0	none
frontier-run-000392	common-two-chain-k2-slack_three-3	colliding	replay	3	FS	0	none
frontier-run-000393	common-two-chain-k2-slack_three-3	colliding	replay	3	FF	0	none
frontier-run-000394	common-two-chain-k2-slack_three-3	distinct	concurrent	3	-	11	none
frontier-run-000395	common-two-chain-k2-slack_three-3	distinct	concurrent	3	-	23	none
frontier-run-000396	common-two-chain-k2-slack_three-3	colliding	concurrent	3	-	11	none
frontier-run-000397	common-two-chain-k2-slack_three-3	colliding	concurrent	3	-	23	none
frontier-run-000398	common-two-chain-k2-slack_two-0	distinct	replay	0	SS	0	none
frontier-run-000399	common-two-chain-k2-slack_two-0	colliding	replay	0	SS	0	none
frontier-run-000400	common-two-chain-k2-slack_two-0	distinct	replay	1	SS	0	none
frontier-run-000401	common-two-chain-k2-slack_two-0	distinct	replay	1	SFS	0	none
frontier-run-000402	common-two-chain-k2-slack_two-0	distinct	replay	1	FSS	0	none
frontier-run-000403	common-two-chain-k2-slack_two-0	colliding	replay	1	SS	0	none
frontier-run-000404	common-two-chain-k2-slack_two-0	colliding	replay	1	SFS	0	none
frontier-run-000405	common-two-chain-k2-slack_two-0	colliding	replay	1	FSS	0	none
frontier-run-000406	common-two-chain-k2-slack_two-0	distinct	replay	2	SS	0	none
frontier-run-000407	common-two-chain-k2-slack_two-0	distinct	replay	2	SFS	0	none
frontier-run-000408	common-two-chain-k2-slack_two-0	distinct	replay	2	SFFS	0	none
frontier-run-000409	common-two-chain-k2-slack_two-0	distinct	replay	2	FSS	0	none
frontier-run-000410	common-two-chain-k2-slack_two-0	distinct	replay	2	FSFS	0	none
frontier-run-000411	common-two-chain-k2-slack_two-0	distinct	replay	2	FFSS	0	none
frontier-run-000412	common-two-chain-k2-slack_two-0	colliding	replay	2	SS	0	none
frontier-run-000413	common-two-chain-k2-slack_two-0	colliding	replay	2	SFS	0	none
frontier-run-000414	common-two-chain-k2-slack_two-0	colliding	replay	2	SFFS	0	none
frontier-run-000415	common-two-chain-k2-slack_two-0	colliding	replay	2	FSS	0	none
frontier-run-000416	common-two-chain-k2-slack_two-0	colliding	replay	2	FSFS	0	none
frontier-run-000417	common-two-chain-k2-slack_two-0	colliding	replay	2	FFSS	0	none
frontier-run-000418	common-two-chain-k2-slack_two-0	distinct	replay	3	SS	0	none
frontier-run-000419	common-two-chain-k2-slack_two-0	distinct	replay	3	SFS	0	none
frontier-run-000420	common-two-chain-k2-slack_two-0	distinct	replay	3	SFFS	0	none
frontier-run-000421	common-two-chain-k2-slack_two-0	distinct	replay	3	SFFFS	0	none
frontier-run-000422	common-two-chain-k2-slack_two-0	distinct	replay	3	FSS	0	none
frontier-run-000423	common-two-chain-k2-slack_two-0	distinct	replay	3	FSFS	0	none
frontier-run-000424	common-two-chain-k2-slack_two-0	distinct	replay	3	FSFFS	0	none
frontier-run-000425	common-two-chain-k2-slack_two-0	distinct	replay	3	FFSS	0	none
frontier-run-000426	common-two-chain-k2-slack_two-0	distinct	replay	3	FFSFS	0	none
frontier-run-000427	common-two-chain-k2-slack_two-0	distinct	replay	3	FFFSS	0	none
frontier-run-000428	common-two-chain-k2-slack_two-0	colliding	replay	3	SS	0	none
frontier-run-000429	common-two-chain-k2-slack_two-0	colliding	replay	3	SFS	0	none
frontier-run-000430	common-two-chain-k2-slack_two-0	colliding	replay	3	SFFS	0	none
frontier-run-000431	common-two-chain-k2-slack_two-0	colliding	replay	3	SFFFS	0	none
frontier-run-000432	common-two-chain-k2-slack_two-0	colliding	replay	3	FSS	0	none
frontier-run-000433	common-two-chain-k2-slack_two-0	colliding	replay	3	FSFS	0	none
frontier-run-000434	common-two-chain-k2-slack_two-0	colliding	replay	3	FSFFS	0	none
frontier-run-000435	common-two-chain-k2-slack_two-0	colliding	replay	3	FFSS	0	none
frontier-run-000436	common-two-chain-k2-slack_two-0	colliding	replay	3	FFSFS	0	none
frontier-run-000437	common-two-chain-k2-slack_two-0	colliding	replay	3	FFFSS	0	none
frontier-run-000438	common-two-chain-k2-slack_two-0	distinct	concurrent	3	-	11	none
frontier-run-000439	common-two-chain-k2-slack_two-0	distinct	concurrent	3	-	23	none
frontier-run-000440	common-two-chain-k2-slack_two-0	colliding	concurrent	3	-	11	none
frontier-run-000441	common-two-chain-k2-slack_two-0	colliding	concurrent	3	-	23	none
frontier-run-000442	common-two-chain-k2-slack_two-1	distinct	replay	0	SS	0	none
frontier-run-000443	common-two-chain-k2-slack_two-1	colliding	replay	0	SS	0	none
frontier-run-000444	common-two-chain-k2-slack_two-1	distinct	replay	1	-	0	none
frontier-run-000445	common-two-chain-k2-slack_two-1	colliding	replay	1	-	0	none
frontier-run-000446	common-two-chain-k2-slack_two-1	distinct	replay	2	SS	0	none
frontier-run-000447	common-two-chain-k2-slack_two-1	distinct	replay	2	SF	0	none
frontier-run-000448	common-two-chain-k2-slack_two-1	distinct	replay	2	F	0	none
frontier-run-000449	common-two-chain-k2-slack_two-1	colliding	replay	2	SS	0	none
frontier-run-000450	common-two-chain-k2-slack_two-1	colliding	replay	2	SF	0	none
frontier-run-000451	common-two-chain-k2-slack_two-1	colliding	replay	2	F	0	none
frontier-run-000452	common-two-chain-k2-slack_two-1	distinct	replay	3	SS	0	none
frontier-run-000453	common-two-chain-k2-slack_two-1	distinct	replay	3	SFS	0	none
frontier-run-000454	common-two-chain-k2-slack_two-1	distinct	replay	3	SFF	0	none
frontier-run-000455	common-two-chain-k2-slack_two-1	distinct	replay	3	FSS	0	none
frontier-run-000456	common-two-chain-k2-slack_two-1	distinct	replay	3	FSF	0	none
frontier-run-000457	common-two-chain-k2-slack_two-1	distinct	replay	3	FF	0	none
frontier-run-000458	common-two-chain-k2-slack_two-1	colliding	replay	3	SS	0	none
frontier-run-000459	common-two-chain-k2-slack_two-1	colliding	replay	3	SFS	0	none
frontier-run-000460	common-two-chain-k2-slack_two-1	colliding	replay	3	SFF	0	none
frontier-run-000461	common-two-chain-k2-slack_two-1	colliding	replay	3	FSS	0	none
frontier-run-000462	common-two-chain-k2-slack_two-1	colliding	replay	3	FSF	0	none
frontier-run-000463	common-two-chain-k2-slack_two-1	colliding	replay	3	FF	0	none
frontier-run-000464	common-two-chain-k2-slack_two-1	distinct	concurrent	3	-	11	none
frontier-run-000465	common-two-chain-k2-slack_two-1	distinct	concurrent	3	-	23	none
frontier-run-000466	common-two-chain-k2-slack_two-1	colliding	concurrent	3	-	11	none
frontier-run-000467	common-two-chain-k2-slack_two-1	colliding	concurrent	3	-	23	none
frontier-run-000468	common-two-chain-k2-slack_two-2	distinct	replay	0	SS	0	none
frontier-run-000469	common-two-chain-k2-slack_two-2	colliding	replay	0	SS	0	none
frontier-run-000470	common-two-chain-k2-slack_two-2	distinct	replay	1	-	0	none
frontier-run-000471	common-two-chain-k2-slack_two-2	colliding	replay	1	-	0	none
frontier-run-000472	common-two-chain-k2-slack_two-2	distinct	replay	2	-	0	none
frontier-run-000473	common-two-chain-k2-slack_two-2	colliding	replay	2	-	0	none
frontier-run-000474	common-two-chain-k2-slack_two-2	distinct	replay	3	SS	0	none
frontier-run-000475	common-two-chain-k2-slack_two-2	distinct	replay	3	SF	0	none
frontier-run-000476	common-two-chain-k2-slack_two-2	distinct	replay	3	F	0	none
frontier-run-000477	common-two-chain-k2-slack_two-2	colliding	replay	3	SS	0	none
frontier-run-000478	common-two-chain-k2-slack_two-2	colliding	replay	3	SF	0	none
frontier-run-000479	common-two-chain-k2-slack_two-2	colliding	replay	3	F	0	none
frontier-run-000480	common-two-chain-k2-slack_two-2	distinct	concurrent	3	-	11	none
frontier-run-000481	common-two-chain-k2-slack_two-2	distinct	concurrent	3	-	23	none
frontier-run-000482	common-two-chain-k2-slack_two-2	colliding	concurrent	3	-	11	none
frontier-run-000483	common-two-chain-k2-slack_two-2	colliding	concurrent	3	-	23	none
frontier-run-000484	common-two-chain-k2-slack_two-3	distinct	replay	0	SS	0	none
frontier-run-000485	common-two-chain-k2-slack_two-3	colliding	replay	0	SS	0	none
frontier-run-000486	common-two-chain-k2-slack_two-3	distinct	replay	1	-	0	none
frontier-run-000487	common-two-chain-k2-slack_two-3	colliding	replay	1	-	0	none
frontier-run-000488	common-two-chain-k2-slack_two-3	distinct	replay	2	-	0	none
frontier-run-000489	common-two-chain-k2-slack_two-3	colliding	replay	2	-	0	none
frontier-run-000490	common-two-chain-k2-slack_two-3	distinct	replay	3	-	0	none
frontier-run-000491	common-two-chain-k2-slack_two-3	colliding	replay	3	-	0	none
frontier-run-000492	common-two-chain-k2-slack_two-3	distinct	concurrent	3	-	11	none
frontier-run-000493	common-two-chain-k2-slack_two-3	distinct	concurrent	3	-	23	none
frontier-run-000494	common-two-chain-k2-slack_two-3	colliding	concurrent	3	-	11	none
frontier-run-000495	common-two-chain-k2-slack_two-3	colliding	concurrent	3	-	23	none
frontier-run-000496	equal-two-independent-k0-slack_three-0	distinct	replay	0	SS	0	none
frontier-run-000497	equal-two-independent-k0-slack_three-0	colliding	replay	0	SS	0	none
frontier-run-000498	equal-two-independent-k0-slack_three-0	distinct	replay	1	SS	0	none
frontier-run-000499	equal-two-independent-k0-slack_three-0	distinct	replay	1	SFS	0	none
frontier-run-000500	equal-two-independent-k0-slack_three-0	distinct	replay	1	FSS	0	none
frontier-run-000501	equal-two-independent-k0-slack_three-0	colliding	replay	1	SS	0	none
frontier-run-000502	equal-two-independent-k0-slack_three-0	colliding	replay	1	SFS	0	none
frontier-run-000503	equal-two-independent-k0-slack_three-0	colliding	replay	1	FSS	0	none
frontier-run-000504	equal-two-independent-k0-slack_three-0	distinct	replay	2	SS	0	none
frontier-run-000505	equal-two-independent-k0-slack_three-0	distinct	replay	2	SFS	0	none
frontier-run-000506	equal-two-independent-k0-slack_three-0	distinct	replay	2	SFFS	0	none
frontier-run-000507	equal-two-independent-k0-slack_three-0	distinct	replay	2	FSS	0	none
frontier-run-000508	equal-two-independent-k0-slack_three-0	distinct	replay	2	FSFS	0	none
frontier-run-000509	equal-two-independent-k0-slack_three-0	distinct	replay	2	FFSS	0	none
frontier-run-000510	equal-two-independent-k0-slack_three-0	colliding	replay	2	SS	0	none
frontier-run-000511	equal-two-independent-k0-slack_three-0	colliding	replay	2	SFS	0	none
frontier-run-000512	equal-two-independent-k0-slack_three-0	colliding	replay	2	SFFS	0	none
frontier-run-000513	equal-two-independent-k0-slack_three-0	colliding	replay	2	FSS	0	none
frontier-run-000514	equal-two-independent-k0-slack_three-0	colliding	replay	2	FSFS	0	none
frontier-run-000515	equal-two-independent-k0-slack_three-0	colliding	replay	2	FFSS	0	none
frontier-run-000516	equal-two-independent-k0-slack_three-0	distinct	replay	3	SS	0	none
frontier-run-000517	equal-two-independent-k0-slack_three-0	distinct	replay	3	SFS	0	none
frontier-run-000518	equal-two-independent-k0-slack_three-0	distinct	replay	3	SFFS	0	none
frontier-run-000519	equal-two-independent-k0-slack_three-0	distinct	replay	3	SFFFS	0	none
frontier-run-000520	equal-two-independent-k0-slack_three-0	distinct	replay	3	FSS	0	none
frontier-run-000521	equal-two-independent-k0-slack_three-0	distinct	replay	3	FSFS	0	none
frontier-run-000522	equal-two-independent-k0-slack_three-0	distinct	replay	3	FSFFS	0	none
frontier-run-000523	equal-two-independent-k0-slack_three-0	distinct	replay	3	FFSS	0	none
frontier-run-000524	equal-two-independent-k0-slack_three-0	distinct	replay	3	FFSFS	0	none
frontier-run-000525	equal-two-independent-k0-slack_three-0	distinct	replay	3	FFFSS	0	none
frontier-run-000526	equal-two-independent-k0-slack_three-0	colliding	replay	3	SS	0	none
frontier-run-000527	equal-two-independent-k0-slack_three-0	colliding	replay	3	SFS	0	none
frontier-run-000528	equal-two-independent-k0-slack_three-0	colliding	replay	3	SFFS	0	none
frontier-run-000529	equal-two-independent-k0-slack_three-0	colliding	replay	3	SFFFS	0	none
frontier-run-000530	equal-two-independent-k0-slack_three-0	colliding	replay	3	FSS	0	none
frontier-run-000531	equal-two-independent-k0-slack_three-0	colliding	replay	3	FSFS	0	none
frontier-run-000532	equal-two-independent-k0-slack_three-0	colliding	replay	3	FSFFS	0	none
frontier-run-000533	equal-two-independent-k0-slack_three-0	colliding	replay	3	FFSS	0	none
frontier-run-000534	equal-two-independent-k0-slack_three-0	colliding	replay	3	FFSFS	0	none
frontier-run-000535	equal-two-independent-k0-slack_three-0	colliding	replay	3	FFFSS	0	none
frontier-run-000536	equal-two-independent-k0-slack_three-0	distinct	concurrent	3	-	11	none
frontier-run-000537	equal-two-independent-k0-slack_three-0	distinct	concurrent	3	-	23	none
frontier-run-000538	equal-two-independent-k0-slack_three-0	colliding	concurrent	3	-	11	none
frontier-run-000539	equal-two-independent-k0-slack_three-0	colliding	concurrent	3	-	23	none
frontier-run-000540	equal-two-independent-k0-slack_three-1	distinct	replay	0	SS	0	none
frontier-run-000541	equal-two-independent-k0-slack_three-1	colliding	replay	0	SS	0	none
frontier-run-000542	equal-two-independent-k0-slack_three-1	distinct	replay	1	SS	0	none
frontier-run-000543	equal-two-independent-k0-slack_three-1	distinct	replay	1	SF	0	none
frontier-run-000544	equal-two-independent-k0-slack_three-1	distinct	replay	1	FS	0	none
frontier-run-000545	equal-two-independent-k0-slack_three-1	colliding	replay	1	SS	0	none
frontier-run-000546	equal-two-independent-k0-slack_three-1	colliding	replay	1	SF	0	none
frontier-run-000547	equal-two-independent-k0-slack_three-1	colliding	replay	1	FS	0	none
frontier-run-000548	equal-two-independent-k0-slack_three-1	distinct	replay	2	SS	0	none
frontier-run-000549	equal-two-independent-k0-slack_three-1	distinct	replay	2	SFS	0	none
frontier-run-000550	equal-two-independent-k0-slack_three-1	distinct	replay	2	SFF	0	none
frontier-run-000551	equal-two-independent-k0-slack_three-1	distinct	replay	2	FSS	0	none
frontier-run-000552	equal-two-independent-k0-slack_three-1	distinct	replay	2	FSF	0	none
frontier-run-000553	equal-two-independent-k0-slack_three-1	distinct	replay	2	FFS	0	none
frontier-run-000554	equal-two-independent-k0-slack_three-1	colliding	replay	2	SS	0	none
frontier-run-000555	equal-two-independent-k0-slack_three-1	colliding	replay	2	SFS	0	none
frontier-run-000556	equal-two-independent-k0-slack_three-1	colliding	replay	2	SFF	0	none
frontier-run-000557	equal-two-independent-k0-slack_three-1	colliding	replay	2	FSS	0	none
frontier-run-000558	equal-two-independent-k0-slack_three-1	colliding	replay	2	FSF	0	none
frontier-run-000559	equal-two-independent-k0-slack_three-1	colliding	replay	2	FFS	0	none
frontier-run-000560	equal-two-independent-k0-slack_three-1	distinct	replay	3	SS	0	none
frontier-run-000561	equal-two-independent-k0-slack_three-1	distinct	replay	3	SFS	0	none
frontier-run-000562	equal-two-independent-k0-slack_three-1	distinct	replay	3	SFFS	0	none
frontier-run-000563	equal-two-independent-k0-slack_three-1	distinct	replay	3	SFFF	0	none
frontier-run-000564	equal-two-independent-k0-slack_three-1	distinct	replay	3	FSS	0	none
frontier-run-000565	equal-two-independent-k0-slack_three-1	distinct	replay	3	FSFS	0	none
frontier-run-000566	equal-two-independent-k0-slack_three-1	distinct	replay	3	FSFF	0	none
frontier-run-000567	equal-two-independent-k0-slack_three-1	distinct	replay	3	FFSS	0	none
frontier-run-000568	equal-two-independent-k0-slack_three-1	distinct	replay	3	FFSF	0	none
frontier-run-000569	equal-two-independent-k0-slack_three-1	distinct	replay	3	FFFS	0	none
frontier-run-000570	equal-two-independent-k0-slack_three-1	colliding	replay	3	SS	0	none
frontier-run-000571	equal-two-independent-k0-slack_three-1	colliding	replay	3	SFS	0	none
frontier-run-000572	equal-two-independent-k0-slack_three-1	colliding	replay	3	SFFS	0	none
frontier-run-000573	equal-two-independent-k0-slack_three-1	colliding	replay	3	SFFF	0	none
frontier-run-000574	equal-two-independent-k0-slack_three-1	colliding	replay	3	FSS	0	none
frontier-run-000575	equal-two-independent-k0-slack_three-1	colliding	replay	3	FSFS	0	none
frontier-run-000576	equal-two-independent-k0-slack_three-1	colliding	replay	3	FSFF	0	none
frontier-run-000577	equal-two-independent-k0-slack_three-1	colliding	replay	3	FFSS	0	none
frontier-run-000578	equal-two-independent-k0-slack_three-1	colliding	replay	3	FFSF	0	none
frontier-run-000579	equal-two-independent-k0-slack_three-1	colliding	replay	3	FFFS	0	none
frontier-run-000580	equal-two-independent-k0-slack_three-1	distinct	concurrent	3	-	11	none
frontier-run-000581	equal-two-independent-k0-slack_three-1	distinct	concurrent	3	-	23	none
frontier-run-000582	equal-two-independent-k0-slack_three-1	colliding	concurrent	3	-	11	none
frontier-run-000583	equal-two-independent-k0-slack_three-1	colliding	concurrent	3	-	23	none
frontier-run-000584	equal-two-independent-k0-slack_three-2	distinct	replay	0	SS	0	none
frontier-run-000585	equal-two-independent-k0-slack_three-2	colliding	replay	0	SS	0	none
frontier-run-000586	equal-two-independent-k0-slack_three-2	distinct	replay	1	SS	0	none
frontier-run-000587	equal-two-independent-k0-slack_three-2	distinct	replay	1	SF	0	none
frontier-run-000588	equal-two-independent-k0-slack_three-2	distinct	replay	1	FS	0	none
frontier-run-000589	equal-two-independent-k0-slack_three-2	colliding	replay	1	SS	0	none
frontier-run-000590	equal-two-independent-k0-slack_three-2	colliding	replay	1	SF	0	none
frontier-run-000591	equal-two-independent-k0-slack_three-2	colliding	replay	1	FS	0	none
frontier-run-000592	equal-two-independent-k0-slack_three-2	distinct	replay	2	SS	0	none
frontier-run-000593	equal-two-independent-k0-slack_three-2	distinct	replay	2	SF	0	none
frontier-run-000594	equal-two-independent-k0-slack_three-2	distinct	replay	2	FS	0	none
frontier-run-000595	equal-two-independent-k0-slack_three-2	distinct	replay	2	FF	0	none
frontier-run-000596	equal-two-independent-k0-slack_three-2	colliding	replay	2	SS	0	none
frontier-run-000597	equal-two-independent-k0-slack_three-2	colliding	replay	2	SF	0	none
frontier-run-000598	equal-two-independent-k0-slack_three-2	colliding	replay	2	FS	0	none
frontier-run-000599	equal-two-independent-k0-slack_three-2	colliding	replay	2	FF	0	none
frontier-run-000600	equal-two-independent-k0-slack_three-2	distinct	replay	3	SS	0	none
frontier-run-000601	equal-two-independent-k0-slack_three-2	distinct	replay	3	SFS	0	none
frontier-run-000602	equal-two-independent-k0-slack_three-2	distinct	replay	3	SFF	0	none
frontier-run-000603	equal-two-independent-k0-slack_three-2	distinct	replay	3	FSS	0	none
frontier-run-000604	equal-two-independent-k0-slack_three-2	distinct	replay	3	FSF	0	none
frontier-run-000605	equal-two-independent-k0-slack_three-2	distinct	replay	3	FFS	0	none
frontier-run-000606	equal-two-independent-k0-slack_three-2	distinct	replay	3	FFF	0	none
frontier-run-000607	equal-two-independent-k0-slack_three-2	colliding	replay	3	SS	0	none
frontier-run-000608	equal-two-independent-k0-slack_three-2	colliding	replay	3	SFS	0	none
frontier-run-000609	equal-two-independent-k0-slack_three-2	colliding	replay	3	SFF	0	none
frontier-run-000610	equal-two-independent-k0-slack_three-2	colliding	replay	3	FSS	0	none
frontier-run-000611	equal-two-independent-k0-slack_three-2	colliding	replay	3	FSF	0	none
frontier-run-000612	equal-two-independent-k0-slack_three-2	colliding	replay	3	FFS	0	none
frontier-run-000613	equal-two-independent-k0-slack_three-2	colliding	replay	3	FFF	0	none
frontier-run-000614	equal-two-independent-k0-slack_three-2	distinct	concurrent	3	-	11	none
frontier-run-000615	equal-two-independent-k0-slack_three-2	distinct	concurrent	3	-	23	none
frontier-run-000616	equal-two-independent-k0-slack_three-2	colliding	concurrent	3	-	11	none
frontier-run-000617	equal-two-independent-k0-slack_three-2	colliding	concurrent	3	-	23	none
frontier-run-000618	equal-two-independent-k0-slack_three-3	distinct	replay	0	SS	0	none
frontier-run-000619	equal-two-independent-k0-slack_three-3	colliding	replay	0	SS	0	none
frontier-run-000620	equal-two-independent-k0-slack_three-3	distinct	replay	1	SS	0	none
frontier-run-000621	equal-two-independent-k0-slack_three-3	distinct	replay	1	SF	0	none
frontier-run-000622	equal-two-independent-k0-slack_three-3	distinct	replay	1	FS	0	none
frontier-run-000623	equal-two-independent-k0-slack_three-3	colliding	replay	1	SS	0	none
frontier-run-000624	equal-two-independent-k0-slack_three-3	colliding	replay	1	SF	0	none
frontier-run-000625	equal-two-independent-k0-slack_three-3	colliding	replay	1	FS	0	none
frontier-run-000626	equal-two-independent-k0-slack_three-3	distinct	replay	2	SS	0	none
frontier-run-000627	equal-two-independent-k0-slack_three-3	distinct	replay	2	SF	0	none
frontier-run-000628	equal-two-independent-k0-slack_three-3	distinct	replay	2	FS	0	none
frontier-run-000629	equal-two-independent-k0-slack_three-3	distinct	replay	2	FF	0	none
frontier-run-000630	equal-two-independent-k0-slack_three-3	colliding	replay	2	SS	0	none
frontier-run-000631	equal-two-independent-k0-slack_three-3	colliding	replay	2	SF	0	none
frontier-run-000632	equal-two-independent-k0-slack_three-3	colliding	replay	2	FS	0	none
frontier-run-000633	equal-two-independent-k0-slack_three-3	colliding	replay	2	FF	0	none
frontier-run-000634	equal-two-independent-k0-slack_three-3	distinct	replay	3	SS	0	none
frontier-run-000635	equal-two-independent-k0-slack_three-3	distinct	replay	3	SF	0	none
frontier-run-000636	equal-two-independent-k0-slack_three-3	distinct	replay	3	FS	0	none
frontier-run-000637	equal-two-independent-k0-slack_three-3	distinct	replay	3	FF	0	none
frontier-run-000638	equal-two-independent-k0-slack_three-3	colliding	replay	3	SS	0	none
frontier-run-000639	equal-two-independent-k0-slack_three-3	colliding	replay	3	SF	0	none
frontier-run-000640	equal-two-independent-k0-slack_three-3	colliding	replay	3	FS	0	none
frontier-run-000641	equal-two-independent-k0-slack_three-3	colliding	replay	3	FF	0	none
frontier-run-000642	equal-two-independent-k0-slack_three-3	distinct	concurrent	3	-	11	none
frontier-run-000643	equal-two-independent-k0-slack_three-3	distinct	concurrent	3	-	23	none
frontier-run-000644	equal-two-independent-k0-slack_three-3	colliding	concurrent	3	-	11	none
frontier-run-000645	equal-two-independent-k0-slack_three-3	colliding	concurrent	3	-	23	none
frontier-run-000646	equal-two-independent-k0-slack_two-0	distinct	replay	0	SS	0	none
frontier-run-000647	equal-two-independent-k0-slack_two-0	colliding	replay	0	SS	0	none
frontier-run-000648	equal-two-independent-k0-slack_two-0	distinct	replay	1	SS	0	none
frontier-run-000649	equal-two-independent-k0-slack_two-0	distinct	replay	1	SFS	0	none
frontier-run-000650	equal-two-independent-k0-slack_two-0	distinct	replay	1	FSS	0	none
frontier-run-000651	equal-two-independent-k0-slack_two-0	colliding	replay	1	SS	0	none
frontier-run-000652	equal-two-independent-k0-slack_two-0	colliding	replay	1	SFS	0	none
frontier-run-000653	equal-two-independent-k0-slack_two-0	colliding	replay	1	FSS	0	none
frontier-run-000654	equal-two-independent-k0-slack_two-0	distinct	replay	2	SS	0	none
frontier-run-000655	equal-two-independent-k0-slack_two-0	distinct	replay	2	SFS	0	none
frontier-run-000656	equal-two-independent-k0-slack_two-0	distinct	replay	2	SFFS	0	none
frontier-run-000657	equal-two-independent-k0-slack_two-0	distinct	replay	2	FSS	0	none
frontier-run-000658	equal-two-independent-k0-slack_two-0	distinct	replay	2	FSFS	0	none
frontier-run-000659	equal-two-independent-k0-slack_two-0	distinct	replay	2	FFSS	0	none
frontier-run-000660	equal-two-independent-k0-slack_two-0	colliding	replay	2	SS	0	none
frontier-run-000661	equal-two-independent-k0-slack_two-0	colliding	replay	2	SFS	0	none
frontier-run-000662	equal-two-independent-k0-slack_two-0	colliding	replay	2	SFFS	0	none
frontier-run-000663	equal-two-independent-k0-slack_two-0	colliding	replay	2	FSS	0	none
frontier-run-000664	equal-two-independent-k0-slack_two-0	colliding	replay	2	FSFS	0	none
frontier-run-000665	equal-two-independent-k0-slack_two-0	colliding	replay	2	FFSS	0	none
frontier-run-000666	equal-two-independent-k0-slack_two-0	distinct	replay	3	SS	0	none
frontier-run-000667	equal-two-independent-k0-slack_two-0	distinct	replay	3	SFS	0	none
frontier-run-000668	equal-two-independent-k0-slack_two-0	distinct	replay	3	SFFS	0	none
frontier-run-000669	equal-two-independent-k0-slack_two-0	distinct	replay	3	SFFFS	0	none
frontier-run-000670	equal-two-independent-k0-slack_two-0	distinct	replay	3	FSS	0	none
frontier-run-000671	equal-two-independent-k0-slack_two-0	distinct	replay	3	FSFS	0	none
frontier-run-000672	equal-two-independent-k0-slack_two-0	distinct	replay	3	FSFFS	0	none
frontier-run-000673	equal-two-independent-k0-slack_two-0	distinct	replay	3	FFSS	0	none
frontier-run-000674	equal-two-independent-k0-slack_two-0	distinct	replay	3	FFSFS	0	none
frontier-run-000675	equal-two-independent-k0-slack_two-0	distinct	replay	3	FFFSS	0	none
frontier-run-000676	equal-two-independent-k0-slack_two-0	colliding	replay	3	SS	0	none
frontier-run-000677	equal-two-independent-k0-slack_two-0	colliding	replay	3	SFS	0	none
frontier-run-000678	equal-two-independent-k0-slack_two-0	colliding	replay	3	SFFS	0	none
frontier-run-000679	equal-two-independent-k0-slack_two-0	colliding	replay	3	SFFFS	0	none
frontier-run-000680	equal-two-independent-k0-slack_two-0	colliding	replay	3	FSS	0	none
frontier-run-000681	equal-two-independent-k0-slack_two-0	colliding	replay	3	FSFS	0	none
frontier-run-000682	equal-two-independent-k0-slack_two-0	colliding	replay	3	FSFFS	0	none
frontier-run-000683	equal-two-independent-k0-slack_two-0	colliding	replay	3	FFSS	0	none
frontier-run-000684	equal-two-independent-k0-slack_two-0	colliding	replay	3	FFSFS	0	none
frontier-run-000685	equal-two-independent-k0-slack_two-0	colliding	replay	3	FFFSS	0	none
frontier-run-000686	equal-two-independent-k0-slack_two-0	distinct	concurrent	3	-	11	none
frontier-run-000687	equal-two-independent-k0-slack_two-0	distinct	concurrent	3	-	23	none
frontier-run-000688	equal-two-independent-k0-slack_two-0	colliding	concurrent	3	-	11	none
frontier-run-000689	equal-two-independent-k0-slack_two-0	colliding	concurrent	3	-	23	none
frontier-run-000690	equal-two-independent-k0-slack_two-1	distinct	replay	0	SS	0	none
frontier-run-000691	equal-two-independent-k0-slack_two-1	colliding	replay	0	SS	0	none
frontier-run-000692	equal-two-independent-k0-slack_two-1	distinct	replay	1	-	0	none
frontier-run-000693	equal-two-independent-k0-slack_two-1	colliding	replay	1	-	0	none
frontier-run-000694	equal-two-independent-k0-slack_two-1	distinct	replay	2	SS	0	none
frontier-run-000695	equal-two-independent-k0-slack_two-1	distinct	replay	2	SF	0	none
frontier-run-000696	equal-two-independent-k0-slack_two-1	distinct	replay	2	F	0	none
frontier-run-000697	equal-two-independent-k0-slack_two-1	colliding	replay	2	SS	0	none
frontier-run-000698	equal-two-independent-k0-slack_two-1	colliding	replay	2	SF	0	none
frontier-run-000699	equal-two-independent-k0-slack_two-1	colliding	replay	2	F	0	none
frontier-run-000700	equal-two-independent-k0-slack_two-1	distinct	replay	3	SS	0	none
frontier-run-000701	equal-two-independent-k0-slack_two-1	distinct	replay	3	SFS	0	none
frontier-run-000702	equal-two-independent-k0-slack_two-1	distinct	replay	3	SFF	0	none
frontier-run-000703	equal-two-independent-k0-slack_two-1	distinct	replay	3	FSS	0	none
frontier-run-000704	equal-two-independent-k0-slack_two-1	distinct	replay	3	FSF	0	none
frontier-run-000705	equal-two-independent-k0-slack_two-1	distinct	replay	3	FF	0	none
frontier-run-000706	equal-two-independent-k0-slack_two-1	colliding	replay	3	SS	0	none
frontier-run-000707	equal-two-independent-k0-slack_two-1	colliding	replay	3	SFS	0	none
frontier-run-000708	equal-two-independent-k0-slack_two-1	colliding	replay	3	SFF	0	none
frontier-run-000709	equal-two-independent-k0-slack_two-1	colliding	replay	3	FSS	0	none
frontier-run-000710	equal-two-independent-k0-slack_two-1	colliding	replay	3	FSF	0	none
frontier-run-000711	equal-two-independent-k0-slack_two-1	colliding	replay	3	FF	0	none
frontier-run-000712	equal-two-independent-k0-slack_two-1	distinct	concurrent	3	-	11	none
frontier-run-000713	equal-two-independent-k0-slack_two-1	distinct	concurrent	3	-	23	none
frontier-run-000714	equal-two-independent-k0-slack_two-1	colliding	concurrent	3	-	11	none
frontier-run-000715	equal-two-independent-k0-slack_two-1	colliding	concurrent	3	-	23	none
frontier-run-000716	equal-two-independent-k0-slack_two-2	distinct	replay	0	SS	0	none
frontier-run-000717	equal-two-independent-k0-slack_two-2	colliding	replay	0	SS	0	none
frontier-run-000718	equal-two-independent-k0-slack_two-2	distinct	replay	1	-	0	none
frontier-run-000719	equal-two-independent-k0-slack_two-2	colliding	replay	1	-	0	none
frontier-run-000720	equal-two-independent-k0-slack_two-2	distinct	replay	2	-	0	none
frontier-run-000721	equal-two-independent-k0-slack_two-2	colliding	replay	2	-	0	none
frontier-run-000722	equal-two-independent-k0-slack_two-2	distinct	replay	3	SS	0	none
frontier-run-000723	equal-two-independent-k0-slack_two-2	distinct	replay	3	SF	0	none
frontier-run-000724	equal-two-independent-k0-slack_two-2	distinct	replay	3	F	0	none
frontier-run-000725	equal-two-independent-k0-slack_two-2	colliding	replay	3	SS	0	none
frontier-run-000726	equal-two-independent-k0-slack_two-2	colliding	replay	3	SF	0	none
frontier-run-000727	equal-two-independent-k0-slack_two-2	colliding	replay	3	F	0	none
frontier-run-000728	equal-two-independent-k0-slack_two-2	distinct	concurrent	3	-	11	none
frontier-run-000729	equal-two-independent-k0-slack_two-2	distinct	concurrent	3	-	23	none
frontier-run-000730	equal-two-independent-k0-slack_two-2	colliding	concurrent	3	-	11	none
frontier-run-000731	equal-two-independent-k0-slack_two-2	colliding	concurrent	3	-	23	none
frontier-run-000732	equal-two-independent-k0-slack_two-3	distinct	replay	0	SS	0	none
frontier-run-000733	equal-two-independent-k0-slack_two-3	colliding	replay	0	SS	0	none
frontier-run-000734	equal-two-independent-k0-slack_two-3	distinct	replay	1	-	0	none
frontier-run-000735	equal-two-independent-k0-slack_two-3	colliding	replay	1	-	0	none
frontier-run-000736	equal-two-independent-k0-slack_two-3	distinct	replay	2	-	0	none
frontier-run-000737	equal-two-independent-k0-slack_two-3	colliding	replay	2	-	0	none
frontier-run-000738	equal-two-independent-k0-slack_two-3	distinct	replay	3	-	0	none
frontier-run-000739	equal-two-independent-k0-slack_two-3	colliding	replay	3	-	0	none
frontier-run-000740	equal-two-independent-k0-slack_two-3	distinct	concurrent	3	-	11	none
frontier-run-000741	equal-two-independent-k0-slack_two-3	distinct	concurrent	3	-	23	none
frontier-run-000742	equal-two-independent-k0-slack_two-3	colliding	concurrent	3	-	11	none
frontier-run-000743	equal-two-independent-k0-slack_two-3	colliding	concurrent	3	-	23	none
frontier-run-000744	equal-two-independent-k2-slack_three-0	distinct	replay	0	SS	0	none
frontier-run-000745	equal-two-independent-k2-slack_three-0	colliding	replay	0	SS	0	none
frontier-run-000746	equal-two-independent-k2-slack_three-0	distinct	replay	1	SS	0	none
frontier-run-000747	equal-two-independent-k2-slack_three-0	distinct	replay	1	SFS	0	none
frontier-run-000748	equal-two-independent-k2-slack_three-0	distinct	replay	1	FSS	0	none
frontier-run-000749	equal-two-independent-k2-slack_three-0	colliding	replay	1	SS	0	none
frontier-run-000750	equal-two-independent-k2-slack_three-0	colliding	replay	1	SFS	0	none
frontier-run-000751	equal-two-independent-k2-slack_three-0	colliding	replay	1	FSS	0	none
frontier-run-000752	equal-two-independent-k2-slack_three-0	distinct	replay	2	SS	0	none
frontier-run-000753	equal-two-independent-k2-slack_three-0	distinct	replay	2	SFS	0	none
frontier-run-000754	equal-two-independent-k2-slack_three-0	distinct	replay	2	SFFS	0	none
frontier-run-000755	equal-two-independent-k2-slack_three-0	distinct	replay	2	FSS	0	none
frontier-run-000756	equal-two-independent-k2-slack_three-0	distinct	replay	2	FSFS	0	none
frontier-run-000757	equal-two-independent-k2-slack_three-0	distinct	replay	2	FFSS	0	none
frontier-run-000758	equal-two-independent-k2-slack_three-0	colliding	replay	2	SS	0	none
frontier-run-000759	equal-two-independent-k2-slack_three-0	colliding	replay	2	SFS	0	none
frontier-run-000760	equal-two-independent-k2-slack_three-0	colliding	replay	2	SFFS	0	none
frontier-run-000761	equal-two-independent-k2-slack_three-0	colliding	replay	2	FSS	0	none
frontier-run-000762	equal-two-independent-k2-slack_three-0	colliding	replay	2	FSFS	0	none
frontier-run-000763	equal-two-independent-k2-slack_three-0	colliding	replay	2	FFSS	0	none
frontier-run-000764	equal-two-independent-k2-slack_three-0	distinct	replay	3	SS	0	none
frontier-run-000765	equal-two-independent-k2-slack_three-0	distinct	replay	3	SFS	0	none
frontier-run-000766	equal-two-independent-k2-slack_three-0	distinct	replay	3	SFFS	0	none
frontier-run-000767	equal-two-independent-k2-slack_three-0	distinct	replay	3	SFFFS	0	none
frontier-run-000768	equal-two-independent-k2-slack_three-0	distinct	replay	3	FSS	0	none
frontier-run-000769	equal-two-independent-k2-slack_three-0	distinct	replay	3	FSFS	0	none
frontier-run-000770	equal-two-independent-k2-slack_three-0	distinct	replay	3	FSFFS	0	none
frontier-run-000771	equal-two-independent-k2-slack_three-0	distinct	replay	3	FFSS	0	none
frontier-run-000772	equal-two-independent-k2-slack_three-0	distinct	replay	3	FFSFS	0	none
frontier-run-000773	equal-two-independent-k2-slack_three-0	distinct	replay	3	FFFSS	0	none
frontier-run-000774	equal-two-independent-k2-slack_three-0	colliding	replay	3	SS	0	none
frontier-run-000775	equal-two-independent-k2-slack_three-0	colliding	replay	3	SFS	0	none
frontier-run-000776	equal-two-independent-k2-slack_three-0	colliding	replay	3	SFFS	0	none
frontier-run-000777	equal-two-independent-k2-slack_three-0	colliding	replay	3	SFFFS	0	none
frontier-run-000778	equal-two-independent-k2-slack_three-0	colliding	replay	3	FSS	0	none
frontier-run-000779	equal-two-independent-k2-slack_three-0	colliding	replay	3	FSFS	0	none
frontier-run-000780	equal-two-independent-k2-slack_three-0	colliding	replay	3	FSFFS	0	none
frontier-run-000781	equal-two-independent-k2-slack_three-0	colliding	replay	3	FFSS	0	none
frontier-run-000782	equal-two-independent-k2-slack_three-0	colliding	replay	3	FFSFS	0	none
frontier-run-000783	equal-two-independent-k2-slack_three-0	colliding	replay	3	FFFSS	0	none
frontier-run-000784	equal-two-independent-k2-slack_three-0	distinct	concurrent	3	-	11	none
frontier-run-000785	equal-two-independent-k2-slack_three-0	distinct	concurrent	3	-	23	none
frontier-run-000786	equal-two-independent-k2-slack_three-0	colliding	concurrent	3	-	11	none
frontier-run-000787	equal-two-independent-k2-slack_three-0	colliding	concurrent	3	-	23	none
frontier-run-000788	equal-two-independent-k2-slack_three-1	distinct	replay	0	SS	0	none
frontier-run-000789	equal-two-independent-k2-slack_three-1	colliding	replay	0	SS	0	none
frontier-run-000790	equal-two-independent-k2-slack_three-1	distinct	replay	1	SS	0	none
frontier-run-000791	equal-two-independent-k2-slack_three-1	distinct	replay	1	SF	0	none
frontier-run-000792	equal-two-independent-k2-slack_three-1	distinct	replay	1	FS	0	none
frontier-run-000793	equal-two-independent-k2-slack_three-1	colliding	replay	1	SS	0	none
frontier-run-000794	equal-two-independent-k2-slack_three-1	colliding	replay	1	SF	0	none
frontier-run-000795	equal-two-independent-k2-slack_three-1	colliding	replay	1	FS	0	none
frontier-run-000796	equal-two-independent-k2-slack_three-1	distinct	replay	2	SS	0	none
frontier-run-000797	equal-two-independent-k2-slack_three-1	distinct	replay	2	SFS	0	none
frontier-run-000798	equal-two-independent-k2-slack_three-1	distinct	replay	2	SFF	0	none
frontier-run-000799	equal-two-independent-k2-slack_three-1	distinct	replay	2	FSS	0	none
frontier-run-000800	equal-two-independent-k2-slack_three-1	distinct	replay	2	FSF	0	none
frontier-run-000801	equal-two-independent-k2-slack_three-1	distinct	replay	2	FFS	0	none
frontier-run-000802	equal-two-independent-k2-slack_three-1	colliding	replay	2	SS	0	none
frontier-run-000803	equal-two-independent-k2-slack_three-1	colliding	replay	2	SFS	0	none
frontier-run-000804	equal-two-independent-k2-slack_three-1	colliding	replay	2	SFF	0	none
frontier-run-000805	equal-two-independent-k2-slack_three-1	colliding	replay	2	FSS	0	none
frontier-run-000806	equal-two-independent-k2-slack_three-1	colliding	replay	2	FSF	0	none
frontier-run-000807	equal-two-independent-k2-slack_three-1	colliding	replay	2	FFS	0	none
frontier-run-000808	equal-two-independent-k2-slack_three-1	distinct	replay	3	SS	0	none
frontier-run-000809	equal-two-independent-k2-slack_three-1	distinct	replay	3	SFS	0	none
frontier-run-000810	equal-two-independent-k2-slack_three-1	distinct	replay	3	SFFS	0	none
frontier-run-000811	equal-two-independent-k2-slack_three-1	distinct	replay	3	SFFF	0	none
frontier-run-000812	equal-two-independent-k2-slack_three-1	distinct	replay	3	FSS	0	none
frontier-run-000813	equal-two-independent-k2-slack_three-1	distinct	replay	3	FSFS	0	none
frontier-run-000814	equal-two-independent-k2-slack_three-1	distinct	replay	3	FSFF	0	none
frontier-run-000815	equal-two-independent-k2-slack_three-1	distinct	replay	3	FFSS	0	none
frontier-run-000816	equal-two-independent-k2-slack_three-1	distinct	replay	3	FFSF	0	none
frontier-run-000817	equal-two-independent-k2-slack_three-1	distinct	replay	3	FFFS	0	none
frontier-run-000818	equal-two-independent-k2-slack_three-1	colliding	replay	3	SS	0	none
frontier-run-000819	equal-two-independent-k2-slack_three-1	colliding	replay	3	SFS	0	none
frontier-run-000820	equal-two-independent-k2-slack_three-1	colliding	replay	3	SFFS	0	none
frontier-run-000821	equal-two-independent-k2-slack_three-1	colliding	replay	3	SFFF	0	none
frontier-run-000822	equal-two-independent-k2-slack_three-1	colliding	replay	3	FSS	0	none
frontier-run-000823	equal-two-independent-k2-slack_three-1	colliding	replay	3	FSFS	0	none
frontier-run-000824	equal-two-independent-k2-slack_three-1	colliding	replay	3	FSFF	0	none
frontier-run-000825	equal-two-independent-k2-slack_three-1	colliding	replay	3	FFSS	0	none
frontier-run-000826	equal-two-independent-k2-slack_three-1	colliding	replay	3	FFSF	0	none
frontier-run-000827	equal-two-independent-k2-slack_three-1	colliding	replay	3	FFFS	0	none
frontier-run-000828	equal-two-independent-k2-slack_three-1	distinct	concurrent	3	-	11	none
frontier-run-000829	equal-two-independent-k2-slack_three-1	distinct	concurrent	3	-	23	none
frontier-run-000830	equal-two-independent-k2-slack_three-1	colliding	concurrent	3	-	11	none
frontier-run-000831	equal-two-independent-k2-slack_three-1	colliding	concurrent	3	-	23	none
frontier-run-000832	equal-two-independent-k2-slack_three-2	distinct	replay	0	SS	0	none
frontier-run-000833	equal-two-independent-k2-slack_three-2	colliding	replay	0	SS	0	none
frontier-run-000834	equal-two-independent-k2-slack_three-2	distinct	replay	1	SS	0	none
frontier-run-000835	equal-two-independent-k2-slack_three-2	distinct	replay	1	SF	0	none
frontier-run-000836	equal-two-independent-k2-slack_three-2	distinct	replay	1	FS	0	none
frontier-run-000837	equal-two-independent-k2-slack_three-2	colliding	replay	1	SS	0	none
frontier-run-000838	equal-two-independent-k2-slack_three-2	colliding	replay	1	SF	0	none
frontier-run-000839	equal-two-independent-k2-slack_three-2	colliding	replay	1	FS	0	none
frontier-run-000840	equal-two-independent-k2-slack_three-2	distinct	replay	2	SS	0	none
frontier-run-000841	equal-two-independent-k2-slack_three-2	distinct	replay	2	SF	0	none
frontier-run-000842	equal-two-independent-k2-slack_three-2	distinct	replay	2	FS	0	none
frontier-run-000843	equal-two-independent-k2-slack_three-2	distinct	replay	2	FF	0	none
frontier-run-000844	equal-two-independent-k2-slack_three-2	colliding	replay	2	SS	0	none
frontier-run-000845	equal-two-independent-k2-slack_three-2	colliding	replay	2	SF	0	none
frontier-run-000846	equal-two-independent-k2-slack_three-2	colliding	replay	2	FS	0	none
frontier-run-000847	equal-two-independent-k2-slack_three-2	colliding	replay	2	FF	0	none
frontier-run-000848	equal-two-independent-k2-slack_three-2	distinct	replay	3	SS	0	none
frontier-run-000849	equal-two-independent-k2-slack_three-2	distinct	replay	3	SFS	0	none
frontier-run-000850	equal-two-independent-k2-slack_three-2	distinct	replay	3	SFF	0	none
frontier-run-000851	equal-two-independent-k2-slack_three-2	distinct	replay	3	FSS	0	none
frontier-run-000852	equal-two-independent-k2-slack_three-2	distinct	replay	3	FSF	0	none
frontier-run-000853	equal-two-independent-k2-slack_three-2	distinct	replay	3	FFS	0	none
frontier-run-000854	equal-two-independent-k2-slack_three-2	distinct	replay	3	FFF	0	none
frontier-run-000855	equal-two-independent-k2-slack_three-2	colliding	replay	3	SS	0	none
frontier-run-000856	equal-two-independent-k2-slack_three-2	colliding	replay	3	SFS	0	none
frontier-run-000857	equal-two-independent-k2-slack_three-2	colliding	replay	3	SFF	0	none
frontier-run-000858	equal-two-independent-k2-slack_three-2	colliding	replay	3	FSS	0	none
frontier-run-000859	equal-two-independent-k2-slack_three-2	colliding	replay	3	FSF	0	none
frontier-run-000860	equal-two-independent-k2-slack_three-2	colliding	replay	3	FFS	0	none
frontier-run-000861	equal-two-independent-k2-slack_three-2	colliding	replay	3	FFF	0	none
frontier-run-000862	equal-two-independent-k2-slack_three-2	distinct	concurrent	3	-	11	none
frontier-run-000863	equal-two-independent-k2-slack_three-2	distinct	concurrent	3	-	23	none
frontier-run-000864	equal-two-independent-k2-slack_three-2	colliding	concurrent	3	-	11	none
frontier-run-000865	equal-two-independent-k2-slack_three-2	colliding	concurrent	3	-	23	none
frontier-run-000866	equal-two-independent-k2-slack_three-3	distinct	replay	0	SS	0	none
frontier-run-000867	equal-two-independent-k2-slack_three-3	colliding	replay	0	SS	0	none
frontier-run-000868	equal-two-independent-k2-slack_three-3	distinct	replay	1	SS	0	none
frontier-run-000869	equal-two-independent-k2-slack_three-3	distinct	replay	1	SF	0	none
frontier-run-000870	equal-two-independent-k2-slack_three-3	distinct	replay	1	FS	0	none
frontier-run-000871	equal-two-independent-k2-slack_three-3	colliding	replay	1	SS	0	none
frontier-run-000872	equal-two-independent-k2-slack_three-3	colliding	replay	1	SF	0	none
frontier-run-000873	equal-two-independent-k2-slack_three-3	colliding	replay	1	FS	0	none
frontier-run-000874	equal-two-independent-k2-slack_three-3	distinct	replay	2	SS	0	none
frontier-run-000875	equal-two-independent-k2-slack_three-3	distinct	replay	2	SF	0	none
frontier-run-000876	equal-two-independent-k2-slack_three-3	distinct	replay	2	FS	0	none
frontier-run-000877	equal-two-independent-k2-slack_three-3	distinct	replay	2	FF	0	none
frontier-run-000878	equal-two-independent-k2-slack_three-3	colliding	replay	2	SS	0	none
frontier-run-000879	equal-two-independent-k2-slack_three-3	colliding	replay	2	SF	0	none
frontier-run-000880	equal-two-independent-k2-slack_three-3	colliding	replay	2	FS	0	none
frontier-run-000881	equal-two-independent-k2-slack_three-3	colliding	replay	2	FF	0	none
frontier-run-000882	equal-two-independent-k2-slack_three-3	distinct	replay	3	SS	0	none
frontier-run-000883	equal-two-independent-k2-slack_three-3	distinct	replay	3	SF	0	none
frontier-run-000884	equal-two-independent-k2-slack_three-3	distinct	replay	3	FS	0	none
frontier-run-000885	equal-two-independent-k2-slack_three-3	distinct	replay	3	FF	0	none
frontier-run-000886	equal-two-independent-k2-slack_three-3	colliding	replay	3	SS	0	none
frontier-run-000887	equal-two-independent-k2-slack_three-3	colliding	replay	3	SF	0	none
frontier-run-000888	equal-two-independent-k2-slack_three-3	colliding	replay	3	FS	0	none
frontier-run-000889	equal-two-independent-k2-slack_three-3	colliding	replay	3	FF	0	none
frontier-run-000890	equal-two-independent-k2-slack_three-3	distinct	concurrent	3	-	11	none
frontier-run-000891	equal-two-independent-k2-slack_three-3	distinct	concurrent	3	-	23	none
frontier-run-000892	equal-two-independent-k2-slack_three-3	colliding	concurrent	3	-	11	none
frontier-run-000893	equal-two-independent-k2-slack_three-3	colliding	concurrent	3	-	23	none
frontier-run-000894	equal-two-independent-k2-slack_two-0	distinct	replay	0	SS	0	none
frontier-run-000895	equal-two-independent-k2-slack_two-0	colliding	replay	0	SS	0	none
frontier-run-000896	equal-two-independent-k2-slack_two-0	distinct	replay	1	SS	0	none
frontier-run-000897	equal-two-independent-k2-slack_two-0	distinct	replay	1	SFS	0	none
frontier-run-000898	equal-two-independent-k2-slack_two-0	distinct	replay	1	FSS	0	none
frontier-run-000899	equal-two-independent-k2-slack_two-0	colliding	replay	1	SS	0	none
frontier-run-000900	equal-two-independent-k2-slack_two-0	colliding	replay	1	SFS	0	none
frontier-run-000901	equal-two-independent-k2-slack_two-0	colliding	replay	1	FSS	0	none
frontier-run-000902	equal-two-independent-k2-slack_two-0	distinct	replay	2	SS	0	none
frontier-run-000903	equal-two-independent-k2-slack_two-0	distinct	replay	2	SFS	0	none
frontier-run-000904	equal-two-independent-k2-slack_two-0	distinct	replay	2	SFFS	0	none
frontier-run-000905	equal-two-independent-k2-slack_two-0	distinct	replay	2	FSS	0	none
frontier-run-000906	equal-two-independent-k2-slack_two-0	distinct	replay	2	FSFS	0	none
frontier-run-000907	equal-two-independent-k2-slack_two-0	distinct	replay	2	FFSS	0	none
frontier-run-000908	equal-two-independent-k2-slack_two-0	colliding	replay	2	SS	0	none
frontier-run-000909	equal-two-independent-k2-slack_two-0	colliding	replay	2	SFS	0	none
frontier-run-000910	equal-two-independent-k2-slack_two-0	colliding	replay	2	SFFS	0	none
frontier-run-000911	equal-two-independent-k2-slack_two-0	colliding	replay	2	FSS	0	none
frontier-run-000912	equal-two-independent-k2-slack_two-0	colliding	replay	2	FSFS	0	none
frontier-run-000913	equal-two-independent-k2-slack_two-0	colliding	replay	2	FFSS	0	none
frontier-run-000914	equal-two-independent-k2-slack_two-0	distinct	replay	3	SS	0	none
frontier-run-000915	equal-two-independent-k2-slack_two-0	distinct	replay	3	SFS	0	none
frontier-run-000916	equal-two-independent-k2-slack_two-0	distinct	replay	3	SFFS	0	none
frontier-run-000917	equal-two-independent-k2-slack_two-0	distinct	replay	3	SFFFS	0	none
frontier-run-000918	equal-two-independent-k2-slack_two-0	distinct	replay	3	FSS	0	none
frontier-run-000919	equal-two-independent-k2-slack_two-0	distinct	replay	3	FSFS	0	none
frontier-run-000920	equal-two-independent-k2-slack_two-0	distinct	replay	3	FSFFS	0	none
frontier-run-000921	equal-two-independent-k2-slack_two-0	distinct	replay	3	FFSS	0	none
frontier-run-000922	equal-two-independent-k2-slack_two-0	distinct	replay	3	FFSFS	0	none
frontier-run-000923	equal-two-independent-k2-slack_two-0	distinct	replay	3	FFFSS	0	none
frontier-run-000924	equal-two-independent-k2-slack_two-0	colliding	replay	3	SS	0	none
frontier-run-000925	equal-two-independent-k2-slack_two-0	colliding	replay	3	SFS	0	none
frontier-run-000926	equal-two-independent-k2-slack_two-0	colliding	replay	3	SFFS	0	none
frontier-run-000927	equal-two-independent-k2-slack_two-0	colliding	replay	3	SFFFS	0	none
frontier-run-000928	equal-two-independent-k2-slack_two-0	colliding	replay	3	FSS	0	none
frontier-run-000929	equal-two-independent-k2-slack_two-0	colliding	replay	3	FSFS	0	none
frontier-run-000930	equal-two-independent-k2-slack_two-0	colliding	replay	3	FSFFS	0	none
frontier-run-000931	equal-two-independent-k2-slack_two-0	colliding	replay	3	FFSS	0	none
frontier-run-000932	equal-two-independent-k2-slack_two-0	colliding	replay	3	FFSFS	0	none
frontier-run-000933	equal-two-independent-k2-slack_two-0	colliding	replay	3	FFFSS	0	none
frontier-run-000934	equal-two-independent-k2-slack_two-0	distinct	concurrent	3	-	11	none
frontier-run-000935	equal-two-independent-k2-slack_two-0	distinct	concurrent	3	-	23	none
frontier-run-000936	equal-two-independent-k2-slack_two-0	colliding	concurrent	3	-	11	none
frontier-run-000937	equal-two-independent-k2-slack_two-0	colliding	concurrent	3	-	23	none
frontier-run-000938	equal-two-independent-k2-slack_two-1	distinct	replay	0	SS	0	none
frontier-run-000939	equal-two-independent-k2-slack_two-1	colliding	replay	0	SS	0	none
frontier-run-000940	equal-two-independent-k2-slack_two-1	distinct	replay	1	-	0	none
frontier-run-000941	equal-two-independent-k2-slack_two-1	colliding	replay	1	-	0	none
frontier-run-000942	equal-two-independent-k2-slack_two-1	distinct	replay	2	SS	0	none
frontier-run-000943	equal-two-independent-k2-slack_two-1	distinct	replay	2	SF	0	none
frontier-run-000944	equal-two-independent-k2-slack_two-1	distinct	replay	2	F	0	none
frontier-run-000945	equal-two-independent-k2-slack_two-1	colliding	replay	2	SS	0	none
frontier-run-000946	equal-two-independent-k2-slack_two-1	colliding	replay	2	SF	0	none
frontier-run-000947	equal-two-independent-k2-slack_two-1	colliding	replay	2	F	0	none
frontier-run-000948	equal-two-independent-k2-slack_two-1	distinct	replay	3	SS	0	none
frontier-run-000949	equal-two-independent-k2-slack_two-1	distinct	replay	3	SFS	0	none
frontier-run-000950	equal-two-independent-k2-slack_two-1	distinct	replay	3	SFF	0	none
frontier-run-000951	equal-two-independent-k2-slack_two-1	distinct	replay	3	FSS	0	none
frontier-run-000952	equal-two-independent-k2-slack_two-1	distinct	replay	3	FSF	0	none
frontier-run-000953	equal-two-independent-k2-slack_two-1	distinct	replay	3	FF	0	none
frontier-run-000954	equal-two-independent-k2-slack_two-1	colliding	replay	3	SS	0	none
frontier-run-000955	equal-two-independent-k2-slack_two-1	colliding	replay	3	SFS	0	none
frontier-run-000956	equal-two-independent-k2-slack_two-1	colliding	replay	3	SFF	0	none
frontier-run-000957	equal-two-independent-k2-slack_two-1	colliding	replay	3	FSS	0	none
frontier-run-000958	equal-two-independent-k2-slack_two-1	colliding	replay	3	FSF	0	none
frontier-run-000959	equal-two-independent-k2-slack_two-1	colliding	replay	3	FF	0	none
frontier-run-000960	equal-two-independent-k2-slack_two-1	distinct	concurrent	3	-	11	none
frontier-run-000961	equal-two-independent-k2-slack_two-1	distinct	concurrent	3	-	23	none
frontier-run-000962	equal-two-independent-k2-slack_two-1	colliding	concurrent	3	-	11	none
frontier-run-000963	equal-two-independent-k2-slack_two-1	colliding	concurrent	3	-	23	none
frontier-run-000964	equal-two-independent-k2-slack_two-2	distinct	replay	0	SS	0	none
frontier-run-000965	equal-two-independent-k2-slack_two-2	colliding	replay	0	SS	0	none
frontier-run-000966	equal-two-independent-k2-slack_two-2	distinct	replay	1	-	0	none
frontier-run-000967	equal-two-independent-k2-slack_two-2	colliding	replay	1	-	0	none
frontier-run-000968	equal-two-independent-k2-slack_two-2	distinct	replay	2	-	0	none
frontier-run-000969	equal-two-independent-k2-slack_two-2	colliding	replay	2	-	0	none
frontier-run-000970	equal-two-independent-k2-slack_two-2	distinct	replay	3	SS	0	none
frontier-run-000971	equal-two-independent-k2-slack_two-2	distinct	replay	3	SF	0	none
frontier-run-000972	equal-two-independent-k2-slack_two-2	distinct	replay	3	F	0	none
frontier-run-000973	equal-two-independent-k2-slack_two-2	colliding	replay	3	SS	0	none
frontier-run-000974	equal-two-independent-k2-slack_two-2	colliding	replay	3	SF	0	none
frontier-run-000975	equal-two-independent-k2-slack_two-2	colliding	replay	3	F	0	none
frontier-run-000976	equal-two-independent-k2-slack_two-2	distinct	concurrent	3	-	11	none
frontier-run-000977	equal-two-independent-k2-slack_two-2	distinct	concurrent	3	-	23	none
frontier-run-000978	equal-two-independent-k2-slack_two-2	colliding	concurrent	3	-	11	none
frontier-run-000979	equal-two-independent-k2-slack_two-2	colliding	concurrent	3	-	23	none
frontier-run-000980	equal-two-independent-k2-slack_two-3	distinct	replay	0	SS	0	none
frontier-run-000981	equal-two-independent-k2-slack_two-3	colliding	replay	0	SS	0	none
frontier-run-000982	equal-two-independent-k2-slack_two-3	distinct	replay	1	-	0	none
frontier-run-000983	equal-two-independent-k2-slack_two-3	colliding	replay	1	-	0	none
frontier-run-000984	equal-two-independent-k2-slack_two-3	distinct	replay	2	-	0	none
frontier-run-000985	equal-two-independent-k2-slack_two-3	colliding	replay	2	-	0	none
frontier-run-000986	equal-two-independent-k2-slack_two-3	distinct	replay	3	-	0	none
frontier-run-000987	equal-two-independent-k2-slack_two-3	colliding	replay	3	-	0	none
frontier-run-000988	equal-two-independent-k2-slack_two-3	distinct	concurrent	3	-	11	none
frontier-run-000989	equal-two-independent-k2-slack_two-3	distinct	concurrent	3	-	23	none
frontier-run-000990	equal-two-independent-k2-slack_two-3	colliding	concurrent	3	-	11	none
frontier-run-000991	equal-two-independent-k2-slack_two-3	colliding	concurrent	3	-	23	none
frontier-run-000992	three-independent-k0-slack_three-0	distinct	replay	0	SSS	0	none
frontier-run-000993	three-independent-k0-slack_three-0	colliding	replay	0	SSS	0	none
frontier-run-000994	three-independent-k0-slack_three-0	distinct	replay	1	SSS	0	none
frontier-run-000995	three-independent-k0-slack_three-0	distinct	replay	1	SSFS	0	none
frontier-run-000996	three-independent-k0-slack_three-0	distinct	replay	1	SFSS	0	none
frontier-run-000997	three-independent-k0-slack_three-0	distinct	replay	1	FSSS	0	none
frontier-run-000998	three-independent-k0-slack_three-0	colliding	replay	1	SSS	0	none
frontier-run-000999	three-independent-k0-slack_three-0	colliding	replay	1	SSFS	0	none
frontier-run-001000	three-independent-k0-slack_three-0	colliding	replay	1	SFSS	0	none
frontier-run-001001	three-independent-k0-slack_three-0	colliding	replay	1	FSSS	0	none
frontier-run-001002	three-independent-k0-slack_three-0	distinct	replay	2	SSS	0	none
frontier-run-001003	three-independent-k0-slack_three-0	distinct	replay	2	SSFS	0	none
frontier-run-001004	three-independent-k0-slack_three-0	distinct	replay	2	SSFFS	0	none
frontier-run-001005	three-independent-k0-slack_three-0	distinct	replay	2	SFSS	0	none
frontier-run-001006	three-independent-k0-slack_three-0	distinct	replay	2	SFSFS	0	none
frontier-run-001007	three-independent-k0-slack_three-0	distinct	replay	2	SFFSS	0	none
frontier-run-001008	three-independent-k0-slack_three-0	distinct	replay	2	FSSS	0	none
frontier-run-001009	three-independent-k0-slack_three-0	distinct	replay	2	FSSFS	0	none
frontier-run-001010	three-independent-k0-slack_three-0	distinct	replay	2	FSFSS	0	none
frontier-run-001011	three-independent-k0-slack_three-0	distinct	replay	2	FFSSS	0	none
frontier-run-001012	three-independent-k0-slack_three-0	colliding	replay	2	SSS	0	none
frontier-run-001013	three-independent-k0-slack_three-0	colliding	replay	2	SSFS	0	none
frontier-run-001014	three-independent-k0-slack_three-0	colliding	replay	2	SSFFS	0	none
frontier-run-001015	three-independent-k0-slack_three-0	colliding	replay	2	SFSS	0	none
frontier-run-001016	three-independent-k0-slack_three-0	colliding	replay	2	SFSFS	0	none
frontier-run-001017	three-independent-k0-slack_three-0	colliding	replay	2	SFFSS	0	none
frontier-run-001018	three-independent-k0-slack_three-0	colliding	replay	2	FSSS	0	none
frontier-run-001019	three-independent-k0-slack_three-0	colliding	replay	2	FSSFS	0	none
frontier-run-001020	three-independent-k0-slack_three-0	colliding	replay	2	FSFSS	0	none
frontier-run-001021	three-independent-k0-slack_three-0	colliding	replay	2	FFSSS	0	none
frontier-run-001022	three-independent-k0-slack_three-0	distinct	replay	3	SSS	0	none
frontier-run-001023	three-independent-k0-slack_three-0	distinct	replay	3	SSFS	0	none
frontier-run-001024	three-independent-k0-slack_three-0	distinct	replay	3	SSFFS	0	none
frontier-run-001025	three-independent-k0-slack_three-0	distinct	replay	3	SSFFFS	0	none
frontier-run-001026	three-independent-k0-slack_three-0	distinct	replay	3	SFSS	0	none
frontier-run-001027	three-independent-k0-slack_three-0	distinct	replay	3	SFSFS	0	none
frontier-run-001028	three-independent-k0-slack_three-0	distinct	replay	3	SFSFFS	0	none
frontier-run-001029	three-independent-k0-slack_three-0	distinct	replay	3	SFFSS	0	none
frontier-run-001030	three-independent-k0-slack_three-0	distinct	replay	3	SFFSFS	0	none
frontier-run-001031	three-independent-k0-slack_three-0	distinct	replay	3	SFFFSS	0	none
frontier-run-001032	three-independent-k0-slack_three-0	distinct	replay	3	FSSS	0	none
frontier-run-001033	three-independent-k0-slack_three-0	distinct	replay	3	FSSFS	0	none
frontier-run-001034	three-independent-k0-slack_three-0	distinct	replay	3	FSSFFS	0	none
frontier-run-001035	three-independent-k0-slack_three-0	distinct	replay	3	FSFSS	0	none
frontier-run-001036	three-independent-k0-slack_three-0	distinct	replay	3	FSFSFS	0	none
frontier-run-001037	three-independent-k0-slack_three-0	distinct	replay	3	FSFFSS	0	none
frontier-run-001038	three-independent-k0-slack_three-0	distinct	replay	3	FFSSS	0	none
frontier-run-001039	three-independent-k0-slack_three-0	distinct	replay	3	FFSSFS	0	none
frontier-run-001040	three-independent-k0-slack_three-0	distinct	replay	3	FFSFSS	0	none
frontier-run-001041	three-independent-k0-slack_three-0	distinct	replay	3	FFFSSS	0	none
frontier-run-001042	three-independent-k0-slack_three-0	colliding	replay	3	SSS	0	none
frontier-run-001043	three-independent-k0-slack_three-0	colliding	replay	3	SSFS	0	none
frontier-run-001044	three-independent-k0-slack_three-0	colliding	replay	3	SSFFS	0	none
frontier-run-001045	three-independent-k0-slack_three-0	colliding	replay	3	SSFFFS	0	none
frontier-run-001046	three-independent-k0-slack_three-0	colliding	replay	3	SFSS	0	none
frontier-run-001047	three-independent-k0-slack_three-0	colliding	replay	3	SFSFS	0	none
frontier-run-001048	three-independent-k0-slack_three-0	colliding	replay	3	SFSFFS	0	none
frontier-run-001049	three-independent-k0-slack_three-0	colliding	replay	3	SFFSS	0	none
frontier-run-001050	three-independent-k0-slack_three-0	colliding	replay	3	SFFSFS	0	none
frontier-run-001051	three-independent-k0-slack_three-0	colliding	replay	3	SFFFSS	0	none
frontier-run-001052	three-independent-k0-slack_three-0	colliding	replay	3	FSSS	0	none
frontier-run-001053	three-independent-k0-slack_three-0	colliding	replay	3	FSSFS	0	none
frontier-run-001054	three-independent-k0-slack_three-0	colliding	replay	3	FSSFFS	0	none
frontier-run-001055	three-independent-k0-slack_three-0	colliding	replay	3	FSFSS	0	none
frontier-run-001056	three-independent-k0-slack_three-0	colliding	replay	3	FSFSFS	0	none
frontier-run-001057	three-independent-k0-slack_three-0	colliding	replay	3	FSFFSS	0	none
frontier-run-001058	three-independent-k0-slack_three-0	colliding	replay	3	FFSSS	0	none
frontier-run-001059	three-independent-k0-slack_three-0	colliding	replay	3	FFSSFS	0	none
frontier-run-001060	three-independent-k0-slack_three-0	colliding	replay	3	FFSFSS	0	none
frontier-run-001061	three-independent-k0-slack_three-0	colliding	replay	3	FFFSSS	0	none
frontier-run-001062	three-independent-k0-slack_three-0	distinct	concurrent	3	-	11	none
frontier-run-001063	three-independent-k0-slack_three-0	distinct	concurrent	3	-	23	none
frontier-run-001064	three-independent-k0-slack_three-0	colliding	concurrent	3	-	11	none
frontier-run-001065	three-independent-k0-slack_three-0	colliding	concurrent	3	-	23	none
frontier-run-001066	three-independent-k0-slack_three-1	distinct	replay	0	SSS	0	none
frontier-run-001067	three-independent-k0-slack_three-1	colliding	replay	0	SSS	0	none
frontier-run-001068	three-independent-k0-slack_three-1	distinct	replay	1	SSS	0	none
frontier-run-001069	three-independent-k0-slack_three-1	distinct	replay	1	SSF	0	none
frontier-run-001070	three-independent-k0-slack_three-1	distinct	replay	1	SFS	0	none
frontier-run-001071	three-independent-k0-slack_three-1	distinct	replay	1	FSS	0	none
frontier-run-001072	three-independent-k0-slack_three-1	colliding	replay	1	SSS	0	none
frontier-run-001073	three-independent-k0-slack_three-1	colliding	replay	1	SSF	0	none
frontier-run-001074	three-independent-k0-slack_three-1	colliding	replay	1	SFS	0	none
frontier-run-001075	three-independent-k0-slack_three-1	colliding	replay	1	FSS	0	none
frontier-run-001076	three-independent-k0-slack_three-1	distinct	replay	2	SSS	0	none
frontier-run-001077	three-independent-k0-slack_three-1	distinct	replay	2	SSFS	0	none
frontier-run-001078	three-independent-k0-slack_three-1	distinct	replay	2	SSFF	0	none
frontier-run-001079	three-independent-k0-slack_three-1	distinct	replay	2	SFSS	0	none
frontier-run-001080	three-independent-k0-slack_three-1	distinct	replay	2	SFSF	0	none
frontier-run-001081	three-independent-k0-slack_three-1	distinct	replay	2	SFFS	0	none
frontier-run-001082	three-independent-k0-slack_three-1	distinct	replay	2	FSSS	0	none
frontier-run-001083	three-independent-k0-slack_three-1	distinct	replay	2	FSSF	0	none
frontier-run-001084	three-independent-k0-slack_three-1	distinct	replay	2	FSFS	0	none
frontier-run-001085	three-independent-k0-slack_three-1	distinct	replay	2	FFSS	0	none
frontier-run-001086	three-independent-k0-slack_three-1	colliding	replay	2	SSS	0	none
frontier-run-001087	three-independent-k0-slack_three-1	colliding	replay	2	SSFS	0	none
frontier-run-001088	three-independent-k0-slack_three-1	colliding	replay	2	SSFF	0	none
frontier-run-001089	three-independent-k0-slack_three-1	colliding	replay	2	SFSS	0	none
frontier-run-001090	three-independent-k0-slack_three-1	colliding	replay	2	SFSF	0	none
frontier-run-001091	three-independent-k0-slack_three-1	colliding	replay	2	SFFS	0	none
frontier-run-001092	three-independent-k0-slack_three-1	colliding	replay	2	FSSS	0	none
frontier-run-001093	three-independent-k0-slack_three-1	colliding	replay	2	FSSF	0	none
frontier-run-001094	three-independent-k0-slack_three-1	colliding	replay	2	FSFS	0	none
frontier-run-001095	three-independent-k0-slack_three-1	colliding	replay	2	FFSS	0	none
frontier-run-001096	three-independent-k0-slack_three-1	distinct	replay	3	SSS	0	none
frontier-run-001097	three-independent-k0-slack_three-1	distinct	replay	3	SSFS	0	none
frontier-run-001098	three-independent-k0-slack_three-1	distinct	replay	3	SSFFS	0	none
frontier-run-001099	three-independent-k0-slack_three-1	distinct	replay	3	SSFFF	0	none
frontier-run-001100	three-independent-k0-slack_three-1	distinct	replay	3	SFSS	0	none
frontier-run-001101	three-independent-k0-slack_three-1	distinct	replay	3	SFSFS	0	none
frontier-run-001102	three-independent-k0-slack_three-1	distinct	replay	3	SFSFF	0	none
frontier-run-001103	three-independent-k0-slack_three-1	distinct	replay	3	SFFSS	0	none
frontier-run-001104	three-independent-k0-slack_three-1	distinct	replay	3	SFFSF	0	none
frontier-run-001105	three-independent-k0-slack_three-1	distinct	replay	3	SFFFS	0	none
frontier-run-001106	three-independent-k0-slack_three-1	distinct	replay	3	FSSS	0	none
frontier-run-001107	three-independent-k0-slack_three-1	distinct	replay	3	FSSFS	0	none
frontier-run-001108	three-independent-k0-slack_three-1	distinct	replay	3	FSSFF	0	none
frontier-run-001109	three-independent-k0-slack_three-1	distinct	replay	3	FSFSS	0	none
frontier-run-001110	three-independent-k0-slack_three-1	distinct	replay	3	FSFSF	0	none
frontier-run-001111	three-independent-k0-slack_three-1	distinct	replay	3	FSFFS	0	none
frontier-run-001112	three-independent-k0-slack_three-1	distinct	replay	3	FFSSS	0	none
frontier-run-001113	three-independent-k0-slack_three-1	distinct	replay	3	FFSSF	0	none
frontier-run-001114	three-independent-k0-slack_three-1	distinct	replay	3	FFSFS	0	none
frontier-run-001115	three-independent-k0-slack_three-1	distinct	replay	3	FFFSS	0	none
frontier-run-001116	three-independent-k0-slack_three-1	colliding	replay	3	SSS	0	none
frontier-run-001117	three-independent-k0-slack_three-1	colliding	replay	3	SSFS	0	none
frontier-run-001118	three-independent-k0-slack_three-1	colliding	replay	3	SSFFS	0	none
frontier-run-001119	three-independent-k0-slack_three-1	colliding	replay	3	SSFFF	0	none
frontier-run-001120	three-independent-k0-slack_three-1	colliding	replay	3	SFSS	0	none
frontier-run-001121	three-independent-k0-slack_three-1	colliding	replay	3	SFSFS	0	none
frontier-run-001122	three-independent-k0-slack_three-1	colliding	replay	3	SFSFF	0	none
frontier-run-001123	three-independent-k0-slack_three-1	colliding	replay	3	SFFSS	0	none
frontier-run-001124	three-independent-k0-slack_three-1	colliding	replay	3	SFFSF	0	none
frontier-run-001125	three-independent-k0-slack_three-1	colliding	replay	3	SFFFS	0	none
frontier-run-001126	three-independent-k0-slack_three-1	colliding	replay	3	FSSS	0	none
frontier-run-001127	three-independent-k0-slack_three-1	colliding	replay	3	FSSFS	0	none
frontier-run-001128	three-independent-k0-slack_three-1	colliding	replay	3	FSSFF	0	none
frontier-run-001129	three-independent-k0-slack_three-1	colliding	replay	3	FSFSS	0	none
frontier-run-001130	three-independent-k0-slack_three-1	colliding	replay	3	FSFSF	0	none
frontier-run-001131	three-independent-k0-slack_three-1	colliding	replay	3	FSFFS	0	none
frontier-run-001132	three-independent-k0-slack_three-1	colliding	replay	3	FFSSS	0	none
frontier-run-001133	three-independent-k0-slack_three-1	colliding	replay	3	FFSSF	0	none
frontier-run-001134	three-independent-k0-slack_three-1	colliding	replay	3	FFSFS	0	none
frontier-run-001135	three-independent-k0-slack_three-1	colliding	replay	3	FFFSS	0	none
frontier-run-001136	three-independent-k0-slack_three-1	distinct	concurrent	3	-	11	none
frontier-run-001137	three-independent-k0-slack_three-1	distinct	concurrent	3	-	23	none
frontier-run-001138	three-independent-k0-slack_three-1	colliding	concurrent	3	-	11	none
frontier-run-001139	three-independent-k0-slack_three-1	colliding	concurrent	3	-	23	none
frontier-run-001140	three-independent-k0-slack_three-2	distinct	replay	0	SSS	0	none
frontier-run-001141	three-independent-k0-slack_three-2	colliding	replay	0	SSS	0	none
frontier-run-001142	three-independent-k0-slack_three-2	distinct	replay	1	SSS	0	none
frontier-run-001143	three-independent-k0-slack_three-2	distinct	replay	1	SSF	0	none
frontier-run-001144	three-independent-k0-slack_three-2	distinct	replay	1	SFS	0	none
frontier-run-001145	three-independent-k0-slack_three-2	distinct	replay	1	FSS	0	none
frontier-run-001146	three-independent-k0-slack_three-2	colliding	replay	1	SSS	0	none
frontier-run-001147	three-independent-k0-slack_three-2	colliding	replay	1	SSF	0	none
frontier-run-001148	three-independent-k0-slack_three-2	colliding	replay	1	SFS	0	none
frontier-run-001149	three-independent-k0-slack_three-2	colliding	replay	1	FSS	0	none
frontier-run-001150	three-independent-k0-slack_three-2	distinct	replay	2	SSS	0	none
frontier-run-001151	three-independent-k0-slack_three-2	distinct	replay	2	SSF	0	none
frontier-run-001152	three-independent-k0-slack_three-2	distinct	replay	2	SFS	0	none
frontier-run-001153	three-independent-k0-slack_three-2	distinct	replay	2	SFF	0	none
frontier-run-001154	three-independent-k0-slack_three-2	distinct	replay	2	FSS	0	none
frontier-run-001155	three-independent-k0-slack_three-2	distinct	replay	2	FSF	0	none
frontier-run-001156	three-independent-k0-slack_three-2	distinct	replay	2	FFS	0	none
frontier-run-001157	three-independent-k0-slack_three-2	colliding	replay	2	SSS	0	none
frontier-run-001158	three-independent-k0-slack_three-2	colliding	replay	2	SSF	0	none
frontier-run-001159	three-independent-k0-slack_three-2	colliding	replay	2	SFS	0	none
frontier-run-001160	three-independent-k0-slack_three-2	colliding	replay	2	SFF	0	none
frontier-run-001161	three-independent-k0-slack_three-2	colliding	replay	2	FSS	0	none
frontier-run-001162	three-independent-k0-slack_three-2	colliding	replay	2	FSF	0	none
frontier-run-001163	three-independent-k0-slack_three-2	colliding	replay	2	FFS	0	none
frontier-run-001164	three-independent-k0-slack_three-2	distinct	replay	3	SSS	0	none
frontier-run-001165	three-independent-k0-slack_three-2	distinct	replay	3	SSFS	0	none
frontier-run-001166	three-independent-k0-slack_three-2	distinct	replay	3	SSFF	0	none
frontier-run-001167	three-independent-k0-slack_three-2	distinct	replay	3	SFSS	0	none
frontier-run-001168	three-independent-k0-slack_three-2	distinct	replay	3	SFSF	0	none
frontier-run-001169	three-independent-k0-slack_three-2	distinct	replay	3	SFFS	0	none
frontier-run-001170	three-independent-k0-slack_three-2	distinct	replay	3	SFFF	0	none
frontier-run-001171	three-independent-k0-slack_three-2	distinct	replay	3	FSSS	0	none
frontier-run-001172	three-independent-k0-slack_three-2	distinct	replay	3	FSSF	0	none
frontier-run-001173	three-independent-k0-slack_three-2	distinct	replay	3	FSFS	0	none
frontier-run-001174	three-independent-k0-slack_three-2	distinct	replay	3	FSFF	0	none
frontier-run-001175	three-independent-k0-slack_three-2	distinct	replay	3	FFSS	0	none
frontier-run-001176	three-independent-k0-slack_three-2	distinct	replay	3	FFSF	0	none
frontier-run-001177	three-independent-k0-slack_three-2	distinct	replay	3	FFFS	0	none
frontier-run-001178	three-independent-k0-slack_three-2	colliding	replay	3	SSS	0	none
frontier-run-001179	three-independent-k0-slack_three-2	colliding	replay	3	SSFS	0	none
frontier-run-001180	three-independent-k0-slack_three-2	colliding	replay	3	SSFF	0	none
frontier-run-001181	three-independent-k0-slack_three-2	colliding	replay	3	SFSS	0	none
frontier-run-001182	three-independent-k0-slack_three-2	colliding	replay	3	SFSF	0	none
frontier-run-001183	three-independent-k0-slack_three-2	colliding	replay	3	SFFS	0	none
frontier-run-001184	three-independent-k0-slack_three-2	colliding	replay	3	SFFF	0	none
frontier-run-001185	three-independent-k0-slack_three-2	colliding	replay	3	FSSS	0	none
frontier-run-001186	three-independent-k0-slack_three-2	colliding	replay	3	FSSF	0	none
frontier-run-001187	three-independent-k0-slack_three-2	colliding	replay	3	FSFS	0	none
frontier-run-001188	three-independent-k0-slack_three-2	colliding	replay	3	FSFF	0	none
frontier-run-001189	three-independent-k0-slack_three-2	colliding	replay	3	FFSS	0	none
frontier-run-001190	three-independent-k0-slack_three-2	colliding	replay	3	FFSF	0	none
frontier-run-001191	three-independent-k0-slack_three-2	colliding	replay	3	FFFS	0	none
frontier-run-001192	three-independent-k0-slack_three-2	distinct	concurrent	3	-	11	none
frontier-run-001193	three-independent-k0-slack_three-2	distinct	concurrent	3	-	23	none
frontier-run-001194	three-independent-k0-slack_three-2	colliding	concurrent	3	-	11	none
frontier-run-001195	three-independent-k0-slack_three-2	colliding	concurrent	3	-	23	none
frontier-run-001196	three-independent-k0-slack_three-3	distinct	replay	0	SSS	0	none
frontier-run-001197	three-independent-k0-slack_three-3	colliding	replay	0	SSS	0	none
frontier-run-001198	three-independent-k0-slack_three-3	distinct	replay	1	SSS	0	none
frontier-run-001199	three-independent-k0-slack_three-3	distinct	replay	1	SSF	0	none
frontier-run-001200	three-independent-k0-slack_three-3	distinct	replay	1	SFS	0	none
frontier-run-001201	three-independent-k0-slack_three-3	distinct	replay	1	FSS	0	none
frontier-run-001202	three-independent-k0-slack_three-3	colliding	replay	1	SSS	0	none
frontier-run-001203	three-independent-k0-slack_three-3	colliding	replay	1	SSF	0	none
frontier-run-001204	three-independent-k0-slack_three-3	colliding	replay	1	SFS	0	none
frontier-run-001205	three-independent-k0-slack_three-3	colliding	replay	1	FSS	0	none
frontier-run-001206	three-independent-k0-slack_three-3	distinct	replay	2	SSS	0	none
frontier-run-001207	three-independent-k0-slack_three-3	distinct	replay	2	SSF	0	none
frontier-run-001208	three-independent-k0-slack_three-3	distinct	replay	2	SFS	0	none
frontier-run-001209	three-independent-k0-slack_three-3	distinct	replay	2	SFF	0	none
frontier-run-001210	three-independent-k0-slack_three-3	distinct	replay	2	FSS	0	none
frontier-run-001211	three-independent-k0-slack_three-3	distinct	replay	2	FSF	0	none
frontier-run-001212	three-independent-k0-slack_three-3	distinct	replay	2	FFS	0	none
frontier-run-001213	three-independent-k0-slack_three-3	colliding	replay	2	SSS	0	none
frontier-run-001214	three-independent-k0-slack_three-3	colliding	replay	2	SSF	0	none
frontier-run-001215	three-independent-k0-slack_three-3	colliding	replay	2	SFS	0	none
frontier-run-001216	three-independent-k0-slack_three-3	colliding	replay	2	SFF	0	none
frontier-run-001217	three-independent-k0-slack_three-3	colliding	replay	2	FSS	0	none
frontier-run-001218	three-independent-k0-slack_three-3	colliding	replay	2	FSF	0	none
frontier-run-001219	three-independent-k0-slack_three-3	colliding	replay	2	FFS	0	none
frontier-run-001220	three-independent-k0-slack_three-3	distinct	replay	3	SSS	0	none
frontier-run-001221	three-independent-k0-slack_three-3	distinct	replay	3	SSF	0	none
frontier-run-001222	three-independent-k0-slack_three-3	distinct	replay	3	SFS	0	none
frontier-run-001223	three-independent-k0-slack_three-3	distinct	replay	3	SFF	0	none
frontier-run-001224	three-independent-k0-slack_three-3	distinct	replay	3	FSS	0	none
frontier-run-001225	three-independent-k0-slack_three-3	distinct	replay	3	FSF	0	none
frontier-run-001226	three-independent-k0-slack_three-3	distinct	replay	3	FFS	0	none
frontier-run-001227	three-independent-k0-slack_three-3	distinct	replay	3	FFF	0	none
frontier-run-001228	three-independent-k0-slack_three-3	colliding	replay	3	SSS	0	none
frontier-run-001229	three-independent-k0-slack_three-3	colliding	replay	3	SSF	0	none
frontier-run-001230	three-independent-k0-slack_three-3	colliding	replay	3	SFS	0	none
frontier-run-001231	three-independent-k0-slack_three-3	colliding	replay	3	SFF	0	none
frontier-run-001232	three-independent-k0-slack_three-3	colliding	replay	3	FSS	0	none
frontier-run-001233	three-independent-k0-slack_three-3	colliding	replay	3	FSF	0	none
frontier-run-001234	three-independent-k0-slack_three-3	colliding	replay	3	FFS	0	none
frontier-run-001235	three-independent-k0-slack_three-3	colliding	replay	3	FFF	0	none
frontier-run-001236	three-independent-k0-slack_three-3	distinct	concurrent	3	-	11	none
frontier-run-001237	three-independent-k0-slack_three-3	distinct	concurrent	3	-	23	none
frontier-run-001238	three-independent-k0-slack_three-3	colliding	concurrent	3	-	11	none
frontier-run-001239	three-independent-k0-slack_three-3	colliding	concurrent	3	-	23	none
frontier-run-001240	three-independent-k0-slack_two-0	distinct	replay	0	SSS	0	none
frontier-run-001241	three-independent-k0-slack_two-0	colliding	replay	0	SSS	0	none
frontier-run-001242	three-independent-k0-slack_two-0	distinct	replay	1	SSS	0	none
frontier-run-001243	three-independent-k0-slack_two-0	distinct	replay	1	SSFS	0	none
frontier-run-001244	three-independent-k0-slack_two-0	distinct	replay	1	SFSS	0	none
frontier-run-001245	three-independent-k0-slack_two-0	distinct	replay	1	FSSS	0	none
frontier-run-001246	three-independent-k0-slack_two-0	colliding	replay	1	SSS	0	none
frontier-run-001247	three-independent-k0-slack_two-0	colliding	replay	1	SSFS	0	none
frontier-run-001248	three-independent-k0-slack_two-0	colliding	replay	1	SFSS	0	none
frontier-run-001249	three-independent-k0-slack_two-0	colliding	replay	1	FSSS	0	none
frontier-run-001250	three-independent-k0-slack_two-0	distinct	replay	2	SSS	0	none
frontier-run-001251	three-independent-k0-slack_two-0	distinct	replay	2	SSFS	0	none
frontier-run-001252	three-independent-k0-slack_two-0	distinct	replay	2	SSFFS	0	none
frontier-run-001253	three-independent-k0-slack_two-0	distinct	replay	2	SFSS	0	none
frontier-run-001254	three-independent-k0-slack_two-0	distinct	replay	2	SFSFS	0	none
frontier-run-001255	three-independent-k0-slack_two-0	distinct	replay	2	SFFSS	0	none
frontier-run-001256	three-independent-k0-slack_two-0	distinct	replay	2	FSSS	0	none
frontier-run-001257	three-independent-k0-slack_two-0	distinct	replay	2	FSSFS	0	none
frontier-run-001258	three-independent-k0-slack_two-0	distinct	replay	2	FSFSS	0	none
frontier-run-001259	three-independent-k0-slack_two-0	distinct	replay	2	FFSSS	0	none
frontier-run-001260	three-independent-k0-slack_two-0	colliding	replay	2	SSS	0	none
frontier-run-001261	three-independent-k0-slack_two-0	colliding	replay	2	SSFS	0	none
frontier-run-001262	three-independent-k0-slack_two-0	colliding	replay	2	SSFFS	0	none
frontier-run-001263	three-independent-k0-slack_two-0	colliding	replay	2	SFSS	0	none
frontier-run-001264	three-independent-k0-slack_two-0	colliding	replay	2	SFSFS	0	none
frontier-run-001265	three-independent-k0-slack_two-0	colliding	replay	2	SFFSS	0	none
frontier-run-001266	three-independent-k0-slack_two-0	colliding	replay	2	FSSS	0	none
frontier-run-001267	three-independent-k0-slack_two-0	colliding	replay	2	FSSFS	0	none
frontier-run-001268	three-independent-k0-slack_two-0	colliding	replay	2	FSFSS	0	none
frontier-run-001269	three-independent-k0-slack_two-0	colliding	replay	2	FFSSS	0	none
frontier-run-001270	three-independent-k0-slack_two-0	distinct	replay	3	SSS	0	none
frontier-run-001271	three-independent-k0-slack_two-0	distinct	replay	3	SSFS	0	none
frontier-run-001272	three-independent-k0-slack_two-0	distinct	replay	3	SSFFS	0	none
frontier-run-001273	three-independent-k0-slack_two-0	distinct	replay	3	SSFFFS	0	none
frontier-run-001274	three-independent-k0-slack_two-0	distinct	replay	3	SFSS	0	none
frontier-run-001275	three-independent-k0-slack_two-0	distinct	replay	3	SFSFS	0	none
frontier-run-001276	three-independent-k0-slack_two-0	distinct	replay	3	SFSFFS	0	none
frontier-run-001277	three-independent-k0-slack_two-0	distinct	replay	3	SFFSS	0	none
frontier-run-001278	three-independent-k0-slack_two-0	distinct	replay	3	SFFSFS	0	none
frontier-run-001279	three-independent-k0-slack_two-0	distinct	replay	3	SFFFSS	0	none
frontier-run-001280	three-independent-k0-slack_two-0	distinct	replay	3	FSSS	0	none
frontier-run-001281	three-independent-k0-slack_two-0	distinct	replay	3	FSSFS	0	none
frontier-run-001282	three-independent-k0-slack_two-0	distinct	replay	3	FSSFFS	0	none
frontier-run-001283	three-independent-k0-slack_two-0	distinct	replay	3	FSFSS	0	none
frontier-run-001284	three-independent-k0-slack_two-0	distinct	replay	3	FSFSFS	0	none
frontier-run-001285	three-independent-k0-slack_two-0	distinct	replay	3	FSFFSS	0	none
frontier-run-001286	three-independent-k0-slack_two-0	distinct	replay	3	FFSSS	0	none
frontier-run-001287	three-independent-k0-slack_two-0	distinct	replay	3	FFSSFS	0	none
frontier-run-001288	three-independent-k0-slack_two-0	distinct	replay	3	FFSFSS	0	none
frontier-run-001289	three-independent-k0-slack_two-0	distinct	replay	3	FFFSSS	0	none
frontier-run-001290	three-independent-k0-slack_two-0	colliding	replay	3	SSS	0	none
frontier-run-001291	three-independent-k0-slack_two-0	colliding	replay	3	SSFS	0	none
frontier-run-001292	three-independent-k0-slack_two-0	colliding	replay	3	SSFFS	0	none
frontier-run-001293	three-independent-k0-slack_two-0	colliding	replay	3	SSFFFS	0	none
frontier-run-001294	three-independent-k0-slack_two-0	colliding	replay	3	SFSS	0	none
frontier-run-001295	three-independent-k0-slack_two-0	colliding	replay	3	SFSFS	0	none
frontier-run-001296	three-independent-k0-slack_two-0	colliding	replay	3	SFSFFS	0	none
frontier-run-001297	three-independent-k0-slack_two-0	colliding	replay	3	SFFSS	0	none
frontier-run-001298	three-independent-k0-slack_two-0	colliding	replay	3	SFFSFS	0	none
frontier-run-001299	three-independent-k0-slack_two-0	colliding	replay	3	SFFFSS	0	none
frontier-run-001300	three-independent-k0-slack_two-0	colliding	replay	3	FSSS	0	none
frontier-run-001301	three-independent-k0-slack_two-0	colliding	replay	3	FSSFS	0	none
frontier-run-001302	three-independent-k0-slack_two-0	colliding	replay	3	FSSFFS	0	none
frontier-run-001303	three-independent-k0-slack_two-0	colliding	replay	3	FSFSS	0	none
frontier-run-001304	three-independent-k0-slack_two-0	colliding	replay	3	FSFSFS	0	none
frontier-run-001305	three-independent-k0-slack_two-0	colliding	replay	3	FSFFSS	0	none
frontier-run-001306	three-independent-k0-slack_two-0	colliding	replay	3	FFSSS	0	none
frontier-run-001307	three-independent-k0-slack_two-0	colliding	replay	3	FFSSFS	0	none
frontier-run-001308	three-independent-k0-slack_two-0	colliding	replay	3	FFSFSS	0	none
frontier-run-001309	three-independent-k0-slack_two-0	colliding	replay	3	FFFSSS	0	none
frontier-run-001310	three-independent-k0-slack_two-0	distinct	concurrent	3	-	11	none
frontier-run-001311	three-independent-k0-slack_two-0	distinct	concurrent	3	-	23	none
frontier-run-001312	three-independent-k0-slack_two-0	colliding	concurrent	3	-	11	none
frontier-run-001313	three-independent-k0-slack_two-0	colliding	concurrent	3	-	23	none
frontier-run-001314	three-independent-k0-slack_two-1	distinct	replay	0	SSS	0	none
frontier-run-001315	three-independent-k0-slack_two-1	colliding	replay	0	SSS	0	none
frontier-run-001316	three-independent-k0-slack_two-1	distinct	replay	1	-	0	none
frontier-run-001317	three-independent-k0-slack_two-1	colliding	replay	1	-	0	none
frontier-run-001318	three-independent-k0-slack_two-1	distinct	replay	2	SSS	0	none
frontier-run-001319	three-independent-k0-slack_two-1	distinct	replay	2	SSF	0	none
frontier-run-001320	three-independent-k0-slack_two-1	distinct	replay	2	SF	0	none
frontier-run-001321	three-independent-k0-slack_two-1	distinct	replay	2	F	0	none
frontier-run-001322	three-independent-k0-slack_two-1	colliding	replay	2	SSS	0	none
frontier-run-001323	three-independent-k0-slack_two-1	colliding	replay	2	SSF	0	none
frontier-run-001324	three-independent-k0-slack_two-1	colliding	replay	2	SF	0	none
frontier-run-001325	three-independent-k0-slack_two-1	colliding	replay	2	F	0	none
frontier-run-001326	three-independent-k0-slack_two-1	distinct	replay	3	SSS	0	none
frontier-run-001327	three-independent-k0-slack_two-1	distinct	replay	3	SSFS	0	none
frontier-run-001328	three-independent-k0-slack_two-1	distinct	replay	3	SSFF	0	none
frontier-run-001329	three-independent-k0-slack_two-1	distinct	replay	3	SFSS	0	none
frontier-run-001330	three-independent-k0-slack_two-1	distinct	replay	3	SFSF	0	none
frontier-run-001331	three-independent-k0-slack_two-1	distinct	replay	3	SFF	0	none
frontier-run-001332	three-independent-k0-slack_two-1	distinct	replay	3	FSSS	0	none
frontier-run-001333	three-independent-k0-slack_two-1	distinct	replay	3	FSSF	0	none
frontier-run-001334	three-independent-k0-slack_two-1	distinct	replay	3	FSF	0	none
frontier-run-001335	three-independent-k0-slack_two-1	distinct	replay	3	FF	0	none
frontier-run-001336	three-independent-k0-slack_two-1	colliding	replay	3	SSS	0	none
frontier-run-001337	three-independent-k0-slack_two-1	colliding	replay	3	SSFS	0	none
frontier-run-001338	three-independent-k0-slack_two-1	colliding	replay	3	SSFF	0	none
frontier-run-001339	three-independent-k0-slack_two-1	colliding	replay	3	SFSS	0	none
frontier-run-001340	three-independent-k0-slack_two-1	colliding	replay	3	SFSF	0	none
frontier-run-001341	three-independent-k0-slack_two-1	colliding	replay	3	SFF	0	none
frontier-run-001342	three-independent-k0-slack_two-1	colliding	replay	3	FSSS	0	none
frontier-run-001343	three-independent-k0-slack_two-1	colliding	replay	3	FSSF	0	none
frontier-run-001344	three-independent-k0-slack_two-1	colliding	replay	3	FSF	0	none
frontier-run-001345	three-independent-k0-slack_two-1	colliding	replay	3	FF	0	none
frontier-run-001346	three-independent-k0-slack_two-1	distinct	concurrent	3	-	11	none
frontier-run-001347	three-independent-k0-slack_two-1	distinct	concurrent	3	-	23	none
frontier-run-001348	three-independent-k0-slack_two-1	colliding	concurrent	3	-	11	none
frontier-run-001349	three-independent-k0-slack_two-1	colliding	concurrent	3	-	23	none
frontier-run-001350	three-independent-k0-slack_two-2	distinct	replay	0	SSS	0	none
frontier-run-001351	three-independent-k0-slack_two-2	colliding	replay	0	SSS	0	none
frontier-run-001352	three-independent-k0-slack_two-2	distinct	replay	1	-	0	none
frontier-run-001353	three-independent-k0-slack_two-2	colliding	replay	1	-	0	none
frontier-run-001354	three-independent-k0-slack_two-2	distinct	replay	2	-	0	none
frontier-run-001355	three-independent-k0-slack_two-2	colliding	replay	2	-	0	none
frontier-run-001356	three-independent-k0-slack_two-2	distinct	replay	3	SSS	0	none
frontier-run-001357	three-independent-k0-slack_two-2	distinct	replay	3	SSF	0	none
frontier-run-001358	three-independent-k0-slack_two-2	distinct	replay	3	SF	0	none
frontier-run-001359	three-independent-k0-slack_two-2	distinct	replay	3	F	0	none
frontier-run-001360	three-independent-k0-slack_two-2	colliding	replay	3	SSS	0	none
frontier-run-001361	three-independent-k0-slack_two-2	colliding	replay	3	SSF	0	none
frontier-run-001362	three-independent-k0-slack_two-2	colliding	replay	3	SF	0	none
frontier-run-001363	three-independent-k0-slack_two-2	colliding	replay	3	F	0	none
frontier-run-001364	three-independent-k0-slack_two-2	distinct	concurrent	3	-	11	none
frontier-run-001365	three-independent-k0-slack_two-2	distinct	concurrent	3	-	23	none
frontier-run-001366	three-independent-k0-slack_two-2	colliding	concurrent	3	-	11	none
frontier-run-001367	three-independent-k0-slack_two-2	colliding	concurrent	3	-	23	none
frontier-run-001368	three-independent-k0-slack_two-3	distinct	replay	0	SSS	0	none
frontier-run-001369	three-independent-k0-slack_two-3	colliding	replay	0	SSS	0	none
frontier-run-001370	three-independent-k0-slack_two-3	distinct	replay	1	-	0	none
frontier-run-001371	three-independent-k0-slack_two-3	colliding	replay	1	-	0	none
frontier-run-001372	three-independent-k0-slack_two-3	distinct	replay	2	-	0	none
frontier-run-001373	three-independent-k0-slack_two-3	colliding	replay	2	-	0	none
frontier-run-001374	three-independent-k0-slack_two-3	distinct	replay	3	-	0	none
frontier-run-001375	three-independent-k0-slack_two-3	colliding	replay	3	-	0	none
frontier-run-001376	three-independent-k0-slack_two-3	distinct	concurrent	3	-	11	none
frontier-run-001377	three-independent-k0-slack_two-3	distinct	concurrent	3	-	23	none
frontier-run-001378	three-independent-k0-slack_two-3	colliding	concurrent	3	-	11	none
frontier-run-001379	three-independent-k0-slack_two-3	colliding	concurrent	3	-	23	none
frontier-run-001380	three-independent-k2-slack_three-0	distinct	replay	0	SSS	0	none
frontier-run-001381	three-independent-k2-slack_three-0	colliding	replay	0	SSS	0	none
frontier-run-001382	three-independent-k2-slack_three-0	distinct	replay	1	SSS	0	none
frontier-run-001383	three-independent-k2-slack_three-0	distinct	replay	1	SSFS	0	none
frontier-run-001384	three-independent-k2-slack_three-0	distinct	replay	1	SFSS	0	none
frontier-run-001385	three-independent-k2-slack_three-0	distinct	replay	1	FSSS	0	none
frontier-run-001386	three-independent-k2-slack_three-0	colliding	replay	1	SSS	0	none
frontier-run-001387	three-independent-k2-slack_three-0	colliding	replay	1	SSFS	0	none
frontier-run-001388	three-independent-k2-slack_three-0	colliding	replay	1	SFSS	0	none
frontier-run-001389	three-independent-k2-slack_three-0	colliding	replay	1	FSSS	0	none
frontier-run-001390	three-independent-k2-slack_three-0	distinct	replay	2	SSS	0	none
frontier-run-001391	three-independent-k2-slack_three-0	distinct	replay	2	SSFS	0	none
frontier-run-001392	three-independent-k2-slack_three-0	distinct	replay	2	SSFFS	0	none
frontier-run-001393	three-independent-k2-slack_three-0	distinct	replay	2	SFSS	0	none
frontier-run-001394	three-independent-k2-slack_three-0	distinct	replay	2	SFSFS	0	none
frontier-run-001395	three-independent-k2-slack_three-0	distinct	replay	2	SFFSS	0	none
frontier-run-001396	three-independent-k2-slack_three-0	distinct	replay	2	FSSS	0	none
frontier-run-001397	three-independent-k2-slack_three-0	distinct	replay	2	FSSFS	0	none
frontier-run-001398	three-independent-k2-slack_three-0	distinct	replay	2	FSFSS	0	none
frontier-run-001399	three-independent-k2-slack_three-0	distinct	replay	2	FFSSS	0	none
frontier-run-001400	three-independent-k2-slack_three-0	colliding	replay	2	SSS	0	none
frontier-run-001401	three-independent-k2-slack_three-0	colliding	replay	2	SSFS	0	none
frontier-run-001402	three-independent-k2-slack_three-0	colliding	replay	2	SSFFS	0	none
frontier-run-001403	three-independent-k2-slack_three-0	colliding	replay	2	SFSS	0	none
frontier-run-001404	three-independent-k2-slack_three-0	colliding	replay	2	SFSFS	0	none
frontier-run-001405	three-independent-k2-slack_three-0	colliding	replay	2	SFFSS	0	none
frontier-run-001406	three-independent-k2-slack_three-0	colliding	replay	2	FSSS	0	none
frontier-run-001407	three-independent-k2-slack_three-0	colliding	replay	2	FSSFS	0	none
frontier-run-001408	three-independent-k2-slack_three-0	colliding	replay	2	FSFSS	0	none
frontier-run-001409	three-independent-k2-slack_three-0	colliding	replay	2	FFSSS	0	none
frontier-run-001410	three-independent-k2-slack_three-0	distinct	replay	3	SSS	0	none
frontier-run-001411	three-independent-k2-slack_three-0	distinct	replay	3	SSFS	0	none
frontier-run-001412	three-independent-k2-slack_three-0	distinct	replay	3	SSFFS	0	none
frontier-run-001413	three-independent-k2-slack_three-0	distinct	replay	3	SSFFFS	0	none
frontier-run-001414	three-independent-k2-slack_three-0	distinct	replay	3	SFSS	0	none
frontier-run-001415	three-independent-k2-slack_three-0	distinct	replay	3	SFSFS	0	none
frontier-run-001416	three-independent-k2-slack_three-0	distinct	replay	3	SFSFFS	0	none
frontier-run-001417	three-independent-k2-slack_three-0	distinct	replay	3	SFFSS	0	none
frontier-run-001418	three-independent-k2-slack_three-0	distinct	replay	3	SFFSFS	0	none
frontier-run-001419	three-independent-k2-slack_three-0	distinct	replay	3	SFFFSS	0	none
frontier-run-001420	three-independent-k2-slack_three-0	distinct	replay	3	FSSS	0	none
frontier-run-001421	three-independent-k2-slack_three-0	distinct	replay	3	FSSFS	0	none
frontier-run-001422	three-independent-k2-slack_three-0	distinct	replay	3	FSSFFS	0	none
frontier-run-001423	three-independent-k2-slack_three-0	distinct	replay	3	FSFSS	0	none
frontier-run-001424	three-independent-k2-slack_three-0	distinct	replay	3	FSFSFS	0	none
frontier-run-001425	three-independent-k2-slack_three-0	distinct	replay	3	FSFFSS	0	none
frontier-run-001426	three-independent-k2-slack_three-0	distinct	replay	3	FFSSS	0	none
frontier-run-001427	three-independent-k2-slack_three-0	distinct	replay	3	FFSSFS	0	none
frontier-run-001428	three-independent-k2-slack_three-0	distinct	replay	3	FFSFSS	0	none
frontier-run-001429	three-independent-k2-slack_three-0	distinct	replay	3	FFFSSS	0	none
frontier-run-001430	three-independent-k2-slack_three-0	colliding	replay	3	SSS	0	none
frontier-run-001431	three-independent-k2-slack_three-0	colliding	replay	3	SSFS	0	none
frontier-run-001432	three-independent-k2-slack_three-0	colliding	replay	3	SSFFS	0	none
frontier-run-001433	three-independent-k2-slack_three-0	colliding	replay	3	SSFFFS	0	none
frontier-run-001434	three-independent-k2-slack_three-0	colliding	replay	3	SFSS	0	none
frontier-run-001435	three-independent-k2-slack_three-0	colliding	replay	3	SFSFS	0	none
frontier-run-001436	three-independent-k2-slack_three-0	colliding	replay	3	SFSFFS	0	none
frontier-run-001437	three-independent-k2-slack_three-0	colliding	replay	3	SFFSS	0	none
frontier-run-001438	three-independent-k2-slack_three-0	colliding	replay	3	SFFSFS	0	none
frontier-run-001439	three-independent-k2-slack_three-0	colliding	replay	3	SFFFSS	0	none
frontier-run-001440	three-independent-k2-slack_three-0	colliding	replay	3	FSSS	0	none
frontier-run-001441	three-independent-k2-slack_three-0	colliding	replay	3	FSSFS	0	none
frontier-run-001442	three-independent-k2-slack_three-0	colliding	replay	3	FSSFFS	0	none
frontier-run-001443	three-independent-k2-slack_three-0	colliding	replay	3	FSFSS	0	none
frontier-run-001444	three-independent-k2-slack_three-0	colliding	replay	3	FSFSFS	0	none
frontier-run-001445	three-independent-k2-slack_three-0	colliding	replay	3	FSFFSS	0	none
frontier-run-001446	three-independent-k2-slack_three-0	colliding	replay	3	FFSSS	0	none
frontier-run-001447	three-independent-k2-slack_three-0	colliding	replay	3	FFSSFS	0	none
frontier-run-001448	three-independent-k2-slack_three-0	colliding	replay	3	FFSFSS	0	none
frontier-run-001449	three-independent-k2-slack_three-0	colliding	replay	3	FFFSSS	0	none
frontier-run-001450	three-independent-k2-slack_three-0	distinct	concurrent	3	-	11	none
frontier-run-001451	three-independent-k2-slack_three-0	distinct	concurrent	3	-	23	none
frontier-run-001452	three-independent-k2-slack_three-0	colliding	concurrent	3	-	11	none
frontier-run-001453	three-independent-k2-slack_three-0	colliding	concurrent	3	-	23	none
frontier-run-001454	three-independent-k2-slack_three-1	distinct	replay	0	SSS	0	none
frontier-run-001455	three-independent-k2-slack_three-1	colliding	replay	0	SSS	0	none
frontier-run-001456	three-independent-k2-slack_three-1	distinct	replay	1	SSS	0	none
frontier-run-001457	three-independent-k2-slack_three-1	distinct	replay	1	SSF	0	none
frontier-run-001458	three-independent-k2-slack_three-1	distinct	replay	1	SFS	0	none
frontier-run-001459	three-independent-k2-slack_three-1	distinct	replay	1	FSS	0	none
frontier-run-001460	three-independent-k2-slack_three-1	colliding	replay	1	SSS	0	none
frontier-run-001461	three-independent-k2-slack_three-1	colliding	replay	1	SSF	0	none
frontier-run-001462	three-independent-k2-slack_three-1	colliding	replay	1	SFS	0	none
frontier-run-001463	three-independent-k2-slack_three-1	colliding	replay	1	FSS	0	none
frontier-run-001464	three-independent-k2-slack_three-1	distinct	replay	2	SSS	0	none
frontier-run-001465	three-independent-k2-slack_three-1	distinct	replay	2	SSFS	0	none
frontier-run-001466	three-independent-k2-slack_three-1	distinct	replay	2	SSFF	0	none
frontier-run-001467	three-independent-k2-slack_three-1	distinct	replay	2	SFSS	0	none
frontier-run-001468	three-independent-k2-slack_three-1	distinct	replay	2	SFSF	0	none
frontier-run-001469	three-independent-k2-slack_three-1	distinct	replay	2	SFFS	0	none
frontier-run-001470	three-independent-k2-slack_three-1	distinct	replay	2	FSSS	0	none
frontier-run-001471	three-independent-k2-slack_three-1	distinct	replay	2	FSSF	0	none
frontier-run-001472	three-independent-k2-slack_three-1	distinct	replay	2	FSFS	0	none
frontier-run-001473	three-independent-k2-slack_three-1	distinct	replay	2	FFSS	0	none
frontier-run-001474	three-independent-k2-slack_three-1	colliding	replay	2	SSS	0	none
frontier-run-001475	three-independent-k2-slack_three-1	colliding	replay	2	SSFS	0	none
frontier-run-001476	three-independent-k2-slack_three-1	colliding	replay	2	SSFF	0	none
frontier-run-001477	three-independent-k2-slack_three-1	colliding	replay	2	SFSS	0	none
frontier-run-001478	three-independent-k2-slack_three-1	colliding	replay	2	SFSF	0	none
frontier-run-001479	three-independent-k2-slack_three-1	colliding	replay	2	SFFS	0	none
frontier-run-001480	three-independent-k2-slack_three-1	colliding	replay	2	FSSS	0	none
frontier-run-001481	three-independent-k2-slack_three-1	colliding	replay	2	FSSF	0	none
frontier-run-001482	three-independent-k2-slack_three-1	colliding	replay	2	FSFS	0	none
frontier-run-001483	three-independent-k2-slack_three-1	colliding	replay	2	FFSS	0	none
frontier-run-001484	three-independent-k2-slack_three-1	distinct	replay	3	SSS	0	none
frontier-run-001485	three-independent-k2-slack_three-1	distinct	replay	3	SSFS	0	none
frontier-run-001486	three-independent-k2-slack_three-1	distinct	replay	3	SSFFS	0	none
frontier-run-001487	three-independent-k2-slack_three-1	distinct	replay	3	SSFFF	0	none
frontier-run-001488	three-independent-k2-slack_three-1	distinct	replay	3	SFSS	0	none
frontier-run-001489	three-independent-k2-slack_three-1	distinct	replay	3	SFSFS	0	none
frontier-run-001490	three-independent-k2-slack_three-1	distinct	replay	3	SFSFF	0	none
frontier-run-001491	three-independent-k2-slack_three-1	distinct	replay	3	SFFSS	0	none
frontier-run-001492	three-independent-k2-slack_three-1	distinct	replay	3	SFFSF	0	none
frontier-run-001493	three-independent-k2-slack_three-1	distinct	replay	3	SFFFS	0	none
frontier-run-001494	three-independent-k2-slack_three-1	distinct	replay	3	FSSS	0	none
frontier-run-001495	three-independent-k2-slack_three-1	distinct	replay	3	FSSFS	0	none
frontier-run-001496	three-independent-k2-slack_three-1	distinct	replay	3	FSSFF	0	none
frontier-run-001497	three-independent-k2-slack_three-1	distinct	replay	3	FSFSS	0	none
frontier-run-001498	three-independent-k2-slack_three-1	distinct	replay	3	FSFSF	0	none
frontier-run-001499	three-independent-k2-slack_three-1	distinct	replay	3	FSFFS	0	none
frontier-run-001500	three-independent-k2-slack_three-1	distinct	replay	3	FFSSS	0	none
frontier-run-001501	three-independent-k2-slack_three-1	distinct	replay	3	FFSSF	0	none
frontier-run-001502	three-independent-k2-slack_three-1	distinct	replay	3	FFSFS	0	none
frontier-run-001503	three-independent-k2-slack_three-1	distinct	replay	3	FFFSS	0	none
frontier-run-001504	three-independent-k2-slack_three-1	colliding	replay	3	SSS	0	none
frontier-run-001505	three-independent-k2-slack_three-1	colliding	replay	3	SSFS	0	none
frontier-run-001506	three-independent-k2-slack_three-1	colliding	replay	3	SSFFS	0	none
frontier-run-001507	three-independent-k2-slack_three-1	colliding	replay	3	SSFFF	0	none
frontier-run-001508	three-independent-k2-slack_three-1	colliding	replay	3	SFSS	0	none
frontier-run-001509	three-independent-k2-slack_three-1	colliding	replay	3	SFSFS	0	none
frontier-run-001510	three-independent-k2-slack_three-1	colliding	replay	3	SFSFF	0	none
frontier-run-001511	three-independent-k2-slack_three-1	colliding	replay	3	SFFSS	0	none
frontier-run-001512	three-independent-k2-slack_three-1	colliding	replay	3	SFFSF	0	none
frontier-run-001513	three-independent-k2-slack_three-1	colliding	replay	3	SFFFS	0	none
frontier-run-001514	three-independent-k2-slack_three-1	colliding	replay	3	FSSS	0	none
frontier-run-001515	three-independent-k2-slack_three-1	colliding	replay	3	FSSFS	0	none
frontier-run-001516	three-independent-k2-slack_three-1	colliding	replay	3	FSSFF	0	none
frontier-run-001517	three-independent-k2-slack_three-1	colliding	replay	3	FSFSS	0	none
frontier-run-001518	three-independent-k2-slack_three-1	colliding	replay	3	FSFSF	0	none
frontier-run-001519	three-independent-k2-slack_three-1	colliding	replay	3	FSFFS	0	none
frontier-run-001520	three-independent-k2-slack_three-1	colliding	replay	3	FFSSS	0	none
frontier-run-001521	three-independent-k2-slack_three-1	colliding	replay	3	FFSSF	0	none
frontier-run-001522	three-independent-k2-slack_three-1	colliding	replay	3	FFSFS	0	none
frontier-run-001523	three-independent-k2-slack_three-1	colliding	replay	3	FFFSS	0	none
frontier-run-001524	three-independent-k2-slack_three-1	distinct	concurrent	3	-	11	none
frontier-run-001525	three-independent-k2-slack_three-1	distinct	concurrent	3	-	23	none
frontier-run-001526	three-independent-k2-slack_three-1	colliding	concurrent	3	-	11	none
frontier-run-001527	three-independent-k2-slack_three-1	colliding	concurrent	3	-	23	none
frontier-run-001528	three-independent-k2-slack_three-2	distinct	replay	0	SSS	0	none
frontier-run-001529	three-independent-k2-slack_three-2	colliding	replay	0	SSS	0	none
frontier-run-001530	three-independent-k2-slack_three-2	distinct	replay	1	SSS	0	none
frontier-run-001531	three-independent-k2-slack_three-2	distinct	replay	1	SSF	0	none
frontier-run-001532	three-independent-k2-slack_three-2	distinct	replay	1	SFS	0	none
frontier-run-001533	three-independent-k2-slack_three-2	distinct	replay	1	FSS	0	none
frontier-run-001534	three-independent-k2-slack_three-2	colliding	replay	1	SSS	0	none
frontier-run-001535	three-independent-k2-slack_three-2	colliding	replay	1	SSF	0	none
frontier-run-001536	three-independent-k2-slack_three-2	colliding	replay	1	SFS	0	none
frontier-run-001537	three-independent-k2-slack_three-2	colliding	replay	1	FSS	0	none
frontier-run-001538	three-independent-k2-slack_three-2	distinct	replay	2	SSS	0	none
frontier-run-001539	three-independent-k2-slack_three-2	distinct	replay	2	SSF	0	none
frontier-run-001540	three-independent-k2-slack_three-2	distinct	replay	2	SFS	0	none
frontier-run-001541	three-independent-k2-slack_three-2	distinct	replay	2	SFF	0	none
frontier-run-001542	three-independent-k2-slack_three-2	distinct	replay	2	FSS	0	none
frontier-run-001543	three-independent-k2-slack_three-2	distinct	replay	2	FSF	0	none
frontier-run-001544	three-independent-k2-slack_three-2	distinct	replay	2	FFS	0	none
frontier-run-001545	three-independent-k2-slack_three-2	colliding	replay	2	SSS	0	none
frontier-run-001546	three-independent-k2-slack_three-2	colliding	replay	2	SSF	0	none
frontier-run-001547	three-independent-k2-slack_three-2	colliding	replay	2	SFS	0	none
frontier-run-001548	three-independent-k2-slack_three-2	colliding	replay	2	SFF	0	none
frontier-run-001549	three-independent-k2-slack_three-2	colliding	replay	2	FSS	0	none
frontier-run-001550	three-independent-k2-slack_three-2	colliding	replay	2	FSF	0	none
frontier-run-001551	three-independent-k2-slack_three-2	colliding	replay	2	FFS	0	none
frontier-run-001552	three-independent-k2-slack_three-2	distinct	replay	3	SSS	0	none
frontier-run-001553	three-independent-k2-slack_three-2	distinct	replay	3	SSFS	0	none
frontier-run-001554	three-independent-k2-slack_three-2	distinct	replay	3	SSFF	0	none
frontier-run-001555	three-independent-k2-slack_three-2	distinct	replay	3	SFSS	0	none
frontier-run-001556	three-independent-k2-slack_three-2	distinct	replay	3	SFSF	0	none
frontier-run-001557	three-independent-k2-slack_three-2	distinct	replay	3	SFFS	0	none
frontier-run-001558	three-independent-k2-slack_three-2	distinct	replay	3	SFFF	0	none
frontier-run-001559	three-independent-k2-slack_three-2	distinct	replay	3	FSSS	0	none
frontier-run-001560	three-independent-k2-slack_three-2	distinct	replay	3	FSSF	0	none
frontier-run-001561	three-independent-k2-slack_three-2	distinct	replay	3	FSFS	0	none
frontier-run-001562	three-independent-k2-slack_three-2	distinct	replay	3	FSFF	0	none
frontier-run-001563	three-independent-k2-slack_three-2	distinct	replay	3	FFSS	0	none
frontier-run-001564	three-independent-k2-slack_three-2	distinct	replay	3	FFSF	0	none
frontier-run-001565	three-independent-k2-slack_three-2	distinct	replay	3	FFFS	0	none
frontier-run-001566	three-independent-k2-slack_three-2	colliding	replay	3	SSS	0	none
frontier-run-001567	three-independent-k2-slack_three-2	colliding	replay	3	SSFS	0	none
frontier-run-001568	three-independent-k2-slack_three-2	colliding	replay	3	SSFF	0	none
frontier-run-001569	three-independent-k2-slack_three-2	colliding	replay	3	SFSS	0	none
frontier-run-001570	three-independent-k2-slack_three-2	colliding	replay	3	SFSF	0	none
frontier-run-001571	three-independent-k2-slack_three-2	colliding	replay	3	SFFS	0	none
frontier-run-001572	three-independent-k2-slack_three-2	colliding	replay	3	SFFF	0	none
frontier-run-001573	three-independent-k2-slack_three-2	colliding	replay	3	FSSS	0	none
frontier-run-001574	three-independent-k2-slack_three-2	colliding	replay	3	FSSF	0	none
frontier-run-001575	three-independent-k2-slack_three-2	colliding	replay	3	FSFS	0	none
frontier-run-001576	three-independent-k2-slack_three-2	colliding	replay	3	FSFF	0	none
frontier-run-001577	three-independent-k2-slack_three-2	colliding	replay	3	FFSS	0	none
frontier-run-001578	three-independent-k2-slack_three-2	colliding	replay	3	FFSF	0	none
frontier-run-001579	three-independent-k2-slack_three-2	colliding	replay	3	FFFS	0	none
frontier-run-001580	three-independent-k2-slack_three-2	distinct	concurrent	3	-	11	none
frontier-run-001581	three-independent-k2-slack_three-2	distinct	concurrent	3	-	23	none
frontier-run-001582	three-independent-k2-slack_three-2	colliding	concurrent	3	-	11	none
frontier-run-001583	three-independent-k2-slack_three-2	colliding	concurrent	3	-	23	none
frontier-run-001584	three-independent-k2-slack_three-3	distinct	replay	0	SSS	0	none
frontier-run-001585	three-independent-k2-slack_three-3	colliding	replay	0	SSS	0	none
frontier-run-001586	three-independent-k2-slack_three-3	distinct	replay	1	SSS	0	none
frontier-run-001587	three-independent-k2-slack_three-3	distinct	replay	1	SSF	0	none
frontier-run-001588	three-independent-k2-slack_three-3	distinct	replay	1	SFS	0	none
frontier-run-001589	three-independent-k2-slack_three-3	distinct	replay	1	FSS	0	none
frontier-run-001590	three-independent-k2-slack_three-3	colliding	replay	1	SSS	0	none
frontier-run-001591	three-independent-k2-slack_three-3	colliding	replay	1	SSF	0	none
frontier-run-001592	three-independent-k2-slack_three-3	colliding	replay	1	SFS	0	none
frontier-run-001593	three-independent-k2-slack_three-3	colliding	replay	1	FSS	0	none
frontier-run-001594	three-independent-k2-slack_three-3	distinct	replay	2	SSS	0	none
frontier-run-001595	three-independent-k2-slack_three-3	distinct	replay	2	SSF	0	none
frontier-run-001596	three-independent-k2-slack_three-3	distinct	replay	2	SFS	0	none
frontier-run-001597	three-independent-k2-slack_three-3	distinct	replay	2	SFF	0	none
frontier-run-001598	three-independent-k2-slack_three-3	distinct	replay	2	FSS	0	none
frontier-run-001599	three-independent-k2-slack_three-3	distinct	replay	2	FSF	0	none
frontier-run-001600	three-independent-k2-slack_three-3	distinct	replay	2	FFS	0	none
frontier-run-001601	three-independent-k2-slack_three-3	colliding	replay	2	SSS	0	none
frontier-run-001602	three-independent-k2-slack_three-3	colliding	replay	2	SSF	0	none
frontier-run-001603	three-independent-k2-slack_three-3	colliding	replay	2	SFS	0	none
frontier-run-001604	three-independent-k2-slack_three-3	colliding	replay	2	SFF	0	none
frontier-run-001605	three-independent-k2-slack_three-3	colliding	replay	2	FSS	0	none
frontier-run-001606	three-independent-k2-slack_three-3	colliding	replay	2	FSF	0	none
frontier-run-001607	three-independent-k2-slack_three-3	colliding	replay	2	FFS	0	none
frontier-run-001608	three-independent-k2-slack_three-3	distinct	replay	3	SSS	0	none
frontier-run-001609	three-independent-k2-slack_three-3	distinct	replay	3	SSF	0	none
frontier-run-001610	three-independent-k2-slack_three-3	distinct	replay	3	SFS	0	none
frontier-run-001611	three-independent-k2-slack_three-3	distinct	replay	3	SFF	0	none
frontier-run-001612	three-independent-k2-slack_three-3	distinct	replay	3	FSS	0	none
frontier-run-001613	three-independent-k2-slack_three-3	distinct	replay	3	FSF	0	none
frontier-run-001614	three-independent-k2-slack_three-3	distinct	replay	3	FFS	0	none
frontier-run-001615	three-independent-k2-slack_three-3	distinct	replay	3	FFF	0	none
frontier-run-001616	three-independent-k2-slack_three-3	colliding	replay	3	SSS	0	none
frontier-run-001617	three-independent-k2-slack_three-3	colliding	replay	3	SSF	0	none
frontier-run-001618	three-independent-k2-slack_three-3	colliding	replay	3	SFS	0	none
frontier-run-001619	three-independent-k2-slack_three-3	colliding	replay	3	SFF	0	none
frontier-run-001620	three-independent-k2-slack_three-3	colliding	replay	3	FSS	0	none
frontier-run-001621	three-independent-k2-slack_three-3	colliding	replay	3	FSF	0	none
frontier-run-001622	three-independent-k2-slack_three-3	colliding	replay	3	FFS	0	none
frontier-run-001623	three-independent-k2-slack_three-3	colliding	replay	3	FFF	0	none
frontier-run-001624	three-independent-k2-slack_three-3	distinct	concurrent	3	-	11	none
frontier-run-001625	three-independent-k2-slack_three-3	distinct	concurrent	3	-	23	none
frontier-run-001626	three-independent-k2-slack_three-3	colliding	concurrent	3	-	11	none
frontier-run-001627	three-independent-k2-slack_three-3	colliding	concurrent	3	-	23	none
frontier-run-001628	three-independent-k2-slack_two-0	distinct	replay	0	SSS	0	none
frontier-run-001629	three-independent-k2-slack_two-0	colliding	replay	0	SSS	0	none
frontier-run-001630	three-independent-k2-slack_two-0	distinct	replay	1	SSS	0	none
frontier-run-001631	three-independent-k2-slack_two-0	distinct	replay	1	SSFS	0	none
frontier-run-001632	three-independent-k2-slack_two-0	distinct	replay	1	SFSS	0	none
frontier-run-001633	three-independent-k2-slack_two-0	distinct	replay	1	FSSS	0	none
frontier-run-001634	three-independent-k2-slack_two-0	colliding	replay	1	SSS	0	none
frontier-run-001635	three-independent-k2-slack_two-0	colliding	replay	1	SSFS	0	none
frontier-run-001636	three-independent-k2-slack_two-0	colliding	replay	1	SFSS	0	none
frontier-run-001637	three-independent-k2-slack_two-0	colliding	replay	1	FSSS	0	none
frontier-run-001638	three-independent-k2-slack_two-0	distinct	replay	2	SSS	0	none
frontier-run-001639	three-independent-k2-slack_two-0	distinct	replay	2	SSFS	0	none
frontier-run-001640	three-independent-k2-slack_two-0	distinct	replay	2	SSFFS	0	none
frontier-run-001641	three-independent-k2-slack_two-0	distinct	replay	2	SFSS	0	none
frontier-run-001642	three-independent-k2-slack_two-0	distinct	replay	2	SFSFS	0	none
frontier-run-001643	three-independent-k2-slack_two-0	distinct	replay	2	SFFSS	0	none
frontier-run-001644	three-independent-k2-slack_two-0	distinct	replay	2	FSSS	0	none
frontier-run-001645	three-independent-k2-slack_two-0	distinct	replay	2	FSSFS	0	none
frontier-run-001646	three-independent-k2-slack_two-0	distinct	replay	2	FSFSS	0	none
frontier-run-001647	three-independent-k2-slack_two-0	distinct	replay	2	FFSSS	0	none
frontier-run-001648	three-independent-k2-slack_two-0	colliding	replay	2	SSS	0	none
frontier-run-001649	three-independent-k2-slack_two-0	colliding	replay	2	SSFS	0	none
frontier-run-001650	three-independent-k2-slack_two-0	colliding	replay	2	SSFFS	0	none
frontier-run-001651	three-independent-k2-slack_two-0	colliding	replay	2	SFSS	0	none
frontier-run-001652	three-independent-k2-slack_two-0	colliding	replay	2	SFSFS	0	none
frontier-run-001653	three-independent-k2-slack_two-0	colliding	replay	2	SFFSS	0	none
frontier-run-001654	three-independent-k2-slack_two-0	colliding	replay	2	FSSS	0	none
frontier-run-001655	three-independent-k2-slack_two-0	colliding	replay	2	FSSFS	0	none
frontier-run-001656	three-independent-k2-slack_two-0	colliding	replay	2	FSFSS	0	none
frontier-run-001657	three-independent-k2-slack_two-0	colliding	replay	2	FFSSS	0	none
frontier-run-001658	three-independent-k2-slack_two-0	distinct	replay	3	SSS	0	none
frontier-run-001659	three-independent-k2-slack_two-0	distinct	replay	3	SSFS	0	none
frontier-run-001660	three-independent-k2-slack_two-0	distinct	replay	3	SSFFS	0	none
frontier-run-001661	three-independent-k2-slack_two-0	distinct	replay	3	SSFFFS	0	none
frontier-run-001662	three-independent-k2-slack_two-0	distinct	replay	3	SFSS	0	none
frontier-run-001663	three-independent-k2-slack_two-0	distinct	replay	3	SFSFS	0	none
frontier-run-001664	three-independent-k2-slack_two-0	distinct	replay	3	SFSFFS	0	none
frontier-run-001665	three-independent-k2-slack_two-0	distinct	replay	3	SFFSS	0	none
frontier-run-001666	three-independent-k2-slack_two-0	distinct	replay	3	SFFSFS	0	none
frontier-run-001667	three-independent-k2-slack_two-0	distinct	replay	3	SFFFSS	0	none
frontier-run-001668	three-independent-k2-slack_two-0	distinct	replay	3	FSSS	0	none
frontier-run-001669	three-independent-k2-slack_two-0	distinct	replay	3	FSSFS	0	none
frontier-run-001670	three-independent-k2-slack_two-0	distinct	replay	3	FSSFFS	0	none
frontier-run-001671	three-independent-k2-slack_two-0	distinct	replay	3	FSFSS	0	none
frontier-run-001672	three-independent-k2-slack_two-0	distinct	replay	3	FSFSFS	0	none
frontier-run-001673	three-independent-k2-slack_two-0	distinct	replay	3	FSFFSS	0	none
frontier-run-001674	three-independent-k2-slack_two-0	distinct	replay	3	FFSSS	0	none
frontier-run-001675	three-independent-k2-slack_two-0	distinct	replay	3	FFSSFS	0	none
frontier-run-001676	three-independent-k2-slack_two-0	distinct	replay	3	FFSFSS	0	none
frontier-run-001677	three-independent-k2-slack_two-0	distinct	replay	3	FFFSSS	0	none
frontier-run-001678	three-independent-k2-slack_two-0	colliding	replay	3	SSS	0	none
frontier-run-001679	three-independent-k2-slack_two-0	colliding	replay	3	SSFS	0	none
frontier-run-001680	three-independent-k2-slack_two-0	colliding	replay	3	SSFFS	0	none
frontier-run-001681	three-independent-k2-slack_two-0	colliding	replay	3	SSFFFS	0	none
frontier-run-001682	three-independent-k2-slack_two-0	colliding	replay	3	SFSS	0	none
frontier-run-001683	three-independent-k2-slack_two-0	colliding	replay	3	SFSFS	0	none
frontier-run-001684	three-independent-k2-slack_two-0	colliding	replay	3	SFSFFS	0	none
frontier-run-001685	three-independent-k2-slack_two-0	colliding	replay	3	SFFSS	0	none
frontier-run-001686	three-independent-k2-slack_two-0	colliding	replay	3	SFFSFS	0	none
frontier-run-001687	three-independent-k2-slack_two-0	colliding	replay	3	SFFFSS	0	none
frontier-run-001688	three-independent-k2-slack_two-0	colliding	replay	3	FSSS	0	none
frontier-run-001689	three-independent-k2-slack_two-0	colliding	replay	3	FSSFS	0	none
frontier-run-001690	three-independent-k2-slack_two-0	colliding	replay	3	FSSFFS	0	none
frontier-run-001691	three-independent-k2-slack_two-0	colliding	replay	3	FSFSS	0	none
frontier-run-001692	three-independent-k2-slack_two-0	colliding	replay	3	FSFSFS	0	none
frontier-run-001693	three-independent-k2-slack_two-0	colliding	replay	3	FSFFSS	0	none
frontier-run-001694	three-independent-k2-slack_two-0	colliding	replay	3	FFSSS	0	none
frontier-run-001695	three-independent-k2-slack_two-0	colliding	replay	3	FFSSFS	0	none
frontier-run-001696	three-independent-k2-slack_two-0	colliding	replay	3	FFSFSS	0	none
frontier-run-001697	three-independent-k2-slack_two-0	colliding	replay	3	FFFSSS	0	none
frontier-run-001698	three-independent-k2-slack_two-0	distinct	concurrent	3	-	11	none
frontier-run-001699	three-independent-k2-slack_two-0	distinct	concurrent	3	-	23	none
frontier-run-001700	three-independent-k2-slack_two-0	colliding	concurrent	3	-	11	none
frontier-run-001701	three-independent-k2-slack_two-0	colliding	concurrent	3	-	23	none
frontier-run-001702	three-independent-k2-slack_two-1	distinct	replay	0	SSS	0	none
frontier-run-001703	three-independent-k2-slack_two-1	colliding	replay	0	SSS	0	none
frontier-run-001704	three-independent-k2-slack_two-1	distinct	replay	1	-	0	none
frontier-run-001705	three-independent-k2-slack_two-1	colliding	replay	1	-	0	none
frontier-run-001706	three-independent-k2-slack_two-1	distinct	replay	2	SSS	0	none
frontier-run-001707	three-independent-k2-slack_two-1	distinct	replay	2	SSF	0	none
frontier-run-001708	three-independent-k2-slack_two-1	distinct	replay	2	SF	0	none
frontier-run-001709	three-independent-k2-slack_two-1	distinct	replay	2	F	0	none
frontier-run-001710	three-independent-k2-slack_two-1	colliding	replay	2	SSS	0	none
frontier-run-001711	three-independent-k2-slack_two-1	colliding	replay	2	SSF	0	none
frontier-run-001712	three-independent-k2-slack_two-1	colliding	replay	2	SF	0	none
frontier-run-001713	three-independent-k2-slack_two-1	colliding	replay	2	F	0	none
frontier-run-001714	three-independent-k2-slack_two-1	distinct	replay	3	SSS	0	none
frontier-run-001715	three-independent-k2-slack_two-1	distinct	replay	3	SSFS	0	none
frontier-run-001716	three-independent-k2-slack_two-1	distinct	replay	3	SSFF	0	none
frontier-run-001717	three-independent-k2-slack_two-1	distinct	replay	3	SFSS	0	none
frontier-run-001718	three-independent-k2-slack_two-1	distinct	replay	3	SFSF	0	none
frontier-run-001719	three-independent-k2-slack_two-1	distinct	replay	3	SFF	0	none
frontier-run-001720	three-independent-k2-slack_two-1	distinct	replay	3	FSSS	0	none
frontier-run-001721	three-independent-k2-slack_two-1	distinct	replay	3	FSSF	0	none
frontier-run-001722	three-independent-k2-slack_two-1	distinct	replay	3	FSF	0	none
frontier-run-001723	three-independent-k2-slack_two-1	distinct	replay	3	FF	0	none
frontier-run-001724	three-independent-k2-slack_two-1	colliding	replay	3	SSS	0	none
frontier-run-001725	three-independent-k2-slack_two-1	colliding	replay	3	SSFS	0	none
frontier-run-001726	three-independent-k2-slack_two-1	colliding	replay	3	SSFF	0	none
frontier-run-001727	three-independent-k2-slack_two-1	colliding	replay	3	SFSS	0	none
frontier-run-001728	three-independent-k2-slack_two-1	colliding	replay	3	SFSF	0	none
frontier-run-001729	three-independent-k2-slack_two-1	colliding	replay	3	SFF	0	none
frontier-run-001730	three-independent-k2-slack_two-1	colliding	replay	3	FSSS	0	none
frontier-run-001731	three-independent-k2-slack_two-1	colliding	replay	3	FSSF	0	none
frontier-run-001732	three-independent-k2-slack_two-1	colliding	replay	3	FSF	0	none
frontier-run-001733	three-independent-k2-slack_two-1	colliding	replay	3	FF	0	none
frontier-run-001734	three-independent-k2-slack_two-1	distinct	concurrent	3	-	11	none
frontier-run-001735	three-independent-k2-slack_two-1	distinct	concurrent	3	-	23	none
frontier-run-001736	three-independent-k2-slack_two-1	colliding	concurrent	3	-	11	none
frontier-run-001737	three-independent-k2-slack_two-1	colliding	concurrent	3	-	23	none
frontier-run-001738	three-independent-k2-slack_two-2	distinct	replay	0	SSS	0	none
frontier-run-001739	three-independent-k2-slack_two-2	colliding	replay	0	SSS	0	none
frontier-run-001740	three-independent-k2-slack_two-2	distinct	replay	1	-	0	none
frontier-run-001741	three-independent-k2-slack_two-2	colliding	replay	1	-	0	none
frontier-run-001742	three-independent-k2-slack_two-2	distinct	replay	2	-	0	none
frontier-run-001743	three-independent-k2-slack_two-2	colliding	replay	2	-	0	none
frontier-run-001744	three-independent-k2-slack_two-2	distinct	replay	3	SSS	0	none
frontier-run-001745	three-independent-k2-slack_two-2	distinct	replay	3	SSF	0	none
frontier-run-001746	three-independent-k2-slack_two-2	distinct	replay	3	SF	0	none
frontier-run-001747	three-independent-k2-slack_two-2	distinct	replay	3	F	0	none
frontier-run-001748	three-independent-k2-slack_two-2	colliding	replay	3	SSS	0	none
frontier-run-001749	three-independent-k2-slack_two-2	colliding	replay	3	SSF	0	none
frontier-run-001750	three-independent-k2-slack_two-2	colliding	replay	3	SF	0	none
frontier-run-001751	three-independent-k2-slack_two-2	colliding	replay	3	F	0	none
frontier-run-001752	three-independent-k2-slack_two-2	distinct	concurrent	3	-	11	none
frontier-run-001753	three-independent-k2-slack_two-2	distinct	concurrent	3	-	23	none
frontier-run-001754	three-independent-k2-slack_two-2	colliding	concurrent	3	-	11	none
frontier-run-001755	three-independent-k2-slack_two-2	colliding	concurrent	3	-	23	none
frontier-run-001756	three-independent-k2-slack_two-3	distinct	replay	0	SSS	0	none
frontier-run-001757	three-independent-k2-slack_two-3	colliding	replay	0	SSS	0	none
frontier-run-001758	three-independent-k2-slack_two-3	distinct	replay	1	-	0	none
frontier-run-001759	three-independent-k2-slack_two-3	colliding	replay	1	-	0	none
frontier-run-001760	three-independent-k2-slack_two-3	distinct	replay	2	-	0	none
frontier-run-001761	three-independent-k2-slack_two-3	colliding	replay	2	-	0	none
frontier-run-001762	three-independent-k2-slack_two-3	distinct	replay	3	-	0	none
frontier-run-001763	three-independent-k2-slack_two-3	colliding	replay	3	-	0	none
frontier-run-001764	three-independent-k2-slack_two-3	distinct	concurrent	3	-	11	none
frontier-run-001765	three-independent-k2-slack_two-3	distinct	concurrent	3	-	23	none
frontier-run-001766	three-independent-k2-slack_two-3	colliding	concurrent	3	-	11	none
frontier-run-001767	three-independent-k2-slack_two-3	colliding	concurrent	3	-	23	none
frontier-run-001768	three-chain-k0-slack_three-0	distinct	replay	0	SSS	0	none
frontier-run-001769	three-chain-k0-slack_three-0	colliding	replay	0	SSS	0	none
frontier-run-001770	three-chain-k0-slack_three-0	distinct	replay	1	SSS	0	none
frontier-run-001771	three-chain-k0-slack_three-0	distinct	replay	1	SSFS	0	none
frontier-run-001772	three-chain-k0-slack_three-0	distinct	replay	1	SFSS	0	none
frontier-run-001773	three-chain-k0-slack_three-0	distinct	replay	1	FSSS	0	none
frontier-run-001774	three-chain-k0-slack_three-0	colliding	replay	1	SSS	0	none
frontier-run-001775	three-chain-k0-slack_three-0	colliding	replay	1	SSFS	0	none
frontier-run-001776	three-chain-k0-slack_three-0	colliding	replay	1	SFSS	0	none
frontier-run-001777	three-chain-k0-slack_three-0	colliding	replay	1	FSSS	0	none
frontier-run-001778	three-chain-k0-slack_three-0	distinct	replay	2	SSS	0	none
frontier-run-001779	three-chain-k0-slack_three-0	distinct	replay	2	SSFS	0	none
frontier-run-001780	three-chain-k0-slack_three-0	distinct	replay	2	SSFFS	0	none
frontier-run-001781	three-chain-k0-slack_three-0	distinct	replay	2	SFSS	0	none
frontier-run-001782	three-chain-k0-slack_three-0	distinct	replay	2	SFSFS	0	none
frontier-run-001783	three-chain-k0-slack_three-0	distinct	replay	2	SFFSS	0	none
frontier-run-001784	three-chain-k0-slack_three-0	distinct	replay	2	FSSS	0	none
frontier-run-001785	three-chain-k0-slack_three-0	distinct	replay	2	FSSFS	0	none
frontier-run-001786	three-chain-k0-slack_three-0	distinct	replay	2	FSFSS	0	none
frontier-run-001787	three-chain-k0-slack_three-0	distinct	replay	2	FFSSS	0	none
frontier-run-001788	three-chain-k0-slack_three-0	colliding	replay	2	SSS	0	none
frontier-run-001789	three-chain-k0-slack_three-0	colliding	replay	2	SSFS	0	none
frontier-run-001790	three-chain-k0-slack_three-0	colliding	replay	2	SSFFS	0	none
frontier-run-001791	three-chain-k0-slack_three-0	colliding	replay	2	SFSS	0	none
frontier-run-001792	three-chain-k0-slack_three-0	colliding	replay	2	SFSFS	0	none
frontier-run-001793	three-chain-k0-slack_three-0	colliding	replay	2	SFFSS	0	none
frontier-run-001794	three-chain-k0-slack_three-0	colliding	replay	2	FSSS	0	none
frontier-run-001795	three-chain-k0-slack_three-0	colliding	replay	2	FSSFS	0	none
frontier-run-001796	three-chain-k0-slack_three-0	colliding	replay	2	FSFSS	0	none
frontier-run-001797	three-chain-k0-slack_three-0	colliding	replay	2	FFSSS	0	none
frontier-run-001798	three-chain-k0-slack_three-0	distinct	replay	3	SSS	0	none
frontier-run-001799	three-chain-k0-slack_three-0	distinct	replay	3	SSFS	0	none
frontier-run-001800	three-chain-k0-slack_three-0	distinct	replay	3	SSFFS	0	none
frontier-run-001801	three-chain-k0-slack_three-0	distinct	replay	3	SSFFFS	0	none
frontier-run-001802	three-chain-k0-slack_three-0	distinct	replay	3	SFSS	0	none
frontier-run-001803	three-chain-k0-slack_three-0	distinct	replay	3	SFSFS	0	none
frontier-run-001804	three-chain-k0-slack_three-0	distinct	replay	3	SFSFFS	0	none
frontier-run-001805	three-chain-k0-slack_three-0	distinct	replay	3	SFFSS	0	none
frontier-run-001806	three-chain-k0-slack_three-0	distinct	replay	3	SFFSFS	0	none
frontier-run-001807	three-chain-k0-slack_three-0	distinct	replay	3	SFFFSS	0	none
frontier-run-001808	three-chain-k0-slack_three-0	distinct	replay	3	FSSS	0	none
frontier-run-001809	three-chain-k0-slack_three-0	distinct	replay	3	FSSFS	0	none
frontier-run-001810	three-chain-k0-slack_three-0	distinct	replay	3	FSSFFS	0	none
frontier-run-001811	three-chain-k0-slack_three-0	distinct	replay	3	FSFSS	0	none
frontier-run-001812	three-chain-k0-slack_three-0	distinct	replay	3	FSFSFS	0	none
frontier-run-001813	three-chain-k0-slack_three-0	distinct	replay	3	FSFFSS	0	none
frontier-run-001814	three-chain-k0-slack_three-0	distinct	replay	3	FFSSS	0	none
frontier-run-001815	three-chain-k0-slack_three-0	distinct	replay	3	FFSSFS	0	none
frontier-run-001816	three-chain-k0-slack_three-0	distinct	replay	3	FFSFSS	0	none
frontier-run-001817	three-chain-k0-slack_three-0	distinct	replay	3	FFFSSS	0	none
frontier-run-001818	three-chain-k0-slack_three-0	colliding	replay	3	SSS	0	none
frontier-run-001819	three-chain-k0-slack_three-0	colliding	replay	3	SSFS	0	none
frontier-run-001820	three-chain-k0-slack_three-0	colliding	replay	3	SSFFS	0	none
frontier-run-001821	three-chain-k0-slack_three-0	colliding	replay	3	SSFFFS	0	none
frontier-run-001822	three-chain-k0-slack_three-0	colliding	replay	3	SFSS	0	none
frontier-run-001823	three-chain-k0-slack_three-0	colliding	replay	3	SFSFS	0	none
frontier-run-001824	three-chain-k0-slack_three-0	colliding	replay	3	SFSFFS	0	none
frontier-run-001825	three-chain-k0-slack_three-0	colliding	replay	3	SFFSS	0	none
frontier-run-001826	three-chain-k0-slack_three-0	colliding	replay	3	SFFSFS	0	none
frontier-run-001827	three-chain-k0-slack_three-0	colliding	replay	3	SFFFSS	0	none
frontier-run-001828	three-chain-k0-slack_three-0	colliding	replay	3	FSSS	0	none
frontier-run-001829	three-chain-k0-slack_three-0	colliding	replay	3	FSSFS	0	none
frontier-run-001830	three-chain-k0-slack_three-0	colliding	replay	3	FSSFFS	0	none
frontier-run-001831	three-chain-k0-slack_three-0	colliding	replay	3	FSFSS	0	none
frontier-run-001832	three-chain-k0-slack_three-0	colliding	replay	3	FSFSFS	0	none
frontier-run-001833	three-chain-k0-slack_three-0	colliding	replay	3	FSFFSS	0	none
frontier-run-001834	three-chain-k0-slack_three-0	colliding	replay	3	FFSSS	0	none
frontier-run-001835	three-chain-k0-slack_three-0	colliding	replay	3	FFSSFS	0	none
frontier-run-001836	three-chain-k0-slack_three-0	colliding	replay	3	FFSFSS	0	none
frontier-run-001837	three-chain-k0-slack_three-0	colliding	replay	3	FFFSSS	0	none
frontier-run-001838	three-chain-k0-slack_three-0	distinct	concurrent	3	-	11	none
frontier-run-001839	three-chain-k0-slack_three-0	distinct	concurrent	3	-	23	none
frontier-run-001840	three-chain-k0-slack_three-0	colliding	concurrent	3	-	11	none
frontier-run-001841	three-chain-k0-slack_three-0	colliding	concurrent	3	-	23	none
frontier-run-001842	three-chain-k0-slack_three-1	distinct	replay	0	SSS	0	none
frontier-run-001843	three-chain-k0-slack_three-1	colliding	replay	0	SSS	0	none
frontier-run-001844	three-chain-k0-slack_three-1	distinct	replay	1	SSS	0	none
frontier-run-001845	three-chain-k0-slack_three-1	distinct	replay	1	SSF	0	none
frontier-run-001846	three-chain-k0-slack_three-1	distinct	replay	1	SFS	0	none
frontier-run-001847	three-chain-k0-slack_three-1	distinct	replay	1	FSS	0	none
frontier-run-001848	three-chain-k0-slack_three-1	colliding	replay	1	SSS	0	none
frontier-run-001849	three-chain-k0-slack_three-1	colliding	replay	1	SSF	0	none
frontier-run-001850	three-chain-k0-slack_three-1	colliding	replay	1	SFS	0	none
frontier-run-001851	three-chain-k0-slack_three-1	colliding	replay	1	FSS	0	none
frontier-run-001852	three-chain-k0-slack_three-1	distinct	replay	2	SSS	0	none
frontier-run-001853	three-chain-k0-slack_three-1	distinct	replay	2	SSFS	0	none
frontier-run-001854	three-chain-k0-slack_three-1	distinct	replay	2	SSFF	0	none
frontier-run-001855	three-chain-k0-slack_three-1	distinct	replay	2	SFSS	0	none
frontier-run-001856	three-chain-k0-slack_three-1	distinct	replay	2	SFSF	0	none
frontier-run-001857	three-chain-k0-slack_three-1	distinct	replay	2	SFFS	0	none
frontier-run-001858	three-chain-k0-slack_three-1	distinct	replay	2	FSSS	0	none
frontier-run-001859	three-chain-k0-slack_three-1	distinct	replay	2	FSSF	0	none
frontier-run-001860	three-chain-k0-slack_three-1	distinct	replay	2	FSFS	0	none
frontier-run-001861	three-chain-k0-slack_three-1	distinct	replay	2	FFSS	0	none
frontier-run-001862	three-chain-k0-slack_three-1	colliding	replay	2	SSS	0	none
frontier-run-001863	three-chain-k0-slack_three-1	colliding	replay	2	SSFS	0	none
frontier-run-001864	three-chain-k0-slack_three-1	colliding	replay	2	SSFF	0	none
frontier-run-001865	three-chain-k0-slack_three-1	colliding	replay	2	SFSS	0	none
frontier-run-001866	three-chain-k0-slack_three-1	colliding	replay	2	SFSF	0	none
frontier-run-001867	three-chain-k0-slack_three-1	colliding	replay	2	SFFS	0	none
frontier-run-001868	three-chain-k0-slack_three-1	colliding	replay	2	FSSS	0	none
frontier-run-001869	three-chain-k0-slack_three-1	colliding	replay	2	FSSF	0	none
frontier-run-001870	three-chain-k0-slack_three-1	colliding	replay	2	FSFS	0	none
frontier-run-001871	three-chain-k0-slack_three-1	colliding	replay	2	FFSS	0	none
frontier-run-001872	three-chain-k0-slack_three-1	distinct	replay	3	SSS	0	none
frontier-run-001873	three-chain-k0-slack_three-1	distinct	replay	3	SSFS	0	none
frontier-run-001874	three-chain-k0-slack_three-1	distinct	replay	3	SSFFS	0	none
frontier-run-001875	three-chain-k0-slack_three-1	distinct	replay	3	SSFFF	0	none
frontier-run-001876	three-chain-k0-slack_three-1	distinct	replay	3	SFSS	0	none
frontier-run-001877	three-chain-k0-slack_three-1	distinct	replay	3	SFSFS	0	none
frontier-run-001878	three-chain-k0-slack_three-1	distinct	replay	3	SFSFF	0	none
frontier-run-001879	three-chain-k0-slack_three-1	distinct	replay	3	SFFSS	0	none
frontier-run-001880	three-chain-k0-slack_three-1	distinct	replay	3	SFFSF	0	none
frontier-run-001881	three-chain-k0-slack_three-1	distinct	replay	3	SFFFS	0	none
frontier-run-001882	three-chain-k0-slack_three-1	distinct	replay	3	FSSS	0	none
frontier-run-001883	three-chain-k0-slack_three-1	distinct	replay	3	FSSFS	0	none
frontier-run-001884	three-chain-k0-slack_three-1	distinct	replay	3	FSSFF	0	none
frontier-run-001885	three-chain-k0-slack_three-1	distinct	replay	3	FSFSS	0	none
frontier-run-001886	three-chain-k0-slack_three-1	distinct	replay	3	FSFSF	0	none
frontier-run-001887	three-chain-k0-slack_three-1	distinct	replay	3	FSFFS	0	none
frontier-run-001888	three-chain-k0-slack_three-1	distinct	replay	3	FFSSS	0	none
frontier-run-001889	three-chain-k0-slack_three-1	distinct	replay	3	FFSSF	0	none
frontier-run-001890	three-chain-k0-slack_three-1	distinct	replay	3	FFSFS	0	none
frontier-run-001891	three-chain-k0-slack_three-1	distinct	replay	3	FFFSS	0	none
frontier-run-001892	three-chain-k0-slack_three-1	colliding	replay	3	SSS	0	none
frontier-run-001893	three-chain-k0-slack_three-1	colliding	replay	3	SSFS	0	none
frontier-run-001894	three-chain-k0-slack_three-1	colliding	replay	3	SSFFS	0	none
frontier-run-001895	three-chain-k0-slack_three-1	colliding	replay	3	SSFFF	0	none
frontier-run-001896	three-chain-k0-slack_three-1	colliding	replay	3	SFSS	0	none
frontier-run-001897	three-chain-k0-slack_three-1	colliding	replay	3	SFSFS	0	none
frontier-run-001898	three-chain-k0-slack_three-1	colliding	replay	3	SFSFF	0	none
frontier-run-001899	three-chain-k0-slack_three-1	colliding	replay	3	SFFSS	0	none
frontier-run-001900	three-chain-k0-slack_three-1	colliding	replay	3	SFFSF	0	none
frontier-run-001901	three-chain-k0-slack_three-1	colliding	replay	3	SFFFS	0	none
frontier-run-001902	three-chain-k0-slack_three-1	colliding	replay	3	FSSS	0	none
frontier-run-001903	three-chain-k0-slack_three-1	colliding	replay	3	FSSFS	0	none
frontier-run-001904	three-chain-k0-slack_three-1	colliding	replay	3	FSSFF	0	none
frontier-run-001905	three-chain-k0-slack_three-1	colliding	replay	3	FSFSS	0	none
frontier-run-001906	three-chain-k0-slack_three-1	colliding	replay	3	FSFSF	0	none
frontier-run-001907	three-chain-k0-slack_three-1	colliding	replay	3	FSFFS	0	none
frontier-run-001908	three-chain-k0-slack_three-1	colliding	replay	3	FFSSS	0	none
frontier-run-001909	three-chain-k0-slack_three-1	colliding	replay	3	FFSSF	0	none
frontier-run-001910	three-chain-k0-slack_three-1	colliding	replay	3	FFSFS	0	none
frontier-run-001911	three-chain-k0-slack_three-1	colliding	replay	3	FFFSS	0	none
frontier-run-001912	three-chain-k0-slack_three-1	distinct	concurrent	3	-	11	none
frontier-run-001913	three-chain-k0-slack_three-1	distinct	concurrent	3	-	23	none
frontier-run-001914	three-chain-k0-slack_three-1	colliding	concurrent	3	-	11	none
frontier-run-001915	three-chain-k0-slack_three-1	colliding	concurrent	3	-	23	none
frontier-run-001916	three-chain-k0-slack_three-2	distinct	replay	0	SSS	0	none
frontier-run-001917	three-chain-k0-slack_three-2	colliding	replay	0	SSS	0	none
frontier-run-001918	three-chain-k0-slack_three-2	distinct	replay	1	SSS	0	none
frontier-run-001919	three-chain-k0-slack_three-2	distinct	replay	1	SSF	0	none
frontier-run-001920	three-chain-k0-slack_three-2	distinct	replay	1	SFS	0	none
frontier-run-001921	three-chain-k0-slack_three-2	distinct	replay	1	FSS	0	none
frontier-run-001922	three-chain-k0-slack_three-2	colliding	replay	1	SSS	0	none
frontier-run-001923	three-chain-k0-slack_three-2	colliding	replay	1	SSF	0	none
frontier-run-001924	three-chain-k0-slack_three-2	colliding	replay	1	SFS	0	none
frontier-run-001925	three-chain-k0-slack_three-2	colliding	replay	1	FSS	0	none
frontier-run-001926	three-chain-k0-slack_three-2	distinct	replay	2	SSS	0	none
frontier-run-001927	three-chain-k0-slack_three-2	distinct	replay	2	SSF	0	none
frontier-run-001928	three-chain-k0-slack_three-2	distinct	replay	2	SFS	0	none
frontier-run-001929	three-chain-k0-slack_three-2	distinct	replay	2	SFF	0	none
frontier-run-001930	three-chain-k0-slack_three-2	distinct	replay	2	FSS	0	none
frontier-run-001931	three-chain-k0-slack_three-2	distinct	replay	2	FSF	0	none
frontier-run-001932	three-chain-k0-slack_three-2	distinct	replay	2	FFS	0	none
frontier-run-001933	three-chain-k0-slack_three-2	colliding	replay	2	SSS	0	none
frontier-run-001934	three-chain-k0-slack_three-2	colliding	replay	2	SSF	0	none
frontier-run-001935	three-chain-k0-slack_three-2	colliding	replay	2	SFS	0	none
frontier-run-001936	three-chain-k0-slack_three-2	colliding	replay	2	SFF	0	none
frontier-run-001937	three-chain-k0-slack_three-2	colliding	replay	2	FSS	0	none
frontier-run-001938	three-chain-k0-slack_three-2	colliding	replay	2	FSF	0	none
frontier-run-001939	three-chain-k0-slack_three-2	colliding	replay	2	FFS	0	none
frontier-run-001940	three-chain-k0-slack_three-2	distinct	replay	3	SSS	0	none
frontier-run-001941	three-chain-k0-slack_three-2	distinct	replay	3	SSFS	0	none
frontier-run-001942	three-chain-k0-slack_three-2	distinct	replay	3	SSFF	0	none
frontier-run-001943	three-chain-k0-slack_three-2	distinct	replay	3	SFSS	0	none
frontier-run-001944	three-chain-k0-slack_three-2	distinct	replay	3	SFSF	0	none
frontier-run-001945	three-chain-k0-slack_three-2	distinct	replay	3	SFFS	0	none
frontier-run-001946	three-chain-k0-slack_three-2	distinct	replay	3	SFFF	0	none
frontier-run-001947	three-chain-k0-slack_three-2	distinct	replay	3	FSSS	0	none
frontier-run-001948	three-chain-k0-slack_three-2	distinct	replay	3	FSSF	0	none
frontier-run-001949	three-chain-k0-slack_three-2	distinct	replay	3	FSFS	0	none
frontier-run-001950	three-chain-k0-slack_three-2	distinct	replay	3	FSFF	0	none
frontier-run-001951	three-chain-k0-slack_three-2	distinct	replay	3	FFSS	0	none
frontier-run-001952	three-chain-k0-slack_three-2	distinct	replay	3	FFSF	0	none
frontier-run-001953	three-chain-k0-slack_three-2	distinct	replay	3	FFFS	0	none
frontier-run-001954	three-chain-k0-slack_three-2	colliding	replay	3	SSS	0	none
frontier-run-001955	three-chain-k0-slack_three-2	colliding	replay	3	SSFS	0	none
frontier-run-001956	three-chain-k0-slack_three-2	colliding	replay	3	SSFF	0	none
frontier-run-001957	three-chain-k0-slack_three-2	colliding	replay	3	SFSS	0	none
frontier-run-001958	three-chain-k0-slack_three-2	colliding	replay	3	SFSF	0	none
frontier-run-001959	three-chain-k0-slack_three-2	colliding	replay	3	SFFS	0	none
frontier-run-001960	three-chain-k0-slack_three-2	colliding	replay	3	SFFF	0	none
frontier-run-001961	three-chain-k0-slack_three-2	colliding	replay	3	FSSS	0	none
frontier-run-001962	three-chain-k0-slack_three-2	colliding	replay	3	FSSF	0	none
frontier-run-001963	three-chain-k0-slack_three-2	colliding	replay	3	FSFS	0	none
frontier-run-001964	three-chain-k0-slack_three-2	colliding	replay	3	FSFF	0	none
frontier-run-001965	three-chain-k0-slack_three-2	colliding	replay	3	FFSS	0	none
frontier-run-001966	three-chain-k0-slack_three-2	colliding	replay	3	FFSF	0	none
frontier-run-001967	three-chain-k0-slack_three-2	colliding	replay	3	FFFS	0	none
frontier-run-001968	three-chain-k0-slack_three-2	distinct	concurrent	3	-	11	none
frontier-run-001969	three-chain-k0-slack_three-2	distinct	concurrent	3	-	23	none
frontier-run-001970	three-chain-k0-slack_three-2	colliding	concurrent	3	-	11	none
frontier-run-001971	three-chain-k0-slack_three-2	colliding	concurrent	3	-	23	none
frontier-run-001972	three-chain-k0-slack_three-3	distinct	replay	0	SSS	0	none
frontier-run-001973	three-chain-k0-slack_three-3	colliding	replay	0	SSS	0	none
frontier-run-001974	three-chain-k0-slack_three-3	distinct	replay	1	SSS	0	none
frontier-run-001975	three-chain-k0-slack_three-3	distinct	replay	1	SSF	0	none
frontier-run-001976	three-chain-k0-slack_three-3	distinct	replay	1	SFS	0	none
frontier-run-001977	three-chain-k0-slack_three-3	distinct	replay	1	FSS	0	none
frontier-run-001978	three-chain-k0-slack_three-3	colliding	replay	1	SSS	0	none
frontier-run-001979	three-chain-k0-slack_three-3	colliding	replay	1	SSF	0	none
frontier-run-001980	three-chain-k0-slack_three-3	colliding	replay	1	SFS	0	none
frontier-run-001981	three-chain-k0-slack_three-3	colliding	replay	1	FSS	0	none
frontier-run-001982	three-chain-k0-slack_three-3	distinct	replay	2	SSS	0	none
frontier-run-001983	three-chain-k0-slack_three-3	distinct	replay	2	SSF	0	none
frontier-run-001984	three-chain-k0-slack_three-3	distinct	replay	2	SFS	0	none
frontier-run-001985	three-chain-k0-slack_three-3	distinct	replay	2	SFF	0	none
frontier-run-001986	three-chain-k0-slack_three-3	distinct	replay	2	FSS	0	none
frontier-run-001987	three-chain-k0-slack_three-3	distinct	replay	2	FSF	0	none
frontier-run-001988	three-chain-k0-slack_three-3	distinct	replay	2	FFS	0	none
frontier-run-001989	three-chain-k0-slack_three-3	colliding	replay	2	SSS	0	none
frontier-run-001990	three-chain-k0-slack_three-3	colliding	replay	2	SSF	0	none
frontier-run-001991	three-chain-k0-slack_three-3	colliding	replay	2	SFS	0	none
frontier-run-001992	three-chain-k0-slack_three-3	colliding	replay	2	SFF	0	none
frontier-run-001993	three-chain-k0-slack_three-3	colliding	replay	2	FSS	0	none
frontier-run-001994	three-chain-k0-slack_three-3	colliding	replay	2	FSF	0	none
frontier-run-001995	three-chain-k0-slack_three-3	colliding	replay	2	FFS	0	none
frontier-run-001996	three-chain-k0-slack_three-3	distinct	replay	3	SSS	0	none
frontier-run-001997	three-chain-k0-slack_three-3	distinct	replay	3	SSF	0	none
frontier-run-001998	three-chain-k0-slack_three-3	distinct	replay	3	SFS	0	none
frontier-run-001999	three-chain-k0-slack_three-3	distinct	replay	3	SFF	0	none
frontier-run-002000	three-chain-k0-slack_three-3	distinct	replay	3	FSS	0	none
frontier-run-002001	three-chain-k0-slack_three-3	distinct	replay	3	FSF	0	none
frontier-run-002002	three-chain-k0-slack_three-3	distinct	replay	3	FFS	0	none
frontier-run-002003	three-chain-k0-slack_three-3	distinct	replay	3	FFF	0	none
frontier-run-002004	three-chain-k0-slack_three-3	colliding	replay	3	SSS	0	none
frontier-run-002005	three-chain-k0-slack_three-3	colliding	replay	3	SSF	0	none
frontier-run-002006	three-chain-k0-slack_three-3	colliding	replay	3	SFS	0	none
frontier-run-002007	three-chain-k0-slack_three-3	colliding	replay	3	SFF	0	none
frontier-run-002008	three-chain-k0-slack_three-3	colliding	replay	3	FSS	0	none
frontier-run-002009	three-chain-k0-slack_three-3	colliding	replay	3	FSF	0	none
frontier-run-002010	three-chain-k0-slack_three-3	colliding	replay	3	FFS	0	none
frontier-run-002011	three-chain-k0-slack_three-3	colliding	replay	3	FFF	0	none
frontier-run-002012	three-chain-k0-slack_three-3	distinct	concurrent	3	-	11	none
frontier-run-002013	three-chain-k0-slack_three-3	distinct	concurrent	3	-	23	none
frontier-run-002014	three-chain-k0-slack_three-3	colliding	concurrent	3	-	11	none
frontier-run-002015	three-chain-k0-slack_three-3	colliding	concurrent	3	-	23	none
frontier-run-002016	three-chain-k0-slack_two-0	distinct	replay	0	SSS	0	none
frontier-run-002017	three-chain-k0-slack_two-0	colliding	replay	0	SSS	0	none
frontier-run-002018	three-chain-k0-slack_two-0	distinct	replay	1	SSS	0	none
frontier-run-002019	three-chain-k0-slack_two-0	distinct	replay	1	SSFS	0	none
frontier-run-002020	three-chain-k0-slack_two-0	distinct	replay	1	SFSS	0	none
frontier-run-002021	three-chain-k0-slack_two-0	distinct	replay	1	FSSS	0	none
frontier-run-002022	three-chain-k0-slack_two-0	colliding	replay	1	SSS	0	none
frontier-run-002023	three-chain-k0-slack_two-0	colliding	replay	1	SSFS	0	none
frontier-run-002024	three-chain-k0-slack_two-0	colliding	replay	1	SFSS	0	none
frontier-run-002025	three-chain-k0-slack_two-0	colliding	replay	1	FSSS	0	none
frontier-run-002026	three-chain-k0-slack_two-0	distinct	replay	2	SSS	0	none
frontier-run-002027	three-chain-k0-slack_two-0	distinct	replay	2	SSFS	0	none
frontier-run-002028	three-chain-k0-slack_two-0	distinct	replay	2	SSFFS	0	none
frontier-run-002029	three-chain-k0-slack_two-0	distinct	replay	2	SFSS	0	none
frontier-run-002030	three-chain-k0-slack_two-0	distinct	replay	2	SFSFS	0	none
frontier-run-002031	three-chain-k0-slack_two-0	distinct	replay	2	SFFSS	0	none
frontier-run-002032	three-chain-k0-slack_two-0	distinct	replay	2	FSSS	0	none
frontier-run-002033	three-chain-k0-slack_two-0	distinct	replay	2	FSSFS	0	none
frontier-run-002034	three-chain-k0-slack_two-0	distinct	replay	2	FSFSS	0	none
frontier-run-002035	three-chain-k0-slack_two-0	distinct	replay	2	FFSSS	0	none
frontier-run-002036	three-chain-k0-slack_two-0	colliding	replay	2	SSS	0	none
frontier-run-002037	three-chain-k0-slack_two-0	colliding	replay	2	SSFS	0	none
frontier-run-002038	three-chain-k0-slack_two-0	colliding	replay	2	SSFFS	0	none
frontier-run-002039	three-chain-k0-slack_two-0	colliding	replay	2	SFSS	0	none
frontier-run-002040	three-chain-k0-slack_two-0	colliding	replay	2	SFSFS	0	none
frontier-run-002041	three-chain-k0-slack_two-0	colliding	replay	2	SFFSS	0	none
frontier-run-002042	three-chain-k0-slack_two-0	colliding	replay	2	FSSS	0	none
frontier-run-002043	three-chain-k0-slack_two-0	colliding	replay	2	FSSFS	0	none
frontier-run-002044	three-chain-k0-slack_two-0	colliding	replay	2	FSFSS	0	none
frontier-run-002045	three-chain-k0-slack_two-0	colliding	replay	2	FFSSS	0	none
frontier-run-002046	three-chain-k0-slack_two-0	distinct	replay	3	SSS	0	none
frontier-run-002047	three-chain-k0-slack_two-0	distinct	replay	3	SSFS	0	none
frontier-run-002048	three-chain-k0-slack_two-0	distinct	replay	3	SSFFS	0	none
frontier-run-002049	three-chain-k0-slack_two-0	distinct	replay	3	SSFFFS	0	none
frontier-run-002050	three-chain-k0-slack_two-0	distinct	replay	3	SFSS	0	none
frontier-run-002051	three-chain-k0-slack_two-0	distinct	replay	3	SFSFS	0	none
frontier-run-002052	three-chain-k0-slack_two-0	distinct	replay	3	SFSFFS	0	none
frontier-run-002053	three-chain-k0-slack_two-0	distinct	replay	3	SFFSS	0	none
frontier-run-002054	three-chain-k0-slack_two-0	distinct	replay	3	SFFSFS	0	none
frontier-run-002055	three-chain-k0-slack_two-0	distinct	replay	3	SFFFSS	0	none
frontier-run-002056	three-chain-k0-slack_two-0	distinct	replay	3	FSSS	0	none
frontier-run-002057	three-chain-k0-slack_two-0	distinct	replay	3	FSSFS	0	none
frontier-run-002058	three-chain-k0-slack_two-0	distinct	replay	3	FSSFFS	0	none
frontier-run-002059	three-chain-k0-slack_two-0	distinct	replay	3	FSFSS	0	none
frontier-run-002060	three-chain-k0-slack_two-0	distinct	replay	3	FSFSFS	0	none
frontier-run-002061	three-chain-k0-slack_two-0	distinct	replay	3	FSFFSS	0	none
frontier-run-002062	three-chain-k0-slack_two-0	distinct	replay	3	FFSSS	0	none
frontier-run-002063	three-chain-k0-slack_two-0	distinct	replay	3	FFSSFS	0	none
frontier-run-002064	three-chain-k0-slack_two-0	distinct	replay	3	FFSFSS	0	none
frontier-run-002065	three-chain-k0-slack_two-0	distinct	replay	3	FFFSSS	0	none
frontier-run-002066	three-chain-k0-slack_two-0	colliding	replay	3	SSS	0	none
frontier-run-002067	three-chain-k0-slack_two-0	colliding	replay	3	SSFS	0	none
frontier-run-002068	three-chain-k0-slack_two-0	colliding	replay	3	SSFFS	0	none
frontier-run-002069	three-chain-k0-slack_two-0	colliding	replay	3	SSFFFS	0	none
frontier-run-002070	three-chain-k0-slack_two-0	colliding	replay	3	SFSS	0	none
frontier-run-002071	three-chain-k0-slack_two-0	colliding	replay	3	SFSFS	0	none
frontier-run-002072	three-chain-k0-slack_two-0	colliding	replay	3	SFSFFS	0	none
frontier-run-002073	three-chain-k0-slack_two-0	colliding	replay	3	SFFSS	0	none
frontier-run-002074	three-chain-k0-slack_two-0	colliding	replay	3	SFFSFS	0	none
frontier-run-002075	three-chain-k0-slack_two-0	colliding	replay	3	SFFFSS	0	none
frontier-run-002076	three-chain-k0-slack_two-0	colliding	replay	3	FSSS	0	none
frontier-run-002077	three-chain-k0-slack_two-0	colliding	replay	3	FSSFS	0	none
frontier-run-002078	three-chain-k0-slack_two-0	colliding	replay	3	FSSFFS	0	none
frontier-run-002079	three-chain-k0-slack_two-0	colliding	replay	3	FSFSS	0	none
frontier-run-002080	three-chain-k0-slack_two-0	colliding	replay	3	FSFSFS	0	none
frontier-run-002081	three-chain-k0-slack_two-0	colliding	replay	3	FSFFSS	0	none
frontier-run-002082	three-chain-k0-slack_two-0	colliding	replay	3	FFSSS	0	none
frontier-run-002083	three-chain-k0-slack_two-0	colliding	replay	3	FFSSFS	0	none
frontier-run-002084	three-chain-k0-slack_two-0	colliding	replay	3	FFSFSS	0	none
frontier-run-002085	three-chain-k0-slack_two-0	colliding	replay	3	FFFSSS	0	none
frontier-run-002086	three-chain-k0-slack_two-0	distinct	concurrent	3	-	11	none
frontier-run-002087	three-chain-k0-slack_two-0	distinct	concurrent	3	-	23	none
frontier-run-002088	three-chain-k0-slack_two-0	colliding	concurrent	3	-	11	none
frontier-run-002089	three-chain-k0-slack_two-0	colliding	concurrent	3	-	23	none
frontier-run-002090	three-chain-k0-slack_two-1	distinct	replay	0	SSS	0	none
frontier-run-002091	three-chain-k0-slack_two-1	colliding	replay	0	SSS	0	none
frontier-run-002092	three-chain-k0-slack_two-1	distinct	replay	1	-	0	none
frontier-run-002093	three-chain-k0-slack_two-1	colliding	replay	1	-	0	none
frontier-run-002094	three-chain-k0-slack_two-1	distinct	replay	2	SSS	0	none
frontier-run-002095	three-chain-k0-slack_two-1	distinct	replay	2	SSF	0	none
frontier-run-002096	three-chain-k0-slack_two-1	distinct	replay	2	SF	0	none
frontier-run-002097	three-chain-k0-slack_two-1	distinct	replay	2	F	0	none
frontier-run-002098	three-chain-k0-slack_two-1	colliding	replay	2	SSS	0	none
frontier-run-002099	three-chain-k0-slack_two-1	colliding	replay	2	SSF	0	none
frontier-run-002100	three-chain-k0-slack_two-1	colliding	replay	2	SF	0	none
frontier-run-002101	three-chain-k0-slack_two-1	colliding	replay	2	F	0	none
frontier-run-002102	three-chain-k0-slack_two-1	distinct	replay	3	SSS	0	none
frontier-run-002103	three-chain-k0-slack_two-1	distinct	replay	3	SSFS	0	none
frontier-run-002104	three-chain-k0-slack_two-1	distinct	replay	3	SSFF	0	none
frontier-run-002105	three-chain-k0-slack_two-1	distinct	replay	3	SFSS	0	none
frontier-run-002106	three-chain-k0-slack_two-1	distinct	replay	3	SFSF	0	none
frontier-run-002107	three-chain-k0-slack_two-1	distinct	replay	3	SFF	0	none
frontier-run-002108	three-chain-k0-slack_two-1	distinct	replay	3	FSSS	0	none
frontier-run-002109	three-chain-k0-slack_two-1	distinct	replay	3	FSSF	0	none
frontier-run-002110	three-chain-k0-slack_two-1	distinct	replay	3	FSF	0	none
frontier-run-002111	three-chain-k0-slack_two-1	distinct	replay	3	FF	0	none
frontier-run-002112	three-chain-k0-slack_two-1	colliding	replay	3	SSS	0	none
frontier-run-002113	three-chain-k0-slack_two-1	colliding	replay	3	SSFS	0	none
frontier-run-002114	three-chain-k0-slack_two-1	colliding	replay	3	SSFF	0	none
frontier-run-002115	three-chain-k0-slack_two-1	colliding	replay	3	SFSS	0	none
frontier-run-002116	three-chain-k0-slack_two-1	colliding	replay	3	SFSF	0	none
frontier-run-002117	three-chain-k0-slack_two-1	colliding	replay	3	SFF	0	none
frontier-run-002118	three-chain-k0-slack_two-1	colliding	replay	3	FSSS	0	none
frontier-run-002119	three-chain-k0-slack_two-1	colliding	replay	3	FSSF	0	none
frontier-run-002120	three-chain-k0-slack_two-1	colliding	replay	3	FSF	0	none
frontier-run-002121	three-chain-k0-slack_two-1	colliding	replay	3	FF	0	none
frontier-run-002122	three-chain-k0-slack_two-1	distinct	concurrent	3	-	11	none
frontier-run-002123	three-chain-k0-slack_two-1	distinct	concurrent	3	-	23	none
frontier-run-002124	three-chain-k0-slack_two-1	colliding	concurrent	3	-	11	none
frontier-run-002125	three-chain-k0-slack_two-1	colliding	concurrent	3	-	23	none
frontier-run-002126	three-chain-k0-slack_two-2	distinct	replay	0	SSS	0	none
frontier-run-002127	three-chain-k0-slack_two-2	colliding	replay	0	SSS	0	none
frontier-run-002128	three-chain-k0-slack_two-2	distinct	replay	1	-	0	none
frontier-run-002129	three-chain-k0-slack_two-2	colliding	replay	1	-	0	none
frontier-run-002130	three-chain-k0-slack_two-2	distinct	replay	2	-	0	none
frontier-run-002131	three-chain-k0-slack_two-2	colliding	replay	2	-	0	none
frontier-run-002132	three-chain-k0-slack_two-2	distinct	replay	3	SSS	0	none
frontier-run-002133	three-chain-k0-slack_two-2	distinct	replay	3	SSF	0	none
frontier-run-002134	three-chain-k0-slack_two-2	distinct	replay	3	SF	0	none
frontier-run-002135	three-chain-k0-slack_two-2	distinct	replay	3	F	0	none
frontier-run-002136	three-chain-k0-slack_two-2	colliding	replay	3	SSS	0	none
frontier-run-002137	three-chain-k0-slack_two-2	colliding	replay	3	SSF	0	none
frontier-run-002138	three-chain-k0-slack_two-2	colliding	replay	3	SF	0	none
frontier-run-002139	three-chain-k0-slack_two-2	colliding	replay	3	F	0	none
frontier-run-002140	three-chain-k0-slack_two-2	distinct	concurrent	3	-	11	none
frontier-run-002141	three-chain-k0-slack_two-2	distinct	concurrent	3	-	23	none
frontier-run-002142	three-chain-k0-slack_two-2	colliding	concurrent	3	-	11	none
frontier-run-002143	three-chain-k0-slack_two-2	colliding	concurrent	3	-	23	none
frontier-run-002144	three-chain-k0-slack_two-3	distinct	replay	0	SSS	0	none
frontier-run-002145	three-chain-k0-slack_two-3	colliding	replay	0	SSS	0	none
frontier-run-002146	three-chain-k0-slack_two-3	distinct	replay	1	-	0	none
frontier-run-002147	three-chain-k0-slack_two-3	colliding	replay	1	-	0	none
frontier-run-002148	three-chain-k0-slack_two-3	distinct	replay	2	-	0	none
frontier-run-002149	three-chain-k0-slack_two-3	colliding	replay	2	-	0	none
frontier-run-002150	three-chain-k0-slack_two-3	distinct	replay	3	-	0	none
frontier-run-002151	three-chain-k0-slack_two-3	colliding	replay	3	-	0	none
frontier-run-002152	three-chain-k0-slack_two-3	distinct	concurrent	3	-	11	none
frontier-run-002153	three-chain-k0-slack_two-3	distinct	concurrent	3	-	23	none
frontier-run-002154	three-chain-k0-slack_two-3	colliding	concurrent	3	-	11	none
frontier-run-002155	three-chain-k0-slack_two-3	colliding	concurrent	3	-	23	none
frontier-run-002156	three-chain-k2-slack_three-0	distinct	replay	0	SSS	0	none
frontier-run-002157	three-chain-k2-slack_three-0	colliding	replay	0	SSS	0	none
frontier-run-002158	three-chain-k2-slack_three-0	distinct	replay	1	SSS	0	none
frontier-run-002159	three-chain-k2-slack_three-0	distinct	replay	1	SSFS	0	none
frontier-run-002160	three-chain-k2-slack_three-0	distinct	replay	1	SFSS	0	none
frontier-run-002161	three-chain-k2-slack_three-0	distinct	replay	1	FSSS	0	none
frontier-run-002162	three-chain-k2-slack_three-0	colliding	replay	1	SSS	0	none
frontier-run-002163	three-chain-k2-slack_three-0	colliding	replay	1	SSFS	0	none
frontier-run-002164	three-chain-k2-slack_three-0	colliding	replay	1	SFSS	0	none
frontier-run-002165	three-chain-k2-slack_three-0	colliding	replay	1	FSSS	0	none
frontier-run-002166	three-chain-k2-slack_three-0	distinct	replay	2	SSS	0	none
frontier-run-002167	three-chain-k2-slack_three-0	distinct	replay	2	SSFS	0	none
frontier-run-002168	three-chain-k2-slack_three-0	distinct	replay	2	SSFFS	0	none
frontier-run-002169	three-chain-k2-slack_three-0	distinct	replay	2	SFSS	0	none
frontier-run-002170	three-chain-k2-slack_three-0	distinct	replay	2	SFSFS	0	none
frontier-run-002171	three-chain-k2-slack_three-0	distinct	replay	2	SFFSS	0	none
frontier-run-002172	three-chain-k2-slack_three-0	distinct	replay	2	FSSS	0	none
frontier-run-002173	three-chain-k2-slack_three-0	distinct	replay	2	FSSFS	0	none
frontier-run-002174	three-chain-k2-slack_three-0	distinct	replay	2	FSFSS	0	none
frontier-run-002175	three-chain-k2-slack_three-0	distinct	replay	2	FFSSS	0	none
frontier-run-002176	three-chain-k2-slack_three-0	colliding	replay	2	SSS	0	none
frontier-run-002177	three-chain-k2-slack_three-0	colliding	replay	2	SSFS	0	none
frontier-run-002178	three-chain-k2-slack_three-0	colliding	replay	2	SSFFS	0	none
frontier-run-002179	three-chain-k2-slack_three-0	colliding	replay	2	SFSS	0	none
frontier-run-002180	three-chain-k2-slack_three-0	colliding	replay	2	SFSFS	0	none
frontier-run-002181	three-chain-k2-slack_three-0	colliding	replay	2	SFFSS	0	none
frontier-run-002182	three-chain-k2-slack_three-0	colliding	replay	2	FSSS	0	none
frontier-run-002183	three-chain-k2-slack_three-0	colliding	replay	2	FSSFS	0	none
frontier-run-002184	three-chain-k2-slack_three-0	colliding	replay	2	FSFSS	0	none
frontier-run-002185	three-chain-k2-slack_three-0	colliding	replay	2	FFSSS	0	none
frontier-run-002186	three-chain-k2-slack_three-0	distinct	replay	3	SSS	0	none
frontier-run-002187	three-chain-k2-slack_three-0	distinct	replay	3	SSFS	0	none
frontier-run-002188	three-chain-k2-slack_three-0	distinct	replay	3	SSFFS	0	none
frontier-run-002189	three-chain-k2-slack_three-0	distinct	replay	3	SSFFFS	0	none
frontier-run-002190	three-chain-k2-slack_three-0	distinct	replay	3	SFSS	0	none
frontier-run-002191	three-chain-k2-slack_three-0	distinct	replay	3	SFSFS	0	none
frontier-run-002192	three-chain-k2-slack_three-0	distinct	replay	3	SFSFFS	0	none
frontier-run-002193	three-chain-k2-slack_three-0	distinct	replay	3	SFFSS	0	none
frontier-run-002194	three-chain-k2-slack_three-0	distinct	replay	3	SFFSFS	0	none
frontier-run-002195	three-chain-k2-slack_three-0	distinct	replay	3	SFFFSS	0	none
frontier-run-002196	three-chain-k2-slack_three-0	distinct	replay	3	FSSS	0	none
frontier-run-002197	three-chain-k2-slack_three-0	distinct	replay	3	FSSFS	0	none
frontier-run-002198	three-chain-k2-slack_three-0	distinct	replay	3	FSSFFS	0	none
frontier-run-002199	three-chain-k2-slack_three-0	distinct	replay	3	FSFSS	0	none
frontier-run-002200	three-chain-k2-slack_three-0	distinct	replay	3	FSFSFS	0	none
frontier-run-002201	three-chain-k2-slack_three-0	distinct	replay	3	FSFFSS	0	none
frontier-run-002202	three-chain-k2-slack_three-0	distinct	replay	3	FFSSS	0	none
frontier-run-002203	three-chain-k2-slack_three-0	distinct	replay	3	FFSSFS	0	none
frontier-run-002204	three-chain-k2-slack_three-0	distinct	replay	3	FFSFSS	0	none
frontier-run-002205	three-chain-k2-slack_three-0	distinct	replay	3	FFFSSS	0	none
frontier-run-002206	three-chain-k2-slack_three-0	colliding	replay	3	SSS	0	none
frontier-run-002207	three-chain-k2-slack_three-0	colliding	replay	3	SSFS	0	none
frontier-run-002208	three-chain-k2-slack_three-0	colliding	replay	3	SSFFS	0	none
frontier-run-002209	three-chain-k2-slack_three-0	colliding	replay	3	SSFFFS	0	none
frontier-run-002210	three-chain-k2-slack_three-0	colliding	replay	3	SFSS	0	none
frontier-run-002211	three-chain-k2-slack_three-0	colliding	replay	3	SFSFS	0	none
frontier-run-002212	three-chain-k2-slack_three-0	colliding	replay	3	SFSFFS	0	none
frontier-run-002213	three-chain-k2-slack_three-0	colliding	replay	3	SFFSS	0	none
frontier-run-002214	three-chain-k2-slack_three-0	colliding	replay	3	SFFSFS	0	none
frontier-run-002215	three-chain-k2-slack_three-0	colliding	replay	3	SFFFSS	0	none
frontier-run-002216	three-chain-k2-slack_three-0	colliding	replay	3	FSSS	0	none
frontier-run-002217	three-chain-k2-slack_three-0	colliding	replay	3	FSSFS	0	none
frontier-run-002218	three-chain-k2-slack_three-0	colliding	replay	3	FSSFFS	0	none
frontier-run-002219	three-chain-k2-slack_three-0	colliding	replay	3	FSFSS	0	none
frontier-run-002220	three-chain-k2-slack_three-0	colliding	replay	3	FSFSFS	0	none
frontier-run-002221	three-chain-k2-slack_three-0	colliding	replay	3	FSFFSS	0	none
frontier-run-002222	three-chain-k2-slack_three-0	colliding	replay	3	FFSSS	0	none
frontier-run-002223	three-chain-k2-slack_three-0	colliding	replay	3	FFSSFS	0	none
frontier-run-002224	three-chain-k2-slack_three-0	colliding	replay	3	FFSFSS	0	none
frontier-run-002225	three-chain-k2-slack_three-0	colliding	replay	3	FFFSSS	0	none
frontier-run-002226	three-chain-k2-slack_three-0	distinct	concurrent	3	-	11	none
frontier-run-002227	three-chain-k2-slack_three-0	distinct	concurrent	3	-	23	none
frontier-run-002228	three-chain-k2-slack_three-0	colliding	concurrent	3	-	11	none
frontier-run-002229	three-chain-k2-slack_three-0	colliding	concurrent	3	-	23	none
frontier-run-002230	three-chain-k2-slack_three-1	distinct	replay	0	SSS	0	none
frontier-run-002231	three-chain-k2-slack_three-1	colliding	replay	0	SSS	0	none
frontier-run-002232	three-chain-k2-slack_three-1	distinct	replay	1	SSS	0	none
frontier-run-002233	three-chain-k2-slack_three-1	distinct	replay	1	SSF	0	none
frontier-run-002234	three-chain-k2-slack_three-1	distinct	replay	1	SFS	0	none
frontier-run-002235	three-chain-k2-slack_three-1	distinct	replay	1	FSS	0	none
frontier-run-002236	three-chain-k2-slack_three-1	colliding	replay	1	SSS	0	none
frontier-run-002237	three-chain-k2-slack_three-1	colliding	replay	1	SSF	0	none
frontier-run-002238	three-chain-k2-slack_three-1	colliding	replay	1	SFS	0	none
frontier-run-002239	three-chain-k2-slack_three-1	colliding	replay	1	FSS	0	none
frontier-run-002240	three-chain-k2-slack_three-1	distinct	replay	2	SSS	0	none
frontier-run-002241	three-chain-k2-slack_three-1	distinct	replay	2	SSFS	0	none
frontier-run-002242	three-chain-k2-slack_three-1	distinct	replay	2	SSFF	0	none
frontier-run-002243	three-chain-k2-slack_three-1	distinct	replay	2	SFSS	0	none
frontier-run-002244	three-chain-k2-slack_three-1	distinct	replay	2	SFSF	0	none
frontier-run-002245	three-chain-k2-slack_three-1	distinct	replay	2	SFFS	0	none
frontier-run-002246	three-chain-k2-slack_three-1	distinct	replay	2	FSSS	0	none
frontier-run-002247	three-chain-k2-slack_three-1	distinct	replay	2	FSSF	0	none
frontier-run-002248	three-chain-k2-slack_three-1	distinct	replay	2	FSFS	0	none
frontier-run-002249	three-chain-k2-slack_three-1	distinct	replay	2	FFSS	0	none
frontier-run-002250	three-chain-k2-slack_three-1	colliding	replay	2	SSS	0	none
frontier-run-002251	three-chain-k2-slack_three-1	colliding	replay	2	SSFS	0	none
frontier-run-002252	three-chain-k2-slack_three-1	colliding	replay	2	SSFF	0	none
frontier-run-002253	three-chain-k2-slack_three-1	colliding	replay	2	SFSS	0	none
frontier-run-002254	three-chain-k2-slack_three-1	colliding	replay	2	SFSF	0	none
frontier-run-002255	three-chain-k2-slack_three-1	colliding	replay	2	SFFS	0	none
frontier-run-002256	three-chain-k2-slack_three-1	colliding	replay	2	FSSS	0	none
frontier-run-002257	three-chain-k2-slack_three-1	colliding	replay	2	FSSF	0	none
frontier-run-002258	three-chain-k2-slack_three-1	colliding	replay	2	FSFS	0	none
frontier-run-002259	three-chain-k2-slack_three-1	colliding	replay	2	FFSS	0	none
frontier-run-002260	three-chain-k2-slack_three-1	distinct	replay	3	SSS	0	none
frontier-run-002261	three-chain-k2-slack_three-1	distinct	replay	3	SSFS	0	none
frontier-run-002262	three-chain-k2-slack_three-1	distinct	replay	3	SSFFS	0	none
frontier-run-002263	three-chain-k2-slack_three-1	distinct	replay	3	SSFFF	0	none
frontier-run-002264	three-chain-k2-slack_three-1	distinct	replay	3	SFSS	0	none
frontier-run-002265	three-chain-k2-slack_three-1	distinct	replay	3	SFSFS	0	none
frontier-run-002266	three-chain-k2-slack_three-1	distinct	replay	3	SFSFF	0	none
frontier-run-002267	three-chain-k2-slack_three-1	distinct	replay	3	SFFSS	0	none
frontier-run-002268	three-chain-k2-slack_three-1	distinct	replay	3	SFFSF	0	none
frontier-run-002269	three-chain-k2-slack_three-1	distinct	replay	3	SFFFS	0	none
frontier-run-002270	three-chain-k2-slack_three-1	distinct	replay	3	FSSS	0	none
frontier-run-002271	three-chain-k2-slack_three-1	distinct	replay	3	FSSFS	0	none
frontier-run-002272	three-chain-k2-slack_three-1	distinct	replay	3	FSSFF	0	none
frontier-run-002273	three-chain-k2-slack_three-1	distinct	replay	3	FSFSS	0	none
frontier-run-002274	three-chain-k2-slack_three-1	distinct	replay	3	FSFSF	0	none
frontier-run-002275	three-chain-k2-slack_three-1	distinct	replay	3	FSFFS	0	none
frontier-run-002276	three-chain-k2-slack_three-1	distinct	replay	3	FFSSS	0	none
frontier-run-002277	three-chain-k2-slack_three-1	distinct	replay	3	FFSSF	0	none
frontier-run-002278	three-chain-k2-slack_three-1	distinct	replay	3	FFSFS	0	none
frontier-run-002279	three-chain-k2-slack_three-1	distinct	replay	3	FFFSS	0	none
frontier-run-002280	three-chain-k2-slack_three-1	colliding	replay	3	SSS	0	none
frontier-run-002281	three-chain-k2-slack_three-1	colliding	replay	3	SSFS	0	none
frontier-run-002282	three-chain-k2-slack_three-1	colliding	replay	3	SSFFS	0	none
frontier-run-002283	three-chain-k2-slack_three-1	colliding	replay	3	SSFFF	0	none
frontier-run-002284	three-chain-k2-slack_three-1	colliding	replay	3	SFSS	0	none
frontier-run-002285	three-chain-k2-slack_three-1	colliding	replay	3	SFSFS	0	none
frontier-run-002286	three-chain-k2-slack_three-1	colliding	replay	3	SFSFF	0	none
frontier-run-002287	three-chain-k2-slack_three-1	colliding	replay	3	SFFSS	0	none
frontier-run-002288	three-chain-k2-slack_three-1	colliding	replay	3	SFFSF	0	none
frontier-run-002289	three-chain-k2-slack_three-1	colliding	replay	3	SFFFS	0	none
frontier-run-002290	three-chain-k2-slack_three-1	colliding	replay	3	FSSS	0	none
frontier-run-002291	three-chain-k2-slack_three-1	colliding	replay	3	FSSFS	0	none
frontier-run-002292	three-chain-k2-slack_three-1	colliding	replay	3	FSSFF	0	none
frontier-run-002293	three-chain-k2-slack_three-1	colliding	replay	3	FSFSS	0	none
frontier-run-002294	three-chain-k2-slack_three-1	colliding	replay	3	FSFSF	0	none
frontier-run-002295	three-chain-k2-slack_three-1	colliding	replay	3	FSFFS	0	none
frontier-run-002296	three-chain-k2-slack_three-1	colliding	replay	3	FFSSS	0	none
frontier-run-002297	three-chain-k2-slack_three-1	colliding	replay	3	FFSSF	0	none
frontier-run-002298	three-chain-k2-slack_three-1	colliding	replay	3	FFSFS	0	none
frontier-run-002299	three-chain-k2-slack_three-1	colliding	replay	3	FFFSS	0	none
frontier-run-002300	three-chain-k2-slack_three-1	distinct	concurrent	3	-	11	none
frontier-run-002301	three-chain-k2-slack_three-1	distinct	concurrent	3	-	23	none
frontier-run-002302	three-chain-k2-slack_three-1	colliding	concurrent	3	-	11	none
frontier-run-002303	three-chain-k2-slack_three-1	colliding	concurrent	3	-	23	none
frontier-run-002304	three-chain-k2-slack_three-2	distinct	replay	0	SSS	0	none
frontier-run-002305	three-chain-k2-slack_three-2	colliding	replay	0	SSS	0	none
frontier-run-002306	three-chain-k2-slack_three-2	distinct	replay	1	SSS	0	none
frontier-run-002307	three-chain-k2-slack_three-2	distinct	replay	1	SSF	0	none
frontier-run-002308	three-chain-k2-slack_three-2	distinct	replay	1	SFS	0	none
frontier-run-002309	three-chain-k2-slack_three-2	distinct	replay	1	FSS	0	none
frontier-run-002310	three-chain-k2-slack_three-2	colliding	replay	1	SSS	0	none
frontier-run-002311	three-chain-k2-slack_three-2	colliding	replay	1	SSF	0	none
frontier-run-002312	three-chain-k2-slack_three-2	colliding	replay	1	SFS	0	none
frontier-run-002313	three-chain-k2-slack_three-2	colliding	replay	1	FSS	0	none
frontier-run-002314	three-chain-k2-slack_three-2	distinct	replay	2	SSS	0	none
frontier-run-002315	three-chain-k2-slack_three-2	distinct	replay	2	SSF	0	none
frontier-run-002316	three-chain-k2-slack_three-2	distinct	replay	2	SFS	0	none
frontier-run-002317	three-chain-k2-slack_three-2	distinct	replay	2	SFF	0	none
frontier-run-002318	three-chain-k2-slack_three-2	distinct	replay	2	FSS	0	none
frontier-run-002319	three-chain-k2-slack_three-2	distinct	replay	2	FSF	0	none
frontier-run-002320	three-chain-k2-slack_three-2	distinct	replay	2	FFS	0	none
frontier-run-002321	three-chain-k2-slack_three-2	colliding	replay	2	SSS	0	none
frontier-run-002322	three-chain-k2-slack_three-2	colliding	replay	2	SSF	0	none
frontier-run-002323	three-chain-k2-slack_three-2	colliding	replay	2	SFS	0	none
frontier-run-002324	three-chain-k2-slack_three-2	colliding	replay	2	SFF	0	none
frontier-run-002325	three-chain-k2-slack_three-2	colliding	replay	2	FSS	0	none
frontier-run-002326	three-chain-k2-slack_three-2	colliding	replay	2	FSF	0	none
frontier-run-002327	three-chain-k2-slack_three-2	colliding	replay	2	FFS	0	none
frontier-run-002328	three-chain-k2-slack_three-2	distinct	replay	3	SSS	0	none
frontier-run-002329	three-chain-k2-slack_three-2	distinct	replay	3	SSFS	0	none
frontier-run-002330	three-chain-k2-slack_three-2	distinct	replay	3	SSFF	0	none
frontier-run-002331	three-chain-k2-slack_three-2	distinct	replay	3	SFSS	0	none
frontier-run-002332	three-chain-k2-slack_three-2	distinct	replay	3	SFSF	0	none
frontier-run-002333	three-chain-k2-slack_three-2	distinct	replay	3	SFFS	0	none
frontier-run-002334	three-chain-k2-slack_three-2	distinct	replay	3	SFFF	0	none
frontier-run-002335	three-chain-k2-slack_three-2	distinct	replay	3	FSSS	0	none
frontier-run-002336	three-chain-k2-slack_three-2	distinct	replay	3	FSSF	0	none
frontier-run-002337	three-chain-k2-slack_three-2	distinct	replay	3	FSFS	0	none
frontier-run-002338	three-chain-k2-slack_three-2	distinct	replay	3	FSFF	0	none
frontier-run-002339	three-chain-k2-slack_three-2	distinct	replay	3	FFSS	0	none
frontier-run-002340	three-chain-k2-slack_three-2	distinct	replay	3	FFSF	0	none
frontier-run-002341	three-chain-k2-slack_three-2	distinct	replay	3	FFFS	0	none
frontier-run-002342	three-chain-k2-slack_three-2	colliding	replay	3	SSS	0	none
frontier-run-002343	three-chain-k2-slack_three-2	colliding	replay	3	SSFS	0	none
frontier-run-002344	three-chain-k2-slack_three-2	colliding	replay	3	SSFF	0	none
frontier-run-002345	three-chain-k2-slack_three-2	colliding	replay	3	SFSS	0	none
frontier-run-002346	three-chain-k2-slack_three-2	colliding	replay	3	SFSF	0	none
frontier-run-002347	three-chain-k2-slack_three-2	colliding	replay	3	SFFS	0	none
frontier-run-002348	three-chain-k2-slack_three-2	colliding	replay	3	SFFF	0	none
frontier-run-002349	three-chain-k2-slack_three-2	colliding	replay	3	FSSS	0	none
frontier-run-002350	three-chain-k2-slack_three-2	colliding	replay	3	FSSF	0	none
frontier-run-002351	three-chain-k2-slack_three-2	colliding	replay	3	FSFS	0	none
frontier-run-002352	three-chain-k2-slack_three-2	colliding	replay	3	FSFF	0	none
frontier-run-002353	three-chain-k2-slack_three-2	colliding	replay	3	FFSS	0	none
frontier-run-002354	three-chain-k2-slack_three-2	colliding	replay	3	FFSF	0	none
frontier-run-002355	three-chain-k2-slack_three-2	colliding	replay	3	FFFS	0	none
frontier-run-002356	three-chain-k2-slack_three-2	distinct	concurrent	3	-	11	none
frontier-run-002357	three-chain-k2-slack_three-2	distinct	concurrent	3	-	23	none
frontier-run-002358	three-chain-k2-slack_three-2	colliding	concurrent	3	-	11	none
frontier-run-002359	three-chain-k2-slack_three-2	colliding	concurrent	3	-	23	none
frontier-run-002360	three-chain-k2-slack_three-3	distinct	replay	0	SSS	0	none
frontier-run-002361	three-chain-k2-slack_three-3	colliding	replay	0	SSS	0	none
frontier-run-002362	three-chain-k2-slack_three-3	distinct	replay	1	SSS	0	none
frontier-run-002363	three-chain-k2-slack_three-3	distinct	replay	1	SSF	0	none
frontier-run-002364	three-chain-k2-slack_three-3	distinct	replay	1	SFS	0	none
frontier-run-002365	three-chain-k2-slack_three-3	distinct	replay	1	FSS	0	none
frontier-run-002366	three-chain-k2-slack_three-3	colliding	replay	1	SSS	0	none
frontier-run-002367	three-chain-k2-slack_three-3	colliding	replay	1	SSF	0	none
frontier-run-002368	three-chain-k2-slack_three-3	colliding	replay	1	SFS	0	none
frontier-run-002369	three-chain-k2-slack_three-3	colliding	replay	1	FSS	0	none
frontier-run-002370	three-chain-k2-slack_three-3	distinct	replay	2	SSS	0	none
frontier-run-002371	three-chain-k2-slack_three-3	distinct	replay	2	SSF	0	none
frontier-run-002372	three-chain-k2-slack_three-3	distinct	replay	2	SFS	0	none
frontier-run-002373	three-chain-k2-slack_three-3	distinct	replay	2	SFF	0	none
frontier-run-002374	three-chain-k2-slack_three-3	distinct	replay	2	FSS	0	none
frontier-run-002375	three-chain-k2-slack_three-3	distinct	replay	2	FSF	0	none
frontier-run-002376	three-chain-k2-slack_three-3	distinct	replay	2	FFS	0	none
frontier-run-002377	three-chain-k2-slack_three-3	colliding	replay	2	SSS	0	none
frontier-run-002378	three-chain-k2-slack_three-3	colliding	replay	2	SSF	0	none
frontier-run-002379	three-chain-k2-slack_three-3	colliding	replay	2	SFS	0	none
frontier-run-002380	three-chain-k2-slack_three-3	colliding	replay	2	SFF	0	none
frontier-run-002381	three-chain-k2-slack_three-3	colliding	replay	2	FSS	0	none
frontier-run-002382	three-chain-k2-slack_three-3	colliding	replay	2	FSF	0	none
frontier-run-002383	three-chain-k2-slack_three-3	colliding	replay	2	FFS	0	none
frontier-run-002384	three-chain-k2-slack_three-3	distinct	replay	3	SSS	0	none
frontier-run-002385	three-chain-k2-slack_three-3	distinct	replay	3	SSF	0	none
frontier-run-002386	three-chain-k2-slack_three-3	distinct	replay	3	SFS	0	none
frontier-run-002387	three-chain-k2-slack_three-3	distinct	replay	3	SFF	0	none
frontier-run-002388	three-chain-k2-slack_three-3	distinct	replay	3	FSS	0	none
frontier-run-002389	three-chain-k2-slack_three-3	distinct	replay	3	FSF	0	none
frontier-run-002390	three-chain-k2-slack_three-3	distinct	replay	3	FFS	0	none
frontier-run-002391	three-chain-k2-slack_three-3	distinct	replay	3	FFF	0	none
frontier-run-002392	three-chain-k2-slack_three-3	colliding	replay	3	SSS	0	none
frontier-run-002393	three-chain-k2-slack_three-3	colliding	replay	3	SSF	0	none
frontier-run-002394	three-chain-k2-slack_three-3	colliding	replay	3	SFS	0	none
frontier-run-002395	three-chain-k2-slack_three-3	colliding	replay	3	SFF	0	none
frontier-run-002396	three-chain-k2-slack_three-3	colliding	replay	3	FSS	0	none
frontier-run-002397	three-chain-k2-slack_three-3	colliding	replay	3	FSF	0	none
frontier-run-002398	three-chain-k2-slack_three-3	colliding	replay	3	FFS	0	none
frontier-run-002399	three-chain-k2-slack_three-3	colliding	replay	3	FFF	0	none
frontier-run-002400	three-chain-k2-slack_three-3	distinct	concurrent	3	-	11	none
frontier-run-002401	three-chain-k2-slack_three-3	distinct	concurrent	3	-	23	none
frontier-run-002402	three-chain-k2-slack_three-3	colliding	concurrent	3	-	11	none
frontier-run-002403	three-chain-k2-slack_three-3	colliding	concurrent	3	-	23	none
frontier-run-002404	three-chain-k2-slack_two-0	distinct	replay	0	SSS	0	none
frontier-run-002405	three-chain-k2-slack_two-0	colliding	replay	0	SSS	0	none
frontier-run-002406	three-chain-k2-slack_two-0	distinct	replay	1	SSS	0	none
frontier-run-002407	three-chain-k2-slack_two-0	distinct	replay	1	SSFS	0	none
frontier-run-002408	three-chain-k2-slack_two-0	distinct	replay	1	SFSS	0	none
frontier-run-002409	three-chain-k2-slack_two-0	distinct	replay	1	FSSS	0	none
frontier-run-002410	three-chain-k2-slack_two-0	colliding	replay	1	SSS	0	none
frontier-run-002411	three-chain-k2-slack_two-0	colliding	replay	1	SSFS	0	none
frontier-run-002412	three-chain-k2-slack_two-0	colliding	replay	1	SFSS	0	none
frontier-run-002413	three-chain-k2-slack_two-0	colliding	replay	1	FSSS	0	none
frontier-run-002414	three-chain-k2-slack_two-0	distinct	replay	2	SSS	0	none
frontier-run-002415	three-chain-k2-slack_two-0	distinct	replay	2	SSFS	0	none
frontier-run-002416	three-chain-k2-slack_two-0	distinct	replay	2	SSFFS	0	none
frontier-run-002417	three-chain-k2-slack_two-0	distinct	replay	2	SFSS	0	none
frontier-run-002418	three-chain-k2-slack_two-0	distinct	replay	2	SFSFS	0	none
frontier-run-002419	three-chain-k2-slack_two-0	distinct	replay	2	SFFSS	0	none
frontier-run-002420	three-chain-k2-slack_two-0	distinct	replay	2	FSSS	0	none
frontier-run-002421	three-chain-k2-slack_two-0	distinct	replay	2	FSSFS	0	none
frontier-run-002422	three-chain-k2-slack_two-0	distinct	replay	2	FSFSS	0	none
frontier-run-002423	three-chain-k2-slack_two-0	distinct	replay	2	FFSSS	0	none
frontier-run-002424	three-chain-k2-slack_two-0	colliding	replay	2	SSS	0	none
frontier-run-002425	three-chain-k2-slack_two-0	colliding	replay	2	SSFS	0	none
frontier-run-002426	three-chain-k2-slack_two-0	colliding	replay	2	SSFFS	0	none
frontier-run-002427	three-chain-k2-slack_two-0	colliding	replay	2	SFSS	0	none
frontier-run-002428	three-chain-k2-slack_two-0	colliding	replay	2	SFSFS	0	none
frontier-run-002429	three-chain-k2-slack_two-0	colliding	replay	2	SFFSS	0	none
frontier-run-002430	three-chain-k2-slack_two-0	colliding	replay	2	FSSS	0	none
frontier-run-002431	three-chain-k2-slack_two-0	colliding	replay	2	FSSFS	0	none
frontier-run-002432	three-chain-k2-slack_two-0	colliding	replay	2	FSFSS	0	none
frontier-run-002433	three-chain-k2-slack_two-0	colliding	replay	2	FFSSS	0	none
frontier-run-002434	three-chain-k2-slack_two-0	distinct	replay	3	SSS	0	none
frontier-run-002435	three-chain-k2-slack_two-0	distinct	replay	3	SSFS	0	none
frontier-run-002436	three-chain-k2-slack_two-0	distinct	replay	3	SSFFS	0	none
frontier-run-002437	three-chain-k2-slack_two-0	distinct	replay	3	SSFFFS	0	none
frontier-run-002438	three-chain-k2-slack_two-0	distinct	replay	3	SFSS	0	none
frontier-run-002439	three-chain-k2-slack_two-0	distinct	replay	3	SFSFS	0	none
frontier-run-002440	three-chain-k2-slack_two-0	distinct	replay	3	SFSFFS	0	none
frontier-run-002441	three-chain-k2-slack_two-0	distinct	replay	3	SFFSS	0	none
frontier-run-002442	three-chain-k2-slack_two-0	distinct	replay	3	SFFSFS	0	none
frontier-run-002443	three-chain-k2-slack_two-0	distinct	replay	3	SFFFSS	0	none
frontier-run-002444	three-chain-k2-slack_two-0	distinct	replay	3	FSSS	0	none
frontier-run-002445	three-chain-k2-slack_two-0	distinct	replay	3	FSSFS	0	none
frontier-run-002446	three-chain-k2-slack_two-0	distinct	replay	3	FSSFFS	0	none
frontier-run-002447	three-chain-k2-slack_two-0	distinct	replay	3	FSFSS	0	none
frontier-run-002448	three-chain-k2-slack_two-0	distinct	replay	3	FSFSFS	0	none
frontier-run-002449	three-chain-k2-slack_two-0	distinct	replay	3	FSFFSS	0	none
frontier-run-002450	three-chain-k2-slack_two-0	distinct	replay	3	FFSSS	0	none
frontier-run-002451	three-chain-k2-slack_two-0	distinct	replay	3	FFSSFS	0	none
frontier-run-002452	three-chain-k2-slack_two-0	distinct	replay	3	FFSFSS	0	none
frontier-run-002453	three-chain-k2-slack_two-0	distinct	replay	3	FFFSSS	0	none
frontier-run-002454	three-chain-k2-slack_two-0	colliding	replay	3	SSS	0	none
frontier-run-002455	three-chain-k2-slack_two-0	colliding	replay	3	SSFS	0	none
frontier-run-002456	three-chain-k2-slack_two-0	colliding	replay	3	SSFFS	0	none
frontier-run-002457	three-chain-k2-slack_two-0	colliding	replay	3	SSFFFS	0	none
frontier-run-002458	three-chain-k2-slack_two-0	colliding	replay	3	SFSS	0	none
frontier-run-002459	three-chain-k2-slack_two-0	colliding	replay	3	SFSFS	0	none
frontier-run-002460	three-chain-k2-slack_two-0	colliding	replay	3	SFSFFS	0	none
frontier-run-002461	three-chain-k2-slack_two-0	colliding	replay	3	SFFSS	0	none
frontier-run-002462	three-chain-k2-slack_two-0	colliding	replay	3	SFFSFS	0	none
frontier-run-002463	three-chain-k2-slack_two-0	colliding	replay	3	SFFFSS	0	none
frontier-run-002464	three-chain-k2-slack_two-0	colliding	replay	3	FSSS	0	none
frontier-run-002465	three-chain-k2-slack_two-0	colliding	replay	3	FSSFS	0	none
frontier-run-002466	three-chain-k2-slack_two-0	colliding	replay	3	FSSFFS	0	none
frontier-run-002467	three-chain-k2-slack_two-0	colliding	replay	3	FSFSS	0	none
frontier-run-002468	three-chain-k2-slack_two-0	colliding	replay	3	FSFSFS	0	none
frontier-run-002469	three-chain-k2-slack_two-0	colliding	replay	3	FSFFSS	0	none
frontier-run-002470	three-chain-k2-slack_two-0	colliding	replay	3	FFSSS	0	none
frontier-run-002471	three-chain-k2-slack_two-0	colliding	replay	3	FFSSFS	0	none
frontier-run-002472	three-chain-k2-slack_two-0	colliding	replay	3	FFSFSS	0	none
frontier-run-002473	three-chain-k2-slack_two-0	colliding	replay	3	FFFSSS	0	none
frontier-run-002474	three-chain-k2-slack_two-0	distinct	concurrent	3	-	11	none
frontier-run-002475	three-chain-k2-slack_two-0	distinct	concurrent	3	-	23	none
frontier-run-002476	three-chain-k2-slack_two-0	colliding	concurrent	3	-	11	none
frontier-run-002477	three-chain-k2-slack_two-0	colliding	concurrent	3	-	23	none
frontier-run-002478	three-chain-k2-slack_two-1	distinct	replay	0	SSS	0	none
frontier-run-002479	three-chain-k2-slack_two-1	colliding	replay	0	SSS	0	none
frontier-run-002480	three-chain-k2-slack_two-1	distinct	replay	1	-	0	none
frontier-run-002481	three-chain-k2-slack_two-1	colliding	replay	1	-	0	none
frontier-run-002482	three-chain-k2-slack_two-1	distinct	replay	2	SSS	0	none
frontier-run-002483	three-chain-k2-slack_two-1	distinct	replay	2	SSF	0	none
frontier-run-002484	three-chain-k2-slack_two-1	distinct	replay	2	SF	0	none
frontier-run-002485	three-chain-k2-slack_two-1	distinct	replay	2	F	0	none
frontier-run-002486	three-chain-k2-slack_two-1	colliding	replay	2	SSS	0	none
frontier-run-002487	three-chain-k2-slack_two-1	colliding	replay	2	SSF	0	none
frontier-run-002488	three-chain-k2-slack_two-1	colliding	replay	2	SF	0	none
frontier-run-002489	three-chain-k2-slack_two-1	colliding	replay	2	F	0	none
frontier-run-002490	three-chain-k2-slack_two-1	distinct	replay	3	SSS	0	none
frontier-run-002491	three-chain-k2-slack_two-1	distinct	replay	3	SSFS	0	none
frontier-run-002492	three-chain-k2-slack_two-1	distinct	replay	3	SSFF	0	none
frontier-run-002493	three-chain-k2-slack_two-1	distinct	replay	3	SFSS	0	none
frontier-run-002494	three-chain-k2-slack_two-1	distinct	replay	3	SFSF	0	none
frontier-run-002495	three-chain-k2-slack_two-1	distinct	replay	3	SFF	0	none
frontier-run-002496	three-chain-k2-slack_two-1	distinct	replay	3	FSSS	0	none
frontier-run-002497	three-chain-k2-slack_two-1	distinct	replay	3	FSSF	0	none
frontier-run-002498	three-chain-k2-slack_two-1	distinct	replay	3	FSF	0	none
frontier-run-002499	three-chain-k2-slack_two-1	distinct	replay	3	FF	0	none
frontier-run-002500	three-chain-k2-slack_two-1	colliding	replay	3	SSS	0	none
frontier-run-002501	three-chain-k2-slack_two-1	colliding	replay	3	SSFS	0	none
frontier-run-002502	three-chain-k2-slack_two-1	colliding	replay	3	SSFF	0	none
frontier-run-002503	three-chain-k2-slack_two-1	colliding	replay	3	SFSS	0	none
frontier-run-002504	three-chain-k2-slack_two-1	colliding	replay	3	SFSF	0	none
frontier-run-002505	three-chain-k2-slack_two-1	colliding	replay	3	SFF	0	none
frontier-run-002506	three-chain-k2-slack_two-1	colliding	replay	3	FSSS	0	none
frontier-run-002507	three-chain-k2-slack_two-1	colliding	replay	3	FSSF	0	none
frontier-run-002508	three-chain-k2-slack_two-1	colliding	replay	3	FSF	0	none
frontier-run-002509	three-chain-k2-slack_two-1	colliding	replay	3	FF	0	none
frontier-run-002510	three-chain-k2-slack_two-1	distinct	concurrent	3	-	11	none
frontier-run-002511	three-chain-k2-slack_two-1	distinct	concurrent	3	-	23	none
frontier-run-002512	three-chain-k2-slack_two-1	colliding	concurrent	3	-	11	none
frontier-run-002513	three-chain-k2-slack_two-1	colliding	concurrent	3	-	23	none
frontier-run-002514	three-chain-k2-slack_two-2	distinct	replay	0	SSS	0	none
frontier-run-002515	three-chain-k2-slack_two-2	colliding	replay	0	SSS	0	none
frontier-run-002516	three-chain-k2-slack_two-2	distinct	replay	1	-	0	none
frontier-run-002517	three-chain-k2-slack_two-2	colliding	replay	1	-	0	none
frontier-run-002518	three-chain-k2-slack_two-2	distinct	replay	2	-	0	none
frontier-run-002519	three-chain-k2-slack_two-2	colliding	replay	2	-	0	none
frontier-run-002520	three-chain-k2-slack_two-2	distinct	replay	3	SSS	0	none
frontier-run-002521	three-chain-k2-slack_two-2	distinct	replay	3	SSF	0	none
frontier-run-002522	three-chain-k2-slack_two-2	distinct	replay	3	SF	0	none
frontier-run-002523	three-chain-k2-slack_two-2	distinct	replay	3	F	0	none
frontier-run-002524	three-chain-k2-slack_two-2	colliding	replay	3	SSS	0	none
frontier-run-002525	three-chain-k2-slack_two-2	colliding	replay	3	SSF	0	none
frontier-run-002526	three-chain-k2-slack_two-2	colliding	replay	3	SF	0	none
frontier-run-002527	three-chain-k2-slack_two-2	colliding	replay	3	F	0	none
frontier-run-002528	three-chain-k2-slack_two-2	distinct	concurrent	3	-	11	none
frontier-run-002529	three-chain-k2-slack_two-2	distinct	concurrent	3	-	23	none
frontier-run-002530	three-chain-k2-slack_two-2	colliding	concurrent	3	-	11	none
frontier-run-002531	three-chain-k2-slack_two-2	colliding	concurrent	3	-	23	none
frontier-run-002532	three-chain-k2-slack_two-3	distinct	replay	0	SSS	0	none
frontier-run-002533	three-chain-k2-slack_two-3	colliding	replay	0	SSS	0	none
frontier-run-002534	three-chain-k2-slack_two-3	distinct	replay	1	-	0	none
frontier-run-002535	three-chain-k2-slack_two-3	colliding	replay	1	-	0	none
frontier-run-002536	three-chain-k2-slack_two-3	distinct	replay	2	-	0	none
frontier-run-002537	three-chain-k2-slack_two-3	colliding	replay	2	-	0	none
frontier-run-002538	three-chain-k2-slack_two-3	distinct	replay	3	-	0	none
frontier-run-002539	three-chain-k2-slack_two-3	colliding	replay	3	-	0	none
frontier-run-002540	three-chain-k2-slack_two-3	distinct	concurrent	3	-	11	none
frontier-run-002541	three-chain-k2-slack_two-3	distinct	concurrent	3	-	23	none
frontier-run-002542	three-chain-k2-slack_two-3	colliding	concurrent	3	-	11	none
frontier-run-002543	three-chain-k2-slack_two-3	colliding	concurrent	3	-	23	none
frontier-run-002544	five-independent-k0-slack_three-0	distinct	replay	0	SSSSS	0	none
frontier-run-002545	five-independent-k0-slack_three-0	colliding	replay	0	SSSSS	0	none
frontier-run-002546	five-independent-k0-slack_three-0	distinct	replay	1	SSSSS	0	none
frontier-run-002547	five-independent-k0-slack_three-0	distinct	replay	1	SSSSFS	0	none
frontier-run-002548	five-independent-k0-slack_three-0	distinct	replay	1	SSSFSS	0	none
frontier-run-002549	five-independent-k0-slack_three-0	distinct	replay	1	SSFSSS	0	none
frontier-run-002550	five-independent-k0-slack_three-0	distinct	replay	1	SFSSSS	0	none
frontier-run-002551	five-independent-k0-slack_three-0	distinct	replay	1	FSSSSS	0	none
frontier-run-002552	five-independent-k0-slack_three-0	colliding	replay	1	SSSSS	0	none
frontier-run-002553	five-independent-k0-slack_three-0	colliding	replay	1	SSSSFS	0	none
frontier-run-002554	five-independent-k0-slack_three-0	colliding	replay	1	SSSFSS	0	none
frontier-run-002555	five-independent-k0-slack_three-0	colliding	replay	1	SSFSSS	0	none
frontier-run-002556	five-independent-k0-slack_three-0	colliding	replay	1	SFSSSS	0	none
frontier-run-002557	five-independent-k0-slack_three-0	colliding	replay	1	FSSSSS	0	none
frontier-run-002558	five-independent-k0-slack_three-0	distinct	replay	2	SSSSS	0	none
frontier-run-002559	five-independent-k0-slack_three-0	distinct	replay	2	SSSSFS	0	none
frontier-run-002560	five-independent-k0-slack_three-0	distinct	replay	2	SSSSFFS	0	none
frontier-run-002561	five-independent-k0-slack_three-0	distinct	replay	2	SSSFSS	0	none
frontier-run-002562	five-independent-k0-slack_three-0	distinct	replay	2	SSSFSFS	0	none
frontier-run-002563	five-independent-k0-slack_three-0	distinct	replay	2	SSSFFSS	0	none
frontier-run-002564	five-independent-k0-slack_three-0	distinct	replay	2	SSFSSS	0	none
frontier-run-002565	five-independent-k0-slack_three-0	distinct	replay	2	SSFSSFS	0	none
frontier-run-002566	five-independent-k0-slack_three-0	distinct	replay	2	SSFSFSS	0	none
frontier-run-002567	five-independent-k0-slack_three-0	distinct	replay	2	SSFFSSS	0	none
frontier-run-002568	five-independent-k0-slack_three-0	distinct	replay	2	SFSSSS	0	none
frontier-run-002569	five-independent-k0-slack_three-0	distinct	replay	2	SFSSSFS	0	none
frontier-run-002570	five-independent-k0-slack_three-0	distinct	replay	2	SFSSFSS	0	none
frontier-run-002571	five-independent-k0-slack_three-0	distinct	replay	2	SFSFSSS	0	none
frontier-run-002572	five-independent-k0-slack_three-0	distinct	replay	2	SFFSSSS	0	none
frontier-run-002573	five-independent-k0-slack_three-0	distinct	replay	2	FSSSSS	0	none
frontier-run-002574	five-independent-k0-slack_three-0	distinct	replay	2	FSSSSFS	0	none
frontier-run-002575	five-independent-k0-slack_three-0	distinct	replay	2	FSSSFSS	0	none
frontier-run-002576	five-independent-k0-slack_three-0	distinct	replay	2	FSSFSSS	0	none
frontier-run-002577	five-independent-k0-slack_three-0	distinct	replay	2	FSFSSSS	0	none
frontier-run-002578	five-independent-k0-slack_three-0	distinct	replay	2	FFSSSSS	0	none
frontier-run-002579	five-independent-k0-slack_three-0	colliding	replay	2	SSSSS	0	none
frontier-run-002580	five-independent-k0-slack_three-0	colliding	replay	2	SSSSFS	0	none
frontier-run-002581	five-independent-k0-slack_three-0	colliding	replay	2	SSSSFFS	0	none
frontier-run-002582	five-independent-k0-slack_three-0	colliding	replay	2	SSSFSS	0	none
frontier-run-002583	five-independent-k0-slack_three-0	colliding	replay	2	SSSFSFS	0	none
frontier-run-002584	five-independent-k0-slack_three-0	colliding	replay	2	SSSFFSS	0	none
frontier-run-002585	five-independent-k0-slack_three-0	colliding	replay	2	SSFSSS	0	none
frontier-run-002586	five-independent-k0-slack_three-0	colliding	replay	2	SSFSSFS	0	none
frontier-run-002587	five-independent-k0-slack_three-0	colliding	replay	2	SSFSFSS	0	none
frontier-run-002588	five-independent-k0-slack_three-0	colliding	replay	2	SSFFSSS	0	none
frontier-run-002589	five-independent-k0-slack_three-0	colliding	replay	2	SFSSSS	0	none
frontier-run-002590	five-independent-k0-slack_three-0	colliding	replay	2	SFSSSFS	0	none
frontier-run-002591	five-independent-k0-slack_three-0	colliding	replay	2	SFSSFSS	0	none
frontier-run-002592	five-independent-k0-slack_three-0	colliding	replay	2	SFSFSSS	0	none
frontier-run-002593	five-independent-k0-slack_three-0	colliding	replay	2	SFFSSSS	0	none
frontier-run-002594	five-independent-k0-slack_three-0	colliding	replay	2	FSSSSS	0	none
frontier-run-002595	five-independent-k0-slack_three-0	colliding	replay	2	FSSSSFS	0	none
frontier-run-002596	five-independent-k0-slack_three-0	colliding	replay	2	FSSSFSS	0	none
frontier-run-002597	five-independent-k0-slack_three-0	colliding	replay	2	FSSFSSS	0	none
frontier-run-002598	five-independent-k0-slack_three-0	colliding	replay	2	FSFSSSS	0	none
frontier-run-002599	five-independent-k0-slack_three-0	colliding	replay	2	FFSSSSS	0	none
frontier-run-002600	five-independent-k0-slack_three-0	distinct	replay	3	SSSSS	0	none
frontier-run-002601	five-independent-k0-slack_three-0	distinct	replay	3	SSSSFS	0	none
frontier-run-002602	five-independent-k0-slack_three-0	distinct	replay	3	SSSSFFS	0	none
frontier-run-002603	five-independent-k0-slack_three-0	distinct	replay	3	SSSSFFFS	0	none
frontier-run-002604	five-independent-k0-slack_three-0	distinct	replay	3	SSSFSS	0	none
frontier-run-002605	five-independent-k0-slack_three-0	distinct	replay	3	SSSFSFS	0	none
frontier-run-002606	five-independent-k0-slack_three-0	distinct	replay	3	SSSFSFFS	0	none
frontier-run-002607	five-independent-k0-slack_three-0	distinct	replay	3	SSSFFSS	0	none
frontier-run-002608	five-independent-k0-slack_three-0	distinct	replay	3	SSSFFSFS	0	none
frontier-run-002609	five-independent-k0-slack_three-0	distinct	replay	3	SSSFFFSS	0	none
frontier-run-002610	five-independent-k0-slack_three-0	distinct	replay	3	SSFSSS	0	none
frontier-run-002611	five-independent-k0-slack_three-0	distinct	replay	3	SSFSSFS	0	none
frontier-run-002612	five-independent-k0-slack_three-0	distinct	replay	3	SSFSSFFS	0	none
frontier-run-002613	five-independent-k0-slack_three-0	distinct	replay	3	SSFSFSS	0	none
frontier-run-002614	five-independent-k0-slack_three-0	distinct	replay	3	SSFSFSFS	0	none
frontier-run-002615	five-independent-k0-slack_three-0	distinct	replay	3	SSFSFFSS	0	none
frontier-run-002616	five-independent-k0-slack_three-0	distinct	replay	3	SSFFSSS	0	none
frontier-run-002617	five-independent-k0-slack_three-0	distinct	replay	3	SSFFSSFS	0	none
frontier-run-002618	five-independent-k0-slack_three-0	distinct	replay	3	SSFFSFSS	0	none
frontier-run-002619	five-independent-k0-slack_three-0	distinct	replay	3	SSFFFSSS	0	none
frontier-run-002620	five-independent-k0-slack_three-0	distinct	replay	3	SFSSSS	0	none
frontier-run-002621	five-independent-k0-slack_three-0	distinct	replay	3	SFSSSFS	0	none
frontier-run-002622	five-independent-k0-slack_three-0	distinct	replay	3	SFSSSFFS	0	none
frontier-run-002623	five-independent-k0-slack_three-0	distinct	replay	3	SFSSFSS	0	none
frontier-run-002624	five-independent-k0-slack_three-0	distinct	replay	3	SFSSFSFS	0	none
frontier-run-002625	five-independent-k0-slack_three-0	distinct	replay	3	SFSSFFSS	0	none
frontier-run-002626	five-independent-k0-slack_three-0	distinct	replay	3	SFSFSSS	0	none
frontier-run-002627	five-independent-k0-slack_three-0	distinct	replay	3	SFSFSSFS	0	none
frontier-run-002628	five-independent-k0-slack_three-0	distinct	replay	3	SFSFSFSS	0	none
frontier-run-002629	five-independent-k0-slack_three-0	distinct	replay	3	SFSFFSSS	0	none
frontier-run-002630	five-independent-k0-slack_three-0	distinct	replay	3	SFFSSSS	0	none
frontier-run-002631	five-independent-k0-slack_three-0	distinct	replay	3	SFFSSSFS	0	none
frontier-run-002632	five-independent-k0-slack_three-0	distinct	replay	3	SFFSSFSS	0	none
frontier-run-002633	five-independent-k0-slack_three-0	distinct	replay	3	SFFSFSSS	0	none
frontier-run-002634	five-independent-k0-slack_three-0	distinct	replay	3	SFFFSSSS	0	none
frontier-run-002635	five-independent-k0-slack_three-0	distinct	replay	3	FSSSSS	0	none
frontier-run-002636	five-independent-k0-slack_three-0	distinct	replay	3	FSSSSFS	0	none
frontier-run-002637	five-independent-k0-slack_three-0	distinct	replay	3	FSSSSFFS	0	none
frontier-run-002638	five-independent-k0-slack_three-0	distinct	replay	3	FSSSFSS	0	none
frontier-run-002639	five-independent-k0-slack_three-0	distinct	replay	3	FSSSFSFS	0	none
frontier-run-002640	five-independent-k0-slack_three-0	distinct	replay	3	FSSSFFSS	0	none
frontier-run-002641	five-independent-k0-slack_three-0	distinct	replay	3	FSSFSSS	0	none
frontier-run-002642	five-independent-k0-slack_three-0	distinct	replay	3	FSSFSSFS	0	none
frontier-run-002643	five-independent-k0-slack_three-0	distinct	replay	3	FSSFSFSS	0	none
frontier-run-002644	five-independent-k0-slack_three-0	distinct	replay	3	FSSFFSSS	0	none
frontier-run-002645	five-independent-k0-slack_three-0	distinct	replay	3	FSFSSSS	0	none
frontier-run-002646	five-independent-k0-slack_three-0	distinct	replay	3	FSFSSSFS	0	none
frontier-run-002647	five-independent-k0-slack_three-0	distinct	replay	3	FSFSSFSS	0	none
frontier-run-002648	five-independent-k0-slack_three-0	distinct	replay	3	FSFSFSSS	0	none
frontier-run-002649	five-independent-k0-slack_three-0	distinct	replay	3	FSFFSSSS	0	none
frontier-run-002650	five-independent-k0-slack_three-0	distinct	replay	3	FFSSSSS	0	none
frontier-run-002651	five-independent-k0-slack_three-0	distinct	replay	3	FFSSSSFS	0	none
frontier-run-002652	five-independent-k0-slack_three-0	distinct	replay	3	FFSSSFSS	0	none
frontier-run-002653	five-independent-k0-slack_three-0	distinct	replay	3	FFSSFSSS	0	none
frontier-run-002654	five-independent-k0-slack_three-0	distinct	replay	3	FFSFSSSS	0	none
frontier-run-002655	five-independent-k0-slack_three-0	distinct	replay	3	FFFSSSSS	0	none
frontier-run-002656	five-independent-k0-slack_three-0	colliding	replay	3	SSSSS	0	none
frontier-run-002657	five-independent-k0-slack_three-0	colliding	replay	3	SSSSFS	0	none
frontier-run-002658	five-independent-k0-slack_three-0	colliding	replay	3	SSSSFFS	0	none
frontier-run-002659	five-independent-k0-slack_three-0	colliding	replay	3	SSSSFFFS	0	none
frontier-run-002660	five-independent-k0-slack_three-0	colliding	replay	3	SSSFSS	0	none
frontier-run-002661	five-independent-k0-slack_three-0	colliding	replay	3	SSSFSFS	0	none
frontier-run-002662	five-independent-k0-slack_three-0	colliding	replay	3	SSSFSFFS	0	none
frontier-run-002663	five-independent-k0-slack_three-0	colliding	replay	3	SSSFFSS	0	none
frontier-run-002664	five-independent-k0-slack_three-0	colliding	replay	3	SSSFFSFS	0	none
frontier-run-002665	five-independent-k0-slack_three-0	colliding	replay	3	SSSFFFSS	0	none
frontier-run-002666	five-independent-k0-slack_three-0	colliding	replay	3	SSFSSS	0	none
frontier-run-002667	five-independent-k0-slack_three-0	colliding	replay	3	SSFSSFS	0	none
frontier-run-002668	five-independent-k0-slack_three-0	colliding	replay	3	SSFSSFFS	0	none
frontier-run-002669	five-independent-k0-slack_three-0	colliding	replay	3	SSFSFSS	0	none
frontier-run-002670	five-independent-k0-slack_three-0	colliding	replay	3	SSFSFSFS	0	none
frontier-run-002671	five-independent-k0-slack_three-0	colliding	replay	3	SSFSFFSS	0	none
frontier-run-002672	five-independent-k0-slack_three-0	colliding	replay	3	SSFFSSS	0	none
frontier-run-002673	five-independent-k0-slack_three-0	colliding	replay	3	SSFFSSFS	0	none
frontier-run-002674	five-independent-k0-slack_three-0	colliding	replay	3	SSFFSFSS	0	none
frontier-run-002675	five-independent-k0-slack_three-0	colliding	replay	3	SSFFFSSS	0	none
frontier-run-002676	five-independent-k0-slack_three-0	colliding	replay	3	SFSSSS	0	none
frontier-run-002677	five-independent-k0-slack_three-0	colliding	replay	3	SFSSSFS	0	none
frontier-run-002678	five-independent-k0-slack_three-0	colliding	replay	3	SFSSSFFS	0	none
frontier-run-002679	five-independent-k0-slack_three-0	colliding	replay	3	SFSSFSS	0	none
frontier-run-002680	five-independent-k0-slack_three-0	colliding	replay	3	SFSSFSFS	0	none
frontier-run-002681	five-independent-k0-slack_three-0	colliding	replay	3	SFSSFFSS	0	none
frontier-run-002682	five-independent-k0-slack_three-0	colliding	replay	3	SFSFSSS	0	none
frontier-run-002683	five-independent-k0-slack_three-0	colliding	replay	3	SFSFSSFS	0	none
frontier-run-002684	five-independent-k0-slack_three-0	colliding	replay	3	SFSFSFSS	0	none
frontier-run-002685	five-independent-k0-slack_three-0	colliding	replay	3	SFSFFSSS	0	none
frontier-run-002686	five-independent-k0-slack_three-0	colliding	replay	3	SFFSSSS	0	none
frontier-run-002687	five-independent-k0-slack_three-0	colliding	replay	3	SFFSSSFS	0	none
frontier-run-002688	five-independent-k0-slack_three-0	colliding	replay	3	SFFSSFSS	0	none
frontier-run-002689	five-independent-k0-slack_three-0	colliding	replay	3	SFFSFSSS	0	none
frontier-run-002690	five-independent-k0-slack_three-0	colliding	replay	3	SFFFSSSS	0	none
frontier-run-002691	five-independent-k0-slack_three-0	colliding	replay	3	FSSSSS	0	none
frontier-run-002692	five-independent-k0-slack_three-0	colliding	replay	3	FSSSSFS	0	none
frontier-run-002693	five-independent-k0-slack_three-0	colliding	replay	3	FSSSSFFS	0	none
frontier-run-002694	five-independent-k0-slack_three-0	colliding	replay	3	FSSSFSS	0	none
frontier-run-002695	five-independent-k0-slack_three-0	colliding	replay	3	FSSSFSFS	0	none
frontier-run-002696	five-independent-k0-slack_three-0	colliding	replay	3	FSSSFFSS	0	none
frontier-run-002697	five-independent-k0-slack_three-0	colliding	replay	3	FSSFSSS	0	none
frontier-run-002698	five-independent-k0-slack_three-0	colliding	replay	3	FSSFSSFS	0	none
frontier-run-002699	five-independent-k0-slack_three-0	colliding	replay	3	FSSFSFSS	0	none
frontier-run-002700	five-independent-k0-slack_three-0	colliding	replay	3	FSSFFSSS	0	none
frontier-run-002701	five-independent-k0-slack_three-0	colliding	replay	3	FSFSSSS	0	none
frontier-run-002702	five-independent-k0-slack_three-0	colliding	replay	3	FSFSSSFS	0	none
frontier-run-002703	five-independent-k0-slack_three-0	colliding	replay	3	FSFSSFSS	0	none
frontier-run-002704	five-independent-k0-slack_three-0	colliding	replay	3	FSFSFSSS	0	none
frontier-run-002705	five-independent-k0-slack_three-0	colliding	replay	3	FSFFSSSS	0	none
frontier-run-002706	five-independent-k0-slack_three-0	colliding	replay	3	FFSSSSS	0	none
frontier-run-002707	five-independent-k0-slack_three-0	colliding	replay	3	FFSSSSFS	0	none
frontier-run-002708	five-independent-k0-slack_three-0	colliding	replay	3	FFSSSFSS	0	none
frontier-run-002709	five-independent-k0-slack_three-0	colliding	replay	3	FFSSFSSS	0	none
frontier-run-002710	five-independent-k0-slack_three-0	colliding	replay	3	FFSFSSSS	0	none
frontier-run-002711	five-independent-k0-slack_three-0	colliding	replay	3	FFFSSSSS	0	none
frontier-run-002712	five-independent-k0-slack_three-0	distinct	concurrent	3	-	11	none
frontier-run-002713	five-independent-k0-slack_three-0	distinct	concurrent	3	-	23	none
frontier-run-002714	five-independent-k0-slack_three-0	colliding	concurrent	3	-	11	none
frontier-run-002715	five-independent-k0-slack_three-0	colliding	concurrent	3	-	23	none
frontier-run-002716	five-independent-k0-slack_three-1	distinct	replay	0	SSSSS	0	none
frontier-run-002717	five-independent-k0-slack_three-1	colliding	replay	0	SSSSS	0	none
frontier-run-002718	five-independent-k0-slack_three-1	distinct	replay	1	SSSSS	0	none
frontier-run-002719	five-independent-k0-slack_three-1	distinct	replay	1	SSSSF	0	none
frontier-run-002720	five-independent-k0-slack_three-1	distinct	replay	1	SSSFS	0	none
frontier-run-002721	five-independent-k0-slack_three-1	distinct	replay	1	SSFSS	0	none
frontier-run-002722	five-independent-k0-slack_three-1	distinct	replay	1	SFSSS	0	none
frontier-run-002723	five-independent-k0-slack_three-1	distinct	replay	1	FSSSS	0	none
frontier-run-002724	five-independent-k0-slack_three-1	colliding	replay	1	SSSSS	0	none
frontier-run-002725	five-independent-k0-slack_three-1	colliding	replay	1	SSSSF	0	none
frontier-run-002726	five-independent-k0-slack_three-1	colliding	replay	1	SSSFS	0	none
frontier-run-002727	five-independent-k0-slack_three-1	colliding	replay	1	SSFSS	0	none
frontier-run-002728	five-independent-k0-slack_three-1	colliding	replay	1	SFSSS	0	none
frontier-run-002729	five-independent-k0-slack_three-1	colliding	replay	1	FSSSS	0	none
frontier-run-002730	five-independent-k0-slack_three-1	distinct	replay	2	SSSSS	0	none
frontier-run-002731	five-independent-k0-slack_three-1	distinct	replay	2	SSSSFS	0	none
frontier-run-002732	five-independent-k0-slack_three-1	distinct	replay	2	SSSSFF	0	none
frontier-run-002733	five-independent-k0-slack_three-1	distinct	replay	2	SSSFSS	0	none
frontier-run-002734	five-independent-k0-slack_three-1	distinct	replay	2	SSSFSF	0	none
frontier-run-002735	five-independent-k0-slack_three-1	distinct	replay	2	SSSFFS	0	none
frontier-run-002736	five-independent-k0-slack_three-1	distinct	replay	2	SSFSSS	0	none
frontier-run-002737	five-independent-k0-slack_three-1	distinct	replay	2	SSFSSF	0	none
frontier-run-002738	five-independent-k0-slack_three-1	distinct	replay	2	SSFSFS	0	none
frontier-run-002739	five-independent-k0-slack_three-1	distinct	replay	2	SSFFSS	0	none
frontier-run-002740	five-independent-k0-slack_three-1	distinct	replay	2	SFSSSS	0	none
frontier-run-002741	five-independent-k0-slack_three-1	distinct	replay	2	SFSSSF	0	none
frontier-run-002742	five-independent-k0-slack_three-1	distinct	replay	2	SFSSFS	0	none
frontier-run-002743	five-independent-k0-slack_three-1	distinct	replay	2	SFSFSS	0	none
frontier-run-002744	five-independent-k0-slack_three-1	distinct	replay	2	SFFSSS	0	none
frontier-run-002745	five-independent-k0-slack_three-1	distinct	replay	2	FSSSSS	0	none
frontier-run-002746	five-independent-k0-slack_three-1	distinct	replay	2	FSSSSF	0	none
frontier-run-002747	five-independent-k0-slack_three-1	distinct	replay	2	FSSSFS	0	none
frontier-run-002748	five-independent-k0-slack_three-1	distinct	replay	2	FSSFSS	0	none
frontier-run-002749	five-independent-k0-slack_three-1	distinct	replay	2	FSFSSS	0	none
frontier-run-002750	five-independent-k0-slack_three-1	distinct	replay	2	FFSSSS	0	none
frontier-run-002751	five-independent-k0-slack_three-1	colliding	replay	2	SSSSS	0	none
frontier-run-002752	five-independent-k0-slack_three-1	colliding	replay	2	SSSSFS	0	none
frontier-run-002753	five-independent-k0-slack_three-1	colliding	replay	2	SSSSFF	0	none
frontier-run-002754	five-independent-k0-slack_three-1	colliding	replay	2	SSSFSS	0	none
frontier-run-002755	five-independent-k0-slack_three-1	colliding	replay	2	SSSFSF	0	none
frontier-run-002756	five-independent-k0-slack_three-1	colliding	replay	2	SSSFFS	0	none
frontier-run-002757	five-independent-k0-slack_three-1	colliding	replay	2	SSFSSS	0	none
frontier-run-002758	five-independent-k0-slack_three-1	colliding	replay	2	SSFSSF	0	none
frontier-run-002759	five-independent-k0-slack_three-1	colliding	replay	2	SSFSFS	0	none
frontier-run-002760	five-independent-k0-slack_three-1	colliding	replay	2	SSFFSS	0	none
frontier-run-002761	five-independent-k0-slack_three-1	colliding	replay	2	SFSSSS	0	none
frontier-run-002762	five-independent-k0-slack_three-1	colliding	replay	2	SFSSSF	0	none
frontier-run-002763	five-independent-k0-slack_three-1	colliding	replay	2	SFSSFS	0	none
frontier-run-002764	five-independent-k0-slack_three-1	colliding	replay	2	SFSFSS	0	none
frontier-run-002765	five-independent-k0-slack_three-1	colliding	replay	2	SFFSSS	0	none
frontier-run-002766	five-independent-k0-slack_three-1	colliding	replay	2	FSSSSS	0	none
frontier-run-002767	five-independent-k0-slack_three-1	colliding	replay	2	FSSSSF	0	none
frontier-run-002768	five-independent-k0-slack_three-1	colliding	replay	2	FSSSFS	0	none
frontier-run-002769	five-independent-k0-slack_three-1	colliding	replay	2	FSSFSS	0	none
frontier-run-002770	five-independent-k0-slack_three-1	colliding	replay	2	FSFSSS	0	none
frontier-run-002771	five-independent-k0-slack_three-1	colliding	replay	2	FFSSSS	0	none
frontier-run-002772	five-independent-k0-slack_three-1	distinct	replay	3	SSSSS	0	none
frontier-run-002773	five-independent-k0-slack_three-1	distinct	replay	3	SSSSFS	0	none
frontier-run-002774	five-independent-k0-slack_three-1	distinct	replay	3	SSSSFFS	0	none
frontier-run-002775	five-independent-k0-slack_three-1	distinct	replay	3	SSSSFFF	0	none
frontier-run-002776	five-independent-k0-slack_three-1	distinct	replay	3	SSSFSS	0	none
frontier-run-002777	five-independent-k0-slack_three-1	distinct	replay	3	SSSFSFS	0	none
frontier-run-002778	five-independent-k0-slack_three-1	distinct	replay	3	SSSFSFF	0	none
frontier-run-002779	five-independent-k0-slack_three-1	distinct	replay	3	SSSFFSS	0	none
frontier-run-002780	five-independent-k0-slack_three-1	distinct	replay	3	SSSFFSF	0	none
frontier-run-002781	five-independent-k0-slack_three-1	distinct	replay	3	SSSFFFS	0	none
frontier-run-002782	five-independent-k0-slack_three-1	distinct	replay	3	SSFSSS	0	none
frontier-run-002783	five-independent-k0-slack_three-1	distinct	replay	3	SSFSSFS	0	none
frontier-run-002784	five-independent-k0-slack_three-1	distinct	replay	3	SSFSSFF	0	none
frontier-run-002785	five-independent-k0-slack_three-1	distinct	replay	3	SSFSFSS	0	none
frontier-run-002786	five-independent-k0-slack_three-1	distinct	replay	3	SSFSFSF	0	none
frontier-run-002787	five-independent-k0-slack_three-1	distinct	replay	3	SSFSFFS	0	none
frontier-run-002788	five-independent-k0-slack_three-1	distinct	replay	3	SSFFSSS	0	none
frontier-run-002789	five-independent-k0-slack_three-1	distinct	replay	3	SSFFSSF	0	none
frontier-run-002790	five-independent-k0-slack_three-1	distinct	replay	3	SSFFSFS	0	none
frontier-run-002791	five-independent-k0-slack_three-1	distinct	replay	3	SSFFFSS	0	none
frontier-run-002792	five-independent-k0-slack_three-1	distinct	replay	3	SFSSSS	0	none
frontier-run-002793	five-independent-k0-slack_three-1	distinct	replay	3	SFSSSFS	0	none
frontier-run-002794	five-independent-k0-slack_three-1	distinct	replay	3	SFSSSFF	0	none
frontier-run-002795	five-independent-k0-slack_three-1	distinct	replay	3	SFSSFSS	0	none
frontier-run-002796	five-independent-k0-slack_three-1	distinct	replay	3	SFSSFSF	0	none
frontier-run-002797	five-independent-k0-slack_three-1	distinct	replay	3	SFSSFFS	0	none
frontier-run-002798	five-independent-k0-slack_three-1	distinct	replay	3	SFSFSSS	0	none
frontier-run-002799	five-independent-k0-slack_three-1	distinct	replay	3	SFSFSSF	0	none
frontier-run-002800	five-independent-k0-slack_three-1	distinct	replay	3	SFSFSFS	0	none
frontier-run-002801	five-independent-k0-slack_three-1	distinct	replay	3	SFSFFSS	0	none
frontier-run-002802	five-independent-k0-slack_three-1	distinct	replay	3	SFFSSSS	0	none
frontier-run-002803	five-independent-k0-slack_three-1	distinct	replay	3	SFFSSSF	0	none
frontier-run-002804	five-independent-k0-slack_three-1	distinct	replay	3	SFFSSFS	0	none
frontier-run-002805	five-independent-k0-slack_three-1	distinct	replay	3	SFFSFSS	0	none
frontier-run-002806	five-independent-k0-slack_three-1	distinct	replay	3	SFFFSSS	0	none
frontier-run-002807	five-independent-k0-slack_three-1	distinct	replay	3	FSSSSS	0	none
frontier-run-002808	five-independent-k0-slack_three-1	distinct	replay	3	FSSSSFS	0	none
frontier-run-002809	five-independent-k0-slack_three-1	distinct	replay	3	FSSSSFF	0	none
frontier-run-002810	five-independent-k0-slack_three-1	distinct	replay	3	FSSSFSS	0	none
frontier-run-002811	five-independent-k0-slack_three-1	distinct	replay	3	FSSSFSF	0	none
frontier-run-002812	five-independent-k0-slack_three-1	distinct	replay	3	FSSSFFS	0	none
frontier-run-002813	five-independent-k0-slack_three-1	distinct	replay	3	FSSFSSS	0	none
frontier-run-002814	five-independent-k0-slack_three-1	distinct	replay	3	FSSFSSF	0	none
frontier-run-002815	five-independent-k0-slack_three-1	distinct	replay	3	FSSFSFS	0	none
frontier-run-002816	five-independent-k0-slack_three-1	distinct	replay	3	FSSFFSS	0	none
frontier-run-002817	five-independent-k0-slack_three-1	distinct	replay	3	FSFSSSS	0	none
frontier-run-002818	five-independent-k0-slack_three-1	distinct	replay	3	FSFSSSF	0	none
frontier-run-002819	five-independent-k0-slack_three-1	distinct	replay	3	FSFSSFS	0	none
frontier-run-002820	five-independent-k0-slack_three-1	distinct	replay	3	FSFSFSS	0	none
frontier-run-002821	five-independent-k0-slack_three-1	distinct	replay	3	FSFFSSS	0	none
frontier-run-002822	five-independent-k0-slack_three-1	distinct	replay	3	FFSSSSS	0	none
frontier-run-002823	five-independent-k0-slack_three-1	distinct	replay	3	FFSSSSF	0	none
frontier-run-002824	five-independent-k0-slack_three-1	distinct	replay	3	FFSSSFS	0	none
frontier-run-002825	five-independent-k0-slack_three-1	distinct	replay	3	FFSSFSS	0	none
frontier-run-002826	five-independent-k0-slack_three-1	distinct	replay	3	FFSFSSS	0	none
frontier-run-002827	five-independent-k0-slack_three-1	distinct	replay	3	FFFSSSS	0	none
frontier-run-002828	five-independent-k0-slack_three-1	colliding	replay	3	SSSSS	0	none
frontier-run-002829	five-independent-k0-slack_three-1	colliding	replay	3	SSSSFS	0	none
frontier-run-002830	five-independent-k0-slack_three-1	colliding	replay	3	SSSSFFS	0	none
frontier-run-002831	five-independent-k0-slack_three-1	colliding	replay	3	SSSSFFF	0	none
frontier-run-002832	five-independent-k0-slack_three-1	colliding	replay	3	SSSFSS	0	none
frontier-run-002833	five-independent-k0-slack_three-1	colliding	replay	3	SSSFSFS	0	none
frontier-run-002834	five-independent-k0-slack_three-1	colliding	replay	3	SSSFSFF	0	none
frontier-run-002835	five-independent-k0-slack_three-1	colliding	replay	3	SSSFFSS	0	none
frontier-run-002836	five-independent-k0-slack_three-1	colliding	replay	3	SSSFFSF	0	none
frontier-run-002837	five-independent-k0-slack_three-1	colliding	replay	3	SSSFFFS	0	none
frontier-run-002838	five-independent-k0-slack_three-1	colliding	replay	3	SSFSSS	0	none
frontier-run-002839	five-independent-k0-slack_three-1	colliding	replay	3	SSFSSFS	0	none
frontier-run-002840	five-independent-k0-slack_three-1	colliding	replay	3	SSFSSFF	0	none
frontier-run-002841	five-independent-k0-slack_three-1	colliding	replay	3	SSFSFSS	0	none
frontier-run-002842	five-independent-k0-slack_three-1	colliding	replay	3	SSFSFSF	0	none
frontier-run-002843	five-independent-k0-slack_three-1	colliding	replay	3	SSFSFFS	0	none
frontier-run-002844	five-independent-k0-slack_three-1	colliding	replay	3	SSFFSSS	0	none
frontier-run-002845	five-independent-k0-slack_three-1	colliding	replay	3	SSFFSSF	0	none
frontier-run-002846	five-independent-k0-slack_three-1	colliding	replay	3	SSFFSFS	0	none
frontier-run-002847	five-independent-k0-slack_three-1	colliding	replay	3	SSFFFSS	0	none
frontier-run-002848	five-independent-k0-slack_three-1	colliding	replay	3	SFSSSS	0	none
frontier-run-002849	five-independent-k0-slack_three-1	colliding	replay	3	SFSSSFS	0	none
frontier-run-002850	five-independent-k0-slack_three-1	colliding	replay	3	SFSSSFF	0	none
frontier-run-002851	five-independent-k0-slack_three-1	colliding	replay	3	SFSSFSS	0	none
frontier-run-002852	five-independent-k0-slack_three-1	colliding	replay	3	SFSSFSF	0	none
frontier-run-002853	five-independent-k0-slack_three-1	colliding	replay	3	SFSSFFS	0	none
frontier-run-002854	five-independent-k0-slack_three-1	colliding	replay	3	SFSFSSS	0	none
frontier-run-002855	five-independent-k0-slack_three-1	colliding	replay	3	SFSFSSF	0	none
frontier-run-002856	five-independent-k0-slack_three-1	colliding	replay	3	SFSFSFS	0	none
frontier-run-002857	five-independent-k0-slack_three-1	colliding	replay	3	SFSFFSS	0	none
frontier-run-002858	five-independent-k0-slack_three-1	colliding	replay	3	SFFSSSS	0	none
frontier-run-002859	five-independent-k0-slack_three-1	colliding	replay	3	SFFSSSF	0	none
frontier-run-002860	five-independent-k0-slack_three-1	colliding	replay	3	SFFSSFS	0	none
frontier-run-002861	five-independent-k0-slack_three-1	colliding	replay	3	SFFSFSS	0	none
frontier-run-002862	five-independent-k0-slack_three-1	colliding	replay	3	SFFFSSS	0	none
frontier-run-002863	five-independent-k0-slack_three-1	colliding	replay	3	FSSSSS	0	none
frontier-run-002864	five-independent-k0-slack_three-1	colliding	replay	3	FSSSSFS	0	none
frontier-run-002865	five-independent-k0-slack_three-1	colliding	replay	3	FSSSSFF	0	none
frontier-run-002866	five-independent-k0-slack_three-1	colliding	replay	3	FSSSFSS	0	none
frontier-run-002867	five-independent-k0-slack_three-1	colliding	replay	3	FSSSFSF	0	none
frontier-run-002868	five-independent-k0-slack_three-1	colliding	replay	3	FSSSFFS	0	none
frontier-run-002869	five-independent-k0-slack_three-1	colliding	replay	3	FSSFSSS	0	none
frontier-run-002870	five-independent-k0-slack_three-1	colliding	replay	3	FSSFSSF	0	none
frontier-run-002871	five-independent-k0-slack_three-1	colliding	replay	3	FSSFSFS	0	none
frontier-run-002872	five-independent-k0-slack_three-1	colliding	replay	3	FSSFFSS	0	none
frontier-run-002873	five-independent-k0-slack_three-1	colliding	replay	3	FSFSSSS	0	none
frontier-run-002874	five-independent-k0-slack_three-1	colliding	replay	3	FSFSSSF	0	none
frontier-run-002875	five-independent-k0-slack_three-1	colliding	replay	3	FSFSSFS	0	none
frontier-run-002876	five-independent-k0-slack_three-1	colliding	replay	3	FSFSFSS	0	none
frontier-run-002877	five-independent-k0-slack_three-1	colliding	replay	3	FSFFSSS	0	none
frontier-run-002878	five-independent-k0-slack_three-1	colliding	replay	3	FFSSSSS	0	none
frontier-run-002879	five-independent-k0-slack_three-1	colliding	replay	3	FFSSSSF	0	none
frontier-run-002880	five-independent-k0-slack_three-1	colliding	replay	3	FFSSSFS	0	none
frontier-run-002881	five-independent-k0-slack_three-1	colliding	replay	3	FFSSFSS	0	none
frontier-run-002882	five-independent-k0-slack_three-1	colliding	replay	3	FFSFSSS	0	none
frontier-run-002883	five-independent-k0-slack_three-1	colliding	replay	3	FFFSSSS	0	none
frontier-run-002884	five-independent-k0-slack_three-1	distinct	concurrent	3	-	11	none
frontier-run-002885	five-independent-k0-slack_three-1	distinct	concurrent	3	-	23	none
frontier-run-002886	five-independent-k0-slack_three-1	colliding	concurrent	3	-	11	none
frontier-run-002887	five-independent-k0-slack_three-1	colliding	concurrent	3	-	23	none
frontier-run-002888	five-independent-k0-slack_three-2	distinct	replay	0	SSSSS	0	none
frontier-run-002889	five-independent-k0-slack_three-2	colliding	replay	0	SSSSS	0	none
frontier-run-002890	five-independent-k0-slack_three-2	distinct	replay	1	SSSSS	0	none
frontier-run-002891	five-independent-k0-slack_three-2	distinct	replay	1	SSSSF	0	none
frontier-run-002892	five-independent-k0-slack_three-2	distinct	replay	1	SSSFS	0	none
frontier-run-002893	five-independent-k0-slack_three-2	distinct	replay	1	SSFSS	0	none
frontier-run-002894	five-independent-k0-slack_three-2	distinct	replay	1	SFSSS	0	none
frontier-run-002895	five-independent-k0-slack_three-2	distinct	replay	1	FSSSS	0	none
frontier-run-002896	five-independent-k0-slack_three-2	colliding	replay	1	SSSSS	0	none
frontier-run-002897	five-independent-k0-slack_three-2	colliding	replay	1	SSSSF	0	none
frontier-run-002898	five-independent-k0-slack_three-2	colliding	replay	1	SSSFS	0	none
frontier-run-002899	five-independent-k0-slack_three-2	colliding	replay	1	SSFSS	0	none
frontier-run-002900	five-independent-k0-slack_three-2	colliding	replay	1	SFSSS	0	none
frontier-run-002901	five-independent-k0-slack_three-2	colliding	replay	1	FSSSS	0	none
frontier-run-002902	five-independent-k0-slack_three-2	distinct	replay	2	SSSSS	0	none
frontier-run-002903	five-independent-k0-slack_three-2	distinct	replay	2	SSSSF	0	none
frontier-run-002904	five-independent-k0-slack_three-2	distinct	replay	2	SSSFS	0	none
frontier-run-002905	five-independent-k0-slack_three-2	distinct	replay	2	SSSFF	0	none
frontier-run-002906	five-independent-k0-slack_three-2	distinct	replay	2	SSFSS	0	none
frontier-run-002907	five-independent-k0-slack_three-2	distinct	replay	2	SSFSF	0	none
frontier-run-002908	five-independent-k0-slack_three-2	distinct	replay	2	SSFFS	0	none
frontier-run-002909	five-independent-k0-slack_three-2	distinct	replay	2	SFSSS	0	none
frontier-run-002910	five-independent-k0-slack_three-2	distinct	replay	2	SFSSF	0	none
frontier-run-002911	five-independent-k0-slack_three-2	distinct	replay	2	SFSFS	0	none
frontier-run-002912	five-independent-k0-slack_three-2	distinct	replay	2	SFFSS	0	none
frontier-run-002913	five-independent-k0-slack_three-2	distinct	replay	2	FSSSS	0	none
frontier-run-002914	five-independent-k0-slack_three-2	distinct	replay	2	FSSSF	0	none
frontier-run-002915	five-independent-k0-slack_three-2	distinct	replay	2	FSSFS	0	none
frontier-run-002916	five-independent-k0-slack_three-2	distinct	replay	2	FSFSS	0	none
frontier-run-002917	five-independent-k0-slack_three-2	distinct	replay	2	FFSSS	0	none
frontier-run-002918	five-independent-k0-slack_three-2	colliding	replay	2	SSSSS	0	none
frontier-run-002919	five-independent-k0-slack_three-2	colliding	replay	2	SSSSF	0	none
frontier-run-002920	five-independent-k0-slack_three-2	colliding	replay	2	SSSFS	0	none
frontier-run-002921	five-independent-k0-slack_three-2	colliding	replay	2	SSSFF	0	none
frontier-run-002922	five-independent-k0-slack_three-2	colliding	replay	2	SSFSS	0	none
frontier-run-002923	five-independent-k0-slack_three-2	colliding	replay	2	SSFSF	0	none
frontier-run-002924	five-independent-k0-slack_three-2	colliding	replay	2	SSFFS	0	none
frontier-run-002925	five-independent-k0-slack_three-2	colliding	replay	2	SFSSS	0	none
frontier-run-002926	five-independent-k0-slack_three-2	colliding	replay	2	SFSSF	0	none
frontier-run-002927	five-independent-k0-slack_three-2	colliding	replay	2	SFSFS	0	none
frontier-run-002928	five-independent-k0-slack_three-2	colliding	replay	2	SFFSS	0	none
frontier-run-002929	five-independent-k0-slack_three-2	colliding	replay	2	FSSSS	0	none
frontier-run-002930	five-independent-k0-slack_three-2	colliding	replay	2	FSSSF	0	none
frontier-run-002931	five-independent-k0-slack_three-2	colliding	replay	2	FSSFS	0	none
frontier-run-002932	five-independent-k0-slack_three-2	colliding	replay	2	FSFSS	0	none
frontier-run-002933	five-independent-k0-slack_three-2	colliding	replay	2	FFSSS	0	none
frontier-run-002934	five-independent-k0-slack_three-2	distinct	replay	3	SSSSS	0	none
frontier-run-002935	five-independent-k0-slack_three-2	distinct	replay	3	SSSSFS	0	none
frontier-run-002936	five-independent-k0-slack_three-2	distinct	replay	3	SSSSFF	0	none
frontier-run-002937	five-independent-k0-slack_three-2	distinct	replay	3	SSSFSS	0	none
frontier-run-002938	five-independent-k0-slack_three-2	distinct	replay	3	SSSFSF	0	none
frontier-run-002939	five-independent-k0-slack_three-2	distinct	replay	3	SSSFFS	0	none
frontier-run-002940	five-independent-k0-slack_three-2	distinct	replay	3	SSSFFF	0	none
frontier-run-002941	five-independent-k0-slack_three-2	distinct	replay	3	SSFSSS	0	none
frontier-run-002942	five-independent-k0-slack_three-2	distinct	replay	3	SSFSSF	0	none
frontier-run-002943	five-independent-k0-slack_three-2	distinct	replay	3	SSFSFS	0	none
frontier-run-002944	five-independent-k0-slack_three-2	distinct	replay	3	SSFSFF	0	none
frontier-run-002945	five-independent-k0-slack_three-2	distinct	replay	3	SSFFSS	0	none
frontier-run-002946	five-independent-k0-slack_three-2	distinct	replay	3	SSFFSF	0	none
frontier-run-002947	five-independent-k0-slack_three-2	distinct	replay	3	SSFFFS	0	none
frontier-run-002948	five-independent-k0-slack_three-2	distinct	replay	3	SFSSSS	0	none
frontier-run-002949	five-independent-k0-slack_three-2	distinct	replay	3	SFSSSF	0	none
frontier-run-002950	five-independent-k0-slack_three-2	distinct	replay	3	SFSSFS	0	none
frontier-run-002951	five-independent-k0-slack_three-2	distinct	replay	3	SFSSFF	0	none
frontier-run-002952	five-independent-k0-slack_three-2	distinct	replay	3	SFSFSS	0	none
frontier-run-002953	five-independent-k0-slack_three-2	distinct	replay	3	SFSFSF	0	none
frontier-run-002954	five-independent-k0-slack_three-2	distinct	replay	3	SFSFFS	0	none
frontier-run-002955	five-independent-k0-slack_three-2	distinct	replay	3	SFFSSS	0	none
frontier-run-002956	five-independent-k0-slack_three-2	distinct	replay	3	SFFSSF	0	none
frontier-run-002957	five-independent-k0-slack_three-2	distinct	replay	3	SFFSFS	0	none
frontier-run-002958	five-independent-k0-slack_three-2	distinct	replay	3	SFFFSS	0	none
frontier-run-002959	five-independent-k0-slack_three-2	distinct	replay	3	FSSSSS	0	none
frontier-run-002960	five-independent-k0-slack_three-2	distinct	replay	3	FSSSSF	0	none
frontier-run-002961	five-independent-k0-slack_three-2	distinct	replay	3	FSSSFS	0	none
frontier-run-002962	five-independent-k0-slack_three-2	distinct	replay	3	FSSSFF	0	none
frontier-run-002963	five-independent-k0-slack_three-2	distinct	replay	3	FSSFSS	0	none
frontier-run-002964	five-independent-k0-slack_three-2	distinct	replay	3	FSSFSF	0	none
frontier-run-002965	five-independent-k0-slack_three-2	distinct	replay	3	FSSFFS	0	none
frontier-run-002966	five-independent-k0-slack_three-2	distinct	replay	3	FSFSSS	0	none
frontier-run-002967	five-independent-k0-slack_three-2	distinct	replay	3	FSFSSF	0	none
frontier-run-002968	five-independent-k0-slack_three-2	distinct	replay	3	FSFSFS	0	none
frontier-run-002969	five-independent-k0-slack_three-2	distinct	replay	3	FSFFSS	0	none
frontier-run-002970	five-independent-k0-slack_three-2	distinct	replay	3	FFSSSS	0	none
frontier-run-002971	five-independent-k0-slack_three-2	distinct	replay	3	FFSSSF	0	none
frontier-run-002972	five-independent-k0-slack_three-2	distinct	replay	3	FFSSFS	0	none
frontier-run-002973	five-independent-k0-slack_three-2	distinct	replay	3	FFSFSS	0	none
frontier-run-002974	five-independent-k0-slack_three-2	distinct	replay	3	FFFSSS	0	none
frontier-run-002975	five-independent-k0-slack_three-2	colliding	replay	3	SSSSS	0	none
frontier-run-002976	five-independent-k0-slack_three-2	colliding	replay	3	SSSSFS	0	none
frontier-run-002977	five-independent-k0-slack_three-2	colliding	replay	3	SSSSFF	0	none
frontier-run-002978	five-independent-k0-slack_three-2	colliding	replay	3	SSSFSS	0	none
frontier-run-002979	five-independent-k0-slack_three-2	colliding	replay	3	SSSFSF	0	none
frontier-run-002980	five-independent-k0-slack_three-2	colliding	replay	3	SSSFFS	0	none
frontier-run-002981	five-independent-k0-slack_three-2	colliding	replay	3	SSSFFF	0	none
frontier-run-002982	five-independent-k0-slack_three-2	colliding	replay	3	SSFSSS	0	none
frontier-run-002983	five-independent-k0-slack_three-2	colliding	replay	3	SSFSSF	0	none
frontier-run-002984	five-independent-k0-slack_three-2	colliding	replay	3	SSFSFS	0	none
frontier-run-002985	five-independent-k0-slack_three-2	colliding	replay	3	SSFSFF	0	none
frontier-run-002986	five-independent-k0-slack_three-2	colliding	replay	3	SSFFSS	0	none
frontier-run-002987	five-independent-k0-slack_three-2	colliding	replay	3	SSFFSF	0	none
frontier-run-002988	five-independent-k0-slack_three-2	colliding	replay	3	SSFFFS	0	none
frontier-run-002989	five-independent-k0-slack_three-2	colliding	replay	3	SFSSSS	0	none
frontier-run-002990	five-independent-k0-slack_three-2	colliding	replay	3	SFSSSF	0	none
frontier-run-002991	five-independent-k0-slack_three-2	colliding	replay	3	SFSSFS	0	none
frontier-run-002992	five-independent-k0-slack_three-2	colliding	replay	3	SFSSFF	0	none
frontier-run-002993	five-independent-k0-slack_three-2	colliding	replay	3	SFSFSS	0	none
frontier-run-002994	five-independent-k0-slack_three-2	colliding	replay	3	SFSFSF	0	none
frontier-run-002995	five-independent-k0-slack_three-2	colliding	replay	3	SFSFFS	0	none
frontier-run-002996	five-independent-k0-slack_three-2	colliding	replay	3	SFFSSS	0	none
frontier-run-002997	five-independent-k0-slack_three-2	colliding	replay	3	SFFSSF	0	none
frontier-run-002998	five-independent-k0-slack_three-2	colliding	replay	3	SFFSFS	0	none
frontier-run-002999	five-independent-k0-slack_three-2	colliding	replay	3	SFFFSS	0	none
frontier-run-003000	five-independent-k0-slack_three-2	colliding	replay	3	FSSSSS	0	none
frontier-run-003001	five-independent-k0-slack_three-2	colliding	replay	3	FSSSSF	0	none
frontier-run-003002	five-independent-k0-slack_three-2	colliding	replay	3	FSSSFS	0	none
frontier-run-003003	five-independent-k0-slack_three-2	colliding	replay	3	FSSSFF	0	none
frontier-run-003004	five-independent-k0-slack_three-2	colliding	replay	3	FSSFSS	0	none
frontier-run-003005	five-independent-k0-slack_three-2	colliding	replay	3	FSSFSF	0	none
frontier-run-003006	five-independent-k0-slack_three-2	colliding	replay	3	FSSFFS	0	none
frontier-run-003007	five-independent-k0-slack_three-2	colliding	replay	3	FSFSSS	0	none
frontier-run-003008	five-independent-k0-slack_three-2	colliding	replay	3	FSFSSF	0	none
frontier-run-003009	five-independent-k0-slack_three-2	colliding	replay	3	FSFSFS	0	none
frontier-run-003010	five-independent-k0-slack_three-2	colliding	replay	3	FSFFSS	0	none
frontier-run-003011	five-independent-k0-slack_three-2	colliding	replay	3	FFSSSS	0	none
frontier-run-003012	five-independent-k0-slack_three-2	colliding	replay	3	FFSSSF	0	none
frontier-run-003013	five-independent-k0-slack_three-2	colliding	replay	3	FFSSFS	0	none
frontier-run-003014	five-independent-k0-slack_three-2	colliding	replay	3	FFSFSS	0	none
frontier-run-003015	five-independent-k0-slack_three-2	colliding	replay	3	FFFSSS	0	none
frontier-run-003016	five-independent-k0-slack_three-2	distinct	concurrent	3	-	11	none
frontier-run-003017	five-independent-k0-slack_three-2	distinct	concurrent	3	-	23	none
frontier-run-003018	five-independent-k0-slack_three-2	colliding	concurrent	3	-	11	none
frontier-run-003019	five-independent-k0-slack_three-2	colliding	concurrent	3	-	23	none
frontier-run-003020	five-independent-k0-slack_three-3	distinct	replay	0	SSSSS	0	none
frontier-run-003021	five-independent-k0-slack_three-3	colliding	replay	0	SSSSS	0	none
frontier-run-003022	five-independent-k0-slack_three-3	distinct	replay	1	SSSSS	0	none
frontier-run-003023	five-independent-k0-slack_three-3	distinct	replay	1	SSSSF	0	none
frontier-run-003024	five-independent-k0-slack_three-3	distinct	replay	1	SSSFS	0	none
frontier-run-003025	five-independent-k0-slack_three-3	distinct	replay	1	SSFSS	0	none
frontier-run-003026	five-independent-k0-slack_three-3	distinct	replay	1	SFSSS	0	none
frontier-run-003027	five-independent-k0-slack_three-3	distinct	replay	1	FSSSS	0	none
frontier-run-003028	five-independent-k0-slack_three-3	colliding	replay	1	SSSSS	0	none
frontier-run-003029	five-independent-k0-slack_three-3	colliding	replay	1	SSSSF	0	none
frontier-run-003030	five-independent-k0-slack_three-3	colliding	replay	1	SSSFS	0	none
frontier-run-003031	five-independent-k0-slack_three-3	colliding	replay	1	SSFSS	0	none
frontier-run-003032	five-independent-k0-slack_three-3	colliding	replay	1	SFSSS	0	none
frontier-run-003033	five-independent-k0-slack_three-3	colliding	replay	1	FSSSS	0	none
frontier-run-003034	five-independent-k0-slack_three-3	distinct	replay	2	SSSSS	0	none
frontier-run-003035	five-independent-k0-slack_three-3	distinct	replay	2	SSSSF	0	none
frontier-run-003036	five-independent-k0-slack_three-3	distinct	replay	2	SSSFS	0	none
frontier-run-003037	five-independent-k0-slack_three-3	distinct	replay	2	SSSFF	0	none
frontier-run-003038	five-independent-k0-slack_three-3	distinct	replay	2	SSFSS	0	none
frontier-run-003039	five-independent-k0-slack_three-3	distinct	replay	2	SSFSF	0	none
frontier-run-003040	five-independent-k0-slack_three-3	distinct	replay	2	SSFFS	0	none
frontier-run-003041	five-independent-k0-slack_three-3	distinct	replay	2	SFSSS	0	none
frontier-run-003042	five-independent-k0-slack_three-3	distinct	replay	2	SFSSF	0	none
frontier-run-003043	five-independent-k0-slack_three-3	distinct	replay	2	SFSFS	0	none
frontier-run-003044	five-independent-k0-slack_three-3	distinct	replay	2	SFFSS	0	none
frontier-run-003045	five-independent-k0-slack_three-3	distinct	replay	2	FSSSS	0	none
frontier-run-003046	five-independent-k0-slack_three-3	distinct	replay	2	FSSSF	0	none
frontier-run-003047	five-independent-k0-slack_three-3	distinct	replay	2	FSSFS	0	none
frontier-run-003048	five-independent-k0-slack_three-3	distinct	replay	2	FSFSS	0	none
frontier-run-003049	five-independent-k0-slack_three-3	distinct	replay	2	FFSSS	0	none
frontier-run-003050	five-independent-k0-slack_three-3	colliding	replay	2	SSSSS	0	none
frontier-run-003051	five-independent-k0-slack_three-3	colliding	replay	2	SSSSF	0	none
frontier-run-003052	five-independent-k0-slack_three-3	colliding	replay	2	SSSFS	0	none
frontier-run-003053	five-independent-k0-slack_three-3	colliding	replay	2	SSSFF	0	none
frontier-run-003054	five-independent-k0-slack_three-3	colliding	replay	2	SSFSS	0	none
frontier-run-003055	five-independent-k0-slack_three-3	colliding	replay	2	SSFSF	0	none
frontier-run-003056	five-independent-k0-slack_three-3	colliding	replay	2	SSFFS	0	none
frontier-run-003057	five-independent-k0-slack_three-3	colliding	replay	2	SFSSS	0	none
frontier-run-003058	five-independent-k0-slack_three-3	colliding	replay	2	SFSSF	0	none
frontier-run-003059	five-independent-k0-slack_three-3	colliding	replay	2	SFSFS	0	none
frontier-run-003060	five-independent-k0-slack_three-3	colliding	replay	2	SFFSS	0	none
frontier-run-003061	five-independent-k0-slack_three-3	colliding	replay	2	FSSSS	0	none
frontier-run-003062	five-independent-k0-slack_three-3	colliding	replay	2	FSSSF	0	none
frontier-run-003063	five-independent-k0-slack_three-3	colliding	replay	2	FSSFS	0	none
frontier-run-003064	five-independent-k0-slack_three-3	colliding	replay	2	FSFSS	0	none
frontier-run-003065	five-independent-k0-slack_three-3	colliding	replay	2	FFSSS	0	none
frontier-run-003066	five-independent-k0-slack_three-3	distinct	replay	3	SSSSS	0	none
frontier-run-003067	five-independent-k0-slack_three-3	distinct	replay	3	SSSSF	0	none
frontier-run-003068	five-independent-k0-slack_three-3	distinct	replay	3	SSSFS	0	none
frontier-run-003069	five-independent-k0-slack_three-3	distinct	replay	3	SSSFF	0	none
frontier-run-003070	five-independent-k0-slack_three-3	distinct	replay	3	SSFSS	0	none
frontier-run-003071	five-independent-k0-slack_three-3	distinct	replay	3	SSFSF	0	none
frontier-run-003072	five-independent-k0-slack_three-3	distinct	replay	3	SSFFS	0	none
frontier-run-003073	five-independent-k0-slack_three-3	distinct	replay	3	SSFFF	0	none
frontier-run-003074	five-independent-k0-slack_three-3	distinct	replay	3	SFSSS	0	none
frontier-run-003075	five-independent-k0-slack_three-3	distinct	replay	3	SFSSF	0	none
frontier-run-003076	five-independent-k0-slack_three-3	distinct	replay	3	SFSFS	0	none
frontier-run-003077	five-independent-k0-slack_three-3	distinct	replay	3	SFSFF	0	none
frontier-run-003078	five-independent-k0-slack_three-3	distinct	replay	3	SFFSS	0	none
frontier-run-003079	five-independent-k0-slack_three-3	distinct	replay	3	SFFSF	0	none
frontier-run-003080	five-independent-k0-slack_three-3	distinct	replay	3	SFFFS	0	none
frontier-run-003081	five-independent-k0-slack_three-3	distinct	replay	3	FSSSS	0	none
frontier-run-003082	five-independent-k0-slack_three-3	distinct	replay	3	FSSSF	0	none
frontier-run-003083	five-independent-k0-slack_three-3	distinct	replay	3	FSSFS	0	none
frontier-run-003084	five-independent-k0-slack_three-3	distinct	replay	3	FSSFF	0	none
frontier-run-003085	five-independent-k0-slack_three-3	distinct	replay	3	FSFSS	0	none
frontier-run-003086	five-independent-k0-slack_three-3	distinct	replay	3	FSFSF	0	none
frontier-run-003087	five-independent-k0-slack_three-3	distinct	replay	3	FSFFS	0	none
frontier-run-003088	five-independent-k0-slack_three-3	distinct	replay	3	FFSSS	0	none
frontier-run-003089	five-independent-k0-slack_three-3	distinct	replay	3	FFSSF	0	none
frontier-run-003090	five-independent-k0-slack_three-3	distinct	replay	3	FFSFS	0	none
frontier-run-003091	five-independent-k0-slack_three-3	distinct	replay	3	FFFSS	0	none
frontier-run-003092	five-independent-k0-slack_three-3	colliding	replay	3	SSSSS	0	none
frontier-run-003093	five-independent-k0-slack_three-3	colliding	replay	3	SSSSF	0	none
frontier-run-003094	five-independent-k0-slack_three-3	colliding	replay	3	SSSFS	0	none
frontier-run-003095	five-independent-k0-slack_three-3	colliding	replay	3	SSSFF	0	none
frontier-run-003096	five-independent-k0-slack_three-3	colliding	replay	3	SSFSS	0	none
frontier-run-003097	five-independent-k0-slack_three-3	colliding	replay	3	SSFSF	0	none
frontier-run-003098	five-independent-k0-slack_three-3	colliding	replay	3	SSFFS	0	none
frontier-run-003099	five-independent-k0-slack_three-3	colliding	replay	3	SSFFF	0	none
frontier-run-003100	five-independent-k0-slack_three-3	colliding	replay	3	SFSSS	0	none
frontier-run-003101	five-independent-k0-slack_three-3	colliding	replay	3	SFSSF	0	none
frontier-run-003102	five-independent-k0-slack_three-3	colliding	replay	3	SFSFS	0	none
frontier-run-003103	five-independent-k0-slack_three-3	colliding	replay	3	SFSFF	0	none
frontier-run-003104	five-independent-k0-slack_three-3	colliding	replay	3	SFFSS	0	none
frontier-run-003105	five-independent-k0-slack_three-3	colliding	replay	3	SFFSF	0	none
frontier-run-003106	five-independent-k0-slack_three-3	colliding	replay	3	SFFFS	0	none
frontier-run-003107	five-independent-k0-slack_three-3	colliding	replay	3	FSSSS	0	none
frontier-run-003108	five-independent-k0-slack_three-3	colliding	replay	3	FSSSF	0	none
frontier-run-003109	five-independent-k0-slack_three-3	colliding	replay	3	FSSFS	0	none
frontier-run-003110	five-independent-k0-slack_three-3	colliding	replay	3	FSSFF	0	none
frontier-run-003111	five-independent-k0-slack_three-3	colliding	replay	3	FSFSS	0	none
frontier-run-003112	five-independent-k0-slack_three-3	colliding	replay	3	FSFSF	0	none
frontier-run-003113	five-independent-k0-slack_three-3	colliding	replay	3	FSFFS	0	none
frontier-run-003114	five-independent-k0-slack_three-3	colliding	replay	3	FFSSS	0	none
frontier-run-003115	five-independent-k0-slack_three-3	colliding	replay	3	FFSSF	0	none
frontier-run-003116	five-independent-k0-slack_three-3	colliding	replay	3	FFSFS	0	none
frontier-run-003117	five-independent-k0-slack_three-3	colliding	replay	3	FFFSS	0	none
frontier-run-003118	five-independent-k0-slack_three-3	distinct	concurrent	3	-	11	none
frontier-run-003119	five-independent-k0-slack_three-3	distinct	concurrent	3	-	23	none
frontier-run-003120	five-independent-k0-slack_three-3	colliding	concurrent	3	-	11	none
frontier-run-003121	five-independent-k0-slack_three-3	colliding	concurrent	3	-	23	none
frontier-run-003122	five-independent-k0-slack_two-0	distinct	replay	0	SSSSS	0	none
frontier-run-003123	five-independent-k0-slack_two-0	colliding	replay	0	SSSSS	0	none
frontier-run-003124	five-independent-k0-slack_two-0	distinct	replay	1	SSSSS	0	none
frontier-run-003125	five-independent-k0-slack_two-0	distinct	replay	1	SSSSFS	0	none
frontier-run-003126	five-independent-k0-slack_two-0	distinct	replay	1	SSSFSS	0	none
frontier-run-003127	five-independent-k0-slack_two-0	distinct	replay	1	SSFSSS	0	none
frontier-run-003128	five-independent-k0-slack_two-0	distinct	replay	1	SFSSSS	0	none
frontier-run-003129	five-independent-k0-slack_two-0	distinct	replay	1	FSSSSS	0	none
frontier-run-003130	five-independent-k0-slack_two-0	colliding	replay	1	SSSSS	0	none
frontier-run-003131	five-independent-k0-slack_two-0	colliding	replay	1	SSSSFS	0	none
frontier-run-003132	five-independent-k0-slack_two-0	colliding	replay	1	SSSFSS	0	none
frontier-run-003133	five-independent-k0-slack_two-0	colliding	replay	1	SSFSSS	0	none
frontier-run-003134	five-independent-k0-slack_two-0	colliding	replay	1	SFSSSS	0	none
frontier-run-003135	five-independent-k0-slack_two-0	colliding	replay	1	FSSSSS	0	none
frontier-run-003136	five-independent-k0-slack_two-0	distinct	replay	2	SSSSS	0	none
frontier-run-003137	five-independent-k0-slack_two-0	distinct	replay	2	SSSSFS	0	none
frontier-run-003138	five-independent-k0-slack_two-0	distinct	replay	2	SSSSFFS	0	none
frontier-run-003139	five-independent-k0-slack_two-0	distinct	replay	2	SSSFSS	0	none
frontier-run-003140	five-independent-k0-slack_two-0	distinct	replay	2	SSSFSFS	0	none
frontier-run-003141	five-independent-k0-slack_two-0	distinct	replay	2	SSSFFSS	0	none
frontier-run-003142	five-independent-k0-slack_two-0	distinct	replay	2	SSFSSS	0	none
frontier-run-003143	five-independent-k0-slack_two-0	distinct	replay	2	SSFSSFS	0	none
frontier-run-003144	five-independent-k0-slack_two-0	distinct	replay	2	SSFSFSS	0	none
frontier-run-003145	five-independent-k0-slack_two-0	distinct	replay	2	SSFFSSS	0	none
frontier-run-003146	five-independent-k0-slack_two-0	distinct	replay	2	SFSSSS	0	none
frontier-run-003147	five-independent-k0-slack_two-0	distinct	replay	2	SFSSSFS	0	none
frontier-run-003148	five-independent-k0-slack_two-0	distinct	replay	2	SFSSFSS	0	none
frontier-run-003149	five-independent-k0-slack_two-0	distinct	replay	2	SFSFSSS	0	none
frontier-run-003150	five-independent-k0-slack_two-0	distinct	replay	2	SFFSSSS	0	none
frontier-run-003151	five-independent-k0-slack_two-0	distinct	replay	2	FSSSSS	0	none
frontier-run-003152	five-independent-k0-slack_two-0	distinct	replay	2	FSSSSFS	0	none
frontier-run-003153	five-independent-k0-slack_two-0	distinct	replay	2	FSSSFSS	0	none
frontier-run-003154	five-independent-k0-slack_two-0	distinct	replay	2	FSSFSSS	0	none
frontier-run-003155	five-independent-k0-slack_two-0	distinct	replay	2	FSFSSSS	0	none
frontier-run-003156	five-independent-k0-slack_two-0	distinct	replay	2	FFSSSSS	0	none
frontier-run-003157	five-independent-k0-slack_two-0	colliding	replay	2	SSSSS	0	none
frontier-run-003158	five-independent-k0-slack_two-0	colliding	replay	2	SSSSFS	0	none
frontier-run-003159	five-independent-k0-slack_two-0	colliding	replay	2	SSSSFFS	0	none
frontier-run-003160	five-independent-k0-slack_two-0	colliding	replay	2	SSSFSS	0	none
frontier-run-003161	five-independent-k0-slack_two-0	colliding	replay	2	SSSFSFS	0	none
frontier-run-003162	five-independent-k0-slack_two-0	colliding	replay	2	SSSFFSS	0	none
frontier-run-003163	five-independent-k0-slack_two-0	colliding	replay	2	SSFSSS	0	none
frontier-run-003164	five-independent-k0-slack_two-0	colliding	replay	2	SSFSSFS	0	none
frontier-run-003165	five-independent-k0-slack_two-0	colliding	replay	2	SSFSFSS	0	none
frontier-run-003166	five-independent-k0-slack_two-0	colliding	replay	2	SSFFSSS	0	none
frontier-run-003167	five-independent-k0-slack_two-0	colliding	replay	2	SFSSSS	0	none
frontier-run-003168	five-independent-k0-slack_two-0	colliding	replay	2	SFSSSFS	0	none
frontier-run-003169	five-independent-k0-slack_two-0	colliding	replay	2	SFSSFSS	0	none
frontier-run-003170	five-independent-k0-slack_two-0	colliding	replay	2	SFSFSSS	0	none
frontier-run-003171	five-independent-k0-slack_two-0	colliding	replay	2	SFFSSSS	0	none
frontier-run-003172	five-independent-k0-slack_two-0	colliding	replay	2	FSSSSS	0	none
frontier-run-003173	five-independent-k0-slack_two-0	colliding	replay	2	FSSSSFS	0	none
frontier-run-003174	five-independent-k0-slack_two-0	colliding	replay	2	FSSSFSS	0	none
frontier-run-003175	five-independent-k0-slack_two-0	colliding	replay	2	FSSFSSS	0	none
frontier-run-003176	five-independent-k0-slack_two-0	colliding	replay	2	FSFSSSS	0	none
frontier-run-003177	five-independent-k0-slack_two-0	colliding	replay	2	FFSSSSS	0	none
frontier-run-003178	five-independent-k0-slack_two-0	distinct	replay	3	SSSSS	0	none
frontier-run-003179	five-independent-k0-slack_two-0	distinct	replay	3	SSSSFS	0	none
frontier-run-003180	five-independent-k0-slack_two-0	distinct	replay	3	SSSSFFS	0	none
frontier-run-003181	five-independent-k0-slack_two-0	distinct	replay	3	SSSSFFFS	0	none
frontier-run-003182	five-independent-k0-slack_two-0	distinct	replay	3	SSSFSS	0	none
frontier-run-003183	five-independent-k0-slack_two-0	distinct	replay	3	SSSFSFS	0	none
frontier-run-003184	five-independent-k0-slack_two-0	distinct	replay	3	SSSFSFFS	0	none
frontier-run-003185	five-independent-k0-slack_two-0	distinct	replay	3	SSSFFSS	0	none
frontier-run-003186	five-independent-k0-slack_two-0	distinct	replay	3	SSSFFSFS	0	none
frontier-run-003187	five-independent-k0-slack_two-0	distinct	replay	3	SSSFFFSS	0	none
frontier-run-003188	five-independent-k0-slack_two-0	distinct	replay	3	SSFSSS	0	none
frontier-run-003189	five-independent-k0-slack_two-0	distinct	replay	3	SSFSSFS	0	none
frontier-run-003190	five-independent-k0-slack_two-0	distinct	replay	3	SSFSSFFS	0	none
frontier-run-003191	five-independent-k0-slack_two-0	distinct	replay	3	SSFSFSS	0	none
frontier-run-003192	five-independent-k0-slack_two-0	distinct	replay	3	SSFSFSFS	0	none
frontier-run-003193	five-independent-k0-slack_two-0	distinct	replay	3	SSFSFFSS	0	none
frontier-run-003194	five-independent-k0-slack_two-0	distinct	replay	3	SSFFSSS	0	none
frontier-run-003195	five-independent-k0-slack_two-0	distinct	replay	3	SSFFSSFS	0	none
frontier-run-003196	five-independent-k0-slack_two-0	distinct	replay	3	SSFFSFSS	0	none
frontier-run-003197	five-independent-k0-slack_two-0	distinct	replay	3	SSFFFSSS	0	none
frontier-run-003198	five-independent-k0-slack_two-0	distinct	replay	3	SFSSSS	0	none
frontier-run-003199	five-independent-k0-slack_two-0	distinct	replay	3	SFSSSFS	0	none
frontier-run-003200	five-independent-k0-slack_two-0	distinct	replay	3	SFSSSFFS	0	none
frontier-run-003201	five-independent-k0-slack_two-0	distinct	replay	3	SFSSFSS	0	none
frontier-run-003202	five-independent-k0-slack_two-0	distinct	replay	3	SFSSFSFS	0	none
frontier-run-003203	five-independent-k0-slack_two-0	distinct	replay	3	SFSSFFSS	0	none
frontier-run-003204	five-independent-k0-slack_two-0	distinct	replay	3	SFSFSSS	0	none
frontier-run-003205	five-independent-k0-slack_two-0	distinct	replay	3	SFSFSSFS	0	none
frontier-run-003206	five-independent-k0-slack_two-0	distinct	replay	3	SFSFSFSS	0	none
frontier-run-003207	five-independent-k0-slack_two-0	distinct	replay	3	SFSFFSSS	0	none
frontier-run-003208	five-independent-k0-slack_two-0	distinct	replay	3	SFFSSSS	0	none
frontier-run-003209	five-independent-k0-slack_two-0	distinct	replay	3	SFFSSSFS	0	none
frontier-run-003210	five-independent-k0-slack_two-0	distinct	replay	3	SFFSSFSS	0	none
frontier-run-003211	five-independent-k0-slack_two-0	distinct	replay	3	SFFSFSSS	0	none
frontier-run-003212	five-independent-k0-slack_two-0	distinct	replay	3	SFFFSSSS	0	none
frontier-run-003213	five-independent-k0-slack_two-0	distinct	replay	3	FSSSSS	0	none
frontier-run-003214	five-independent-k0-slack_two-0	distinct	replay	3	FSSSSFS	0	none
frontier-run-003215	five-independent-k0-slack_two-0	distinct	replay	3	FSSSSFFS	0	none
frontier-run-003216	five-independent-k0-slack_two-0	distinct	replay	3	FSSSFSS	0	none
frontier-run-003217	five-independent-k0-slack_two-0	distinct	replay	3	FSSSFSFS	0	none
frontier-run-003218	five-independent-k0-slack_two-0	distinct	replay	3	FSSSFFSS	0	none
frontier-run-003219	five-independent-k0-slack_two-0	distinct	replay	3	FSSFSSS	0	none
frontier-run-003220	five-independent-k0-slack_two-0	distinct	replay	3	FSSFSSFS	0	none
frontier-run-003221	five-independent-k0-slack_two-0	distinct	replay	3	FSSFSFSS	0	none
frontier-run-003222	five-independent-k0-slack_two-0	distinct	replay	3	FSSFFSSS	0	none
frontier-run-003223	five-independent-k0-slack_two-0	distinct	replay	3	FSFSSSS	0	none
frontier-run-003224	five-independent-k0-slack_two-0	distinct	replay	3	FSFSSSFS	0	none
frontier-run-003225	five-independent-k0-slack_two-0	distinct	replay	3	FSFSSFSS	0	none
frontier-run-003226	five-independent-k0-slack_two-0	distinct	replay	3	FSFSFSSS	0	none
frontier-run-003227	five-independent-k0-slack_two-0	distinct	replay	3	FSFFSSSS	0	none
frontier-run-003228	five-independent-k0-slack_two-0	distinct	replay	3	FFSSSSS	0	none
frontier-run-003229	five-independent-k0-slack_two-0	distinct	replay	3	FFSSSSFS	0	none
frontier-run-003230	five-independent-k0-slack_two-0	distinct	replay	3	FFSSSFSS	0	none
frontier-run-003231	five-independent-k0-slack_two-0	distinct	replay	3	FFSSFSSS	0	none
frontier-run-003232	five-independent-k0-slack_two-0	distinct	replay	3	FFSFSSSS	0	none
frontier-run-003233	five-independent-k0-slack_two-0	distinct	replay	3	FFFSSSSS	0	none
frontier-run-003234	five-independent-k0-slack_two-0	colliding	replay	3	SSSSS	0	none
frontier-run-003235	five-independent-k0-slack_two-0	colliding	replay	3	SSSSFS	0	none
frontier-run-003236	five-independent-k0-slack_two-0	colliding	replay	3	SSSSFFS	0	none
frontier-run-003237	five-independent-k0-slack_two-0	colliding	replay	3	SSSSFFFS	0	none
frontier-run-003238	five-independent-k0-slack_two-0	colliding	replay	3	SSSFSS	0	none
frontier-run-003239	five-independent-k0-slack_two-0	colliding	replay	3	SSSFSFS	0	none
frontier-run-003240	five-independent-k0-slack_two-0	colliding	replay	3	SSSFSFFS	0	none
frontier-run-003241	five-independent-k0-slack_two-0	colliding	replay	3	SSSFFSS	0	none
frontier-run-003242	five-independent-k0-slack_two-0	colliding	replay	3	SSSFFSFS	0	none
frontier-run-003243	five-independent-k0-slack_two-0	colliding	replay	3	SSSFFFSS	0	none
frontier-run-003244	five-independent-k0-slack_two-0	colliding	replay	3	SSFSSS	0	none
frontier-run-003245	five-independent-k0-slack_two-0	colliding	replay	3	SSFSSFS	0	none
frontier-run-003246	five-independent-k0-slack_two-0	colliding	replay	3	SSFSSFFS	0	none
frontier-run-003247	five-independent-k0-slack_two-0	colliding	replay	3	SSFSFSS	0	none
frontier-run-003248	five-independent-k0-slack_two-0	colliding	replay	3	SSFSFSFS	0	none
frontier-run-003249	five-independent-k0-slack_two-0	colliding	replay	3	SSFSFFSS	0	none
frontier-run-003250	five-independent-k0-slack_two-0	colliding	replay	3	SSFFSSS	0	none
frontier-run-003251	five-independent-k0-slack_two-0	colliding	replay	3	SSFFSSFS	0	none
frontier-run-003252	five-independent-k0-slack_two-0	colliding	replay	3	SSFFSFSS	0	none
frontier-run-003253	five-independent-k0-slack_two-0	colliding	replay	3	SSFFFSSS	0	none
frontier-run-003254	five-independent-k0-slack_two-0	colliding	replay	3	SFSSSS	0	none
frontier-run-003255	five-independent-k0-slack_two-0	colliding	replay	3	SFSSSFS	0	none
frontier-run-003256	five-independent-k0-slack_two-0	colliding	replay	3	SFSSSFFS	0	none
frontier-run-003257	five-independent-k0-slack_two-0	colliding	replay	3	SFSSFSS	0	none
frontier-run-003258	five-independent-k0-slack_two-0	colliding	replay	3	SFSSFSFS	0	none
frontier-run-003259	five-independent-k0-slack_two-0	colliding	replay	3	SFSSFFSS	0	none
frontier-run-003260	five-independent-k0-slack_two-0	colliding	replay	3	SFSFSSS	0	none
frontier-run-003261	five-independent-k0-slack_two-0	colliding	replay	3	SFSFSSFS	0	none
frontier-run-003262	five-independent-k0-slack_two-0	colliding	replay	3	SFSFSFSS	0	none
frontier-run-003263	five-independent-k0-slack_two-0	colliding	replay	3	SFSFFSSS	0	none
frontier-run-003264	five-independent-k0-slack_two-0	colliding	replay	3	SFFSSSS	0	none
frontier-run-003265	five-independent-k0-slack_two-0	colliding	replay	3	SFFSSSFS	0	none
frontier-run-003266	five-independent-k0-slack_two-0	colliding	replay	3	SFFSSFSS	0	none
frontier-run-003267	five-independent-k0-slack_two-0	colliding	replay	3	SFFSFSSS	0	none
frontier-run-003268	five-independent-k0-slack_two-0	colliding	replay	3	SFFFSSSS	0	none
frontier-run-003269	five-independent-k0-slack_two-0	colliding	replay	3	FSSSSS	0	none
frontier-run-003270	five-independent-k0-slack_two-0	colliding	replay	3	FSSSSFS	0	none
frontier-run-003271	five-independent-k0-slack_two-0	colliding	replay	3	FSSSSFFS	0	none
frontier-run-003272	five-independent-k0-slack_two-0	colliding	replay	3	FSSSFSS	0	none
frontier-run-003273	five-independent-k0-slack_two-0	colliding	replay	3	FSSSFSFS	0	none
frontier-run-003274	five-independent-k0-slack_two-0	colliding	replay	3	FSSSFFSS	0	none
frontier-run-003275	five-independent-k0-slack_two-0	colliding	replay	3	FSSFSSS	0	none
frontier-run-003276	five-independent-k0-slack_two-0	colliding	replay	3	FSSFSSFS	0	none
frontier-run-003277	five-independent-k0-slack_two-0	colliding	replay	3	FSSFSFSS	0	none
frontier-run-003278	five-independent-k0-slack_two-0	colliding	replay	3	FSSFFSSS	0	none
frontier-run-003279	five-independent-k0-slack_two-0	colliding	replay	3	FSFSSSS	0	none
frontier-run-003280	five-independent-k0-slack_two-0	colliding	replay	3	FSFSSSFS	0	none
frontier-run-003281	five-independent-k0-slack_two-0	colliding	replay	3	FSFSSFSS	0	none
frontier-run-003282	five-independent-k0-slack_two-0	colliding	replay	3	FSFSFSSS	0	none
frontier-run-003283	five-independent-k0-slack_two-0	colliding	replay	3	FSFFSSSS	0	none
frontier-run-003284	five-independent-k0-slack_two-0	colliding	replay	3	FFSSSSS	0	none
frontier-run-003285	five-independent-k0-slack_two-0	colliding	replay	3	FFSSSSFS	0	none
frontier-run-003286	five-independent-k0-slack_two-0	colliding	replay	3	FFSSSFSS	0	none
frontier-run-003287	five-independent-k0-slack_two-0	colliding	replay	3	FFSSFSSS	0	none
frontier-run-003288	five-independent-k0-slack_two-0	colliding	replay	3	FFSFSSSS	0	none
frontier-run-003289	five-independent-k0-slack_two-0	colliding	replay	3	FFFSSSSS	0	none
frontier-run-003290	five-independent-k0-slack_two-0	distinct	concurrent	3	-	11	none
frontier-run-003291	five-independent-k0-slack_two-0	distinct	concurrent	3	-	23	none
frontier-run-003292	five-independent-k0-slack_two-0	colliding	concurrent	3	-	11	none
frontier-run-003293	five-independent-k0-slack_two-0	colliding	concurrent	3	-	23	none
frontier-run-003294	five-independent-k0-slack_two-1	distinct	replay	0	SSSSS	0	none
frontier-run-003295	five-independent-k0-slack_two-1	colliding	replay	0	SSSSS	0	none
frontier-run-003296	five-independent-k0-slack_two-1	distinct	replay	1	-	0	none
frontier-run-003297	five-independent-k0-slack_two-1	colliding	replay	1	-	0	none
frontier-run-003298	five-independent-k0-slack_two-1	distinct	replay	2	SSSSS	0	none
frontier-run-003299	five-independent-k0-slack_two-1	distinct	replay	2	SSSSF	0	none
frontier-run-003300	five-independent-k0-slack_two-1	distinct	replay	2	SSSF	0	none
frontier-run-003301	five-independent-k0-slack_two-1	distinct	replay	2	SSF	0	none
frontier-run-003302	five-independent-k0-slack_two-1	distinct	replay	2	SF	0	none
frontier-run-003303	five-independent-k0-slack_two-1	distinct	replay	2	F	0	none
frontier-run-003304	five-independent-k0-slack_two-1	colliding	replay	2	SSSSS	0	none
frontier-run-003305	five-independent-k0-slack_two-1	colliding	replay	2	SSSSF	0	none
frontier-run-003306	five-independent-k0-slack_two-1	colliding	replay	2	SSSF	0	none
frontier-run-003307	five-independent-k0-slack_two-1	colliding	replay	2	SSF	0	none
frontier-run-003308	five-independent-k0-slack_two-1	colliding	replay	2	SF	0	none
frontier-run-003309	five-independent-k0-slack_two-1	colliding	replay	2	F	0	none
frontier-run-003310	five-independent-k0-slack_two-1	distinct	replay	3	SSSSS	0	none
frontier-run-003311	five-independent-k0-slack_two-1	distinct	replay	3	SSSSFS	0	none
frontier-run-003312	five-independent-k0-slack_two-1	distinct	replay	3	SSSSFF	0	none
frontier-run-003313	five-independent-k0-slack_two-1	distinct	replay	3	SSSFSS	0	none
frontier-run-003314	five-independent-k0-slack_two-1	distinct	replay	3	SSSFSF	0	none
frontier-run-003315	five-independent-k0-slack_two-1	distinct	replay	3	SSSFF	0	none
frontier-run-003316	five-independent-k0-slack_two-1	distinct	replay	3	SSFSSS	0	none
frontier-run-003317	five-independent-k0-slack_two-1	distinct	replay	3	SSFSSF	0	none
frontier-run-003318	five-independent-k0-slack_two-1	distinct	replay	3	SSFSF	0	none
frontier-run-003319	five-independent-k0-slack_two-1	distinct	replay	3	SSFF	0	none
frontier-run-003320	five-independent-k0-slack_two-1	distinct	replay	3	SFSSSS	0	none
frontier-run-003321	five-independent-k0-slack_two-1	distinct	replay	3	SFSSSF	0	none
frontier-run-003322	five-independent-k0-slack_two-1	distinct	replay	3	SFSSF	0	none
frontier-run-003323	five-independent-k0-slack_two-1	distinct	replay	3	SFSF	0	none
frontier-run-003324	five-independent-k0-slack_two-1	distinct	replay	3	SFF	0	none
frontier-run-003325	five-independent-k0-slack_two-1	distinct	replay	3	FSSSSS	0	none
frontier-run-003326	five-independent-k0-slack_two-1	distinct	replay	3	FSSSSF	0	none
frontier-run-003327	five-independent-k0-slack_two-1	distinct	replay	3	FSSSF	0	none
frontier-run-003328	five-independent-k0-slack_two-1	distinct	replay	3	FSSF	0	none
frontier-run-003329	five-independent-k0-slack_two-1	distinct	replay	3	FSF	0	none
frontier-run-003330	five-independent-k0-slack_two-1	distinct	replay	3	FF	0	none
frontier-run-003331	five-independent-k0-slack_two-1	colliding	replay	3	SSSSS	0	none
frontier-run-003332	five-independent-k0-slack_two-1	colliding	replay	3	SSSSFS	0	none
frontier-run-003333	five-independent-k0-slack_two-1	colliding	replay	3	SSSSFF	0	none
frontier-run-003334	five-independent-k0-slack_two-1	colliding	replay	3	SSSFSS	0	none
frontier-run-003335	five-independent-k0-slack_two-1	colliding	replay	3	SSSFSF	0	none
frontier-run-003336	five-independent-k0-slack_two-1	colliding	replay	3	SSSFF	0	none
frontier-run-003337	five-independent-k0-slack_two-1	colliding	replay	3	SSFSSS	0	none
frontier-run-003338	five-independent-k0-slack_two-1	colliding	replay	3	SSFSSF	0	none
frontier-run-003339	five-independent-k0-slack_two-1	colliding	replay	3	SSFSF	0	none
frontier-run-003340	five-independent-k0-slack_two-1	colliding	replay	3	SSFF	0	none
frontier-run-003341	five-independent-k0-slack_two-1	colliding	replay	3	SFSSSS	0	none
frontier-run-003342	five-independent-k0-slack_two-1	colliding	replay	3	SFSSSF	0	none
frontier-run-003343	five-independent-k0-slack_two-1	colliding	replay	3	SFSSF	0	none
frontier-run-003344	five-independent-k0-slack_two-1	colliding	replay	3	SFSF	0	none
frontier-run-003345	five-independent-k0-slack_two-1	colliding	replay	3	SFF	0	none
frontier-run-003346	five-independent-k0-slack_two-1	colliding	replay	3	FSSSSS	0	none
frontier-run-003347	five-independent-k0-slack_two-1	colliding	replay	3	FSSSSF	0	none
frontier-run-003348	five-independent-k0-slack_two-1	colliding	replay	3	FSSSF	0	none
frontier-run-003349	five-independent-k0-slack_two-1	colliding	replay	3	FSSF	0	none
frontier-run-003350	five-independent-k0-slack_two-1	colliding	replay	3	FSF	0	none
frontier-run-003351	five-independent-k0-slack_two-1	colliding	replay	3	FF	0	none
frontier-run-003352	five-independent-k0-slack_two-1	distinct	concurrent	3	-	11	none
frontier-run-003353	five-independent-k0-slack_two-1	distinct	concurrent	3	-	23	none
frontier-run-003354	five-independent-k0-slack_two-1	colliding	concurrent	3	-	11	none
frontier-run-003355	five-independent-k0-slack_two-1	colliding	concurrent	3	-	23	none
frontier-run-003356	five-independent-k0-slack_two-2	distinct	replay	0	SSSSS	0	none
frontier-run-003357	five-independent-k0-slack_two-2	colliding	replay	0	SSSSS	0	none
frontier-run-003358	five-independent-k0-slack_two-2	distinct	replay	1	-	0	none
frontier-run-003359	five-independent-k0-slack_two-2	colliding	replay	1	-	0	none
frontier-run-003360	five-independent-k0-slack_two-2	distinct	replay	2	-	0	none
frontier-run-003361	five-independent-k0-slack_two-2	colliding	replay	2	-	0	none
frontier-run-003362	five-independent-k0-slack_two-2	distinct	replay	3	SSSSS	0	none
frontier-run-003363	five-independent-k0-slack_two-2	distinct	replay	3	SSSSF	0	none
frontier-run-003364	five-independent-k0-slack_two-2	distinct	replay	3	SSSF	0	none
frontier-run-003365	five-independent-k0-slack_two-2	distinct	replay	3	SSF	0	none
frontier-run-003366	five-independent-k0-slack_two-2	distinct	replay	3	SF	0	none
frontier-run-003367	five-independent-k0-slack_two-2	distinct	replay	3	F	0	none
frontier-run-003368	five-independent-k0-slack_two-2	colliding	replay	3	SSSSS	0	none
frontier-run-003369	five-independent-k0-slack_two-2	colliding	replay	3	SSSSF	0	none
frontier-run-003370	five-independent-k0-slack_two-2	colliding	replay	3	SSSF	0	none
frontier-run-003371	five-independent-k0-slack_two-2	colliding	replay	3	SSF	0	none
frontier-run-003372	five-independent-k0-slack_two-2	colliding	replay	3	SF	0	none
frontier-run-003373	five-independent-k0-slack_two-2	colliding	replay	3	F	0	none
frontier-run-003374	five-independent-k0-slack_two-2	distinct	concurrent	3	-	11	none
frontier-run-003375	five-independent-k0-slack_two-2	distinct	concurrent	3	-	23	none
frontier-run-003376	five-independent-k0-slack_two-2	colliding	concurrent	3	-	11	none
frontier-run-003377	five-independent-k0-slack_two-2	colliding	concurrent	3	-	23	none
frontier-run-003378	five-independent-k0-slack_two-3	distinct	replay	0	SSSSS	0	none
frontier-run-003379	five-independent-k0-slack_two-3	colliding	replay	0	SSSSS	0	none
frontier-run-003380	five-independent-k0-slack_two-3	distinct	replay	1	-	0	none
frontier-run-003381	five-independent-k0-slack_two-3	colliding	replay	1	-	0	none
frontier-run-003382	five-independent-k0-slack_two-3	distinct	replay	2	-	0	none
frontier-run-003383	five-independent-k0-slack_two-3	colliding	replay	2	-	0	none
frontier-run-003384	five-independent-k0-slack_two-3	distinct	replay	3	-	0	none
frontier-run-003385	five-independent-k0-slack_two-3	colliding	replay	3	-	0	none
frontier-run-003386	five-independent-k0-slack_two-3	distinct	concurrent	3	-	11	none
frontier-run-003387	five-independent-k0-slack_two-3	distinct	concurrent	3	-	23	none
frontier-run-003388	five-independent-k0-slack_two-3	colliding	concurrent	3	-	11	none
frontier-run-003389	five-independent-k0-slack_two-3	colliding	concurrent	3	-	23	none
frontier-run-003390	five-independent-k2-slack_three-0	distinct	replay	0	SSSSS	0	none
frontier-run-003391	five-independent-k2-slack_three-0	colliding	replay	0	SSSSS	0	none
frontier-run-003392	five-independent-k2-slack_three-0	distinct	replay	1	SSSSS	0	none
frontier-run-003393	five-independent-k2-slack_three-0	distinct	replay	1	SSSSFS	0	none
frontier-run-003394	five-independent-k2-slack_three-0	distinct	replay	1	SSSFSS	0	none
frontier-run-003395	five-independent-k2-slack_three-0	distinct	replay	1	SSFSSS	0	none
frontier-run-003396	five-independent-k2-slack_three-0	distinct	replay	1	SFSSSS	0	none
frontier-run-003397	five-independent-k2-slack_three-0	distinct	replay	1	FSSSSS	0	none
frontier-run-003398	five-independent-k2-slack_three-0	colliding	replay	1	SSSSS	0	none
frontier-run-003399	five-independent-k2-slack_three-0	colliding	replay	1	SSSSFS	0	none
frontier-run-003400	five-independent-k2-slack_three-0	colliding	replay	1	SSSFSS	0	none
frontier-run-003401	five-independent-k2-slack_three-0	colliding	replay	1	SSFSSS	0	none
frontier-run-003402	five-independent-k2-slack_three-0	colliding	replay	1	SFSSSS	0	none
frontier-run-003403	five-independent-k2-slack_three-0	colliding	replay	1	FSSSSS	0	none
frontier-run-003404	five-independent-k2-slack_three-0	distinct	replay	2	SSSSS	0	none
frontier-run-003405	five-independent-k2-slack_three-0	distinct	replay	2	SSSSFS	0	none
frontier-run-003406	five-independent-k2-slack_three-0	distinct	replay	2	SSSSFFS	0	none
frontier-run-003407	five-independent-k2-slack_three-0	distinct	replay	2	SSSFSS	0	none
frontier-run-003408	five-independent-k2-slack_three-0	distinct	replay	2	SSSFSFS	0	none
frontier-run-003409	five-independent-k2-slack_three-0	distinct	replay	2	SSSFFSS	0	none
frontier-run-003410	five-independent-k2-slack_three-0	distinct	replay	2	SSFSSS	0	none
frontier-run-003411	five-independent-k2-slack_three-0	distinct	replay	2	SSFSSFS	0	none
frontier-run-003412	five-independent-k2-slack_three-0	distinct	replay	2	SSFSFSS	0	none
frontier-run-003413	five-independent-k2-slack_three-0	distinct	replay	2	SSFFSSS	0	none
frontier-run-003414	five-independent-k2-slack_three-0	distinct	replay	2	SFSSSS	0	none
frontier-run-003415	five-independent-k2-slack_three-0	distinct	replay	2	SFSSSFS	0	none
frontier-run-003416	five-independent-k2-slack_three-0	distinct	replay	2	SFSSFSS	0	none
frontier-run-003417	five-independent-k2-slack_three-0	distinct	replay	2	SFSFSSS	0	none
frontier-run-003418	five-independent-k2-slack_three-0	distinct	replay	2	SFFSSSS	0	none
frontier-run-003419	five-independent-k2-slack_three-0	distinct	replay	2	FSSSSS	0	none
frontier-run-003420	five-independent-k2-slack_three-0	distinct	replay	2	FSSSSFS	0	none
frontier-run-003421	five-independent-k2-slack_three-0	distinct	replay	2	FSSSFSS	0	none
frontier-run-003422	five-independent-k2-slack_three-0	distinct	replay	2	FSSFSSS	0	none
frontier-run-003423	five-independent-k2-slack_three-0	distinct	replay	2	FSFSSSS	0	none
frontier-run-003424	five-independent-k2-slack_three-0	distinct	replay	2	FFSSSSS	0	none
frontier-run-003425	five-independent-k2-slack_three-0	colliding	replay	2	SSSSS	0	none
frontier-run-003426	five-independent-k2-slack_three-0	colliding	replay	2	SSSSFS	0	none
frontier-run-003427	five-independent-k2-slack_three-0	colliding	replay	2	SSSSFFS	0	none
frontier-run-003428	five-independent-k2-slack_three-0	colliding	replay	2	SSSFSS	0	none
frontier-run-003429	five-independent-k2-slack_three-0	colliding	replay	2	SSSFSFS	0	none
frontier-run-003430	five-independent-k2-slack_three-0	colliding	replay	2	SSSFFSS	0	none
frontier-run-003431	five-independent-k2-slack_three-0	colliding	replay	2	SSFSSS	0	none
frontier-run-003432	five-independent-k2-slack_three-0	colliding	replay	2	SSFSSFS	0	none
frontier-run-003433	five-independent-k2-slack_three-0	colliding	replay	2	SSFSFSS	0	none
frontier-run-003434	five-independent-k2-slack_three-0	colliding	replay	2	SSFFSSS	0	none
frontier-run-003435	five-independent-k2-slack_three-0	colliding	replay	2	SFSSSS	0	none
frontier-run-003436	five-independent-k2-slack_three-0	colliding	replay	2	SFSSSFS	0	none
frontier-run-003437	five-independent-k2-slack_three-0	colliding	replay	2	SFSSFSS	0	none
frontier-run-003438	five-independent-k2-slack_three-0	colliding	replay	2	SFSFSSS	0	none
frontier-run-003439	five-independent-k2-slack_three-0	colliding	replay	2	SFFSSSS	0	none
frontier-run-003440	five-independent-k2-slack_three-0	colliding	replay	2	FSSSSS	0	none
frontier-run-003441	five-independent-k2-slack_three-0	colliding	replay	2	FSSSSFS	0	none
frontier-run-003442	five-independent-k2-slack_three-0	colliding	replay	2	FSSSFSS	0	none
frontier-run-003443	five-independent-k2-slack_three-0	colliding	replay	2	FSSFSSS	0	none
frontier-run-003444	five-independent-k2-slack_three-0	colliding	replay	2	FSFSSSS	0	none
frontier-run-003445	five-independent-k2-slack_three-0	colliding	replay	2	FFSSSSS	0	none
frontier-run-003446	five-independent-k2-slack_three-0	distinct	replay	3	SSSSS	0	none
frontier-run-003447	five-independent-k2-slack_three-0	distinct	replay	3	SSSSFS	0	none
frontier-run-003448	five-independent-k2-slack_three-0	distinct	replay	3	SSSSFFS	0	none
frontier-run-003449	five-independent-k2-slack_three-0	distinct	replay	3	SSSSFFFS	0	none
frontier-run-003450	five-independent-k2-slack_three-0	distinct	replay	3	SSSFSS	0	none
frontier-run-003451	five-independent-k2-slack_three-0	distinct	replay	3	SSSFSFS	0	none
frontier-run-003452	five-independent-k2-slack_three-0	distinct	replay	3	SSSFSFFS	0	none
frontier-run-003453	five-independent-k2-slack_three-0	distinct	replay	3	SSSFFSS	0	none
frontier-run-003454	five-independent-k2-slack_three-0	distinct	replay	3	SSSFFSFS	0	none
frontier-run-003455	five-independent-k2-slack_three-0	distinct	replay	3	SSSFFFSS	0	none
frontier-run-003456	five-independent-k2-slack_three-0	distinct	replay	3	SSFSSS	0	none
frontier-run-003457	five-independent-k2-slack_three-0	distinct	replay	3	SSFSSFS	0	none
frontier-run-003458	five-independent-k2-slack_three-0	distinct	replay	3	SSFSSFFS	0	none
frontier-run-003459	five-independent-k2-slack_three-0	distinct	replay	3	SSFSFSS	0	none
frontier-run-003460	five-independent-k2-slack_three-0	distinct	replay	3	SSFSFSFS	0	none
frontier-run-003461	five-independent-k2-slack_three-0	distinct	replay	3	SSFSFFSS	0	none
frontier-run-003462	five-independent-k2-slack_three-0	distinct	replay	3	SSFFSSS	0	none
frontier-run-003463	five-independent-k2-slack_three-0	distinct	replay	3	SSFFSSFS	0	none
frontier-run-003464	five-independent-k2-slack_three-0	distinct	replay	3	SSFFSFSS	0	none
frontier-run-003465	five-independent-k2-slack_three-0	distinct	replay	3	SSFFFSSS	0	none
frontier-run-003466	five-independent-k2-slack_three-0	distinct	replay	3	SFSSSS	0	none
frontier-run-003467	five-independent-k2-slack_three-0	distinct	replay	3	SFSSSFS	0	none
frontier-run-003468	five-independent-k2-slack_three-0	distinct	replay	3	SFSSSFFS	0	none
frontier-run-003469	five-independent-k2-slack_three-0	distinct	replay	3	SFSSFSS	0	none
frontier-run-003470	five-independent-k2-slack_three-0	distinct	replay	3	SFSSFSFS	0	none
frontier-run-003471	five-independent-k2-slack_three-0	distinct	replay	3	SFSSFFSS	0	none
frontier-run-003472	five-independent-k2-slack_three-0	distinct	replay	3	SFSFSSS	0	none
frontier-run-003473	five-independent-k2-slack_three-0	distinct	replay	3	SFSFSSFS	0	none
frontier-run-003474	five-independent-k2-slack_three-0	distinct	replay	3	SFSFSFSS	0	none
frontier-run-003475	five-independent-k2-slack_three-0	distinct	replay	3	SFSFFSSS	0	none
frontier-run-003476	five-independent-k2-slack_three-0	distinct	replay	3	SFFSSSS	0	none
frontier-run-003477	five-independent-k2-slack_three-0	distinct	replay	3	SFFSSSFS	0	none
frontier-run-003478	five-independent-k2-slack_three-0	distinct	replay	3	SFFSSFSS	0	none
frontier-run-003479	five-independent-k2-slack_three-0	distinct	replay	3	SFFSFSSS	0	none
frontier-run-003480	five-independent-k2-slack_three-0	distinct	replay	3	SFFFSSSS	0	none
frontier-run-003481	five-independent-k2-slack_three-0	distinct	replay	3	FSSSSS	0	none
frontier-run-003482	five-independent-k2-slack_three-0	distinct	replay	3	FSSSSFS	0	none
frontier-run-003483	five-independent-k2-slack_three-0	distinct	replay	3	FSSSSFFS	0	none
frontier-run-003484	five-independent-k2-slack_three-0	distinct	replay	3	FSSSFSS	0	none
frontier-run-003485	five-independent-k2-slack_three-0	distinct	replay	3	FSSSFSFS	0	none
frontier-run-003486	five-independent-k2-slack_three-0	distinct	replay	3	FSSSFFSS	0	none
frontier-run-003487	five-independent-k2-slack_three-0	distinct	replay	3	FSSFSSS	0	none
frontier-run-003488	five-independent-k2-slack_three-0	distinct	replay	3	FSSFSSFS	0	none
frontier-run-003489	five-independent-k2-slack_three-0	distinct	replay	3	FSSFSFSS	0	none
frontier-run-003490	five-independent-k2-slack_three-0	distinct	replay	3	FSSFFSSS	0	none
frontier-run-003491	five-independent-k2-slack_three-0	distinct	replay	3	FSFSSSS	0	none
frontier-run-003492	five-independent-k2-slack_three-0	distinct	replay	3	FSFSSSFS	0	none
frontier-run-003493	five-independent-k2-slack_three-0	distinct	replay	3	FSFSSFSS	0	none
frontier-run-003494	five-independent-k2-slack_three-0	distinct	replay	3	FSFSFSSS	0	none
frontier-run-003495	five-independent-k2-slack_three-0	distinct	replay	3	FSFFSSSS	0	none
frontier-run-003496	five-independent-k2-slack_three-0	distinct	replay	3	FFSSSSS	0	none
frontier-run-003497	five-independent-k2-slack_three-0	distinct	replay	3	FFSSSSFS	0	none
frontier-run-003498	five-independent-k2-slack_three-0	distinct	replay	3	FFSSSFSS	0	none
frontier-run-003499	five-independent-k2-slack_three-0	distinct	replay	3	FFSSFSSS	0	none
frontier-run-003500	five-independent-k2-slack_three-0	distinct	replay	3	FFSFSSSS	0	none
frontier-run-003501	five-independent-k2-slack_three-0	distinct	replay	3	FFFSSSSS	0	none
frontier-run-003502	five-independent-k2-slack_three-0	colliding	replay	3	SSSSS	0	none
frontier-run-003503	five-independent-k2-slack_three-0	colliding	replay	3	SSSSFS	0	none
frontier-run-003504	five-independent-k2-slack_three-0	colliding	replay	3	SSSSFFS	0	none
frontier-run-003505	five-independent-k2-slack_three-0	colliding	replay	3	SSSSFFFS	0	none
frontier-run-003506	five-independent-k2-slack_three-0	colliding	replay	3	SSSFSS	0	none
frontier-run-003507	five-independent-k2-slack_three-0	colliding	replay	3	SSSFSFS	0	none
frontier-run-003508	five-independent-k2-slack_three-0	colliding	replay	3	SSSFSFFS	0	none
frontier-run-003509	five-independent-k2-slack_three-0	colliding	replay	3	SSSFFSS	0	none
frontier-run-003510	five-independent-k2-slack_three-0	colliding	replay	3	SSSFFSFS	0	none
frontier-run-003511	five-independent-k2-slack_three-0	colliding	replay	3	SSSFFFSS	0	none
frontier-run-003512	five-independent-k2-slack_three-0	colliding	replay	3	SSFSSS	0	none
frontier-run-003513	five-independent-k2-slack_three-0	colliding	replay	3	SSFSSFS	0	none
frontier-run-003514	five-independent-k2-slack_three-0	colliding	replay	3	SSFSSFFS	0	none
frontier-run-003515	five-independent-k2-slack_three-0	colliding	replay	3	SSFSFSS	0	none
frontier-run-003516	five-independent-k2-slack_three-0	colliding	replay	3	SSFSFSFS	0	none
frontier-run-003517	five-independent-k2-slack_three-0	colliding	replay	3	SSFSFFSS	0	none
frontier-run-003518	five-independent-k2-slack_three-0	colliding	replay	3	SSFFSSS	0	none
frontier-run-003519	five-independent-k2-slack_three-0	colliding	replay	3	SSFFSSFS	0	none
frontier-run-003520	five-independent-k2-slack_three-0	colliding	replay	3	SSFFSFSS	0	none
frontier-run-003521	five-independent-k2-slack_three-0	colliding	replay	3	SSFFFSSS	0	none
frontier-run-003522	five-independent-k2-slack_three-0	colliding	replay	3	SFSSSS	0	none
frontier-run-003523	five-independent-k2-slack_three-0	colliding	replay	3	SFSSSFS	0	none
frontier-run-003524	five-independent-k2-slack_three-0	colliding	replay	3	SFSSSFFS	0	none
frontier-run-003525	five-independent-k2-slack_three-0	colliding	replay	3	SFSSFSS	0	none
frontier-run-003526	five-independent-k2-slack_three-0	colliding	replay	3	SFSSFSFS	0	none
frontier-run-003527	five-independent-k2-slack_three-0	colliding	replay	3	SFSSFFSS	0	none
frontier-run-003528	five-independent-k2-slack_three-0	colliding	replay	3	SFSFSSS	0	none
frontier-run-003529	five-independent-k2-slack_three-0	colliding	replay	3	SFSFSSFS	0	none
frontier-run-003530	five-independent-k2-slack_three-0	colliding	replay	3	SFSFSFSS	0	none
frontier-run-003531	five-independent-k2-slack_three-0	colliding	replay	3	SFSFFSSS	0	none
frontier-run-003532	five-independent-k2-slack_three-0	colliding	replay	3	SFFSSSS	0	none
frontier-run-003533	five-independent-k2-slack_three-0	colliding	replay	3	SFFSSSFS	0	none
frontier-run-003534	five-independent-k2-slack_three-0	colliding	replay	3	SFFSSFSS	0	none
frontier-run-003535	five-independent-k2-slack_three-0	colliding	replay	3	SFFSFSSS	0	none
frontier-run-003536	five-independent-k2-slack_three-0	colliding	replay	3	SFFFSSSS	0	none
frontier-run-003537	five-independent-k2-slack_three-0	colliding	replay	3	FSSSSS	0	none
frontier-run-003538	five-independent-k2-slack_three-0	colliding	replay	3	FSSSSFS	0	none
frontier-run-003539	five-independent-k2-slack_three-0	colliding	replay	3	FSSSSFFS	0	none
frontier-run-003540	five-independent-k2-slack_three-0	colliding	replay	3	FSSSFSS	0	none
frontier-run-003541	five-independent-k2-slack_three-0	colliding	replay	3	FSSSFSFS	0	none
frontier-run-003542	five-independent-k2-slack_three-0	colliding	replay	3	FSSSFFSS	0	none
frontier-run-003543	five-independent-k2-slack_three-0	colliding	replay	3	FSSFSSS	0	none
frontier-run-003544	five-independent-k2-slack_three-0	colliding	replay	3	FSSFSSFS	0	none
frontier-run-003545	five-independent-k2-slack_three-0	colliding	replay	3	FSSFSFSS	0	none
frontier-run-003546	five-independent-k2-slack_three-0	colliding	replay	3	FSSFFSSS	0	none
frontier-run-003547	five-independent-k2-slack_three-0	colliding	replay	3	FSFSSSS	0	none
frontier-run-003548	five-independent-k2-slack_three-0	colliding	replay	3	FSFSSSFS	0	none
frontier-run-003549	five-independent-k2-slack_three-0	colliding	replay	3	FSFSSFSS	0	none
frontier-run-003550	five-independent-k2-slack_three-0	colliding	replay	3	FSFSFSSS	0	none
frontier-run-003551	five-independent-k2-slack_three-0	colliding	replay	3	FSFFSSSS	0	none
frontier-run-003552	five-independent-k2-slack_three-0	colliding	replay	3	FFSSSSS	0	none
frontier-run-003553	five-independent-k2-slack_three-0	colliding	replay	3	FFSSSSFS	0	none
frontier-run-003554	five-independent-k2-slack_three-0	colliding	replay	3	FFSSSFSS	0	none
frontier-run-003555	five-independent-k2-slack_three-0	colliding	replay	3	FFSSFSSS	0	none
frontier-run-003556	five-independent-k2-slack_three-0	colliding	replay	3	FFSFSSSS	0	none
frontier-run-003557	five-independent-k2-slack_three-0	colliding	replay	3	FFFSSSSS	0	none
frontier-run-003558	five-independent-k2-slack_three-0	distinct	concurrent	3	-	11	none
frontier-run-003559	five-independent-k2-slack_three-0	distinct	concurrent	3	-	23	none
frontier-run-003560	five-independent-k2-slack_three-0	colliding	concurrent	3	-	11	none
frontier-run-003561	five-independent-k2-slack_three-0	colliding	concurrent	3	-	23	none
frontier-run-003562	five-independent-k2-slack_three-1	distinct	replay	0	SSSSS	0	none
frontier-run-003563	five-independent-k2-slack_three-1	colliding	replay	0	SSSSS	0	none
frontier-run-003564	five-independent-k2-slack_three-1	distinct	replay	1	SSSSS	0	none
frontier-run-003565	five-independent-k2-slack_three-1	distinct	replay	1	SSSSF	0	none
frontier-run-003566	five-independent-k2-slack_three-1	distinct	replay	1	SSSFS	0	none
frontier-run-003567	five-independent-k2-slack_three-1	distinct	replay	1	SSFSS	0	none
frontier-run-003568	five-independent-k2-slack_three-1	distinct	replay	1	SFSSS	0	none
frontier-run-003569	five-independent-k2-slack_three-1	distinct	replay	1	FSSSS	0	none
frontier-run-003570	five-independent-k2-slack_three-1	colliding	replay	1	SSSSS	0	none
frontier-run-003571	five-independent-k2-slack_three-1	colliding	replay	1	SSSSF	0	none
frontier-run-003572	five-independent-k2-slack_three-1	colliding	replay	1	SSSFS	0	none
frontier-run-003573	five-independent-k2-slack_three-1	colliding	replay	1	SSFSS	0	none
frontier-run-003574	five-independent-k2-slack_three-1	colliding	replay	1	SFSSS	0	none
frontier-run-003575	five-independent-k2-slack_three-1	colliding	replay	1	FSSSS	0	none
frontier-run-003576	five-independent-k2-slack_three-1	distinct	replay	2	SSSSS	0	none
frontier-run-003577	five-independent-k2-slack_three-1	distinct	replay	2	SSSSFS	0	none
frontier-run-003578	five-independent-k2-slack_three-1	distinct	replay	2	SSSSFF	0	none
frontier-run-003579	five-independent-k2-slack_three-1	distinct	replay	2	SSSFSS	0	none
frontier-run-003580	five-independent-k2-slack_three-1	distinct	replay	2	SSSFSF	0	none
frontier-run-003581	five-independent-k2-slack_three-1	distinct	replay	2	SSSFFS	0	none
frontier-run-003582	five-independent-k2-slack_three-1	distinct	replay	2	SSFSSS	0	none
frontier-run-003583	five-independent-k2-slack_three-1	distinct	replay	2	SSFSSF	0	none
frontier-run-003584	five-independent-k2-slack_three-1	distinct	replay	2	SSFSFS	0	none
frontier-run-003585	five-independent-k2-slack_three-1	distinct	replay	2	SSFFSS	0	none
frontier-run-003586	five-independent-k2-slack_three-1	distinct	replay	2	SFSSSS	0	none
frontier-run-003587	five-independent-k2-slack_three-1	distinct	replay	2	SFSSSF	0	none
frontier-run-003588	five-independent-k2-slack_three-1	distinct	replay	2	SFSSFS	0	none
frontier-run-003589	five-independent-k2-slack_three-1	distinct	replay	2	SFSFSS	0	none
frontier-run-003590	five-independent-k2-slack_three-1	distinct	replay	2	SFFSSS	0	none
frontier-run-003591	five-independent-k2-slack_three-1	distinct	replay	2	FSSSSS	0	none
frontier-run-003592	five-independent-k2-slack_three-1	distinct	replay	2	FSSSSF	0	none
frontier-run-003593	five-independent-k2-slack_three-1	distinct	replay	2	FSSSFS	0	none
frontier-run-003594	five-independent-k2-slack_three-1	distinct	replay	2	FSSFSS	0	none
frontier-run-003595	five-independent-k2-slack_three-1	distinct	replay	2	FSFSSS	0	none
frontier-run-003596	five-independent-k2-slack_three-1	distinct	replay	2	FFSSSS	0	none
frontier-run-003597	five-independent-k2-slack_three-1	colliding	replay	2	SSSSS	0	none
frontier-run-003598	five-independent-k2-slack_three-1	colliding	replay	2	SSSSFS	0	none
frontier-run-003599	five-independent-k2-slack_three-1	colliding	replay	2	SSSSFF	0	none
frontier-run-003600	five-independent-k2-slack_three-1	colliding	replay	2	SSSFSS	0	none
frontier-run-003601	five-independent-k2-slack_three-1	colliding	replay	2	SSSFSF	0	none
frontier-run-003602	five-independent-k2-slack_three-1	colliding	replay	2	SSSFFS	0	none
frontier-run-003603	five-independent-k2-slack_three-1	colliding	replay	2	SSFSSS	0	none
frontier-run-003604	five-independent-k2-slack_three-1	colliding	replay	2	SSFSSF	0	none
frontier-run-003605	five-independent-k2-slack_three-1	colliding	replay	2	SSFSFS	0	none
frontier-run-003606	five-independent-k2-slack_three-1	colliding	replay	2	SSFFSS	0	none
frontier-run-003607	five-independent-k2-slack_three-1	colliding	replay	2	SFSSSS	0	none
frontier-run-003608	five-independent-k2-slack_three-1	colliding	replay	2	SFSSSF	0	none
frontier-run-003609	five-independent-k2-slack_three-1	colliding	replay	2	SFSSFS	0	none
frontier-run-003610	five-independent-k2-slack_three-1	colliding	replay	2	SFSFSS	0	none
frontier-run-003611	five-independent-k2-slack_three-1	colliding	replay	2	SFFSSS	0	none
frontier-run-003612	five-independent-k2-slack_three-1	colliding	replay	2	FSSSSS	0	none
frontier-run-003613	five-independent-k2-slack_three-1	colliding	replay	2	FSSSSF	0	none
frontier-run-003614	five-independent-k2-slack_three-1	colliding	replay	2	FSSSFS	0	none
frontier-run-003615	five-independent-k2-slack_three-1	colliding	replay	2	FSSFSS	0	none
frontier-run-003616	five-independent-k2-slack_three-1	colliding	replay	2	FSFSSS	0	none
frontier-run-003617	five-independent-k2-slack_three-1	colliding	replay	2	FFSSSS	0	none
frontier-run-003618	five-independent-k2-slack_three-1	distinct	replay	3	SSSSS	0	none
frontier-run-003619	five-independent-k2-slack_three-1	distinct	replay	3	SSSSFS	0	none
frontier-run-003620	five-independent-k2-slack_three-1	distinct	replay	3	SSSSFFS	0	none
frontier-run-003621	five-independent-k2-slack_three-1	distinct	replay	3	SSSSFFF	0	none
frontier-run-003622	five-independent-k2-slack_three-1	distinct	replay	3	SSSFSS	0	none
frontier-run-003623	five-independent-k2-slack_three-1	distinct	replay	3	SSSFSFS	0	none
frontier-run-003624	five-independent-k2-slack_three-1	distinct	replay	3	SSSFSFF	0	none
frontier-run-003625	five-independent-k2-slack_three-1	distinct	replay	3	SSSFFSS	0	none
frontier-run-003626	five-independent-k2-slack_three-1	distinct	replay	3	SSSFFSF	0	none
frontier-run-003627	five-independent-k2-slack_three-1	distinct	replay	3	SSSFFFS	0	none
frontier-run-003628	five-independent-k2-slack_three-1	distinct	replay	3	SSFSSS	0	none
frontier-run-003629	five-independent-k2-slack_three-1	distinct	replay	3	SSFSSFS	0	none
frontier-run-003630	five-independent-k2-slack_three-1	distinct	replay	3	SSFSSFF	0	none
frontier-run-003631	five-independent-k2-slack_three-1	distinct	replay	3	SSFSFSS	0	none
frontier-run-003632	five-independent-k2-slack_three-1	distinct	replay	3	SSFSFSF	0	none
frontier-run-003633	five-independent-k2-slack_three-1	distinct	replay	3	SSFSFFS	0	none
frontier-run-003634	five-independent-k2-slack_three-1	distinct	replay	3	SSFFSSS	0	none
frontier-run-003635	five-independent-k2-slack_three-1	distinct	replay	3	SSFFSSF	0	none
frontier-run-003636	five-independent-k2-slack_three-1	distinct	replay	3	SSFFSFS	0	none
frontier-run-003637	five-independent-k2-slack_three-1	distinct	replay	3	SSFFFSS	0	none
frontier-run-003638	five-independent-k2-slack_three-1	distinct	replay	3	SFSSSS	0	none
frontier-run-003639	five-independent-k2-slack_three-1	distinct	replay	3	SFSSSFS	0	none
frontier-run-003640	five-independent-k2-slack_three-1	distinct	replay	3	SFSSSFF	0	none
frontier-run-003641	five-independent-k2-slack_three-1	distinct	replay	3	SFSSFSS	0	none
frontier-run-003642	five-independent-k2-slack_three-1	distinct	replay	3	SFSSFSF	0	none
frontier-run-003643	five-independent-k2-slack_three-1	distinct	replay	3	SFSSFFS	0	none
frontier-run-003644	five-independent-k2-slack_three-1	distinct	replay	3	SFSFSSS	0	none
frontier-run-003645	five-independent-k2-slack_three-1	distinct	replay	3	SFSFSSF	0	none
frontier-run-003646	five-independent-k2-slack_three-1	distinct	replay	3	SFSFSFS	0	none
frontier-run-003647	five-independent-k2-slack_three-1	distinct	replay	3	SFSFFSS	0	none
frontier-run-003648	five-independent-k2-slack_three-1	distinct	replay	3	SFFSSSS	0	none
frontier-run-003649	five-independent-k2-slack_three-1	distinct	replay	3	SFFSSSF	0	none
frontier-run-003650	five-independent-k2-slack_three-1	distinct	replay	3	SFFSSFS	0	none
frontier-run-003651	five-independent-k2-slack_three-1	distinct	replay	3	SFFSFSS	0	none
frontier-run-003652	five-independent-k2-slack_three-1	distinct	replay	3	SFFFSSS	0	none
frontier-run-003653	five-independent-k2-slack_three-1	distinct	replay	3	FSSSSS	0	none
frontier-run-003654	five-independent-k2-slack_three-1	distinct	replay	3	FSSSSFS	0	none
frontier-run-003655	five-independent-k2-slack_three-1	distinct	replay	3	FSSSSFF	0	none
frontier-run-003656	five-independent-k2-slack_three-1	distinct	replay	3	FSSSFSS	0	none
frontier-run-003657	five-independent-k2-slack_three-1	distinct	replay	3	FSSSFSF	0	none
frontier-run-003658	five-independent-k2-slack_three-1	distinct	replay	3	FSSSFFS	0	none
frontier-run-003659	five-independent-k2-slack_three-1	distinct	replay	3	FSSFSSS	0	none
frontier-run-003660	five-independent-k2-slack_three-1	distinct	replay	3	FSSFSSF	0	none
frontier-run-003661	five-independent-k2-slack_three-1	distinct	replay	3	FSSFSFS	0	none
frontier-run-003662	five-independent-k2-slack_three-1	distinct	replay	3	FSSFFSS	0	none
frontier-run-003663	five-independent-k2-slack_three-1	distinct	replay	3	FSFSSSS	0	none
frontier-run-003664	five-independent-k2-slack_three-1	distinct	replay	3	FSFSSSF	0	none
frontier-run-003665	five-independent-k2-slack_three-1	distinct	replay	3	FSFSSFS	0	none
frontier-run-003666	five-independent-k2-slack_three-1	distinct	replay	3	FSFSFSS	0	none
frontier-run-003667	five-independent-k2-slack_three-1	distinct	replay	3	FSFFSSS	0	none
frontier-run-003668	five-independent-k2-slack_three-1	distinct	replay	3	FFSSSSS	0	none
frontier-run-003669	five-independent-k2-slack_three-1	distinct	replay	3	FFSSSSF	0	none
frontier-run-003670	five-independent-k2-slack_three-1	distinct	replay	3	FFSSSFS	0	none
frontier-run-003671	five-independent-k2-slack_three-1	distinct	replay	3	FFSSFSS	0	none
frontier-run-003672	five-independent-k2-slack_three-1	distinct	replay	3	FFSFSSS	0	none
frontier-run-003673	five-independent-k2-slack_three-1	distinct	replay	3	FFFSSSS	0	none
frontier-run-003674	five-independent-k2-slack_three-1	colliding	replay	3	SSSSS	0	none
frontier-run-003675	five-independent-k2-slack_three-1	colliding	replay	3	SSSSFS	0	none
frontier-run-003676	five-independent-k2-slack_three-1	colliding	replay	3	SSSSFFS	0	none
frontier-run-003677	five-independent-k2-slack_three-1	colliding	replay	3	SSSSFFF	0	none
frontier-run-003678	five-independent-k2-slack_three-1	colliding	replay	3	SSSFSS	0	none
frontier-run-003679	five-independent-k2-slack_three-1	colliding	replay	3	SSSFSFS	0	none
frontier-run-003680	five-independent-k2-slack_three-1	colliding	replay	3	SSSFSFF	0	none
frontier-run-003681	five-independent-k2-slack_three-1	colliding	replay	3	SSSFFSS	0	none
frontier-run-003682	five-independent-k2-slack_three-1	colliding	replay	3	SSSFFSF	0	none
frontier-run-003683	five-independent-k2-slack_three-1	colliding	replay	3	SSSFFFS	0	none
frontier-run-003684	five-independent-k2-slack_three-1	colliding	replay	3	SSFSSS	0	none
frontier-run-003685	five-independent-k2-slack_three-1	colliding	replay	3	SSFSSFS	0	none
frontier-run-003686	five-independent-k2-slack_three-1	colliding	replay	3	SSFSSFF	0	none
frontier-run-003687	five-independent-k2-slack_three-1	colliding	replay	3	SSFSFSS	0	none
frontier-run-003688	five-independent-k2-slack_three-1	colliding	replay	3	SSFSFSF	0	none
frontier-run-003689	five-independent-k2-slack_three-1	colliding	replay	3	SSFSFFS	0	none
frontier-run-003690	five-independent-k2-slack_three-1	colliding	replay	3	SSFFSSS	0	none
frontier-run-003691	five-independent-k2-slack_three-1	colliding	replay	3	SSFFSSF	0	none
frontier-run-003692	five-independent-k2-slack_three-1	colliding	replay	3	SSFFSFS	0	none
frontier-run-003693	five-independent-k2-slack_three-1	colliding	replay	3	SSFFFSS	0	none
frontier-run-003694	five-independent-k2-slack_three-1	colliding	replay	3	SFSSSS	0	none
frontier-run-003695	five-independent-k2-slack_three-1	colliding	replay	3	SFSSSFS	0	none
frontier-run-003696	five-independent-k2-slack_three-1	colliding	replay	3	SFSSSFF	0	none
frontier-run-003697	five-independent-k2-slack_three-1	colliding	replay	3	SFSSFSS	0	none
frontier-run-003698	five-independent-k2-slack_three-1	colliding	replay	3	SFSSFSF	0	none
frontier-run-003699	five-independent-k2-slack_three-1	colliding	replay	3	SFSSFFS	0	none
frontier-run-003700	five-independent-k2-slack_three-1	colliding	replay	3	SFSFSSS	0	none
frontier-run-003701	five-independent-k2-slack_three-1	colliding	replay	3	SFSFSSF	0	none
frontier-run-003702	five-independent-k2-slack_three-1	colliding	replay	3	SFSFSFS	0	none
frontier-run-003703	five-independent-k2-slack_three-1	colliding	replay	3	SFSFFSS	0	none
frontier-run-003704	five-independent-k2-slack_three-1	colliding	replay	3	SFFSSSS	0	none
frontier-run-003705	five-independent-k2-slack_three-1	colliding	replay	3	SFFSSSF	0	none
frontier-run-003706	five-independent-k2-slack_three-1	colliding	replay	3	SFFSSFS	0	none
frontier-run-003707	five-independent-k2-slack_three-1	colliding	replay	3	SFFSFSS	0	none
frontier-run-003708	five-independent-k2-slack_three-1	colliding	replay	3	SFFFSSS	0	none
frontier-run-003709	five-independent-k2-slack_three-1	colliding	replay	3	FSSSSS	0	none
frontier-run-003710	five-independent-k2-slack_three-1	colliding	replay	3	FSSSSFS	0	none
frontier-run-003711	five-independent-k2-slack_three-1	colliding	replay	3	FSSSSFF	0	none
frontier-run-003712	five-independent-k2-slack_three-1	colliding	replay	3	FSSSFSS	0	none
frontier-run-003713	five-independent-k2-slack_three-1	colliding	replay	3	FSSSFSF	0	none
frontier-run-003714	five-independent-k2-slack_three-1	colliding	replay	3	FSSSFFS	0	none
frontier-run-003715	five-independent-k2-slack_three-1	colliding	replay	3	FSSFSSS	0	none
frontier-run-003716	five-independent-k2-slack_three-1	colliding	replay	3	FSSFSSF	0	none
frontier-run-003717	five-independent-k2-slack_three-1	colliding	replay	3	FSSFSFS	0	none
frontier-run-003718	five-independent-k2-slack_three-1	colliding	replay	3	FSSFFSS	0	none
frontier-run-003719	five-independent-k2-slack_three-1	colliding	replay	3	FSFSSSS	0	none
frontier-run-003720	five-independent-k2-slack_three-1	colliding	replay	3	FSFSSSF	0	none
frontier-run-003721	five-independent-k2-slack_three-1	colliding	replay	3	FSFSSFS	0	none
frontier-run-003722	five-independent-k2-slack_three-1	colliding	replay	3	FSFSFSS	0	none
frontier-run-003723	five-independent-k2-slack_three-1	colliding	replay	3	FSFFSSS	0	none
frontier-run-003724	five-independent-k2-slack_three-1	colliding	replay	3	FFSSSSS	0	none
frontier-run-003725	five-independent-k2-slack_three-1	colliding	replay	3	FFSSSSF	0	none
frontier-run-003726	five-independent-k2-slack_three-1	colliding	replay	3	FFSSSFS	0	none
frontier-run-003727	five-independent-k2-slack_three-1	colliding	replay	3	FFSSFSS	0	none
frontier-run-003728	five-independent-k2-slack_three-1	colliding	replay	3	FFSFSSS	0	none
frontier-run-003729	five-independent-k2-slack_three-1	colliding	replay	3	FFFSSSS	0	none
frontier-run-003730	five-independent-k2-slack_three-1	distinct	concurrent	3	-	11	none
frontier-run-003731	five-independent-k2-slack_three-1	distinct	concurrent	3	-	23	none
frontier-run-003732	five-independent-k2-slack_three-1	colliding	concurrent	3	-	11	none
frontier-run-003733	five-independent-k2-slack_three-1	colliding	concurrent	3	-	23	none
frontier-run-003734	five-independent-k2-slack_three-2	distinct	replay	0	SSSSS	0	none
frontier-run-003735	five-independent-k2-slack_three-2	colliding	replay	0	SSSSS	0	none
frontier-run-003736	five-independent-k2-slack_three-2	distinct	replay	1	SSSSS	0	none
frontier-run-003737	five-independent-k2-slack_three-2	distinct	replay	1	SSSSF	0	none
frontier-run-003738	five-independent-k2-slack_three-2	distinct	replay	1	SSSFS	0	none
frontier-run-003739	five-independent-k2-slack_three-2	distinct	replay	1	SSFSS	0	none
frontier-run-003740	five-independent-k2-slack_three-2	distinct	replay	1	SFSSS	0	none
frontier-run-003741	five-independent-k2-slack_three-2	distinct	replay	1	FSSSS	0	none
frontier-run-003742	five-independent-k2-slack_three-2	colliding	replay	1	SSSSS	0	none
frontier-run-003743	five-independent-k2-slack_three-2	colliding	replay	1	SSSSF	0	none
frontier-run-003744	five-independent-k2-slack_three-2	colliding	replay	1	SSSFS	0	none
frontier-run-003745	five-independent-k2-slack_three-2	colliding	replay	1	SSFSS	0	none
frontier-run-003746	five-independent-k2-slack_three-2	colliding	replay	1	SFSSS	0	none
frontier-run-003747	five-independent-k2-slack_three-2	colliding	replay	1	FSSSS	0	none
frontier-run-003748	five-independent-k2-slack_three-2	distinct	replay	2	SSSSS	0	none
frontier-run-003749	five-independent-k2-slack_three-2	distinct	replay	2	SSSSF	0	none
frontier-run-003750	five-independent-k2-slack_three-2	distinct	replay	2	SSSFS	0	none
frontier-run-003751	five-independent-k2-slack_three-2	distinct	replay	2	SSSFF	0	none
frontier-run-003752	five-independent-k2-slack_three-2	distinct	replay	2	SSFSS	0	none
frontier-run-003753	five-independent-k2-slack_three-2	distinct	replay	2	SSFSF	0	none
frontier-run-003754	five-independent-k2-slack_three-2	distinct	replay	2	SSFFS	0	none
frontier-run-003755	five-independent-k2-slack_three-2	distinct	replay	2	SFSSS	0	none
frontier-run-003756	five-independent-k2-slack_three-2	distinct	replay	2	SFSSF	0	none
frontier-run-003757	five-independent-k2-slack_three-2	distinct	replay	2	SFSFS	0	none
frontier-run-003758	five-independent-k2-slack_three-2	distinct	replay	2	SFFSS	0	none
frontier-run-003759	five-independent-k2-slack_three-2	distinct	replay	2	FSSSS	0	none
frontier-run-003760	five-independent-k2-slack_three-2	distinct	replay	2	FSSSF	0	none
frontier-run-003761	five-independent-k2-slack_three-2	distinct	replay	2	FSSFS	0	none
frontier-run-003762	five-independent-k2-slack_three-2	distinct	replay	2	FSFSS	0	none
frontier-run-003763	five-independent-k2-slack_three-2	distinct	replay	2	FFSSS	0	none
frontier-run-003764	five-independent-k2-slack_three-2	colliding	replay	2	SSSSS	0	none
frontier-run-003765	five-independent-k2-slack_three-2	colliding	replay	2	SSSSF	0	none
frontier-run-003766	five-independent-k2-slack_three-2	colliding	replay	2	SSSFS	0	none
frontier-run-003767	five-independent-k2-slack_three-2	colliding	replay	2	SSSFF	0	none
frontier-run-003768	five-independent-k2-slack_three-2	colliding	replay	2	SSFSS	0	none
frontier-run-003769	five-independent-k2-slack_three-2	colliding	replay	2	SSFSF	0	none
frontier-run-003770	five-independent-k2-slack_three-2	colliding	replay	2	SSFFS	0	none
frontier-run-003771	five-independent-k2-slack_three-2	colliding	replay	2	SFSSS	0	none
frontier-run-003772	five-independent-k2-slack_three-2	colliding	replay	2	SFSSF	0	none
frontier-run-003773	five-independent-k2-slack_three-2	colliding	replay	2	SFSFS	0	none
frontier-run-003774	five-independent-k2-slack_three-2	colliding	replay	2	SFFSS	0	none
frontier-run-003775	five-independent-k2-slack_three-2	colliding	replay	2	FSSSS	0	none
frontier-run-003776	five-independent-k2-slack_three-2	colliding	replay	2	FSSSF	0	none
frontier-run-003777	five-independent-k2-slack_three-2	colliding	replay	2	FSSFS	0	none
frontier-run-003778	five-independent-k2-slack_three-2	colliding	replay	2	FSFSS	0	none
frontier-run-003779	five-independent-k2-slack_three-2	colliding	replay	2	FFSSS	0	none
frontier-run-003780	five-independent-k2-slack_three-2	distinct	replay	3	SSSSS	0	none
frontier-run-003781	five-independent-k2-slack_three-2	distinct	replay	3	SSSSFS	0	none
frontier-run-003782	five-independent-k2-slack_three-2	distinct	replay	3	SSSSFF	0	none
frontier-run-003783	five-independent-k2-slack_three-2	distinct	replay	3	SSSFSS	0	none
frontier-run-003784	five-independent-k2-slack_three-2	distinct	replay	3	SSSFSF	0	none
frontier-run-003785	five-independent-k2-slack_three-2	distinct	replay	3	SSSFFS	0	none
frontier-run-003786	five-independent-k2-slack_three-2	distinct	replay	3	SSSFFF	0	none
frontier-run-003787	five-independent-k2-slack_three-2	distinct	replay	3	SSFSSS	0	none
frontier-run-003788	five-independent-k2-slack_three-2	distinct	replay	3	SSFSSF	0	none
frontier-run-003789	five-independent-k2-slack_three-2	distinct	replay	3	SSFSFS	0	none
frontier-run-003790	five-independent-k2-slack_three-2	distinct	replay	3	SSFSFF	0	none
frontier-run-003791	five-independent-k2-slack_three-2	distinct	replay	3	SSFFSS	0	none
frontier-run-003792	five-independent-k2-slack_three-2	distinct	replay	3	SSFFSF	0	none
frontier-run-003793	five-independent-k2-slack_three-2	distinct	replay	3	SSFFFS	0	none
frontier-run-003794	five-independent-k2-slack_three-2	distinct	replay	3	SFSSSS	0	none
frontier-run-003795	five-independent-k2-slack_three-2	distinct	replay	3	SFSSSF	0	none
frontier-run-003796	five-independent-k2-slack_three-2	distinct	replay	3	SFSSFS	0	none
frontier-run-003797	five-independent-k2-slack_three-2	distinct	replay	3	SFSSFF	0	none
frontier-run-003798	five-independent-k2-slack_three-2	distinct	replay	3	SFSFSS	0	none
frontier-run-003799	five-independent-k2-slack_three-2	distinct	replay	3	SFSFSF	0	none
frontier-run-003800	five-independent-k2-slack_three-2	distinct	replay	3	SFSFFS	0	none
frontier-run-003801	five-independent-k2-slack_three-2	distinct	replay	3	SFFSSS	0	none
frontier-run-003802	five-independent-k2-slack_three-2	distinct	replay	3	SFFSSF	0	none
frontier-run-003803	five-independent-k2-slack_three-2	distinct	replay	3	SFFSFS	0	none
frontier-run-003804	five-independent-k2-slack_three-2	distinct	replay	3	SFFFSS	0	none
frontier-run-003805	five-independent-k2-slack_three-2	distinct	replay	3	FSSSSS	0	none
frontier-run-003806	five-independent-k2-slack_three-2	distinct	replay	3	FSSSSF	0	none
frontier-run-003807	five-independent-k2-slack_three-2	distinct	replay	3	FSSSFS	0	none
frontier-run-003808	five-independent-k2-slack_three-2	distinct	replay	3	FSSSFF	0	none
frontier-run-003809	five-independent-k2-slack_three-2	distinct	replay	3	FSSFSS	0	none
frontier-run-003810	five-independent-k2-slack_three-2	distinct	replay	3	FSSFSF	0	none
frontier-run-003811	five-independent-k2-slack_three-2	distinct	replay	3	FSSFFS	0	none
frontier-run-003812	five-independent-k2-slack_three-2	distinct	replay	3	FSFSSS	0	none
frontier-run-003813	five-independent-k2-slack_three-2	distinct	replay	3	FSFSSF	0	none
frontier-run-003814	five-independent-k2-slack_three-2	distinct	replay	3	FSFSFS	0	none
frontier-run-003815	five-independent-k2-slack_three-2	distinct	replay	3	FSFFSS	0	none
frontier-run-003816	five-independent-k2-slack_three-2	distinct	replay	3	FFSSSS	0	none
frontier-run-003817	five-independent-k2-slack_three-2	distinct	replay	3	FFSSSF	0	none
frontier-run-003818	five-independent-k2-slack_three-2	distinct	replay	3	FFSSFS	0	none
frontier-run-003819	five-independent-k2-slack_three-2	distinct	replay	3	FFSFSS	0	none
frontier-run-003820	five-independent-k2-slack_three-2	distinct	replay	3	FFFSSS	0	none
frontier-run-003821	five-independent-k2-slack_three-2	colliding	replay	3	SSSSS	0	none
frontier-run-003822	five-independent-k2-slack_three-2	colliding	replay	3	SSSSFS	0	none
frontier-run-003823	five-independent-k2-slack_three-2	colliding	replay	3	SSSSFF	0	none
frontier-run-003824	five-independent-k2-slack_three-2	colliding	replay	3	SSSFSS	0	none
frontier-run-003825	five-independent-k2-slack_three-2	colliding	replay	3	SSSFSF	0	none
frontier-run-003826	five-independent-k2-slack_three-2	colliding	replay	3	SSSFFS	0	none
frontier-run-003827	five-independent-k2-slack_three-2	colliding	replay	3	SSSFFF	0	none
frontier-run-003828	five-independent-k2-slack_three-2	colliding	replay	3	SSFSSS	0	none
frontier-run-003829	five-independent-k2-slack_three-2	colliding	replay	3	SSFSSF	0	none
frontier-run-003830	five-independent-k2-slack_three-2	colliding	replay	3	SSFSFS	0	none
frontier-run-003831	five-independent-k2-slack_three-2	colliding	replay	3	SSFSFF	0	none
frontier-run-003832	five-independent-k2-slack_three-2	colliding	replay	3	SSFFSS	0	none
frontier-run-003833	five-independent-k2-slack_three-2	colliding	replay	3	SSFFSF	0	none
frontier-run-003834	five-independent-k2-slack_three-2	colliding	replay	3	SSFFFS	0	none
frontier-run-003835	five-independent-k2-slack_three-2	colliding	replay	3	SFSSSS	0	none
frontier-run-003836	five-independent-k2-slack_three-2	colliding	replay	3	SFSSSF	0	none
frontier-run-003837	five-independent-k2-slack_three-2	colliding	replay	3	SFSSFS	0	none
frontier-run-003838	five-independent-k2-slack_three-2	colliding	replay	3	SFSSFF	0	none
frontier-run-003839	five-independent-k2-slack_three-2	colliding	replay	3	SFSFSS	0	none
frontier-run-003840	five-independent-k2-slack_three-2	colliding	replay	3	SFSFSF	0	none
frontier-run-003841	five-independent-k2-slack_three-2	colliding	replay	3	SFSFFS	0	none
frontier-run-003842	five-independent-k2-slack_three-2	colliding	replay	3	SFFSSS	0	none
frontier-run-003843	five-independent-k2-slack_three-2	colliding	replay	3	SFFSSF	0	none
frontier-run-003844	five-independent-k2-slack_three-2	colliding	replay	3	SFFSFS	0	none
frontier-run-003845	five-independent-k2-slack_three-2	colliding	replay	3	SFFFSS	0	none
frontier-run-003846	five-independent-k2-slack_three-2	colliding	replay	3	FSSSSS	0	none
frontier-run-003847	five-independent-k2-slack_three-2	colliding	replay	3	FSSSSF	0	none
frontier-run-003848	five-independent-k2-slack_three-2	colliding	replay	3	FSSSFS	0	none
frontier-run-003849	five-independent-k2-slack_three-2	colliding	replay	3	FSSSFF	0	none
frontier-run-003850	five-independent-k2-slack_three-2	colliding	replay	3	FSSFSS	0	none
frontier-run-003851	five-independent-k2-slack_three-2	colliding	replay	3	FSSFSF	0	none
frontier-run-003852	five-independent-k2-slack_three-2	colliding	replay	3	FSSFFS	0	none
frontier-run-003853	five-independent-k2-slack_three-2	colliding	replay	3	FSFSSS	0	none
frontier-run-003854	five-independent-k2-slack_three-2	colliding	replay	3	FSFSSF	0	none
frontier-run-003855	five-independent-k2-slack_three-2	colliding	replay	3	FSFSFS	0	none
frontier-run-003856	five-independent-k2-slack_three-2	colliding	replay	3	FSFFSS	0	none
frontier-run-003857	five-independent-k2-slack_three-2	colliding	replay	3	FFSSSS	0	none
frontier-run-003858	five-independent-k2-slack_three-2	colliding	replay	3	FFSSSF	0	none
frontier-run-003859	five-independent-k2-slack_three-2	colliding	replay	3	FFSSFS	0	none
frontier-run-003860	five-independent-k2-slack_three-2	colliding	replay	3	FFSFSS	0	none
frontier-run-003861	five-independent-k2-slack_three-2	colliding	replay	3	FFFSSS	0	none
frontier-run-003862	five-independent-k2-slack_three-2	distinct	concurrent	3	-	11	none
frontier-run-003863	five-independent-k2-slack_three-2	distinct	concurrent	3	-	23	none
frontier-run-003864	five-independent-k2-slack_three-2	colliding	concurrent	3	-	11	none
frontier-run-003865	five-independent-k2-slack_three-2	colliding	concurrent	3	-	23	none
frontier-run-003866	five-independent-k2-slack_three-3	distinct	replay	0	SSSSS	0	none
frontier-run-003867	five-independent-k2-slack_three-3	colliding	replay	0	SSSSS	0	none
frontier-run-003868	five-independent-k2-slack_three-3	distinct	replay	1	SSSSS	0	none
frontier-run-003869	five-independent-k2-slack_three-3	distinct	replay	1	SSSSF	0	none
frontier-run-003870	five-independent-k2-slack_three-3	distinct	replay	1	SSSFS	0	none
frontier-run-003871	five-independent-k2-slack_three-3	distinct	replay	1	SSFSS	0	none
frontier-run-003872	five-independent-k2-slack_three-3	distinct	replay	1	SFSSS	0	none
frontier-run-003873	five-independent-k2-slack_three-3	distinct	replay	1	FSSSS	0	none
frontier-run-003874	five-independent-k2-slack_three-3	colliding	replay	1	SSSSS	0	none
frontier-run-003875	five-independent-k2-slack_three-3	colliding	replay	1	SSSSF	0	none
frontier-run-003876	five-independent-k2-slack_three-3	colliding	replay	1	SSSFS	0	none
frontier-run-003877	five-independent-k2-slack_three-3	colliding	replay	1	SSFSS	0	none
frontier-run-003878	five-independent-k2-slack_three-3	colliding	replay	1	SFSSS	0	none
frontier-run-003879	five-independent-k2-slack_three-3	colliding	replay	1	FSSSS	0	none
frontier-run-003880	five-independent-k2-slack_three-3	distinct	replay	2	SSSSS	0	none
frontier-run-003881	five-independent-k2-slack_three-3	distinct	replay	2	SSSSF	0	none
frontier-run-003882	five-independent-k2-slack_three-3	distinct	replay	2	SSSFS	0	none
frontier-run-003883	five-independent-k2-slack_three-3	distinct	replay	2	SSSFF	0	none
frontier-run-003884	five-independent-k2-slack_three-3	distinct	replay	2	SSFSS	0	none
frontier-run-003885	five-independent-k2-slack_three-3	distinct	replay	2	SSFSF	0	none
frontier-run-003886	five-independent-k2-slack_three-3	distinct	replay	2	SSFFS	0	none
frontier-run-003887	five-independent-k2-slack_three-3	distinct	replay	2	SFSSS	0	none
frontier-run-003888	five-independent-k2-slack_three-3	distinct	replay	2	SFSSF	0	none
frontier-run-003889	five-independent-k2-slack_three-3	distinct	replay	2	SFSFS	0	none
frontier-run-003890	five-independent-k2-slack_three-3	distinct	replay	2	SFFSS	0	none
frontier-run-003891	five-independent-k2-slack_three-3	distinct	replay	2	FSSSS	0	none
frontier-run-003892	five-independent-k2-slack_three-3	distinct	replay	2	FSSSF	0	none
frontier-run-003893	five-independent-k2-slack_three-3	distinct	replay	2	FSSFS	0	none
frontier-run-003894	five-independent-k2-slack_three-3	distinct	replay	2	FSFSS	0	none
frontier-run-003895	five-independent-k2-slack_three-3	distinct	replay	2	FFSSS	0	none
frontier-run-003896	five-independent-k2-slack_three-3	colliding	replay	2	SSSSS	0	none
frontier-run-003897	five-independent-k2-slack_three-3	colliding	replay	2	SSSSF	0	none
frontier-run-003898	five-independent-k2-slack_three-3	colliding	replay	2	SSSFS	0	none
frontier-run-003899	five-independent-k2-slack_three-3	colliding	replay	2	SSSFF	0	none
frontier-run-003900	five-independent-k2-slack_three-3	colliding	replay	2	SSFSS	0	none
frontier-run-003901	five-independent-k2-slack_three-3	colliding	replay	2	SSFSF	0	none
frontier-run-003902	five-independent-k2-slack_three-3	colliding	replay	2	SSFFS	0	none
frontier-run-003903	five-independent-k2-slack_three-3	colliding	replay	2	SFSSS	0	none
frontier-run-003904	five-independent-k2-slack_three-3	colliding	replay	2	SFSSF	0	none
frontier-run-003905	five-independent-k2-slack_three-3	colliding	replay	2	SFSFS	0	none
frontier-run-003906	five-independent-k2-slack_three-3	colliding	replay	2	SFFSS	0	none
frontier-run-003907	five-independent-k2-slack_three-3	colliding	replay	2	FSSSS	0	none
frontier-run-003908	five-independent-k2-slack_three-3	colliding	replay	2	FSSSF	0	none
frontier-run-003909	five-independent-k2-slack_three-3	colliding	replay	2	FSSFS	0	none
frontier-run-003910	five-independent-k2-slack_three-3	colliding	replay	2	FSFSS	0	none
frontier-run-003911	five-independent-k2-slack_three-3	colliding	replay	2	FFSSS	0	none
frontier-run-003912	five-independent-k2-slack_three-3	distinct	replay	3	SSSSS	0	none
frontier-run-003913	five-independent-k2-slack_three-3	distinct	replay	3	SSSSF	0	none
frontier-run-003914	five-independent-k2-slack_three-3	distinct	replay	3	SSSFS	0	none
frontier-run-003915	five-independent-k2-slack_three-3	distinct	replay	3	SSSFF	0	none
frontier-run-003916	five-independent-k2-slack_three-3	distinct	replay	3	SSFSS	0	none
frontier-run-003917	five-independent-k2-slack_three-3	distinct	replay	3	SSFSF	0	none
frontier-run-003918	five-independent-k2-slack_three-3	distinct	replay	3	SSFFS	0	none
frontier-run-003919	five-independent-k2-slack_three-3	distinct	replay	3	SSFFF	0	none
frontier-run-003920	five-independent-k2-slack_three-3	distinct	replay	3	SFSSS	0	none
frontier-run-003921	five-independent-k2-slack_three-3	distinct	replay	3	SFSSF	0	none
frontier-run-003922	five-independent-k2-slack_three-3	distinct	replay	3	SFSFS	0	none
frontier-run-003923	five-independent-k2-slack_three-3	distinct	replay	3	SFSFF	0	none
frontier-run-003924	five-independent-k2-slack_three-3	distinct	replay	3	SFFSS	0	none
frontier-run-003925	five-independent-k2-slack_three-3	distinct	replay	3	SFFSF	0	none
frontier-run-003926	five-independent-k2-slack_three-3	distinct	replay	3	SFFFS	0	none
frontier-run-003927	five-independent-k2-slack_three-3	distinct	replay	3	FSSSS	0	none
frontier-run-003928	five-independent-k2-slack_three-3	distinct	replay	3	FSSSF	0	none
frontier-run-003929	five-independent-k2-slack_three-3	distinct	replay	3	FSSFS	0	none
frontier-run-003930	five-independent-k2-slack_three-3	distinct	replay	3	FSSFF	0	none
frontier-run-003931	five-independent-k2-slack_three-3	distinct	replay	3	FSFSS	0	none
frontier-run-003932	five-independent-k2-slack_three-3	distinct	replay	3	FSFSF	0	none
frontier-run-003933	five-independent-k2-slack_three-3	distinct	replay	3	FSFFS	0	none
frontier-run-003934	five-independent-k2-slack_three-3	distinct	replay	3	FFSSS	0	none
frontier-run-003935	five-independent-k2-slack_three-3	distinct	replay	3	FFSSF	0	none
frontier-run-003936	five-independent-k2-slack_three-3	distinct	replay	3	FFSFS	0	none
frontier-run-003937	five-independent-k2-slack_three-3	distinct	replay	3	FFFSS	0	none
frontier-run-003938	five-independent-k2-slack_three-3	colliding	replay	3	SSSSS	0	none
frontier-run-003939	five-independent-k2-slack_three-3	colliding	replay	3	SSSSF	0	none
frontier-run-003940	five-independent-k2-slack_three-3	colliding	replay	3	SSSFS	0	none
frontier-run-003941	five-independent-k2-slack_three-3	colliding	replay	3	SSSFF	0	none
frontier-run-003942	five-independent-k2-slack_three-3	colliding	replay	3	SSFSS	0	none
frontier-run-003943	five-independent-k2-slack_three-3	colliding	replay	3	SSFSF	0	none
frontier-run-003944	five-independent-k2-slack_three-3	colliding	replay	3	SSFFS	0	none
frontier-run-003945	five-independent-k2-slack_three-3	colliding	replay	3	SSFFF	0	none
frontier-run-003946	five-independent-k2-slack_three-3	colliding	replay	3	SFSSS	0	none
frontier-run-003947	five-independent-k2-slack_three-3	colliding	replay	3	SFSSF	0	none
frontier-run-003948	five-independent-k2-slack_three-3	colliding	replay	3	SFSFS	0	none
frontier-run-003949	five-independent-k2-slack_three-3	colliding	replay	3	SFSFF	0	none
frontier-run-003950	five-independent-k2-slack_three-3	colliding	replay	3	SFFSS	0	none
frontier-run-003951	five-independent-k2-slack_three-3	colliding	replay	3	SFFSF	0	none
frontier-run-003952	five-independent-k2-slack_three-3	colliding	replay	3	SFFFS	0	none
frontier-run-003953	five-independent-k2-slack_three-3	colliding	replay	3	FSSSS	0	none
frontier-run-003954	five-independent-k2-slack_three-3	colliding	replay	3	FSSSF	0	none
frontier-run-003955	five-independent-k2-slack_three-3	colliding	replay	3	FSSFS	0	none
frontier-run-003956	five-independent-k2-slack_three-3	colliding	replay	3	FSSFF	0	none
frontier-run-003957	five-independent-k2-slack_three-3	colliding	replay	3	FSFSS	0	none
frontier-run-003958	five-independent-k2-slack_three-3	colliding	replay	3	FSFSF	0	none
frontier-run-003959	five-independent-k2-slack_three-3	colliding	replay	3	FSFFS	0	none
frontier-run-003960	five-independent-k2-slack_three-3	colliding	replay	3	FFSSS	0	none
frontier-run-003961	five-independent-k2-slack_three-3	colliding	replay	3	FFSSF	0	none
frontier-run-003962	five-independent-k2-slack_three-3	colliding	replay	3	FFSFS	0	none
frontier-run-003963	five-independent-k2-slack_three-3	colliding	replay	3	FFFSS	0	none
frontier-run-003964	five-independent-k2-slack_three-3	distinct	concurrent	3	-	11	none
frontier-run-003965	five-independent-k2-slack_three-3	distinct	concurrent	3	-	23	none
frontier-run-003966	five-independent-k2-slack_three-3	colliding	concurrent	3	-	11	none
frontier-run-003967	five-independent-k2-slack_three-3	colliding	concurrent	3	-	23	none
frontier-run-003968	five-independent-k2-slack_two-0	distinct	replay	0	SSSSS	0	none
frontier-run-003969	five-independent-k2-slack_two-0	colliding	replay	0	SSSSS	0	none
frontier-run-003970	five-independent-k2-slack_two-0	distinct	replay	1	SSSSS	0	none
frontier-run-003971	five-independent-k2-slack_two-0	distinct	replay	1	SSSSFS	0	none
frontier-run-003972	five-independent-k2-slack_two-0	distinct	replay	1	SSSFSS	0	none
frontier-run-003973	five-independent-k2-slack_two-0	distinct	replay	1	SSFSSS	0	none
frontier-run-003974	five-independent-k2-slack_two-0	distinct	replay	1	SFSSSS	0	none
frontier-run-003975	five-independent-k2-slack_two-0	distinct	replay	1	FSSSSS	0	none
frontier-run-003976	five-independent-k2-slack_two-0	colliding	replay	1	SSSSS	0	none
frontier-run-003977	five-independent-k2-slack_two-0	colliding	replay	1	SSSSFS	0	none
frontier-run-003978	five-independent-k2-slack_two-0	colliding	replay	1	SSSFSS	0	none
frontier-run-003979	five-independent-k2-slack_two-0	colliding	replay	1	SSFSSS	0	none
frontier-run-003980	five-independent-k2-slack_two-0	colliding	replay	1	SFSSSS	0	none
frontier-run-003981	five-independent-k2-slack_two-0	colliding	replay	1	FSSSSS	0	none
frontier-run-003982	five-independent-k2-slack_two-0	distinct	replay	2	SSSSS	0	none
frontier-run-003983	five-independent-k2-slack_two-0	distinct	replay	2	SSSSFS	0	none
frontier-run-003984	five-independent-k2-slack_two-0	distinct	replay	2	SSSSFFS	0	none
frontier-run-003985	five-independent-k2-slack_two-0	distinct	replay	2	SSSFSS	0	none
frontier-run-003986	five-independent-k2-slack_two-0	distinct	replay	2	SSSFSFS	0	none
frontier-run-003987	five-independent-k2-slack_two-0	distinct	replay	2	SSSFFSS	0	none
frontier-run-003988	five-independent-k2-slack_two-0	distinct	replay	2	SSFSSS	0	none
frontier-run-003989	five-independent-k2-slack_two-0	distinct	replay	2	SSFSSFS	0	none
frontier-run-003990	five-independent-k2-slack_two-0	distinct	replay	2	SSFSFSS	0	none
frontier-run-003991	five-independent-k2-slack_two-0	distinct	replay	2	SSFFSSS	0	none
frontier-run-003992	five-independent-k2-slack_two-0	distinct	replay	2	SFSSSS	0	none
frontier-run-003993	five-independent-k2-slack_two-0	distinct	replay	2	SFSSSFS	0	none
frontier-run-003994	five-independent-k2-slack_two-0	distinct	replay	2	SFSSFSS	0	none
frontier-run-003995	five-independent-k2-slack_two-0	distinct	replay	2	SFSFSSS	0	none
frontier-run-003996	five-independent-k2-slack_two-0	distinct	replay	2	SFFSSSS	0	none
frontier-run-003997	five-independent-k2-slack_two-0	distinct	replay	2	FSSSSS	0	none
frontier-run-003998	five-independent-k2-slack_two-0	distinct	replay	2	FSSSSFS	0	none
frontier-run-003999	five-independent-k2-slack_two-0	distinct	replay	2	FSSSFSS	0	none
frontier-run-004000	five-independent-k2-slack_two-0	distinct	replay	2	FSSFSSS	0	none
frontier-run-004001	five-independent-k2-slack_two-0	distinct	replay	2	FSFSSSS	0	none
frontier-run-004002	five-independent-k2-slack_two-0	distinct	replay	2	FFSSSSS	0	none
frontier-run-004003	five-independent-k2-slack_two-0	colliding	replay	2	SSSSS	0	none
frontier-run-004004	five-independent-k2-slack_two-0	colliding	replay	2	SSSSFS	0	none
frontier-run-004005	five-independent-k2-slack_two-0	colliding	replay	2	SSSSFFS	0	none
frontier-run-004006	five-independent-k2-slack_two-0	colliding	replay	2	SSSFSS	0	none
frontier-run-004007	five-independent-k2-slack_two-0	colliding	replay	2	SSSFSFS	0	none
frontier-run-004008	five-independent-k2-slack_two-0	colliding	replay	2	SSSFFSS	0	none
frontier-run-004009	five-independent-k2-slack_two-0	colliding	replay	2	SSFSSS	0	none
frontier-run-004010	five-independent-k2-slack_two-0	colliding	replay	2	SSFSSFS	0	none
frontier-run-004011	five-independent-k2-slack_two-0	colliding	replay	2	SSFSFSS	0	none
frontier-run-004012	five-independent-k2-slack_two-0	colliding	replay	2	SSFFSSS	0	none
frontier-run-004013	five-independent-k2-slack_two-0	colliding	replay	2	SFSSSS	0	none
frontier-run-004014	five-independent-k2-slack_two-0	colliding	replay	2	SFSSSFS	0	none
frontier-run-004015	five-independent-k2-slack_two-0	colliding	replay	2	SFSSFSS	0	none
frontier-run-004016	five-independent-k2-slack_two-0	colliding	replay	2	SFSFSSS	0	none
frontier-run-004017	five-independent-k2-slack_two-0	colliding	replay	2	SFFSSSS	0	none
frontier-run-004018	five-independent-k2-slack_two-0	colliding	replay	2	FSSSSS	0	none
frontier-run-004019	five-independent-k2-slack_two-0	colliding	replay	2	FSSSSFS	0	none
frontier-run-004020	five-independent-k2-slack_two-0	colliding	replay	2	FSSSFSS	0	none
frontier-run-004021	five-independent-k2-slack_two-0	colliding	replay	2	FSSFSSS	0	none
frontier-run-004022	five-independent-k2-slack_two-0	colliding	replay	2	FSFSSSS	0	none
frontier-run-004023	five-independent-k2-slack_two-0	colliding	replay	2	FFSSSSS	0	none
frontier-run-004024	five-independent-k2-slack_two-0	distinct	replay	3	SSSSS	0	none
frontier-run-004025	five-independent-k2-slack_two-0	distinct	replay	3	SSSSFS	0	none
frontier-run-004026	five-independent-k2-slack_two-0	distinct	replay	3	SSSSFFS	0	none
frontier-run-004027	five-independent-k2-slack_two-0	distinct	replay	3	SSSSFFFS	0	none
frontier-run-004028	five-independent-k2-slack_two-0	distinct	replay	3	SSSFSS	0	none
frontier-run-004029	five-independent-k2-slack_two-0	distinct	replay	3	SSSFSFS	0	none
frontier-run-004030	five-independent-k2-slack_two-0	distinct	replay	3	SSSFSFFS	0	none
frontier-run-004031	five-independent-k2-slack_two-0	distinct	replay	3	SSSFFSS	0	none
frontier-run-004032	five-independent-k2-slack_two-0	distinct	replay	3	SSSFFSFS	0	none
frontier-run-004033	five-independent-k2-slack_two-0	distinct	replay	3	SSSFFFSS	0	none
frontier-run-004034	five-independent-k2-slack_two-0	distinct	replay	3	SSFSSS	0	none
frontier-run-004035	five-independent-k2-slack_two-0	distinct	replay	3	SSFSSFS	0	none
frontier-run-004036	five-independent-k2-slack_two-0	distinct	replay	3	SSFSSFFS	0	none
frontier-run-004037	five-independent-k2-slack_two-0	distinct	replay	3	SSFSFSS	0	none
frontier-run-004038	five-independent-k2-slack_two-0	distinct	replay	3	SSFSFSFS	0	none
frontier-run-004039	five-independent-k2-slack_two-0	distinct	replay	3	SSFSFFSS	0	none
frontier-run-004040	five-independent-k2-slack_two-0	distinct	replay	3	SSFFSSS	0	none
frontier-run-004041	five-independent-k2-slack_two-0	distinct	replay	3	SSFFSSFS	0	none
frontier-run-004042	five-independent-k2-slack_two-0	distinct	replay	3	SSFFSFSS	0	none
frontier-run-004043	five-independent-k2-slack_two-0	distinct	replay	3	SSFFFSSS	0	none
frontier-run-004044	five-independent-k2-slack_two-0	distinct	replay	3	SFSSSS	0	none
frontier-run-004045	five-independent-k2-slack_two-0	distinct	replay	3	SFSSSFS	0	none
frontier-run-004046	five-independent-k2-slack_two-0	distinct	replay	3	SFSSSFFS	0	none
frontier-run-004047	five-independent-k2-slack_two-0	distinct	replay	3	SFSSFSS	0	none
frontier-run-004048	five-independent-k2-slack_two-0	distinct	replay	3	SFSSFSFS	0	none
frontier-run-004049	five-independent-k2-slack_two-0	distinct	replay	3	SFSSFFSS	0	none
frontier-run-004050	five-independent-k2-slack_two-0	distinct	replay	3	SFSFSSS	0	none
frontier-run-004051	five-independent-k2-slack_two-0	distinct	replay	3	SFSFSSFS	0	none
frontier-run-004052	five-independent-k2-slack_two-0	distinct	replay	3	SFSFSFSS	0	none
frontier-run-004053	five-independent-k2-slack_two-0	distinct	replay	3	SFSFFSSS	0	none
frontier-run-004054	five-independent-k2-slack_two-0	distinct	replay	3	SFFSSSS	0	none
frontier-run-004055	five-independent-k2-slack_two-0	distinct	replay	3	SFFSSSFS	0	none
frontier-run-004056	five-independent-k2-slack_two-0	distinct	replay	3	SFFSSFSS	0	none
frontier-run-004057	five-independent-k2-slack_two-0	distinct	replay	3	SFFSFSSS	0	none
frontier-run-004058	five-independent-k2-slack_two-0	distinct	replay	3	SFFFSSSS	0	none
frontier-run-004059	five-independent-k2-slack_two-0	distinct	replay	3	FSSSSS	0	none
frontier-run-004060	five-independent-k2-slack_two-0	distinct	replay	3	FSSSSFS	0	none
frontier-run-004061	five-independent-k2-slack_two-0	distinct	replay	3	FSSSSFFS	0	none
frontier-run-004062	five-independent-k2-slack_two-0	distinct	replay	3	FSSSFSS	0	none
frontier-run-004063	five-independent-k2-slack_two-0	distinct	replay	3	FSSSFSFS	0	none
frontier-run-004064	five-independent-k2-slack_two-0	distinct	replay	3	FSSSFFSS	0	none
frontier-run-004065	five-independent-k2-slack_two-0	distinct	replay	3	FSSFSSS	0	none
frontier-run-004066	five-independent-k2-slack_two-0	distinct	replay	3	FSSFSSFS	0	none
frontier-run-004067	five-independent-k2-slack_two-0	distinct	replay	3	FSSFSFSS	0	none
frontier-run-004068	five-independent-k2-slack_two-0	distinct	replay	3	FSSFFSSS	0	none
frontier-run-004069	five-independent-k2-slack_two-0	distinct	replay	3	FSFSSSS	0	none
frontier-run-004070	five-independent-k2-slack_two-0	distinct	replay	3	FSFSSSFS	0	none
frontier-run-004071	five-independent-k2-slack_two-0	distinct	replay	3	FSFSSFSS	0	none
frontier-run-004072	five-independent-k2-slack_two-0	distinct	replay	3	FSFSFSSS	0	none
frontier-run-004073	five-independent-k2-slack_two-0	distinct	replay	3	FSFFSSSS	0	none
frontier-run-004074	five-independent-k2-slack_two-0	distinct	replay	3	FFSSSSS	0	none
frontier-run-004075	five-independent-k2-slack_two-0	distinct	replay	3	FFSSSSFS	0	none
frontier-run-004076	five-independent-k2-slack_two-0	distinct	replay	3	FFSSSFSS	0	none
frontier-run-004077	five-independent-k2-slack_two-0	distinct	replay	3	FFSSFSSS	0	none
frontier-run-004078	five-independent-k2-slack_two-0	distinct	replay	3	FFSFSSSS	0	none
frontier-run-004079	five-independent-k2-slack_two-0	distinct	replay	3	FFFSSSSS	0	none
frontier-run-004080	five-independent-k2-slack_two-0	colliding	replay	3	SSSSS	0	none
frontier-run-004081	five-independent-k2-slack_two-0	colliding	replay	3	SSSSFS	0	none
frontier-run-004082	five-independent-k2-slack_two-0	colliding	replay	3	SSSSFFS	0	none
frontier-run-004083	five-independent-k2-slack_two-0	colliding	replay	3	SSSSFFFS	0	none
frontier-run-004084	five-independent-k2-slack_two-0	colliding	replay	3	SSSFSS	0	none
frontier-run-004085	five-independent-k2-slack_two-0	colliding	replay	3	SSSFSFS	0	none
frontier-run-004086	five-independent-k2-slack_two-0	colliding	replay	3	SSSFSFFS	0	none
frontier-run-004087	five-independent-k2-slack_two-0	colliding	replay	3	SSSFFSS	0	none
frontier-run-004088	five-independent-k2-slack_two-0	colliding	replay	3	SSSFFSFS	0	none
frontier-run-004089	five-independent-k2-slack_two-0	colliding	replay	3	SSSFFFSS	0	none
frontier-run-004090	five-independent-k2-slack_two-0	colliding	replay	3	SSFSSS	0	none
frontier-run-004091	five-independent-k2-slack_two-0	colliding	replay	3	SSFSSFS	0	none
frontier-run-004092	five-independent-k2-slack_two-0	colliding	replay	3	SSFSSFFS	0	none
frontier-run-004093	five-independent-k2-slack_two-0	colliding	replay	3	SSFSFSS	0	none
frontier-run-004094	five-independent-k2-slack_two-0	colliding	replay	3	SSFSFSFS	0	none
frontier-run-004095	five-independent-k2-slack_two-0	colliding	replay	3	SSFSFFSS	0	none
frontier-run-004096	five-independent-k2-slack_two-0	colliding	replay	3	SSFFSSS	0	none
frontier-run-004097	five-independent-k2-slack_two-0	colliding	replay	3	SSFFSSFS	0	none
frontier-run-004098	five-independent-k2-slack_two-0	colliding	replay	3	SSFFSFSS	0	none
frontier-run-004099	five-independent-k2-slack_two-0	colliding	replay	3	SSFFFSSS	0	none
frontier-run-004100	five-independent-k2-slack_two-0	colliding	replay	3	SFSSSS	0	none
frontier-run-004101	five-independent-k2-slack_two-0	colliding	replay	3	SFSSSFS	0	none
frontier-run-004102	five-independent-k2-slack_two-0	colliding	replay	3	SFSSSFFS	0	none
frontier-run-004103	five-independent-k2-slack_two-0	colliding	replay	3	SFSSFSS	0	none
frontier-run-004104	five-independent-k2-slack_two-0	colliding	replay	3	SFSSFSFS	0	none
frontier-run-004105	five-independent-k2-slack_two-0	colliding	replay	3	SFSSFFSS	0	none
frontier-run-004106	five-independent-k2-slack_two-0	colliding	replay	3	SFSFSSS	0	none
frontier-run-004107	five-independent-k2-slack_two-0	colliding	replay	3	SFSFSSFS	0	none
frontier-run-004108	five-independent-k2-slack_two-0	colliding	replay	3	SFSFSFSS	0	none
frontier-run-004109	five-independent-k2-slack_two-0	colliding	replay	3	SFSFFSSS	0	none
frontier-run-004110	five-independent-k2-slack_two-0	colliding	replay	3	SFFSSSS	0	none
frontier-run-004111	five-independent-k2-slack_two-0	colliding	replay	3	SFFSSSFS	0	none
frontier-run-004112	five-independent-k2-slack_two-0	colliding	replay	3	SFFSSFSS	0	none
frontier-run-004113	five-independent-k2-slack_two-0	colliding	replay	3	SFFSFSSS	0	none
frontier-run-004114	five-independent-k2-slack_two-0	colliding	replay	3	SFFFSSSS	0	none
frontier-run-004115	five-independent-k2-slack_two-0	colliding	replay	3	FSSSSS	0	none
frontier-run-004116	five-independent-k2-slack_two-0	colliding	replay	3	FSSSSFS	0	none
frontier-run-004117	five-independent-k2-slack_two-0	colliding	replay	3	FSSSSFFS	0	none
frontier-run-004118	five-independent-k2-slack_two-0	colliding	replay	3	FSSSFSS	0	none
frontier-run-004119	five-independent-k2-slack_two-0	colliding	replay	3	FSSSFSFS	0	none
frontier-run-004120	five-independent-k2-slack_two-0	colliding	replay	3	FSSSFFSS	0	none
frontier-run-004121	five-independent-k2-slack_two-0	colliding	replay	3	FSSFSSS	0	none
frontier-run-004122	five-independent-k2-slack_two-0	colliding	replay	3	FSSFSSFS	0	none
frontier-run-004123	five-independent-k2-slack_two-0	colliding	replay	3	FSSFSFSS	0	none
frontier-run-004124	five-independent-k2-slack_two-0	colliding	replay	3	FSSFFSSS	0	none
frontier-run-004125	five-independent-k2-slack_two-0	colliding	replay	3	FSFSSSS	0	none
frontier-run-004126	five-independent-k2-slack_two-0	colliding	replay	3	FSFSSSFS	0	none
frontier-run-004127	five-independent-k2-slack_two-0	colliding	replay	3	FSFSSFSS	0	none
frontier-run-004128	five-independent-k2-slack_two-0	colliding	replay	3	FSFSFSSS	0	none
frontier-run-004129	five-independent-k2-slack_two-0	colliding	replay	3	FSFFSSSS	0	none
frontier-run-004130	five-independent-k2-slack_two-0	colliding	replay	3	FFSSSSS	0	none
frontier-run-004131	five-independent-k2-slack_two-0	colliding	replay	3	FFSSSSFS	0	none
frontier-run-004132	five-independent-k2-slack_two-0	colliding	replay	3	FFSSSFSS	0	none
frontier-run-004133	five-independent-k2-slack_two-0	colliding	replay	3	FFSSFSSS	0	none
frontier-run-004134	five-independent-k2-slack_two-0	colliding	replay	3	FFSFSSSS	0	none
frontier-run-004135	five-independent-k2-slack_two-0	colliding	replay	3	FFFSSSSS	0	none
frontier-run-004136	five-independent-k2-slack_two-0	distinct	concurrent	3	-	11	none
frontier-run-004137	five-independent-k2-slack_two-0	distinct	concurrent	3	-	23	none
frontier-run-004138	five-independent-k2-slack_two-0	colliding	concurrent	3	-	11	none
frontier-run-004139	five-independent-k2-slack_two-0	colliding	concurrent	3	-	23	none
frontier-run-004140	five-independent-k2-slack_two-1	distinct	replay	0	SSSSS	0	none
frontier-run-004141	five-independent-k2-slack_two-1	colliding	replay	0	SSSSS	0	none
frontier-run-004142	five-independent-k2-slack_two-1	distinct	replay	1	-	0	none
frontier-run-004143	five-independent-k2-slack_two-1	colliding	replay	1	-	0	none
frontier-run-004144	five-independent-k2-slack_two-1	distinct	replay	2	SSSSS	0	none
frontier-run-004145	five-independent-k2-slack_two-1	distinct	replay	2	SSSSF	0	none
frontier-run-004146	five-independent-k2-slack_two-1	distinct	replay	2	SSSF	0	none
frontier-run-004147	five-independent-k2-slack_two-1	distinct	replay	2	SSF	0	none
frontier-run-004148	five-independent-k2-slack_two-1	distinct	replay	2	SF	0	none
frontier-run-004149	five-independent-k2-slack_two-1	distinct	replay	2	F	0	none
frontier-run-004150	five-independent-k2-slack_two-1	colliding	replay	2	SSSSS	0	none
frontier-run-004151	five-independent-k2-slack_two-1	colliding	replay	2	SSSSF	0	none
frontier-run-004152	five-independent-k2-slack_two-1	colliding	replay	2	SSSF	0	none
frontier-run-004153	five-independent-k2-slack_two-1	colliding	replay	2	SSF	0	none
frontier-run-004154	five-independent-k2-slack_two-1	colliding	replay	2	SF	0	none
frontier-run-004155	five-independent-k2-slack_two-1	colliding	replay	2	F	0	none
frontier-run-004156	five-independent-k2-slack_two-1	distinct	replay	3	SSSSS	0	none
frontier-run-004157	five-independent-k2-slack_two-1	distinct	replay	3	SSSSFS	0	none
frontier-run-004158	five-independent-k2-slack_two-1	distinct	replay	3	SSSSFF	0	none
frontier-run-004159	five-independent-k2-slack_two-1	distinct	replay	3	SSSFSS	0	none
frontier-run-004160	five-independent-k2-slack_two-1	distinct	replay	3	SSSFSF	0	none
frontier-run-004161	five-independent-k2-slack_two-1	distinct	replay	3	SSSFF	0	none
frontier-run-004162	five-independent-k2-slack_two-1	distinct	replay	3	SSFSSS	0	none
frontier-run-004163	five-independent-k2-slack_two-1	distinct	replay	3	SSFSSF	0	none
frontier-run-004164	five-independent-k2-slack_two-1	distinct	replay	3	SSFSF	0	none
frontier-run-004165	five-independent-k2-slack_two-1	distinct	replay	3	SSFF	0	none
frontier-run-004166	five-independent-k2-slack_two-1	distinct	replay	3	SFSSSS	0	none
frontier-run-004167	five-independent-k2-slack_two-1	distinct	replay	3	SFSSSF	0	none
frontier-run-004168	five-independent-k2-slack_two-1	distinct	replay	3	SFSSF	0	none
frontier-run-004169	five-independent-k2-slack_two-1	distinct	replay	3	SFSF	0	none
frontier-run-004170	five-independent-k2-slack_two-1	distinct	replay	3	SFF	0	none
frontier-run-004171	five-independent-k2-slack_two-1	distinct	replay	3	FSSSSS	0	none
frontier-run-004172	five-independent-k2-slack_two-1	distinct	replay	3	FSSSSF	0	none
frontier-run-004173	five-independent-k2-slack_two-1	distinct	replay	3	FSSSF	0	none
frontier-run-004174	five-independent-k2-slack_two-1	distinct	replay	3	FSSF	0	none
frontier-run-004175	five-independent-k2-slack_two-1	distinct	replay	3	FSF	0	none
frontier-run-004176	five-independent-k2-slack_two-1	distinct	replay	3	FF	0	none
frontier-run-004177	five-independent-k2-slack_two-1	colliding	replay	3	SSSSS	0	none
frontier-run-004178	five-independent-k2-slack_two-1	colliding	replay	3	SSSSFS	0	none
frontier-run-004179	five-independent-k2-slack_two-1	colliding	replay	3	SSSSFF	0	none
frontier-run-004180	five-independent-k2-slack_two-1	colliding	replay	3	SSSFSS	0	none
frontier-run-004181	five-independent-k2-slack_two-1	colliding	replay	3	SSSFSF	0	none
frontier-run-004182	five-independent-k2-slack_two-1	colliding	replay	3	SSSFF	0	none
frontier-run-004183	five-independent-k2-slack_two-1	colliding	replay	3	SSFSSS	0	none
frontier-run-004184	five-independent-k2-slack_two-1	colliding	replay	3	SSFSSF	0	none
frontier-run-004185	five-independent-k2-slack_two-1	colliding	replay	3	SSFSF	0	none
frontier-run-004186	five-independent-k2-slack_two-1	colliding	replay	3	SSFF	0	none
frontier-run-004187	five-independent-k2-slack_two-1	colliding	replay	3	SFSSSS	0	none
frontier-run-004188	five-independent-k2-slack_two-1	colliding	replay	3	SFSSSF	0	none
frontier-run-004189	five-independent-k2-slack_two-1	colliding	replay	3	SFSSF	0	none
frontier-run-004190	five-independent-k2-slack_two-1	colliding	replay	3	SFSF	0	none
frontier-run-004191	five-independent-k2-slack_two-1	colliding	replay	3	SFF	0	none
frontier-run-004192	five-independent-k2-slack_two-1	colliding	replay	3	FSSSSS	0	none
frontier-run-004193	five-independent-k2-slack_two-1	colliding	replay	3	FSSSSF	0	none
frontier-run-004194	five-independent-k2-slack_two-1	colliding	replay	3	FSSSF	0	none
frontier-run-004195	five-independent-k2-slack_two-1	colliding	replay	3	FSSF	0	none
frontier-run-004196	five-independent-k2-slack_two-1	colliding	replay	3	FSF	0	none
frontier-run-004197	five-independent-k2-slack_two-1	colliding	replay	3	FF	0	none
frontier-run-004198	five-independent-k2-slack_two-1	distinct	concurrent	3	-	11	none
frontier-run-004199	five-independent-k2-slack_two-1	distinct	concurrent	3	-	23	none
frontier-run-004200	five-independent-k2-slack_two-1	colliding	concurrent	3	-	11	none
frontier-run-004201	five-independent-k2-slack_two-1	colliding	concurrent	3	-	23	none
frontier-run-004202	five-independent-k2-slack_two-2	distinct	replay	0	SSSSS	0	none
frontier-run-004203	five-independent-k2-slack_two-2	colliding	replay	0	SSSSS	0	none
frontier-run-004204	five-independent-k2-slack_two-2	distinct	replay	1	-	0	none
frontier-run-004205	five-independent-k2-slack_two-2	colliding	replay	1	-	0	none
frontier-run-004206	five-independent-k2-slack_two-2	distinct	replay	2	-	0	none
frontier-run-004207	five-independent-k2-slack_two-2	colliding	replay	2	-	0	none
frontier-run-004208	five-independent-k2-slack_two-2	distinct	replay	3	SSSSS	0	none
frontier-run-004209	five-independent-k2-slack_two-2	distinct	replay	3	SSSSF	0	none
frontier-run-004210	five-independent-k2-slack_two-2	distinct	replay	3	SSSF	0	none
frontier-run-004211	five-independent-k2-slack_two-2	distinct	replay	3	SSF	0	none
frontier-run-004212	five-independent-k2-slack_two-2	distinct	replay	3	SF	0	none
frontier-run-004213	five-independent-k2-slack_two-2	distinct	replay	3	F	0	none
frontier-run-004214	five-independent-k2-slack_two-2	colliding	replay	3	SSSSS	0	none
frontier-run-004215	five-independent-k2-slack_two-2	colliding	replay	3	SSSSF	0	none
frontier-run-004216	five-independent-k2-slack_two-2	colliding	replay	3	SSSF	0	none
frontier-run-004217	five-independent-k2-slack_two-2	colliding	replay	3	SSF	0	none
frontier-run-004218	five-independent-k2-slack_two-2	colliding	replay	3	SF	0	none
frontier-run-004219	five-independent-k2-slack_two-2	colliding	replay	3	F	0	none
frontier-run-004220	five-independent-k2-slack_two-2	distinct	concurrent	3	-	11	none
frontier-run-004221	five-independent-k2-slack_two-2	distinct	concurrent	3	-	23	none
frontier-run-004222	five-independent-k2-slack_two-2	colliding	concurrent	3	-	11	none
frontier-run-004223	five-independent-k2-slack_two-2	colliding	concurrent	3	-	23	none
frontier-run-004224	five-independent-k2-slack_two-3	distinct	replay	0	SSSSS	0	none
frontier-run-004225	five-independent-k2-slack_two-3	colliding	replay	0	SSSSS	0	none
frontier-run-004226	five-independent-k2-slack_two-3	distinct	replay	1	-	0	none
frontier-run-004227	five-independent-k2-slack_two-3	colliding	replay	1	-	0	none
frontier-run-004228	five-independent-k2-slack_two-3	distinct	replay	2	-	0	none
frontier-run-004229	five-independent-k2-slack_two-3	colliding	replay	2	-	0	none
frontier-run-004230	five-independent-k2-slack_two-3	distinct	replay	3	-	0	none
frontier-run-004231	five-independent-k2-slack_two-3	colliding	replay	3	-	0	none
frontier-run-004232	five-independent-k2-slack_two-3	distinct	concurrent	3	-	11	none
frontier-run-004233	five-independent-k2-slack_two-3	distinct	concurrent	3	-	23	none
frontier-run-004234	five-independent-k2-slack_two-3	colliding	concurrent	3	-	11	none
frontier-run-004235	five-independent-k2-slack_two-3	colliding	concurrent	3	-	23	none
frontier-run-004236	five-chain-k0-slack_three-0	distinct	replay	0	SSSSS	0	none
frontier-run-004237	five-chain-k0-slack_three-0	colliding	replay	0	SSSSS	0	none
frontier-run-004238	five-chain-k0-slack_three-0	distinct	replay	1	SSSSS	0	none
frontier-run-004239	five-chain-k0-slack_three-0	distinct	replay	1	SSSSFS	0	none
frontier-run-004240	five-chain-k0-slack_three-0	distinct	replay	1	SSSFSS	0	none
frontier-run-004241	five-chain-k0-slack_three-0	distinct	replay	1	SSFSSS	0	none
frontier-run-004242	five-chain-k0-slack_three-0	distinct	replay	1	SFSSSS	0	none
frontier-run-004243	five-chain-k0-slack_three-0	distinct	replay	1	FSSSSS	0	none
frontier-run-004244	five-chain-k0-slack_three-0	colliding	replay	1	SSSSS	0	none
frontier-run-004245	five-chain-k0-slack_three-0	colliding	replay	1	SSSSFS	0	none
frontier-run-004246	five-chain-k0-slack_three-0	colliding	replay	1	SSSFSS	0	none
frontier-run-004247	five-chain-k0-slack_three-0	colliding	replay	1	SSFSSS	0	none
frontier-run-004248	five-chain-k0-slack_three-0	colliding	replay	1	SFSSSS	0	none
frontier-run-004249	five-chain-k0-slack_three-0	colliding	replay	1	FSSSSS	0	none
frontier-run-004250	five-chain-k0-slack_three-0	distinct	replay	2	SSSSS	0	none
frontier-run-004251	five-chain-k0-slack_three-0	distinct	replay	2	SSSSFS	0	none
frontier-run-004252	five-chain-k0-slack_three-0	distinct	replay	2	SSSSFFS	0	none
frontier-run-004253	five-chain-k0-slack_three-0	distinct	replay	2	SSSFSS	0	none
frontier-run-004254	five-chain-k0-slack_three-0	distinct	replay	2	SSSFSFS	0	none
frontier-run-004255	five-chain-k0-slack_three-0	distinct	replay	2	SSSFFSS	0	none
frontier-run-004256	five-chain-k0-slack_three-0	distinct	replay	2	SSFSSS	0	none
frontier-run-004257	five-chain-k0-slack_three-0	distinct	replay	2	SSFSSFS	0	none
frontier-run-004258	five-chain-k0-slack_three-0	distinct	replay	2	SSFSFSS	0	none
frontier-run-004259	five-chain-k0-slack_three-0	distinct	replay	2	SSFFSSS	0	none
frontier-run-004260	five-chain-k0-slack_three-0	distinct	replay	2	SFSSSS	0	none
frontier-run-004261	five-chain-k0-slack_three-0	distinct	replay	2	SFSSSFS	0	none
frontier-run-004262	five-chain-k0-slack_three-0	distinct	replay	2	SFSSFSS	0	none
frontier-run-004263	five-chain-k0-slack_three-0	distinct	replay	2	SFSFSSS	0	none
frontier-run-004264	five-chain-k0-slack_three-0	distinct	replay	2	SFFSSSS	0	none
frontier-run-004265	five-chain-k0-slack_three-0	distinct	replay	2	FSSSSS	0	none
frontier-run-004266	five-chain-k0-slack_three-0	distinct	replay	2	FSSSSFS	0	none
frontier-run-004267	five-chain-k0-slack_three-0	distinct	replay	2	FSSSFSS	0	none
frontier-run-004268	five-chain-k0-slack_three-0	distinct	replay	2	FSSFSSS	0	none
frontier-run-004269	five-chain-k0-slack_three-0	distinct	replay	2	FSFSSSS	0	none
frontier-run-004270	five-chain-k0-slack_three-0	distinct	replay	2	FFSSSSS	0	none
frontier-run-004271	five-chain-k0-slack_three-0	colliding	replay	2	SSSSS	0	none
frontier-run-004272	five-chain-k0-slack_three-0	colliding	replay	2	SSSSFS	0	none
frontier-run-004273	five-chain-k0-slack_three-0	colliding	replay	2	SSSSFFS	0	none
frontier-run-004274	five-chain-k0-slack_three-0	colliding	replay	2	SSSFSS	0	none
frontier-run-004275	five-chain-k0-slack_three-0	colliding	replay	2	SSSFSFS	0	none
frontier-run-004276	five-chain-k0-slack_three-0	colliding	replay	2	SSSFFSS	0	none
frontier-run-004277	five-chain-k0-slack_three-0	colliding	replay	2	SSFSSS	0	none
frontier-run-004278	five-chain-k0-slack_three-0	colliding	replay	2	SSFSSFS	0	none
frontier-run-004279	five-chain-k0-slack_three-0	colliding	replay	2	SSFSFSS	0	none
frontier-run-004280	five-chain-k0-slack_three-0	colliding	replay	2	SSFFSSS	0	none
frontier-run-004281	five-chain-k0-slack_three-0	colliding	replay	2	SFSSSS	0	none
frontier-run-004282	five-chain-k0-slack_three-0	colliding	replay	2	SFSSSFS	0	none
frontier-run-004283	five-chain-k0-slack_three-0	colliding	replay	2	SFSSFSS	0	none
frontier-run-004284	five-chain-k0-slack_three-0	colliding	replay	2	SFSFSSS	0	none
frontier-run-004285	five-chain-k0-slack_three-0	colliding	replay	2	SFFSSSS	0	none
frontier-run-004286	five-chain-k0-slack_three-0	colliding	replay	2	FSSSSS	0	none
frontier-run-004287	five-chain-k0-slack_three-0	colliding	replay	2	FSSSSFS	0	none
frontier-run-004288	five-chain-k0-slack_three-0	colliding	replay	2	FSSSFSS	0	none
frontier-run-004289	five-chain-k0-slack_three-0	colliding	replay	2	FSSFSSS	0	none
frontier-run-004290	five-chain-k0-slack_three-0	colliding	replay	2	FSFSSSS	0	none
frontier-run-004291	five-chain-k0-slack_three-0	colliding	replay	2	FFSSSSS	0	none
frontier-run-004292	five-chain-k0-slack_three-0	distinct	replay	3	SSSSS	0	none
frontier-run-004293	five-chain-k0-slack_three-0	distinct	replay	3	SSSSFS	0	none
frontier-run-004294	five-chain-k0-slack_three-0	distinct	replay	3	SSSSFFS	0	none
frontier-run-004295	five-chain-k0-slack_three-0	distinct	replay	3	SSSSFFFS	0	none
frontier-run-004296	five-chain-k0-slack_three-0	distinct	replay	3	SSSFSS	0	none
frontier-run-004297	five-chain-k0-slack_three-0	distinct	replay	3	SSSFSFS	0	none
frontier-run-004298	five-chain-k0-slack_three-0	distinct	replay	3	SSSFSFFS	0	none
frontier-run-004299	five-chain-k0-slack_three-0	distinct	replay	3	SSSFFSS	0	none
frontier-run-004300	five-chain-k0-slack_three-0	distinct	replay	3	SSSFFSFS	0	none
frontier-run-004301	five-chain-k0-slack_three-0	distinct	replay	3	SSSFFFSS	0	none
frontier-run-004302	five-chain-k0-slack_three-0	distinct	replay	3	SSFSSS	0	none
frontier-run-004303	five-chain-k0-slack_three-0	distinct	replay	3	SSFSSFS	0	none
frontier-run-004304	five-chain-k0-slack_three-0	distinct	replay	3	SSFSSFFS	0	none
frontier-run-004305	five-chain-k0-slack_three-0	distinct	replay	3	SSFSFSS	0	none
frontier-run-004306	five-chain-k0-slack_three-0	distinct	replay	3	SSFSFSFS	0	none
frontier-run-004307	five-chain-k0-slack_three-0	distinct	replay	3	SSFSFFSS	0	none
frontier-run-004308	five-chain-k0-slack_three-0	distinct	replay	3	SSFFSSS	0	none
frontier-run-004309	five-chain-k0-slack_three-0	distinct	replay	3	SSFFSSFS	0	none
frontier-run-004310	five-chain-k0-slack_three-0	distinct	replay	3	SSFFSFSS	0	none
frontier-run-004311	five-chain-k0-slack_three-0	distinct	replay	3	SSFFFSSS	0	none
frontier-run-004312	five-chain-k0-slack_three-0	distinct	replay	3	SFSSSS	0	none
frontier-run-004313	five-chain-k0-slack_three-0	distinct	replay	3	SFSSSFS	0	none
frontier-run-004314	five-chain-k0-slack_three-0	distinct	replay	3	SFSSSFFS	0	none
frontier-run-004315	five-chain-k0-slack_three-0	distinct	replay	3	SFSSFSS	0	none
frontier-run-004316	five-chain-k0-slack_three-0	distinct	replay	3	SFSSFSFS	0	none
frontier-run-004317	five-chain-k0-slack_three-0	distinct	replay	3	SFSSFFSS	0	none
frontier-run-004318	five-chain-k0-slack_three-0	distinct	replay	3	SFSFSSS	0	none
frontier-run-004319	five-chain-k0-slack_three-0	distinct	replay	3	SFSFSSFS	0	none
frontier-run-004320	five-chain-k0-slack_three-0	distinct	replay	3	SFSFSFSS	0	none
frontier-run-004321	five-chain-k0-slack_three-0	distinct	replay	3	SFSFFSSS	0	none
frontier-run-004322	five-chain-k0-slack_three-0	distinct	replay	3	SFFSSSS	0	none
frontier-run-004323	five-chain-k0-slack_three-0	distinct	replay	3	SFFSSSFS	0	none
frontier-run-004324	five-chain-k0-slack_three-0	distinct	replay	3	SFFSSFSS	0	none
frontier-run-004325	five-chain-k0-slack_three-0	distinct	replay	3	SFFSFSSS	0	none
frontier-run-004326	five-chain-k0-slack_three-0	distinct	replay	3	SFFFSSSS	0	none
frontier-run-004327	five-chain-k0-slack_three-0	distinct	replay	3	FSSSSS	0	none
frontier-run-004328	five-chain-k0-slack_three-0	distinct	replay	3	FSSSSFS	0	none
frontier-run-004329	five-chain-k0-slack_three-0	distinct	replay	3	FSSSSFFS	0	none
frontier-run-004330	five-chain-k0-slack_three-0	distinct	replay	3	FSSSFSS	0	none
frontier-run-004331	five-chain-k0-slack_three-0	distinct	replay	3	FSSSFSFS	0	none
frontier-run-004332	five-chain-k0-slack_three-0	distinct	replay	3	FSSSFFSS	0	none
frontier-run-004333	five-chain-k0-slack_three-0	distinct	replay	3	FSSFSSS	0	none
frontier-run-004334	five-chain-k0-slack_three-0	distinct	replay	3	FSSFSSFS	0	none
frontier-run-004335	five-chain-k0-slack_three-0	distinct	replay	3	FSSFSFSS	0	none
frontier-run-004336	five-chain-k0-slack_three-0	distinct	replay	3	FSSFFSSS	0	none
frontier-run-004337	five-chain-k0-slack_three-0	distinct	replay	3	FSFSSSS	0	none
frontier-run-004338	five-chain-k0-slack_three-0	distinct	replay	3	FSFSSSFS	0	none
frontier-run-004339	five-chain-k0-slack_three-0	distinct	replay	3	FSFSSFSS	0	none
frontier-run-004340	five-chain-k0-slack_three-0	distinct	replay	3	FSFSFSSS	0	none
frontier-run-004341	five-chain-k0-slack_three-0	distinct	replay	3	FSFFSSSS	0	none
frontier-run-004342	five-chain-k0-slack_three-0	distinct	replay	3	FFSSSSS	0	none
frontier-run-004343	five-chain-k0-slack_three-0	distinct	replay	3	FFSSSSFS	0	none
frontier-run-004344	five-chain-k0-slack_three-0	distinct	replay	3	FFSSSFSS	0	none
frontier-run-004345	five-chain-k0-slack_three-0	distinct	replay	3	FFSSFSSS	0	none
frontier-run-004346	five-chain-k0-slack_three-0	distinct	replay	3	FFSFSSSS	0	none
frontier-run-004347	five-chain-k0-slack_three-0	distinct	replay	3	FFFSSSSS	0	none
frontier-run-004348	five-chain-k0-slack_three-0	colliding	replay	3	SSSSS	0	none
frontier-run-004349	five-chain-k0-slack_three-0	colliding	replay	3	SSSSFS	0	none
frontier-run-004350	five-chain-k0-slack_three-0	colliding	replay	3	SSSSFFS	0	none
frontier-run-004351	five-chain-k0-slack_three-0	colliding	replay	3	SSSSFFFS	0	none
frontier-run-004352	five-chain-k0-slack_three-0	colliding	replay	3	SSSFSS	0	none
frontier-run-004353	five-chain-k0-slack_three-0	colliding	replay	3	SSSFSFS	0	none
frontier-run-004354	five-chain-k0-slack_three-0	colliding	replay	3	SSSFSFFS	0	none
frontier-run-004355	five-chain-k0-slack_three-0	colliding	replay	3	SSSFFSS	0	none
frontier-run-004356	five-chain-k0-slack_three-0	colliding	replay	3	SSSFFSFS	0	none
frontier-run-004357	five-chain-k0-slack_three-0	colliding	replay	3	SSSFFFSS	0	none
frontier-run-004358	five-chain-k0-slack_three-0	colliding	replay	3	SSFSSS	0	none
frontier-run-004359	five-chain-k0-slack_three-0	colliding	replay	3	SSFSSFS	0	none
frontier-run-004360	five-chain-k0-slack_three-0	colliding	replay	3	SSFSSFFS	0	none
frontier-run-004361	five-chain-k0-slack_three-0	colliding	replay	3	SSFSFSS	0	none
frontier-run-004362	five-chain-k0-slack_three-0	colliding	replay	3	SSFSFSFS	0	none
frontier-run-004363	five-chain-k0-slack_three-0	colliding	replay	3	SSFSFFSS	0	none
frontier-run-004364	five-chain-k0-slack_three-0	colliding	replay	3	SSFFSSS	0	none
frontier-run-004365	five-chain-k0-slack_three-0	colliding	replay	3	SSFFSSFS	0	none
frontier-run-004366	five-chain-k0-slack_three-0	colliding	replay	3	SSFFSFSS	0	none
frontier-run-004367	five-chain-k0-slack_three-0	colliding	replay	3	SSFFFSSS	0	none
frontier-run-004368	five-chain-k0-slack_three-0	colliding	replay	3	SFSSSS	0	none
frontier-run-004369	five-chain-k0-slack_three-0	colliding	replay	3	SFSSSFS	0	none
frontier-run-004370	five-chain-k0-slack_three-0	colliding	replay	3	SFSSSFFS	0	none
frontier-run-004371	five-chain-k0-slack_three-0	colliding	replay	3	SFSSFSS	0	none
frontier-run-004372	five-chain-k0-slack_three-0	colliding	replay	3	SFSSFSFS	0	none
frontier-run-004373	five-chain-k0-slack_three-0	colliding	replay	3	SFSSFFSS	0	none
frontier-run-004374	five-chain-k0-slack_three-0	colliding	replay	3	SFSFSSS	0	none
frontier-run-004375	five-chain-k0-slack_three-0	colliding	replay	3	SFSFSSFS	0	none
frontier-run-004376	five-chain-k0-slack_three-0	colliding	replay	3	SFSFSFSS	0	none
frontier-run-004377	five-chain-k0-slack_three-0	colliding	replay	3	SFSFFSSS	0	none
frontier-run-004378	five-chain-k0-slack_three-0	colliding	replay	3	SFFSSSS	0	none
frontier-run-004379	five-chain-k0-slack_three-0	colliding	replay	3	SFFSSSFS	0	none
frontier-run-004380	five-chain-k0-slack_three-0	colliding	replay	3	SFFSSFSS	0	none
frontier-run-004381	five-chain-k0-slack_three-0	colliding	replay	3	SFFSFSSS	0	none
frontier-run-004382	five-chain-k0-slack_three-0	colliding	replay	3	SFFFSSSS	0	none
frontier-run-004383	five-chain-k0-slack_three-0	colliding	replay	3	FSSSSS	0	none
frontier-run-004384	five-chain-k0-slack_three-0	colliding	replay	3	FSSSSFS	0	none
frontier-run-004385	five-chain-k0-slack_three-0	colliding	replay	3	FSSSSFFS	0	none
frontier-run-004386	five-chain-k0-slack_three-0	colliding	replay	3	FSSSFSS	0	none
frontier-run-004387	five-chain-k0-slack_three-0	colliding	replay	3	FSSSFSFS	0	none
frontier-run-004388	five-chain-k0-slack_three-0	colliding	replay	3	FSSSFFSS	0	none
frontier-run-004389	five-chain-k0-slack_three-0	colliding	replay	3	FSSFSSS	0	none
frontier-run-004390	five-chain-k0-slack_three-0	colliding	replay	3	FSSFSSFS	0	none
frontier-run-004391	five-chain-k0-slack_three-0	colliding	replay	3	FSSFSFSS	0	none
frontier-run-004392	five-chain-k0-slack_three-0	colliding	replay	3	FSSFFSSS	0	none
frontier-run-004393	five-chain-k0-slack_three-0	colliding	replay	3	FSFSSSS	0	none
frontier-run-004394	five-chain-k0-slack_three-0	colliding	replay	3	FSFSSSFS	0	none
frontier-run-004395	five-chain-k0-slack_three-0	colliding	replay	3	FSFSSFSS	0	none
frontier-run-004396	five-chain-k0-slack_three-0	colliding	replay	3	FSFSFSSS	0	none
frontier-run-004397	five-chain-k0-slack_three-0	colliding	replay	3	FSFFSSSS	0	none
frontier-run-004398	five-chain-k0-slack_three-0	colliding	replay	3	FFSSSSS	0	none
frontier-run-004399	five-chain-k0-slack_three-0	colliding	replay	3	FFSSSSFS	0	none
frontier-run-004400	five-chain-k0-slack_three-0	colliding	replay	3	FFSSSFSS	0	none
frontier-run-004401	five-chain-k0-slack_three-0	colliding	replay	3	FFSSFSSS	0	none
frontier-run-004402	five-chain-k0-slack_three-0	colliding	replay	3	FFSFSSSS	0	none
frontier-run-004403	five-chain-k0-slack_three-0	colliding	replay	3	FFFSSSSS	0	none
frontier-run-004404	five-chain-k0-slack_three-0	distinct	concurrent	3	-	11	none
frontier-run-004405	five-chain-k0-slack_three-0	distinct	concurrent	3	-	23	none
frontier-run-004406	five-chain-k0-slack_three-0	colliding	concurrent	3	-	11	none
frontier-run-004407	five-chain-k0-slack_three-0	colliding	concurrent	3	-	23	none
frontier-run-004408	five-chain-k0-slack_three-1	distinct	replay	0	SSSSS	0	none
frontier-run-004409	five-chain-k0-slack_three-1	colliding	replay	0	SSSSS	0	none
frontier-run-004410	five-chain-k0-slack_three-1	distinct	replay	1	SSSSS	0	none
frontier-run-004411	five-chain-k0-slack_three-1	distinct	replay	1	SSSSF	0	none
frontier-run-004412	five-chain-k0-slack_three-1	distinct	replay	1	SSSFS	0	none
frontier-run-004413	five-chain-k0-slack_three-1	distinct	replay	1	SSFSS	0	none
frontier-run-004414	five-chain-k0-slack_three-1	distinct	replay	1	SFSSS	0	none
frontier-run-004415	five-chain-k0-slack_three-1	distinct	replay	1	FSSSS	0	none
frontier-run-004416	five-chain-k0-slack_three-1	colliding	replay	1	SSSSS	0	none
frontier-run-004417	five-chain-k0-slack_three-1	colliding	replay	1	SSSSF	0	none
frontier-run-004418	five-chain-k0-slack_three-1	colliding	replay	1	SSSFS	0	none
frontier-run-004419	five-chain-k0-slack_three-1	colliding	replay	1	SSFSS	0	none
frontier-run-004420	five-chain-k0-slack_three-1	colliding	replay	1	SFSSS	0	none
frontier-run-004421	five-chain-k0-slack_three-1	colliding	replay	1	FSSSS	0	none
frontier-run-004422	five-chain-k0-slack_three-1	distinct	replay	2	SSSSS	0	none
frontier-run-004423	five-chain-k0-slack_three-1	distinct	replay	2	SSSSFS	0	none
frontier-run-004424	five-chain-k0-slack_three-1	distinct	replay	2	SSSSFF	0	none
frontier-run-004425	five-chain-k0-slack_three-1	distinct	replay	2	SSSFSS	0	none
frontier-run-004426	five-chain-k0-slack_three-1	distinct	replay	2	SSSFSF	0	none
frontier-run-004427	five-chain-k0-slack_three-1	distinct	replay	2	SSSFFS	0	none
frontier-run-004428	five-chain-k0-slack_three-1	distinct	replay	2	SSFSSS	0	none
frontier-run-004429	five-chain-k0-slack_three-1	distinct	replay	2	SSFSSF	0	none
frontier-run-004430	five-chain-k0-slack_three-1	distinct	replay	2	SSFSFS	0	none
frontier-run-004431	five-chain-k0-slack_three-1	distinct	replay	2	SSFFSS	0	none
frontier-run-004432	five-chain-k0-slack_three-1	distinct	replay	2	SFSSSS	0	none
frontier-run-004433	five-chain-k0-slack_three-1	distinct	replay	2	SFSSSF	0	none
frontier-run-004434	five-chain-k0-slack_three-1	distinct	replay	2	SFSSFS	0	none
frontier-run-004435	five-chain-k0-slack_three-1	distinct	replay	2	SFSFSS	0	none
frontier-run-004436	five-chain-k0-slack_three-1	distinct	replay	2	SFFSSS	0	none
frontier-run-004437	five-chain-k0-slack_three-1	distinct	replay	2	FSSSSS	0	none
frontier-run-004438	five-chain-k0-slack_three-1	distinct	replay	2	FSSSSF	0	none
frontier-run-004439	five-chain-k0-slack_three-1	distinct	replay	2	FSSSFS	0	none
frontier-run-004440	five-chain-k0-slack_three-1	distinct	replay	2	FSSFSS	0	none
frontier-run-004441	five-chain-k0-slack_three-1	distinct	replay	2	FSFSSS	0	none
frontier-run-004442	five-chain-k0-slack_three-1	distinct	replay	2	FFSSSS	0	none
frontier-run-004443	five-chain-k0-slack_three-1	colliding	replay	2	SSSSS	0	none
frontier-run-004444	five-chain-k0-slack_three-1	colliding	replay	2	SSSSFS	0	none
frontier-run-004445	five-chain-k0-slack_three-1	colliding	replay	2	SSSSFF	0	none
frontier-run-004446	five-chain-k0-slack_three-1	colliding	replay	2	SSSFSS	0	none
frontier-run-004447	five-chain-k0-slack_three-1	colliding	replay	2	SSSFSF	0	none
frontier-run-004448	five-chain-k0-slack_three-1	colliding	replay	2	SSSFFS	0	none
frontier-run-004449	five-chain-k0-slack_three-1	colliding	replay	2	SSFSSS	0	none
frontier-run-004450	five-chain-k0-slack_three-1	colliding	replay	2	SSFSSF	0	none
frontier-run-004451	five-chain-k0-slack_three-1	colliding	replay	2	SSFSFS	0	none
frontier-run-004452	five-chain-k0-slack_three-1	colliding	replay	2	SSFFSS	0	none
frontier-run-004453	five-chain-k0-slack_three-1	colliding	replay	2	SFSSSS	0	none
frontier-run-004454	five-chain-k0-slack_three-1	colliding	replay	2	SFSSSF	0	none
frontier-run-004455	five-chain-k0-slack_three-1	colliding	replay	2	SFSSFS	0	none
frontier-run-004456	five-chain-k0-slack_three-1	colliding	replay	2	SFSFSS	0	none
frontier-run-004457	five-chain-k0-slack_three-1	colliding	replay	2	SFFSSS	0	none
frontier-run-004458	five-chain-k0-slack_three-1	colliding	replay	2	FSSSSS	0	none
frontier-run-004459	five-chain-k0-slack_three-1	colliding	replay	2	FSSSSF	0	none
frontier-run-004460	five-chain-k0-slack_three-1	colliding	replay	2	FSSSFS	0	none
frontier-run-004461	five-chain-k0-slack_three-1	colliding	replay	2	FSSFSS	0	none
frontier-run-004462	five-chain-k0-slack_three-1	colliding	replay	2	FSFSSS	0	none
frontier-run-004463	five-chain-k0-slack_three-1	colliding	replay	2	FFSSSS	0	none
frontier-run-004464	five-chain-k0-slack_three-1	distinct	replay	3	SSSSS	0	none
frontier-run-004465	five-chain-k0-slack_three-1	distinct	replay	3	SSSSFS	0	none
frontier-run-004466	five-chain-k0-slack_three-1	distinct	replay	3	SSSSFFS	0	none
frontier-run-004467	five-chain-k0-slack_three-1	distinct	replay	3	SSSSFFF	0	none
frontier-run-004468	five-chain-k0-slack_three-1	distinct	replay	3	SSSFSS	0	none
frontier-run-004469	five-chain-k0-slack_three-1	distinct	replay	3	SSSFSFS	0	none
frontier-run-004470	five-chain-k0-slack_three-1	distinct	replay	3	SSSFSFF	0	none
frontier-run-004471	five-chain-k0-slack_three-1	distinct	replay	3	SSSFFSS	0	none
frontier-run-004472	five-chain-k0-slack_three-1	distinct	replay	3	SSSFFSF	0	none
frontier-run-004473	five-chain-k0-slack_three-1	distinct	replay	3	SSSFFFS	0	none
frontier-run-004474	five-chain-k0-slack_three-1	distinct	replay	3	SSFSSS	0	none
frontier-run-004475	five-chain-k0-slack_three-1	distinct	replay	3	SSFSSFS	0	none
frontier-run-004476	five-chain-k0-slack_three-1	distinct	replay	3	SSFSSFF	0	none
frontier-run-004477	five-chain-k0-slack_three-1	distinct	replay	3	SSFSFSS	0	none
frontier-run-004478	five-chain-k0-slack_three-1	distinct	replay	3	SSFSFSF	0	none
frontier-run-004479	five-chain-k0-slack_three-1	distinct	replay	3	SSFSFFS	0	none
frontier-run-004480	five-chain-k0-slack_three-1	distinct	replay	3	SSFFSSS	0	none
frontier-run-004481	five-chain-k0-slack_three-1	distinct	replay	3	SSFFSSF	0	none
frontier-run-004482	five-chain-k0-slack_three-1	distinct	replay	3	SSFFSFS	0	none
frontier-run-004483	five-chain-k0-slack_three-1	distinct	replay	3	SSFFFSS	0	none
frontier-run-004484	five-chain-k0-slack_three-1	distinct	replay	3	SFSSSS	0	none
frontier-run-004485	five-chain-k0-slack_three-1	distinct	replay	3	SFSSSFS	0	none
frontier-run-004486	five-chain-k0-slack_three-1	distinct	replay	3	SFSSSFF	0	none
frontier-run-004487	five-chain-k0-slack_three-1	distinct	replay	3	SFSSFSS	0	none
frontier-run-004488	five-chain-k0-slack_three-1	distinct	replay	3	SFSSFSF	0	none
frontier-run-004489	five-chain-k0-slack_three-1	distinct	replay	3	SFSSFFS	0	none
frontier-run-004490	five-chain-k0-slack_three-1	distinct	replay	3	SFSFSSS	0	none
frontier-run-004491	five-chain-k0-slack_three-1	distinct	replay	3	SFSFSSF	0	none
frontier-run-004492	five-chain-k0-slack_three-1	distinct	replay	3	SFSFSFS	0	none
frontier-run-004493	five-chain-k0-slack_three-1	distinct	replay	3	SFSFFSS	0	none
frontier-run-004494	five-chain-k0-slack_three-1	distinct	replay	3	SFFSSSS	0	none
frontier-run-004495	five-chain-k0-slack_three-1	distinct	replay	3	SFFSSSF	0	none
frontier-run-004496	five-chain-k0-slack_three-1	distinct	replay	3	SFFSSFS	0	none
frontier-run-004497	five-chain-k0-slack_three-1	distinct	replay	3	SFFSFSS	0	none
frontier-run-004498	five-chain-k0-slack_three-1	distinct	replay	3	SFFFSSS	0	none
frontier-run-004499	five-chain-k0-slack_three-1	distinct	replay	3	FSSSSS	0	none
frontier-run-004500	five-chain-k0-slack_three-1	distinct	replay	3	FSSSSFS	0	none
frontier-run-004501	five-chain-k0-slack_three-1	distinct	replay	3	FSSSSFF	0	none
frontier-run-004502	five-chain-k0-slack_three-1	distinct	replay	3	FSSSFSS	0	none
frontier-run-004503	five-chain-k0-slack_three-1	distinct	replay	3	FSSSFSF	0	none
frontier-run-004504	five-chain-k0-slack_three-1	distinct	replay	3	FSSSFFS	0	none
frontier-run-004505	five-chain-k0-slack_three-1	distinct	replay	3	FSSFSSS	0	none
frontier-run-004506	five-chain-k0-slack_three-1	distinct	replay	3	FSSFSSF	0	none
frontier-run-004507	five-chain-k0-slack_three-1	distinct	replay	3	FSSFSFS	0	none
frontier-run-004508	five-chain-k0-slack_three-1	distinct	replay	3	FSSFFSS	0	none
frontier-run-004509	five-chain-k0-slack_three-1	distinct	replay	3	FSFSSSS	0	none
frontier-run-004510	five-chain-k0-slack_three-1	distinct	replay	3	FSFSSSF	0	none
frontier-run-004511	five-chain-k0-slack_three-1	distinct	replay	3	FSFSSFS	0	none
frontier-run-004512	five-chain-k0-slack_three-1	distinct	replay	3	FSFSFSS	0	none
frontier-run-004513	five-chain-k0-slack_three-1	distinct	replay	3	FSFFSSS	0	none
frontier-run-004514	five-chain-k0-slack_three-1	distinct	replay	3	FFSSSSS	0	none
frontier-run-004515	five-chain-k0-slack_three-1	distinct	replay	3	FFSSSSF	0	none
frontier-run-004516	five-chain-k0-slack_three-1	distinct	replay	3	FFSSSFS	0	none
frontier-run-004517	five-chain-k0-slack_three-1	distinct	replay	3	FFSSFSS	0	none
frontier-run-004518	five-chain-k0-slack_three-1	distinct	replay	3	FFSFSSS	0	none
frontier-run-004519	five-chain-k0-slack_three-1	distinct	replay	3	FFFSSSS	0	none
frontier-run-004520	five-chain-k0-slack_three-1	colliding	replay	3	SSSSS	0	none
frontier-run-004521	five-chain-k0-slack_three-1	colliding	replay	3	SSSSFS	0	none
frontier-run-004522	five-chain-k0-slack_three-1	colliding	replay	3	SSSSFFS	0	none
frontier-run-004523	five-chain-k0-slack_three-1	colliding	replay	3	SSSSFFF	0	none
frontier-run-004524	five-chain-k0-slack_three-1	colliding	replay	3	SSSFSS	0	none
frontier-run-004525	five-chain-k0-slack_three-1	colliding	replay	3	SSSFSFS	0	none
frontier-run-004526	five-chain-k0-slack_three-1	colliding	replay	3	SSSFSFF	0	none
frontier-run-004527	five-chain-k0-slack_three-1	colliding	replay	3	SSSFFSS	0	none
frontier-run-004528	five-chain-k0-slack_three-1	colliding	replay	3	SSSFFSF	0	none
frontier-run-004529	five-chain-k0-slack_three-1	colliding	replay	3	SSSFFFS	0	none
frontier-run-004530	five-chain-k0-slack_three-1	colliding	replay	3	SSFSSS	0	none
frontier-run-004531	five-chain-k0-slack_three-1	colliding	replay	3	SSFSSFS	0	none
frontier-run-004532	five-chain-k0-slack_three-1	colliding	replay	3	SSFSSFF	0	none
frontier-run-004533	five-chain-k0-slack_three-1	colliding	replay	3	SSFSFSS	0	none
frontier-run-004534	five-chain-k0-slack_three-1	colliding	replay	3	SSFSFSF	0	none
frontier-run-004535	five-chain-k0-slack_three-1	colliding	replay	3	SSFSFFS	0	none
frontier-run-004536	five-chain-k0-slack_three-1	colliding	replay	3	SSFFSSS	0	none
frontier-run-004537	five-chain-k0-slack_three-1	colliding	replay	3	SSFFSSF	0	none
frontier-run-004538	five-chain-k0-slack_three-1	colliding	replay	3	SSFFSFS	0	none
frontier-run-004539	five-chain-k0-slack_three-1	colliding	replay	3	SSFFFSS	0	none
frontier-run-004540	five-chain-k0-slack_three-1	colliding	replay	3	SFSSSS	0	none
frontier-run-004541	five-chain-k0-slack_three-1	colliding	replay	3	SFSSSFS	0	none
frontier-run-004542	five-chain-k0-slack_three-1	colliding	replay	3	SFSSSFF	0	none
frontier-run-004543	five-chain-k0-slack_three-1	colliding	replay	3	SFSSFSS	0	none
frontier-run-004544	five-chain-k0-slack_three-1	colliding	replay	3	SFSSFSF	0	none
frontier-run-004545	five-chain-k0-slack_three-1	colliding	replay	3	SFSSFFS	0	none
frontier-run-004546	five-chain-k0-slack_three-1	colliding	replay	3	SFSFSSS	0	none
frontier-run-004547	five-chain-k0-slack_three-1	colliding	replay	3	SFSFSSF	0	none
frontier-run-004548	five-chain-k0-slack_three-1	colliding	replay	3	SFSFSFS	0	none
frontier-run-004549	five-chain-k0-slack_three-1	colliding	replay	3	SFSFFSS	0	none
frontier-run-004550	five-chain-k0-slack_three-1	colliding	replay	3	SFFSSSS	0	none
frontier-run-004551	five-chain-k0-slack_three-1	colliding	replay	3	SFFSSSF	0	none
frontier-run-004552	five-chain-k0-slack_three-1	colliding	replay	3	SFFSSFS	0	none
frontier-run-004553	five-chain-k0-slack_three-1	colliding	replay	3	SFFSFSS	0	none
frontier-run-004554	five-chain-k0-slack_three-1	colliding	replay	3	SFFFSSS	0	none
frontier-run-004555	five-chain-k0-slack_three-1	colliding	replay	3	FSSSSS	0	none
frontier-run-004556	five-chain-k0-slack_three-1	colliding	replay	3	FSSSSFS	0	none
frontier-run-004557	five-chain-k0-slack_three-1	colliding	replay	3	FSSSSFF	0	none
frontier-run-004558	five-chain-k0-slack_three-1	colliding	replay	3	FSSSFSS	0	none
frontier-run-004559	five-chain-k0-slack_three-1	colliding	replay	3	FSSSFSF	0	none
frontier-run-004560	five-chain-k0-slack_three-1	colliding	replay	3	FSSSFFS	0	none
frontier-run-004561	five-chain-k0-slack_three-1	colliding	replay	3	FSSFSSS	0	none
frontier-run-004562	five-chain-k0-slack_three-1	colliding	replay	3	FSSFSSF	0	none
frontier-run-004563	five-chain-k0-slack_three-1	colliding	replay	3	FSSFSFS	0	none
frontier-run-004564	five-chain-k0-slack_three-1	colliding	replay	3	FSSFFSS	0	none
frontier-run-004565	five-chain-k0-slack_three-1	colliding	replay	3	FSFSSSS	0	none
frontier-run-004566	five-chain-k0-slack_three-1	colliding	replay	3	FSFSSSF	0	none
frontier-run-004567	five-chain-k0-slack_three-1	colliding	replay	3	FSFSSFS	0	none
frontier-run-004568	five-chain-k0-slack_three-1	colliding	replay	3	FSFSFSS	0	none
frontier-run-004569	five-chain-k0-slack_three-1	colliding	replay	3	FSFFSSS	0	none
frontier-run-004570	five-chain-k0-slack_three-1	colliding	replay	3	FFSSSSS	0	none
frontier-run-004571	five-chain-k0-slack_three-1	colliding	replay	3	FFSSSSF	0	none
frontier-run-004572	five-chain-k0-slack_three-1	colliding	replay	3	FFSSSFS	0	none
frontier-run-004573	five-chain-k0-slack_three-1	colliding	replay	3	FFSSFSS	0	none
frontier-run-004574	five-chain-k0-slack_three-1	colliding	replay	3	FFSFSSS	0	none
frontier-run-004575	five-chain-k0-slack_three-1	colliding	replay	3	FFFSSSS	0	none
frontier-run-004576	five-chain-k0-slack_three-1	distinct	concurrent	3	-	11	none
frontier-run-004577	five-chain-k0-slack_three-1	distinct	concurrent	3	-	23	none
frontier-run-004578	five-chain-k0-slack_three-1	colliding	concurrent	3	-	11	none
frontier-run-004579	five-chain-k0-slack_three-1	colliding	concurrent	3	-	23	none
frontier-run-004580	five-chain-k0-slack_three-2	distinct	replay	0	SSSSS	0	none
frontier-run-004581	five-chain-k0-slack_three-2	colliding	replay	0	SSSSS	0	none
frontier-run-004582	five-chain-k0-slack_three-2	distinct	replay	1	SSSSS	0	none
frontier-run-004583	five-chain-k0-slack_three-2	distinct	replay	1	SSSSF	0	none
frontier-run-004584	five-chain-k0-slack_three-2	distinct	replay	1	SSSFS	0	none
frontier-run-004585	five-chain-k0-slack_three-2	distinct	replay	1	SSFSS	0	none
frontier-run-004586	five-chain-k0-slack_three-2	distinct	replay	1	SFSSS	0	none
frontier-run-004587	five-chain-k0-slack_three-2	distinct	replay	1	FSSSS	0	none
frontier-run-004588	five-chain-k0-slack_three-2	colliding	replay	1	SSSSS	0	none
frontier-run-004589	five-chain-k0-slack_three-2	colliding	replay	1	SSSSF	0	none
frontier-run-004590	five-chain-k0-slack_three-2	colliding	replay	1	SSSFS	0	none
frontier-run-004591	five-chain-k0-slack_three-2	colliding	replay	1	SSFSS	0	none
frontier-run-004592	five-chain-k0-slack_three-2	colliding	replay	1	SFSSS	0	none
frontier-run-004593	five-chain-k0-slack_three-2	colliding	replay	1	FSSSS	0	none
frontier-run-004594	five-chain-k0-slack_three-2	distinct	replay	2	SSSSS	0	none
frontier-run-004595	five-chain-k0-slack_three-2	distinct	replay	2	SSSSF	0	none
frontier-run-004596	five-chain-k0-slack_three-2	distinct	replay	2	SSSFS	0	none
frontier-run-004597	five-chain-k0-slack_three-2	distinct	replay	2	SSSFF	0	none
frontier-run-004598	five-chain-k0-slack_three-2	distinct	replay	2	SSFSS	0	none
frontier-run-004599	five-chain-k0-slack_three-2	distinct	replay	2	SSFSF	0	none
frontier-run-004600	five-chain-k0-slack_three-2	distinct	replay	2	SSFFS	0	none
frontier-run-004601	five-chain-k0-slack_three-2	distinct	replay	2	SFSSS	0	none
frontier-run-004602	five-chain-k0-slack_three-2	distinct	replay	2	SFSSF	0	none
frontier-run-004603	five-chain-k0-slack_three-2	distinct	replay	2	SFSFS	0	none
frontier-run-004604	five-chain-k0-slack_three-2	distinct	replay	2	SFFSS	0	none
frontier-run-004605	five-chain-k0-slack_three-2	distinct	replay	2	FSSSS	0	none
frontier-run-004606	five-chain-k0-slack_three-2	distinct	replay	2	FSSSF	0	none
frontier-run-004607	five-chain-k0-slack_three-2	distinct	replay	2	FSSFS	0	none
frontier-run-004608	five-chain-k0-slack_three-2	distinct	replay	2	FSFSS	0	none
frontier-run-004609	five-chain-k0-slack_three-2	distinct	replay	2	FFSSS	0	none
frontier-run-004610	five-chain-k0-slack_three-2	colliding	replay	2	SSSSS	0	none
frontier-run-004611	five-chain-k0-slack_three-2	colliding	replay	2	SSSSF	0	none
frontier-run-004612	five-chain-k0-slack_three-2	colliding	replay	2	SSSFS	0	none
frontier-run-004613	five-chain-k0-slack_three-2	colliding	replay	2	SSSFF	0	none
frontier-run-004614	five-chain-k0-slack_three-2	colliding	replay	2	SSFSS	0	none
frontier-run-004615	five-chain-k0-slack_three-2	colliding	replay	2	SSFSF	0	none
frontier-run-004616	five-chain-k0-slack_three-2	colliding	replay	2	SSFFS	0	none
frontier-run-004617	five-chain-k0-slack_three-2	colliding	replay	2	SFSSS	0	none
frontier-run-004618	five-chain-k0-slack_three-2	colliding	replay	2	SFSSF	0	none
frontier-run-004619	five-chain-k0-slack_three-2	colliding	replay	2	SFSFS	0	none
frontier-run-004620	five-chain-k0-slack_three-2	colliding	replay	2	SFFSS	0	none
frontier-run-004621	five-chain-k0-slack_three-2	colliding	replay	2	FSSSS	0	none
frontier-run-004622	five-chain-k0-slack_three-2	colliding	replay	2	FSSSF	0	none
frontier-run-004623	five-chain-k0-slack_three-2	colliding	replay	2	FSSFS	0	none
frontier-run-004624	five-chain-k0-slack_three-2	colliding	replay	2	FSFSS	0	none
frontier-run-004625	five-chain-k0-slack_three-2	colliding	replay	2	FFSSS	0	none
frontier-run-004626	five-chain-k0-slack_three-2	distinct	replay	3	SSSSS	0	none
frontier-run-004627	five-chain-k0-slack_three-2	distinct	replay	3	SSSSFS	0	none
frontier-run-004628	five-chain-k0-slack_three-2	distinct	replay	3	SSSSFF	0	none
frontier-run-004629	five-chain-k0-slack_three-2	distinct	replay	3	SSSFSS	0	none
frontier-run-004630	five-chain-k0-slack_three-2	distinct	replay	3	SSSFSF	0	none
frontier-run-004631	five-chain-k0-slack_three-2	distinct	replay	3	SSSFFS	0	none
frontier-run-004632	five-chain-k0-slack_three-2	distinct	replay	3	SSSFFF	0	none
frontier-run-004633	five-chain-k0-slack_three-2	distinct	replay	3	SSFSSS	0	none
frontier-run-004634	five-chain-k0-slack_three-2	distinct	replay	3	SSFSSF	0	none
frontier-run-004635	five-chain-k0-slack_three-2	distinct	replay	3	SSFSFS	0	none
frontier-run-004636	five-chain-k0-slack_three-2	distinct	replay	3	SSFSFF	0	none
frontier-run-004637	five-chain-k0-slack_three-2	distinct	replay	3	SSFFSS	0	none
frontier-run-004638	five-chain-k0-slack_three-2	distinct	replay	3	SSFFSF	0	none
frontier-run-004639	five-chain-k0-slack_three-2	distinct	replay	3	SSFFFS	0	none
frontier-run-004640	five-chain-k0-slack_three-2	distinct	replay	3	SFSSSS	0	none
frontier-run-004641	five-chain-k0-slack_three-2	distinct	replay	3	SFSSSF	0	none
frontier-run-004642	five-chain-k0-slack_three-2	distinct	replay	3	SFSSFS	0	none
frontier-run-004643	five-chain-k0-slack_three-2	distinct	replay	3	SFSSFF	0	none
frontier-run-004644	five-chain-k0-slack_three-2	distinct	replay	3	SFSFSS	0	none
frontier-run-004645	five-chain-k0-slack_three-2	distinct	replay	3	SFSFSF	0	none
frontier-run-004646	five-chain-k0-slack_three-2	distinct	replay	3	SFSFFS	0	none
frontier-run-004647	five-chain-k0-slack_three-2	distinct	replay	3	SFFSSS	0	none
frontier-run-004648	five-chain-k0-slack_three-2	distinct	replay	3	SFFSSF	0	none
frontier-run-004649	five-chain-k0-slack_three-2	distinct	replay	3	SFFSFS	0	none
frontier-run-004650	five-chain-k0-slack_three-2	distinct	replay	3	SFFFSS	0	none
frontier-run-004651	five-chain-k0-slack_three-2	distinct	replay	3	FSSSSS	0	none
frontier-run-004652	five-chain-k0-slack_three-2	distinct	replay	3	FSSSSF	0	none
frontier-run-004653	five-chain-k0-slack_three-2	distinct	replay	3	FSSSFS	0	none
frontier-run-004654	five-chain-k0-slack_three-2	distinct	replay	3	FSSSFF	0	none
frontier-run-004655	five-chain-k0-slack_three-2	distinct	replay	3	FSSFSS	0	none
frontier-run-004656	five-chain-k0-slack_three-2	distinct	replay	3	FSSFSF	0	none
frontier-run-004657	five-chain-k0-slack_three-2	distinct	replay	3	FSSFFS	0	none
frontier-run-004658	five-chain-k0-slack_three-2	distinct	replay	3	FSFSSS	0	none
frontier-run-004659	five-chain-k0-slack_three-2	distinct	replay	3	FSFSSF	0	none
frontier-run-004660	five-chain-k0-slack_three-2	distinct	replay	3	FSFSFS	0	none
frontier-run-004661	five-chain-k0-slack_three-2	distinct	replay	3	FSFFSS	0	none
frontier-run-004662	five-chain-k0-slack_three-2	distinct	replay	3	FFSSSS	0	none
frontier-run-004663	five-chain-k0-slack_three-2	distinct	replay	3	FFSSSF	0	none
frontier-run-004664	five-chain-k0-slack_three-2	distinct	replay	3	FFSSFS	0	none
frontier-run-004665	five-chain-k0-slack_three-2	distinct	replay	3	FFSFSS	0	none
frontier-run-004666	five-chain-k0-slack_three-2	distinct	replay	3	FFFSSS	0	none
frontier-run-004667	five-chain-k0-slack_three-2	colliding	replay	3	SSSSS	0	none
frontier-run-004668	five-chain-k0-slack_three-2	colliding	replay	3	SSSSFS	0	none
frontier-run-004669	five-chain-k0-slack_three-2	colliding	replay	3	SSSSFF	0	none
frontier-run-004670	five-chain-k0-slack_three-2	colliding	replay	3	SSSFSS	0	none
frontier-run-004671	five-chain-k0-slack_three-2	colliding	replay	3	SSSFSF	0	none
frontier-run-004672	five-chain-k0-slack_three-2	colliding	replay	3	SSSFFS	0	none
frontier-run-004673	five-chain-k0-slack_three-2	colliding	replay	3	SSSFFF	0	none
frontier-run-004674	five-chain-k0-slack_three-2	colliding	replay	3	SSFSSS	0	none
frontier-run-004675	five-chain-k0-slack_three-2	colliding	replay	3	SSFSSF	0	none
frontier-run-004676	five-chain-k0-slack_three-2	colliding	replay	3	SSFSFS	0	none
frontier-run-004677	five-chain-k0-slack_three-2	colliding	replay	3	SSFSFF	0	none
frontier-run-004678	five-chain-k0-slack_three-2	colliding	replay	3	SSFFSS	0	none
frontier-run-004679	five-chain-k0-slack_three-2	colliding	replay	3	SSFFSF	0	none
frontier-run-004680	five-chain-k0-slack_three-2	colliding	replay	3	SSFFFS	0	none
frontier-run-004681	five-chain-k0-slack_three-2	colliding	replay	3	SFSSSS	0	none
frontier-run-004682	five-chain-k0-slack_three-2	colliding	replay	3	SFSSSF	0	none
frontier-run-004683	five-chain-k0-slack_three-2	colliding	replay	3	SFSSFS	0	none
frontier-run-004684	five-chain-k0-slack_three-2	colliding	replay	3	SFSSFF	0	none
frontier-run-004685	five-chain-k0-slack_three-2	colliding	replay	3	SFSFSS	0	none
frontier-run-004686	five-chain-k0-slack_three-2	colliding	replay	3	SFSFSF	0	none
frontier-run-004687	five-chain-k0-slack_three-2	colliding	replay	3	SFSFFS	0	none
frontier-run-004688	five-chain-k0-slack_three-2	colliding	replay	3	SFFSSS	0	none
frontier-run-004689	five-chain-k0-slack_three-2	colliding	replay	3	SFFSSF	0	none
frontier-run-004690	five-chain-k0-slack_three-2	colliding	replay	3	SFFSFS	0	none
frontier-run-004691	five-chain-k0-slack_three-2	colliding	replay	3	SFFFSS	0	none
frontier-run-004692	five-chain-k0-slack_three-2	colliding	replay	3	FSSSSS	0	none
frontier-run-004693	five-chain-k0-slack_three-2	colliding	replay	3	FSSSSF	0	none
frontier-run-004694	five-chain-k0-slack_three-2	colliding	replay	3	FSSSFS	0	none
frontier-run-004695	five-chain-k0-slack_three-2	colliding	replay	3	FSSSFF	0	none
frontier-run-004696	five-chain-k0-slack_three-2	colliding	replay	3	FSSFSS	0	none
frontier-run-004697	five-chain-k0-slack_three-2	colliding	replay	3	FSSFSF	0	none
frontier-run-004698	five-chain-k0-slack_three-2	colliding	replay	3	FSSFFS	0	none
frontier-run-004699	five-chain-k0-slack_three-2	colliding	replay	3	FSFSSS	0	none
frontier-run-004700	five-chain-k0-slack_three-2	colliding	replay	3	FSFSSF	0	none
frontier-run-004701	five-chain-k0-slack_three-2	colliding	replay	3	FSFSFS	0	none
frontier-run-004702	five-chain-k0-slack_three-2	colliding	replay	3	FSFFSS	0	none
frontier-run-004703	five-chain-k0-slack_three-2	colliding	replay	3	FFSSSS	0	none
frontier-run-004704	five-chain-k0-slack_three-2	colliding	replay	3	FFSSSF	0	none
frontier-run-004705	five-chain-k0-slack_three-2	colliding	replay	3	FFSSFS	0	none
frontier-run-004706	five-chain-k0-slack_three-2	colliding	replay	3	FFSFSS	0	none
frontier-run-004707	five-chain-k0-slack_three-2	colliding	replay	3	FFFSSS	0	none
frontier-run-004708	five-chain-k0-slack_three-2	distinct	concurrent	3	-	11	none
frontier-run-004709	five-chain-k0-slack_three-2	distinct	concurrent	3	-	23	none
frontier-run-004710	five-chain-k0-slack_three-2	colliding	concurrent	3	-	11	none
frontier-run-004711	five-chain-k0-slack_three-2	colliding	concurrent	3	-	23	none
frontier-run-004712	five-chain-k0-slack_three-3	distinct	replay	0	SSSSS	0	none
frontier-run-004713	five-chain-k0-slack_three-3	colliding	replay	0	SSSSS	0	none
frontier-run-004714	five-chain-k0-slack_three-3	distinct	replay	1	SSSSS	0	none
frontier-run-004715	five-chain-k0-slack_three-3	distinct	replay	1	SSSSF	0	none
frontier-run-004716	five-chain-k0-slack_three-3	distinct	replay	1	SSSFS	0	none
frontier-run-004717	five-chain-k0-slack_three-3	distinct	replay	1	SSFSS	0	none
frontier-run-004718	five-chain-k0-slack_three-3	distinct	replay	1	SFSSS	0	none
frontier-run-004719	five-chain-k0-slack_three-3	distinct	replay	1	FSSSS	0	none
frontier-run-004720	five-chain-k0-slack_three-3	colliding	replay	1	SSSSS	0	none
frontier-run-004721	five-chain-k0-slack_three-3	colliding	replay	1	SSSSF	0	none
frontier-run-004722	five-chain-k0-slack_three-3	colliding	replay	1	SSSFS	0	none
frontier-run-004723	five-chain-k0-slack_three-3	colliding	replay	1	SSFSS	0	none
frontier-run-004724	five-chain-k0-slack_three-3	colliding	replay	1	SFSSS	0	none
frontier-run-004725	five-chain-k0-slack_three-3	colliding	replay	1	FSSSS	0	none
frontier-run-004726	five-chain-k0-slack_three-3	distinct	replay	2	SSSSS	0	none
frontier-run-004727	five-chain-k0-slack_three-3	distinct	replay	2	SSSSF	0	none
frontier-run-004728	five-chain-k0-slack_three-3	distinct	replay	2	SSSFS	0	none
frontier-run-004729	five-chain-k0-slack_three-3	distinct	replay	2	SSSFF	0	none
frontier-run-004730	five-chain-k0-slack_three-3	distinct	replay	2	SSFSS	0	none
frontier-run-004731	five-chain-k0-slack_three-3	distinct	replay	2	SSFSF	0	none
frontier-run-004732	five-chain-k0-slack_three-3	distinct	replay	2	SSFFS	0	none
frontier-run-004733	five-chain-k0-slack_three-3	distinct	replay	2	SFSSS	0	none
frontier-run-004734	five-chain-k0-slack_three-3	distinct	replay	2	SFSSF	0	none
frontier-run-004735	five-chain-k0-slack_three-3	distinct	replay	2	SFSFS	0	none
frontier-run-004736	five-chain-k0-slack_three-3	distinct	replay	2	SFFSS	0	none
frontier-run-004737	five-chain-k0-slack_three-3	distinct	replay	2	FSSSS	0	none
frontier-run-004738	five-chain-k0-slack_three-3	distinct	replay	2	FSSSF	0	none
frontier-run-004739	five-chain-k0-slack_three-3	distinct	replay	2	FSSFS	0	none
frontier-run-004740	five-chain-k0-slack_three-3	distinct	replay	2	FSFSS	0	none
frontier-run-004741	five-chain-k0-slack_three-3	distinct	replay	2	FFSSS	0	none
frontier-run-004742	five-chain-k0-slack_three-3	colliding	replay	2	SSSSS	0	none
frontier-run-004743	five-chain-k0-slack_three-3	colliding	replay	2	SSSSF	0	none
frontier-run-004744	five-chain-k0-slack_three-3	colliding	replay	2	SSSFS	0	none
frontier-run-004745	five-chain-k0-slack_three-3	colliding	replay	2	SSSFF	0	none
frontier-run-004746	five-chain-k0-slack_three-3	colliding	replay	2	SSFSS	0	none
frontier-run-004747	five-chain-k0-slack_three-3	colliding	replay	2	SSFSF	0	none
frontier-run-004748	five-chain-k0-slack_three-3	colliding	replay	2	SSFFS	0	none
frontier-run-004749	five-chain-k0-slack_three-3	colliding	replay	2	SFSSS	0	none
frontier-run-004750	five-chain-k0-slack_three-3	colliding	replay	2	SFSSF	0	none
frontier-run-004751	five-chain-k0-slack_three-3	colliding	replay	2	SFSFS	0	none
frontier-run-004752	five-chain-k0-slack_three-3	colliding	replay	2	SFFSS	0	none
frontier-run-004753	five-chain-k0-slack_three-3	colliding	replay	2	FSSSS	0	none
frontier-run-004754	five-chain-k0-slack_three-3	colliding	replay	2	FSSSF	0	none
frontier-run-004755	five-chain-k0-slack_three-3	colliding	replay	2	FSSFS	0	none
frontier-run-004756	five-chain-k0-slack_three-3	colliding	replay	2	FSFSS	0	none
frontier-run-004757	five-chain-k0-slack_three-3	colliding	replay	2	FFSSS	0	none
frontier-run-004758	five-chain-k0-slack_three-3	distinct	replay	3	SSSSS	0	none
frontier-run-004759	five-chain-k0-slack_three-3	distinct	replay	3	SSSSF	0	none
frontier-run-004760	five-chain-k0-slack_three-3	distinct	replay	3	SSSFS	0	none
frontier-run-004761	five-chain-k0-slack_three-3	distinct	replay	3	SSSFF	0	none
frontier-run-004762	five-chain-k0-slack_three-3	distinct	replay	3	SSFSS	0	none
frontier-run-004763	five-chain-k0-slack_three-3	distinct	replay	3	SSFSF	0	none
frontier-run-004764	five-chain-k0-slack_three-3	distinct	replay	3	SSFFS	0	none
frontier-run-004765	five-chain-k0-slack_three-3	distinct	replay	3	SSFFF	0	none
frontier-run-004766	five-chain-k0-slack_three-3	distinct	replay	3	SFSSS	0	none
frontier-run-004767	five-chain-k0-slack_three-3	distinct	replay	3	SFSSF	0	none
frontier-run-004768	five-chain-k0-slack_three-3	distinct	replay	3	SFSFS	0	none
frontier-run-004769	five-chain-k0-slack_three-3	distinct	replay	3	SFSFF	0	none
frontier-run-004770	five-chain-k0-slack_three-3	distinct	replay	3	SFFSS	0	none
frontier-run-004771	five-chain-k0-slack_three-3	distinct	replay	3	SFFSF	0	none
frontier-run-004772	five-chain-k0-slack_three-3	distinct	replay	3	SFFFS	0	none
frontier-run-004773	five-chain-k0-slack_three-3	distinct	replay	3	FSSSS	0	none
frontier-run-004774	five-chain-k0-slack_three-3	distinct	replay	3	FSSSF	0	none
frontier-run-004775	five-chain-k0-slack_three-3	distinct	replay	3	FSSFS	0	none
frontier-run-004776	five-chain-k0-slack_three-3	distinct	replay	3	FSSFF	0	none
frontier-run-004777	five-chain-k0-slack_three-3	distinct	replay	3	FSFSS	0	none
frontier-run-004778	five-chain-k0-slack_three-3	distinct	replay	3	FSFSF	0	none
frontier-run-004779	five-chain-k0-slack_three-3	distinct	replay	3	FSFFS	0	none
frontier-run-004780	five-chain-k0-slack_three-3	distinct	replay	3	FFSSS	0	none
frontier-run-004781	five-chain-k0-slack_three-3	distinct	replay	3	FFSSF	0	none
frontier-run-004782	five-chain-k0-slack_three-3	distinct	replay	3	FFSFS	0	none
frontier-run-004783	five-chain-k0-slack_three-3	distinct	replay	3	FFFSS	0	none
frontier-run-004784	five-chain-k0-slack_three-3	colliding	replay	3	SSSSS	0	none
frontier-run-004785	five-chain-k0-slack_three-3	colliding	replay	3	SSSSF	0	none
frontier-run-004786	five-chain-k0-slack_three-3	colliding	replay	3	SSSFS	0	none
frontier-run-004787	five-chain-k0-slack_three-3	colliding	replay	3	SSSFF	0	none
frontier-run-004788	five-chain-k0-slack_three-3	colliding	replay	3	SSFSS	0	none
frontier-run-004789	five-chain-k0-slack_three-3	colliding	replay	3	SSFSF	0	none
frontier-run-004790	five-chain-k0-slack_three-3	colliding	replay	3	SSFFS	0	none
frontier-run-004791	five-chain-k0-slack_three-3	colliding	replay	3	SSFFF	0	none
frontier-run-004792	five-chain-k0-slack_three-3	colliding	replay	3	SFSSS	0	none
frontier-run-004793	five-chain-k0-slack_three-3	colliding	replay	3	SFSSF	0	none
frontier-run-004794	five-chain-k0-slack_three-3	colliding	replay	3	SFSFS	0	none
frontier-run-004795	five-chain-k0-slack_three-3	colliding	replay	3	SFSFF	0	none
frontier-run-004796	five-chain-k0-slack_three-3	colliding	replay	3	SFFSS	0	none
frontier-run-004797	five-chain-k0-slack_three-3	colliding	replay	3	SFFSF	0	none
frontier-run-004798	five-chain-k0-slack_three-3	colliding	replay	3	SFFFS	0	none
frontier-run-004799	five-chain-k0-slack_three-3	colliding	replay	3	FSSSS	0	none
frontier-run-004800	five-chain-k0-slack_three-3	colliding	replay	3	FSSSF	0	none
frontier-run-004801	five-chain-k0-slack_three-3	colliding	replay	3	FSSFS	0	none
frontier-run-004802	five-chain-k0-slack_three-3	colliding	replay	3	FSSFF	0	none
frontier-run-004803	five-chain-k0-slack_three-3	colliding	replay	3	FSFSS	0	none
frontier-run-004804	five-chain-k0-slack_three-3	colliding	replay	3	FSFSF	0	none
frontier-run-004805	five-chain-k0-slack_three-3	colliding	replay	3	FSFFS	0	none
frontier-run-004806	five-chain-k0-slack_three-3	colliding	replay	3	FFSSS	0	none
frontier-run-004807	five-chain-k0-slack_three-3	colliding	replay	3	FFSSF	0	none
frontier-run-004808	five-chain-k0-slack_three-3	colliding	replay	3	FFSFS	0	none
frontier-run-004809	five-chain-k0-slack_three-3	colliding	replay	3	FFFSS	0	none
frontier-run-004810	five-chain-k0-slack_three-3	distinct	concurrent	3	-	11	none
frontier-run-004811	five-chain-k0-slack_three-3	distinct	concurrent	3	-	23	none
frontier-run-004812	five-chain-k0-slack_three-3	colliding	concurrent	3	-	11	none
frontier-run-004813	five-chain-k0-slack_three-3	colliding	concurrent	3	-	23	none
frontier-run-004814	five-chain-k0-slack_two-0	distinct	replay	0	SSSSS	0	none
frontier-run-004815	five-chain-k0-slack_two-0	colliding	replay	0	SSSSS	0	none
frontier-run-004816	five-chain-k0-slack_two-0	distinct	replay	1	SSSSS	0	none
frontier-run-004817	five-chain-k0-slack_two-0	distinct	replay	1	SSSSFS	0	none
frontier-run-004818	five-chain-k0-slack_two-0	distinct	replay	1	SSSFSS	0	none
frontier-run-004819	five-chain-k0-slack_two-0	distinct	replay	1	SSFSSS	0	none
frontier-run-004820	five-chain-k0-slack_two-0	distinct	replay	1	SFSSSS	0	none
frontier-run-004821	five-chain-k0-slack_two-0	distinct	replay	1	FSSSSS	0	none
frontier-run-004822	five-chain-k0-slack_two-0	colliding	replay	1	SSSSS	0	none
frontier-run-004823	five-chain-k0-slack_two-0	colliding	replay	1	SSSSFS	0	none
frontier-run-004824	five-chain-k0-slack_two-0	colliding	replay	1	SSSFSS	0	none
frontier-run-004825	five-chain-k0-slack_two-0	colliding	replay	1	SSFSSS	0	none
frontier-run-004826	five-chain-k0-slack_two-0	colliding	replay	1	SFSSSS	0	none
frontier-run-004827	five-chain-k0-slack_two-0	colliding	replay	1	FSSSSS	0	none
frontier-run-004828	five-chain-k0-slack_two-0	distinct	replay	2	SSSSS	0	none
frontier-run-004829	five-chain-k0-slack_two-0	distinct	replay	2	SSSSFS	0	none
frontier-run-004830	five-chain-k0-slack_two-0	distinct	replay	2	SSSSFFS	0	none
frontier-run-004831	five-chain-k0-slack_two-0	distinct	replay	2	SSSFSS	0	none
frontier-run-004832	five-chain-k0-slack_two-0	distinct	replay	2	SSSFSFS	0	none
frontier-run-004833	five-chain-k0-slack_two-0	distinct	replay	2	SSSFFSS	0	none
frontier-run-004834	five-chain-k0-slack_two-0	distinct	replay	2	SSFSSS	0	none
frontier-run-004835	five-chain-k0-slack_two-0	distinct	replay	2	SSFSSFS	0	none
frontier-run-004836	five-chain-k0-slack_two-0	distinct	replay	2	SSFSFSS	0	none
frontier-run-004837	five-chain-k0-slack_two-0	distinct	replay	2	SSFFSSS	0	none
frontier-run-004838	five-chain-k0-slack_two-0	distinct	replay	2	SFSSSS	0	none
frontier-run-004839	five-chain-k0-slack_two-0	distinct	replay	2	SFSSSFS	0	none
frontier-run-004840	five-chain-k0-slack_two-0	distinct	replay	2	SFSSFSS	0	none
frontier-run-004841	five-chain-k0-slack_two-0	distinct	replay	2	SFSFSSS	0	none
frontier-run-004842	five-chain-k0-slack_two-0	distinct	replay	2	SFFSSSS	0	none
frontier-run-004843	five-chain-k0-slack_two-0	distinct	replay	2	FSSSSS	0	none
frontier-run-004844	five-chain-k0-slack_two-0	distinct	replay	2	FSSSSFS	0	none
frontier-run-004845	five-chain-k0-slack_two-0	distinct	replay	2	FSSSFSS	0	none
frontier-run-004846	five-chain-k0-slack_two-0	distinct	replay	2	FSSFSSS	0	none
frontier-run-004847	five-chain-k0-slack_two-0	distinct	replay	2	FSFSSSS	0	none
frontier-run-004848	five-chain-k0-slack_two-0	distinct	replay	2	FFSSSSS	0	none
frontier-run-004849	five-chain-k0-slack_two-0	colliding	replay	2	SSSSS	0	none
frontier-run-004850	five-chain-k0-slack_two-0	colliding	replay	2	SSSSFS	0	none
frontier-run-004851	five-chain-k0-slack_two-0	colliding	replay	2	SSSSFFS	0	none
frontier-run-004852	five-chain-k0-slack_two-0	colliding	replay	2	SSSFSS	0	none
frontier-run-004853	five-chain-k0-slack_two-0	colliding	replay	2	SSSFSFS	0	none
frontier-run-004854	five-chain-k0-slack_two-0	colliding	replay	2	SSSFFSS	0	none
frontier-run-004855	five-chain-k0-slack_two-0	colliding	replay	2	SSFSSS	0	none
frontier-run-004856	five-chain-k0-slack_two-0	colliding	replay	2	SSFSSFS	0	none
frontier-run-004857	five-chain-k0-slack_two-0	colliding	replay	2	SSFSFSS	0	none
frontier-run-004858	five-chain-k0-slack_two-0	colliding	replay	2	SSFFSSS	0	none
frontier-run-004859	five-chain-k0-slack_two-0	colliding	replay	2	SFSSSS	0	none
frontier-run-004860	five-chain-k0-slack_two-0	colliding	replay	2	SFSSSFS	0	none
frontier-run-004861	five-chain-k0-slack_two-0	colliding	replay	2	SFSSFSS	0	none
frontier-run-004862	five-chain-k0-slack_two-0	colliding	replay	2	SFSFSSS	0	none
frontier-run-004863	five-chain-k0-slack_two-0	colliding	replay	2	SFFSSSS	0	none
frontier-run-004864	five-chain-k0-slack_two-0	colliding	replay	2	FSSSSS	0	none
frontier-run-004865	five-chain-k0-slack_two-0	colliding	replay	2	FSSSSFS	0	none
frontier-run-004866	five-chain-k0-slack_two-0	colliding	replay	2	FSSSFSS	0	none
frontier-run-004867	five-chain-k0-slack_two-0	colliding	replay	2	FSSFSSS	0	none
frontier-run-004868	five-chain-k0-slack_two-0	colliding	replay	2	FSFSSSS	0	none
frontier-run-004869	five-chain-k0-slack_two-0	colliding	replay	2	FFSSSSS	0	none
frontier-run-004870	five-chain-k0-slack_two-0	distinct	replay	3	SSSSS	0	none
frontier-run-004871	five-chain-k0-slack_two-0	distinct	replay	3	SSSSFS	0	none
frontier-run-004872	five-chain-k0-slack_two-0	distinct	replay	3	SSSSFFS	0	none
frontier-run-004873	five-chain-k0-slack_two-0	distinct	replay	3	SSSSFFFS	0	none
frontier-run-004874	five-chain-k0-slack_two-0	distinct	replay	3	SSSFSS	0	none
frontier-run-004875	five-chain-k0-slack_two-0	distinct	replay	3	SSSFSFS	0	none
frontier-run-004876	five-chain-k0-slack_two-0	distinct	replay	3	SSSFSFFS	0	none
frontier-run-004877	five-chain-k0-slack_two-0	distinct	replay	3	SSSFFSS	0	none
frontier-run-004878	five-chain-k0-slack_two-0	distinct	replay	3	SSSFFSFS	0	none
frontier-run-004879	five-chain-k0-slack_two-0	distinct	replay	3	SSSFFFSS	0	none
frontier-run-004880	five-chain-k0-slack_two-0	distinct	replay	3	SSFSSS	0	none
frontier-run-004881	five-chain-k0-slack_two-0	distinct	replay	3	SSFSSFS	0	none
frontier-run-004882	five-chain-k0-slack_two-0	distinct	replay	3	SSFSSFFS	0	none
frontier-run-004883	five-chain-k0-slack_two-0	distinct	replay	3	SSFSFSS	0	none
frontier-run-004884	five-chain-k0-slack_two-0	distinct	replay	3	SSFSFSFS	0	none
frontier-run-004885	five-chain-k0-slack_two-0	distinct	replay	3	SSFSFFSS	0	none
frontier-run-004886	five-chain-k0-slack_two-0	distinct	replay	3	SSFFSSS	0	none
frontier-run-004887	five-chain-k0-slack_two-0	distinct	replay	3	SSFFSSFS	0	none
frontier-run-004888	five-chain-k0-slack_two-0	distinct	replay	3	SSFFSFSS	0	none
frontier-run-004889	five-chain-k0-slack_two-0	distinct	replay	3	SSFFFSSS	0	none
frontier-run-004890	five-chain-k0-slack_two-0	distinct	replay	3	SFSSSS	0	none
frontier-run-004891	five-chain-k0-slack_two-0	distinct	replay	3	SFSSSFS	0	none
frontier-run-004892	five-chain-k0-slack_two-0	distinct	replay	3	SFSSSFFS	0	none
frontier-run-004893	five-chain-k0-slack_two-0	distinct	replay	3	SFSSFSS	0	none
frontier-run-004894	five-chain-k0-slack_two-0	distinct	replay	3	SFSSFSFS	0	none
frontier-run-004895	five-chain-k0-slack_two-0	distinct	replay	3	SFSSFFSS	0	none
frontier-run-004896	five-chain-k0-slack_two-0	distinct	replay	3	SFSFSSS	0	none
frontier-run-004897	five-chain-k0-slack_two-0	distinct	replay	3	SFSFSSFS	0	none
frontier-run-004898	five-chain-k0-slack_two-0	distinct	replay	3	SFSFSFSS	0	none
frontier-run-004899	five-chain-k0-slack_two-0	distinct	replay	3	SFSFFSSS	0	none
frontier-run-004900	five-chain-k0-slack_two-0	distinct	replay	3	SFFSSSS	0	none
frontier-run-004901	five-chain-k0-slack_two-0	distinct	replay	3	SFFSSSFS	0	none
frontier-run-004902	five-chain-k0-slack_two-0	distinct	replay	3	SFFSSFSS	0	none
frontier-run-004903	five-chain-k0-slack_two-0	distinct	replay	3	SFFSFSSS	0	none
frontier-run-004904	five-chain-k0-slack_two-0	distinct	replay	3	SFFFSSSS	0	none
frontier-run-004905	five-chain-k0-slack_two-0	distinct	replay	3	FSSSSS	0	none
frontier-run-004906	five-chain-k0-slack_two-0	distinct	replay	3	FSSSSFS	0	none
frontier-run-004907	five-chain-k0-slack_two-0	distinct	replay	3	FSSSSFFS	0	none
frontier-run-004908	five-chain-k0-slack_two-0	distinct	replay	3	FSSSFSS	0	none
frontier-run-004909	five-chain-k0-slack_two-0	distinct	replay	3	FSSSFSFS	0	none
frontier-run-004910	five-chain-k0-slack_two-0	distinct	replay	3	FSSSFFSS	0	none
frontier-run-004911	five-chain-k0-slack_two-0	distinct	replay	3	FSSFSSS	0	none
frontier-run-004912	five-chain-k0-slack_two-0	distinct	replay	3	FSSFSSFS	0	none
frontier-run-004913	five-chain-k0-slack_two-0	distinct	replay	3	FSSFSFSS	0	none
frontier-run-004914	five-chain-k0-slack_two-0	distinct	replay	3	FSSFFSSS	0	none
frontier-run-004915	five-chain-k0-slack_two-0	distinct	replay	3	FSFSSSS	0	none
frontier-run-004916	five-chain-k0-slack_two-0	distinct	replay	3	FSFSSSFS	0	none
frontier-run-004917	five-chain-k0-slack_two-0	distinct	replay	3	FSFSSFSS	0	none
frontier-run-004918	five-chain-k0-slack_two-0	distinct	replay	3	FSFSFSSS	0	none
frontier-run-004919	five-chain-k0-slack_two-0	distinct	replay	3	FSFFSSSS	0	none
frontier-run-004920	five-chain-k0-slack_two-0	distinct	replay	3	FFSSSSS	0	none
frontier-run-004921	five-chain-k0-slack_two-0	distinct	replay	3	FFSSSSFS	0	none
frontier-run-004922	five-chain-k0-slack_two-0	distinct	replay	3	FFSSSFSS	0	none
frontier-run-004923	five-chain-k0-slack_two-0	distinct	replay	3	FFSSFSSS	0	none
frontier-run-004924	five-chain-k0-slack_two-0	distinct	replay	3	FFSFSSSS	0	none
frontier-run-004925	five-chain-k0-slack_two-0	distinct	replay	3	FFFSSSSS	0	none
frontier-run-004926	five-chain-k0-slack_two-0	colliding	replay	3	SSSSS	0	none
frontier-run-004927	five-chain-k0-slack_two-0	colliding	replay	3	SSSSFS	0	none
frontier-run-004928	five-chain-k0-slack_two-0	colliding	replay	3	SSSSFFS	0	none
frontier-run-004929	five-chain-k0-slack_two-0	colliding	replay	3	SSSSFFFS	0	none
frontier-run-004930	five-chain-k0-slack_two-0	colliding	replay	3	SSSFSS	0	none
frontier-run-004931	five-chain-k0-slack_two-0	colliding	replay	3	SSSFSFS	0	none
frontier-run-004932	five-chain-k0-slack_two-0	colliding	replay	3	SSSFSFFS	0	none
frontier-run-004933	five-chain-k0-slack_two-0	colliding	replay	3	SSSFFSS	0	none
frontier-run-004934	five-chain-k0-slack_two-0	colliding	replay	3	SSSFFSFS	0	none
frontier-run-004935	five-chain-k0-slack_two-0	colliding	replay	3	SSSFFFSS	0	none
frontier-run-004936	five-chain-k0-slack_two-0	colliding	replay	3	SSFSSS	0	none
frontier-run-004937	five-chain-k0-slack_two-0	colliding	replay	3	SSFSSFS	0	none
frontier-run-004938	five-chain-k0-slack_two-0	colliding	replay	3	SSFSSFFS	0	none
frontier-run-004939	five-chain-k0-slack_two-0	colliding	replay	3	SSFSFSS	0	none
frontier-run-004940	five-chain-k0-slack_two-0	colliding	replay	3	SSFSFSFS	0	none
frontier-run-004941	five-chain-k0-slack_two-0	colliding	replay	3	SSFSFFSS	0	none
frontier-run-004942	five-chain-k0-slack_two-0	colliding	replay	3	SSFFSSS	0	none
frontier-run-004943	five-chain-k0-slack_two-0	colliding	replay	3	SSFFSSFS	0	none
frontier-run-004944	five-chain-k0-slack_two-0	colliding	replay	3	SSFFSFSS	0	none
frontier-run-004945	five-chain-k0-slack_two-0	colliding	replay	3	SSFFFSSS	0	none
frontier-run-004946	five-chain-k0-slack_two-0	colliding	replay	3	SFSSSS	0	none
frontier-run-004947	five-chain-k0-slack_two-0	colliding	replay	3	SFSSSFS	0	none
frontier-run-004948	five-chain-k0-slack_two-0	colliding	replay	3	SFSSSFFS	0	none
frontier-run-004949	five-chain-k0-slack_two-0	colliding	replay	3	SFSSFSS	0	none
frontier-run-004950	five-chain-k0-slack_two-0	colliding	replay	3	SFSSFSFS	0	none
frontier-run-004951	five-chain-k0-slack_two-0	colliding	replay	3	SFSSFFSS	0	none
frontier-run-004952	five-chain-k0-slack_two-0	colliding	replay	3	SFSFSSS	0	none
frontier-run-004953	five-chain-k0-slack_two-0	colliding	replay	3	SFSFSSFS	0	none
frontier-run-004954	five-chain-k0-slack_two-0	colliding	replay	3	SFSFSFSS	0	none
frontier-run-004955	five-chain-k0-slack_two-0	colliding	replay	3	SFSFFSSS	0	none
frontier-run-004956	five-chain-k0-slack_two-0	colliding	replay	3	SFFSSSS	0	none
frontier-run-004957	five-chain-k0-slack_two-0	colliding	replay	3	SFFSSSFS	0	none
frontier-run-004958	five-chain-k0-slack_two-0	colliding	replay	3	SFFSSFSS	0	none
frontier-run-004959	five-chain-k0-slack_two-0	colliding	replay	3	SFFSFSSS	0	none
frontier-run-004960	five-chain-k0-slack_two-0	colliding	replay	3	SFFFSSSS	0	none
frontier-run-004961	five-chain-k0-slack_two-0	colliding	replay	3	FSSSSS	0	none
frontier-run-004962	five-chain-k0-slack_two-0	colliding	replay	3	FSSSSFS	0	none
frontier-run-004963	five-chain-k0-slack_two-0	colliding	replay	3	FSSSSFFS	0	none
frontier-run-004964	five-chain-k0-slack_two-0	colliding	replay	3	FSSSFSS	0	none
frontier-run-004965	five-chain-k0-slack_two-0	colliding	replay	3	FSSSFSFS	0	none
frontier-run-004966	five-chain-k0-slack_two-0	colliding	replay	3	FSSSFFSS	0	none
frontier-run-004967	five-chain-k0-slack_two-0	colliding	replay	3	FSSFSSS	0	none
frontier-run-004968	five-chain-k0-slack_two-0	colliding	replay	3	FSSFSSFS	0	none
frontier-run-004969	five-chain-k0-slack_two-0	colliding	replay	3	FSSFSFSS	0	none
frontier-run-004970	five-chain-k0-slack_two-0	colliding	replay	3	FSSFFSSS	0	none
frontier-run-004971	five-chain-k0-slack_two-0	colliding	replay	3	FSFSSSS	0	none
frontier-run-004972	five-chain-k0-slack_two-0	colliding	replay	3	FSFSSSFS	0	none
frontier-run-004973	five-chain-k0-slack_two-0	colliding	replay	3	FSFSSFSS	0	none
frontier-run-004974	five-chain-k0-slack_two-0	colliding	replay	3	FSFSFSSS	0	none
frontier-run-004975	five-chain-k0-slack_two-0	colliding	replay	3	FSFFSSSS	0	none
frontier-run-004976	five-chain-k0-slack_two-0	colliding	replay	3	FFSSSSS	0	none
frontier-run-004977	five-chain-k0-slack_two-0	colliding	replay	3	FFSSSSFS	0	none
frontier-run-004978	five-chain-k0-slack_two-0	colliding	replay	3	FFSSSFSS	0	none
frontier-run-004979	five-chain-k0-slack_two-0	colliding	replay	3	FFSSFSSS	0	none
frontier-run-004980	five-chain-k0-slack_two-0	colliding	replay	3	FFSFSSSS	0	none
frontier-run-004981	five-chain-k0-slack_two-0	colliding	replay	3	FFFSSSSS	0	none
frontier-run-004982	five-chain-k0-slack_two-0	distinct	concurrent	3	-	11	none
frontier-run-004983	five-chain-k0-slack_two-0	distinct	concurrent	3	-	23	none
frontier-run-004984	five-chain-k0-slack_two-0	colliding	concurrent	3	-	11	none
frontier-run-004985	five-chain-k0-slack_two-0	colliding	concurrent	3	-	23	none
frontier-run-004986	five-chain-k0-slack_two-1	distinct	replay	0	SSSSS	0	none
frontier-run-004987	five-chain-k0-slack_two-1	colliding	replay	0	SSSSS	0	none
frontier-run-004988	five-chain-k0-slack_two-1	distinct	replay	1	-	0	none
frontier-run-004989	five-chain-k0-slack_two-1	colliding	replay	1	-	0	none
frontier-run-004990	five-chain-k0-slack_two-1	distinct	replay	2	SSSSS	0	none
frontier-run-004991	five-chain-k0-slack_two-1	distinct	replay	2	SSSSF	0	none
frontier-run-004992	five-chain-k0-slack_two-1	distinct	replay	2	SSSF	0	none
frontier-run-004993	five-chain-k0-slack_two-1	distinct	replay	2	SSF	0	none
frontier-run-004994	five-chain-k0-slack_two-1	distinct	replay	2	SF	0	none
frontier-run-004995	five-chain-k0-slack_two-1	distinct	replay	2	F	0	none
frontier-run-004996	five-chain-k0-slack_two-1	colliding	replay	2	SSSSS	0	none
frontier-run-004997	five-chain-k0-slack_two-1	colliding	replay	2	SSSSF	0	none
frontier-run-004998	five-chain-k0-slack_two-1	colliding	replay	2	SSSF	0	none
frontier-run-004999	five-chain-k0-slack_two-1	colliding	replay	2	SSF	0	none
frontier-run-005000	five-chain-k0-slack_two-1	colliding	replay	2	SF	0	none
frontier-run-005001	five-chain-k0-slack_two-1	colliding	replay	2	F	0	none
frontier-run-005002	five-chain-k0-slack_two-1	distinct	replay	3	SSSSS	0	none
frontier-run-005003	five-chain-k0-slack_two-1	distinct	replay	3	SSSSFS	0	none
frontier-run-005004	five-chain-k0-slack_two-1	distinct	replay	3	SSSSFF	0	none
frontier-run-005005	five-chain-k0-slack_two-1	distinct	replay	3	SSSFSS	0	none
frontier-run-005006	five-chain-k0-slack_two-1	distinct	replay	3	SSSFSF	0	none
frontier-run-005007	five-chain-k0-slack_two-1	distinct	replay	3	SSSFF	0	none
frontier-run-005008	five-chain-k0-slack_two-1	distinct	replay	3	SSFSSS	0	none
frontier-run-005009	five-chain-k0-slack_two-1	distinct	replay	3	SSFSSF	0	none
frontier-run-005010	five-chain-k0-slack_two-1	distinct	replay	3	SSFSF	0	none
frontier-run-005011	five-chain-k0-slack_two-1	distinct	replay	3	SSFF	0	none
frontier-run-005012	five-chain-k0-slack_two-1	distinct	replay	3	SFSSSS	0	none
frontier-run-005013	five-chain-k0-slack_two-1	distinct	replay	3	SFSSSF	0	none
frontier-run-005014	five-chain-k0-slack_two-1	distinct	replay	3	SFSSF	0	none
frontier-run-005015	five-chain-k0-slack_two-1	distinct	replay	3	SFSF	0	none
frontier-run-005016	five-chain-k0-slack_two-1	distinct	replay	3	SFF	0	none
frontier-run-005017	five-chain-k0-slack_two-1	distinct	replay	3	FSSSSS	0	none
frontier-run-005018	five-chain-k0-slack_two-1	distinct	replay	3	FSSSSF	0	none
frontier-run-005019	five-chain-k0-slack_two-1	distinct	replay	3	FSSSF	0	none
frontier-run-005020	five-chain-k0-slack_two-1	distinct	replay	3	FSSF	0	none
frontier-run-005021	five-chain-k0-slack_two-1	distinct	replay	3	FSF	0	none
frontier-run-005022	five-chain-k0-slack_two-1	distinct	replay	3	FF	0	none
frontier-run-005023	five-chain-k0-slack_two-1	colliding	replay	3	SSSSS	0	none
frontier-run-005024	five-chain-k0-slack_two-1	colliding	replay	3	SSSSFS	0	none
frontier-run-005025	five-chain-k0-slack_two-1	colliding	replay	3	SSSSFF	0	none
frontier-run-005026	five-chain-k0-slack_two-1	colliding	replay	3	SSSFSS	0	none
frontier-run-005027	five-chain-k0-slack_two-1	colliding	replay	3	SSSFSF	0	none
frontier-run-005028	five-chain-k0-slack_two-1	colliding	replay	3	SSSFF	0	none
frontier-run-005029	five-chain-k0-slack_two-1	colliding	replay	3	SSFSSS	0	none
frontier-run-005030	five-chain-k0-slack_two-1	colliding	replay	3	SSFSSF	0	none
frontier-run-005031	five-chain-k0-slack_two-1	colliding	replay	3	SSFSF	0	none
frontier-run-005032	five-chain-k0-slack_two-1	colliding	replay	3	SSFF	0	none
frontier-run-005033	five-chain-k0-slack_two-1	colliding	replay	3	SFSSSS	0	none
frontier-run-005034	five-chain-k0-slack_two-1	colliding	replay	3	SFSSSF	0	none
frontier-run-005035	five-chain-k0-slack_two-1	colliding	replay	3	SFSSF	0	none
frontier-run-005036	five-chain-k0-slack_two-1	colliding	replay	3	SFSF	0	none
frontier-run-005037	five-chain-k0-slack_two-1	colliding	replay	3	SFF	0	none
frontier-run-005038	five-chain-k0-slack_two-1	colliding	replay	3	FSSSSS	0	none
frontier-run-005039	five-chain-k0-slack_two-1	colliding	replay	3	FSSSSF	0	none
frontier-run-005040	five-chain-k0-slack_two-1	colliding	replay	3	FSSSF	0	none
frontier-run-005041	five-chain-k0-slack_two-1	colliding	replay	3	FSSF	0	none
frontier-run-005042	five-chain-k0-slack_two-1	colliding	replay	3	FSF	0	none
frontier-run-005043	five-chain-k0-slack_two-1	colliding	replay	3	FF	0	none
frontier-run-005044	five-chain-k0-slack_two-1	distinct	concurrent	3	-	11	none
frontier-run-005045	five-chain-k0-slack_two-1	distinct	concurrent	3	-	23	none
frontier-run-005046	five-chain-k0-slack_two-1	colliding	concurrent	3	-	11	none
frontier-run-005047	five-chain-k0-slack_two-1	colliding	concurrent	3	-	23	none
frontier-run-005048	five-chain-k0-slack_two-2	distinct	replay	0	SSSSS	0	none
frontier-run-005049	five-chain-k0-slack_two-2	colliding	replay	0	SSSSS	0	none
frontier-run-005050	five-chain-k0-slack_two-2	distinct	replay	1	-	0	none
frontier-run-005051	five-chain-k0-slack_two-2	colliding	replay	1	-	0	none
frontier-run-005052	five-chain-k0-slack_two-2	distinct	replay	2	-	0	none
frontier-run-005053	five-chain-k0-slack_two-2	colliding	replay	2	-	0	none
frontier-run-005054	five-chain-k0-slack_two-2	distinct	replay	3	SSSSS	0	none
frontier-run-005055	five-chain-k0-slack_two-2	distinct	replay	3	SSSSF	0	none
frontier-run-005056	five-chain-k0-slack_two-2	distinct	replay	3	SSSF	0	none
frontier-run-005057	five-chain-k0-slack_two-2	distinct	replay	3	SSF	0	none
frontier-run-005058	five-chain-k0-slack_two-2	distinct	replay	3	SF	0	none
frontier-run-005059	five-chain-k0-slack_two-2	distinct	replay	3	F	0	none
frontier-run-005060	five-chain-k0-slack_two-2	colliding	replay	3	SSSSS	0	none
frontier-run-005061	five-chain-k0-slack_two-2	colliding	replay	3	SSSSF	0	none
frontier-run-005062	five-chain-k0-slack_two-2	colliding	replay	3	SSSF	0	none
frontier-run-005063	five-chain-k0-slack_two-2	colliding	replay	3	SSF	0	none
frontier-run-005064	five-chain-k0-slack_two-2	colliding	replay	3	SF	0	none
frontier-run-005065	five-chain-k0-slack_two-2	colliding	replay	3	F	0	none
frontier-run-005066	five-chain-k0-slack_two-2	distinct	concurrent	3	-	11	none
frontier-run-005067	five-chain-k0-slack_two-2	distinct	concurrent	3	-	23	none
frontier-run-005068	five-chain-k0-slack_two-2	colliding	concurrent	3	-	11	none
frontier-run-005069	five-chain-k0-slack_two-2	colliding	concurrent	3	-	23	none
frontier-run-005070	five-chain-k0-slack_two-3	distinct	replay	0	SSSSS	0	none
frontier-run-005071	five-chain-k0-slack_two-3	colliding	replay	0	SSSSS	0	none
frontier-run-005072	five-chain-k0-slack_two-3	distinct	replay	1	-	0	none
frontier-run-005073	five-chain-k0-slack_two-3	colliding	replay	1	-	0	none
frontier-run-005074	five-chain-k0-slack_two-3	distinct	replay	2	-	0	none
frontier-run-005075	five-chain-k0-slack_two-3	colliding	replay	2	-	0	none
frontier-run-005076	five-chain-k0-slack_two-3	distinct	replay	3	-	0	none
frontier-run-005077	five-chain-k0-slack_two-3	colliding	replay	3	-	0	none
frontier-run-005078	five-chain-k0-slack_two-3	distinct	concurrent	3	-	11	none
frontier-run-005079	five-chain-k0-slack_two-3	distinct	concurrent	3	-	23	none
frontier-run-005080	five-chain-k0-slack_two-3	colliding	concurrent	3	-	11	none
frontier-run-005081	five-chain-k0-slack_two-3	colliding	concurrent	3	-	23	none
frontier-run-005082	five-chain-k2-slack_three-0	distinct	replay	0	SSSSS	0	none
frontier-run-005083	five-chain-k2-slack_three-0	colliding	replay	0	SSSSS	0	none
frontier-run-005084	five-chain-k2-slack_three-0	distinct	replay	1	SSSSS	0	none
frontier-run-005085	five-chain-k2-slack_three-0	distinct	replay	1	SSSSFS	0	none
frontier-run-005086	five-chain-k2-slack_three-0	distinct	replay	1	SSSFSS	0	none
frontier-run-005087	five-chain-k2-slack_three-0	distinct	replay	1	SSFSSS	0	none
frontier-run-005088	five-chain-k2-slack_three-0	distinct	replay	1	SFSSSS	0	none
frontier-run-005089	five-chain-k2-slack_three-0	distinct	replay	1	FSSSSS	0	none
frontier-run-005090	five-chain-k2-slack_three-0	colliding	replay	1	SSSSS	0	none
frontier-run-005091	five-chain-k2-slack_three-0	colliding	replay	1	SSSSFS	0	none
frontier-run-005092	five-chain-k2-slack_three-0	colliding	replay	1	SSSFSS	0	none
frontier-run-005093	five-chain-k2-slack_three-0	colliding	replay	1	SSFSSS	0	none
frontier-run-005094	five-chain-k2-slack_three-0	colliding	replay	1	SFSSSS	0	none
frontier-run-005095	five-chain-k2-slack_three-0	colliding	replay	1	FSSSSS	0	none
frontier-run-005096	five-chain-k2-slack_three-0	distinct	replay	2	SSSSS	0	none
frontier-run-005097	five-chain-k2-slack_three-0	distinct	replay	2	SSSSFS	0	none
frontier-run-005098	five-chain-k2-slack_three-0	distinct	replay	2	SSSSFFS	0	none
frontier-run-005099	five-chain-k2-slack_three-0	distinct	replay	2	SSSFSS	0	none
frontier-run-005100	five-chain-k2-slack_three-0	distinct	replay	2	SSSFSFS	0	none
frontier-run-005101	five-chain-k2-slack_three-0	distinct	replay	2	SSSFFSS	0	none
frontier-run-005102	five-chain-k2-slack_three-0	distinct	replay	2	SSFSSS	0	none
frontier-run-005103	five-chain-k2-slack_three-0	distinct	replay	2	SSFSSFS	0	none
frontier-run-005104	five-chain-k2-slack_three-0	distinct	replay	2	SSFSFSS	0	none
frontier-run-005105	five-chain-k2-slack_three-0	distinct	replay	2	SSFFSSS	0	none
frontier-run-005106	five-chain-k2-slack_three-0	distinct	replay	2	SFSSSS	0	none
frontier-run-005107	five-chain-k2-slack_three-0	distinct	replay	2	SFSSSFS	0	none
frontier-run-005108	five-chain-k2-slack_three-0	distinct	replay	2	SFSSFSS	0	none
frontier-run-005109	five-chain-k2-slack_three-0	distinct	replay	2	SFSFSSS	0	none
frontier-run-005110	five-chain-k2-slack_three-0	distinct	replay	2	SFFSSSS	0	none
frontier-run-005111	five-chain-k2-slack_three-0	distinct	replay	2	FSSSSS	0	none
frontier-run-005112	five-chain-k2-slack_three-0	distinct	replay	2	FSSSSFS	0	none
frontier-run-005113	five-chain-k2-slack_three-0	distinct	replay	2	FSSSFSS	0	none
frontier-run-005114	five-chain-k2-slack_three-0	distinct	replay	2	FSSFSSS	0	none
frontier-run-005115	five-chain-k2-slack_three-0	distinct	replay	2	FSFSSSS	0	none
frontier-run-005116	five-chain-k2-slack_three-0	distinct	replay	2	FFSSSSS	0	none
frontier-run-005117	five-chain-k2-slack_three-0	colliding	replay	2	SSSSS	0	none
frontier-run-005118	five-chain-k2-slack_three-0	colliding	replay	2	SSSSFS	0	none
frontier-run-005119	five-chain-k2-slack_three-0	colliding	replay	2	SSSSFFS	0	none
frontier-run-005120	five-chain-k2-slack_three-0	colliding	replay	2	SSSFSS	0	none
frontier-run-005121	five-chain-k2-slack_three-0	colliding	replay	2	SSSFSFS	0	none
frontier-run-005122	five-chain-k2-slack_three-0	colliding	replay	2	SSSFFSS	0	none
frontier-run-005123	five-chain-k2-slack_three-0	colliding	replay	2	SSFSSS	0	none
frontier-run-005124	five-chain-k2-slack_three-0	colliding	replay	2	SSFSSFS	0	none
frontier-run-005125	five-chain-k2-slack_three-0	colliding	replay	2	SSFSFSS	0	none
frontier-run-005126	five-chain-k2-slack_three-0	colliding	replay	2	SSFFSSS	0	none
frontier-run-005127	five-chain-k2-slack_three-0	colliding	replay	2	SFSSSS	0	none
frontier-run-005128	five-chain-k2-slack_three-0	colliding	replay	2	SFSSSFS	0	none
frontier-run-005129	five-chain-k2-slack_three-0	colliding	replay	2	SFSSFSS	0	none
frontier-run-005130	five-chain-k2-slack_three-0	colliding	replay	2	SFSFSSS	0	none
frontier-run-005131	five-chain-k2-slack_three-0	colliding	replay	2	SFFSSSS	0	none
frontier-run-005132	five-chain-k2-slack_three-0	colliding	replay	2	FSSSSS	0	none
frontier-run-005133	five-chain-k2-slack_three-0	colliding	replay	2	FSSSSFS	0	none
frontier-run-005134	five-chain-k2-slack_three-0	colliding	replay	2	FSSSFSS	0	none
frontier-run-005135	five-chain-k2-slack_three-0	colliding	replay	2	FSSFSSS	0	none
frontier-run-005136	five-chain-k2-slack_three-0	colliding	replay	2	FSFSSSS	0	none
frontier-run-005137	five-chain-k2-slack_three-0	colliding	replay	2	FFSSSSS	0	none
frontier-run-005138	five-chain-k2-slack_three-0	distinct	replay	3	SSSSS	0	none
frontier-run-005139	five-chain-k2-slack_three-0	distinct	replay	3	SSSSFS	0	none
frontier-run-005140	five-chain-k2-slack_three-0	distinct	replay	3	SSSSFFS	0	none
frontier-run-005141	five-chain-k2-slack_three-0	distinct	replay	3	SSSSFFFS	0	none
frontier-run-005142	five-chain-k2-slack_three-0	distinct	replay	3	SSSFSS	0	none
frontier-run-005143	five-chain-k2-slack_three-0	distinct	replay	3	SSSFSFS	0	none
frontier-run-005144	five-chain-k2-slack_three-0	distinct	replay	3	SSSFSFFS	0	none
frontier-run-005145	five-chain-k2-slack_three-0	distinct	replay	3	SSSFFSS	0	none
frontier-run-005146	five-chain-k2-slack_three-0	distinct	replay	3	SSSFFSFS	0	none
frontier-run-005147	five-chain-k2-slack_three-0	distinct	replay	3	SSSFFFSS	0	none
frontier-run-005148	five-chain-k2-slack_three-0	distinct	replay	3	SSFSSS	0	none
frontier-run-005149	five-chain-k2-slack_three-0	distinct	replay	3	SSFSSFS	0	none
frontier-run-005150	five-chain-k2-slack_three-0	distinct	replay	3	SSFSSFFS	0	none
frontier-run-005151	five-chain-k2-slack_three-0	distinct	replay	3	SSFSFSS	0	none
frontier-run-005152	five-chain-k2-slack_three-0	distinct	replay	3	SSFSFSFS	0	none
frontier-run-005153	five-chain-k2-slack_three-0	distinct	replay	3	SSFSFFSS	0	none
frontier-run-005154	five-chain-k2-slack_three-0	distinct	replay	3	SSFFSSS	0	none
frontier-run-005155	five-chain-k2-slack_three-0	distinct	replay	3	SSFFSSFS	0	none
frontier-run-005156	five-chain-k2-slack_three-0	distinct	replay	3	SSFFSFSS	0	none
frontier-run-005157	five-chain-k2-slack_three-0	distinct	replay	3	SSFFFSSS	0	none
frontier-run-005158	five-chain-k2-slack_three-0	distinct	replay	3	SFSSSS	0	none
frontier-run-005159	five-chain-k2-slack_three-0	distinct	replay	3	SFSSSFS	0	none
frontier-run-005160	five-chain-k2-slack_three-0	distinct	replay	3	SFSSSFFS	0	none
frontier-run-005161	five-chain-k2-slack_three-0	distinct	replay	3	SFSSFSS	0	none
frontier-run-005162	five-chain-k2-slack_three-0	distinct	replay	3	SFSSFSFS	0	none
frontier-run-005163	five-chain-k2-slack_three-0	distinct	replay	3	SFSSFFSS	0	none
frontier-run-005164	five-chain-k2-slack_three-0	distinct	replay	3	SFSFSSS	0	none
frontier-run-005165	five-chain-k2-slack_three-0	distinct	replay	3	SFSFSSFS	0	none
frontier-run-005166	five-chain-k2-slack_three-0	distinct	replay	3	SFSFSFSS	0	none
frontier-run-005167	five-chain-k2-slack_three-0	distinct	replay	3	SFSFFSSS	0	none
frontier-run-005168	five-chain-k2-slack_three-0	distinct	replay	3	SFFSSSS	0	none
frontier-run-005169	five-chain-k2-slack_three-0	distinct	replay	3	SFFSSSFS	0	none
frontier-run-005170	five-chain-k2-slack_three-0	distinct	replay	3	SFFSSFSS	0	none
frontier-run-005171	five-chain-k2-slack_three-0	distinct	replay	3	SFFSFSSS	0	none
frontier-run-005172	five-chain-k2-slack_three-0	distinct	replay	3	SFFFSSSS	0	none
frontier-run-005173	five-chain-k2-slack_three-0	distinct	replay	3	FSSSSS	0	none
frontier-run-005174	five-chain-k2-slack_three-0	distinct	replay	3	FSSSSFS	0	none
frontier-run-005175	five-chain-k2-slack_three-0	distinct	replay	3	FSSSSFFS	0	none
frontier-run-005176	five-chain-k2-slack_three-0	distinct	replay	3	FSSSFSS	0	none
frontier-run-005177	five-chain-k2-slack_three-0	distinct	replay	3	FSSSFSFS	0	none
frontier-run-005178	five-chain-k2-slack_three-0	distinct	replay	3	FSSSFFSS	0	none
frontier-run-005179	five-chain-k2-slack_three-0	distinct	replay	3	FSSFSSS	0	none
frontier-run-005180	five-chain-k2-slack_three-0	distinct	replay	3	FSSFSSFS	0	none
frontier-run-005181	five-chain-k2-slack_three-0	distinct	replay	3	FSSFSFSS	0	none
frontier-run-005182	five-chain-k2-slack_three-0	distinct	replay	3	FSSFFSSS	0	none
frontier-run-005183	five-chain-k2-slack_three-0	distinct	replay	3	FSFSSSS	0	none
frontier-run-005184	five-chain-k2-slack_three-0	distinct	replay	3	FSFSSSFS	0	none
frontier-run-005185	five-chain-k2-slack_three-0	distinct	replay	3	FSFSSFSS	0	none
frontier-run-005186	five-chain-k2-slack_three-0	distinct	replay	3	FSFSFSSS	0	none
frontier-run-005187	five-chain-k2-slack_three-0	distinct	replay	3	FSFFSSSS	0	none
frontier-run-005188	five-chain-k2-slack_three-0	distinct	replay	3	FFSSSSS	0	none
frontier-run-005189	five-chain-k2-slack_three-0	distinct	replay	3	FFSSSSFS	0	none
frontier-run-005190	five-chain-k2-slack_three-0	distinct	replay	3	FFSSSFSS	0	none
frontier-run-005191	five-chain-k2-slack_three-0	distinct	replay	3	FFSSFSSS	0	none
frontier-run-005192	five-chain-k2-slack_three-0	distinct	replay	3	FFSFSSSS	0	none
frontier-run-005193	five-chain-k2-slack_three-0	distinct	replay	3	FFFSSSSS	0	none
frontier-run-005194	five-chain-k2-slack_three-0	colliding	replay	3	SSSSS	0	none
frontier-run-005195	five-chain-k2-slack_three-0	colliding	replay	3	SSSSFS	0	none
frontier-run-005196	five-chain-k2-slack_three-0	colliding	replay	3	SSSSFFS	0	none
frontier-run-005197	five-chain-k2-slack_three-0	colliding	replay	3	SSSSFFFS	0	none
frontier-run-005198	five-chain-k2-slack_three-0	colliding	replay	3	SSSFSS	0	none
frontier-run-005199	five-chain-k2-slack_three-0	colliding	replay	3	SSSFSFS	0	none
frontier-run-005200	five-chain-k2-slack_three-0	colliding	replay	3	SSSFSFFS	0	none
frontier-run-005201	five-chain-k2-slack_three-0	colliding	replay	3	SSSFFSS	0	none
frontier-run-005202	five-chain-k2-slack_three-0	colliding	replay	3	SSSFFSFS	0	none
frontier-run-005203	five-chain-k2-slack_three-0	colliding	replay	3	SSSFFFSS	0	none
frontier-run-005204	five-chain-k2-slack_three-0	colliding	replay	3	SSFSSS	0	none
frontier-run-005205	five-chain-k2-slack_three-0	colliding	replay	3	SSFSSFS	0	none
frontier-run-005206	five-chain-k2-slack_three-0	colliding	replay	3	SSFSSFFS	0	none
frontier-run-005207	five-chain-k2-slack_three-0	colliding	replay	3	SSFSFSS	0	none
frontier-run-005208	five-chain-k2-slack_three-0	colliding	replay	3	SSFSFSFS	0	none
frontier-run-005209	five-chain-k2-slack_three-0	colliding	replay	3	SSFSFFSS	0	none
frontier-run-005210	five-chain-k2-slack_three-0	colliding	replay	3	SSFFSSS	0	none
frontier-run-005211	five-chain-k2-slack_three-0	colliding	replay	3	SSFFSSFS	0	none
frontier-run-005212	five-chain-k2-slack_three-0	colliding	replay	3	SSFFSFSS	0	none
frontier-run-005213	five-chain-k2-slack_three-0	colliding	replay	3	SSFFFSSS	0	none
frontier-run-005214	five-chain-k2-slack_three-0	colliding	replay	3	SFSSSS	0	none
frontier-run-005215	five-chain-k2-slack_three-0	colliding	replay	3	SFSSSFS	0	none
frontier-run-005216	five-chain-k2-slack_three-0	colliding	replay	3	SFSSSFFS	0	none
frontier-run-005217	five-chain-k2-slack_three-0	colliding	replay	3	SFSSFSS	0	none
frontier-run-005218	five-chain-k2-slack_three-0	colliding	replay	3	SFSSFSFS	0	none
frontier-run-005219	five-chain-k2-slack_three-0	colliding	replay	3	SFSSFFSS	0	none
frontier-run-005220	five-chain-k2-slack_three-0	colliding	replay	3	SFSFSSS	0	none
frontier-run-005221	five-chain-k2-slack_three-0	colliding	replay	3	SFSFSSFS	0	none
frontier-run-005222	five-chain-k2-slack_three-0	colliding	replay	3	SFSFSFSS	0	none
frontier-run-005223	five-chain-k2-slack_three-0	colliding	replay	3	SFSFFSSS	0	none
frontier-run-005224	five-chain-k2-slack_three-0	colliding	replay	3	SFFSSSS	0	none
frontier-run-005225	five-chain-k2-slack_three-0	colliding	replay	3	SFFSSSFS	0	none
frontier-run-005226	five-chain-k2-slack_three-0	colliding	replay	3	SFFSSFSS	0	none
frontier-run-005227	five-chain-k2-slack_three-0	colliding	replay	3	SFFSFSSS	0	none
frontier-run-005228	five-chain-k2-slack_three-0	colliding	replay	3	SFFFSSSS	0	none
frontier-run-005229	five-chain-k2-slack_three-0	colliding	replay	3	FSSSSS	0	none
frontier-run-005230	five-chain-k2-slack_three-0	colliding	replay	3	FSSSSFS	0	none
frontier-run-005231	five-chain-k2-slack_three-0	colliding	replay	3	FSSSSFFS	0	none
frontier-run-005232	five-chain-k2-slack_three-0	colliding	replay	3	FSSSFSS	0	none
frontier-run-005233	five-chain-k2-slack_three-0	colliding	replay	3	FSSSFSFS	0	none
frontier-run-005234	five-chain-k2-slack_three-0	colliding	replay	3	FSSSFFSS	0	none
frontier-run-005235	five-chain-k2-slack_three-0	colliding	replay	3	FSSFSSS	0	none
frontier-run-005236	five-chain-k2-slack_three-0	colliding	replay	3	FSSFSSFS	0	none
frontier-run-005237	five-chain-k2-slack_three-0	colliding	replay	3	FSSFSFSS	0	none
frontier-run-005238	five-chain-k2-slack_three-0	colliding	replay	3	FSSFFSSS	0	none
frontier-run-005239	five-chain-k2-slack_three-0	colliding	replay	3	FSFSSSS	0	none
frontier-run-005240	five-chain-k2-slack_three-0	colliding	replay	3	FSFSSSFS	0	none
frontier-run-005241	five-chain-k2-slack_three-0	colliding	replay	3	FSFSSFSS	0	none
frontier-run-005242	five-chain-k2-slack_three-0	colliding	replay	3	FSFSFSSS	0	none
frontier-run-005243	five-chain-k2-slack_three-0	colliding	replay	3	FSFFSSSS	0	none
frontier-run-005244	five-chain-k2-slack_three-0	colliding	replay	3	FFSSSSS	0	none
frontier-run-005245	five-chain-k2-slack_three-0	colliding	replay	3	FFSSSSFS	0	none
frontier-run-005246	five-chain-k2-slack_three-0	colliding	replay	3	FFSSSFSS	0	none
frontier-run-005247	five-chain-k2-slack_three-0	colliding	replay	3	FFSSFSSS	0	none
frontier-run-005248	five-chain-k2-slack_three-0	colliding	replay	3	FFSFSSSS	0	none
frontier-run-005249	five-chain-k2-slack_three-0	colliding	replay	3	FFFSSSSS	0	none
frontier-run-005250	five-chain-k2-slack_three-0	distinct	concurrent	3	-	11	none
frontier-run-005251	five-chain-k2-slack_three-0	distinct	concurrent	3	-	23	none
frontier-run-005252	five-chain-k2-slack_three-0	colliding	concurrent	3	-	11	none
frontier-run-005253	five-chain-k2-slack_three-0	colliding	concurrent	3	-	23	none
frontier-run-005254	five-chain-k2-slack_three-1	distinct	replay	0	SSSSS	0	none
frontier-run-005255	five-chain-k2-slack_three-1	colliding	replay	0	SSSSS	0	none
frontier-run-005256	five-chain-k2-slack_three-1	distinct	replay	1	SSSSS	0	none
frontier-run-005257	five-chain-k2-slack_three-1	distinct	replay	1	SSSSF	0	none
frontier-run-005258	five-chain-k2-slack_three-1	distinct	replay	1	SSSFS	0	none
frontier-run-005259	five-chain-k2-slack_three-1	distinct	replay	1	SSFSS	0	none
frontier-run-005260	five-chain-k2-slack_three-1	distinct	replay	1	SFSSS	0	none
frontier-run-005261	five-chain-k2-slack_three-1	distinct	replay	1	FSSSS	0	none
frontier-run-005262	five-chain-k2-slack_three-1	colliding	replay	1	SSSSS	0	none
frontier-run-005263	five-chain-k2-slack_three-1	colliding	replay	1	SSSSF	0	none
frontier-run-005264	five-chain-k2-slack_three-1	colliding	replay	1	SSSFS	0	none
frontier-run-005265	five-chain-k2-slack_three-1	colliding	replay	1	SSFSS	0	none
frontier-run-005266	five-chain-k2-slack_three-1	colliding	replay	1	SFSSS	0	none
frontier-run-005267	five-chain-k2-slack_three-1	colliding	replay	1	FSSSS	0	none
frontier-run-005268	five-chain-k2-slack_three-1	distinct	replay	2	SSSSS	0	none
frontier-run-005269	five-chain-k2-slack_three-1	distinct	replay	2	SSSSFS	0	none
frontier-run-005270	five-chain-k2-slack_three-1	distinct	replay	2	SSSSFF	0	none
frontier-run-005271	five-chain-k2-slack_three-1	distinct	replay	2	SSSFSS	0	none
frontier-run-005272	five-chain-k2-slack_three-1	distinct	replay	2	SSSFSF	0	none
frontier-run-005273	five-chain-k2-slack_three-1	distinct	replay	2	SSSFFS	0	none
frontier-run-005274	five-chain-k2-slack_three-1	distinct	replay	2	SSFSSS	0	none
frontier-run-005275	five-chain-k2-slack_three-1	distinct	replay	2	SSFSSF	0	none
frontier-run-005276	five-chain-k2-slack_three-1	distinct	replay	2	SSFSFS	0	none
frontier-run-005277	five-chain-k2-slack_three-1	distinct	replay	2	SSFFSS	0	none
frontier-run-005278	five-chain-k2-slack_three-1	distinct	replay	2	SFSSSS	0	none
frontier-run-005279	five-chain-k2-slack_three-1	distinct	replay	2	SFSSSF	0	none
frontier-run-005280	five-chain-k2-slack_three-1	distinct	replay	2	SFSSFS	0	none
frontier-run-005281	five-chain-k2-slack_three-1	distinct	replay	2	SFSFSS	0	none
frontier-run-005282	five-chain-k2-slack_three-1	distinct	replay	2	SFFSSS	0	none
frontier-run-005283	five-chain-k2-slack_three-1	distinct	replay	2	FSSSSS	0	none
frontier-run-005284	five-chain-k2-slack_three-1	distinct	replay	2	FSSSSF	0	none
frontier-run-005285	five-chain-k2-slack_three-1	distinct	replay	2	FSSSFS	0	none
frontier-run-005286	five-chain-k2-slack_three-1	distinct	replay	2	FSSFSS	0	none
frontier-run-005287	five-chain-k2-slack_three-1	distinct	replay	2	FSFSSS	0	none
frontier-run-005288	five-chain-k2-slack_three-1	distinct	replay	2	FFSSSS	0	none
frontier-run-005289	five-chain-k2-slack_three-1	colliding	replay	2	SSSSS	0	none
frontier-run-005290	five-chain-k2-slack_three-1	colliding	replay	2	SSSSFS	0	none
frontier-run-005291	five-chain-k2-slack_three-1	colliding	replay	2	SSSSFF	0	none
frontier-run-005292	five-chain-k2-slack_three-1	colliding	replay	2	SSSFSS	0	none
frontier-run-005293	five-chain-k2-slack_three-1	colliding	replay	2	SSSFSF	0	none
frontier-run-005294	five-chain-k2-slack_three-1	colliding	replay	2	SSSFFS	0	none
frontier-run-005295	five-chain-k2-slack_three-1	colliding	replay	2	SSFSSS	0	none
frontier-run-005296	five-chain-k2-slack_three-1	colliding	replay	2	SSFSSF	0	none
frontier-run-005297	five-chain-k2-slack_three-1	colliding	replay	2	SSFSFS	0	none
frontier-run-005298	five-chain-k2-slack_three-1	colliding	replay	2	SSFFSS	0	none
frontier-run-005299	five-chain-k2-slack_three-1	colliding	replay	2	SFSSSS	0	none
frontier-run-005300	five-chain-k2-slack_three-1	colliding	replay	2	SFSSSF	0	none
frontier-run-005301	five-chain-k2-slack_three-1	colliding	replay	2	SFSSFS	0	none
frontier-run-005302	five-chain-k2-slack_three-1	colliding	replay	2	SFSFSS	0	none
frontier-run-005303	five-chain-k2-slack_three-1	colliding	replay	2	SFFSSS	0	none
frontier-run-005304	five-chain-k2-slack_three-1	colliding	replay	2	FSSSSS	0	none
frontier-run-005305	five-chain-k2-slack_three-1	colliding	replay	2	FSSSSF	0	none
frontier-run-005306	five-chain-k2-slack_three-1	colliding	replay	2	FSSSFS	0	none
frontier-run-005307	five-chain-k2-slack_three-1	colliding	replay	2	FSSFSS	0	none
frontier-run-005308	five-chain-k2-slack_three-1	colliding	replay	2	FSFSSS	0	none
frontier-run-005309	five-chain-k2-slack_three-1	colliding	replay	2	FFSSSS	0	none
frontier-run-005310	five-chain-k2-slack_three-1	distinct	replay	3	SSSSS	0	none
frontier-run-005311	five-chain-k2-slack_three-1	distinct	replay	3	SSSSFS	0	none
frontier-run-005312	five-chain-k2-slack_three-1	distinct	replay	3	SSSSFFS	0	none
frontier-run-005313	five-chain-k2-slack_three-1	distinct	replay	3	SSSSFFF	0	none
frontier-run-005314	five-chain-k2-slack_three-1	distinct	replay	3	SSSFSS	0	none
frontier-run-005315	five-chain-k2-slack_three-1	distinct	replay	3	SSSFSFS	0	none
frontier-run-005316	five-chain-k2-slack_three-1	distinct	replay	3	SSSFSFF	0	none
frontier-run-005317	five-chain-k2-slack_three-1	distinct	replay	3	SSSFFSS	0	none
frontier-run-005318	five-chain-k2-slack_three-1	distinct	replay	3	SSSFFSF	0	none
frontier-run-005319	five-chain-k2-slack_three-1	distinct	replay	3	SSSFFFS	0	none
frontier-run-005320	five-chain-k2-slack_three-1	distinct	replay	3	SSFSSS	0	none
frontier-run-005321	five-chain-k2-slack_three-1	distinct	replay	3	SSFSSFS	0	none
frontier-run-005322	five-chain-k2-slack_three-1	distinct	replay	3	SSFSSFF	0	none
frontier-run-005323	five-chain-k2-slack_three-1	distinct	replay	3	SSFSFSS	0	none
frontier-run-005324	five-chain-k2-slack_three-1	distinct	replay	3	SSFSFSF	0	none
frontier-run-005325	five-chain-k2-slack_three-1	distinct	replay	3	SSFSFFS	0	none
frontier-run-005326	five-chain-k2-slack_three-1	distinct	replay	3	SSFFSSS	0	none
frontier-run-005327	five-chain-k2-slack_three-1	distinct	replay	3	SSFFSSF	0	none
frontier-run-005328	five-chain-k2-slack_three-1	distinct	replay	3	SSFFSFS	0	none
frontier-run-005329	five-chain-k2-slack_three-1	distinct	replay	3	SSFFFSS	0	none
frontier-run-005330	five-chain-k2-slack_three-1	distinct	replay	3	SFSSSS	0	none
frontier-run-005331	five-chain-k2-slack_three-1	distinct	replay	3	SFSSSFS	0	none
frontier-run-005332	five-chain-k2-slack_three-1	distinct	replay	3	SFSSSFF	0	none
frontier-run-005333	five-chain-k2-slack_three-1	distinct	replay	3	SFSSFSS	0	none
frontier-run-005334	five-chain-k2-slack_three-1	distinct	replay	3	SFSSFSF	0	none
frontier-run-005335	five-chain-k2-slack_three-1	distinct	replay	3	SFSSFFS	0	none
frontier-run-005336	five-chain-k2-slack_three-1	distinct	replay	3	SFSFSSS	0	none
frontier-run-005337	five-chain-k2-slack_three-1	distinct	replay	3	SFSFSSF	0	none
frontier-run-005338	five-chain-k2-slack_three-1	distinct	replay	3	SFSFSFS	0	none
frontier-run-005339	five-chain-k2-slack_three-1	distinct	replay	3	SFSFFSS	0	none
frontier-run-005340	five-chain-k2-slack_three-1	distinct	replay	3	SFFSSSS	0	none
frontier-run-005341	five-chain-k2-slack_three-1	distinct	replay	3	SFFSSSF	0	none
frontier-run-005342	five-chain-k2-slack_three-1	distinct	replay	3	SFFSSFS	0	none
frontier-run-005343	five-chain-k2-slack_three-1	distinct	replay	3	SFFSFSS	0	none
frontier-run-005344	five-chain-k2-slack_three-1	distinct	replay	3	SFFFSSS	0	none
frontier-run-005345	five-chain-k2-slack_three-1	distinct	replay	3	FSSSSS	0	none
frontier-run-005346	five-chain-k2-slack_three-1	distinct	replay	3	FSSSSFS	0	none
frontier-run-005347	five-chain-k2-slack_three-1	distinct	replay	3	FSSSSFF	0	none
frontier-run-005348	five-chain-k2-slack_three-1	distinct	replay	3	FSSSFSS	0	none
frontier-run-005349	five-chain-k2-slack_three-1	distinct	replay	3	FSSSFSF	0	none
frontier-run-005350	five-chain-k2-slack_three-1	distinct	replay	3	FSSSFFS	0	none
frontier-run-005351	five-chain-k2-slack_three-1	distinct	replay	3	FSSFSSS	0	none
frontier-run-005352	five-chain-k2-slack_three-1	distinct	replay	3	FSSFSSF	0	none
frontier-run-005353	five-chain-k2-slack_three-1	distinct	replay	3	FSSFSFS	0	none
frontier-run-005354	five-chain-k2-slack_three-1	distinct	replay	3	FSSFFSS	0	none
frontier-run-005355	five-chain-k2-slack_three-1	distinct	replay	3	FSFSSSS	0	none
frontier-run-005356	five-chain-k2-slack_three-1	distinct	replay	3	FSFSSSF	0	none
frontier-run-005357	five-chain-k2-slack_three-1	distinct	replay	3	FSFSSFS	0	none
frontier-run-005358	five-chain-k2-slack_three-1	distinct	replay	3	FSFSFSS	0	none
frontier-run-005359	five-chain-k2-slack_three-1	distinct	replay	3	FSFFSSS	0	none
frontier-run-005360	five-chain-k2-slack_three-1	distinct	replay	3	FFSSSSS	0	none
frontier-run-005361	five-chain-k2-slack_three-1	distinct	replay	3	FFSSSSF	0	none
frontier-run-005362	five-chain-k2-slack_three-1	distinct	replay	3	FFSSSFS	0	none
frontier-run-005363	five-chain-k2-slack_three-1	distinct	replay	3	FFSSFSS	0	none
frontier-run-005364	five-chain-k2-slack_three-1	distinct	replay	3	FFSFSSS	0	none
frontier-run-005365	five-chain-k2-slack_three-1	distinct	replay	3	FFFSSSS	0	none
frontier-run-005366	five-chain-k2-slack_three-1	colliding	replay	3	SSSSS	0	none
frontier-run-005367	five-chain-k2-slack_three-1	colliding	replay	3	SSSSFS	0	none
frontier-run-005368	five-chain-k2-slack_three-1	colliding	replay	3	SSSSFFS	0	none
frontier-run-005369	five-chain-k2-slack_three-1	colliding	replay	3	SSSSFFF	0	none
frontier-run-005370	five-chain-k2-slack_three-1	colliding	replay	3	SSSFSS	0	none
frontier-run-005371	five-chain-k2-slack_three-1	colliding	replay	3	SSSFSFS	0	none
frontier-run-005372	five-chain-k2-slack_three-1	colliding	replay	3	SSSFSFF	0	none
frontier-run-005373	five-chain-k2-slack_three-1	colliding	replay	3	SSSFFSS	0	none
frontier-run-005374	five-chain-k2-slack_three-1	colliding	replay	3	SSSFFSF	0	none
frontier-run-005375	five-chain-k2-slack_three-1	colliding	replay	3	SSSFFFS	0	none
frontier-run-005376	five-chain-k2-slack_three-1	colliding	replay	3	SSFSSS	0	none
frontier-run-005377	five-chain-k2-slack_three-1	colliding	replay	3	SSFSSFS	0	none
frontier-run-005378	five-chain-k2-slack_three-1	colliding	replay	3	SSFSSFF	0	none
frontier-run-005379	five-chain-k2-slack_three-1	colliding	replay	3	SSFSFSS	0	none
frontier-run-005380	five-chain-k2-slack_three-1	colliding	replay	3	SSFSFSF	0	none
frontier-run-005381	five-chain-k2-slack_three-1	colliding	replay	3	SSFSFFS	0	none
frontier-run-005382	five-chain-k2-slack_three-1	colliding	replay	3	SSFFSSS	0	none
frontier-run-005383	five-chain-k2-slack_three-1	colliding	replay	3	SSFFSSF	0	none
frontier-run-005384	five-chain-k2-slack_three-1	colliding	replay	3	SSFFSFS	0	none
frontier-run-005385	five-chain-k2-slack_three-1	colliding	replay	3	SSFFFSS	0	none
frontier-run-005386	five-chain-k2-slack_three-1	colliding	replay	3	SFSSSS	0	none
frontier-run-005387	five-chain-k2-slack_three-1	colliding	replay	3	SFSSSFS	0	none
frontier-run-005388	five-chain-k2-slack_three-1	colliding	replay	3	SFSSSFF	0	none
frontier-run-005389	five-chain-k2-slack_three-1	colliding	replay	3	SFSSFSS	0	none
frontier-run-005390	five-chain-k2-slack_three-1	colliding	replay	3	SFSSFSF	0	none
frontier-run-005391	five-chain-k2-slack_three-1	colliding	replay	3	SFSSFFS	0	none
frontier-run-005392	five-chain-k2-slack_three-1	colliding	replay	3	SFSFSSS	0	none
frontier-run-005393	five-chain-k2-slack_three-1	colliding	replay	3	SFSFSSF	0	none
frontier-run-005394	five-chain-k2-slack_three-1	colliding	replay	3	SFSFSFS	0	none
frontier-run-005395	five-chain-k2-slack_three-1	colliding	replay	3	SFSFFSS	0	none
frontier-run-005396	five-chain-k2-slack_three-1	colliding	replay	3	SFFSSSS	0	none
frontier-run-005397	five-chain-k2-slack_three-1	colliding	replay	3	SFFSSSF	0	none
frontier-run-005398	five-chain-k2-slack_three-1	colliding	replay	3	SFFSSFS	0	none
frontier-run-005399	five-chain-k2-slack_three-1	colliding	replay	3	SFFSFSS	0	none
frontier-run-005400	five-chain-k2-slack_three-1	colliding	replay	3	SFFFSSS	0	none
frontier-run-005401	five-chain-k2-slack_three-1	colliding	replay	3	FSSSSS	0	none
frontier-run-005402	five-chain-k2-slack_three-1	colliding	replay	3	FSSSSFS	0	none
frontier-run-005403	five-chain-k2-slack_three-1	colliding	replay	3	FSSSSFF	0	none
frontier-run-005404	five-chain-k2-slack_three-1	colliding	replay	3	FSSSFSS	0	none
frontier-run-005405	five-chain-k2-slack_three-1	colliding	replay	3	FSSSFSF	0	none
frontier-run-005406	five-chain-k2-slack_three-1	colliding	replay	3	FSSSFFS	0	none
frontier-run-005407	five-chain-k2-slack_three-1	colliding	replay	3	FSSFSSS	0	none
frontier-run-005408	five-chain-k2-slack_three-1	colliding	replay	3	FSSFSSF	0	none
frontier-run-005409	five-chain-k2-slack_three-1	colliding	replay	3	FSSFSFS	0	none
frontier-run-005410	five-chain-k2-slack_three-1	colliding	replay	3	FSSFFSS	0	none
frontier-run-005411	five-chain-k2-slack_three-1	colliding	replay	3	FSFSSSS	0	none
frontier-run-005412	five-chain-k2-slack_three-1	colliding	replay	3	FSFSSSF	0	none
frontier-run-005413	five-chain-k2-slack_three-1	colliding	replay	3	FSFSSFS	0	none
frontier-run-005414	five-chain-k2-slack_three-1	colliding	replay	3	FSFSFSS	0	none
frontier-run-005415	five-chain-k2-slack_three-1	colliding	replay	3	FSFFSSS	0	none
frontier-run-005416	five-chain-k2-slack_three-1	colliding	replay	3	FFSSSSS	0	none
frontier-run-005417	five-chain-k2-slack_three-1	colliding	replay	3	FFSSSSF	0	none
frontier-run-005418	five-chain-k2-slack_three-1	colliding	replay	3	FFSSSFS	0	none
frontier-run-005419	five-chain-k2-slack_three-1	colliding	replay	3	FFSSFSS	0	none
frontier-run-005420	five-chain-k2-slack_three-1	colliding	replay	3	FFSFSSS	0	none
frontier-run-005421	five-chain-k2-slack_three-1	colliding	replay	3	FFFSSSS	0	none
frontier-run-005422	five-chain-k2-slack_three-1	distinct	concurrent	3	-	11	none
frontier-run-005423	five-chain-k2-slack_three-1	distinct	concurrent	3	-	23	none
frontier-run-005424	five-chain-k2-slack_three-1	colliding	concurrent	3	-	11	none
frontier-run-005425	five-chain-k2-slack_three-1	colliding	concurrent	3	-	23	none
frontier-run-005426	five-chain-k2-slack_three-2	distinct	replay	0	SSSSS	0	none
frontier-run-005427	five-chain-k2-slack_three-2	colliding	replay	0	SSSSS	0	none
frontier-run-005428	five-chain-k2-slack_three-2	distinct	replay	1	SSSSS	0	none
frontier-run-005429	five-chain-k2-slack_three-2	distinct	replay	1	SSSSF	0	none
frontier-run-005430	five-chain-k2-slack_three-2	distinct	replay	1	SSSFS	0	none
frontier-run-005431	five-chain-k2-slack_three-2	distinct	replay	1	SSFSS	0	none
frontier-run-005432	five-chain-k2-slack_three-2	distinct	replay	1	SFSSS	0	none
frontier-run-005433	five-chain-k2-slack_three-2	distinct	replay	1	FSSSS	0	none
frontier-run-005434	five-chain-k2-slack_three-2	colliding	replay	1	SSSSS	0	none
frontier-run-005435	five-chain-k2-slack_three-2	colliding	replay	1	SSSSF	0	none
frontier-run-005436	five-chain-k2-slack_three-2	colliding	replay	1	SSSFS	0	none
frontier-run-005437	five-chain-k2-slack_three-2	colliding	replay	1	SSFSS	0	none
frontier-run-005438	five-chain-k2-slack_three-2	colliding	replay	1	SFSSS	0	none
frontier-run-005439	five-chain-k2-slack_three-2	colliding	replay	1	FSSSS	0	none
frontier-run-005440	five-chain-k2-slack_three-2	distinct	replay	2	SSSSS	0	none
frontier-run-005441	five-chain-k2-slack_three-2	distinct	replay	2	SSSSF	0	none
frontier-run-005442	five-chain-k2-slack_three-2	distinct	replay	2	SSSFS	0	none
frontier-run-005443	five-chain-k2-slack_three-2	distinct	replay	2	SSSFF	0	none
frontier-run-005444	five-chain-k2-slack_three-2	distinct	replay	2	SSFSS	0	none
frontier-run-005445	five-chain-k2-slack_three-2	distinct	replay	2	SSFSF	0	none
frontier-run-005446	five-chain-k2-slack_three-2	distinct	replay	2	SSFFS	0	none
frontier-run-005447	five-chain-k2-slack_three-2	distinct	replay	2	SFSSS	0	none
frontier-run-005448	five-chain-k2-slack_three-2	distinct	replay	2	SFSSF	0	none
frontier-run-005449	five-chain-k2-slack_three-2	distinct	replay	2	SFSFS	0	none
frontier-run-005450	five-chain-k2-slack_three-2	distinct	replay	2	SFFSS	0	none
frontier-run-005451	five-chain-k2-slack_three-2	distinct	replay	2	FSSSS	0	none
frontier-run-005452	five-chain-k2-slack_three-2	distinct	replay	2	FSSSF	0	none
frontier-run-005453	five-chain-k2-slack_three-2	distinct	replay	2	FSSFS	0	none
frontier-run-005454	five-chain-k2-slack_three-2	distinct	replay	2	FSFSS	0	none
frontier-run-005455	five-chain-k2-slack_three-2	distinct	replay	2	FFSSS	0	none
frontier-run-005456	five-chain-k2-slack_three-2	colliding	replay	2	SSSSS	0	none
frontier-run-005457	five-chain-k2-slack_three-2	colliding	replay	2	SSSSF	0	none
frontier-run-005458	five-chain-k2-slack_three-2	colliding	replay	2	SSSFS	0	none
frontier-run-005459	five-chain-k2-slack_three-2	colliding	replay	2	SSSFF	0	none
frontier-run-005460	five-chain-k2-slack_three-2	colliding	replay	2	SSFSS	0	none
frontier-run-005461	five-chain-k2-slack_three-2	colliding	replay	2	SSFSF	0	none
frontier-run-005462	five-chain-k2-slack_three-2	colliding	replay	2	SSFFS	0	none
frontier-run-005463	five-chain-k2-slack_three-2	colliding	replay	2	SFSSS	0	none
frontier-run-005464	five-chain-k2-slack_three-2	colliding	replay	2	SFSSF	0	none
frontier-run-005465	five-chain-k2-slack_three-2	colliding	replay	2	SFSFS	0	none
frontier-run-005466	five-chain-k2-slack_three-2	colliding	replay	2	SFFSS	0	none
frontier-run-005467	five-chain-k2-slack_three-2	colliding	replay	2	FSSSS	0	none
frontier-run-005468	five-chain-k2-slack_three-2	colliding	replay	2	FSSSF	0	none
frontier-run-005469	five-chain-k2-slack_three-2	colliding	replay	2	FSSFS	0	none
frontier-run-005470	five-chain-k2-slack_three-2	colliding	replay	2	FSFSS	0	none
frontier-run-005471	five-chain-k2-slack_three-2	colliding	replay	2	FFSSS	0	none
frontier-run-005472	five-chain-k2-slack_three-2	distinct	replay	3	SSSSS	0	none
frontier-run-005473	five-chain-k2-slack_three-2	distinct	replay	3	SSSSFS	0	none
frontier-run-005474	five-chain-k2-slack_three-2	distinct	replay	3	SSSSFF	0	none
frontier-run-005475	five-chain-k2-slack_three-2	distinct	replay	3	SSSFSS	0	none
frontier-run-005476	five-chain-k2-slack_three-2	distinct	replay	3	SSSFSF	0	none
frontier-run-005477	five-chain-k2-slack_three-2	distinct	replay	3	SSSFFS	0	none
frontier-run-005478	five-chain-k2-slack_three-2	distinct	replay	3	SSSFFF	0	none
frontier-run-005479	five-chain-k2-slack_three-2	distinct	replay	3	SSFSSS	0	none
frontier-run-005480	five-chain-k2-slack_three-2	distinct	replay	3	SSFSSF	0	none
frontier-run-005481	five-chain-k2-slack_three-2	distinct	replay	3	SSFSFS	0	none
frontier-run-005482	five-chain-k2-slack_three-2	distinct	replay	3	SSFSFF	0	none
frontier-run-005483	five-chain-k2-slack_three-2	distinct	replay	3	SSFFSS	0	none
frontier-run-005484	five-chain-k2-slack_three-2	distinct	replay	3	SSFFSF	0	none
frontier-run-005485	five-chain-k2-slack_three-2	distinct	replay	3	SSFFFS	0	none
frontier-run-005486	five-chain-k2-slack_three-2	distinct	replay	3	SFSSSS	0	none
frontier-run-005487	five-chain-k2-slack_three-2	distinct	replay	3	SFSSSF	0	none
frontier-run-005488	five-chain-k2-slack_three-2	distinct	replay	3	SFSSFS	0	none
frontier-run-005489	five-chain-k2-slack_three-2	distinct	replay	3	SFSSFF	0	none
frontier-run-005490	five-chain-k2-slack_three-2	distinct	replay	3	SFSFSS	0	none
frontier-run-005491	five-chain-k2-slack_three-2	distinct	replay	3	SFSFSF	0	none
frontier-run-005492	five-chain-k2-slack_three-2	distinct	replay	3	SFSFFS	0	none
frontier-run-005493	five-chain-k2-slack_three-2	distinct	replay	3	SFFSSS	0	none
frontier-run-005494	five-chain-k2-slack_three-2	distinct	replay	3	SFFSSF	0	none
frontier-run-005495	five-chain-k2-slack_three-2	distinct	replay	3	SFFSFS	0	none
frontier-run-005496	five-chain-k2-slack_three-2	distinct	replay	3	SFFFSS	0	none
frontier-run-005497	five-chain-k2-slack_three-2	distinct	replay	3	FSSSSS	0	none
frontier-run-005498	five-chain-k2-slack_three-2	distinct	replay	3	FSSSSF	0	none
frontier-run-005499	five-chain-k2-slack_three-2	distinct	replay	3	FSSSFS	0	none
frontier-run-005500	five-chain-k2-slack_three-2	distinct	replay	3	FSSSFF	0	none
frontier-run-005501	five-chain-k2-slack_three-2	distinct	replay	3	FSSFSS	0	none
frontier-run-005502	five-chain-k2-slack_three-2	distinct	replay	3	FSSFSF	0	none
frontier-run-005503	five-chain-k2-slack_three-2	distinct	replay	3	FSSFFS	0	none
frontier-run-005504	five-chain-k2-slack_three-2	distinct	replay	3	FSFSSS	0	none
frontier-run-005505	five-chain-k2-slack_three-2	distinct	replay	3	FSFSSF	0	none
frontier-run-005506	five-chain-k2-slack_three-2	distinct	replay	3	FSFSFS	0	none
frontier-run-005507	five-chain-k2-slack_three-2	distinct	replay	3	FSFFSS	0	none
frontier-run-005508	five-chain-k2-slack_three-2	distinct	replay	3	FFSSSS	0	none
frontier-run-005509	five-chain-k2-slack_three-2	distinct	replay	3	FFSSSF	0	none
frontier-run-005510	five-chain-k2-slack_three-2	distinct	replay	3	FFSSFS	0	none
frontier-run-005511	five-chain-k2-slack_three-2	distinct	replay	3	FFSFSS	0	none
frontier-run-005512	five-chain-k2-slack_three-2	distinct	replay	3	FFFSSS	0	none
frontier-run-005513	five-chain-k2-slack_three-2	colliding	replay	3	SSSSS	0	none
frontier-run-005514	five-chain-k2-slack_three-2	colliding	replay	3	SSSSFS	0	none
frontier-run-005515	five-chain-k2-slack_three-2	colliding	replay	3	SSSSFF	0	none
frontier-run-005516	five-chain-k2-slack_three-2	colliding	replay	3	SSSFSS	0	none
frontier-run-005517	five-chain-k2-slack_three-2	colliding	replay	3	SSSFSF	0	none
frontier-run-005518	five-chain-k2-slack_three-2	colliding	replay	3	SSSFFS	0	none
frontier-run-005519	five-chain-k2-slack_three-2	colliding	replay	3	SSSFFF	0	none
frontier-run-005520	five-chain-k2-slack_three-2	colliding	replay	3	SSFSSS	0	none
frontier-run-005521	five-chain-k2-slack_three-2	colliding	replay	3	SSFSSF	0	none
frontier-run-005522	five-chain-k2-slack_three-2	colliding	replay	3	SSFSFS	0	none
frontier-run-005523	five-chain-k2-slack_three-2	colliding	replay	3	SSFSFF	0	none
frontier-run-005524	five-chain-k2-slack_three-2	colliding	replay	3	SSFFSS	0	none
frontier-run-005525	five-chain-k2-slack_three-2	colliding	replay	3	SSFFSF	0	none
frontier-run-005526	five-chain-k2-slack_three-2	colliding	replay	3	SSFFFS	0	none
frontier-run-005527	five-chain-k2-slack_three-2	colliding	replay	3	SFSSSS	0	none
frontier-run-005528	five-chain-k2-slack_three-2	colliding	replay	3	SFSSSF	0	none
frontier-run-005529	five-chain-k2-slack_three-2	colliding	replay	3	SFSSFS	0	none
frontier-run-005530	five-chain-k2-slack_three-2	colliding	replay	3	SFSSFF	0	none
frontier-run-005531	five-chain-k2-slack_three-2	colliding	replay	3	SFSFSS	0	none
frontier-run-005532	five-chain-k2-slack_three-2	colliding	replay	3	SFSFSF	0	none
frontier-run-005533	five-chain-k2-slack_three-2	colliding	replay	3	SFSFFS	0	none
frontier-run-005534	five-chain-k2-slack_three-2	colliding	replay	3	SFFSSS	0	none
frontier-run-005535	five-chain-k2-slack_three-2	colliding	replay	3	SFFSSF	0	none
frontier-run-005536	five-chain-k2-slack_three-2	colliding	replay	3	SFFSFS	0	none
frontier-run-005537	five-chain-k2-slack_three-2	colliding	replay	3	SFFFSS	0	none
frontier-run-005538	five-chain-k2-slack_three-2	colliding	replay	3	FSSSSS	0	none
frontier-run-005539	five-chain-k2-slack_three-2	colliding	replay	3	FSSSSF	0	none
frontier-run-005540	five-chain-k2-slack_three-2	colliding	replay	3	FSSSFS	0	none
frontier-run-005541	five-chain-k2-slack_three-2	colliding	replay	3	FSSSFF	0	none
frontier-run-005542	five-chain-k2-slack_three-2	colliding	replay	3	FSSFSS	0	none
frontier-run-005543	five-chain-k2-slack_three-2	colliding	replay	3	FSSFSF	0	none
frontier-run-005544	five-chain-k2-slack_three-2	colliding	replay	3	FSSFFS	0	none
frontier-run-005545	five-chain-k2-slack_three-2	colliding	replay	3	FSFSSS	0	none
frontier-run-005546	five-chain-k2-slack_three-2	colliding	replay	3	FSFSSF	0	none
frontier-run-005547	five-chain-k2-slack_three-2	colliding	replay	3	FSFSFS	0	none
frontier-run-005548	five-chain-k2-slack_three-2	colliding	replay	3	FSFFSS	0	none
frontier-run-005549	five-chain-k2-slack_three-2	colliding	replay	3	FFSSSS	0	none
frontier-run-005550	five-chain-k2-slack_three-2	colliding	replay	3	FFSSSF	0	none
frontier-run-005551	five-chain-k2-slack_three-2	colliding	replay	3	FFSSFS	0	none
frontier-run-005552	five-chain-k2-slack_three-2	colliding	replay	3	FFSFSS	0	none
frontier-run-005553	five-chain-k2-slack_three-2	colliding	replay	3	FFFSSS	0	none
frontier-run-005554	five-chain-k2-slack_three-2	distinct	concurrent	3	-	11	none
frontier-run-005555	five-chain-k2-slack_three-2	distinct	concurrent	3	-	23	none
frontier-run-005556	five-chain-k2-slack_three-2	colliding	concurrent	3	-	11	none
frontier-run-005557	five-chain-k2-slack_three-2	colliding	concurrent	3	-	23	none
frontier-run-005558	five-chain-k2-slack_three-3	distinct	replay	0	SSSSS	0	none
frontier-run-005559	five-chain-k2-slack_three-3	colliding	replay	0	SSSSS	0	none
frontier-run-005560	five-chain-k2-slack_three-3	distinct	replay	1	SSSSS	0	none
frontier-run-005561	five-chain-k2-slack_three-3	distinct	replay	1	SSSSF	0	none
frontier-run-005562	five-chain-k2-slack_three-3	distinct	replay	1	SSSFS	0	none
frontier-run-005563	five-chain-k2-slack_three-3	distinct	replay	1	SSFSS	0	none
frontier-run-005564	five-chain-k2-slack_three-3	distinct	replay	1	SFSSS	0	none
frontier-run-005565	five-chain-k2-slack_three-3	distinct	replay	1	FSSSS	0	none
frontier-run-005566	five-chain-k2-slack_three-3	colliding	replay	1	SSSSS	0	none
frontier-run-005567	five-chain-k2-slack_three-3	colliding	replay	1	SSSSF	0	none
frontier-run-005568	five-chain-k2-slack_three-3	colliding	replay	1	SSSFS	0	none
frontier-run-005569	five-chain-k2-slack_three-3	colliding	replay	1	SSFSS	0	none
frontier-run-005570	five-chain-k2-slack_three-3	colliding	replay	1	SFSSS	0	none
frontier-run-005571	five-chain-k2-slack_three-3	colliding	replay	1	FSSSS	0	none
frontier-run-005572	five-chain-k2-slack_three-3	distinct	replay	2	SSSSS	0	none
frontier-run-005573	five-chain-k2-slack_three-3	distinct	replay	2	SSSSF	0	none
frontier-run-005574	five-chain-k2-slack_three-3	distinct	replay	2	SSSFS	0	none
frontier-run-005575	five-chain-k2-slack_three-3	distinct	replay	2	SSSFF	0	none
frontier-run-005576	five-chain-k2-slack_three-3	distinct	replay	2	SSFSS	0	none
frontier-run-005577	five-chain-k2-slack_three-3	distinct	replay	2	SSFSF	0	none
frontier-run-005578	five-chain-k2-slack_three-3	distinct	replay	2	SSFFS	0	none
frontier-run-005579	five-chain-k2-slack_three-3	distinct	replay	2	SFSSS	0	none
frontier-run-005580	five-chain-k2-slack_three-3	distinct	replay	2	SFSSF	0	none
frontier-run-005581	five-chain-k2-slack_three-3	distinct	replay	2	SFSFS	0	none
frontier-run-005582	five-chain-k2-slack_three-3	distinct	replay	2	SFFSS	0	none
frontier-run-005583	five-chain-k2-slack_three-3	distinct	replay	2	FSSSS	0	none
frontier-run-005584	five-chain-k2-slack_three-3	distinct	replay	2	FSSSF	0	none
frontier-run-005585	five-chain-k2-slack_three-3	distinct	replay	2	FSSFS	0	none
frontier-run-005586	five-chain-k2-slack_three-3	distinct	replay	2	FSFSS	0	none
frontier-run-005587	five-chain-k2-slack_three-3	distinct	replay	2	FFSSS	0	none
frontier-run-005588	five-chain-k2-slack_three-3	colliding	replay	2	SSSSS	0	none
frontier-run-005589	five-chain-k2-slack_three-3	colliding	replay	2	SSSSF	0	none
frontier-run-005590	five-chain-k2-slack_three-3	colliding	replay	2	SSSFS	0	none
frontier-run-005591	five-chain-k2-slack_three-3	colliding	replay	2	SSSFF	0	none
frontier-run-005592	five-chain-k2-slack_three-3	colliding	replay	2	SSFSS	0	none
frontier-run-005593	five-chain-k2-slack_three-3	colliding	replay	2	SSFSF	0	none
frontier-run-005594	five-chain-k2-slack_three-3	colliding	replay	2	SSFFS	0	none
frontier-run-005595	five-chain-k2-slack_three-3	colliding	replay	2	SFSSS	0	none
frontier-run-005596	five-chain-k2-slack_three-3	colliding	replay	2	SFSSF	0	none
frontier-run-005597	five-chain-k2-slack_three-3	colliding	replay	2	SFSFS	0	none
frontier-run-005598	five-chain-k2-slack_three-3	colliding	replay	2	SFFSS	0	none
frontier-run-005599	five-chain-k2-slack_three-3	colliding	replay	2	FSSSS	0	none
frontier-run-005600	five-chain-k2-slack_three-3	colliding	replay	2	FSSSF	0	none
frontier-run-005601	five-chain-k2-slack_three-3	colliding	replay	2	FSSFS	0	none
frontier-run-005602	five-chain-k2-slack_three-3	colliding	replay	2	FSFSS	0	none
frontier-run-005603	five-chain-k2-slack_three-3	colliding	replay	2	FFSSS	0	none
frontier-run-005604	five-chain-k2-slack_three-3	distinct	replay	3	SSSSS	0	none
frontier-run-005605	five-chain-k2-slack_three-3	distinct	replay	3	SSSSF	0	none
frontier-run-005606	five-chain-k2-slack_three-3	distinct	replay	3	SSSFS	0	none
frontier-run-005607	five-chain-k2-slack_three-3	distinct	replay	3	SSSFF	0	none
frontier-run-005608	five-chain-k2-slack_three-3	distinct	replay	3	SSFSS	0	none
frontier-run-005609	five-chain-k2-slack_three-3	distinct	replay	3	SSFSF	0	none
frontier-run-005610	five-chain-k2-slack_three-3	distinct	replay	3	SSFFS	0	none
frontier-run-005611	five-chain-k2-slack_three-3	distinct	replay	3	SSFFF	0	none
frontier-run-005612	five-chain-k2-slack_three-3	distinct	replay	3	SFSSS	0	none
frontier-run-005613	five-chain-k2-slack_three-3	distinct	replay	3	SFSSF	0	none
frontier-run-005614	five-chain-k2-slack_three-3	distinct	replay	3	SFSFS	0	none
frontier-run-005615	five-chain-k2-slack_three-3	distinct	replay	3	SFSFF	0	none
frontier-run-005616	five-chain-k2-slack_three-3	distinct	replay	3	SFFSS	0	none
frontier-run-005617	five-chain-k2-slack_three-3	distinct	replay	3	SFFSF	0	none
frontier-run-005618	five-chain-k2-slack_three-3	distinct	replay	3	SFFFS	0	none
frontier-run-005619	five-chain-k2-slack_three-3	distinct	replay	3	FSSSS	0	none
frontier-run-005620	five-chain-k2-slack_three-3	distinct	replay	3	FSSSF	0	none
frontier-run-005621	five-chain-k2-slack_three-3	distinct	replay	3	FSSFS	0	none
frontier-run-005622	five-chain-k2-slack_three-3	distinct	replay	3	FSSFF	0	none
frontier-run-005623	five-chain-k2-slack_three-3	distinct	replay	3	FSFSS	0	none
frontier-run-005624	five-chain-k2-slack_three-3	distinct	replay	3	FSFSF	0	none
frontier-run-005625	five-chain-k2-slack_three-3	distinct	replay	3	FSFFS	0	none
frontier-run-005626	five-chain-k2-slack_three-3	distinct	replay	3	FFSSS	0	none
frontier-run-005627	five-chain-k2-slack_three-3	distinct	replay	3	FFSSF	0	none
frontier-run-005628	five-chain-k2-slack_three-3	distinct	replay	3	FFSFS	0	none
frontier-run-005629	five-chain-k2-slack_three-3	distinct	replay	3	FFFSS	0	none
frontier-run-005630	five-chain-k2-slack_three-3	colliding	replay	3	SSSSS	0	none
frontier-run-005631	five-chain-k2-slack_three-3	colliding	replay	3	SSSSF	0	none
frontier-run-005632	five-chain-k2-slack_three-3	colliding	replay	3	SSSFS	0	none
frontier-run-005633	five-chain-k2-slack_three-3	colliding	replay	3	SSSFF	0	none
frontier-run-005634	five-chain-k2-slack_three-3	colliding	replay	3	SSFSS	0	none
frontier-run-005635	five-chain-k2-slack_three-3	colliding	replay	3	SSFSF	0	none
frontier-run-005636	five-chain-k2-slack_three-3	colliding	replay	3	SSFFS	0	none
frontier-run-005637	five-chain-k2-slack_three-3	colliding	replay	3	SSFFF	0	none
frontier-run-005638	five-chain-k2-slack_three-3	colliding	replay	3	SFSSS	0	none
frontier-run-005639	five-chain-k2-slack_three-3	colliding	replay	3	SFSSF	0	none
frontier-run-005640	five-chain-k2-slack_three-3	colliding	replay	3	SFSFS	0	none
frontier-run-005641	five-chain-k2-slack_three-3	colliding	replay	3	SFSFF	0	none
frontier-run-005642	five-chain-k2-slack_three-3	colliding	replay	3	SFFSS	0	none
frontier-run-005643	five-chain-k2-slack_three-3	colliding	replay	3	SFFSF	0	none
frontier-run-005644	five-chain-k2-slack_three-3	colliding	replay	3	SFFFS	0	none
frontier-run-005645	five-chain-k2-slack_three-3	colliding	replay	3	FSSSS	0	none
frontier-run-005646	five-chain-k2-slack_three-3	colliding	replay	3	FSSSF	0	none
frontier-run-005647	five-chain-k2-slack_three-3	colliding	replay	3	FSSFS	0	none
frontier-run-005648	five-chain-k2-slack_three-3	colliding	replay	3	FSSFF	0	none
frontier-run-005649	five-chain-k2-slack_three-3	colliding	replay	3	FSFSS	0	none
frontier-run-005650	five-chain-k2-slack_three-3	colliding	replay	3	FSFSF	0	none
frontier-run-005651	five-chain-k2-slack_three-3	colliding	replay	3	FSFFS	0	none
frontier-run-005652	five-chain-k2-slack_three-3	colliding	replay	3	FFSSS	0	none
frontier-run-005653	five-chain-k2-slack_three-3	colliding	replay	3	FFSSF	0	none
frontier-run-005654	five-chain-k2-slack_three-3	colliding	replay	3	FFSFS	0	none
frontier-run-005655	five-chain-k2-slack_three-3	colliding	replay	3	FFFSS	0	none
frontier-run-005656	five-chain-k2-slack_three-3	distinct	concurrent	3	-	11	none
frontier-run-005657	five-chain-k2-slack_three-3	distinct	concurrent	3	-	23	none
frontier-run-005658	five-chain-k2-slack_three-3	colliding	concurrent	3	-	11	none
frontier-run-005659	five-chain-k2-slack_three-3	colliding	concurrent	3	-	23	none
frontier-run-005660	five-chain-k2-slack_two-0	distinct	replay	0	SSSSS	0	none
frontier-run-005661	five-chain-k2-slack_two-0	colliding	replay	0	SSSSS	0	none
frontier-run-005662	five-chain-k2-slack_two-0	distinct	replay	1	SSSSS	0	none
frontier-run-005663	five-chain-k2-slack_two-0	distinct	replay	1	SSSSFS	0	none
frontier-run-005664	five-chain-k2-slack_two-0	distinct	replay	1	SSSFSS	0	none
frontier-run-005665	five-chain-k2-slack_two-0	distinct	replay	1	SSFSSS	0	none
frontier-run-005666	five-chain-k2-slack_two-0	distinct	replay	1	SFSSSS	0	none
frontier-run-005667	five-chain-k2-slack_two-0	distinct	replay	1	FSSSSS	0	none
frontier-run-005668	five-chain-k2-slack_two-0	colliding	replay	1	SSSSS	0	none
frontier-run-005669	five-chain-k2-slack_two-0	colliding	replay	1	SSSSFS	0	none
frontier-run-005670	five-chain-k2-slack_two-0	colliding	replay	1	SSSFSS	0	none
frontier-run-005671	five-chain-k2-slack_two-0	colliding	replay	1	SSFSSS	0	none
frontier-run-005672	five-chain-k2-slack_two-0	colliding	replay	1	SFSSSS	0	none
frontier-run-005673	five-chain-k2-slack_two-0	colliding	replay	1	FSSSSS	0	none
frontier-run-005674	five-chain-k2-slack_two-0	distinct	replay	2	SSSSS	0	none
frontier-run-005675	five-chain-k2-slack_two-0	distinct	replay	2	SSSSFS	0	none
frontier-run-005676	five-chain-k2-slack_two-0	distinct	replay	2	SSSSFFS	0	none
frontier-run-005677	five-chain-k2-slack_two-0	distinct	replay	2	SSSFSS	0	none
frontier-run-005678	five-chain-k2-slack_two-0	distinct	replay	2	SSSFSFS	0	none
frontier-run-005679	five-chain-k2-slack_two-0	distinct	replay	2	SSSFFSS	0	none
frontier-run-005680	five-chain-k2-slack_two-0	distinct	replay	2	SSFSSS	0	none
frontier-run-005681	five-chain-k2-slack_two-0	distinct	replay	2	SSFSSFS	0	none
frontier-run-005682	five-chain-k2-slack_two-0	distinct	replay	2	SSFSFSS	0	none
frontier-run-005683	five-chain-k2-slack_two-0	distinct	replay	2	SSFFSSS	0	none
frontier-run-005684	five-chain-k2-slack_two-0	distinct	replay	2	SFSSSS	0	none
frontier-run-005685	five-chain-k2-slack_two-0	distinct	replay	2	SFSSSFS	0	none
frontier-run-005686	five-chain-k2-slack_two-0	distinct	replay	2	SFSSFSS	0	none
frontier-run-005687	five-chain-k2-slack_two-0	distinct	replay	2	SFSFSSS	0	none
frontier-run-005688	five-chain-k2-slack_two-0	distinct	replay	2	SFFSSSS	0	none
frontier-run-005689	five-chain-k2-slack_two-0	distinct	replay	2	FSSSSS	0	none
frontier-run-005690	five-chain-k2-slack_two-0	distinct	replay	2	FSSSSFS	0	none
frontier-run-005691	five-chain-k2-slack_two-0	distinct	replay	2	FSSSFSS	0	none
frontier-run-005692	five-chain-k2-slack_two-0	distinct	replay	2	FSSFSSS	0	none
frontier-run-005693	five-chain-k2-slack_two-0	distinct	replay	2	FSFSSSS	0	none
frontier-run-005694	five-chain-k2-slack_two-0	distinct	replay	2	FFSSSSS	0	none
frontier-run-005695	five-chain-k2-slack_two-0	colliding	replay	2	SSSSS	0	none
frontier-run-005696	five-chain-k2-slack_two-0	colliding	replay	2	SSSSFS	0	none
frontier-run-005697	five-chain-k2-slack_two-0	colliding	replay	2	SSSSFFS	0	none
frontier-run-005698	five-chain-k2-slack_two-0	colliding	replay	2	SSSFSS	0	none
frontier-run-005699	five-chain-k2-slack_two-0	colliding	replay	2	SSSFSFS	0	none
frontier-run-005700	five-chain-k2-slack_two-0	colliding	replay	2	SSSFFSS	0	none
frontier-run-005701	five-chain-k2-slack_two-0	colliding	replay	2	SSFSSS	0	none
frontier-run-005702	five-chain-k2-slack_two-0	colliding	replay	2	SSFSSFS	0	none
frontier-run-005703	five-chain-k2-slack_two-0	colliding	replay	2	SSFSFSS	0	none
frontier-run-005704	five-chain-k2-slack_two-0	colliding	replay	2	SSFFSSS	0	none
frontier-run-005705	five-chain-k2-slack_two-0	colliding	replay	2	SFSSSS	0	none
frontier-run-005706	five-chain-k2-slack_two-0	colliding	replay	2	SFSSSFS	0	none
frontier-run-005707	five-chain-k2-slack_two-0	colliding	replay	2	SFSSFSS	0	none
frontier-run-005708	five-chain-k2-slack_two-0	colliding	replay	2	SFSFSSS	0	none
frontier-run-005709	five-chain-k2-slack_two-0	colliding	replay	2	SFFSSSS	0	none
frontier-run-005710	five-chain-k2-slack_two-0	colliding	replay	2	FSSSSS	0	none
frontier-run-005711	five-chain-k2-slack_two-0	colliding	replay	2	FSSSSFS	0	none
frontier-run-005712	five-chain-k2-slack_two-0	colliding	replay	2	FSSSFSS	0	none
frontier-run-005713	five-chain-k2-slack_two-0	colliding	replay	2	FSSFSSS	0	none
frontier-run-005714	five-chain-k2-slack_two-0	colliding	replay	2	FSFSSSS	0	none
frontier-run-005715	five-chain-k2-slack_two-0	colliding	replay	2	FFSSSSS	0	none
frontier-run-005716	five-chain-k2-slack_two-0	distinct	replay	3	SSSSS	0	none
frontier-run-005717	five-chain-k2-slack_two-0	distinct	replay	3	SSSSFS	0	none
frontier-run-005718	five-chain-k2-slack_two-0	distinct	replay	3	SSSSFFS	0	none
frontier-run-005719	five-chain-k2-slack_two-0	distinct	replay	3	SSSSFFFS	0	none
frontier-run-005720	five-chain-k2-slack_two-0	distinct	replay	3	SSSFSS	0	none
frontier-run-005721	five-chain-k2-slack_two-0	distinct	replay	3	SSSFSFS	0	none
frontier-run-005722	five-chain-k2-slack_two-0	distinct	replay	3	SSSFSFFS	0	none
frontier-run-005723	five-chain-k2-slack_two-0	distinct	replay	3	SSSFFSS	0	none
frontier-run-005724	five-chain-k2-slack_two-0	distinct	replay	3	SSSFFSFS	0	none
frontier-run-005725	five-chain-k2-slack_two-0	distinct	replay	3	SSSFFFSS	0	none
frontier-run-005726	five-chain-k2-slack_two-0	distinct	replay	3	SSFSSS	0	none
frontier-run-005727	five-chain-k2-slack_two-0	distinct	replay	3	SSFSSFS	0	none
frontier-run-005728	five-chain-k2-slack_two-0	distinct	replay	3	SSFSSFFS	0	none
frontier-run-005729	five-chain-k2-slack_two-0	distinct	replay	3	SSFSFSS	0	none
frontier-run-005730	five-chain-k2-slack_two-0	distinct	replay	3	SSFSFSFS	0	none
frontier-run-005731	five-chain-k2-slack_two-0	distinct	replay	3	SSFSFFSS	0	none
frontier-run-005732	five-chain-k2-slack_two-0	distinct	replay	3	SSFFSSS	0	none
frontier-run-005733	five-chain-k2-slack_two-0	distinct	replay	3	SSFFSSFS	0	none
frontier-run-005734	five-chain-k2-slack_two-0	distinct	replay	3	SSFFSFSS	0	none
frontier-run-005735	five-chain-k2-slack_two-0	distinct	replay	3	SSFFFSSS	0	none
frontier-run-005736	five-chain-k2-slack_two-0	distinct	replay	3	SFSSSS	0	none
frontier-run-005737	five-chain-k2-slack_two-0	distinct	replay	3	SFSSSFS	0	none
frontier-run-005738	five-chain-k2-slack_two-0	distinct	replay	3	SFSSSFFS	0	none
frontier-run-005739	five-chain-k2-slack_two-0	distinct	replay	3	SFSSFSS	0	none
frontier-run-005740	five-chain-k2-slack_two-0	distinct	replay	3	SFSSFSFS	0	none
frontier-run-005741	five-chain-k2-slack_two-0	distinct	replay	3	SFSSFFSS	0	none
frontier-run-005742	five-chain-k2-slack_two-0	distinct	replay	3	SFSFSSS	0	none
frontier-run-005743	five-chain-k2-slack_two-0	distinct	replay	3	SFSFSSFS	0	none
frontier-run-005744	five-chain-k2-slack_two-0	distinct	replay	3	SFSFSFSS	0	none
frontier-run-005745	five-chain-k2-slack_two-0	distinct	replay	3	SFSFFSSS	0	none
frontier-run-005746	five-chain-k2-slack_two-0	distinct	replay	3	SFFSSSS	0	none
frontier-run-005747	five-chain-k2-slack_two-0	distinct	replay	3	SFFSSSFS	0	none
frontier-run-005748	five-chain-k2-slack_two-0	distinct	replay	3	SFFSSFSS	0	none
frontier-run-005749	five-chain-k2-slack_two-0	distinct	replay	3	SFFSFSSS	0	none
frontier-run-005750	five-chain-k2-slack_two-0	distinct	replay	3	SFFFSSSS	0	none
frontier-run-005751	five-chain-k2-slack_two-0	distinct	replay	3	FSSSSS	0	none
frontier-run-005752	five-chain-k2-slack_two-0	distinct	replay	3	FSSSSFS	0	none
frontier-run-005753	five-chain-k2-slack_two-0	distinct	replay	3	FSSSSFFS	0	none
frontier-run-005754	five-chain-k2-slack_two-0	distinct	replay	3	FSSSFSS	0	none
frontier-run-005755	five-chain-k2-slack_two-0	distinct	replay	3	FSSSFSFS	0	none
frontier-run-005756	five-chain-k2-slack_two-0	distinct	replay	3	FSSSFFSS	0	none
frontier-run-005757	five-chain-k2-slack_two-0	distinct	replay	3	FSSFSSS	0	none
frontier-run-005758	five-chain-k2-slack_two-0	distinct	replay	3	FSSFSSFS	0	none
frontier-run-005759	five-chain-k2-slack_two-0	distinct	replay	3	FSSFSFSS	0	none
frontier-run-005760	five-chain-k2-slack_two-0	distinct	replay	3	FSSFFSSS	0	none
frontier-run-005761	five-chain-k2-slack_two-0	distinct	replay	3	FSFSSSS	0	none
frontier-run-005762	five-chain-k2-slack_two-0	distinct	replay	3	FSFSSSFS	0	none
frontier-run-005763	five-chain-k2-slack_two-0	distinct	replay	3	FSFSSFSS	0	none
frontier-run-005764	five-chain-k2-slack_two-0	distinct	replay	3	FSFSFSSS	0	none
frontier-run-005765	five-chain-k2-slack_two-0	distinct	replay	3	FSFFSSSS	0	none
frontier-run-005766	five-chain-k2-slack_two-0	distinct	replay	3	FFSSSSS	0	none
frontier-run-005767	five-chain-k2-slack_two-0	distinct	replay	3	FFSSSSFS	0	none
frontier-run-005768	five-chain-k2-slack_two-0	distinct	replay	3	FFSSSFSS	0	none
frontier-run-005769	five-chain-k2-slack_two-0	distinct	replay	3	FFSSFSSS	0	none
frontier-run-005770	five-chain-k2-slack_two-0	distinct	replay	3	FFSFSSSS	0	none
frontier-run-005771	five-chain-k2-slack_two-0	distinct	replay	3	FFFSSSSS	0	none
frontier-run-005772	five-chain-k2-slack_two-0	colliding	replay	3	SSSSS	0	none
frontier-run-005773	five-chain-k2-slack_two-0	colliding	replay	3	SSSSFS	0	none
frontier-run-005774	five-chain-k2-slack_two-0	colliding	replay	3	SSSSFFS	0	none
frontier-run-005775	five-chain-k2-slack_two-0	colliding	replay	3	SSSSFFFS	0	none
frontier-run-005776	five-chain-k2-slack_two-0	colliding	replay	3	SSSFSS	0	none
frontier-run-005777	five-chain-k2-slack_two-0	colliding	replay	3	SSSFSFS	0	none
frontier-run-005778	five-chain-k2-slack_two-0	colliding	replay	3	SSSFSFFS	0	none
frontier-run-005779	five-chain-k2-slack_two-0	colliding	replay	3	SSSFFSS	0	none
frontier-run-005780	five-chain-k2-slack_two-0	colliding	replay	3	SSSFFSFS	0	none
frontier-run-005781	five-chain-k2-slack_two-0	colliding	replay	3	SSSFFFSS	0	none
frontier-run-005782	five-chain-k2-slack_two-0	colliding	replay	3	SSFSSS	0	none
frontier-run-005783	five-chain-k2-slack_two-0	colliding	replay	3	SSFSSFS	0	none
frontier-run-005784	five-chain-k2-slack_two-0	colliding	replay	3	SSFSSFFS	0	none
frontier-run-005785	five-chain-k2-slack_two-0	colliding	replay	3	SSFSFSS	0	none
frontier-run-005786	five-chain-k2-slack_two-0	colliding	replay	3	SSFSFSFS	0	none
frontier-run-005787	five-chain-k2-slack_two-0	colliding	replay	3	SSFSFFSS	0	none
frontier-run-005788	five-chain-k2-slack_two-0	colliding	replay	3	SSFFSSS	0	none
frontier-run-005789	five-chain-k2-slack_two-0	colliding	replay	3	SSFFSSFS	0	none
frontier-run-005790	five-chain-k2-slack_two-0	colliding	replay	3	SSFFSFSS	0	none
frontier-run-005791	five-chain-k2-slack_two-0	colliding	replay	3	SSFFFSSS	0	none
frontier-run-005792	five-chain-k2-slack_two-0	colliding	replay	3	SFSSSS	0	none
frontier-run-005793	five-chain-k2-slack_two-0	colliding	replay	3	SFSSSFS	0	none
frontier-run-005794	five-chain-k2-slack_two-0	colliding	replay	3	SFSSSFFS	0	none
frontier-run-005795	five-chain-k2-slack_two-0	colliding	replay	3	SFSSFSS	0	none
frontier-run-005796	five-chain-k2-slack_two-0	colliding	replay	3	SFSSFSFS	0	none
frontier-run-005797	five-chain-k2-slack_two-0	colliding	replay	3	SFSSFFSS	0	none
frontier-run-005798	five-chain-k2-slack_two-0	colliding	replay	3	SFSFSSS	0	none
frontier-run-005799	five-chain-k2-slack_two-0	colliding	replay	3	SFSFSSFS	0	none
frontier-run-005800	five-chain-k2-slack_two-0	colliding	replay	3	SFSFSFSS	0	none
frontier-run-005801	five-chain-k2-slack_two-0	colliding	replay	3	SFSFFSSS	0	none
frontier-run-005802	five-chain-k2-slack_two-0	colliding	replay	3	SFFSSSS	0	none
frontier-run-005803	five-chain-k2-slack_two-0	colliding	replay	3	SFFSSSFS	0	none
frontier-run-005804	five-chain-k2-slack_two-0	colliding	replay	3	SFFSSFSS	0	none
frontier-run-005805	five-chain-k2-slack_two-0	colliding	replay	3	SFFSFSSS	0	none
frontier-run-005806	five-chain-k2-slack_two-0	colliding	replay	3	SFFFSSSS	0	none
frontier-run-005807	five-chain-k2-slack_two-0	colliding	replay	3	FSSSSS	0	none
frontier-run-005808	five-chain-k2-slack_two-0	colliding	replay	3	FSSSSFS	0	none
frontier-run-005809	five-chain-k2-slack_two-0	colliding	replay	3	FSSSSFFS	0	none
frontier-run-005810	five-chain-k2-slack_two-0	colliding	replay	3	FSSSFSS	0	none
frontier-run-005811	five-chain-k2-slack_two-0	colliding	replay	3	FSSSFSFS	0	none
frontier-run-005812	five-chain-k2-slack_two-0	colliding	replay	3	FSSSFFSS	0	none
frontier-run-005813	five-chain-k2-slack_two-0	colliding	replay	3	FSSFSSS	0	none
frontier-run-005814	five-chain-k2-slack_two-0	colliding	replay	3	FSSFSSFS	0	none
frontier-run-005815	five-chain-k2-slack_two-0	colliding	replay	3	FSSFSFSS	0	none
frontier-run-005816	five-chain-k2-slack_two-0	colliding	replay	3	FSSFFSSS	0	none
frontier-run-005817	five-chain-k2-slack_two-0	colliding	replay	3	FSFSSSS	0	none
frontier-run-005818	five-chain-k2-slack_two-0	colliding	replay	3	FSFSSSFS	0	none
frontier-run-005819	five-chain-k2-slack_two-0	colliding	replay	3	FSFSSFSS	0	none
frontier-run-005820	five-chain-k2-slack_two-0	colliding	replay	3	FSFSFSSS	0	none
frontier-run-005821	five-chain-k2-slack_two-0	colliding	replay	3	FSFFSSSS	0	none
frontier-run-005822	five-chain-k2-slack_two-0	colliding	replay	3	FFSSSSS	0	none
frontier-run-005823	five-chain-k2-slack_two-0	colliding	replay	3	FFSSSSFS	0	none
frontier-run-005824	five-chain-k2-slack_two-0	colliding	replay	3	FFSSSFSS	0	none
frontier-run-005825	five-chain-k2-slack_two-0	colliding	replay	3	FFSSFSSS	0	none
frontier-run-005826	five-chain-k2-slack_two-0	colliding	replay	3	FFSFSSSS	0	none
frontier-run-005827	five-chain-k2-slack_two-0	colliding	replay	3	FFFSSSSS	0	none
frontier-run-005828	five-chain-k2-slack_two-0	distinct	concurrent	3	-	11	none
frontier-run-005829	five-chain-k2-slack_two-0	distinct	concurrent	3	-	23	none
frontier-run-005830	five-chain-k2-slack_two-0	colliding	concurrent	3	-	11	none
frontier-run-005831	five-chain-k2-slack_two-0	colliding	concurrent	3	-	23	none
frontier-run-005832	five-chain-k2-slack_two-1	distinct	replay	0	SSSSS	0	none
frontier-run-005833	five-chain-k2-slack_two-1	colliding	replay	0	SSSSS	0	none
frontier-run-005834	five-chain-k2-slack_two-1	distinct	replay	1	-	0	none
frontier-run-005835	five-chain-k2-slack_two-1	colliding	replay	1	-	0	none
frontier-run-005836	five-chain-k2-slack_two-1	distinct	replay	2	SSSSS	0	none
frontier-run-005837	five-chain-k2-slack_two-1	distinct	replay	2	SSSSF	0	none
frontier-run-005838	five-chain-k2-slack_two-1	distinct	replay	2	SSSF	0	none
frontier-run-005839	five-chain-k2-slack_two-1	distinct	replay	2	SSF	0	none
frontier-run-005840	five-chain-k2-slack_two-1	distinct	replay	2	SF	0	none
frontier-run-005841	five-chain-k2-slack_two-1	distinct	replay	2	F	0	none
frontier-run-005842	five-chain-k2-slack_two-1	colliding	replay	2	SSSSS	0	none
frontier-run-005843	five-chain-k2-slack_two-1	colliding	replay	2	SSSSF	0	none
frontier-run-005844	five-chain-k2-slack_two-1	colliding	replay	2	SSSF	0	none
frontier-run-005845	five-chain-k2-slack_two-1	colliding	replay	2	SSF	0	none
frontier-run-005846	five-chain-k2-slack_two-1	colliding	replay	2	SF	0	none
frontier-run-005847	five-chain-k2-slack_two-1	colliding	replay	2	F	0	none
frontier-run-005848	five-chain-k2-slack_two-1	distinct	replay	3	SSSSS	0	none
frontier-run-005849	five-chain-k2-slack_two-1	distinct	replay	3	SSSSFS	0	none
frontier-run-005850	five-chain-k2-slack_two-1	distinct	replay	3	SSSSFF	0	none
frontier-run-005851	five-chain-k2-slack_two-1	distinct	replay	3	SSSFSS	0	none
frontier-run-005852	five-chain-k2-slack_two-1	distinct	replay	3	SSSFSF	0	none
frontier-run-005853	five-chain-k2-slack_two-1	distinct	replay	3	SSSFF	0	none
frontier-run-005854	five-chain-k2-slack_two-1	distinct	replay	3	SSFSSS	0	none
frontier-run-005855	five-chain-k2-slack_two-1	distinct	replay	3	SSFSSF	0	none
frontier-run-005856	five-chain-k2-slack_two-1	distinct	replay	3	SSFSF	0	none
frontier-run-005857	five-chain-k2-slack_two-1	distinct	replay	3	SSFF	0	none
frontier-run-005858	five-chain-k2-slack_two-1	distinct	replay	3	SFSSSS	0	none
frontier-run-005859	five-chain-k2-slack_two-1	distinct	replay	3	SFSSSF	0	none
frontier-run-005860	five-chain-k2-slack_two-1	distinct	replay	3	SFSSF	0	none
frontier-run-005861	five-chain-k2-slack_two-1	distinct	replay	3	SFSF	0	none
frontier-run-005862	five-chain-k2-slack_two-1	distinct	replay	3	SFF	0	none
frontier-run-005863	five-chain-k2-slack_two-1	distinct	replay	3	FSSSSS	0	none
frontier-run-005864	five-chain-k2-slack_two-1	distinct	replay	3	FSSSSF	0	none
frontier-run-005865	five-chain-k2-slack_two-1	distinct	replay	3	FSSSF	0	none
frontier-run-005866	five-chain-k2-slack_two-1	distinct	replay	3	FSSF	0	none
frontier-run-005867	five-chain-k2-slack_two-1	distinct	replay	3	FSF	0	none
frontier-run-005868	five-chain-k2-slack_two-1	distinct	replay	3	FF	0	none
frontier-run-005869	five-chain-k2-slack_two-1	colliding	replay	3	SSSSS	0	none
frontier-run-005870	five-chain-k2-slack_two-1	colliding	replay	3	SSSSFS	0	none
frontier-run-005871	five-chain-k2-slack_two-1	colliding	replay	3	SSSSFF	0	none
frontier-run-005872	five-chain-k2-slack_two-1	colliding	replay	3	SSSFSS	0	none
frontier-run-005873	five-chain-k2-slack_two-1	colliding	replay	3	SSSFSF	0	none
frontier-run-005874	five-chain-k2-slack_two-1	colliding	replay	3	SSSFF	0	none
frontier-run-005875	five-chain-k2-slack_two-1	colliding	replay	3	SSFSSS	0	none
frontier-run-005876	five-chain-k2-slack_two-1	colliding	replay	3	SSFSSF	0	none
frontier-run-005877	five-chain-k2-slack_two-1	colliding	replay	3	SSFSF	0	none
frontier-run-005878	five-chain-k2-slack_two-1	colliding	replay	3	SSFF	0	none
frontier-run-005879	five-chain-k2-slack_two-1	colliding	replay	3	SFSSSS	0	none
frontier-run-005880	five-chain-k2-slack_two-1	colliding	replay	3	SFSSSF	0	none
frontier-run-005881	five-chain-k2-slack_two-1	colliding	replay	3	SFSSF	0	none
frontier-run-005882	five-chain-k2-slack_two-1	colliding	replay	3	SFSF	0	none
frontier-run-005883	five-chain-k2-slack_two-1	colliding	replay	3	SFF	0	none
frontier-run-005884	five-chain-k2-slack_two-1	colliding	replay	3	FSSSSS	0	none
frontier-run-005885	five-chain-k2-slack_two-1	colliding	replay	3	FSSSSF	0	none
frontier-run-005886	five-chain-k2-slack_two-1	colliding	replay	3	FSSSF	0	none
frontier-run-005887	five-chain-k2-slack_two-1	colliding	replay	3	FSSF	0	none
frontier-run-005888	five-chain-k2-slack_two-1	colliding	replay	3	FSF	0	none
frontier-run-005889	five-chain-k2-slack_two-1	colliding	replay	3	FF	0	none
frontier-run-005890	five-chain-k2-slack_two-1	distinct	concurrent	3	-	11	none
frontier-run-005891	five-chain-k2-slack_two-1	distinct	concurrent	3	-	23	none
frontier-run-005892	five-chain-k2-slack_two-1	colliding	concurrent	3	-	11	none
frontier-run-005893	five-chain-k2-slack_two-1	colliding	concurrent	3	-	23	none
frontier-run-005894	five-chain-k2-slack_two-2	distinct	replay	0	SSSSS	0	none
frontier-run-005895	five-chain-k2-slack_two-2	colliding	replay	0	SSSSS	0	none
frontier-run-005896	five-chain-k2-slack_two-2	distinct	replay	1	-	0	none
frontier-run-005897	five-chain-k2-slack_two-2	colliding	replay	1	-	0	none
frontier-run-005898	five-chain-k2-slack_two-2	distinct	replay	2	-	0	none
frontier-run-005899	five-chain-k2-slack_two-2	colliding	replay	2	-	0	none
frontier-run-005900	five-chain-k2-slack_two-2	distinct	replay	3	SSSSS	0	none
frontier-run-005901	five-chain-k2-slack_two-2	distinct	replay	3	SSSSF	0	none
frontier-run-005902	five-chain-k2-slack_two-2	distinct	replay	3	SSSF	0	none
frontier-run-005903	five-chain-k2-slack_two-2	distinct	replay	3	SSF	0	none
frontier-run-005904	five-chain-k2-slack_two-2	distinct	replay	3	SF	0	none
frontier-run-005905	five-chain-k2-slack_two-2	distinct	replay	3	F	0	none
frontier-run-005906	five-chain-k2-slack_two-2	colliding	replay	3	SSSSS	0	none
frontier-run-005907	five-chain-k2-slack_two-2	colliding	replay	3	SSSSF	0	none
frontier-run-005908	five-chain-k2-slack_two-2	colliding	replay	3	SSSF	0	none
frontier-run-005909	five-chain-k2-slack_two-2	colliding	replay	3	SSF	0	none
frontier-run-005910	five-chain-k2-slack_two-2	colliding	replay	3	SF	0	none
frontier-run-005911	five-chain-k2-slack_two-2	colliding	replay	3	F	0	none
frontier-run-005912	five-chain-k2-slack_two-2	distinct	concurrent	3	-	11	none
frontier-run-005913	five-chain-k2-slack_two-2	distinct	concurrent	3	-	23	none
frontier-run-005914	five-chain-k2-slack_two-2	colliding	concurrent	3	-	11	none
frontier-run-005915	five-chain-k2-slack_two-2	colliding	concurrent	3	-	23	none
frontier-run-005916	five-chain-k2-slack_two-3	distinct	replay	0	SSSSS	0	none
frontier-run-005917	five-chain-k2-slack_two-3	colliding	replay	0	SSSSS	0	none
frontier-run-005918	five-chain-k2-slack_two-3	distinct	replay	1	-	0	none
frontier-run-005919	five-chain-k2-slack_two-3	colliding	replay	1	-	0	none
frontier-run-005920	five-chain-k2-slack_two-3	distinct	replay	2	-	0	none
frontier-run-005921	five-chain-k2-slack_two-3	colliding	replay	2	-	0	none
frontier-run-005922	five-chain-k2-slack_two-3	distinct	replay	3	-	0	none
frontier-run-005923	five-chain-k2-slack_two-3	colliding	replay	3	-	0	none
frontier-run-005924	five-chain-k2-slack_two-3	distinct	concurrent	3	-	11	none
frontier-run-005925	five-chain-k2-slack_two-3	distinct	concurrent	3	-	23	none
frontier-run-005926	five-chain-k2-slack_two-3	colliding	concurrent	3	-	11	none
frontier-run-005927	five-chain-k2-slack_two-3	colliding	concurrent	3	-	23	none
frontier-run-005928	five-branch-k0-slack_three-0	distinct	replay	0	SSSSS	0	none
frontier-run-005929	five-branch-k0-slack_three-0	colliding	replay	0	SSSSS	0	none
frontier-run-005930	five-branch-k0-slack_three-0	distinct	replay	1	SSSSS	0	none
frontier-run-005931	five-branch-k0-slack_three-0	distinct	replay	1	SSSSFS	0	none
frontier-run-005932	five-branch-k0-slack_three-0	distinct	replay	1	SSSFSS	0	none
frontier-run-005933	five-branch-k0-slack_three-0	distinct	replay	1	SSFSSS	0	none
frontier-run-005934	five-branch-k0-slack_three-0	distinct	replay	1	SFSSSS	0	none
frontier-run-005935	five-branch-k0-slack_three-0	distinct	replay	1	FSSSSS	0	none
frontier-run-005936	five-branch-k0-slack_three-0	colliding	replay	1	SSSSS	0	none
frontier-run-005937	five-branch-k0-slack_three-0	colliding	replay	1	SSSSFS	0	none
frontier-run-005938	five-branch-k0-slack_three-0	colliding	replay	1	SSSFSS	0	none
frontier-run-005939	five-branch-k0-slack_three-0	colliding	replay	1	SSFSSS	0	none
frontier-run-005940	five-branch-k0-slack_three-0	colliding	replay	1	SFSSSS	0	none
frontier-run-005941	five-branch-k0-slack_three-0	colliding	replay	1	FSSSSS	0	none
frontier-run-005942	five-branch-k0-slack_three-0	distinct	replay	2	SSSSS	0	none
frontier-run-005943	five-branch-k0-slack_three-0	distinct	replay	2	SSSSFS	0	none
frontier-run-005944	five-branch-k0-slack_three-0	distinct	replay	2	SSSSFFS	0	none
frontier-run-005945	five-branch-k0-slack_three-0	distinct	replay	2	SSSFSS	0	none
frontier-run-005946	five-branch-k0-slack_three-0	distinct	replay	2	SSSFSFS	0	none
frontier-run-005947	five-branch-k0-slack_three-0	distinct	replay	2	SSSFFSS	0	none
frontier-run-005948	five-branch-k0-slack_three-0	distinct	replay	2	SSFSSS	0	none
frontier-run-005949	five-branch-k0-slack_three-0	distinct	replay	2	SSFSSFS	0	none
frontier-run-005950	five-branch-k0-slack_three-0	distinct	replay	2	SSFSFSS	0	none
frontier-run-005951	five-branch-k0-slack_three-0	distinct	replay	2	SSFFSSS	0	none
frontier-run-005952	five-branch-k0-slack_three-0	distinct	replay	2	SFSSSS	0	none
frontier-run-005953	five-branch-k0-slack_three-0	distinct	replay	2	SFSSSFS	0	none
frontier-run-005954	five-branch-k0-slack_three-0	distinct	replay	2	SFSSFSS	0	none
frontier-run-005955	five-branch-k0-slack_three-0	distinct	replay	2	SFSFSSS	0	none
frontier-run-005956	five-branch-k0-slack_three-0	distinct	replay	2	SFFSSSS	0	none
frontier-run-005957	five-branch-k0-slack_three-0	distinct	replay	2	FSSSSS	0	none
frontier-run-005958	five-branch-k0-slack_three-0	distinct	replay	2	FSSSSFS	0	none
frontier-run-005959	five-branch-k0-slack_three-0	distinct	replay	2	FSSSFSS	0	none
frontier-run-005960	five-branch-k0-slack_three-0	distinct	replay	2	FSSFSSS	0	none
frontier-run-005961	five-branch-k0-slack_three-0	distinct	replay	2	FSFSSSS	0	none
frontier-run-005962	five-branch-k0-slack_three-0	distinct	replay	2	FFSSSSS	0	none
frontier-run-005963	five-branch-k0-slack_three-0	colliding	replay	2	SSSSS	0	none
frontier-run-005964	five-branch-k0-slack_three-0	colliding	replay	2	SSSSFS	0	none
frontier-run-005965	five-branch-k0-slack_three-0	colliding	replay	2	SSSSFFS	0	none
frontier-run-005966	five-branch-k0-slack_three-0	colliding	replay	2	SSSFSS	0	none
frontier-run-005967	five-branch-k0-slack_three-0	colliding	replay	2	SSSFSFS	0	none
frontier-run-005968	five-branch-k0-slack_three-0	colliding	replay	2	SSSFFSS	0	none
frontier-run-005969	five-branch-k0-slack_three-0	colliding	replay	2	SSFSSS	0	none
frontier-run-005970	five-branch-k0-slack_three-0	colliding	replay	2	SSFSSFS	0	none
frontier-run-005971	five-branch-k0-slack_three-0	colliding	replay	2	SSFSFSS	0	none
frontier-run-005972	five-branch-k0-slack_three-0	colliding	replay	2	SSFFSSS	0	none
frontier-run-005973	five-branch-k0-slack_three-0	colliding	replay	2	SFSSSS	0	none
frontier-run-005974	five-branch-k0-slack_three-0	colliding	replay	2	SFSSSFS	0	none
frontier-run-005975	five-branch-k0-slack_three-0	colliding	replay	2	SFSSFSS	0	none
frontier-run-005976	five-branch-k0-slack_three-0	colliding	replay	2	SFSFSSS	0	none
frontier-run-005977	five-branch-k0-slack_three-0	colliding	replay	2	SFFSSSS	0	none
frontier-run-005978	five-branch-k0-slack_three-0	colliding	replay	2	FSSSSS	0	none
frontier-run-005979	five-branch-k0-slack_three-0	colliding	replay	2	FSSSSFS	0	none
frontier-run-005980	five-branch-k0-slack_three-0	colliding	replay	2	FSSSFSS	0	none
frontier-run-005981	five-branch-k0-slack_three-0	colliding	replay	2	FSSFSSS	0	none
frontier-run-005982	five-branch-k0-slack_three-0	colliding	replay	2	FSFSSSS	0	none
frontier-run-005983	five-branch-k0-slack_three-0	colliding	replay	2	FFSSSSS	0	none
frontier-run-005984	five-branch-k0-slack_three-0	distinct	replay	3	SSSSS	0	none
frontier-run-005985	five-branch-k0-slack_three-0	distinct	replay	3	SSSSFS	0	none
frontier-run-005986	five-branch-k0-slack_three-0	distinct	replay	3	SSSSFFS	0	none
frontier-run-005987	five-branch-k0-slack_three-0	distinct	replay	3	SSSSFFFS	0	none
frontier-run-005988	five-branch-k0-slack_three-0	distinct	replay	3	SSSFSS	0	none
frontier-run-005989	five-branch-k0-slack_three-0	distinct	replay	3	SSSFSFS	0	none
frontier-run-005990	five-branch-k0-slack_three-0	distinct	replay	3	SSSFSFFS	0	none
frontier-run-005991	five-branch-k0-slack_three-0	distinct	replay	3	SSSFFSS	0	none
frontier-run-005992	five-branch-k0-slack_three-0	distinct	replay	3	SSSFFSFS	0	none
frontier-run-005993	five-branch-k0-slack_three-0	distinct	replay	3	SSSFFFSS	0	none
frontier-run-005994	five-branch-k0-slack_three-0	distinct	replay	3	SSFSSS	0	none
frontier-run-005995	five-branch-k0-slack_three-0	distinct	replay	3	SSFSSFS	0	none
frontier-run-005996	five-branch-k0-slack_three-0	distinct	replay	3	SSFSSFFS	0	none
frontier-run-005997	five-branch-k0-slack_three-0	distinct	replay	3	SSFSFSS	0	none
frontier-run-005998	five-branch-k0-slack_three-0	distinct	replay	3	SSFSFSFS	0	none
frontier-run-005999	five-branch-k0-slack_three-0	distinct	replay	3	SSFSFFSS	0	none
frontier-run-006000	five-branch-k0-slack_three-0	distinct	replay	3	SSFFSSS	0	none
frontier-run-006001	five-branch-k0-slack_three-0	distinct	replay	3	SSFFSSFS	0	none
frontier-run-006002	five-branch-k0-slack_three-0	distinct	replay	3	SSFFSFSS	0	none
frontier-run-006003	five-branch-k0-slack_three-0	distinct	replay	3	SSFFFSSS	0	none
frontier-run-006004	five-branch-k0-slack_three-0	distinct	replay	3	SFSSSS	0	none
frontier-run-006005	five-branch-k0-slack_three-0	distinct	replay	3	SFSSSFS	0	none
frontier-run-006006	five-branch-k0-slack_three-0	distinct	replay	3	SFSSSFFS	0	none
frontier-run-006007	five-branch-k0-slack_three-0	distinct	replay	3	SFSSFSS	0	none
frontier-run-006008	five-branch-k0-slack_three-0	distinct	replay	3	SFSSFSFS	0	none
frontier-run-006009	five-branch-k0-slack_three-0	distinct	replay	3	SFSSFFSS	0	none
frontier-run-006010	five-branch-k0-slack_three-0	distinct	replay	3	SFSFSSS	0	none
frontier-run-006011	five-branch-k0-slack_three-0	distinct	replay	3	SFSFSSFS	0	none
frontier-run-006012	five-branch-k0-slack_three-0	distinct	replay	3	SFSFSFSS	0	none
frontier-run-006013	five-branch-k0-slack_three-0	distinct	replay	3	SFSFFSSS	0	none
frontier-run-006014	five-branch-k0-slack_three-0	distinct	replay	3	SFFSSSS	0	none
frontier-run-006015	five-branch-k0-slack_three-0	distinct	replay	3	SFFSSSFS	0	none
frontier-run-006016	five-branch-k0-slack_three-0	distinct	replay	3	SFFSSFSS	0	none
frontier-run-006017	five-branch-k0-slack_three-0	distinct	replay	3	SFFSFSSS	0	none
frontier-run-006018	five-branch-k0-slack_three-0	distinct	replay	3	SFFFSSSS	0	none
frontier-run-006019	five-branch-k0-slack_three-0	distinct	replay	3	FSSSSS	0	none
frontier-run-006020	five-branch-k0-slack_three-0	distinct	replay	3	FSSSSFS	0	none
frontier-run-006021	five-branch-k0-slack_three-0	distinct	replay	3	FSSSSFFS	0	none
frontier-run-006022	five-branch-k0-slack_three-0	distinct	replay	3	FSSSFSS	0	none
frontier-run-006023	five-branch-k0-slack_three-0	distinct	replay	3	FSSSFSFS	0	none
frontier-run-006024	five-branch-k0-slack_three-0	distinct	replay	3	FSSSFFSS	0	none
frontier-run-006025	five-branch-k0-slack_three-0	distinct	replay	3	FSSFSSS	0	none
frontier-run-006026	five-branch-k0-slack_three-0	distinct	replay	3	FSSFSSFS	0	none
frontier-run-006027	five-branch-k0-slack_three-0	distinct	replay	3	FSSFSFSS	0	none
frontier-run-006028	five-branch-k0-slack_three-0	distinct	replay	3	FSSFFSSS	0	none
frontier-run-006029	five-branch-k0-slack_three-0	distinct	replay	3	FSFSSSS	0	none
frontier-run-006030	five-branch-k0-slack_three-0	distinct	replay	3	FSFSSSFS	0	none
frontier-run-006031	five-branch-k0-slack_three-0	distinct	replay	3	FSFSSFSS	0	none
frontier-run-006032	five-branch-k0-slack_three-0	distinct	replay	3	FSFSFSSS	0	none
frontier-run-006033	five-branch-k0-slack_three-0	distinct	replay	3	FSFFSSSS	0	none
frontier-run-006034	five-branch-k0-slack_three-0	distinct	replay	3	FFSSSSS	0	none
frontier-run-006035	five-branch-k0-slack_three-0	distinct	replay	3	FFSSSSFS	0	none
frontier-run-006036	five-branch-k0-slack_three-0	distinct	replay	3	FFSSSFSS	0	none
frontier-run-006037	five-branch-k0-slack_three-0	distinct	replay	3	FFSSFSSS	0	none
frontier-run-006038	five-branch-k0-slack_three-0	distinct	replay	3	FFSFSSSS	0	none
frontier-run-006039	five-branch-k0-slack_three-0	distinct	replay	3	FFFSSSSS	0	none
frontier-run-006040	five-branch-k0-slack_three-0	colliding	replay	3	SSSSS	0	none
frontier-run-006041	five-branch-k0-slack_three-0	colliding	replay	3	SSSSFS	0	none
frontier-run-006042	five-branch-k0-slack_three-0	colliding	replay	3	SSSSFFS	0	none
frontier-run-006043	five-branch-k0-slack_three-0	colliding	replay	3	SSSSFFFS	0	none
frontier-run-006044	five-branch-k0-slack_three-0	colliding	replay	3	SSSFSS	0	none
frontier-run-006045	five-branch-k0-slack_three-0	colliding	replay	3	SSSFSFS	0	none
frontier-run-006046	five-branch-k0-slack_three-0	colliding	replay	3	SSSFSFFS	0	none
frontier-run-006047	five-branch-k0-slack_three-0	colliding	replay	3	SSSFFSS	0	none
frontier-run-006048	five-branch-k0-slack_three-0	colliding	replay	3	SSSFFSFS	0	none
frontier-run-006049	five-branch-k0-slack_three-0	colliding	replay	3	SSSFFFSS	0	none
frontier-run-006050	five-branch-k0-slack_three-0	colliding	replay	3	SSFSSS	0	none
frontier-run-006051	five-branch-k0-slack_three-0	colliding	replay	3	SSFSSFS	0	none
frontier-run-006052	five-branch-k0-slack_three-0	colliding	replay	3	SSFSSFFS	0	none
frontier-run-006053	five-branch-k0-slack_three-0	colliding	replay	3	SSFSFSS	0	none
frontier-run-006054	five-branch-k0-slack_three-0	colliding	replay	3	SSFSFSFS	0	none
frontier-run-006055	five-branch-k0-slack_three-0	colliding	replay	3	SSFSFFSS	0	none
frontier-run-006056	five-branch-k0-slack_three-0	colliding	replay	3	SSFFSSS	0	none
frontier-run-006057	five-branch-k0-slack_three-0	colliding	replay	3	SSFFSSFS	0	none
frontier-run-006058	five-branch-k0-slack_three-0	colliding	replay	3	SSFFSFSS	0	none
frontier-run-006059	five-branch-k0-slack_three-0	colliding	replay	3	SSFFFSSS	0	none
frontier-run-006060	five-branch-k0-slack_three-0	colliding	replay	3	SFSSSS	0	none
frontier-run-006061	five-branch-k0-slack_three-0	colliding	replay	3	SFSSSFS	0	none
frontier-run-006062	five-branch-k0-slack_three-0	colliding	replay	3	SFSSSFFS	0	none
frontier-run-006063	five-branch-k0-slack_three-0	colliding	replay	3	SFSSFSS	0	none
frontier-run-006064	five-branch-k0-slack_three-0	colliding	replay	3	SFSSFSFS	0	none
frontier-run-006065	five-branch-k0-slack_three-0	colliding	replay	3	SFSSFFSS	0	none
frontier-run-006066	five-branch-k0-slack_three-0	colliding	replay	3	SFSFSSS	0	none
frontier-run-006067	five-branch-k0-slack_three-0	colliding	replay	3	SFSFSSFS	0	none
frontier-run-006068	five-branch-k0-slack_three-0	colliding	replay	3	SFSFSFSS	0	none
frontier-run-006069	five-branch-k0-slack_three-0	colliding	replay	3	SFSFFSSS	0	none
frontier-run-006070	five-branch-k0-slack_three-0	colliding	replay	3	SFFSSSS	0	none
frontier-run-006071	five-branch-k0-slack_three-0	colliding	replay	3	SFFSSSFS	0	none
frontier-run-006072	five-branch-k0-slack_three-0	colliding	replay	3	SFFSSFSS	0	none
frontier-run-006073	five-branch-k0-slack_three-0	colliding	replay	3	SFFSFSSS	0	none
frontier-run-006074	five-branch-k0-slack_three-0	colliding	replay	3	SFFFSSSS	0	none
frontier-run-006075	five-branch-k0-slack_three-0	colliding	replay	3	FSSSSS	0	none
frontier-run-006076	five-branch-k0-slack_three-0	colliding	replay	3	FSSSSFS	0	none
frontier-run-006077	five-branch-k0-slack_three-0	colliding	replay	3	FSSSSFFS	0	none
frontier-run-006078	five-branch-k0-slack_three-0	colliding	replay	3	FSSSFSS	0	none
frontier-run-006079	five-branch-k0-slack_three-0	colliding	replay	3	FSSSFSFS	0	none
frontier-run-006080	five-branch-k0-slack_three-0	colliding	replay	3	FSSSFFSS	0	none
frontier-run-006081	five-branch-k0-slack_three-0	colliding	replay	3	FSSFSSS	0	none
frontier-run-006082	five-branch-k0-slack_three-0	colliding	replay	3	FSSFSSFS	0	none
frontier-run-006083	five-branch-k0-slack_three-0	colliding	replay	3	FSSFSFSS	0	none
frontier-run-006084	five-branch-k0-slack_three-0	colliding	replay	3	FSSFFSSS	0	none
frontier-run-006085	five-branch-k0-slack_three-0	colliding	replay	3	FSFSSSS	0	none
frontier-run-006086	five-branch-k0-slack_three-0	colliding	replay	3	FSFSSSFS	0	none
frontier-run-006087	five-branch-k0-slack_three-0	colliding	replay	3	FSFSSFSS	0	none
frontier-run-006088	five-branch-k0-slack_three-0	colliding	replay	3	FSFSFSSS	0	none
frontier-run-006089	five-branch-k0-slack_three-0	colliding	replay	3	FSFFSSSS	0	none
frontier-run-006090	five-branch-k0-slack_three-0	colliding	replay	3	FFSSSSS	0	none
frontier-run-006091	five-branch-k0-slack_three-0	colliding	replay	3	FFSSSSFS	0	none
frontier-run-006092	five-branch-k0-slack_three-0	colliding	replay	3	FFSSSFSS	0	none
frontier-run-006093	five-branch-k0-slack_three-0	colliding	replay	3	FFSSFSSS	0	none
frontier-run-006094	five-branch-k0-slack_three-0	colliding	replay	3	FFSFSSSS	0	none
frontier-run-006095	five-branch-k0-slack_three-0	colliding	replay	3	FFFSSSSS	0	none
frontier-run-006096	five-branch-k0-slack_three-0	distinct	concurrent	3	-	11	none
frontier-run-006097	five-branch-k0-slack_three-0	distinct	concurrent	3	-	23	none
frontier-run-006098	five-branch-k0-slack_three-0	colliding	concurrent	3	-	11	none
frontier-run-006099	five-branch-k0-slack_three-0	colliding	concurrent	3	-	23	none
frontier-run-006100	five-branch-k0-slack_three-1	distinct	replay	0	SSSSS	0	none
frontier-run-006101	five-branch-k0-slack_three-1	colliding	replay	0	SSSSS	0	none
frontier-run-006102	five-branch-k0-slack_three-1	distinct	replay	1	SSSSS	0	none
frontier-run-006103	five-branch-k0-slack_three-1	distinct	replay	1	SSSSF	0	none
frontier-run-006104	five-branch-k0-slack_three-1	distinct	replay	1	SSSFS	0	none
frontier-run-006105	five-branch-k0-slack_three-1	distinct	replay	1	SSFSS	0	none
frontier-run-006106	five-branch-k0-slack_three-1	distinct	replay	1	SFSSS	0	none
frontier-run-006107	five-branch-k0-slack_three-1	distinct	replay	1	FSSSS	0	none
frontier-run-006108	five-branch-k0-slack_three-1	colliding	replay	1	SSSSS	0	none
frontier-run-006109	five-branch-k0-slack_three-1	colliding	replay	1	SSSSF	0	none
frontier-run-006110	five-branch-k0-slack_three-1	colliding	replay	1	SSSFS	0	none
frontier-run-006111	five-branch-k0-slack_three-1	colliding	replay	1	SSFSS	0	none
frontier-run-006112	five-branch-k0-slack_three-1	colliding	replay	1	SFSSS	0	none
frontier-run-006113	five-branch-k0-slack_three-1	colliding	replay	1	FSSSS	0	none
frontier-run-006114	five-branch-k0-slack_three-1	distinct	replay	2	SSSSS	0	none
frontier-run-006115	five-branch-k0-slack_three-1	distinct	replay	2	SSSSFS	0	none
frontier-run-006116	five-branch-k0-slack_three-1	distinct	replay	2	SSSSFF	0	none
frontier-run-006117	five-branch-k0-slack_three-1	distinct	replay	2	SSSFSS	0	none
frontier-run-006118	five-branch-k0-slack_three-1	distinct	replay	2	SSSFSF	0	none
frontier-run-006119	five-branch-k0-slack_three-1	distinct	replay	2	SSSFFS	0	none
frontier-run-006120	five-branch-k0-slack_three-1	distinct	replay	2	SSFSSS	0	none
frontier-run-006121	five-branch-k0-slack_three-1	distinct	replay	2	SSFSSF	0	none
frontier-run-006122	five-branch-k0-slack_three-1	distinct	replay	2	SSFSFS	0	none
frontier-run-006123	five-branch-k0-slack_three-1	distinct	replay	2	SSFFSS	0	none
frontier-run-006124	five-branch-k0-slack_three-1	distinct	replay	2	SFSSSS	0	none
frontier-run-006125	five-branch-k0-slack_three-1	distinct	replay	2	SFSSSF	0	none
frontier-run-006126	five-branch-k0-slack_three-1	distinct	replay	2	SFSSFS	0	none
frontier-run-006127	five-branch-k0-slack_three-1	distinct	replay	2	SFSFSS	0	none
frontier-run-006128	five-branch-k0-slack_three-1	distinct	replay	2	SFFSSS	0	none
frontier-run-006129	five-branch-k0-slack_three-1	distinct	replay	2	FSSSSS	0	none
frontier-run-006130	five-branch-k0-slack_three-1	distinct	replay	2	FSSSSF	0	none
frontier-run-006131	five-branch-k0-slack_three-1	distinct	replay	2	FSSSFS	0	none
frontier-run-006132	five-branch-k0-slack_three-1	distinct	replay	2	FSSFSS	0	none
frontier-run-006133	five-branch-k0-slack_three-1	distinct	replay	2	FSFSSS	0	none
frontier-run-006134	five-branch-k0-slack_three-1	distinct	replay	2	FFSSSS	0	none
frontier-run-006135	five-branch-k0-slack_three-1	colliding	replay	2	SSSSS	0	none
frontier-run-006136	five-branch-k0-slack_three-1	colliding	replay	2	SSSSFS	0	none
frontier-run-006137	five-branch-k0-slack_three-1	colliding	replay	2	SSSSFF	0	none
frontier-run-006138	five-branch-k0-slack_three-1	colliding	replay	2	SSSFSS	0	none
frontier-run-006139	five-branch-k0-slack_three-1	colliding	replay	2	SSSFSF	0	none
frontier-run-006140	five-branch-k0-slack_three-1	colliding	replay	2	SSSFFS	0	none
frontier-run-006141	five-branch-k0-slack_three-1	colliding	replay	2	SSFSSS	0	none
frontier-run-006142	five-branch-k0-slack_three-1	colliding	replay	2	SSFSSF	0	none
frontier-run-006143	five-branch-k0-slack_three-1	colliding	replay	2	SSFSFS	0	none
frontier-run-006144	five-branch-k0-slack_three-1	colliding	replay	2	SSFFSS	0	none
frontier-run-006145	five-branch-k0-slack_three-1	colliding	replay	2	SFSSSS	0	none
frontier-run-006146	five-branch-k0-slack_three-1	colliding	replay	2	SFSSSF	0	none
frontier-run-006147	five-branch-k0-slack_three-1	colliding	replay	2	SFSSFS	0	none
frontier-run-006148	five-branch-k0-slack_three-1	colliding	replay	2	SFSFSS	0	none
frontier-run-006149	five-branch-k0-slack_three-1	colliding	replay	2	SFFSSS	0	none
frontier-run-006150	five-branch-k0-slack_three-1	colliding	replay	2	FSSSSS	0	none
frontier-run-006151	five-branch-k0-slack_three-1	colliding	replay	2	FSSSSF	0	none
frontier-run-006152	five-branch-k0-slack_three-1	colliding	replay	2	FSSSFS	0	none
frontier-run-006153	five-branch-k0-slack_three-1	colliding	replay	2	FSSFSS	0	none
frontier-run-006154	five-branch-k0-slack_three-1	colliding	replay	2	FSFSSS	0	none
frontier-run-006155	five-branch-k0-slack_three-1	colliding	replay	2	FFSSSS	0	none
frontier-run-006156	five-branch-k0-slack_three-1	distinct	replay	3	SSSSS	0	none
frontier-run-006157	five-branch-k0-slack_three-1	distinct	replay	3	SSSSFS	0	none
frontier-run-006158	five-branch-k0-slack_three-1	distinct	replay	3	SSSSFFS	0	none
frontier-run-006159	five-branch-k0-slack_three-1	distinct	replay	3	SSSSFFF	0	none
frontier-run-006160	five-branch-k0-slack_three-1	distinct	replay	3	SSSFSS	0	none
frontier-run-006161	five-branch-k0-slack_three-1	distinct	replay	3	SSSFSFS	0	none
frontier-run-006162	five-branch-k0-slack_three-1	distinct	replay	3	SSSFSFF	0	none
frontier-run-006163	five-branch-k0-slack_three-1	distinct	replay	3	SSSFFSS	0	none
frontier-run-006164	five-branch-k0-slack_three-1	distinct	replay	3	SSSFFSF	0	none
frontier-run-006165	five-branch-k0-slack_three-1	distinct	replay	3	SSSFFFS	0	none
frontier-run-006166	five-branch-k0-slack_three-1	distinct	replay	3	SSFSSS	0	none
frontier-run-006167	five-branch-k0-slack_three-1	distinct	replay	3	SSFSSFS	0	none
frontier-run-006168	five-branch-k0-slack_three-1	distinct	replay	3	SSFSSFF	0	none
frontier-run-006169	five-branch-k0-slack_three-1	distinct	replay	3	SSFSFSS	0	none
frontier-run-006170	five-branch-k0-slack_three-1	distinct	replay	3	SSFSFSF	0	none
frontier-run-006171	five-branch-k0-slack_three-1	distinct	replay	3	SSFSFFS	0	none
frontier-run-006172	five-branch-k0-slack_three-1	distinct	replay	3	SSFFSSS	0	none
frontier-run-006173	five-branch-k0-slack_three-1	distinct	replay	3	SSFFSSF	0	none
frontier-run-006174	five-branch-k0-slack_three-1	distinct	replay	3	SSFFSFS	0	none
frontier-run-006175	five-branch-k0-slack_three-1	distinct	replay	3	SSFFFSS	0	none
frontier-run-006176	five-branch-k0-slack_three-1	distinct	replay	3	SFSSSS	0	none
frontier-run-006177	five-branch-k0-slack_three-1	distinct	replay	3	SFSSSFS	0	none
frontier-run-006178	five-branch-k0-slack_three-1	distinct	replay	3	SFSSSFF	0	none
frontier-run-006179	five-branch-k0-slack_three-1	distinct	replay	3	SFSSFSS	0	none
frontier-run-006180	five-branch-k0-slack_three-1	distinct	replay	3	SFSSFSF	0	none
frontier-run-006181	five-branch-k0-slack_three-1	distinct	replay	3	SFSSFFS	0	none
frontier-run-006182	five-branch-k0-slack_three-1	distinct	replay	3	SFSFSSS	0	none
frontier-run-006183	five-branch-k0-slack_three-1	distinct	replay	3	SFSFSSF	0	none
frontier-run-006184	five-branch-k0-slack_three-1	distinct	replay	3	SFSFSFS	0	none
frontier-run-006185	five-branch-k0-slack_three-1	distinct	replay	3	SFSFFSS	0	none
frontier-run-006186	five-branch-k0-slack_three-1	distinct	replay	3	SFFSSSS	0	none
frontier-run-006187	five-branch-k0-slack_three-1	distinct	replay	3	SFFSSSF	0	none
frontier-run-006188	five-branch-k0-slack_three-1	distinct	replay	3	SFFSSFS	0	none
frontier-run-006189	five-branch-k0-slack_three-1	distinct	replay	3	SFFSFSS	0	none
frontier-run-006190	five-branch-k0-slack_three-1	distinct	replay	3	SFFFSSS	0	none
frontier-run-006191	five-branch-k0-slack_three-1	distinct	replay	3	FSSSSS	0	none
frontier-run-006192	five-branch-k0-slack_three-1	distinct	replay	3	FSSSSFS	0	none
frontier-run-006193	five-branch-k0-slack_three-1	distinct	replay	3	FSSSSFF	0	none
frontier-run-006194	five-branch-k0-slack_three-1	distinct	replay	3	FSSSFSS	0	none
frontier-run-006195	five-branch-k0-slack_three-1	distinct	replay	3	FSSSFSF	0	none
frontier-run-006196	five-branch-k0-slack_three-1	distinct	replay	3	FSSSFFS	0	none
frontier-run-006197	five-branch-k0-slack_three-1	distinct	replay	3	FSSFSSS	0	none
frontier-run-006198	five-branch-k0-slack_three-1	distinct	replay	3	FSSFSSF	0	none
frontier-run-006199	five-branch-k0-slack_three-1	distinct	replay	3	FSSFSFS	0	none
frontier-run-006200	five-branch-k0-slack_three-1	distinct	replay	3	FSSFFSS	0	none
frontier-run-006201	five-branch-k0-slack_three-1	distinct	replay	3	FSFSSSS	0	none
frontier-run-006202	five-branch-k0-slack_three-1	distinct	replay	3	FSFSSSF	0	none
frontier-run-006203	five-branch-k0-slack_three-1	distinct	replay	3	FSFSSFS	0	none
frontier-run-006204	five-branch-k0-slack_three-1	distinct	replay	3	FSFSFSS	0	none
frontier-run-006205	five-branch-k0-slack_three-1	distinct	replay	3	FSFFSSS	0	none
frontier-run-006206	five-branch-k0-slack_three-1	distinct	replay	3	FFSSSSS	0	none
frontier-run-006207	five-branch-k0-slack_three-1	distinct	replay	3	FFSSSSF	0	none
frontier-run-006208	five-branch-k0-slack_three-1	distinct	replay	3	FFSSSFS	0	none
frontier-run-006209	five-branch-k0-slack_three-1	distinct	replay	3	FFSSFSS	0	none
frontier-run-006210	five-branch-k0-slack_three-1	distinct	replay	3	FFSFSSS	0	none
frontier-run-006211	five-branch-k0-slack_three-1	distinct	replay	3	FFFSSSS	0	none
frontier-run-006212	five-branch-k0-slack_three-1	colliding	replay	3	SSSSS	0	none
frontier-run-006213	five-branch-k0-slack_three-1	colliding	replay	3	SSSSFS	0	none
frontier-run-006214	five-branch-k0-slack_three-1	colliding	replay	3	SSSSFFS	0	none
frontier-run-006215	five-branch-k0-slack_three-1	colliding	replay	3	SSSSFFF	0	none
frontier-run-006216	five-branch-k0-slack_three-1	colliding	replay	3	SSSFSS	0	none
frontier-run-006217	five-branch-k0-slack_three-1	colliding	replay	3	SSSFSFS	0	none
frontier-run-006218	five-branch-k0-slack_three-1	colliding	replay	3	SSSFSFF	0	none
frontier-run-006219	five-branch-k0-slack_three-1	colliding	replay	3	SSSFFSS	0	none
frontier-run-006220	five-branch-k0-slack_three-1	colliding	replay	3	SSSFFSF	0	none
frontier-run-006221	five-branch-k0-slack_three-1	colliding	replay	3	SSSFFFS	0	none
frontier-run-006222	five-branch-k0-slack_three-1	colliding	replay	3	SSFSSS	0	none
frontier-run-006223	five-branch-k0-slack_three-1	colliding	replay	3	SSFSSFS	0	none
frontier-run-006224	five-branch-k0-slack_three-1	colliding	replay	3	SSFSSFF	0	none
frontier-run-006225	five-branch-k0-slack_three-1	colliding	replay	3	SSFSFSS	0	none
frontier-run-006226	five-branch-k0-slack_three-1	colliding	replay	3	SSFSFSF	0	none
frontier-run-006227	five-branch-k0-slack_three-1	colliding	replay	3	SSFSFFS	0	none
frontier-run-006228	five-branch-k0-slack_three-1	colliding	replay	3	SSFFSSS	0	none
frontier-run-006229	five-branch-k0-slack_three-1	colliding	replay	3	SSFFSSF	0	none
frontier-run-006230	five-branch-k0-slack_three-1	colliding	replay	3	SSFFSFS	0	none
frontier-run-006231	five-branch-k0-slack_three-1	colliding	replay	3	SSFFFSS	0	none
frontier-run-006232	five-branch-k0-slack_three-1	colliding	replay	3	SFSSSS	0	none
frontier-run-006233	five-branch-k0-slack_three-1	colliding	replay	3	SFSSSFS	0	none
frontier-run-006234	five-branch-k0-slack_three-1	colliding	replay	3	SFSSSFF	0	none
frontier-run-006235	five-branch-k0-slack_three-1	colliding	replay	3	SFSSFSS	0	none
frontier-run-006236	five-branch-k0-slack_three-1	colliding	replay	3	SFSSFSF	0	none
frontier-run-006237	five-branch-k0-slack_three-1	colliding	replay	3	SFSSFFS	0	none
frontier-run-006238	five-branch-k0-slack_three-1	colliding	replay	3	SFSFSSS	0	none
frontier-run-006239	five-branch-k0-slack_three-1	colliding	replay	3	SFSFSSF	0	none
frontier-run-006240	five-branch-k0-slack_three-1	colliding	replay	3	SFSFSFS	0	none
frontier-run-006241	five-branch-k0-slack_three-1	colliding	replay	3	SFSFFSS	0	none
frontier-run-006242	five-branch-k0-slack_three-1	colliding	replay	3	SFFSSSS	0	none
frontier-run-006243	five-branch-k0-slack_three-1	colliding	replay	3	SFFSSSF	0	none
frontier-run-006244	five-branch-k0-slack_three-1	colliding	replay	3	SFFSSFS	0	none
frontier-run-006245	five-branch-k0-slack_three-1	colliding	replay	3	SFFSFSS	0	none
frontier-run-006246	five-branch-k0-slack_three-1	colliding	replay	3	SFFFSSS	0	none
frontier-run-006247	five-branch-k0-slack_three-1	colliding	replay	3	FSSSSS	0	none
frontier-run-006248	five-branch-k0-slack_three-1	colliding	replay	3	FSSSSFS	0	none
frontier-run-006249	five-branch-k0-slack_three-1	colliding	replay	3	FSSSSFF	0	none
frontier-run-006250	five-branch-k0-slack_three-1	colliding	replay	3	FSSSFSS	0	none
frontier-run-006251	five-branch-k0-slack_three-1	colliding	replay	3	FSSSFSF	0	none
frontier-run-006252	five-branch-k0-slack_three-1	colliding	replay	3	FSSSFFS	0	none
frontier-run-006253	five-branch-k0-slack_three-1	colliding	replay	3	FSSFSSS	0	none
frontier-run-006254	five-branch-k0-slack_three-1	colliding	replay	3	FSSFSSF	0	none
frontier-run-006255	five-branch-k0-slack_three-1	colliding	replay	3	FSSFSFS	0	none
frontier-run-006256	five-branch-k0-slack_three-1	colliding	replay	3	FSSFFSS	0	none
frontier-run-006257	five-branch-k0-slack_three-1	colliding	replay	3	FSFSSSS	0	none
frontier-run-006258	five-branch-k0-slack_three-1	colliding	replay	3	FSFSSSF	0	none
frontier-run-006259	five-branch-k0-slack_three-1	colliding	replay	3	FSFSSFS	0	none
frontier-run-006260	five-branch-k0-slack_three-1	colliding	replay	3	FSFSFSS	0	none
frontier-run-006261	five-branch-k0-slack_three-1	colliding	replay	3	FSFFSSS	0	none
frontier-run-006262	five-branch-k0-slack_three-1	colliding	replay	3	FFSSSSS	0	none
frontier-run-006263	five-branch-k0-slack_three-1	colliding	replay	3	FFSSSSF	0	none
frontier-run-006264	five-branch-k0-slack_three-1	colliding	replay	3	FFSSSFS	0	none
frontier-run-006265	five-branch-k0-slack_three-1	colliding	replay	3	FFSSFSS	0	none
frontier-run-006266	five-branch-k0-slack_three-1	colliding	replay	3	FFSFSSS	0	none
frontier-run-006267	five-branch-k0-slack_three-1	colliding	replay	3	FFFSSSS	0	none
frontier-run-006268	five-branch-k0-slack_three-1	distinct	concurrent	3	-	11	none
frontier-run-006269	five-branch-k0-slack_three-1	distinct	concurrent	3	-	23	none
frontier-run-006270	five-branch-k0-slack_three-1	colliding	concurrent	3	-	11	none
frontier-run-006271	five-branch-k0-slack_three-1	colliding	concurrent	3	-	23	none
frontier-run-006272	five-branch-k0-slack_three-2	distinct	replay	0	SSSSS	0	none
frontier-run-006273	five-branch-k0-slack_three-2	colliding	replay	0	SSSSS	0	none
frontier-run-006274	five-branch-k0-slack_three-2	distinct	replay	1	SSSSS	0	none
frontier-run-006275	five-branch-k0-slack_three-2	distinct	replay	1	SSSSF	0	none
frontier-run-006276	five-branch-k0-slack_three-2	distinct	replay	1	SSSFS	0	none
frontier-run-006277	five-branch-k0-slack_three-2	distinct	replay	1	SSFSS	0	none
frontier-run-006278	five-branch-k0-slack_three-2	distinct	replay	1	SFSSS	0	none
frontier-run-006279	five-branch-k0-slack_three-2	distinct	replay	1	FSSSS	0	none
frontier-run-006280	five-branch-k0-slack_three-2	colliding	replay	1	SSSSS	0	none
frontier-run-006281	five-branch-k0-slack_three-2	colliding	replay	1	SSSSF	0	none
frontier-run-006282	five-branch-k0-slack_three-2	colliding	replay	1	SSSFS	0	none
frontier-run-006283	five-branch-k0-slack_three-2	colliding	replay	1	SSFSS	0	none
frontier-run-006284	five-branch-k0-slack_three-2	colliding	replay	1	SFSSS	0	none
frontier-run-006285	five-branch-k0-slack_three-2	colliding	replay	1	FSSSS	0	none
frontier-run-006286	five-branch-k0-slack_three-2	distinct	replay	2	SSSSS	0	none
frontier-run-006287	five-branch-k0-slack_three-2	distinct	replay	2	SSSSF	0	none
frontier-run-006288	five-branch-k0-slack_three-2	distinct	replay	2	SSSFS	0	none
frontier-run-006289	five-branch-k0-slack_three-2	distinct	replay	2	SSSFF	0	none
frontier-run-006290	five-branch-k0-slack_three-2	distinct	replay	2	SSFSS	0	none
frontier-run-006291	five-branch-k0-slack_three-2	distinct	replay	2	SSFSF	0	none
frontier-run-006292	five-branch-k0-slack_three-2	distinct	replay	2	SSFFS	0	none
frontier-run-006293	five-branch-k0-slack_three-2	distinct	replay	2	SFSSS	0	none
frontier-run-006294	five-branch-k0-slack_three-2	distinct	replay	2	SFSSF	0	none
frontier-run-006295	five-branch-k0-slack_three-2	distinct	replay	2	SFSFS	0	none
frontier-run-006296	five-branch-k0-slack_three-2	distinct	replay	2	SFFSS	0	none
frontier-run-006297	five-branch-k0-slack_three-2	distinct	replay	2	FSSSS	0	none
frontier-run-006298	five-branch-k0-slack_three-2	distinct	replay	2	FSSSF	0	none
frontier-run-006299	five-branch-k0-slack_three-2	distinct	replay	2	FSSFS	0	none
frontier-run-006300	five-branch-k0-slack_three-2	distinct	replay	2	FSFSS	0	none
frontier-run-006301	five-branch-k0-slack_three-2	distinct	replay	2	FFSSS	0	none
frontier-run-006302	five-branch-k0-slack_three-2	colliding	replay	2	SSSSS	0	none
frontier-run-006303	five-branch-k0-slack_three-2	colliding	replay	2	SSSSF	0	none
frontier-run-006304	five-branch-k0-slack_three-2	colliding	replay	2	SSSFS	0	none
frontier-run-006305	five-branch-k0-slack_three-2	colliding	replay	2	SSSFF	0	none
frontier-run-006306	five-branch-k0-slack_three-2	colliding	replay	2	SSFSS	0	none
frontier-run-006307	five-branch-k0-slack_three-2	colliding	replay	2	SSFSF	0	none
frontier-run-006308	five-branch-k0-slack_three-2	colliding	replay	2	SSFFS	0	none
frontier-run-006309	five-branch-k0-slack_three-2	colliding	replay	2	SFSSS	0	none
frontier-run-006310	five-branch-k0-slack_three-2	colliding	replay	2	SFSSF	0	none
frontier-run-006311	five-branch-k0-slack_three-2	colliding	replay	2	SFSFS	0	none
frontier-run-006312	five-branch-k0-slack_three-2	colliding	replay	2	SFFSS	0	none
frontier-run-006313	five-branch-k0-slack_three-2	colliding	replay	2	FSSSS	0	none
frontier-run-006314	five-branch-k0-slack_three-2	colliding	replay	2	FSSSF	0	none
frontier-run-006315	five-branch-k0-slack_three-2	colliding	replay	2	FSSFS	0	none
frontier-run-006316	five-branch-k0-slack_three-2	colliding	replay	2	FSFSS	0	none
frontier-run-006317	five-branch-k0-slack_three-2	colliding	replay	2	FFSSS	0	none
frontier-run-006318	five-branch-k0-slack_three-2	distinct	replay	3	SSSSS	0	none
frontier-run-006319	five-branch-k0-slack_three-2	distinct	replay	3	SSSSFS	0	none
frontier-run-006320	five-branch-k0-slack_three-2	distinct	replay	3	SSSSFF	0	none
frontier-run-006321	five-branch-k0-slack_three-2	distinct	replay	3	SSSFSS	0	none
frontier-run-006322	five-branch-k0-slack_three-2	distinct	replay	3	SSSFSF	0	none
frontier-run-006323	five-branch-k0-slack_three-2	distinct	replay	3	SSSFFS	0	none
frontier-run-006324	five-branch-k0-slack_three-2	distinct	replay	3	SSSFFF	0	none
frontier-run-006325	five-branch-k0-slack_three-2	distinct	replay	3	SSFSSS	0	none
frontier-run-006326	five-branch-k0-slack_three-2	distinct	replay	3	SSFSSF	0	none
frontier-run-006327	five-branch-k0-slack_three-2	distinct	replay	3	SSFSFS	0	none
frontier-run-006328	five-branch-k0-slack_three-2	distinct	replay	3	SSFSFF	0	none
frontier-run-006329	five-branch-k0-slack_three-2	distinct	replay	3	SSFFSS	0	none
frontier-run-006330	five-branch-k0-slack_three-2	distinct	replay	3	SSFFSF	0	none
frontier-run-006331	five-branch-k0-slack_three-2	distinct	replay	3	SSFFFS	0	none
frontier-run-006332	five-branch-k0-slack_three-2	distinct	replay	3	SFSSSS	0	none
frontier-run-006333	five-branch-k0-slack_three-2	distinct	replay	3	SFSSSF	0	none
frontier-run-006334	five-branch-k0-slack_three-2	distinct	replay	3	SFSSFS	0	none
frontier-run-006335	five-branch-k0-slack_three-2	distinct	replay	3	SFSSFF	0	none
frontier-run-006336	five-branch-k0-slack_three-2	distinct	replay	3	SFSFSS	0	none
frontier-run-006337	five-branch-k0-slack_three-2	distinct	replay	3	SFSFSF	0	none
frontier-run-006338	five-branch-k0-slack_three-2	distinct	replay	3	SFSFFS	0	none
frontier-run-006339	five-branch-k0-slack_three-2	distinct	replay	3	SFFSSS	0	none
frontier-run-006340	five-branch-k0-slack_three-2	distinct	replay	3	SFFSSF	0	none
frontier-run-006341	five-branch-k0-slack_three-2	distinct	replay	3	SFFSFS	0	none
frontier-run-006342	five-branch-k0-slack_three-2	distinct	replay	3	SFFFSS	0	none
frontier-run-006343	five-branch-k0-slack_three-2	distinct	replay	3	FSSSSS	0	none
frontier-run-006344	five-branch-k0-slack_three-2	distinct	replay	3	FSSSSF	0	none
frontier-run-006345	five-branch-k0-slack_three-2	distinct	replay	3	FSSSFS	0	none
frontier-run-006346	five-branch-k0-slack_three-2	distinct	replay	3	FSSSFF	0	none
frontier-run-006347	five-branch-k0-slack_three-2	distinct	replay	3	FSSFSS	0	none
frontier-run-006348	five-branch-k0-slack_three-2	distinct	replay	3	FSSFSF	0	none
frontier-run-006349	five-branch-k0-slack_three-2	distinct	replay	3	FSSFFS	0	none
frontier-run-006350	five-branch-k0-slack_three-2	distinct	replay	3	FSFSSS	0	none
frontier-run-006351	five-branch-k0-slack_three-2	distinct	replay	3	FSFSSF	0	none
frontier-run-006352	five-branch-k0-slack_three-2	distinct	replay	3	FSFSFS	0	none
frontier-run-006353	five-branch-k0-slack_three-2	distinct	replay	3	FSFFSS	0	none
frontier-run-006354	five-branch-k0-slack_three-2	distinct	replay	3	FFSSSS	0	none
frontier-run-006355	five-branch-k0-slack_three-2	distinct	replay	3	FFSSSF	0	none
frontier-run-006356	five-branch-k0-slack_three-2	distinct	replay	3	FFSSFS	0	none
frontier-run-006357	five-branch-k0-slack_three-2	distinct	replay	3	FFSFSS	0	none
frontier-run-006358	five-branch-k0-slack_three-2	distinct	replay	3	FFFSSS	0	none
frontier-run-006359	five-branch-k0-slack_three-2	colliding	replay	3	SSSSS	0	none
frontier-run-006360	five-branch-k0-slack_three-2	colliding	replay	3	SSSSFS	0	none
frontier-run-006361	five-branch-k0-slack_three-2	colliding	replay	3	SSSSFF	0	none
frontier-run-006362	five-branch-k0-slack_three-2	colliding	replay	3	SSSFSS	0	none
frontier-run-006363	five-branch-k0-slack_three-2	colliding	replay	3	SSSFSF	0	none
frontier-run-006364	five-branch-k0-slack_three-2	colliding	replay	3	SSSFFS	0	none
frontier-run-006365	five-branch-k0-slack_three-2	colliding	replay	3	SSSFFF	0	none
frontier-run-006366	five-branch-k0-slack_three-2	colliding	replay	3	SSFSSS	0	none
frontier-run-006367	five-branch-k0-slack_three-2	colliding	replay	3	SSFSSF	0	none
frontier-run-006368	five-branch-k0-slack_three-2	colliding	replay	3	SSFSFS	0	none
frontier-run-006369	five-branch-k0-slack_three-2	colliding	replay	3	SSFSFF	0	none
frontier-run-006370	five-branch-k0-slack_three-2	colliding	replay	3	SSFFSS	0	none
frontier-run-006371	five-branch-k0-slack_three-2	colliding	replay	3	SSFFSF	0	none
frontier-run-006372	five-branch-k0-slack_three-2	colliding	replay	3	SSFFFS	0	none
frontier-run-006373	five-branch-k0-slack_three-2	colliding	replay	3	SFSSSS	0	none
frontier-run-006374	five-branch-k0-slack_three-2	colliding	replay	3	SFSSSF	0	none
frontier-run-006375	five-branch-k0-slack_three-2	colliding	replay	3	SFSSFS	0	none
frontier-run-006376	five-branch-k0-slack_three-2	colliding	replay	3	SFSSFF	0	none
frontier-run-006377	five-branch-k0-slack_three-2	colliding	replay	3	SFSFSS	0	none
frontier-run-006378	five-branch-k0-slack_three-2	colliding	replay	3	SFSFSF	0	none
frontier-run-006379	five-branch-k0-slack_three-2	colliding	replay	3	SFSFFS	0	none
frontier-run-006380	five-branch-k0-slack_three-2	colliding	replay	3	SFFSSS	0	none
frontier-run-006381	five-branch-k0-slack_three-2	colliding	replay	3	SFFSSF	0	none
frontier-run-006382	five-branch-k0-slack_three-2	colliding	replay	3	SFFSFS	0	none
frontier-run-006383	five-branch-k0-slack_three-2	colliding	replay	3	SFFFSS	0	none
frontier-run-006384	five-branch-k0-slack_three-2	colliding	replay	3	FSSSSS	0	none
frontier-run-006385	five-branch-k0-slack_three-2	colliding	replay	3	FSSSSF	0	none
frontier-run-006386	five-branch-k0-slack_three-2	colliding	replay	3	FSSSFS	0	none
frontier-run-006387	five-branch-k0-slack_three-2	colliding	replay	3	FSSSFF	0	none
frontier-run-006388	five-branch-k0-slack_three-2	colliding	replay	3	FSSFSS	0	none
frontier-run-006389	five-branch-k0-slack_three-2	colliding	replay	3	FSSFSF	0	none
frontier-run-006390	five-branch-k0-slack_three-2	colliding	replay	3	FSSFFS	0	none
frontier-run-006391	five-branch-k0-slack_three-2	colliding	replay	3	FSFSSS	0	none
frontier-run-006392	five-branch-k0-slack_three-2	colliding	replay	3	FSFSSF	0	none
frontier-run-006393	five-branch-k0-slack_three-2	colliding	replay	3	FSFSFS	0	none
frontier-run-006394	five-branch-k0-slack_three-2	colliding	replay	3	FSFFSS	0	none
frontier-run-006395	five-branch-k0-slack_three-2	colliding	replay	3	FFSSSS	0	none
frontier-run-006396	five-branch-k0-slack_three-2	colliding	replay	3	FFSSSF	0	none
frontier-run-006397	five-branch-k0-slack_three-2	colliding	replay	3	FFSSFS	0	none
frontier-run-006398	five-branch-k0-slack_three-2	colliding	replay	3	FFSFSS	0	none
frontier-run-006399	five-branch-k0-slack_three-2	colliding	replay	3	FFFSSS	0	none
frontier-run-006400	five-branch-k0-slack_three-2	distinct	concurrent	3	-	11	none
frontier-run-006401	five-branch-k0-slack_three-2	distinct	concurrent	3	-	23	none
frontier-run-006402	five-branch-k0-slack_three-2	colliding	concurrent	3	-	11	none
frontier-run-006403	five-branch-k0-slack_three-2	colliding	concurrent	3	-	23	none
frontier-run-006404	five-branch-k0-slack_three-3	distinct	replay	0	SSSSS	0	none
frontier-run-006405	five-branch-k0-slack_three-3	colliding	replay	0	SSSSS	0	none
frontier-run-006406	five-branch-k0-slack_three-3	distinct	replay	1	SSSSS	0	none
frontier-run-006407	five-branch-k0-slack_three-3	distinct	replay	1	SSSSF	0	none
frontier-run-006408	five-branch-k0-slack_three-3	distinct	replay	1	SSSFS	0	none
frontier-run-006409	five-branch-k0-slack_three-3	distinct	replay	1	SSFSS	0	none
frontier-run-006410	five-branch-k0-slack_three-3	distinct	replay	1	SFSSS	0	none
frontier-run-006411	five-branch-k0-slack_three-3	distinct	replay	1	FSSSS	0	none
frontier-run-006412	five-branch-k0-slack_three-3	colliding	replay	1	SSSSS	0	none
frontier-run-006413	five-branch-k0-slack_three-3	colliding	replay	1	SSSSF	0	none
frontier-run-006414	five-branch-k0-slack_three-3	colliding	replay	1	SSSFS	0	none
frontier-run-006415	five-branch-k0-slack_three-3	colliding	replay	1	SSFSS	0	none
frontier-run-006416	five-branch-k0-slack_three-3	colliding	replay	1	SFSSS	0	none
frontier-run-006417	five-branch-k0-slack_three-3	colliding	replay	1	FSSSS	0	none
frontier-run-006418	five-branch-k0-slack_three-3	distinct	replay	2	SSSSS	0	none
frontier-run-006419	five-branch-k0-slack_three-3	distinct	replay	2	SSSSF	0	none
frontier-run-006420	five-branch-k0-slack_three-3	distinct	replay	2	SSSFS	0	none
frontier-run-006421	five-branch-k0-slack_three-3	distinct	replay	2	SSSFF	0	none
frontier-run-006422	five-branch-k0-slack_three-3	distinct	replay	2	SSFSS	0	none
frontier-run-006423	five-branch-k0-slack_three-3	distinct	replay	2	SSFSF	0	none
frontier-run-006424	five-branch-k0-slack_three-3	distinct	replay	2	SSFFS	0	none
frontier-run-006425	five-branch-k0-slack_three-3	distinct	replay	2	SFSSS	0	none
frontier-run-006426	five-branch-k0-slack_three-3	distinct	replay	2	SFSSF	0	none
frontier-run-006427	five-branch-k0-slack_three-3	distinct	replay	2	SFSFS	0	none
frontier-run-006428	five-branch-k0-slack_three-3	distinct	replay	2	SFFSS	0	none
frontier-run-006429	five-branch-k0-slack_three-3	distinct	replay	2	FSSSS	0	none
frontier-run-006430	five-branch-k0-slack_three-3	distinct	replay	2	FSSSF	0	none
frontier-run-006431	five-branch-k0-slack_three-3	distinct	replay	2	FSSFS	0	none
frontier-run-006432	five-branch-k0-slack_three-3	distinct	replay	2	FSFSS	0	none
frontier-run-006433	five-branch-k0-slack_three-3	distinct	replay	2	FFSSS	0	none
frontier-run-006434	five-branch-k0-slack_three-3	colliding	replay	2	SSSSS	0	none
frontier-run-006435	five-branch-k0-slack_three-3	colliding	replay	2	SSSSF	0	none
frontier-run-006436	five-branch-k0-slack_three-3	colliding	replay	2	SSSFS	0	none
frontier-run-006437	five-branch-k0-slack_three-3	colliding	replay	2	SSSFF	0	none
frontier-run-006438	five-branch-k0-slack_three-3	colliding	replay	2	SSFSS	0	none
frontier-run-006439	five-branch-k0-slack_three-3	colliding	replay	2	SSFSF	0	none
frontier-run-006440	five-branch-k0-slack_three-3	colliding	replay	2	SSFFS	0	none
frontier-run-006441	five-branch-k0-slack_three-3	colliding	replay	2	SFSSS	0	none
frontier-run-006442	five-branch-k0-slack_three-3	colliding	replay	2	SFSSF	0	none
frontier-run-006443	five-branch-k0-slack_three-3	colliding	replay	2	SFSFS	0	none
frontier-run-006444	five-branch-k0-slack_three-3	colliding	replay	2	SFFSS	0	none
frontier-run-006445	five-branch-k0-slack_three-3	colliding	replay	2	FSSSS	0	none
frontier-run-006446	five-branch-k0-slack_three-3	colliding	replay	2	FSSSF	0	none
frontier-run-006447	five-branch-k0-slack_three-3	colliding	replay	2	FSSFS	0	none
frontier-run-006448	five-branch-k0-slack_three-3	colliding	replay	2	FSFSS	0	none
frontier-run-006449	five-branch-k0-slack_three-3	colliding	replay	2	FFSSS	0	none
frontier-run-006450	five-branch-k0-slack_three-3	distinct	replay	3	SSSSS	0	none
frontier-run-006451	five-branch-k0-slack_three-3	distinct	replay	3	SSSSF	0	none
frontier-run-006452	five-branch-k0-slack_three-3	distinct	replay	3	SSSFS	0	none
frontier-run-006453	five-branch-k0-slack_three-3	distinct	replay	3	SSSFF	0	none
frontier-run-006454	five-branch-k0-slack_three-3	distinct	replay	3	SSFSS	0	none
frontier-run-006455	five-branch-k0-slack_three-3	distinct	replay	3	SSFSF	0	none
frontier-run-006456	five-branch-k0-slack_three-3	distinct	replay	3	SSFFS	0	none
frontier-run-006457	five-branch-k0-slack_three-3	distinct	replay	3	SSFFF	0	none
frontier-run-006458	five-branch-k0-slack_three-3	distinct	replay	3	SFSSS	0	none
frontier-run-006459	five-branch-k0-slack_three-3	distinct	replay	3	SFSSF	0	none
frontier-run-006460	five-branch-k0-slack_three-3	distinct	replay	3	SFSFS	0	none
frontier-run-006461	five-branch-k0-slack_three-3	distinct	replay	3	SFSFF	0	none
frontier-run-006462	five-branch-k0-slack_three-3	distinct	replay	3	SFFSS	0	none
frontier-run-006463	five-branch-k0-slack_three-3	distinct	replay	3	SFFSF	0	none
frontier-run-006464	five-branch-k0-slack_three-3	distinct	replay	3	SFFFS	0	none
frontier-run-006465	five-branch-k0-slack_three-3	distinct	replay	3	FSSSS	0	none
frontier-run-006466	five-branch-k0-slack_three-3	distinct	replay	3	FSSSF	0	none
frontier-run-006467	five-branch-k0-slack_three-3	distinct	replay	3	FSSFS	0	none
frontier-run-006468	five-branch-k0-slack_three-3	distinct	replay	3	FSSFF	0	none
frontier-run-006469	five-branch-k0-slack_three-3	distinct	replay	3	FSFSS	0	none
frontier-run-006470	five-branch-k0-slack_three-3	distinct	replay	3	FSFSF	0	none
frontier-run-006471	five-branch-k0-slack_three-3	distinct	replay	3	FSFFS	0	none
frontier-run-006472	five-branch-k0-slack_three-3	distinct	replay	3	FFSSS	0	none
frontier-run-006473	five-branch-k0-slack_three-3	distinct	replay	3	FFSSF	0	none
frontier-run-006474	five-branch-k0-slack_three-3	distinct	replay	3	FFSFS	0	none
frontier-run-006475	five-branch-k0-slack_three-3	distinct	replay	3	FFFSS	0	none
frontier-run-006476	five-branch-k0-slack_three-3	colliding	replay	3	SSSSS	0	none
frontier-run-006477	five-branch-k0-slack_three-3	colliding	replay	3	SSSSF	0	none
frontier-run-006478	five-branch-k0-slack_three-3	colliding	replay	3	SSSFS	0	none
frontier-run-006479	five-branch-k0-slack_three-3	colliding	replay	3	SSSFF	0	none
frontier-run-006480	five-branch-k0-slack_three-3	colliding	replay	3	SSFSS	0	none
frontier-run-006481	five-branch-k0-slack_three-3	colliding	replay	3	SSFSF	0	none
frontier-run-006482	five-branch-k0-slack_three-3	colliding	replay	3	SSFFS	0	none
frontier-run-006483	five-branch-k0-slack_three-3	colliding	replay	3	SSFFF	0	none
frontier-run-006484	five-branch-k0-slack_three-3	colliding	replay	3	SFSSS	0	none
frontier-run-006485	five-branch-k0-slack_three-3	colliding	replay	3	SFSSF	0	none
frontier-run-006486	five-branch-k0-slack_three-3	colliding	replay	3	SFSFS	0	none
frontier-run-006487	five-branch-k0-slack_three-3	colliding	replay	3	SFSFF	0	none
frontier-run-006488	five-branch-k0-slack_three-3	colliding	replay	3	SFFSS	0	none
frontier-run-006489	five-branch-k0-slack_three-3	colliding	replay	3	SFFSF	0	none
frontier-run-006490	five-branch-k0-slack_three-3	colliding	replay	3	SFFFS	0	none
frontier-run-006491	five-branch-k0-slack_three-3	colliding	replay	3	FSSSS	0	none
frontier-run-006492	five-branch-k0-slack_three-3	colliding	replay	3	FSSSF	0	none
frontier-run-006493	five-branch-k0-slack_three-3	colliding	replay	3	FSSFS	0	none
frontier-run-006494	five-branch-k0-slack_three-3	colliding	replay	3	FSSFF	0	none
frontier-run-006495	five-branch-k0-slack_three-3	colliding	replay	3	FSFSS	0	none
frontier-run-006496	five-branch-k0-slack_three-3	colliding	replay	3	FSFSF	0	none
frontier-run-006497	five-branch-k0-slack_three-3	colliding	replay	3	FSFFS	0	none
frontier-run-006498	five-branch-k0-slack_three-3	colliding	replay	3	FFSSS	0	none
frontier-run-006499	five-branch-k0-slack_three-3	colliding	replay	3	FFSSF	0	none
frontier-run-006500	five-branch-k0-slack_three-3	colliding	replay	3	FFSFS	0	none
frontier-run-006501	five-branch-k0-slack_three-3	colliding	replay	3	FFFSS	0	none
frontier-run-006502	five-branch-k0-slack_three-3	distinct	concurrent	3	-	11	none
frontier-run-006503	five-branch-k0-slack_three-3	distinct	concurrent	3	-	23	none
frontier-run-006504	five-branch-k0-slack_three-3	colliding	concurrent	3	-	11	none
frontier-run-006505	five-branch-k0-slack_three-3	colliding	concurrent	3	-	23	none
frontier-run-006506	five-branch-k0-slack_two-0	distinct	replay	0	SSSSS	0	none
frontier-run-006507	five-branch-k0-slack_two-0	colliding	replay	0	SSSSS	0	none
frontier-run-006508	five-branch-k0-slack_two-0	distinct	replay	1	SSSSS	0	none
frontier-run-006509	five-branch-k0-slack_two-0	distinct	replay	1	SSSSFS	0	none
frontier-run-006510	five-branch-k0-slack_two-0	distinct	replay	1	SSSFSS	0	none
frontier-run-006511	five-branch-k0-slack_two-0	distinct	replay	1	SSFSSS	0	none
frontier-run-006512	five-branch-k0-slack_two-0	distinct	replay	1	SFSSSS	0	none
frontier-run-006513	five-branch-k0-slack_two-0	distinct	replay	1	FSSSSS	0	none
frontier-run-006514	five-branch-k0-slack_two-0	colliding	replay	1	SSSSS	0	none
frontier-run-006515	five-branch-k0-slack_two-0	colliding	replay	1	SSSSFS	0	none
frontier-run-006516	five-branch-k0-slack_two-0	colliding	replay	1	SSSFSS	0	none
frontier-run-006517	five-branch-k0-slack_two-0	colliding	replay	1	SSFSSS	0	none
frontier-run-006518	five-branch-k0-slack_two-0	colliding	replay	1	SFSSSS	0	none
frontier-run-006519	five-branch-k0-slack_two-0	colliding	replay	1	FSSSSS	0	none
frontier-run-006520	five-branch-k0-slack_two-0	distinct	replay	2	SSSSS	0	none
frontier-run-006521	five-branch-k0-slack_two-0	distinct	replay	2	SSSSFS	0	none
frontier-run-006522	five-branch-k0-slack_two-0	distinct	replay	2	SSSSFFS	0	none
frontier-run-006523	five-branch-k0-slack_two-0	distinct	replay	2	SSSFSS	0	none
frontier-run-006524	five-branch-k0-slack_two-0	distinct	replay	2	SSSFSFS	0	none
frontier-run-006525	five-branch-k0-slack_two-0	distinct	replay	2	SSSFFSS	0	none
frontier-run-006526	five-branch-k0-slack_two-0	distinct	replay	2	SSFSSS	0	none
frontier-run-006527	five-branch-k0-slack_two-0	distinct	replay	2	SSFSSFS	0	none
frontier-run-006528	five-branch-k0-slack_two-0	distinct	replay	2	SSFSFSS	0	none
frontier-run-006529	five-branch-k0-slack_two-0	distinct	replay	2	SSFFSSS	0	none
frontier-run-006530	five-branch-k0-slack_two-0	distinct	replay	2	SFSSSS	0	none
frontier-run-006531	five-branch-k0-slack_two-0	distinct	replay	2	SFSSSFS	0	none
frontier-run-006532	five-branch-k0-slack_two-0	distinct	replay	2	SFSSFSS	0	none
frontier-run-006533	five-branch-k0-slack_two-0	distinct	replay	2	SFSFSSS	0	none
frontier-run-006534	five-branch-k0-slack_two-0	distinct	replay	2	SFFSSSS	0	none
frontier-run-006535	five-branch-k0-slack_two-0	distinct	replay	2	FSSSSS	0	none
frontier-run-006536	five-branch-k0-slack_two-0	distinct	replay	2	FSSSSFS	0	none
frontier-run-006537	five-branch-k0-slack_two-0	distinct	replay	2	FSSSFSS	0	none
frontier-run-006538	five-branch-k0-slack_two-0	distinct	replay	2	FSSFSSS	0	none
frontier-run-006539	five-branch-k0-slack_two-0	distinct	replay	2	FSFSSSS	0	none
frontier-run-006540	five-branch-k0-slack_two-0	distinct	replay	2	FFSSSSS	0	none
frontier-run-006541	five-branch-k0-slack_two-0	colliding	replay	2	SSSSS	0	none
frontier-run-006542	five-branch-k0-slack_two-0	colliding	replay	2	SSSSFS	0	none
frontier-run-006543	five-branch-k0-slack_two-0	colliding	replay	2	SSSSFFS	0	none
frontier-run-006544	five-branch-k0-slack_two-0	colliding	replay	2	SSSFSS	0	none
frontier-run-006545	five-branch-k0-slack_two-0	colliding	replay	2	SSSFSFS	0	none
frontier-run-006546	five-branch-k0-slack_two-0	colliding	replay	2	SSSFFSS	0	none
frontier-run-006547	five-branch-k0-slack_two-0	colliding	replay	2	SSFSSS	0	none
frontier-run-006548	five-branch-k0-slack_two-0	colliding	replay	2	SSFSSFS	0	none
frontier-run-006549	five-branch-k0-slack_two-0	colliding	replay	2	SSFSFSS	0	none
frontier-run-006550	five-branch-k0-slack_two-0	colliding	replay	2	SSFFSSS	0	none
frontier-run-006551	five-branch-k0-slack_two-0	colliding	replay	2	SFSSSS	0	none
frontier-run-006552	five-branch-k0-slack_two-0	colliding	replay	2	SFSSSFS	0	none
frontier-run-006553	five-branch-k0-slack_two-0	colliding	replay	2	SFSSFSS	0	none
frontier-run-006554	five-branch-k0-slack_two-0	colliding	replay	2	SFSFSSS	0	none
frontier-run-006555	five-branch-k0-slack_two-0	colliding	replay	2	SFFSSSS	0	none
frontier-run-006556	five-branch-k0-slack_two-0	colliding	replay	2	FSSSSS	0	none
frontier-run-006557	five-branch-k0-slack_two-0	colliding	replay	2	FSSSSFS	0	none
frontier-run-006558	five-branch-k0-slack_two-0	colliding	replay	2	FSSSFSS	0	none
frontier-run-006559	five-branch-k0-slack_two-0	colliding	replay	2	FSSFSSS	0	none
frontier-run-006560	five-branch-k0-slack_two-0	colliding	replay	2	FSFSSSS	0	none
frontier-run-006561	five-branch-k0-slack_two-0	colliding	replay	2	FFSSSSS	0	none
frontier-run-006562	five-branch-k0-slack_two-0	distinct	replay	3	SSSSS	0	none
frontier-run-006563	five-branch-k0-slack_two-0	distinct	replay	3	SSSSFS	0	none
frontier-run-006564	five-branch-k0-slack_two-0	distinct	replay	3	SSSSFFS	0	none
frontier-run-006565	five-branch-k0-slack_two-0	distinct	replay	3	SSSSFFFS	0	none
frontier-run-006566	five-branch-k0-slack_two-0	distinct	replay	3	SSSFSS	0	none
frontier-run-006567	five-branch-k0-slack_two-0	distinct	replay	3	SSSFSFS	0	none
frontier-run-006568	five-branch-k0-slack_two-0	distinct	replay	3	SSSFSFFS	0	none
frontier-run-006569	five-branch-k0-slack_two-0	distinct	replay	3	SSSFFSS	0	none
frontier-run-006570	five-branch-k0-slack_two-0	distinct	replay	3	SSSFFSFS	0	none
frontier-run-006571	five-branch-k0-slack_two-0	distinct	replay	3	SSSFFFSS	0	none
frontier-run-006572	five-branch-k0-slack_two-0	distinct	replay	3	SSFSSS	0	none
frontier-run-006573	five-branch-k0-slack_two-0	distinct	replay	3	SSFSSFS	0	none
frontier-run-006574	five-branch-k0-slack_two-0	distinct	replay	3	SSFSSFFS	0	none
frontier-run-006575	five-branch-k0-slack_two-0	distinct	replay	3	SSFSFSS	0	none
frontier-run-006576	five-branch-k0-slack_two-0	distinct	replay	3	SSFSFSFS	0	none
frontier-run-006577	five-branch-k0-slack_two-0	distinct	replay	3	SSFSFFSS	0	none
frontier-run-006578	five-branch-k0-slack_two-0	distinct	replay	3	SSFFSSS	0	none
frontier-run-006579	five-branch-k0-slack_two-0	distinct	replay	3	SSFFSSFS	0	none
frontier-run-006580	five-branch-k0-slack_two-0	distinct	replay	3	SSFFSFSS	0	none
frontier-run-006581	five-branch-k0-slack_two-0	distinct	replay	3	SSFFFSSS	0	none
frontier-run-006582	five-branch-k0-slack_two-0	distinct	replay	3	SFSSSS	0	none
frontier-run-006583	five-branch-k0-slack_two-0	distinct	replay	3	SFSSSFS	0	none
frontier-run-006584	five-branch-k0-slack_two-0	distinct	replay	3	SFSSSFFS	0	none
frontier-run-006585	five-branch-k0-slack_two-0	distinct	replay	3	SFSSFSS	0	none
frontier-run-006586	five-branch-k0-slack_two-0	distinct	replay	3	SFSSFSFS	0	none
frontier-run-006587	five-branch-k0-slack_two-0	distinct	replay	3	SFSSFFSS	0	none
frontier-run-006588	five-branch-k0-slack_two-0	distinct	replay	3	SFSFSSS	0	none
frontier-run-006589	five-branch-k0-slack_two-0	distinct	replay	3	SFSFSSFS	0	none
frontier-run-006590	five-branch-k0-slack_two-0	distinct	replay	3	SFSFSFSS	0	none
frontier-run-006591	five-branch-k0-slack_two-0	distinct	replay	3	SFSFFSSS	0	none
frontier-run-006592	five-branch-k0-slack_two-0	distinct	replay	3	SFFSSSS	0	none
frontier-run-006593	five-branch-k0-slack_two-0	distinct	replay	3	SFFSSSFS	0	none
frontier-run-006594	five-branch-k0-slack_two-0	distinct	replay	3	SFFSSFSS	0	none
frontier-run-006595	five-branch-k0-slack_two-0	distinct	replay	3	SFFSFSSS	0	none
frontier-run-006596	five-branch-k0-slack_two-0	distinct	replay	3	SFFFSSSS	0	none
frontier-run-006597	five-branch-k0-slack_two-0	distinct	replay	3	FSSSSS	0	none
frontier-run-006598	five-branch-k0-slack_two-0	distinct	replay	3	FSSSSFS	0	none
frontier-run-006599	five-branch-k0-slack_two-0	distinct	replay	3	FSSSSFFS	0	none
frontier-run-006600	five-branch-k0-slack_two-0	distinct	replay	3	FSSSFSS	0	none
frontier-run-006601	five-branch-k0-slack_two-0	distinct	replay	3	FSSSFSFS	0	none
frontier-run-006602	five-branch-k0-slack_two-0	distinct	replay	3	FSSSFFSS	0	none
frontier-run-006603	five-branch-k0-slack_two-0	distinct	replay	3	FSSFSSS	0	none
frontier-run-006604	five-branch-k0-slack_two-0	distinct	replay	3	FSSFSSFS	0	none
frontier-run-006605	five-branch-k0-slack_two-0	distinct	replay	3	FSSFSFSS	0	none
frontier-run-006606	five-branch-k0-slack_two-0	distinct	replay	3	FSSFFSSS	0	none
frontier-run-006607	five-branch-k0-slack_two-0	distinct	replay	3	FSFSSSS	0	none
frontier-run-006608	five-branch-k0-slack_two-0	distinct	replay	3	FSFSSSFS	0	none
frontier-run-006609	five-branch-k0-slack_two-0	distinct	replay	3	FSFSSFSS	0	none
frontier-run-006610	five-branch-k0-slack_two-0	distinct	replay	3	FSFSFSSS	0	none
frontier-run-006611	five-branch-k0-slack_two-0	distinct	replay	3	FSFFSSSS	0	none
frontier-run-006612	five-branch-k0-slack_two-0	distinct	replay	3	FFSSSSS	0	none
frontier-run-006613	five-branch-k0-slack_two-0	distinct	replay	3	FFSSSSFS	0	none
frontier-run-006614	five-branch-k0-slack_two-0	distinct	replay	3	FFSSSFSS	0	none
frontier-run-006615	five-branch-k0-slack_two-0	distinct	replay	3	FFSSFSSS	0	none
frontier-run-006616	five-branch-k0-slack_two-0	distinct	replay	3	FFSFSSSS	0	none
frontier-run-006617	five-branch-k0-slack_two-0	distinct	replay	3	FFFSSSSS	0	none
frontier-run-006618	five-branch-k0-slack_two-0	colliding	replay	3	SSSSS	0	none
frontier-run-006619	five-branch-k0-slack_two-0	colliding	replay	3	SSSSFS	0	none
frontier-run-006620	five-branch-k0-slack_two-0	colliding	replay	3	SSSSFFS	0	none
frontier-run-006621	five-branch-k0-slack_two-0	colliding	replay	3	SSSSFFFS	0	none
frontier-run-006622	five-branch-k0-slack_two-0	colliding	replay	3	SSSFSS	0	none
frontier-run-006623	five-branch-k0-slack_two-0	colliding	replay	3	SSSFSFS	0	none
frontier-run-006624	five-branch-k0-slack_two-0	colliding	replay	3	SSSFSFFS	0	none
frontier-run-006625	five-branch-k0-slack_two-0	colliding	replay	3	SSSFFSS	0	none
frontier-run-006626	five-branch-k0-slack_two-0	colliding	replay	3	SSSFFSFS	0	none
frontier-run-006627	five-branch-k0-slack_two-0	colliding	replay	3	SSSFFFSS	0	none
frontier-run-006628	five-branch-k0-slack_two-0	colliding	replay	3	SSFSSS	0	none
frontier-run-006629	five-branch-k0-slack_two-0	colliding	replay	3	SSFSSFS	0	none
frontier-run-006630	five-branch-k0-slack_two-0	colliding	replay	3	SSFSSFFS	0	none
frontier-run-006631	five-branch-k0-slack_two-0	colliding	replay	3	SSFSFSS	0	none
frontier-run-006632	five-branch-k0-slack_two-0	colliding	replay	3	SSFSFSFS	0	none
frontier-run-006633	five-branch-k0-slack_two-0	colliding	replay	3	SSFSFFSS	0	none
frontier-run-006634	five-branch-k0-slack_two-0	colliding	replay	3	SSFFSSS	0	none
frontier-run-006635	five-branch-k0-slack_two-0	colliding	replay	3	SSFFSSFS	0	none
frontier-run-006636	five-branch-k0-slack_two-0	colliding	replay	3	SSFFSFSS	0	none
frontier-run-006637	five-branch-k0-slack_two-0	colliding	replay	3	SSFFFSSS	0	none
frontier-run-006638	five-branch-k0-slack_two-0	colliding	replay	3	SFSSSS	0	none
frontier-run-006639	five-branch-k0-slack_two-0	colliding	replay	3	SFSSSFS	0	none
frontier-run-006640	five-branch-k0-slack_two-0	colliding	replay	3	SFSSSFFS	0	none
frontier-run-006641	five-branch-k0-slack_two-0	colliding	replay	3	SFSSFSS	0	none
frontier-run-006642	five-branch-k0-slack_two-0	colliding	replay	3	SFSSFSFS	0	none
frontier-run-006643	five-branch-k0-slack_two-0	colliding	replay	3	SFSSFFSS	0	none
frontier-run-006644	five-branch-k0-slack_two-0	colliding	replay	3	SFSFSSS	0	none
frontier-run-006645	five-branch-k0-slack_two-0	colliding	replay	3	SFSFSSFS	0	none
frontier-run-006646	five-branch-k0-slack_two-0	colliding	replay	3	SFSFSFSS	0	none
frontier-run-006647	five-branch-k0-slack_two-0	colliding	replay	3	SFSFFSSS	0	none
frontier-run-006648	five-branch-k0-slack_two-0	colliding	replay	3	SFFSSSS	0	none
frontier-run-006649	five-branch-k0-slack_two-0	colliding	replay	3	SFFSSSFS	0	none
frontier-run-006650	five-branch-k0-slack_two-0	colliding	replay	3	SFFSSFSS	0	none
frontier-run-006651	five-branch-k0-slack_two-0	colliding	replay	3	SFFSFSSS	0	none
frontier-run-006652	five-branch-k0-slack_two-0	colliding	replay	3	SFFFSSSS	0	none
frontier-run-006653	five-branch-k0-slack_two-0	colliding	replay	3	FSSSSS	0	none
frontier-run-006654	five-branch-k0-slack_two-0	colliding	replay	3	FSSSSFS	0	none
frontier-run-006655	five-branch-k0-slack_two-0	colliding	replay	3	FSSSSFFS	0	none
frontier-run-006656	five-branch-k0-slack_two-0	colliding	replay	3	FSSSFSS	0	none
frontier-run-006657	five-branch-k0-slack_two-0	colliding	replay	3	FSSSFSFS	0	none
frontier-run-006658	five-branch-k0-slack_two-0	colliding	replay	3	FSSSFFSS	0	none
frontier-run-006659	five-branch-k0-slack_two-0	colliding	replay	3	FSSFSSS	0	none
frontier-run-006660	five-branch-k0-slack_two-0	colliding	replay	3	FSSFSSFS	0	none
frontier-run-006661	five-branch-k0-slack_two-0	colliding	replay	3	FSSFSFSS	0	none
frontier-run-006662	five-branch-k0-slack_two-0	colliding	replay	3	FSSFFSSS	0	none
frontier-run-006663	five-branch-k0-slack_two-0	colliding	replay	3	FSFSSSS	0	none
frontier-run-006664	five-branch-k0-slack_two-0	colliding	replay	3	FSFSSSFS	0	none
frontier-run-006665	five-branch-k0-slack_two-0	colliding	replay	3	FSFSSFSS	0	none
frontier-run-006666	five-branch-k0-slack_two-0	colliding	replay	3	FSFSFSSS	0	none
frontier-run-006667	five-branch-k0-slack_two-0	colliding	replay	3	FSFFSSSS	0	none
frontier-run-006668	five-branch-k0-slack_two-0	colliding	replay	3	FFSSSSS	0	none
frontier-run-006669	five-branch-k0-slack_two-0	colliding	replay	3	FFSSSSFS	0	none
frontier-run-006670	five-branch-k0-slack_two-0	colliding	replay	3	FFSSSFSS	0	none
frontier-run-006671	five-branch-k0-slack_two-0	colliding	replay	3	FFSSFSSS	0	none
frontier-run-006672	five-branch-k0-slack_two-0	colliding	replay	3	FFSFSSSS	0	none
frontier-run-006673	five-branch-k0-slack_two-0	colliding	replay	3	FFFSSSSS	0	none
frontier-run-006674	five-branch-k0-slack_two-0	distinct	concurrent	3	-	11	none
frontier-run-006675	five-branch-k0-slack_two-0	distinct	concurrent	3	-	23	none
frontier-run-006676	five-branch-k0-slack_two-0	colliding	concurrent	3	-	11	none
frontier-run-006677	five-branch-k0-slack_two-0	colliding	concurrent	3	-	23	none
frontier-run-006678	five-branch-k0-slack_two-1	distinct	replay	0	SSSSS	0	none
frontier-run-006679	five-branch-k0-slack_two-1	colliding	replay	0	SSSSS	0	none
frontier-run-006680	five-branch-k0-slack_two-1	distinct	replay	1	-	0	none
frontier-run-006681	five-branch-k0-slack_two-1	colliding	replay	1	-	0	none
frontier-run-006682	five-branch-k0-slack_two-1	distinct	replay	2	SSSSS	0	none
frontier-run-006683	five-branch-k0-slack_two-1	distinct	replay	2	SSSSF	0	none
frontier-run-006684	five-branch-k0-slack_two-1	distinct	replay	2	SSSF	0	none
frontier-run-006685	five-branch-k0-slack_two-1	distinct	replay	2	SSF	0	none
frontier-run-006686	five-branch-k0-slack_two-1	distinct	replay	2	SF	0	none
frontier-run-006687	five-branch-k0-slack_two-1	distinct	replay	2	F	0	none
frontier-run-006688	five-branch-k0-slack_two-1	colliding	replay	2	SSSSS	0	none
frontier-run-006689	five-branch-k0-slack_two-1	colliding	replay	2	SSSSF	0	none
frontier-run-006690	five-branch-k0-slack_two-1	colliding	replay	2	SSSF	0	none
frontier-run-006691	five-branch-k0-slack_two-1	colliding	replay	2	SSF	0	none
frontier-run-006692	five-branch-k0-slack_two-1	colliding	replay	2	SF	0	none
frontier-run-006693	five-branch-k0-slack_two-1	colliding	replay	2	F	0	none
frontier-run-006694	five-branch-k0-slack_two-1	distinct	replay	3	SSSSS	0	none
frontier-run-006695	five-branch-k0-slack_two-1	distinct	replay	3	SSSSFS	0	none
frontier-run-006696	five-branch-k0-slack_two-1	distinct	replay	3	SSSSFF	0	none
frontier-run-006697	five-branch-k0-slack_two-1	distinct	replay	3	SSSFSS	0	none
frontier-run-006698	five-branch-k0-slack_two-1	distinct	replay	3	SSSFSF	0	none
frontier-run-006699	five-branch-k0-slack_two-1	distinct	replay	3	SSSFF	0	none
frontier-run-006700	five-branch-k0-slack_two-1	distinct	replay	3	SSFSSS	0	none
frontier-run-006701	five-branch-k0-slack_two-1	distinct	replay	3	SSFSSF	0	none
frontier-run-006702	five-branch-k0-slack_two-1	distinct	replay	3	SSFSF	0	none
frontier-run-006703	five-branch-k0-slack_two-1	distinct	replay	3	SSFF	0	none
frontier-run-006704	five-branch-k0-slack_two-1	distinct	replay	3	SFSSSS	0	none
frontier-run-006705	five-branch-k0-slack_two-1	distinct	replay	3	SFSSSF	0	none
frontier-run-006706	five-branch-k0-slack_two-1	distinct	replay	3	SFSSF	0	none
frontier-run-006707	five-branch-k0-slack_two-1	distinct	replay	3	SFSF	0	none
frontier-run-006708	five-branch-k0-slack_two-1	distinct	replay	3	SFF	0	none
frontier-run-006709	five-branch-k0-slack_two-1	distinct	replay	3	FSSSSS	0	none
frontier-run-006710	five-branch-k0-slack_two-1	distinct	replay	3	FSSSSF	0	none
frontier-run-006711	five-branch-k0-slack_two-1	distinct	replay	3	FSSSF	0	none
frontier-run-006712	five-branch-k0-slack_two-1	distinct	replay	3	FSSF	0	none
frontier-run-006713	five-branch-k0-slack_two-1	distinct	replay	3	FSF	0	none
frontier-run-006714	five-branch-k0-slack_two-1	distinct	replay	3	FF	0	none
frontier-run-006715	five-branch-k0-slack_two-1	colliding	replay	3	SSSSS	0	none
frontier-run-006716	five-branch-k0-slack_two-1	colliding	replay	3	SSSSFS	0	none
frontier-run-006717	five-branch-k0-slack_two-1	colliding	replay	3	SSSSFF	0	none
frontier-run-006718	five-branch-k0-slack_two-1	colliding	replay	3	SSSFSS	0	none
frontier-run-006719	five-branch-k0-slack_two-1	colliding	replay	3	SSSFSF	0	none
frontier-run-006720	five-branch-k0-slack_two-1	colliding	replay	3	SSSFF	0	none
frontier-run-006721	five-branch-k0-slack_two-1	colliding	replay	3	SSFSSS	0	none
frontier-run-006722	five-branch-k0-slack_two-1	colliding	replay	3	SSFSSF	0	none
frontier-run-006723	five-branch-k0-slack_two-1	colliding	replay	3	SSFSF	0	none
frontier-run-006724	five-branch-k0-slack_two-1	colliding	replay	3	SSFF	0	none
frontier-run-006725	five-branch-k0-slack_two-1	colliding	replay	3	SFSSSS	0	none
frontier-run-006726	five-branch-k0-slack_two-1	colliding	replay	3	SFSSSF	0	none
frontier-run-006727	five-branch-k0-slack_two-1	colliding	replay	3	SFSSF	0	none
frontier-run-006728	five-branch-k0-slack_two-1	colliding	replay	3	SFSF	0	none
frontier-run-006729	five-branch-k0-slack_two-1	colliding	replay	3	SFF	0	none
frontier-run-006730	five-branch-k0-slack_two-1	colliding	replay	3	FSSSSS	0	none
frontier-run-006731	five-branch-k0-slack_two-1	colliding	replay	3	FSSSSF	0	none
frontier-run-006732	five-branch-k0-slack_two-1	colliding	replay	3	FSSSF	0	none
frontier-run-006733	five-branch-k0-slack_two-1	colliding	replay	3	FSSF	0	none
frontier-run-006734	five-branch-k0-slack_two-1	colliding	replay	3	FSF	0	none
frontier-run-006735	five-branch-k0-slack_two-1	colliding	replay	3	FF	0	none
frontier-run-006736	five-branch-k0-slack_two-1	distinct	concurrent	3	-	11	none
frontier-run-006737	five-branch-k0-slack_two-1	distinct	concurrent	3	-	23	none
frontier-run-006738	five-branch-k0-slack_two-1	colliding	concurrent	3	-	11	none
frontier-run-006739	five-branch-k0-slack_two-1	colliding	concurrent	3	-	23	none
frontier-run-006740	five-branch-k0-slack_two-2	distinct	replay	0	SSSSS	0	none
frontier-run-006741	five-branch-k0-slack_two-2	colliding	replay	0	SSSSS	0	none
frontier-run-006742	five-branch-k0-slack_two-2	distinct	replay	1	-	0	none
frontier-run-006743	five-branch-k0-slack_two-2	colliding	replay	1	-	0	none
frontier-run-006744	five-branch-k0-slack_two-2	distinct	replay	2	-	0	none
frontier-run-006745	five-branch-k0-slack_two-2	colliding	replay	2	-	0	none
frontier-run-006746	five-branch-k0-slack_two-2	distinct	replay	3	SSSSS	0	none
frontier-run-006747	five-branch-k0-slack_two-2	distinct	replay	3	SSSSF	0	none
frontier-run-006748	five-branch-k0-slack_two-2	distinct	replay	3	SSSF	0	none
frontier-run-006749	five-branch-k0-slack_two-2	distinct	replay	3	SSF	0	none
frontier-run-006750	five-branch-k0-slack_two-2	distinct	replay	3	SF	0	none
frontier-run-006751	five-branch-k0-slack_two-2	distinct	replay	3	F	0	none
frontier-run-006752	five-branch-k0-slack_two-2	colliding	replay	3	SSSSS	0	none
frontier-run-006753	five-branch-k0-slack_two-2	colliding	replay	3	SSSSF	0	none
frontier-run-006754	five-branch-k0-slack_two-2	colliding	replay	3	SSSF	0	none
frontier-run-006755	five-branch-k0-slack_two-2	colliding	replay	3	SSF	0	none
frontier-run-006756	five-branch-k0-slack_two-2	colliding	replay	3	SF	0	none
frontier-run-006757	five-branch-k0-slack_two-2	colliding	replay	3	F	0	none
frontier-run-006758	five-branch-k0-slack_two-2	distinct	concurrent	3	-	11	none
frontier-run-006759	five-branch-k0-slack_two-2	distinct	concurrent	3	-	23	none
frontier-run-006760	five-branch-k0-slack_two-2	colliding	concurrent	3	-	11	none
frontier-run-006761	five-branch-k0-slack_two-2	colliding	concurrent	3	-	23	none
frontier-run-006762	five-branch-k0-slack_two-3	distinct	replay	0	SSSSS	0	none
frontier-run-006763	five-branch-k0-slack_two-3	colliding	replay	0	SSSSS	0	none
frontier-run-006764	five-branch-k0-slack_two-3	distinct	replay	1	-	0	none
frontier-run-006765	five-branch-k0-slack_two-3	colliding	replay	1	-	0	none
frontier-run-006766	five-branch-k0-slack_two-3	distinct	replay	2	-	0	none
frontier-run-006767	five-branch-k0-slack_two-3	colliding	replay	2	-	0	none
frontier-run-006768	five-branch-k0-slack_two-3	distinct	replay	3	-	0	none
frontier-run-006769	five-branch-k0-slack_two-3	colliding	replay	3	-	0	none
frontier-run-006770	five-branch-k0-slack_two-3	distinct	concurrent	3	-	11	none
frontier-run-006771	five-branch-k0-slack_two-3	distinct	concurrent	3	-	23	none
frontier-run-006772	five-branch-k0-slack_two-3	colliding	concurrent	3	-	11	none
frontier-run-006773	five-branch-k0-slack_two-3	colliding	concurrent	3	-	23	none
frontier-run-006774	five-branch-k2-slack_three-0	distinct	replay	0	SSSSS	0	none
frontier-run-006775	five-branch-k2-slack_three-0	colliding	replay	0	SSSSS	0	none
frontier-run-006776	five-branch-k2-slack_three-0	distinct	replay	1	SSSSS	0	none
frontier-run-006777	five-branch-k2-slack_three-0	distinct	replay	1	SSSSFS	0	none
frontier-run-006778	five-branch-k2-slack_three-0	distinct	replay	1	SSSFSS	0	none
frontier-run-006779	five-branch-k2-slack_three-0	distinct	replay	1	SSFSSS	0	none
frontier-run-006780	five-branch-k2-slack_three-0	distinct	replay	1	SFSSSS	0	none
frontier-run-006781	five-branch-k2-slack_three-0	distinct	replay	1	FSSSSS	0	none
frontier-run-006782	five-branch-k2-slack_three-0	colliding	replay	1	SSSSS	0	none
frontier-run-006783	five-branch-k2-slack_three-0	colliding	replay	1	SSSSFS	0	none
frontier-run-006784	five-branch-k2-slack_three-0	colliding	replay	1	SSSFSS	0	none
frontier-run-006785	five-branch-k2-slack_three-0	colliding	replay	1	SSFSSS	0	none
frontier-run-006786	five-branch-k2-slack_three-0	colliding	replay	1	SFSSSS	0	none
frontier-run-006787	five-branch-k2-slack_three-0	colliding	replay	1	FSSSSS	0	none
frontier-run-006788	five-branch-k2-slack_three-0	distinct	replay	2	SSSSS	0	none
frontier-run-006789	five-branch-k2-slack_three-0	distinct	replay	2	SSSSFS	0	none
frontier-run-006790	five-branch-k2-slack_three-0	distinct	replay	2	SSSSFFS	0	none
frontier-run-006791	five-branch-k2-slack_three-0	distinct	replay	2	SSSFSS	0	none
frontier-run-006792	five-branch-k2-slack_three-0	distinct	replay	2	SSSFSFS	0	none
frontier-run-006793	five-branch-k2-slack_three-0	distinct	replay	2	SSSFFSS	0	none
frontier-run-006794	five-branch-k2-slack_three-0	distinct	replay	2	SSFSSS	0	none
frontier-run-006795	five-branch-k2-slack_three-0	distinct	replay	2	SSFSSFS	0	none
frontier-run-006796	five-branch-k2-slack_three-0	distinct	replay	2	SSFSFSS	0	none
frontier-run-006797	five-branch-k2-slack_three-0	distinct	replay	2	SSFFSSS	0	none
frontier-run-006798	five-branch-k2-slack_three-0	distinct	replay	2	SFSSSS	0	none
frontier-run-006799	five-branch-k2-slack_three-0	distinct	replay	2	SFSSSFS	0	none
frontier-run-006800	five-branch-k2-slack_three-0	distinct	replay	2	SFSSFSS	0	none
frontier-run-006801	five-branch-k2-slack_three-0	distinct	replay	2	SFSFSSS	0	none
frontier-run-006802	five-branch-k2-slack_three-0	distinct	replay	2	SFFSSSS	0	none
frontier-run-006803	five-branch-k2-slack_three-0	distinct	replay	2	FSSSSS	0	none
frontier-run-006804	five-branch-k2-slack_three-0	distinct	replay	2	FSSSSFS	0	none
frontier-run-006805	five-branch-k2-slack_three-0	distinct	replay	2	FSSSFSS	0	none
frontier-run-006806	five-branch-k2-slack_three-0	distinct	replay	2	FSSFSSS	0	none
frontier-run-006807	five-branch-k2-slack_three-0	distinct	replay	2	FSFSSSS	0	none
frontier-run-006808	five-branch-k2-slack_three-0	distinct	replay	2	FFSSSSS	0	none
frontier-run-006809	five-branch-k2-slack_three-0	colliding	replay	2	SSSSS	0	none
frontier-run-006810	five-branch-k2-slack_three-0	colliding	replay	2	SSSSFS	0	none
frontier-run-006811	five-branch-k2-slack_three-0	colliding	replay	2	SSSSFFS	0	none
frontier-run-006812	five-branch-k2-slack_three-0	colliding	replay	2	SSSFSS	0	none
frontier-run-006813	five-branch-k2-slack_three-0	colliding	replay	2	SSSFSFS	0	none
frontier-run-006814	five-branch-k2-slack_three-0	colliding	replay	2	SSSFFSS	0	none
frontier-run-006815	five-branch-k2-slack_three-0	colliding	replay	2	SSFSSS	0	none
frontier-run-006816	five-branch-k2-slack_three-0	colliding	replay	2	SSFSSFS	0	none
frontier-run-006817	five-branch-k2-slack_three-0	colliding	replay	2	SSFSFSS	0	none
frontier-run-006818	five-branch-k2-slack_three-0	colliding	replay	2	SSFFSSS	0	none
frontier-run-006819	five-branch-k2-slack_three-0	colliding	replay	2	SFSSSS	0	none
frontier-run-006820	five-branch-k2-slack_three-0	colliding	replay	2	SFSSSFS	0	none
frontier-run-006821	five-branch-k2-slack_three-0	colliding	replay	2	SFSSFSS	0	none
frontier-run-006822	five-branch-k2-slack_three-0	colliding	replay	2	SFSFSSS	0	none
frontier-run-006823	five-branch-k2-slack_three-0	colliding	replay	2	SFFSSSS	0	none
frontier-run-006824	five-branch-k2-slack_three-0	colliding	replay	2	FSSSSS	0	none
frontier-run-006825	five-branch-k2-slack_three-0	colliding	replay	2	FSSSSFS	0	none
frontier-run-006826	five-branch-k2-slack_three-0	colliding	replay	2	FSSSFSS	0	none
frontier-run-006827	five-branch-k2-slack_three-0	colliding	replay	2	FSSFSSS	0	none
frontier-run-006828	five-branch-k2-slack_three-0	colliding	replay	2	FSFSSSS	0	none
frontier-run-006829	five-branch-k2-slack_three-0	colliding	replay	2	FFSSSSS	0	none
frontier-run-006830	five-branch-k2-slack_three-0	distinct	replay	3	SSSSS	0	none
frontier-run-006831	five-branch-k2-slack_three-0	distinct	replay	3	SSSSFS	0	none
frontier-run-006832	five-branch-k2-slack_three-0	distinct	replay	3	SSSSFFS	0	none
frontier-run-006833	five-branch-k2-slack_three-0	distinct	replay	3	SSSSFFFS	0	none
frontier-run-006834	five-branch-k2-slack_three-0	distinct	replay	3	SSSFSS	0	none
frontier-run-006835	five-branch-k2-slack_three-0	distinct	replay	3	SSSFSFS	0	none
frontier-run-006836	five-branch-k2-slack_three-0	distinct	replay	3	SSSFSFFS	0	none
frontier-run-006837	five-branch-k2-slack_three-0	distinct	replay	3	SSSFFSS	0	none
frontier-run-006838	five-branch-k2-slack_three-0	distinct	replay	3	SSSFFSFS	0	none
frontier-run-006839	five-branch-k2-slack_three-0	distinct	replay	3	SSSFFFSS	0	none
frontier-run-006840	five-branch-k2-slack_three-0	distinct	replay	3	SSFSSS	0	none
frontier-run-006841	five-branch-k2-slack_three-0	distinct	replay	3	SSFSSFS	0	none
frontier-run-006842	five-branch-k2-slack_three-0	distinct	replay	3	SSFSSFFS	0	none
frontier-run-006843	five-branch-k2-slack_three-0	distinct	replay	3	SSFSFSS	0	none
frontier-run-006844	five-branch-k2-slack_three-0	distinct	replay	3	SSFSFSFS	0	none
frontier-run-006845	five-branch-k2-slack_three-0	distinct	replay	3	SSFSFFSS	0	none
frontier-run-006846	five-branch-k2-slack_three-0	distinct	replay	3	SSFFSSS	0	none
frontier-run-006847	five-branch-k2-slack_three-0	distinct	replay	3	SSFFSSFS	0	none
frontier-run-006848	five-branch-k2-slack_three-0	distinct	replay	3	SSFFSFSS	0	none
frontier-run-006849	five-branch-k2-slack_three-0	distinct	replay	3	SSFFFSSS	0	none
frontier-run-006850	five-branch-k2-slack_three-0	distinct	replay	3	SFSSSS	0	none
frontier-run-006851	five-branch-k2-slack_three-0	distinct	replay	3	SFSSSFS	0	none
frontier-run-006852	five-branch-k2-slack_three-0	distinct	replay	3	SFSSSFFS	0	none
frontier-run-006853	five-branch-k2-slack_three-0	distinct	replay	3	SFSSFSS	0	none
frontier-run-006854	five-branch-k2-slack_three-0	distinct	replay	3	SFSSFSFS	0	none
frontier-run-006855	five-branch-k2-slack_three-0	distinct	replay	3	SFSSFFSS	0	none
frontier-run-006856	five-branch-k2-slack_three-0	distinct	replay	3	SFSFSSS	0	none
frontier-run-006857	five-branch-k2-slack_three-0	distinct	replay	3	SFSFSSFS	0	none
frontier-run-006858	five-branch-k2-slack_three-0	distinct	replay	3	SFSFSFSS	0	none
frontier-run-006859	five-branch-k2-slack_three-0	distinct	replay	3	SFSFFSSS	0	none
frontier-run-006860	five-branch-k2-slack_three-0	distinct	replay	3	SFFSSSS	0	none
frontier-run-006861	five-branch-k2-slack_three-0	distinct	replay	3	SFFSSSFS	0	none
frontier-run-006862	five-branch-k2-slack_three-0	distinct	replay	3	SFFSSFSS	0	none
frontier-run-006863	five-branch-k2-slack_three-0	distinct	replay	3	SFFSFSSS	0	none
frontier-run-006864	five-branch-k2-slack_three-0	distinct	replay	3	SFFFSSSS	0	none
frontier-run-006865	five-branch-k2-slack_three-0	distinct	replay	3	FSSSSS	0	none
frontier-run-006866	five-branch-k2-slack_three-0	distinct	replay	3	FSSSSFS	0	none
frontier-run-006867	five-branch-k2-slack_three-0	distinct	replay	3	FSSSSFFS	0	none
frontier-run-006868	five-branch-k2-slack_three-0	distinct	replay	3	FSSSFSS	0	none
frontier-run-006869	five-branch-k2-slack_three-0	distinct	replay	3	FSSSFSFS	0	none
frontier-run-006870	five-branch-k2-slack_three-0	distinct	replay	3	FSSSFFSS	0	none
frontier-run-006871	five-branch-k2-slack_three-0	distinct	replay	3	FSSFSSS	0	none
frontier-run-006872	five-branch-k2-slack_three-0	distinct	replay	3	FSSFSSFS	0	none
frontier-run-006873	five-branch-k2-slack_three-0	distinct	replay	3	FSSFSFSS	0	none
frontier-run-006874	five-branch-k2-slack_three-0	distinct	replay	3	FSSFFSSS	0	none
frontier-run-006875	five-branch-k2-slack_three-0	distinct	replay	3	FSFSSSS	0	none
frontier-run-006876	five-branch-k2-slack_three-0	distinct	replay	3	FSFSSSFS	0	none
frontier-run-006877	five-branch-k2-slack_three-0	distinct	replay	3	FSFSSFSS	0	none
frontier-run-006878	five-branch-k2-slack_three-0	distinct	replay	3	FSFSFSSS	0	none
frontier-run-006879	five-branch-k2-slack_three-0	distinct	replay	3	FSFFSSSS	0	none
frontier-run-006880	five-branch-k2-slack_three-0	distinct	replay	3	FFSSSSS	0	none
frontier-run-006881	five-branch-k2-slack_three-0	distinct	replay	3	FFSSSSFS	0	none
frontier-run-006882	five-branch-k2-slack_three-0	distinct	replay	3	FFSSSFSS	0	none
frontier-run-006883	five-branch-k2-slack_three-0	distinct	replay	3	FFSSFSSS	0	none
frontier-run-006884	five-branch-k2-slack_three-0	distinct	replay	3	FFSFSSSS	0	none
frontier-run-006885	five-branch-k2-slack_three-0	distinct	replay	3	FFFSSSSS	0	none
frontier-run-006886	five-branch-k2-slack_three-0	colliding	replay	3	SSSSS	0	none
frontier-run-006887	five-branch-k2-slack_three-0	colliding	replay	3	SSSSFS	0	none
frontier-run-006888	five-branch-k2-slack_three-0	colliding	replay	3	SSSSFFS	0	none
frontier-run-006889	five-branch-k2-slack_three-0	colliding	replay	3	SSSSFFFS	0	none
frontier-run-006890	five-branch-k2-slack_three-0	colliding	replay	3	SSSFSS	0	none
frontier-run-006891	five-branch-k2-slack_three-0	colliding	replay	3	SSSFSFS	0	none
frontier-run-006892	five-branch-k2-slack_three-0	colliding	replay	3	SSSFSFFS	0	none
frontier-run-006893	five-branch-k2-slack_three-0	colliding	replay	3	SSSFFSS	0	none
frontier-run-006894	five-branch-k2-slack_three-0	colliding	replay	3	SSSFFSFS	0	none
frontier-run-006895	five-branch-k2-slack_three-0	colliding	replay	3	SSSFFFSS	0	none
frontier-run-006896	five-branch-k2-slack_three-0	colliding	replay	3	SSFSSS	0	none
frontier-run-006897	five-branch-k2-slack_three-0	colliding	replay	3	SSFSSFS	0	none
frontier-run-006898	five-branch-k2-slack_three-0	colliding	replay	3	SSFSSFFS	0	none
frontier-run-006899	five-branch-k2-slack_three-0	colliding	replay	3	SSFSFSS	0	none
frontier-run-006900	five-branch-k2-slack_three-0	colliding	replay	3	SSFSFSFS	0	none
frontier-run-006901	five-branch-k2-slack_three-0	colliding	replay	3	SSFSFFSS	0	none
frontier-run-006902	five-branch-k2-slack_three-0	colliding	replay	3	SSFFSSS	0	none
frontier-run-006903	five-branch-k2-slack_three-0	colliding	replay	3	SSFFSSFS	0	none
frontier-run-006904	five-branch-k2-slack_three-0	colliding	replay	3	SSFFSFSS	0	none
frontier-run-006905	five-branch-k2-slack_three-0	colliding	replay	3	SSFFFSSS	0	none
frontier-run-006906	five-branch-k2-slack_three-0	colliding	replay	3	SFSSSS	0	none
frontier-run-006907	five-branch-k2-slack_three-0	colliding	replay	3	SFSSSFS	0	none
frontier-run-006908	five-branch-k2-slack_three-0	colliding	replay	3	SFSSSFFS	0	none
frontier-run-006909	five-branch-k2-slack_three-0	colliding	replay	3	SFSSFSS	0	none
frontier-run-006910	five-branch-k2-slack_three-0	colliding	replay	3	SFSSFSFS	0	none
frontier-run-006911	five-branch-k2-slack_three-0	colliding	replay	3	SFSSFFSS	0	none
frontier-run-006912	five-branch-k2-slack_three-0	colliding	replay	3	SFSFSSS	0	none
frontier-run-006913	five-branch-k2-slack_three-0	colliding	replay	3	SFSFSSFS	0	none
frontier-run-006914	five-branch-k2-slack_three-0	colliding	replay	3	SFSFSFSS	0	none
frontier-run-006915	five-branch-k2-slack_three-0	colliding	replay	3	SFSFFSSS	0	none
frontier-run-006916	five-branch-k2-slack_three-0	colliding	replay	3	SFFSSSS	0	none
frontier-run-006917	five-branch-k2-slack_three-0	colliding	replay	3	SFFSSSFS	0	none
frontier-run-006918	five-branch-k2-slack_three-0	colliding	replay	3	SFFSSFSS	0	none
frontier-run-006919	five-branch-k2-slack_three-0	colliding	replay	3	SFFSFSSS	0	none
frontier-run-006920	five-branch-k2-slack_three-0	colliding	replay	3	SFFFSSSS	0	none
frontier-run-006921	five-branch-k2-slack_three-0	colliding	replay	3	FSSSSS	0	none
frontier-run-006922	five-branch-k2-slack_three-0	colliding	replay	3	FSSSSFS	0	none
frontier-run-006923	five-branch-k2-slack_three-0	colliding	replay	3	FSSSSFFS	0	none
frontier-run-006924	five-branch-k2-slack_three-0	colliding	replay	3	FSSSFSS	0	none
frontier-run-006925	five-branch-k2-slack_three-0	colliding	replay	3	FSSSFSFS	0	none
frontier-run-006926	five-branch-k2-slack_three-0	colliding	replay	3	FSSSFFSS	0	none
frontier-run-006927	five-branch-k2-slack_three-0	colliding	replay	3	FSSFSSS	0	none
frontier-run-006928	five-branch-k2-slack_three-0	colliding	replay	3	FSSFSSFS	0	none
frontier-run-006929	five-branch-k2-slack_three-0	colliding	replay	3	FSSFSFSS	0	none
frontier-run-006930	five-branch-k2-slack_three-0	colliding	replay	3	FSSFFSSS	0	none
frontier-run-006931	five-branch-k2-slack_three-0	colliding	replay	3	FSFSSSS	0	none
frontier-run-006932	five-branch-k2-slack_three-0	colliding	replay	3	FSFSSSFS	0	none
frontier-run-006933	five-branch-k2-slack_three-0	colliding	replay	3	FSFSSFSS	0	none
frontier-run-006934	five-branch-k2-slack_three-0	colliding	replay	3	FSFSFSSS	0	none
frontier-run-006935	five-branch-k2-slack_three-0	colliding	replay	3	FSFFSSSS	0	none
frontier-run-006936	five-branch-k2-slack_three-0	colliding	replay	3	FFSSSSS	0	none
frontier-run-006937	five-branch-k2-slack_three-0	colliding	replay	3	FFSSSSFS	0	none
frontier-run-006938	five-branch-k2-slack_three-0	colliding	replay	3	FFSSSFSS	0	none
frontier-run-006939	five-branch-k2-slack_three-0	colliding	replay	3	FFSSFSSS	0	none
frontier-run-006940	five-branch-k2-slack_three-0	colliding	replay	3	FFSFSSSS	0	none
frontier-run-006941	five-branch-k2-slack_three-0	colliding	replay	3	FFFSSSSS	0	none
frontier-run-006942	five-branch-k2-slack_three-0	distinct	concurrent	3	-	11	none
frontier-run-006943	five-branch-k2-slack_three-0	distinct	concurrent	3	-	23	none
frontier-run-006944	five-branch-k2-slack_three-0	colliding	concurrent	3	-	11	none
frontier-run-006945	five-branch-k2-slack_three-0	colliding	concurrent	3	-	23	none
frontier-run-006946	five-branch-k2-slack_three-1	distinct	replay	0	SSSSS	0	none
frontier-run-006947	five-branch-k2-slack_three-1	colliding	replay	0	SSSSS	0	none
frontier-run-006948	five-branch-k2-slack_three-1	distinct	replay	1	SSSSS	0	none
frontier-run-006949	five-branch-k2-slack_three-1	distinct	replay	1	SSSSF	0	none
frontier-run-006950	five-branch-k2-slack_three-1	distinct	replay	1	SSSFS	0	none
frontier-run-006951	five-branch-k2-slack_three-1	distinct	replay	1	SSFSS	0	none
frontier-run-006952	five-branch-k2-slack_three-1	distinct	replay	1	SFSSS	0	none
frontier-run-006953	five-branch-k2-slack_three-1	distinct	replay	1	FSSSS	0	none
frontier-run-006954	five-branch-k2-slack_three-1	colliding	replay	1	SSSSS	0	none
frontier-run-006955	five-branch-k2-slack_three-1	colliding	replay	1	SSSSF	0	none
frontier-run-006956	five-branch-k2-slack_three-1	colliding	replay	1	SSSFS	0	none
frontier-run-006957	five-branch-k2-slack_three-1	colliding	replay	1	SSFSS	0	none
frontier-run-006958	five-branch-k2-slack_three-1	colliding	replay	1	SFSSS	0	none
frontier-run-006959	five-branch-k2-slack_three-1	colliding	replay	1	FSSSS	0	none
frontier-run-006960	five-branch-k2-slack_three-1	distinct	replay	2	SSSSS	0	none
frontier-run-006961	five-branch-k2-slack_three-1	distinct	replay	2	SSSSFS	0	none
frontier-run-006962	five-branch-k2-slack_three-1	distinct	replay	2	SSSSFF	0	none
frontier-run-006963	five-branch-k2-slack_three-1	distinct	replay	2	SSSFSS	0	none
frontier-run-006964	five-branch-k2-slack_three-1	distinct	replay	2	SSSFSF	0	none
frontier-run-006965	five-branch-k2-slack_three-1	distinct	replay	2	SSSFFS	0	none
frontier-run-006966	five-branch-k2-slack_three-1	distinct	replay	2	SSFSSS	0	none
frontier-run-006967	five-branch-k2-slack_three-1	distinct	replay	2	SSFSSF	0	none
frontier-run-006968	five-branch-k2-slack_three-1	distinct	replay	2	SSFSFS	0	none
frontier-run-006969	five-branch-k2-slack_three-1	distinct	replay	2	SSFFSS	0	none
frontier-run-006970	five-branch-k2-slack_three-1	distinct	replay	2	SFSSSS	0	none
frontier-run-006971	five-branch-k2-slack_three-1	distinct	replay	2	SFSSSF	0	none
frontier-run-006972	five-branch-k2-slack_three-1	distinct	replay	2	SFSSFS	0	none
frontier-run-006973	five-branch-k2-slack_three-1	distinct	replay	2	SFSFSS	0	none
frontier-run-006974	five-branch-k2-slack_three-1	distinct	replay	2	SFFSSS	0	none
frontier-run-006975	five-branch-k2-slack_three-1	distinct	replay	2	FSSSSS	0	none
frontier-run-006976	five-branch-k2-slack_three-1	distinct	replay	2	FSSSSF	0	none
frontier-run-006977	five-branch-k2-slack_three-1	distinct	replay	2	FSSSFS	0	none
frontier-run-006978	five-branch-k2-slack_three-1	distinct	replay	2	FSSFSS	0	none
frontier-run-006979	five-branch-k2-slack_three-1	distinct	replay	2	FSFSSS	0	none
frontier-run-006980	five-branch-k2-slack_three-1	distinct	replay	2	FFSSSS	0	none
frontier-run-006981	five-branch-k2-slack_three-1	colliding	replay	2	SSSSS	0	none
frontier-run-006982	five-branch-k2-slack_three-1	colliding	replay	2	SSSSFS	0	none
frontier-run-006983	five-branch-k2-slack_three-1	colliding	replay	2	SSSSFF	0	none
frontier-run-006984	five-branch-k2-slack_three-1	colliding	replay	2	SSSFSS	0	none
frontier-run-006985	five-branch-k2-slack_three-1	colliding	replay	2	SSSFSF	0	none
frontier-run-006986	five-branch-k2-slack_three-1	colliding	replay	2	SSSFFS	0	none
frontier-run-006987	five-branch-k2-slack_three-1	colliding	replay	2	SSFSSS	0	none
frontier-run-006988	five-branch-k2-slack_three-1	colliding	replay	2	SSFSSF	0	none
frontier-run-006989	five-branch-k2-slack_three-1	colliding	replay	2	SSFSFS	0	none
frontier-run-006990	five-branch-k2-slack_three-1	colliding	replay	2	SSFFSS	0	none
frontier-run-006991	five-branch-k2-slack_three-1	colliding	replay	2	SFSSSS	0	none
frontier-run-006992	five-branch-k2-slack_three-1	colliding	replay	2	SFSSSF	0	none
frontier-run-006993	five-branch-k2-slack_three-1	colliding	replay	2	SFSSFS	0	none
frontier-run-006994	five-branch-k2-slack_three-1	colliding	replay	2	SFSFSS	0	none
frontier-run-006995	five-branch-k2-slack_three-1	colliding	replay	2	SFFSSS	0	none
frontier-run-006996	five-branch-k2-slack_three-1	colliding	replay	2	FSSSSS	0	none
frontier-run-006997	five-branch-k2-slack_three-1	colliding	replay	2	FSSSSF	0	none
frontier-run-006998	five-branch-k2-slack_three-1	colliding	replay	2	FSSSFS	0	none
frontier-run-006999	five-branch-k2-slack_three-1	colliding	replay	2	FSSFSS	0	none
frontier-run-007000	five-branch-k2-slack_three-1	colliding	replay	2	FSFSSS	0	none
frontier-run-007001	five-branch-k2-slack_three-1	colliding	replay	2	FFSSSS	0	none
frontier-run-007002	five-branch-k2-slack_three-1	distinct	replay	3	SSSSS	0	none
frontier-run-007003	five-branch-k2-slack_three-1	distinct	replay	3	SSSSFS	0	none
frontier-run-007004	five-branch-k2-slack_three-1	distinct	replay	3	SSSSFFS	0	none
frontier-run-007005	five-branch-k2-slack_three-1	distinct	replay	3	SSSSFFF	0	none
frontier-run-007006	five-branch-k2-slack_three-1	distinct	replay	3	SSSFSS	0	none
frontier-run-007007	five-branch-k2-slack_three-1	distinct	replay	3	SSSFSFS	0	none
frontier-run-007008	five-branch-k2-slack_three-1	distinct	replay	3	SSSFSFF	0	none
frontier-run-007009	five-branch-k2-slack_three-1	distinct	replay	3	SSSFFSS	0	none
frontier-run-007010	five-branch-k2-slack_three-1	distinct	replay	3	SSSFFSF	0	none
frontier-run-007011	five-branch-k2-slack_three-1	distinct	replay	3	SSSFFFS	0	none
frontier-run-007012	five-branch-k2-slack_three-1	distinct	replay	3	SSFSSS	0	none
frontier-run-007013	five-branch-k2-slack_three-1	distinct	replay	3	SSFSSFS	0	none
frontier-run-007014	five-branch-k2-slack_three-1	distinct	replay	3	SSFSSFF	0	none
frontier-run-007015	five-branch-k2-slack_three-1	distinct	replay	3	SSFSFSS	0	none
frontier-run-007016	five-branch-k2-slack_three-1	distinct	replay	3	SSFSFSF	0	none
frontier-run-007017	five-branch-k2-slack_three-1	distinct	replay	3	SSFSFFS	0	none
frontier-run-007018	five-branch-k2-slack_three-1	distinct	replay	3	SSFFSSS	0	none
frontier-run-007019	five-branch-k2-slack_three-1	distinct	replay	3	SSFFSSF	0	none
frontier-run-007020	five-branch-k2-slack_three-1	distinct	replay	3	SSFFSFS	0	none
frontier-run-007021	five-branch-k2-slack_three-1	distinct	replay	3	SSFFFSS	0	none
frontier-run-007022	five-branch-k2-slack_three-1	distinct	replay	3	SFSSSS	0	none
frontier-run-007023	five-branch-k2-slack_three-1	distinct	replay	3	SFSSSFS	0	none
frontier-run-007024	five-branch-k2-slack_three-1	distinct	replay	3	SFSSSFF	0	none
frontier-run-007025	five-branch-k2-slack_three-1	distinct	replay	3	SFSSFSS	0	none
frontier-run-007026	five-branch-k2-slack_three-1	distinct	replay	3	SFSSFSF	0	none
frontier-run-007027	five-branch-k2-slack_three-1	distinct	replay	3	SFSSFFS	0	none
frontier-run-007028	five-branch-k2-slack_three-1	distinct	replay	3	SFSFSSS	0	none
frontier-run-007029	five-branch-k2-slack_three-1	distinct	replay	3	SFSFSSF	0	none
frontier-run-007030	five-branch-k2-slack_three-1	distinct	replay	3	SFSFSFS	0	none
frontier-run-007031	five-branch-k2-slack_three-1	distinct	replay	3	SFSFFSS	0	none
frontier-run-007032	five-branch-k2-slack_three-1	distinct	replay	3	SFFSSSS	0	none
frontier-run-007033	five-branch-k2-slack_three-1	distinct	replay	3	SFFSSSF	0	none
frontier-run-007034	five-branch-k2-slack_three-1	distinct	replay	3	SFFSSFS	0	none
frontier-run-007035	five-branch-k2-slack_three-1	distinct	replay	3	SFFSFSS	0	none
frontier-run-007036	five-branch-k2-slack_three-1	distinct	replay	3	SFFFSSS	0	none
frontier-run-007037	five-branch-k2-slack_three-1	distinct	replay	3	FSSSSS	0	none
frontier-run-007038	five-branch-k2-slack_three-1	distinct	replay	3	FSSSSFS	0	none
frontier-run-007039	five-branch-k2-slack_three-1	distinct	replay	3	FSSSSFF	0	none
frontier-run-007040	five-branch-k2-slack_three-1	distinct	replay	3	FSSSFSS	0	none
frontier-run-007041	five-branch-k2-slack_three-1	distinct	replay	3	FSSSFSF	0	none
frontier-run-007042	five-branch-k2-slack_three-1	distinct	replay	3	FSSSFFS	0	none
frontier-run-007043	five-branch-k2-slack_three-1	distinct	replay	3	FSSFSSS	0	none
frontier-run-007044	five-branch-k2-slack_three-1	distinct	replay	3	FSSFSSF	0	none
frontier-run-007045	five-branch-k2-slack_three-1	distinct	replay	3	FSSFSFS	0	none
frontier-run-007046	five-branch-k2-slack_three-1	distinct	replay	3	FSSFFSS	0	none
frontier-run-007047	five-branch-k2-slack_three-1	distinct	replay	3	FSFSSSS	0	none
frontier-run-007048	five-branch-k2-slack_three-1	distinct	replay	3	FSFSSSF	0	none
frontier-run-007049	five-branch-k2-slack_three-1	distinct	replay	3	FSFSSFS	0	none
frontier-run-007050	five-branch-k2-slack_three-1	distinct	replay	3	FSFSFSS	0	none
frontier-run-007051	five-branch-k2-slack_three-1	distinct	replay	3	FSFFSSS	0	none
frontier-run-007052	five-branch-k2-slack_three-1	distinct	replay	3	FFSSSSS	0	none
frontier-run-007053	five-branch-k2-slack_three-1	distinct	replay	3	FFSSSSF	0	none
frontier-run-007054	five-branch-k2-slack_three-1	distinct	replay	3	FFSSSFS	0	none
frontier-run-007055	five-branch-k2-slack_three-1	distinct	replay	3	FFSSFSS	0	none
frontier-run-007056	five-branch-k2-slack_three-1	distinct	replay	3	FFSFSSS	0	none
frontier-run-007057	five-branch-k2-slack_three-1	distinct	replay	3	FFFSSSS	0	none
frontier-run-007058	five-branch-k2-slack_three-1	colliding	replay	3	SSSSS	0	none
frontier-run-007059	five-branch-k2-slack_three-1	colliding	replay	3	SSSSFS	0	none
frontier-run-007060	five-branch-k2-slack_three-1	colliding	replay	3	SSSSFFS	0	none
frontier-run-007061	five-branch-k2-slack_three-1	colliding	replay	3	SSSSFFF	0	none
frontier-run-007062	five-branch-k2-slack_three-1	colliding	replay	3	SSSFSS	0	none
frontier-run-007063	five-branch-k2-slack_three-1	colliding	replay	3	SSSFSFS	0	none
frontier-run-007064	five-branch-k2-slack_three-1	colliding	replay	3	SSSFSFF	0	none
frontier-run-007065	five-branch-k2-slack_three-1	colliding	replay	3	SSSFFSS	0	none
frontier-run-007066	five-branch-k2-slack_three-1	colliding	replay	3	SSSFFSF	0	none
frontier-run-007067	five-branch-k2-slack_three-1	colliding	replay	3	SSSFFFS	0	none
frontier-run-007068	five-branch-k2-slack_three-1	colliding	replay	3	SSFSSS	0	none
frontier-run-007069	five-branch-k2-slack_three-1	colliding	replay	3	SSFSSFS	0	none
frontier-run-007070	five-branch-k2-slack_three-1	colliding	replay	3	SSFSSFF	0	none
frontier-run-007071	five-branch-k2-slack_three-1	colliding	replay	3	SSFSFSS	0	none
frontier-run-007072	five-branch-k2-slack_three-1	colliding	replay	3	SSFSFSF	0	none
frontier-run-007073	five-branch-k2-slack_three-1	colliding	replay	3	SSFSFFS	0	none
frontier-run-007074	five-branch-k2-slack_three-1	colliding	replay	3	SSFFSSS	0	none
frontier-run-007075	five-branch-k2-slack_three-1	colliding	replay	3	SSFFSSF	0	none
frontier-run-007076	five-branch-k2-slack_three-1	colliding	replay	3	SSFFSFS	0	none
frontier-run-007077	five-branch-k2-slack_three-1	colliding	replay	3	SSFFFSS	0	none
frontier-run-007078	five-branch-k2-slack_three-1	colliding	replay	3	SFSSSS	0	none
frontier-run-007079	five-branch-k2-slack_three-1	colliding	replay	3	SFSSSFS	0	none
frontier-run-007080	five-branch-k2-slack_three-1	colliding	replay	3	SFSSSFF	0	none
frontier-run-007081	five-branch-k2-slack_three-1	colliding	replay	3	SFSSFSS	0	none
frontier-run-007082	five-branch-k2-slack_three-1	colliding	replay	3	SFSSFSF	0	none
frontier-run-007083	five-branch-k2-slack_three-1	colliding	replay	3	SFSSFFS	0	none
frontier-run-007084	five-branch-k2-slack_three-1	colliding	replay	3	SFSFSSS	0	none
frontier-run-007085	five-branch-k2-slack_three-1	colliding	replay	3	SFSFSSF	0	none
frontier-run-007086	five-branch-k2-slack_three-1	colliding	replay	3	SFSFSFS	0	none
frontier-run-007087	five-branch-k2-slack_three-1	colliding	replay	3	SFSFFSS	0	none
frontier-run-007088	five-branch-k2-slack_three-1	colliding	replay	3	SFFSSSS	0	none
frontier-run-007089	five-branch-k2-slack_three-1	colliding	replay	3	SFFSSSF	0	none
frontier-run-007090	five-branch-k2-slack_three-1	colliding	replay	3	SFFSSFS	0	none
frontier-run-007091	five-branch-k2-slack_three-1	colliding	replay	3	SFFSFSS	0	none
frontier-run-007092	five-branch-k2-slack_three-1	colliding	replay	3	SFFFSSS	0	none
frontier-run-007093	five-branch-k2-slack_three-1	colliding	replay	3	FSSSSS	0	none
frontier-run-007094	five-branch-k2-slack_three-1	colliding	replay	3	FSSSSFS	0	none
frontier-run-007095	five-branch-k2-slack_three-1	colliding	replay	3	FSSSSFF	0	none
frontier-run-007096	five-branch-k2-slack_three-1	colliding	replay	3	FSSSFSS	0	none
frontier-run-007097	five-branch-k2-slack_three-1	colliding	replay	3	FSSSFSF	0	none
frontier-run-007098	five-branch-k2-slack_three-1	colliding	replay	3	FSSSFFS	0	none
frontier-run-007099	five-branch-k2-slack_three-1	colliding	replay	3	FSSFSSS	0	none
frontier-run-007100	five-branch-k2-slack_three-1	colliding	replay	3	FSSFSSF	0	none
frontier-run-007101	five-branch-k2-slack_three-1	colliding	replay	3	FSSFSFS	0	none
frontier-run-007102	five-branch-k2-slack_three-1	colliding	replay	3	FSSFFSS	0	none
frontier-run-007103	five-branch-k2-slack_three-1	colliding	replay	3	FSFSSSS	0	none
frontier-run-007104	five-branch-k2-slack_three-1	colliding	replay	3	FSFSSSF	0	none
frontier-run-007105	five-branch-k2-slack_three-1	colliding	replay	3	FSFSSFS	0	none
frontier-run-007106	five-branch-k2-slack_three-1	colliding	replay	3	FSFSFSS	0	none
frontier-run-007107	five-branch-k2-slack_three-1	colliding	replay	3	FSFFSSS	0	none
frontier-run-007108	five-branch-k2-slack_three-1	colliding	replay	3	FFSSSSS	0	none
frontier-run-007109	five-branch-k2-slack_three-1	colliding	replay	3	FFSSSSF	0	none
frontier-run-007110	five-branch-k2-slack_three-1	colliding	replay	3	FFSSSFS	0	none
frontier-run-007111	five-branch-k2-slack_three-1	colliding	replay	3	FFSSFSS	0	none
frontier-run-007112	five-branch-k2-slack_three-1	colliding	replay	3	FFSFSSS	0	none
frontier-run-007113	five-branch-k2-slack_three-1	colliding	replay	3	FFFSSSS	0	none
frontier-run-007114	five-branch-k2-slack_three-1	distinct	concurrent	3	-	11	none
frontier-run-007115	five-branch-k2-slack_three-1	distinct	concurrent	3	-	23	none
frontier-run-007116	five-branch-k2-slack_three-1	colliding	concurrent	3	-	11	none
frontier-run-007117	five-branch-k2-slack_three-1	colliding	concurrent	3	-	23	none
frontier-run-007118	five-branch-k2-slack_three-2	distinct	replay	0	SSSSS	0	none
frontier-run-007119	five-branch-k2-slack_three-2	colliding	replay	0	SSSSS	0	none
frontier-run-007120	five-branch-k2-slack_three-2	distinct	replay	1	SSSSS	0	none
frontier-run-007121	five-branch-k2-slack_three-2	distinct	replay	1	SSSSF	0	none
frontier-run-007122	five-branch-k2-slack_three-2	distinct	replay	1	SSSFS	0	none
frontier-run-007123	five-branch-k2-slack_three-2	distinct	replay	1	SSFSS	0	none
frontier-run-007124	five-branch-k2-slack_three-2	distinct	replay	1	SFSSS	0	none
frontier-run-007125	five-branch-k2-slack_three-2	distinct	replay	1	FSSSS	0	none
frontier-run-007126	five-branch-k2-slack_three-2	colliding	replay	1	SSSSS	0	none
frontier-run-007127	five-branch-k2-slack_three-2	colliding	replay	1	SSSSF	0	none
frontier-run-007128	five-branch-k2-slack_three-2	colliding	replay	1	SSSFS	0	none
frontier-run-007129	five-branch-k2-slack_three-2	colliding	replay	1	SSFSS	0	none
frontier-run-007130	five-branch-k2-slack_three-2	colliding	replay	1	SFSSS	0	none
frontier-run-007131	five-branch-k2-slack_three-2	colliding	replay	1	FSSSS	0	none
frontier-run-007132	five-branch-k2-slack_three-2	distinct	replay	2	SSSSS	0	none
frontier-run-007133	five-branch-k2-slack_three-2	distinct	replay	2	SSSSF	0	none
frontier-run-007134	five-branch-k2-slack_three-2	distinct	replay	2	SSSFS	0	none
frontier-run-007135	five-branch-k2-slack_three-2	distinct	replay	2	SSSFF	0	none
frontier-run-007136	five-branch-k2-slack_three-2	distinct	replay	2	SSFSS	0	none
frontier-run-007137	five-branch-k2-slack_three-2	distinct	replay	2	SSFSF	0	none
frontier-run-007138	five-branch-k2-slack_three-2	distinct	replay	2	SSFFS	0	none
frontier-run-007139	five-branch-k2-slack_three-2	distinct	replay	2	SFSSS	0	none
frontier-run-007140	five-branch-k2-slack_three-2	distinct	replay	2	SFSSF	0	none
frontier-run-007141	five-branch-k2-slack_three-2	distinct	replay	2	SFSFS	0	none
frontier-run-007142	five-branch-k2-slack_three-2	distinct	replay	2	SFFSS	0	none
frontier-run-007143	five-branch-k2-slack_three-2	distinct	replay	2	FSSSS	0	none
frontier-run-007144	five-branch-k2-slack_three-2	distinct	replay	2	FSSSF	0	none
frontier-run-007145	five-branch-k2-slack_three-2	distinct	replay	2	FSSFS	0	none
frontier-run-007146	five-branch-k2-slack_three-2	distinct	replay	2	FSFSS	0	none
frontier-run-007147	five-branch-k2-slack_three-2	distinct	replay	2	FFSSS	0	none
frontier-run-007148	five-branch-k2-slack_three-2	colliding	replay	2	SSSSS	0	none
frontier-run-007149	five-branch-k2-slack_three-2	colliding	replay	2	SSSSF	0	none
frontier-run-007150	five-branch-k2-slack_three-2	colliding	replay	2	SSSFS	0	none
frontier-run-007151	five-branch-k2-slack_three-2	colliding	replay	2	SSSFF	0	none
frontier-run-007152	five-branch-k2-slack_three-2	colliding	replay	2	SSFSS	0	none
frontier-run-007153	five-branch-k2-slack_three-2	colliding	replay	2	SSFSF	0	none
frontier-run-007154	five-branch-k2-slack_three-2	colliding	replay	2	SSFFS	0	none
frontier-run-007155	five-branch-k2-slack_three-2	colliding	replay	2	SFSSS	0	none
frontier-run-007156	five-branch-k2-slack_three-2	colliding	replay	2	SFSSF	0	none
frontier-run-007157	five-branch-k2-slack_three-2	colliding	replay	2	SFSFS	0	none
frontier-run-007158	five-branch-k2-slack_three-2	colliding	replay	2	SFFSS	0	none
frontier-run-007159	five-branch-k2-slack_three-2	colliding	replay	2	FSSSS	0	none
frontier-run-007160	five-branch-k2-slack_three-2	colliding	replay	2	FSSSF	0	none
frontier-run-007161	five-branch-k2-slack_three-2	colliding	replay	2	FSSFS	0	none
frontier-run-007162	five-branch-k2-slack_three-2	colliding	replay	2	FSFSS	0	none
frontier-run-007163	five-branch-k2-slack_three-2	colliding	replay	2	FFSSS	0	none
frontier-run-007164	five-branch-k2-slack_three-2	distinct	replay	3	SSSSS	0	none
frontier-run-007165	five-branch-k2-slack_three-2	distinct	replay	3	SSSSFS	0	none
frontier-run-007166	five-branch-k2-slack_three-2	distinct	replay	3	SSSSFF	0	none
frontier-run-007167	five-branch-k2-slack_three-2	distinct	replay	3	SSSFSS	0	none
frontier-run-007168	five-branch-k2-slack_three-2	distinct	replay	3	SSSFSF	0	none
frontier-run-007169	five-branch-k2-slack_three-2	distinct	replay	3	SSSFFS	0	none
frontier-run-007170	five-branch-k2-slack_three-2	distinct	replay	3	SSSFFF	0	none
frontier-run-007171	five-branch-k2-slack_three-2	distinct	replay	3	SSFSSS	0	none
frontier-run-007172	five-branch-k2-slack_three-2	distinct	replay	3	SSFSSF	0	none
frontier-run-007173	five-branch-k2-slack_three-2	distinct	replay	3	SSFSFS	0	none
frontier-run-007174	five-branch-k2-slack_three-2	distinct	replay	3	SSFSFF	0	none
frontier-run-007175	five-branch-k2-slack_three-2	distinct	replay	3	SSFFSS	0	none
frontier-run-007176	five-branch-k2-slack_three-2	distinct	replay	3	SSFFSF	0	none
frontier-run-007177	five-branch-k2-slack_three-2	distinct	replay	3	SSFFFS	0	none
frontier-run-007178	five-branch-k2-slack_three-2	distinct	replay	3	SFSSSS	0	none
frontier-run-007179	five-branch-k2-slack_three-2	distinct	replay	3	SFSSSF	0	none
frontier-run-007180	five-branch-k2-slack_three-2	distinct	replay	3	SFSSFS	0	none
frontier-run-007181	five-branch-k2-slack_three-2	distinct	replay	3	SFSSFF	0	none
frontier-run-007182	five-branch-k2-slack_three-2	distinct	replay	3	SFSFSS	0	none
frontier-run-007183	five-branch-k2-slack_three-2	distinct	replay	3	SFSFSF	0	none
frontier-run-007184	five-branch-k2-slack_three-2	distinct	replay	3	SFSFFS	0	none
frontier-run-007185	five-branch-k2-slack_three-2	distinct	replay	3	SFFSSS	0	none
frontier-run-007186	five-branch-k2-slack_three-2	distinct	replay	3	SFFSSF	0	none
frontier-run-007187	five-branch-k2-slack_three-2	distinct	replay	3	SFFSFS	0	none
frontier-run-007188	five-branch-k2-slack_three-2	distinct	replay	3	SFFFSS	0	none
frontier-run-007189	five-branch-k2-slack_three-2	distinct	replay	3	FSSSSS	0	none
frontier-run-007190	five-branch-k2-slack_three-2	distinct	replay	3	FSSSSF	0	none
frontier-run-007191	five-branch-k2-slack_three-2	distinct	replay	3	FSSSFS	0	none
frontier-run-007192	five-branch-k2-slack_three-2	distinct	replay	3	FSSSFF	0	none
frontier-run-007193	five-branch-k2-slack_three-2	distinct	replay	3	FSSFSS	0	none
frontier-run-007194	five-branch-k2-slack_three-2	distinct	replay	3	FSSFSF	0	none
frontier-run-007195	five-branch-k2-slack_three-2	distinct	replay	3	FSSFFS	0	none
frontier-run-007196	five-branch-k2-slack_three-2	distinct	replay	3	FSFSSS	0	none
frontier-run-007197	five-branch-k2-slack_three-2	distinct	replay	3	FSFSSF	0	none
frontier-run-007198	five-branch-k2-slack_three-2	distinct	replay	3	FSFSFS	0	none
frontier-run-007199	five-branch-k2-slack_three-2	distinct	replay	3	FSFFSS	0	none
frontier-run-007200	five-branch-k2-slack_three-2	distinct	replay	3	FFSSSS	0	none
frontier-run-007201	five-branch-k2-slack_three-2	distinct	replay	3	FFSSSF	0	none
frontier-run-007202	five-branch-k2-slack_three-2	distinct	replay	3	FFSSFS	0	none
frontier-run-007203	five-branch-k2-slack_three-2	distinct	replay	3	FFSFSS	0	none
frontier-run-007204	five-branch-k2-slack_three-2	distinct	replay	3	FFFSSS	0	none
frontier-run-007205	five-branch-k2-slack_three-2	colliding	replay	3	SSSSS	0	none
frontier-run-007206	five-branch-k2-slack_three-2	colliding	replay	3	SSSSFS	0	none
frontier-run-007207	five-branch-k2-slack_three-2	colliding	replay	3	SSSSFF	0	none
frontier-run-007208	five-branch-k2-slack_three-2	colliding	replay	3	SSSFSS	0	none
frontier-run-007209	five-branch-k2-slack_three-2	colliding	replay	3	SSSFSF	0	none
frontier-run-007210	five-branch-k2-slack_three-2	colliding	replay	3	SSSFFS	0	none
frontier-run-007211	five-branch-k2-slack_three-2	colliding	replay	3	SSSFFF	0	none
frontier-run-007212	five-branch-k2-slack_three-2	colliding	replay	3	SSFSSS	0	none
frontier-run-007213	five-branch-k2-slack_three-2	colliding	replay	3	SSFSSF	0	none
frontier-run-007214	five-branch-k2-slack_three-2	colliding	replay	3	SSFSFS	0	none
frontier-run-007215	five-branch-k2-slack_three-2	colliding	replay	3	SSFSFF	0	none
frontier-run-007216	five-branch-k2-slack_three-2	colliding	replay	3	SSFFSS	0	none
frontier-run-007217	five-branch-k2-slack_three-2	colliding	replay	3	SSFFSF	0	none
frontier-run-007218	five-branch-k2-slack_three-2	colliding	replay	3	SSFFFS	0	none
frontier-run-007219	five-branch-k2-slack_three-2	colliding	replay	3	SFSSSS	0	none
frontier-run-007220	five-branch-k2-slack_three-2	colliding	replay	3	SFSSSF	0	none
frontier-run-007221	five-branch-k2-slack_three-2	colliding	replay	3	SFSSFS	0	none
frontier-run-007222	five-branch-k2-slack_three-2	colliding	replay	3	SFSSFF	0	none
frontier-run-007223	five-branch-k2-slack_three-2	colliding	replay	3	SFSFSS	0	none
frontier-run-007224	five-branch-k2-slack_three-2	colliding	replay	3	SFSFSF	0	none
frontier-run-007225	five-branch-k2-slack_three-2	colliding	replay	3	SFSFFS	0	none
frontier-run-007226	five-branch-k2-slack_three-2	colliding	replay	3	SFFSSS	0	none
frontier-run-007227	five-branch-k2-slack_three-2	colliding	replay	3	SFFSSF	0	none
frontier-run-007228	five-branch-k2-slack_three-2	colliding	replay	3	SFFSFS	0	none
frontier-run-007229	five-branch-k2-slack_three-2	colliding	replay	3	SFFFSS	0	none
frontier-run-007230	five-branch-k2-slack_three-2	colliding	replay	3	FSSSSS	0	none
frontier-run-007231	five-branch-k2-slack_three-2	colliding	replay	3	FSSSSF	0	none
frontier-run-007232	five-branch-k2-slack_three-2	colliding	replay	3	FSSSFS	0	none
frontier-run-007233	five-branch-k2-slack_three-2	colliding	replay	3	FSSSFF	0	none
frontier-run-007234	five-branch-k2-slack_three-2	colliding	replay	3	FSSFSS	0	none
frontier-run-007235	five-branch-k2-slack_three-2	colliding	replay	3	FSSFSF	0	none
frontier-run-007236	five-branch-k2-slack_three-2	colliding	replay	3	FSSFFS	0	none
frontier-run-007237	five-branch-k2-slack_three-2	colliding	replay	3	FSFSSS	0	none
frontier-run-007238	five-branch-k2-slack_three-2	colliding	replay	3	FSFSSF	0	none
frontier-run-007239	five-branch-k2-slack_three-2	colliding	replay	3	FSFSFS	0	none
frontier-run-007240	five-branch-k2-slack_three-2	colliding	replay	3	FSFFSS	0	none
frontier-run-007241	five-branch-k2-slack_three-2	colliding	replay	3	FFSSSS	0	none
frontier-run-007242	five-branch-k2-slack_three-2	colliding	replay	3	FFSSSF	0	none
frontier-run-007243	five-branch-k2-slack_three-2	colliding	replay	3	FFSSFS	0	none
frontier-run-007244	five-branch-k2-slack_three-2	colliding	replay	3	FFSFSS	0	none
frontier-run-007245	five-branch-k2-slack_three-2	colliding	replay	3	FFFSSS	0	none
frontier-run-007246	five-branch-k2-slack_three-2	distinct	concurrent	3	-	11	none
frontier-run-007247	five-branch-k2-slack_three-2	distinct	concurrent	3	-	23	none
frontier-run-007248	five-branch-k2-slack_three-2	colliding	concurrent	3	-	11	none
frontier-run-007249	five-branch-k2-slack_three-2	colliding	concurrent	3	-	23	none
frontier-run-007250	five-branch-k2-slack_three-3	distinct	replay	0	SSSSS	0	none
frontier-run-007251	five-branch-k2-slack_three-3	colliding	replay	0	SSSSS	0	none
frontier-run-007252	five-branch-k2-slack_three-3	distinct	replay	1	SSSSS	0	none
frontier-run-007253	five-branch-k2-slack_three-3	distinct	replay	1	SSSSF	0	none
frontier-run-007254	five-branch-k2-slack_three-3	distinct	replay	1	SSSFS	0	none
frontier-run-007255	five-branch-k2-slack_three-3	distinct	replay	1	SSFSS	0	none
frontier-run-007256	five-branch-k2-slack_three-3	distinct	replay	1	SFSSS	0	none
frontier-run-007257	five-branch-k2-slack_three-3	distinct	replay	1	FSSSS	0	none
frontier-run-007258	five-branch-k2-slack_three-3	colliding	replay	1	SSSSS	0	none
frontier-run-007259	five-branch-k2-slack_three-3	colliding	replay	1	SSSSF	0	none
frontier-run-007260	five-branch-k2-slack_three-3	colliding	replay	1	SSSFS	0	none
frontier-run-007261	five-branch-k2-slack_three-3	colliding	replay	1	SSFSS	0	none
frontier-run-007262	five-branch-k2-slack_three-3	colliding	replay	1	SFSSS	0	none
frontier-run-007263	five-branch-k2-slack_three-3	colliding	replay	1	FSSSS	0	none
frontier-run-007264	five-branch-k2-slack_three-3	distinct	replay	2	SSSSS	0	none
frontier-run-007265	five-branch-k2-slack_three-3	distinct	replay	2	SSSSF	0	none
frontier-run-007266	five-branch-k2-slack_three-3	distinct	replay	2	SSSFS	0	none
frontier-run-007267	five-branch-k2-slack_three-3	distinct	replay	2	SSSFF	0	none
frontier-run-007268	five-branch-k2-slack_three-3	distinct	replay	2	SSFSS	0	none
frontier-run-007269	five-branch-k2-slack_three-3	distinct	replay	2	SSFSF	0	none
frontier-run-007270	five-branch-k2-slack_three-3	distinct	replay	2	SSFFS	0	none
frontier-run-007271	five-branch-k2-slack_three-3	distinct	replay	2	SFSSS	0	none
frontier-run-007272	five-branch-k2-slack_three-3	distinct	replay	2	SFSSF	0	none
frontier-run-007273	five-branch-k2-slack_three-3	distinct	replay	2	SFSFS	0	none
frontier-run-007274	five-branch-k2-slack_three-3	distinct	replay	2	SFFSS	0	none
frontier-run-007275	five-branch-k2-slack_three-3	distinct	replay	2	FSSSS	0	none
frontier-run-007276	five-branch-k2-slack_three-3	distinct	replay	2	FSSSF	0	none
frontier-run-007277	five-branch-k2-slack_three-3	distinct	replay	2	FSSFS	0	none
frontier-run-007278	five-branch-k2-slack_three-3	distinct	replay	2	FSFSS	0	none
frontier-run-007279	five-branch-k2-slack_three-3	distinct	replay	2	FFSSS	0	none
frontier-run-007280	five-branch-k2-slack_three-3	colliding	replay	2	SSSSS	0	none
frontier-run-007281	five-branch-k2-slack_three-3	colliding	replay	2	SSSSF	0	none
frontier-run-007282	five-branch-k2-slack_three-3	colliding	replay	2	SSSFS	0	none
frontier-run-007283	five-branch-k2-slack_three-3	colliding	replay	2	SSSFF	0	none
frontier-run-007284	five-branch-k2-slack_three-3	colliding	replay	2	SSFSS	0	none
frontier-run-007285	five-branch-k2-slack_three-3	colliding	replay	2	SSFSF	0	none
frontier-run-007286	five-branch-k2-slack_three-3	colliding	replay	2	SSFFS	0	none
frontier-run-007287	five-branch-k2-slack_three-3	colliding	replay	2	SFSSS	0	none
frontier-run-007288	five-branch-k2-slack_three-3	colliding	replay	2	SFSSF	0	none
frontier-run-007289	five-branch-k2-slack_three-3	colliding	replay	2	SFSFS	0	none
frontier-run-007290	five-branch-k2-slack_three-3	colliding	replay	2	SFFSS	0	none
frontier-run-007291	five-branch-k2-slack_three-3	colliding	replay	2	FSSSS	0	none
frontier-run-007292	five-branch-k2-slack_three-3	colliding	replay	2	FSSSF	0	none
frontier-run-007293	five-branch-k2-slack_three-3	colliding	replay	2	FSSFS	0	none
frontier-run-007294	five-branch-k2-slack_three-3	colliding	replay	2	FSFSS	0	none
frontier-run-007295	five-branch-k2-slack_three-3	colliding	replay	2	FFSSS	0	none
frontier-run-007296	five-branch-k2-slack_three-3	distinct	replay	3	SSSSS	0	none
frontier-run-007297	five-branch-k2-slack_three-3	distinct	replay	3	SSSSF	0	none
frontier-run-007298	five-branch-k2-slack_three-3	distinct	replay	3	SSSFS	0	none
frontier-run-007299	five-branch-k2-slack_three-3	distinct	replay	3	SSSFF	0	none
frontier-run-007300	five-branch-k2-slack_three-3	distinct	replay	3	SSFSS	0	none
frontier-run-007301	five-branch-k2-slack_three-3	distinct	replay	3	SSFSF	0	none
frontier-run-007302	five-branch-k2-slack_three-3	distinct	replay	3	SSFFS	0	none
frontier-run-007303	five-branch-k2-slack_three-3	distinct	replay	3	SSFFF	0	none
frontier-run-007304	five-branch-k2-slack_three-3	distinct	replay	3	SFSSS	0	none
frontier-run-007305	five-branch-k2-slack_three-3	distinct	replay	3	SFSSF	0	none
frontier-run-007306	five-branch-k2-slack_three-3	distinct	replay	3	SFSFS	0	none
frontier-run-007307	five-branch-k2-slack_three-3	distinct	replay	3	SFSFF	0	none
frontier-run-007308	five-branch-k2-slack_three-3	distinct	replay	3	SFFSS	0	none
frontier-run-007309	five-branch-k2-slack_three-3	distinct	replay	3	SFFSF	0	none
frontier-run-007310	five-branch-k2-slack_three-3	distinct	replay	3	SFFFS	0	none
frontier-run-007311	five-branch-k2-slack_three-3	distinct	replay	3	FSSSS	0	none
frontier-run-007312	five-branch-k2-slack_three-3	distinct	replay	3	FSSSF	0	none
frontier-run-007313	five-branch-k2-slack_three-3	distinct	replay	3	FSSFS	0	none
frontier-run-007314	five-branch-k2-slack_three-3	distinct	replay	3	FSSFF	0	none
frontier-run-007315	five-branch-k2-slack_three-3	distinct	replay	3	FSFSS	0	none
frontier-run-007316	five-branch-k2-slack_three-3	distinct	replay	3	FSFSF	0	none
frontier-run-007317	five-branch-k2-slack_three-3	distinct	replay	3	FSFFS	0	none
frontier-run-007318	five-branch-k2-slack_three-3	distinct	replay	3	FFSSS	0	none
frontier-run-007319	five-branch-k2-slack_three-3	distinct	replay	3	FFSSF	0	none
frontier-run-007320	five-branch-k2-slack_three-3	distinct	replay	3	FFSFS	0	none
frontier-run-007321	five-branch-k2-slack_three-3	distinct	replay	3	FFFSS	0	none
frontier-run-007322	five-branch-k2-slack_three-3	colliding	replay	3	SSSSS	0	none
frontier-run-007323	five-branch-k2-slack_three-3	colliding	replay	3	SSSSF	0	none
frontier-run-007324	five-branch-k2-slack_three-3	colliding	replay	3	SSSFS	0	none
frontier-run-007325	five-branch-k2-slack_three-3	colliding	replay	3	SSSFF	0	none
frontier-run-007326	five-branch-k2-slack_three-3	colliding	replay	3	SSFSS	0	none
frontier-run-007327	five-branch-k2-slack_three-3	colliding	replay	3	SSFSF	0	none
frontier-run-007328	five-branch-k2-slack_three-3	colliding	replay	3	SSFFS	0	none
frontier-run-007329	five-branch-k2-slack_three-3	colliding	replay	3	SSFFF	0	none
frontier-run-007330	five-branch-k2-slack_three-3	colliding	replay	3	SFSSS	0	none
frontier-run-007331	five-branch-k2-slack_three-3	colliding	replay	3	SFSSF	0	none
frontier-run-007332	five-branch-k2-slack_three-3	colliding	replay	3	SFSFS	0	none
frontier-run-007333	five-branch-k2-slack_three-3	colliding	replay	3	SFSFF	0	none
frontier-run-007334	five-branch-k2-slack_three-3	colliding	replay	3	SFFSS	0	none
frontier-run-007335	five-branch-k2-slack_three-3	colliding	replay	3	SFFSF	0	none
frontier-run-007336	five-branch-k2-slack_three-3	colliding	replay	3	SFFFS	0	none
frontier-run-007337	five-branch-k2-slack_three-3	colliding	replay	3	FSSSS	0	none
frontier-run-007338	five-branch-k2-slack_three-3	colliding	replay	3	FSSSF	0	none
frontier-run-007339	five-branch-k2-slack_three-3	colliding	replay	3	FSSFS	0	none
frontier-run-007340	five-branch-k2-slack_three-3	colliding	replay	3	FSSFF	0	none
frontier-run-007341	five-branch-k2-slack_three-3	colliding	replay	3	FSFSS	0	none
frontier-run-007342	five-branch-k2-slack_three-3	colliding	replay	3	FSFSF	0	none
frontier-run-007343	five-branch-k2-slack_three-3	colliding	replay	3	FSFFS	0	none
frontier-run-007344	five-branch-k2-slack_three-3	colliding	replay	3	FFSSS	0	none
frontier-run-007345	five-branch-k2-slack_three-3	colliding	replay	3	FFSSF	0	none
frontier-run-007346	five-branch-k2-slack_three-3	colliding	replay	3	FFSFS	0	none
frontier-run-007347	five-branch-k2-slack_three-3	colliding	replay	3	FFFSS	0	none
frontier-run-007348	five-branch-k2-slack_three-3	distinct	concurrent	3	-	11	none
frontier-run-007349	five-branch-k2-slack_three-3	distinct	concurrent	3	-	23	none
frontier-run-007350	five-branch-k2-slack_three-3	colliding	concurrent	3	-	11	none
frontier-run-007351	five-branch-k2-slack_three-3	colliding	concurrent	3	-	23	none
frontier-run-007352	five-branch-k2-slack_two-0	distinct	replay	0	SSSSS	0	none
frontier-run-007353	five-branch-k2-slack_two-0	colliding	replay	0	SSSSS	0	none
frontier-run-007354	five-branch-k2-slack_two-0	distinct	replay	1	SSSSS	0	none
frontier-run-007355	five-branch-k2-slack_two-0	distinct	replay	1	SSSSFS	0	none
frontier-run-007356	five-branch-k2-slack_two-0	distinct	replay	1	SSSFSS	0	none
frontier-run-007357	five-branch-k2-slack_two-0	distinct	replay	1	SSFSSS	0	none
frontier-run-007358	five-branch-k2-slack_two-0	distinct	replay	1	SFSSSS	0	none
frontier-run-007359	five-branch-k2-slack_two-0	distinct	replay	1	FSSSSS	0	none
frontier-run-007360	five-branch-k2-slack_two-0	colliding	replay	1	SSSSS	0	none
frontier-run-007361	five-branch-k2-slack_two-0	colliding	replay	1	SSSSFS	0	none
frontier-run-007362	five-branch-k2-slack_two-0	colliding	replay	1	SSSFSS	0	none
frontier-run-007363	five-branch-k2-slack_two-0	colliding	replay	1	SSFSSS	0	none
frontier-run-007364	five-branch-k2-slack_two-0	colliding	replay	1	SFSSSS	0	none
frontier-run-007365	five-branch-k2-slack_two-0	colliding	replay	1	FSSSSS	0	none
frontier-run-007366	five-branch-k2-slack_two-0	distinct	replay	2	SSSSS	0	none
frontier-run-007367	five-branch-k2-slack_two-0	distinct	replay	2	SSSSFS	0	none
frontier-run-007368	five-branch-k2-slack_two-0	distinct	replay	2	SSSSFFS	0	none
frontier-run-007369	five-branch-k2-slack_two-0	distinct	replay	2	SSSFSS	0	none
frontier-run-007370	five-branch-k2-slack_two-0	distinct	replay	2	SSSFSFS	0	none
frontier-run-007371	five-branch-k2-slack_two-0	distinct	replay	2	SSSFFSS	0	none
frontier-run-007372	five-branch-k2-slack_two-0	distinct	replay	2	SSFSSS	0	none
frontier-run-007373	five-branch-k2-slack_two-0	distinct	replay	2	SSFSSFS	0	none
frontier-run-007374	five-branch-k2-slack_two-0	distinct	replay	2	SSFSFSS	0	none
frontier-run-007375	five-branch-k2-slack_two-0	distinct	replay	2	SSFFSSS	0	none
frontier-run-007376	five-branch-k2-slack_two-0	distinct	replay	2	SFSSSS	0	none
frontier-run-007377	five-branch-k2-slack_two-0	distinct	replay	2	SFSSSFS	0	none
frontier-run-007378	five-branch-k2-slack_two-0	distinct	replay	2	SFSSFSS	0	none
frontier-run-007379	five-branch-k2-slack_two-0	distinct	replay	2	SFSFSSS	0	none
frontier-run-007380	five-branch-k2-slack_two-0	distinct	replay	2	SFFSSSS	0	none
frontier-run-007381	five-branch-k2-slack_two-0	distinct	replay	2	FSSSSS	0	none
frontier-run-007382	five-branch-k2-slack_two-0	distinct	replay	2	FSSSSFS	0	none
frontier-run-007383	five-branch-k2-slack_two-0	distinct	replay	2	FSSSFSS	0	none
frontier-run-007384	five-branch-k2-slack_two-0	distinct	replay	2	FSSFSSS	0	none
frontier-run-007385	five-branch-k2-slack_two-0	distinct	replay	2	FSFSSSS	0	none
frontier-run-007386	five-branch-k2-slack_two-0	distinct	replay	2	FFSSSSS	0	none
frontier-run-007387	five-branch-k2-slack_two-0	colliding	replay	2	SSSSS	0	none
frontier-run-007388	five-branch-k2-slack_two-0	colliding	replay	2	SSSSFS	0	none
frontier-run-007389	five-branch-k2-slack_two-0	colliding	replay	2	SSSSFFS	0	none
frontier-run-007390	five-branch-k2-slack_two-0	colliding	replay	2	SSSFSS	0	none
frontier-run-007391	five-branch-k2-slack_two-0	colliding	replay	2	SSSFSFS	0	none
frontier-run-007392	five-branch-k2-slack_two-0	colliding	replay	2	SSSFFSS	0	none
frontier-run-007393	five-branch-k2-slack_two-0	colliding	replay	2	SSFSSS	0	none
frontier-run-007394	five-branch-k2-slack_two-0	colliding	replay	2	SSFSSFS	0	none
frontier-run-007395	five-branch-k2-slack_two-0	colliding	replay	2	SSFSFSS	0	none
frontier-run-007396	five-branch-k2-slack_two-0	colliding	replay	2	SSFFSSS	0	none
frontier-run-007397	five-branch-k2-slack_two-0	colliding	replay	2	SFSSSS	0	none
frontier-run-007398	five-branch-k2-slack_two-0	colliding	replay	2	SFSSSFS	0	none
frontier-run-007399	five-branch-k2-slack_two-0	colliding	replay	2	SFSSFSS	0	none
frontier-run-007400	five-branch-k2-slack_two-0	colliding	replay	2	SFSFSSS	0	none
frontier-run-007401	five-branch-k2-slack_two-0	colliding	replay	2	SFFSSSS	0	none
frontier-run-007402	five-branch-k2-slack_two-0	colliding	replay	2	FSSSSS	0	none
frontier-run-007403	five-branch-k2-slack_two-0	colliding	replay	2	FSSSSFS	0	none
frontier-run-007404	five-branch-k2-slack_two-0	colliding	replay	2	FSSSFSS	0	none
frontier-run-007405	five-branch-k2-slack_two-0	colliding	replay	2	FSSFSSS	0	none
frontier-run-007406	five-branch-k2-slack_two-0	colliding	replay	2	FSFSSSS	0	none
frontier-run-007407	five-branch-k2-slack_two-0	colliding	replay	2	FFSSSSS	0	none
frontier-run-007408	five-branch-k2-slack_two-0	distinct	replay	3	SSSSS	0	none
frontier-run-007409	five-branch-k2-slack_two-0	distinct	replay	3	SSSSFS	0	none
frontier-run-007410	five-branch-k2-slack_two-0	distinct	replay	3	SSSSFFS	0	none
frontier-run-007411	five-branch-k2-slack_two-0	distinct	replay	3	SSSSFFFS	0	none
frontier-run-007412	five-branch-k2-slack_two-0	distinct	replay	3	SSSFSS	0	none
frontier-run-007413	five-branch-k2-slack_two-0	distinct	replay	3	SSSFSFS	0	none
frontier-run-007414	five-branch-k2-slack_two-0	distinct	replay	3	SSSFSFFS	0	none
frontier-run-007415	five-branch-k2-slack_two-0	distinct	replay	3	SSSFFSS	0	none
frontier-run-007416	five-branch-k2-slack_two-0	distinct	replay	3	SSSFFSFS	0	none
frontier-run-007417	five-branch-k2-slack_two-0	distinct	replay	3	SSSFFFSS	0	none
frontier-run-007418	five-branch-k2-slack_two-0	distinct	replay	3	SSFSSS	0	none
frontier-run-007419	five-branch-k2-slack_two-0	distinct	replay	3	SSFSSFS	0	none
frontier-run-007420	five-branch-k2-slack_two-0	distinct	replay	3	SSFSSFFS	0	none
frontier-run-007421	five-branch-k2-slack_two-0	distinct	replay	3	SSFSFSS	0	none
frontier-run-007422	five-branch-k2-slack_two-0	distinct	replay	3	SSFSFSFS	0	none
frontier-run-007423	five-branch-k2-slack_two-0	distinct	replay	3	SSFSFFSS	0	none
frontier-run-007424	five-branch-k2-slack_two-0	distinct	replay	3	SSFFSSS	0	none
frontier-run-007425	five-branch-k2-slack_two-0	distinct	replay	3	SSFFSSFS	0	none
frontier-run-007426	five-branch-k2-slack_two-0	distinct	replay	3	SSFFSFSS	0	none
frontier-run-007427	five-branch-k2-slack_two-0	distinct	replay	3	SSFFFSSS	0	none
frontier-run-007428	five-branch-k2-slack_two-0	distinct	replay	3	SFSSSS	0	none
frontier-run-007429	five-branch-k2-slack_two-0	distinct	replay	3	SFSSSFS	0	none
frontier-run-007430	five-branch-k2-slack_two-0	distinct	replay	3	SFSSSFFS	0	none
frontier-run-007431	five-branch-k2-slack_two-0	distinct	replay	3	SFSSFSS	0	none
frontier-run-007432	five-branch-k2-slack_two-0	distinct	replay	3	SFSSFSFS	0	none
frontier-run-007433	five-branch-k2-slack_two-0	distinct	replay	3	SFSSFFSS	0	none
frontier-run-007434	five-branch-k2-slack_two-0	distinct	replay	3	SFSFSSS	0	none
frontier-run-007435	five-branch-k2-slack_two-0	distinct	replay	3	SFSFSSFS	0	none
frontier-run-007436	five-branch-k2-slack_two-0	distinct	replay	3	SFSFSFSS	0	none
frontier-run-007437	five-branch-k2-slack_two-0	distinct	replay	3	SFSFFSSS	0	none
frontier-run-007438	five-branch-k2-slack_two-0	distinct	replay	3	SFFSSSS	0	none
frontier-run-007439	five-branch-k2-slack_two-0	distinct	replay	3	SFFSSSFS	0	none
frontier-run-007440	five-branch-k2-slack_two-0	distinct	replay	3	SFFSSFSS	0	none
frontier-run-007441	five-branch-k2-slack_two-0	distinct	replay	3	SFFSFSSS	0	none
frontier-run-007442	five-branch-k2-slack_two-0	distinct	replay	3	SFFFSSSS	0	none
frontier-run-007443	five-branch-k2-slack_two-0	distinct	replay	3	FSSSSS	0	none
frontier-run-007444	five-branch-k2-slack_two-0	distinct	replay	3	FSSSSFS	0	none
frontier-run-007445	five-branch-k2-slack_two-0	distinct	replay	3	FSSSSFFS	0	none
frontier-run-007446	five-branch-k2-slack_two-0	distinct	replay	3	FSSSFSS	0	none
frontier-run-007447	five-branch-k2-slack_two-0	distinct	replay	3	FSSSFSFS	0	none
frontier-run-007448	five-branch-k2-slack_two-0	distinct	replay	3	FSSSFFSS	0	none
frontier-run-007449	five-branch-k2-slack_two-0	distinct	replay	3	FSSFSSS	0	none
frontier-run-007450	five-branch-k2-slack_two-0	distinct	replay	3	FSSFSSFS	0	none
frontier-run-007451	five-branch-k2-slack_two-0	distinct	replay	3	FSSFSFSS	0	none
frontier-run-007452	five-branch-k2-slack_two-0	distinct	replay	3	FSSFFSSS	0	none
frontier-run-007453	five-branch-k2-slack_two-0	distinct	replay	3	FSFSSSS	0	none
frontier-run-007454	five-branch-k2-slack_two-0	distinct	replay	3	FSFSSSFS	0	none
frontier-run-007455	five-branch-k2-slack_two-0	distinct	replay	3	FSFSSFSS	0	none
frontier-run-007456	five-branch-k2-slack_two-0	distinct	replay	3	FSFSFSSS	0	none
frontier-run-007457	five-branch-k2-slack_two-0	distinct	replay	3	FSFFSSSS	0	none
frontier-run-007458	five-branch-k2-slack_two-0	distinct	replay	3	FFSSSSS	0	none
frontier-run-007459	five-branch-k2-slack_two-0	distinct	replay	3	FFSSSSFS	0	none
frontier-run-007460	five-branch-k2-slack_two-0	distinct	replay	3	FFSSSFSS	0	none
frontier-run-007461	five-branch-k2-slack_two-0	distinct	replay	3	FFSSFSSS	0	none
frontier-run-007462	five-branch-k2-slack_two-0	distinct	replay	3	FFSFSSSS	0	none
frontier-run-007463	five-branch-k2-slack_two-0	distinct	replay	3	FFFSSSSS	0	none
frontier-run-007464	five-branch-k2-slack_two-0	colliding	replay	3	SSSSS	0	none
frontier-run-007465	five-branch-k2-slack_two-0	colliding	replay	3	SSSSFS	0	none
frontier-run-007466	five-branch-k2-slack_two-0	colliding	replay	3	SSSSFFS	0	none
frontier-run-007467	five-branch-k2-slack_two-0	colliding	replay	3	SSSSFFFS	0	none
frontier-run-007468	five-branch-k2-slack_two-0	colliding	replay	3	SSSFSS	0	none
frontier-run-007469	five-branch-k2-slack_two-0	colliding	replay	3	SSSFSFS	0	none
frontier-run-007470	five-branch-k2-slack_two-0	colliding	replay	3	SSSFSFFS	0	none
frontier-run-007471	five-branch-k2-slack_two-0	colliding	replay	3	SSSFFSS	0	none
frontier-run-007472	five-branch-k2-slack_two-0	colliding	replay	3	SSSFFSFS	0	none
frontier-run-007473	five-branch-k2-slack_two-0	colliding	replay	3	SSSFFFSS	0	none
frontier-run-007474	five-branch-k2-slack_two-0	colliding	replay	3	SSFSSS	0	none
frontier-run-007475	five-branch-k2-slack_two-0	colliding	replay	3	SSFSSFS	0	none
frontier-run-007476	five-branch-k2-slack_two-0	colliding	replay	3	SSFSSFFS	0	none
frontier-run-007477	five-branch-k2-slack_two-0	colliding	replay	3	SSFSFSS	0	none
frontier-run-007478	five-branch-k2-slack_two-0	colliding	replay	3	SSFSFSFS	0	none
frontier-run-007479	five-branch-k2-slack_two-0	colliding	replay	3	SSFSFFSS	0	none
frontier-run-007480	five-branch-k2-slack_two-0	colliding	replay	3	SSFFSSS	0	none
frontier-run-007481	five-branch-k2-slack_two-0	colliding	replay	3	SSFFSSFS	0	none
frontier-run-007482	five-branch-k2-slack_two-0	colliding	replay	3	SSFFSFSS	0	none
frontier-run-007483	five-branch-k2-slack_two-0	colliding	replay	3	SSFFFSSS	0	none
frontier-run-007484	five-branch-k2-slack_two-0	colliding	replay	3	SFSSSS	0	none
frontier-run-007485	five-branch-k2-slack_two-0	colliding	replay	3	SFSSSFS	0	none
frontier-run-007486	five-branch-k2-slack_two-0	colliding	replay	3	SFSSSFFS	0	none
frontier-run-007487	five-branch-k2-slack_two-0	colliding	replay	3	SFSSFSS	0	none
frontier-run-007488	five-branch-k2-slack_two-0	colliding	replay	3	SFSSFSFS	0	none
frontier-run-007489	five-branch-k2-slack_two-0	colliding	replay	3	SFSSFFSS	0	none
frontier-run-007490	five-branch-k2-slack_two-0	colliding	replay	3	SFSFSSS	0	none
frontier-run-007491	five-branch-k2-slack_two-0	colliding	replay	3	SFSFSSFS	0	none
frontier-run-007492	five-branch-k2-slack_two-0	colliding	replay	3	SFSFSFSS	0	none
frontier-run-007493	five-branch-k2-slack_two-0	colliding	replay	3	SFSFFSSS	0	none
frontier-run-007494	five-branch-k2-slack_two-0	colliding	replay	3	SFFSSSS	0	none
frontier-run-007495	five-branch-k2-slack_two-0	colliding	replay	3	SFFSSSFS	0	none
frontier-run-007496	five-branch-k2-slack_two-0	colliding	replay	3	SFFSSFSS	0	none
frontier-run-007497	five-branch-k2-slack_two-0	colliding	replay	3	SFFSFSSS	0	none
frontier-run-007498	five-branch-k2-slack_two-0	colliding	replay	3	SFFFSSSS	0	none
frontier-run-007499	five-branch-k2-slack_two-0	colliding	replay	3	FSSSSS	0	none
frontier-run-007500	five-branch-k2-slack_two-0	colliding	replay	3	FSSSSFS	0	none
frontier-run-007501	five-branch-k2-slack_two-0	colliding	replay	3	FSSSSFFS	0	none
frontier-run-007502	five-branch-k2-slack_two-0	colliding	replay	3	FSSSFSS	0	none
frontier-run-007503	five-branch-k2-slack_two-0	colliding	replay	3	FSSSFSFS	0	none
frontier-run-007504	five-branch-k2-slack_two-0	colliding	replay	3	FSSSFFSS	0	none
frontier-run-007505	five-branch-k2-slack_two-0	colliding	replay	3	FSSFSSS	0	none
frontier-run-007506	five-branch-k2-slack_two-0	colliding	replay	3	FSSFSSFS	0	none
frontier-run-007507	five-branch-k2-slack_two-0	colliding	replay	3	FSSFSFSS	0	none
frontier-run-007508	five-branch-k2-slack_two-0	colliding	replay	3	FSSFFSSS	0	none
frontier-run-007509	five-branch-k2-slack_two-0	colliding	replay	3	FSFSSSS	0	none
frontier-run-007510	five-branch-k2-slack_two-0	colliding	replay	3	FSFSSSFS	0	none
frontier-run-007511	five-branch-k2-slack_two-0	colliding	replay	3	FSFSSFSS	0	none
frontier-run-007512	five-branch-k2-slack_two-0	colliding	replay	3	FSFSFSSS	0	none
frontier-run-007513	five-branch-k2-slack_two-0	colliding	replay	3	FSFFSSSS	0	none
frontier-run-007514	five-branch-k2-slack_two-0	colliding	replay	3	FFSSSSS	0	none
frontier-run-007515	five-branch-k2-slack_two-0	colliding	replay	3	FFSSSSFS	0	none
frontier-run-007516	five-branch-k2-slack_two-0	colliding	replay	3	FFSSSFSS	0	none
frontier-run-007517	five-branch-k2-slack_two-0	colliding	replay	3	FFSSFSSS	0	none
frontier-run-007518	five-branch-k2-slack_two-0	colliding	replay	3	FFSFSSSS	0	none
frontier-run-007519	five-branch-k2-slack_two-0	colliding	replay	3	FFFSSSSS	0	none
frontier-run-007520	five-branch-k2-slack_two-0	distinct	concurrent	3	-	11	none
frontier-run-007521	five-branch-k2-slack_two-0	distinct	concurrent	3	-	23	none
frontier-run-007522	five-branch-k2-slack_two-0	colliding	concurrent	3	-	11	none
frontier-run-007523	five-branch-k2-slack_two-0	colliding	concurrent	3	-	23	none
frontier-run-007524	five-branch-k2-slack_two-1	distinct	replay	0	SSSSS	0	none
frontier-run-007525	five-branch-k2-slack_two-1	colliding	replay	0	SSSSS	0	none
frontier-run-007526	five-branch-k2-slack_two-1	distinct	replay	1	-	0	none
frontier-run-007527	five-branch-k2-slack_two-1	colliding	replay	1	-	0	none
frontier-run-007528	five-branch-k2-slack_two-1	distinct	replay	2	SSSSS	0	none
frontier-run-007529	five-branch-k2-slack_two-1	distinct	replay	2	SSSSF	0	none
frontier-run-007530	five-branch-k2-slack_two-1	distinct	replay	2	SSSF	0	none
frontier-run-007531	five-branch-k2-slack_two-1	distinct	replay	2	SSF	0	none
frontier-run-007532	five-branch-k2-slack_two-1	distinct	replay	2	SF	0	none
frontier-run-007533	five-branch-k2-slack_two-1	distinct	replay	2	F	0	none
frontier-run-007534	five-branch-k2-slack_two-1	colliding	replay	2	SSSSS	0	none
frontier-run-007535	five-branch-k2-slack_two-1	colliding	replay	2	SSSSF	0	none
frontier-run-007536	five-branch-k2-slack_two-1	colliding	replay	2	SSSF	0	none
frontier-run-007537	five-branch-k2-slack_two-1	colliding	replay	2	SSF	0	none
frontier-run-007538	five-branch-k2-slack_two-1	colliding	replay	2	SF	0	none
frontier-run-007539	five-branch-k2-slack_two-1	colliding	replay	2	F	0	none
frontier-run-007540	five-branch-k2-slack_two-1	distinct	replay	3	SSSSS	0	none
frontier-run-007541	five-branch-k2-slack_two-1	distinct	replay	3	SSSSFS	0	none
frontier-run-007542	five-branch-k2-slack_two-1	distinct	replay	3	SSSSFF	0	none
frontier-run-007543	five-branch-k2-slack_two-1	distinct	replay	3	SSSFSS	0	none
frontier-run-007544	five-branch-k2-slack_two-1	distinct	replay	3	SSSFSF	0	none
frontier-run-007545	five-branch-k2-slack_two-1	distinct	replay	3	SSSFF	0	none
frontier-run-007546	five-branch-k2-slack_two-1	distinct	replay	3	SSFSSS	0	none
frontier-run-007547	five-branch-k2-slack_two-1	distinct	replay	3	SSFSSF	0	none
frontier-run-007548	five-branch-k2-slack_two-1	distinct	replay	3	SSFSF	0	none
frontier-run-007549	five-branch-k2-slack_two-1	distinct	replay	3	SSFF	0	none
frontier-run-007550	five-branch-k2-slack_two-1	distinct	replay	3	SFSSSS	0	none
frontier-run-007551	five-branch-k2-slack_two-1	distinct	replay	3	SFSSSF	0	none
frontier-run-007552	five-branch-k2-slack_two-1	distinct	replay	3	SFSSF	0	none
frontier-run-007553	five-branch-k2-slack_two-1	distinct	replay	3	SFSF	0	none
frontier-run-007554	five-branch-k2-slack_two-1	distinct	replay	3	SFF	0	none
frontier-run-007555	five-branch-k2-slack_two-1	distinct	replay	3	FSSSSS	0	none
frontier-run-007556	five-branch-k2-slack_two-1	distinct	replay	3	FSSSSF	0	none
frontier-run-007557	five-branch-k2-slack_two-1	distinct	replay	3	FSSSF	0	none
frontier-run-007558	five-branch-k2-slack_two-1	distinct	replay	3	FSSF	0	none
frontier-run-007559	five-branch-k2-slack_two-1	distinct	replay	3	FSF	0	none
frontier-run-007560	five-branch-k2-slack_two-1	distinct	replay	3	FF	0	none
frontier-run-007561	five-branch-k2-slack_two-1	colliding	replay	3	SSSSS	0	none
frontier-run-007562	five-branch-k2-slack_two-1	colliding	replay	3	SSSSFS	0	none
frontier-run-007563	five-branch-k2-slack_two-1	colliding	replay	3	SSSSFF	0	none
frontier-run-007564	five-branch-k2-slack_two-1	colliding	replay	3	SSSFSS	0	none
frontier-run-007565	five-branch-k2-slack_two-1	colliding	replay	3	SSSFSF	0	none
frontier-run-007566	five-branch-k2-slack_two-1	colliding	replay	3	SSSFF	0	none
frontier-run-007567	five-branch-k2-slack_two-1	colliding	replay	3	SSFSSS	0	none
frontier-run-007568	five-branch-k2-slack_two-1	colliding	replay	3	SSFSSF	0	none
frontier-run-007569	five-branch-k2-slack_two-1	colliding	replay	3	SSFSF	0	none
frontier-run-007570	five-branch-k2-slack_two-1	colliding	replay	3	SSFF	0	none
frontier-run-007571	five-branch-k2-slack_two-1	colliding	replay	3	SFSSSS	0	none
frontier-run-007572	five-branch-k2-slack_two-1	colliding	replay	3	SFSSSF	0	none
frontier-run-007573	five-branch-k2-slack_two-1	colliding	replay	3	SFSSF	0	none
frontier-run-007574	five-branch-k2-slack_two-1	colliding	replay	3	SFSF	0	none
frontier-run-007575	five-branch-k2-slack_two-1	colliding	replay	3	SFF	0	none
frontier-run-007576	five-branch-k2-slack_two-1	colliding	replay	3	FSSSSS	0	none
frontier-run-007577	five-branch-k2-slack_two-1	colliding	replay	3	FSSSSF	0	none
frontier-run-007578	five-branch-k2-slack_two-1	colliding	replay	3	FSSSF	0	none
frontier-run-007579	five-branch-k2-slack_two-1	colliding	replay	3	FSSF	0	none
frontier-run-007580	five-branch-k2-slack_two-1	colliding	replay	3	FSF	0	none
frontier-run-007581	five-branch-k2-slack_two-1	colliding	replay	3	FF	0	none
frontier-run-007582	five-branch-k2-slack_two-1	distinct	concurrent	3	-	11	none
frontier-run-007583	five-branch-k2-slack_two-1	distinct	concurrent	3	-	23	none
frontier-run-007584	five-branch-k2-slack_two-1	colliding	concurrent	3	-	11	none
frontier-run-007585	five-branch-k2-slack_two-1	colliding	concurrent	3	-	23	none
frontier-run-007586	five-branch-k2-slack_two-2	distinct	replay	0	SSSSS	0	none
frontier-run-007587	five-branch-k2-slack_two-2	colliding	replay	0	SSSSS	0	none
frontier-run-007588	five-branch-k2-slack_two-2	distinct	replay	1	-	0	none
frontier-run-007589	five-branch-k2-slack_two-2	colliding	replay	1	-	0	none
frontier-run-007590	five-branch-k2-slack_two-2	distinct	replay	2	-	0	none
frontier-run-007591	five-branch-k2-slack_two-2	colliding	replay	2	-	0	none
frontier-run-007592	five-branch-k2-slack_two-2	distinct	replay	3	SSSSS	0	none
frontier-run-007593	five-branch-k2-slack_two-2	distinct	replay	3	SSSSF	0	none
frontier-run-007594	five-branch-k2-slack_two-2	distinct	replay	3	SSSF	0	none
frontier-run-007595	five-branch-k2-slack_two-2	distinct	replay	3	SSF	0	none
frontier-run-007596	five-branch-k2-slack_two-2	distinct	replay	3	SF	0	none
frontier-run-007597	five-branch-k2-slack_two-2	distinct	replay	3	F	0	none
frontier-run-007598	five-branch-k2-slack_two-2	colliding	replay	3	SSSSS	0	none
frontier-run-007599	five-branch-k2-slack_two-2	colliding	replay	3	SSSSF	0	none
frontier-run-007600	five-branch-k2-slack_two-2	colliding	replay	3	SSSF	0	none
frontier-run-007601	five-branch-k2-slack_two-2	colliding	replay	3	SSF	0	none
frontier-run-007602	five-branch-k2-slack_two-2	colliding	replay	3	SF	0	none
frontier-run-007603	five-branch-k2-slack_two-2	colliding	replay	3	F	0	none
frontier-run-007604	five-branch-k2-slack_two-2	distinct	concurrent	3	-	11	none
frontier-run-007605	five-branch-k2-slack_two-2	distinct	concurrent	3	-	23	none
frontier-run-007606	five-branch-k2-slack_two-2	colliding	concurrent	3	-	11	none
frontier-run-007607	five-branch-k2-slack_two-2	colliding	concurrent	3	-	23	none
frontier-run-007608	five-branch-k2-slack_two-3	distinct	replay	0	SSSSS	0	none
frontier-run-007609	five-branch-k2-slack_two-3	colliding	replay	0	SSSSS	0	none
frontier-run-007610	five-branch-k2-slack_two-3	distinct	replay	1	-	0	none
frontier-run-007611	five-branch-k2-slack_two-3	colliding	replay	1	-	0	none
frontier-run-007612	five-branch-k2-slack_two-3	distinct	replay	2	-	0	none
frontier-run-007613	five-branch-k2-slack_two-3	colliding	replay	2	-	0	none
frontier-run-007614	five-branch-k2-slack_two-3	distinct	replay	3	-	0	none
frontier-run-007615	five-branch-k2-slack_two-3	colliding	replay	3	-	0	none
frontier-run-007616	five-branch-k2-slack_two-3	distinct	concurrent	3	-	11	none
frontier-run-007617	five-branch-k2-slack_two-3	distinct	concurrent	3	-	23	none
frontier-run-007618	five-branch-k2-slack_two-3	colliding	concurrent	3	-	11	none
frontier-run-007619	five-branch-k2-slack_two-3	colliding	concurrent	3	-	23	none
frontier-run-007620	five-decreasing-chain-k0-slack_three-0	distinct	replay	0	SSSSS	0	none
frontier-run-007621	five-decreasing-chain-k0-slack_three-0	colliding	replay	0	SSSSS	0	none
frontier-run-007622	five-decreasing-chain-k0-slack_three-0	distinct	replay	1	SSSSS	0	none
frontier-run-007623	five-decreasing-chain-k0-slack_three-0	distinct	replay	1	SSSSFS	0	none
frontier-run-007624	five-decreasing-chain-k0-slack_three-0	distinct	replay	1	SSSFSS	0	none
frontier-run-007625	five-decreasing-chain-k0-slack_three-0	distinct	replay	1	SSFSSS	0	none
frontier-run-007626	five-decreasing-chain-k0-slack_three-0	distinct	replay	1	SFSSSS	0	none
frontier-run-007627	five-decreasing-chain-k0-slack_three-0	distinct	replay	1	FSSSSS	0	none
frontier-run-007628	five-decreasing-chain-k0-slack_three-0	colliding	replay	1	SSSSS	0	none
frontier-run-007629	five-decreasing-chain-k0-slack_three-0	colliding	replay	1	SSSSFS	0	none
frontier-run-007630	five-decreasing-chain-k0-slack_three-0	colliding	replay	1	SSSFSS	0	none
frontier-run-007631	five-decreasing-chain-k0-slack_three-0	colliding	replay	1	SSFSSS	0	none
frontier-run-007632	five-decreasing-chain-k0-slack_three-0	colliding	replay	1	SFSSSS	0	none
frontier-run-007633	five-decreasing-chain-k0-slack_three-0	colliding	replay	1	FSSSSS	0	none
frontier-run-007634	five-decreasing-chain-k0-slack_three-0	distinct	replay	2	SSSSS	0	none
frontier-run-007635	five-decreasing-chain-k0-slack_three-0	distinct	replay	2	SSSSFS	0	none
frontier-run-007636	five-decreasing-chain-k0-slack_three-0	distinct	replay	2	SSSSFFS	0	none
frontier-run-007637	five-decreasing-chain-k0-slack_three-0	distinct	replay	2	SSSFSS	0	none
frontier-run-007638	five-decreasing-chain-k0-slack_three-0	distinct	replay	2	SSSFSFS	0	none
frontier-run-007639	five-decreasing-chain-k0-slack_three-0	distinct	replay	2	SSSFFSS	0	none
frontier-run-007640	five-decreasing-chain-k0-slack_three-0	distinct	replay	2	SSFSSS	0	none
frontier-run-007641	five-decreasing-chain-k0-slack_three-0	distinct	replay	2	SSFSSFS	0	none
frontier-run-007642	five-decreasing-chain-k0-slack_three-0	distinct	replay	2	SSFSFSS	0	none
frontier-run-007643	five-decreasing-chain-k0-slack_three-0	distinct	replay	2	SSFFSSS	0	none
frontier-run-007644	five-decreasing-chain-k0-slack_three-0	distinct	replay	2	SFSSSS	0	none
frontier-run-007645	five-decreasing-chain-k0-slack_three-0	distinct	replay	2	SFSSSFS	0	none
frontier-run-007646	five-decreasing-chain-k0-slack_three-0	distinct	replay	2	SFSSFSS	0	none
frontier-run-007647	five-decreasing-chain-k0-slack_three-0	distinct	replay	2	SFSFSSS	0	none
frontier-run-007648	five-decreasing-chain-k0-slack_three-0	distinct	replay	2	SFFSSSS	0	none
frontier-run-007649	five-decreasing-chain-k0-slack_three-0	distinct	replay	2	FSSSSS	0	none
frontier-run-007650	five-decreasing-chain-k0-slack_three-0	distinct	replay	2	FSSSSFS	0	none
frontier-run-007651	five-decreasing-chain-k0-slack_three-0	distinct	replay	2	FSSSFSS	0	none
frontier-run-007652	five-decreasing-chain-k0-slack_three-0	distinct	replay	2	FSSFSSS	0	none
frontier-run-007653	five-decreasing-chain-k0-slack_three-0	distinct	replay	2	FSFSSSS	0	none
frontier-run-007654	five-decreasing-chain-k0-slack_three-0	distinct	replay	2	FFSSSSS	0	none
frontier-run-007655	five-decreasing-chain-k0-slack_three-0	colliding	replay	2	SSSSS	0	none
frontier-run-007656	five-decreasing-chain-k0-slack_three-0	colliding	replay	2	SSSSFS	0	none
frontier-run-007657	five-decreasing-chain-k0-slack_three-0	colliding	replay	2	SSSSFFS	0	none
frontier-run-007658	five-decreasing-chain-k0-slack_three-0	colliding	replay	2	SSSFSS	0	none
frontier-run-007659	five-decreasing-chain-k0-slack_three-0	colliding	replay	2	SSSFSFS	0	none
frontier-run-007660	five-decreasing-chain-k0-slack_three-0	colliding	replay	2	SSSFFSS	0	none
frontier-run-007661	five-decreasing-chain-k0-slack_three-0	colliding	replay	2	SSFSSS	0	none
frontier-run-007662	five-decreasing-chain-k0-slack_three-0	colliding	replay	2	SSFSSFS	0	none
frontier-run-007663	five-decreasing-chain-k0-slack_three-0	colliding	replay	2	SSFSFSS	0	none
frontier-run-007664	five-decreasing-chain-k0-slack_three-0	colliding	replay	2	SSFFSSS	0	none
frontier-run-007665	five-decreasing-chain-k0-slack_three-0	colliding	replay	2	SFSSSS	0	none
frontier-run-007666	five-decreasing-chain-k0-slack_three-0	colliding	replay	2	SFSSSFS	0	none
frontier-run-007667	five-decreasing-chain-k0-slack_three-0	colliding	replay	2	SFSSFSS	0	none
frontier-run-007668	five-decreasing-chain-k0-slack_three-0	colliding	replay	2	SFSFSSS	0	none
frontier-run-007669	five-decreasing-chain-k0-slack_three-0	colliding	replay	2	SFFSSSS	0	none
frontier-run-007670	five-decreasing-chain-k0-slack_three-0	colliding	replay	2	FSSSSS	0	none
frontier-run-007671	five-decreasing-chain-k0-slack_three-0	colliding	replay	2	FSSSSFS	0	none
frontier-run-007672	five-decreasing-chain-k0-slack_three-0	colliding	replay	2	FSSSFSS	0	none
frontier-run-007673	five-decreasing-chain-k0-slack_three-0	colliding	replay	2	FSSFSSS	0	none
frontier-run-007674	five-decreasing-chain-k0-slack_three-0	colliding	replay	2	FSFSSSS	0	none
frontier-run-007675	five-decreasing-chain-k0-slack_three-0	colliding	replay	2	FFSSSSS	0	none
frontier-run-007676	five-decreasing-chain-k0-slack_three-0	distinct	replay	3	SSSSS	0	none
frontier-run-007677	five-decreasing-chain-k0-slack_three-0	distinct	replay	3	SSSSFS	0	none
frontier-run-007678	five-decreasing-chain-k0-slack_three-0	distinct	replay	3	SSSSFFS	0	none
frontier-run-007679	five-decreasing-chain-k0-slack_three-0	distinct	replay	3	SSSSFFFS	0	none
frontier-run-007680	five-decreasing-chain-k0-slack_three-0	distinct	replay	3	SSSFSS	0	none
frontier-run-007681	five-decreasing-chain-k0-slack_three-0	distinct	replay	3	SSSFSFS	0	none
frontier-run-007682	five-decreasing-chain-k0-slack_three-0	distinct	replay	3	SSSFSFFS	0	none
frontier-run-007683	five-decreasing-chain-k0-slack_three-0	distinct	replay	3	SSSFFSS	0	none
frontier-run-007684	five-decreasing-chain-k0-slack_three-0	distinct	replay	3	SSSFFSFS	0	none
frontier-run-007685	five-decreasing-chain-k0-slack_three-0	distinct	replay	3	SSSFFFSS	0	none
frontier-run-007686	five-decreasing-chain-k0-slack_three-0	distinct	replay	3	SSFSSS	0	none
frontier-run-007687	five-decreasing-chain-k0-slack_three-0	distinct	replay	3	SSFSSFS	0	none
frontier-run-007688	five-decreasing-chain-k0-slack_three-0	distinct	replay	3	SSFSSFFS	0	none
frontier-run-007689	five-decreasing-chain-k0-slack_three-0	distinct	replay	3	SSFSFSS	0	none
frontier-run-007690	five-decreasing-chain-k0-slack_three-0	distinct	replay	3	SSFSFSFS	0	none
frontier-run-007691	five-decreasing-chain-k0-slack_three-0	distinct	replay	3	SSFSFFSS	0	none
frontier-run-007692	five-decreasing-chain-k0-slack_three-0	distinct	replay	3	SSFFSSS	0	none
frontier-run-007693	five-decreasing-chain-k0-slack_three-0	distinct	replay	3	SSFFSSFS	0	none
frontier-run-007694	five-decreasing-chain-k0-slack_three-0	distinct	replay	3	SSFFSFSS	0	none
frontier-run-007695	five-decreasing-chain-k0-slack_three-0	distinct	replay	3	SSFFFSSS	0	none
frontier-run-007696	five-decreasing-chain-k0-slack_three-0	distinct	replay	3	SFSSSS	0	none
frontier-run-007697	five-decreasing-chain-k0-slack_three-0	distinct	replay	3	SFSSSFS	0	none
frontier-run-007698	five-decreasing-chain-k0-slack_three-0	distinct	replay	3	SFSSSFFS	0	none
frontier-run-007699	five-decreasing-chain-k0-slack_three-0	distinct	replay	3	SFSSFSS	0	none
frontier-run-007700	five-decreasing-chain-k0-slack_three-0	distinct	replay	3	SFSSFSFS	0	none
frontier-run-007701	five-decreasing-chain-k0-slack_three-0	distinct	replay	3	SFSSFFSS	0	none
frontier-run-007702	five-decreasing-chain-k0-slack_three-0	distinct	replay	3	SFSFSSS	0	none
frontier-run-007703	five-decreasing-chain-k0-slack_three-0	distinct	replay	3	SFSFSSFS	0	none
frontier-run-007704	five-decreasing-chain-k0-slack_three-0	distinct	replay	3	SFSFSFSS	0	none
frontier-run-007705	five-decreasing-chain-k0-slack_three-0	distinct	replay	3	SFSFFSSS	0	none
frontier-run-007706	five-decreasing-chain-k0-slack_three-0	distinct	replay	3	SFFSSSS	0	none
frontier-run-007707	five-decreasing-chain-k0-slack_three-0	distinct	replay	3	SFFSSSFS	0	none
frontier-run-007708	five-decreasing-chain-k0-slack_three-0	distinct	replay	3	SFFSSFSS	0	none
frontier-run-007709	five-decreasing-chain-k0-slack_three-0	distinct	replay	3	SFFSFSSS	0	none
frontier-run-007710	five-decreasing-chain-k0-slack_three-0	distinct	replay	3	SFFFSSSS	0	none
frontier-run-007711	five-decreasing-chain-k0-slack_three-0	distinct	replay	3	FSSSSS	0	none
frontier-run-007712	five-decreasing-chain-k0-slack_three-0	distinct	replay	3	FSSSSFS	0	none
frontier-run-007713	five-decreasing-chain-k0-slack_three-0	distinct	replay	3	FSSSSFFS	0	none
frontier-run-007714	five-decreasing-chain-k0-slack_three-0	distinct	replay	3	FSSSFSS	0	none
frontier-run-007715	five-decreasing-chain-k0-slack_three-0	distinct	replay	3	FSSSFSFS	0	none
frontier-run-007716	five-decreasing-chain-k0-slack_three-0	distinct	replay	3	FSSSFFSS	0	none
frontier-run-007717	five-decreasing-chain-k0-slack_three-0	distinct	replay	3	FSSFSSS	0	none
frontier-run-007718	five-decreasing-chain-k0-slack_three-0	distinct	replay	3	FSSFSSFS	0	none
frontier-run-007719	five-decreasing-chain-k0-slack_three-0	distinct	replay	3	FSSFSFSS	0	none
frontier-run-007720	five-decreasing-chain-k0-slack_three-0	distinct	replay	3	FSSFFSSS	0	none
frontier-run-007721	five-decreasing-chain-k0-slack_three-0	distinct	replay	3	FSFSSSS	0	none
frontier-run-007722	five-decreasing-chain-k0-slack_three-0	distinct	replay	3	FSFSSSFS	0	none
frontier-run-007723	five-decreasing-chain-k0-slack_three-0	distinct	replay	3	FSFSSFSS	0	none
frontier-run-007724	five-decreasing-chain-k0-slack_three-0	distinct	replay	3	FSFSFSSS	0	none
frontier-run-007725	five-decreasing-chain-k0-slack_three-0	distinct	replay	3	FSFFSSSS	0	none
frontier-run-007726	five-decreasing-chain-k0-slack_three-0	distinct	replay	3	FFSSSSS	0	none
frontier-run-007727	five-decreasing-chain-k0-slack_three-0	distinct	replay	3	FFSSSSFS	0	none
frontier-run-007728	five-decreasing-chain-k0-slack_three-0	distinct	replay	3	FFSSSFSS	0	none
frontier-run-007729	five-decreasing-chain-k0-slack_three-0	distinct	replay	3	FFSSFSSS	0	none
frontier-run-007730	five-decreasing-chain-k0-slack_three-0	distinct	replay	3	FFSFSSSS	0	none
frontier-run-007731	five-decreasing-chain-k0-slack_three-0	distinct	replay	3	FFFSSSSS	0	none
frontier-run-007732	five-decreasing-chain-k0-slack_three-0	colliding	replay	3	SSSSS	0	none
frontier-run-007733	five-decreasing-chain-k0-slack_three-0	colliding	replay	3	SSSSFS	0	none
frontier-run-007734	five-decreasing-chain-k0-slack_three-0	colliding	replay	3	SSSSFFS	0	none
frontier-run-007735	five-decreasing-chain-k0-slack_three-0	colliding	replay	3	SSSSFFFS	0	none
frontier-run-007736	five-decreasing-chain-k0-slack_three-0	colliding	replay	3	SSSFSS	0	none
frontier-run-007737	five-decreasing-chain-k0-slack_three-0	colliding	replay	3	SSSFSFS	0	none
frontier-run-007738	five-decreasing-chain-k0-slack_three-0	colliding	replay	3	SSSFSFFS	0	none
frontier-run-007739	five-decreasing-chain-k0-slack_three-0	colliding	replay	3	SSSFFSS	0	none
frontier-run-007740	five-decreasing-chain-k0-slack_three-0	colliding	replay	3	SSSFFSFS	0	none
frontier-run-007741	five-decreasing-chain-k0-slack_three-0	colliding	replay	3	SSSFFFSS	0	none
frontier-run-007742	five-decreasing-chain-k0-slack_three-0	colliding	replay	3	SSFSSS	0	none
frontier-run-007743	five-decreasing-chain-k0-slack_three-0	colliding	replay	3	SSFSSFS	0	none
frontier-run-007744	five-decreasing-chain-k0-slack_three-0	colliding	replay	3	SSFSSFFS	0	none
frontier-run-007745	five-decreasing-chain-k0-slack_three-0	colliding	replay	3	SSFSFSS	0	none
frontier-run-007746	five-decreasing-chain-k0-slack_three-0	colliding	replay	3	SSFSFSFS	0	none
frontier-run-007747	five-decreasing-chain-k0-slack_three-0	colliding	replay	3	SSFSFFSS	0	none
frontier-run-007748	five-decreasing-chain-k0-slack_three-0	colliding	replay	3	SSFFSSS	0	none
frontier-run-007749	five-decreasing-chain-k0-slack_three-0	colliding	replay	3	SSFFSSFS	0	none
frontier-run-007750	five-decreasing-chain-k0-slack_three-0	colliding	replay	3	SSFFSFSS	0	none
frontier-run-007751	five-decreasing-chain-k0-slack_three-0	colliding	replay	3	SSFFFSSS	0	none
frontier-run-007752	five-decreasing-chain-k0-slack_three-0	colliding	replay	3	SFSSSS	0	none
frontier-run-007753	five-decreasing-chain-k0-slack_three-0	colliding	replay	3	SFSSSFS	0	none
frontier-run-007754	five-decreasing-chain-k0-slack_three-0	colliding	replay	3	SFSSSFFS	0	none
frontier-run-007755	five-decreasing-chain-k0-slack_three-0	colliding	replay	3	SFSSFSS	0	none
frontier-run-007756	five-decreasing-chain-k0-slack_three-0	colliding	replay	3	SFSSFSFS	0	none
frontier-run-007757	five-decreasing-chain-k0-slack_three-0	colliding	replay	3	SFSSFFSS	0	none
frontier-run-007758	five-decreasing-chain-k0-slack_three-0	colliding	replay	3	SFSFSSS	0	none
frontier-run-007759	five-decreasing-chain-k0-slack_three-0	colliding	replay	3	SFSFSSFS	0	none
frontier-run-007760	five-decreasing-chain-k0-slack_three-0	colliding	replay	3	SFSFSFSS	0	none
frontier-run-007761	five-decreasing-chain-k0-slack_three-0	colliding	replay	3	SFSFFSSS	0	none
frontier-run-007762	five-decreasing-chain-k0-slack_three-0	colliding	replay	3	SFFSSSS	0	none
frontier-run-007763	five-decreasing-chain-k0-slack_three-0	colliding	replay	3	SFFSSSFS	0	none
frontier-run-007764	five-decreasing-chain-k0-slack_three-0	colliding	replay	3	SFFSSFSS	0	none
frontier-run-007765	five-decreasing-chain-k0-slack_three-0	colliding	replay	3	SFFSFSSS	0	none
frontier-run-007766	five-decreasing-chain-k0-slack_three-0	colliding	replay	3	SFFFSSSS	0	none
frontier-run-007767	five-decreasing-chain-k0-slack_three-0	colliding	replay	3	FSSSSS	0	none
frontier-run-007768	five-decreasing-chain-k0-slack_three-0	colliding	replay	3	FSSSSFS	0	none
frontier-run-007769	five-decreasing-chain-k0-slack_three-0	colliding	replay	3	FSSSSFFS	0	none
frontier-run-007770	five-decreasing-chain-k0-slack_three-0	colliding	replay	3	FSSSFSS	0	none
frontier-run-007771	five-decreasing-chain-k0-slack_three-0	colliding	replay	3	FSSSFSFS	0	none
frontier-run-007772	five-decreasing-chain-k0-slack_three-0	colliding	replay	3	FSSSFFSS	0	none
frontier-run-007773	five-decreasing-chain-k0-slack_three-0	colliding	replay	3	FSSFSSS	0	none
frontier-run-007774	five-decreasing-chain-k0-slack_three-0	colliding	replay	3	FSSFSSFS	0	none
frontier-run-007775	five-decreasing-chain-k0-slack_three-0	colliding	replay	3	FSSFSFSS	0	none
frontier-run-007776	five-decreasing-chain-k0-slack_three-0	colliding	replay	3	FSSFFSSS	0	none
frontier-run-007777	five-decreasing-chain-k0-slack_three-0	colliding	replay	3	FSFSSSS	0	none
frontier-run-007778	five-decreasing-chain-k0-slack_three-0	colliding	replay	3	FSFSSSFS	0	none
frontier-run-007779	five-decreasing-chain-k0-slack_three-0	colliding	replay	3	FSFSSFSS	0	none
frontier-run-007780	five-decreasing-chain-k0-slack_three-0	colliding	replay	3	FSFSFSSS	0	none
frontier-run-007781	five-decreasing-chain-k0-slack_three-0	colliding	replay	3	FSFFSSSS	0	none
frontier-run-007782	five-decreasing-chain-k0-slack_three-0	colliding	replay	3	FFSSSSS	0	none
frontier-run-007783	five-decreasing-chain-k0-slack_three-0	colliding	replay	3	FFSSSSFS	0	none
frontier-run-007784	five-decreasing-chain-k0-slack_three-0	colliding	replay	3	FFSSSFSS	0	none
frontier-run-007785	five-decreasing-chain-k0-slack_three-0	colliding	replay	3	FFSSFSSS	0	none
frontier-run-007786	five-decreasing-chain-k0-slack_three-0	colliding	replay	3	FFSFSSSS	0	none
frontier-run-007787	five-decreasing-chain-k0-slack_three-0	colliding	replay	3	FFFSSSSS	0	none
frontier-run-007788	five-decreasing-chain-k0-slack_three-0	distinct	concurrent	3	-	11	none
frontier-run-007789	five-decreasing-chain-k0-slack_three-0	distinct	concurrent	3	-	23	none
frontier-run-007790	five-decreasing-chain-k0-slack_three-0	colliding	concurrent	3	-	11	none
frontier-run-007791	five-decreasing-chain-k0-slack_three-0	colliding	concurrent	3	-	23	none
frontier-run-007792	five-decreasing-chain-k0-slack_three-1	distinct	replay	0	SSSSS	0	none
frontier-run-007793	five-decreasing-chain-k0-slack_three-1	colliding	replay	0	SSSSS	0	none
frontier-run-007794	five-decreasing-chain-k0-slack_three-1	distinct	replay	1	SSSSS	0	none
frontier-run-007795	five-decreasing-chain-k0-slack_three-1	distinct	replay	1	SSSSF	0	none
frontier-run-007796	five-decreasing-chain-k0-slack_three-1	distinct	replay	1	SSSFS	0	none
frontier-run-007797	five-decreasing-chain-k0-slack_three-1	distinct	replay	1	SSFSS	0	none
frontier-run-007798	five-decreasing-chain-k0-slack_three-1	distinct	replay	1	SFSSS	0	none
frontier-run-007799	five-decreasing-chain-k0-slack_three-1	distinct	replay	1	FSSSS	0	none
frontier-run-007800	five-decreasing-chain-k0-slack_three-1	colliding	replay	1	SSSSS	0	none
frontier-run-007801	five-decreasing-chain-k0-slack_three-1	colliding	replay	1	SSSSF	0	none
frontier-run-007802	five-decreasing-chain-k0-slack_three-1	colliding	replay	1	SSSFS	0	none
frontier-run-007803	five-decreasing-chain-k0-slack_three-1	colliding	replay	1	SSFSS	0	none
frontier-run-007804	five-decreasing-chain-k0-slack_three-1	colliding	replay	1	SFSSS	0	none
frontier-run-007805	five-decreasing-chain-k0-slack_three-1	colliding	replay	1	FSSSS	0	none
frontier-run-007806	five-decreasing-chain-k0-slack_three-1	distinct	replay	2	SSSSS	0	none
frontier-run-007807	five-decreasing-chain-k0-slack_three-1	distinct	replay	2	SSSSFS	0	none
frontier-run-007808	five-decreasing-chain-k0-slack_three-1	distinct	replay	2	SSSSFF	0	none
frontier-run-007809	five-decreasing-chain-k0-slack_three-1	distinct	replay	2	SSSFSS	0	none
frontier-run-007810	five-decreasing-chain-k0-slack_three-1	distinct	replay	2	SSSFSF	0	none
frontier-run-007811	five-decreasing-chain-k0-slack_three-1	distinct	replay	2	SSSFFS	0	none
frontier-run-007812	five-decreasing-chain-k0-slack_three-1	distinct	replay	2	SSFSSS	0	none
frontier-run-007813	five-decreasing-chain-k0-slack_three-1	distinct	replay	2	SSFSSF	0	none
frontier-run-007814	five-decreasing-chain-k0-slack_three-1	distinct	replay	2	SSFSFS	0	none
frontier-run-007815	five-decreasing-chain-k0-slack_three-1	distinct	replay	2	SSFFSS	0	none
frontier-run-007816	five-decreasing-chain-k0-slack_three-1	distinct	replay	2	SFSSSS	0	none
frontier-run-007817	five-decreasing-chain-k0-slack_three-1	distinct	replay	2	SFSSSF	0	none
frontier-run-007818	five-decreasing-chain-k0-slack_three-1	distinct	replay	2	SFSSFS	0	none
frontier-run-007819	five-decreasing-chain-k0-slack_three-1	distinct	replay	2	SFSFSS	0	none
frontier-run-007820	five-decreasing-chain-k0-slack_three-1	distinct	replay	2	SFFSSS	0	none
frontier-run-007821	five-decreasing-chain-k0-slack_three-1	distinct	replay	2	FSSSSS	0	none
frontier-run-007822	five-decreasing-chain-k0-slack_three-1	distinct	replay	2	FSSSSF	0	none
frontier-run-007823	five-decreasing-chain-k0-slack_three-1	distinct	replay	2	FSSSFS	0	none
frontier-run-007824	five-decreasing-chain-k0-slack_three-1	distinct	replay	2	FSSFSS	0	none
frontier-run-007825	five-decreasing-chain-k0-slack_three-1	distinct	replay	2	FSFSSS	0	none
frontier-run-007826	five-decreasing-chain-k0-slack_three-1	distinct	replay	2	FFSSSS	0	none
frontier-run-007827	five-decreasing-chain-k0-slack_three-1	colliding	replay	2	SSSSS	0	none
frontier-run-007828	five-decreasing-chain-k0-slack_three-1	colliding	replay	2	SSSSFS	0	none
frontier-run-007829	five-decreasing-chain-k0-slack_three-1	colliding	replay	2	SSSSFF	0	none
frontier-run-007830	five-decreasing-chain-k0-slack_three-1	colliding	replay	2	SSSFSS	0	none
frontier-run-007831	five-decreasing-chain-k0-slack_three-1	colliding	replay	2	SSSFSF	0	none
frontier-run-007832	five-decreasing-chain-k0-slack_three-1	colliding	replay	2	SSSFFS	0	none
frontier-run-007833	five-decreasing-chain-k0-slack_three-1	colliding	replay	2	SSFSSS	0	none
frontier-run-007834	five-decreasing-chain-k0-slack_three-1	colliding	replay	2	SSFSSF	0	none
frontier-run-007835	five-decreasing-chain-k0-slack_three-1	colliding	replay	2	SSFSFS	0	none
frontier-run-007836	five-decreasing-chain-k0-slack_three-1	colliding	replay	2	SSFFSS	0	none
frontier-run-007837	five-decreasing-chain-k0-slack_three-1	colliding	replay	2	SFSSSS	0	none
frontier-run-007838	five-decreasing-chain-k0-slack_three-1	colliding	replay	2	SFSSSF	0	none
frontier-run-007839	five-decreasing-chain-k0-slack_three-1	colliding	replay	2	SFSSFS	0	none
frontier-run-007840	five-decreasing-chain-k0-slack_three-1	colliding	replay	2	SFSFSS	0	none
frontier-run-007841	five-decreasing-chain-k0-slack_three-1	colliding	replay	2	SFFSSS	0	none
frontier-run-007842	five-decreasing-chain-k0-slack_three-1	colliding	replay	2	FSSSSS	0	none
frontier-run-007843	five-decreasing-chain-k0-slack_three-1	colliding	replay	2	FSSSSF	0	none
frontier-run-007844	five-decreasing-chain-k0-slack_three-1	colliding	replay	2	FSSSFS	0	none
frontier-run-007845	five-decreasing-chain-k0-slack_three-1	colliding	replay	2	FSSFSS	0	none
frontier-run-007846	five-decreasing-chain-k0-slack_three-1	colliding	replay	2	FSFSSS	0	none
frontier-run-007847	five-decreasing-chain-k0-slack_three-1	colliding	replay	2	FFSSSS	0	none
frontier-run-007848	five-decreasing-chain-k0-slack_three-1	distinct	replay	3	SSSSS	0	none
frontier-run-007849	five-decreasing-chain-k0-slack_three-1	distinct	replay	3	SSSSFS	0	none
frontier-run-007850	five-decreasing-chain-k0-slack_three-1	distinct	replay	3	SSSSFFS	0	none
frontier-run-007851	five-decreasing-chain-k0-slack_three-1	distinct	replay	3	SSSSFFF	0	none
frontier-run-007852	five-decreasing-chain-k0-slack_three-1	distinct	replay	3	SSSFSS	0	none
frontier-run-007853	five-decreasing-chain-k0-slack_three-1	distinct	replay	3	SSSFSFS	0	none
frontier-run-007854	five-decreasing-chain-k0-slack_three-1	distinct	replay	3	SSSFSFF	0	none
frontier-run-007855	five-decreasing-chain-k0-slack_three-1	distinct	replay	3	SSSFFSS	0	none
frontier-run-007856	five-decreasing-chain-k0-slack_three-1	distinct	replay	3	SSSFFSF	0	none
frontier-run-007857	five-decreasing-chain-k0-slack_three-1	distinct	replay	3	SSSFFFS	0	none
frontier-run-007858	five-decreasing-chain-k0-slack_three-1	distinct	replay	3	SSFSSS	0	none
frontier-run-007859	five-decreasing-chain-k0-slack_three-1	distinct	replay	3	SSFSSFS	0	none
frontier-run-007860	five-decreasing-chain-k0-slack_three-1	distinct	replay	3	SSFSSFF	0	none
frontier-run-007861	five-decreasing-chain-k0-slack_three-1	distinct	replay	3	SSFSFSS	0	none
frontier-run-007862	five-decreasing-chain-k0-slack_three-1	distinct	replay	3	SSFSFSF	0	none
frontier-run-007863	five-decreasing-chain-k0-slack_three-1	distinct	replay	3	SSFSFFS	0	none
frontier-run-007864	five-decreasing-chain-k0-slack_three-1	distinct	replay	3	SSFFSSS	0	none
frontier-run-007865	five-decreasing-chain-k0-slack_three-1	distinct	replay	3	SSFFSSF	0	none
frontier-run-007866	five-decreasing-chain-k0-slack_three-1	distinct	replay	3	SSFFSFS	0	none
frontier-run-007867	five-decreasing-chain-k0-slack_three-1	distinct	replay	3	SSFFFSS	0	none
frontier-run-007868	five-decreasing-chain-k0-slack_three-1	distinct	replay	3	SFSSSS	0	none
frontier-run-007869	five-decreasing-chain-k0-slack_three-1	distinct	replay	3	SFSSSFS	0	none
frontier-run-007870	five-decreasing-chain-k0-slack_three-1	distinct	replay	3	SFSSSFF	0	none
frontier-run-007871	five-decreasing-chain-k0-slack_three-1	distinct	replay	3	SFSSFSS	0	none
frontier-run-007872	five-decreasing-chain-k0-slack_three-1	distinct	replay	3	SFSSFSF	0	none
frontier-run-007873	five-decreasing-chain-k0-slack_three-1	distinct	replay	3	SFSSFFS	0	none
frontier-run-007874	five-decreasing-chain-k0-slack_three-1	distinct	replay	3	SFSFSSS	0	none
frontier-run-007875	five-decreasing-chain-k0-slack_three-1	distinct	replay	3	SFSFSSF	0	none
frontier-run-007876	five-decreasing-chain-k0-slack_three-1	distinct	replay	3	SFSFSFS	0	none
frontier-run-007877	five-decreasing-chain-k0-slack_three-1	distinct	replay	3	SFSFFSS	0	none
frontier-run-007878	five-decreasing-chain-k0-slack_three-1	distinct	replay	3	SFFSSSS	0	none
frontier-run-007879	five-decreasing-chain-k0-slack_three-1	distinct	replay	3	SFFSSSF	0	none
frontier-run-007880	five-decreasing-chain-k0-slack_three-1	distinct	replay	3	SFFSSFS	0	none
frontier-run-007881	five-decreasing-chain-k0-slack_three-1	distinct	replay	3	SFFSFSS	0	none
frontier-run-007882	five-decreasing-chain-k0-slack_three-1	distinct	replay	3	SFFFSSS	0	none
frontier-run-007883	five-decreasing-chain-k0-slack_three-1	distinct	replay	3	FSSSSS	0	none
frontier-run-007884	five-decreasing-chain-k0-slack_three-1	distinct	replay	3	FSSSSFS	0	none
frontier-run-007885	five-decreasing-chain-k0-slack_three-1	distinct	replay	3	FSSSSFF	0	none
frontier-run-007886	five-decreasing-chain-k0-slack_three-1	distinct	replay	3	FSSSFSS	0	none
frontier-run-007887	five-decreasing-chain-k0-slack_three-1	distinct	replay	3	FSSSFSF	0	none
frontier-run-007888	five-decreasing-chain-k0-slack_three-1	distinct	replay	3	FSSSFFS	0	none
frontier-run-007889	five-decreasing-chain-k0-slack_three-1	distinct	replay	3	FSSFSSS	0	none
frontier-run-007890	five-decreasing-chain-k0-slack_three-1	distinct	replay	3	FSSFSSF	0	none
frontier-run-007891	five-decreasing-chain-k0-slack_three-1	distinct	replay	3	FSSFSFS	0	none
frontier-run-007892	five-decreasing-chain-k0-slack_three-1	distinct	replay	3	FSSFFSS	0	none
frontier-run-007893	five-decreasing-chain-k0-slack_three-1	distinct	replay	3	FSFSSSS	0	none
frontier-run-007894	five-decreasing-chain-k0-slack_three-1	distinct	replay	3	FSFSSSF	0	none
frontier-run-007895	five-decreasing-chain-k0-slack_three-1	distinct	replay	3	FSFSSFS	0	none
frontier-run-007896	five-decreasing-chain-k0-slack_three-1	distinct	replay	3	FSFSFSS	0	none
frontier-run-007897	five-decreasing-chain-k0-slack_three-1	distinct	replay	3	FSFFSSS	0	none
frontier-run-007898	five-decreasing-chain-k0-slack_three-1	distinct	replay	3	FFSSSSS	0	none
frontier-run-007899	five-decreasing-chain-k0-slack_three-1	distinct	replay	3	FFSSSSF	0	none
frontier-run-007900	five-decreasing-chain-k0-slack_three-1	distinct	replay	3	FFSSSFS	0	none
frontier-run-007901	five-decreasing-chain-k0-slack_three-1	distinct	replay	3	FFSSFSS	0	none
frontier-run-007902	five-decreasing-chain-k0-slack_three-1	distinct	replay	3	FFSFSSS	0	none
frontier-run-007903	five-decreasing-chain-k0-slack_three-1	distinct	replay	3	FFFSSSS	0	none
frontier-run-007904	five-decreasing-chain-k0-slack_three-1	colliding	replay	3	SSSSS	0	none
frontier-run-007905	five-decreasing-chain-k0-slack_three-1	colliding	replay	3	SSSSFS	0	none
frontier-run-007906	five-decreasing-chain-k0-slack_three-1	colliding	replay	3	SSSSFFS	0	none
frontier-run-007907	five-decreasing-chain-k0-slack_three-1	colliding	replay	3	SSSSFFF	0	none
frontier-run-007908	five-decreasing-chain-k0-slack_three-1	colliding	replay	3	SSSFSS	0	none
frontier-run-007909	five-decreasing-chain-k0-slack_three-1	colliding	replay	3	SSSFSFS	0	none
frontier-run-007910	five-decreasing-chain-k0-slack_three-1	colliding	replay	3	SSSFSFF	0	none
frontier-run-007911	five-decreasing-chain-k0-slack_three-1	colliding	replay	3	SSSFFSS	0	none
frontier-run-007912	five-decreasing-chain-k0-slack_three-1	colliding	replay	3	SSSFFSF	0	none
frontier-run-007913	five-decreasing-chain-k0-slack_three-1	colliding	replay	3	SSSFFFS	0	none
frontier-run-007914	five-decreasing-chain-k0-slack_three-1	colliding	replay	3	SSFSSS	0	none
frontier-run-007915	five-decreasing-chain-k0-slack_three-1	colliding	replay	3	SSFSSFS	0	none
frontier-run-007916	five-decreasing-chain-k0-slack_three-1	colliding	replay	3	SSFSSFF	0	none
frontier-run-007917	five-decreasing-chain-k0-slack_three-1	colliding	replay	3	SSFSFSS	0	none
frontier-run-007918	five-decreasing-chain-k0-slack_three-1	colliding	replay	3	SSFSFSF	0	none
frontier-run-007919	five-decreasing-chain-k0-slack_three-1	colliding	replay	3	SSFSFFS	0	none
frontier-run-007920	five-decreasing-chain-k0-slack_three-1	colliding	replay	3	SSFFSSS	0	none
frontier-run-007921	five-decreasing-chain-k0-slack_three-1	colliding	replay	3	SSFFSSF	0	none
frontier-run-007922	five-decreasing-chain-k0-slack_three-1	colliding	replay	3	SSFFSFS	0	none
frontier-run-007923	five-decreasing-chain-k0-slack_three-1	colliding	replay	3	SSFFFSS	0	none
frontier-run-007924	five-decreasing-chain-k0-slack_three-1	colliding	replay	3	SFSSSS	0	none
frontier-run-007925	five-decreasing-chain-k0-slack_three-1	colliding	replay	3	SFSSSFS	0	none
frontier-run-007926	five-decreasing-chain-k0-slack_three-1	colliding	replay	3	SFSSSFF	0	none
frontier-run-007927	five-decreasing-chain-k0-slack_three-1	colliding	replay	3	SFSSFSS	0	none
frontier-run-007928	five-decreasing-chain-k0-slack_three-1	colliding	replay	3	SFSSFSF	0	none
frontier-run-007929	five-decreasing-chain-k0-slack_three-1	colliding	replay	3	SFSSFFS	0	none
frontier-run-007930	five-decreasing-chain-k0-slack_three-1	colliding	replay	3	SFSFSSS	0	none
frontier-run-007931	five-decreasing-chain-k0-slack_three-1	colliding	replay	3	SFSFSSF	0	none
frontier-run-007932	five-decreasing-chain-k0-slack_three-1	colliding	replay	3	SFSFSFS	0	none
frontier-run-007933	five-decreasing-chain-k0-slack_three-1	colliding	replay	3	SFSFFSS	0	none
frontier-run-007934	five-decreasing-chain-k0-slack_three-1	colliding	replay	3	SFFSSSS	0	none
frontier-run-007935	five-decreasing-chain-k0-slack_three-1	colliding	replay	3	SFFSSSF	0	none
frontier-run-007936	five-decreasing-chain-k0-slack_three-1	colliding	replay	3	SFFSSFS	0	none
frontier-run-007937	five-decreasing-chain-k0-slack_three-1	colliding	replay	3	SFFSFSS	0	none
frontier-run-007938	five-decreasing-chain-k0-slack_three-1	colliding	replay	3	SFFFSSS	0	none
frontier-run-007939	five-decreasing-chain-k0-slack_three-1	colliding	replay	3	FSSSSS	0	none
frontier-run-007940	five-decreasing-chain-k0-slack_three-1	colliding	replay	3	FSSSSFS	0	none
frontier-run-007941	five-decreasing-chain-k0-slack_three-1	colliding	replay	3	FSSSSFF	0	none
frontier-run-007942	five-decreasing-chain-k0-slack_three-1	colliding	replay	3	FSSSFSS	0	none
frontier-run-007943	five-decreasing-chain-k0-slack_three-1	colliding	replay	3	FSSSFSF	0	none
frontier-run-007944	five-decreasing-chain-k0-slack_three-1	colliding	replay	3	FSSSFFS	0	none
frontier-run-007945	five-decreasing-chain-k0-slack_three-1	colliding	replay	3	FSSFSSS	0	none
frontier-run-007946	five-decreasing-chain-k0-slack_three-1	colliding	replay	3	FSSFSSF	0	none
frontier-run-007947	five-decreasing-chain-k0-slack_three-1	colliding	replay	3	FSSFSFS	0	none
frontier-run-007948	five-decreasing-chain-k0-slack_three-1	colliding	replay	3	FSSFFSS	0	none
frontier-run-007949	five-decreasing-chain-k0-slack_three-1	colliding	replay	3	FSFSSSS	0	none
frontier-run-007950	five-decreasing-chain-k0-slack_three-1	colliding	replay	3	FSFSSSF	0	none
frontier-run-007951	five-decreasing-chain-k0-slack_three-1	colliding	replay	3	FSFSSFS	0	none
frontier-run-007952	five-decreasing-chain-k0-slack_three-1	colliding	replay	3	FSFSFSS	0	none
frontier-run-007953	five-decreasing-chain-k0-slack_three-1	colliding	replay	3	FSFFSSS	0	none
frontier-run-007954	five-decreasing-chain-k0-slack_three-1	colliding	replay	3	FFSSSSS	0	none
frontier-run-007955	five-decreasing-chain-k0-slack_three-1	colliding	replay	3	FFSSSSF	0	none
frontier-run-007956	five-decreasing-chain-k0-slack_three-1	colliding	replay	3	FFSSSFS	0	none
frontier-run-007957	five-decreasing-chain-k0-slack_three-1	colliding	replay	3	FFSSFSS	0	none
frontier-run-007958	five-decreasing-chain-k0-slack_three-1	colliding	replay	3	FFSFSSS	0	none
frontier-run-007959	five-decreasing-chain-k0-slack_three-1	colliding	replay	3	FFFSSSS	0	none
frontier-run-007960	five-decreasing-chain-k0-slack_three-1	distinct	concurrent	3	-	11	none
frontier-run-007961	five-decreasing-chain-k0-slack_three-1	distinct	concurrent	3	-	23	none
frontier-run-007962	five-decreasing-chain-k0-slack_three-1	colliding	concurrent	3	-	11	none
frontier-run-007963	five-decreasing-chain-k0-slack_three-1	colliding	concurrent	3	-	23	none
frontier-run-007964	five-decreasing-chain-k0-slack_three-2	distinct	replay	0	SSSSS	0	none
frontier-run-007965	five-decreasing-chain-k0-slack_three-2	colliding	replay	0	SSSSS	0	none
frontier-run-007966	five-decreasing-chain-k0-slack_three-2	distinct	replay	1	SSSSS	0	none
frontier-run-007967	five-decreasing-chain-k0-slack_three-2	distinct	replay	1	SSSSF	0	none
frontier-run-007968	five-decreasing-chain-k0-slack_three-2	distinct	replay	1	SSSFS	0	none
frontier-run-007969	five-decreasing-chain-k0-slack_three-2	distinct	replay	1	SSFSS	0	none
frontier-run-007970	five-decreasing-chain-k0-slack_three-2	distinct	replay	1	SFSSS	0	none
frontier-run-007971	five-decreasing-chain-k0-slack_three-2	distinct	replay	1	FSSSS	0	none
frontier-run-007972	five-decreasing-chain-k0-slack_three-2	colliding	replay	1	SSSSS	0	none
frontier-run-007973	five-decreasing-chain-k0-slack_three-2	colliding	replay	1	SSSSF	0	none
frontier-run-007974	five-decreasing-chain-k0-slack_three-2	colliding	replay	1	SSSFS	0	none
frontier-run-007975	five-decreasing-chain-k0-slack_three-2	colliding	replay	1	SSFSS	0	none
frontier-run-007976	five-decreasing-chain-k0-slack_three-2	colliding	replay	1	SFSSS	0	none
frontier-run-007977	five-decreasing-chain-k0-slack_three-2	colliding	replay	1	FSSSS	0	none
frontier-run-007978	five-decreasing-chain-k0-slack_three-2	distinct	replay	2	SSSSS	0	none
frontier-run-007979	five-decreasing-chain-k0-slack_three-2	distinct	replay	2	SSSSF	0	none
frontier-run-007980	five-decreasing-chain-k0-slack_three-2	distinct	replay	2	SSSFS	0	none
frontier-run-007981	five-decreasing-chain-k0-slack_three-2	distinct	replay	2	SSSFF	0	none
frontier-run-007982	five-decreasing-chain-k0-slack_three-2	distinct	replay	2	SSFSS	0	none
frontier-run-007983	five-decreasing-chain-k0-slack_three-2	distinct	replay	2	SSFSF	0	none
frontier-run-007984	five-decreasing-chain-k0-slack_three-2	distinct	replay	2	SSFFS	0	none
frontier-run-007985	five-decreasing-chain-k0-slack_three-2	distinct	replay	2	SFSSS	0	none
frontier-run-007986	five-decreasing-chain-k0-slack_three-2	distinct	replay	2	SFSSF	0	none
frontier-run-007987	five-decreasing-chain-k0-slack_three-2	distinct	replay	2	SFSFS	0	none
frontier-run-007988	five-decreasing-chain-k0-slack_three-2	distinct	replay	2	SFFSS	0	none
frontier-run-007989	five-decreasing-chain-k0-slack_three-2	distinct	replay	2	FSSSS	0	none
frontier-run-007990	five-decreasing-chain-k0-slack_three-2	distinct	replay	2	FSSSF	0	none
frontier-run-007991	five-decreasing-chain-k0-slack_three-2	distinct	replay	2	FSSFS	0	none
frontier-run-007992	five-decreasing-chain-k0-slack_three-2	distinct	replay	2	FSFSS	0	none
frontier-run-007993	five-decreasing-chain-k0-slack_three-2	distinct	replay	2	FFSSS	0	none
frontier-run-007994	five-decreasing-chain-k0-slack_three-2	colliding	replay	2	SSSSS	0	none
frontier-run-007995	five-decreasing-chain-k0-slack_three-2	colliding	replay	2	SSSSF	0	none
frontier-run-007996	five-decreasing-chain-k0-slack_three-2	colliding	replay	2	SSSFS	0	none
frontier-run-007997	five-decreasing-chain-k0-slack_three-2	colliding	replay	2	SSSFF	0	none
frontier-run-007998	five-decreasing-chain-k0-slack_three-2	colliding	replay	2	SSFSS	0	none
frontier-run-007999	five-decreasing-chain-k0-slack_three-2	colliding	replay	2	SSFSF	0	none
frontier-run-008000	five-decreasing-chain-k0-slack_three-2	colliding	replay	2	SSFFS	0	none
frontier-run-008001	five-decreasing-chain-k0-slack_three-2	colliding	replay	2	SFSSS	0	none
frontier-run-008002	five-decreasing-chain-k0-slack_three-2	colliding	replay	2	SFSSF	0	none
frontier-run-008003	five-decreasing-chain-k0-slack_three-2	colliding	replay	2	SFSFS	0	none
frontier-run-008004	five-decreasing-chain-k0-slack_three-2	colliding	replay	2	SFFSS	0	none
frontier-run-008005	five-decreasing-chain-k0-slack_three-2	colliding	replay	2	FSSSS	0	none
frontier-run-008006	five-decreasing-chain-k0-slack_three-2	colliding	replay	2	FSSSF	0	none
frontier-run-008007	five-decreasing-chain-k0-slack_three-2	colliding	replay	2	FSSFS	0	none
frontier-run-008008	five-decreasing-chain-k0-slack_three-2	colliding	replay	2	FSFSS	0	none
frontier-run-008009	five-decreasing-chain-k0-slack_three-2	colliding	replay	2	FFSSS	0	none
frontier-run-008010	five-decreasing-chain-k0-slack_three-2	distinct	replay	3	SSSSS	0	none
frontier-run-008011	five-decreasing-chain-k0-slack_three-2	distinct	replay	3	SSSSFS	0	none
frontier-run-008012	five-decreasing-chain-k0-slack_three-2	distinct	replay	3	SSSSFF	0	none
frontier-run-008013	five-decreasing-chain-k0-slack_three-2	distinct	replay	3	SSSFSS	0	none
frontier-run-008014	five-decreasing-chain-k0-slack_three-2	distinct	replay	3	SSSFSF	0	none
frontier-run-008015	five-decreasing-chain-k0-slack_three-2	distinct	replay	3	SSSFFS	0	none
frontier-run-008016	five-decreasing-chain-k0-slack_three-2	distinct	replay	3	SSSFFF	0	none
frontier-run-008017	five-decreasing-chain-k0-slack_three-2	distinct	replay	3	SSFSSS	0	none
frontier-run-008018	five-decreasing-chain-k0-slack_three-2	distinct	replay	3	SSFSSF	0	none
frontier-run-008019	five-decreasing-chain-k0-slack_three-2	distinct	replay	3	SSFSFS	0	none
frontier-run-008020	five-decreasing-chain-k0-slack_three-2	distinct	replay	3	SSFSFF	0	none
frontier-run-008021	five-decreasing-chain-k0-slack_three-2	distinct	replay	3	SSFFSS	0	none
frontier-run-008022	five-decreasing-chain-k0-slack_three-2	distinct	replay	3	SSFFSF	0	none
frontier-run-008023	five-decreasing-chain-k0-slack_three-2	distinct	replay	3	SSFFFS	0	none
frontier-run-008024	five-decreasing-chain-k0-slack_three-2	distinct	replay	3	SFSSSS	0	none
frontier-run-008025	five-decreasing-chain-k0-slack_three-2	distinct	replay	3	SFSSSF	0	none
frontier-run-008026	five-decreasing-chain-k0-slack_three-2	distinct	replay	3	SFSSFS	0	none
frontier-run-008027	five-decreasing-chain-k0-slack_three-2	distinct	replay	3	SFSSFF	0	none
frontier-run-008028	five-decreasing-chain-k0-slack_three-2	distinct	replay	3	SFSFSS	0	none
frontier-run-008029	five-decreasing-chain-k0-slack_three-2	distinct	replay	3	SFSFSF	0	none
frontier-run-008030	five-decreasing-chain-k0-slack_three-2	distinct	replay	3	SFSFFS	0	none
frontier-run-008031	five-decreasing-chain-k0-slack_three-2	distinct	replay	3	SFFSSS	0	none
frontier-run-008032	five-decreasing-chain-k0-slack_three-2	distinct	replay	3	SFFSSF	0	none
frontier-run-008033	five-decreasing-chain-k0-slack_three-2	distinct	replay	3	SFFSFS	0	none
frontier-run-008034	five-decreasing-chain-k0-slack_three-2	distinct	replay	3	SFFFSS	0	none
frontier-run-008035	five-decreasing-chain-k0-slack_three-2	distinct	replay	3	FSSSSS	0	none
frontier-run-008036	five-decreasing-chain-k0-slack_three-2	distinct	replay	3	FSSSSF	0	none
frontier-run-008037	five-decreasing-chain-k0-slack_three-2	distinct	replay	3	FSSSFS	0	none
frontier-run-008038	five-decreasing-chain-k0-slack_three-2	distinct	replay	3	FSSSFF	0	none
frontier-run-008039	five-decreasing-chain-k0-slack_three-2	distinct	replay	3	FSSFSS	0	none
frontier-run-008040	five-decreasing-chain-k0-slack_three-2	distinct	replay	3	FSSFSF	0	none
frontier-run-008041	five-decreasing-chain-k0-slack_three-2	distinct	replay	3	FSSFFS	0	none
frontier-run-008042	five-decreasing-chain-k0-slack_three-2	distinct	replay	3	FSFSSS	0	none
frontier-run-008043	five-decreasing-chain-k0-slack_three-2	distinct	replay	3	FSFSSF	0	none
frontier-run-008044	five-decreasing-chain-k0-slack_three-2	distinct	replay	3	FSFSFS	0	none
frontier-run-008045	five-decreasing-chain-k0-slack_three-2	distinct	replay	3	FSFFSS	0	none
frontier-run-008046	five-decreasing-chain-k0-slack_three-2	distinct	replay	3	FFSSSS	0	none
frontier-run-008047	five-decreasing-chain-k0-slack_three-2	distinct	replay	3	FFSSSF	0	none
frontier-run-008048	five-decreasing-chain-k0-slack_three-2	distinct	replay	3	FFSSFS	0	none
frontier-run-008049	five-decreasing-chain-k0-slack_three-2	distinct	replay	3	FFSFSS	0	none
frontier-run-008050	five-decreasing-chain-k0-slack_three-2	distinct	replay	3	FFFSSS	0	none
frontier-run-008051	five-decreasing-chain-k0-slack_three-2	colliding	replay	3	SSSSS	0	none
frontier-run-008052	five-decreasing-chain-k0-slack_three-2	colliding	replay	3	SSSSFS	0	none
frontier-run-008053	five-decreasing-chain-k0-slack_three-2	colliding	replay	3	SSSSFF	0	none
frontier-run-008054	five-decreasing-chain-k0-slack_three-2	colliding	replay	3	SSSFSS	0	none
frontier-run-008055	five-decreasing-chain-k0-slack_three-2	colliding	replay	3	SSSFSF	0	none
frontier-run-008056	five-decreasing-chain-k0-slack_three-2	colliding	replay	3	SSSFFS	0	none
frontier-run-008057	five-decreasing-chain-k0-slack_three-2	colliding	replay	3	SSSFFF	0	none
frontier-run-008058	five-decreasing-chain-k0-slack_three-2	colliding	replay	3	SSFSSS	0	none
frontier-run-008059	five-decreasing-chain-k0-slack_three-2	colliding	replay	3	SSFSSF	0	none
frontier-run-008060	five-decreasing-chain-k0-slack_three-2	colliding	replay	3	SSFSFS	0	none
frontier-run-008061	five-decreasing-chain-k0-slack_three-2	colliding	replay	3	SSFSFF	0	none
frontier-run-008062	five-decreasing-chain-k0-slack_three-2	colliding	replay	3	SSFFSS	0	none
frontier-run-008063	five-decreasing-chain-k0-slack_three-2	colliding	replay	3	SSFFSF	0	none
frontier-run-008064	five-decreasing-chain-k0-slack_three-2	colliding	replay	3	SSFFFS	0	none
frontier-run-008065	five-decreasing-chain-k0-slack_three-2	colliding	replay	3	SFSSSS	0	none
frontier-run-008066	five-decreasing-chain-k0-slack_three-2	colliding	replay	3	SFSSSF	0	none
frontier-run-008067	five-decreasing-chain-k0-slack_three-2	colliding	replay	3	SFSSFS	0	none
frontier-run-008068	five-decreasing-chain-k0-slack_three-2	colliding	replay	3	SFSSFF	0	none
frontier-run-008069	five-decreasing-chain-k0-slack_three-2	colliding	replay	3	SFSFSS	0	none
frontier-run-008070	five-decreasing-chain-k0-slack_three-2	colliding	replay	3	SFSFSF	0	none
frontier-run-008071	five-decreasing-chain-k0-slack_three-2	colliding	replay	3	SFSFFS	0	none
frontier-run-008072	five-decreasing-chain-k0-slack_three-2	colliding	replay	3	SFFSSS	0	none
frontier-run-008073	five-decreasing-chain-k0-slack_three-2	colliding	replay	3	SFFSSF	0	none
frontier-run-008074	five-decreasing-chain-k0-slack_three-2	colliding	replay	3	SFFSFS	0	none
frontier-run-008075	five-decreasing-chain-k0-slack_three-2	colliding	replay	3	SFFFSS	0	none
frontier-run-008076	five-decreasing-chain-k0-slack_three-2	colliding	replay	3	FSSSSS	0	none
frontier-run-008077	five-decreasing-chain-k0-slack_three-2	colliding	replay	3	FSSSSF	0	none
frontier-run-008078	five-decreasing-chain-k0-slack_three-2	colliding	replay	3	FSSSFS	0	none
frontier-run-008079	five-decreasing-chain-k0-slack_three-2	colliding	replay	3	FSSSFF	0	none
frontier-run-008080	five-decreasing-chain-k0-slack_three-2	colliding	replay	3	FSSFSS	0	none
frontier-run-008081	five-decreasing-chain-k0-slack_three-2	colliding	replay	3	FSSFSF	0	none
frontier-run-008082	five-decreasing-chain-k0-slack_three-2	colliding	replay	3	FSSFFS	0	none
frontier-run-008083	five-decreasing-chain-k0-slack_three-2	colliding	replay	3	FSFSSS	0	none
frontier-run-008084	five-decreasing-chain-k0-slack_three-2	colliding	replay	3	FSFSSF	0	none
frontier-run-008085	five-decreasing-chain-k0-slack_three-2	colliding	replay	3	FSFSFS	0	none
frontier-run-008086	five-decreasing-chain-k0-slack_three-2	colliding	replay	3	FSFFSS	0	none
frontier-run-008087	five-decreasing-chain-k0-slack_three-2	colliding	replay	3	FFSSSS	0	none
frontier-run-008088	five-decreasing-chain-k0-slack_three-2	colliding	replay	3	FFSSSF	0	none
frontier-run-008089	five-decreasing-chain-k0-slack_three-2	colliding	replay	3	FFSSFS	0	none
frontier-run-008090	five-decreasing-chain-k0-slack_three-2	colliding	replay	3	FFSFSS	0	none
frontier-run-008091	five-decreasing-chain-k0-slack_three-2	colliding	replay	3	FFFSSS	0	none
frontier-run-008092	five-decreasing-chain-k0-slack_three-2	distinct	concurrent	3	-	11	none
frontier-run-008093	five-decreasing-chain-k0-slack_three-2	distinct	concurrent	3	-	23	none
frontier-run-008094	five-decreasing-chain-k0-slack_three-2	colliding	concurrent	3	-	11	none
frontier-run-008095	five-decreasing-chain-k0-slack_three-2	colliding	concurrent	3	-	23	none
frontier-run-008096	five-decreasing-chain-k0-slack_three-3	distinct	replay	0	SSSSS	0	none
frontier-run-008097	five-decreasing-chain-k0-slack_three-3	colliding	replay	0	SSSSS	0	none
frontier-run-008098	five-decreasing-chain-k0-slack_three-3	distinct	replay	1	SSSSS	0	none
frontier-run-008099	five-decreasing-chain-k0-slack_three-3	distinct	replay	1	SSSSF	0	none
frontier-run-008100	five-decreasing-chain-k0-slack_three-3	distinct	replay	1	SSSFS	0	none
frontier-run-008101	five-decreasing-chain-k0-slack_three-3	distinct	replay	1	SSFSS	0	none
frontier-run-008102	five-decreasing-chain-k0-slack_three-3	distinct	replay	1	SFSSS	0	none
frontier-run-008103	five-decreasing-chain-k0-slack_three-3	distinct	replay	1	FSSSS	0	none
frontier-run-008104	five-decreasing-chain-k0-slack_three-3	colliding	replay	1	SSSSS	0	none
frontier-run-008105	five-decreasing-chain-k0-slack_three-3	colliding	replay	1	SSSSF	0	none
frontier-run-008106	five-decreasing-chain-k0-slack_three-3	colliding	replay	1	SSSFS	0	none
frontier-run-008107	five-decreasing-chain-k0-slack_three-3	colliding	replay	1	SSFSS	0	none
frontier-run-008108	five-decreasing-chain-k0-slack_three-3	colliding	replay	1	SFSSS	0	none
frontier-run-008109	five-decreasing-chain-k0-slack_three-3	colliding	replay	1	FSSSS	0	none
frontier-run-008110	five-decreasing-chain-k0-slack_three-3	distinct	replay	2	SSSSS	0	none
frontier-run-008111	five-decreasing-chain-k0-slack_three-3	distinct	replay	2	SSSSF	0	none
frontier-run-008112	five-decreasing-chain-k0-slack_three-3	distinct	replay	2	SSSFS	0	none
frontier-run-008113	five-decreasing-chain-k0-slack_three-3	distinct	replay	2	SSSFF	0	none
frontier-run-008114	five-decreasing-chain-k0-slack_three-3	distinct	replay	2	SSFSS	0	none
frontier-run-008115	five-decreasing-chain-k0-slack_three-3	distinct	replay	2	SSFSF	0	none
frontier-run-008116	five-decreasing-chain-k0-slack_three-3	distinct	replay	2	SSFFS	0	none
frontier-run-008117	five-decreasing-chain-k0-slack_three-3	distinct	replay	2	SFSSS	0	none
frontier-run-008118	five-decreasing-chain-k0-slack_three-3	distinct	replay	2	SFSSF	0	none
frontier-run-008119	five-decreasing-chain-k0-slack_three-3	distinct	replay	2	SFSFS	0	none
frontier-run-008120	five-decreasing-chain-k0-slack_three-3	distinct	replay	2	SFFSS	0	none
frontier-run-008121	five-decreasing-chain-k0-slack_three-3	distinct	replay	2	FSSSS	0	none
frontier-run-008122	five-decreasing-chain-k0-slack_three-3	distinct	replay	2	FSSSF	0	none
frontier-run-008123	five-decreasing-chain-k0-slack_three-3	distinct	replay	2	FSSFS	0	none
frontier-run-008124	five-decreasing-chain-k0-slack_three-3	distinct	replay	2	FSFSS	0	none
frontier-run-008125	five-decreasing-chain-k0-slack_three-3	distinct	replay	2	FFSSS	0	none
frontier-run-008126	five-decreasing-chain-k0-slack_three-3	colliding	replay	2	SSSSS	0	none
frontier-run-008127	five-decreasing-chain-k0-slack_three-3	colliding	replay	2	SSSSF	0	none
frontier-run-008128	five-decreasing-chain-k0-slack_three-3	colliding	replay	2	SSSFS	0	none
frontier-run-008129	five-decreasing-chain-k0-slack_three-3	colliding	replay	2	SSSFF	0	none
frontier-run-008130	five-decreasing-chain-k0-slack_three-3	colliding	replay	2	SSFSS	0	none
frontier-run-008131	five-decreasing-chain-k0-slack_three-3	colliding	replay	2	SSFSF	0	none
frontier-run-008132	five-decreasing-chain-k0-slack_three-3	colliding	replay	2	SSFFS	0	none
frontier-run-008133	five-decreasing-chain-k0-slack_three-3	colliding	replay	2	SFSSS	0	none
frontier-run-008134	five-decreasing-chain-k0-slack_three-3	colliding	replay	2	SFSSF	0	none
frontier-run-008135	five-decreasing-chain-k0-slack_three-3	colliding	replay	2	SFSFS	0	none
frontier-run-008136	five-decreasing-chain-k0-slack_three-3	colliding	replay	2	SFFSS	0	none
frontier-run-008137	five-decreasing-chain-k0-slack_three-3	colliding	replay	2	FSSSS	0	none
frontier-run-008138	five-decreasing-chain-k0-slack_three-3	colliding	replay	2	FSSSF	0	none
frontier-run-008139	five-decreasing-chain-k0-slack_three-3	colliding	replay	2	FSSFS	0	none
frontier-run-008140	five-decreasing-chain-k0-slack_three-3	colliding	replay	2	FSFSS	0	none
frontier-run-008141	five-decreasing-chain-k0-slack_three-3	colliding	replay	2	FFSSS	0	none
frontier-run-008142	five-decreasing-chain-k0-slack_three-3	distinct	replay	3	SSSSS	0	none
frontier-run-008143	five-decreasing-chain-k0-slack_three-3	distinct	replay	3	SSSSF	0	none
frontier-run-008144	five-decreasing-chain-k0-slack_three-3	distinct	replay	3	SSSFS	0	none
frontier-run-008145	five-decreasing-chain-k0-slack_three-3	distinct	replay	3	SSSFF	0	none
frontier-run-008146	five-decreasing-chain-k0-slack_three-3	distinct	replay	3	SSFSS	0	none
frontier-run-008147	five-decreasing-chain-k0-slack_three-3	distinct	replay	3	SSFSF	0	none
frontier-run-008148	five-decreasing-chain-k0-slack_three-3	distinct	replay	3	SSFFS	0	none
frontier-run-008149	five-decreasing-chain-k0-slack_three-3	distinct	replay	3	SSFFF	0	none
frontier-run-008150	five-decreasing-chain-k0-slack_three-3	distinct	replay	3	SFSSS	0	none
frontier-run-008151	five-decreasing-chain-k0-slack_three-3	distinct	replay	3	SFSSF	0	none
frontier-run-008152	five-decreasing-chain-k0-slack_three-3	distinct	replay	3	SFSFS	0	none
frontier-run-008153	five-decreasing-chain-k0-slack_three-3	distinct	replay	3	SFSFF	0	none
frontier-run-008154	five-decreasing-chain-k0-slack_three-3	distinct	replay	3	SFFSS	0	none
frontier-run-008155	five-decreasing-chain-k0-slack_three-3	distinct	replay	3	SFFSF	0	none
frontier-run-008156	five-decreasing-chain-k0-slack_three-3	distinct	replay	3	SFFFS	0	none
frontier-run-008157	five-decreasing-chain-k0-slack_three-3	distinct	replay	3	FSSSS	0	none
frontier-run-008158	five-decreasing-chain-k0-slack_three-3	distinct	replay	3	FSSSF	0	none
frontier-run-008159	five-decreasing-chain-k0-slack_three-3	distinct	replay	3	FSSFS	0	none
frontier-run-008160	five-decreasing-chain-k0-slack_three-3	distinct	replay	3	FSSFF	0	none
frontier-run-008161	five-decreasing-chain-k0-slack_three-3	distinct	replay	3	FSFSS	0	none
frontier-run-008162	five-decreasing-chain-k0-slack_three-3	distinct	replay	3	FSFSF	0	none
frontier-run-008163	five-decreasing-chain-k0-slack_three-3	distinct	replay	3	FSFFS	0	none
frontier-run-008164	five-decreasing-chain-k0-slack_three-3	distinct	replay	3	FFSSS	0	none
frontier-run-008165	five-decreasing-chain-k0-slack_three-3	distinct	replay	3	FFSSF	0	none
frontier-run-008166	five-decreasing-chain-k0-slack_three-3	distinct	replay	3	FFSFS	0	none
frontier-run-008167	five-decreasing-chain-k0-slack_three-3	distinct	replay	3	FFFSS	0	none
frontier-run-008168	five-decreasing-chain-k0-slack_three-3	colliding	replay	3	SSSSS	0	none
frontier-run-008169	five-decreasing-chain-k0-slack_three-3	colliding	replay	3	SSSSF	0	none
frontier-run-008170	five-decreasing-chain-k0-slack_three-3	colliding	replay	3	SSSFS	0	none
frontier-run-008171	five-decreasing-chain-k0-slack_three-3	colliding	replay	3	SSSFF	0	none
frontier-run-008172	five-decreasing-chain-k0-slack_three-3	colliding	replay	3	SSFSS	0	none
frontier-run-008173	five-decreasing-chain-k0-slack_three-3	colliding	replay	3	SSFSF	0	none
frontier-run-008174	five-decreasing-chain-k0-slack_three-3	colliding	replay	3	SSFFS	0	none
frontier-run-008175	five-decreasing-chain-k0-slack_three-3	colliding	replay	3	SSFFF	0	none
frontier-run-008176	five-decreasing-chain-k0-slack_three-3	colliding	replay	3	SFSSS	0	none
frontier-run-008177	five-decreasing-chain-k0-slack_three-3	colliding	replay	3	SFSSF	0	none
frontier-run-008178	five-decreasing-chain-k0-slack_three-3	colliding	replay	3	SFSFS	0	none
frontier-run-008179	five-decreasing-chain-k0-slack_three-3	colliding	replay	3	SFSFF	0	none
frontier-run-008180	five-decreasing-chain-k0-slack_three-3	colliding	replay	3	SFFSS	0	none
frontier-run-008181	five-decreasing-chain-k0-slack_three-3	colliding	replay	3	SFFSF	0	none
frontier-run-008182	five-decreasing-chain-k0-slack_three-3	colliding	replay	3	SFFFS	0	none
frontier-run-008183	five-decreasing-chain-k0-slack_three-3	colliding	replay	3	FSSSS	0	none
frontier-run-008184	five-decreasing-chain-k0-slack_three-3	colliding	replay	3	FSSSF	0	none
frontier-run-008185	five-decreasing-chain-k0-slack_three-3	colliding	replay	3	FSSFS	0	none
frontier-run-008186	five-decreasing-chain-k0-slack_three-3	colliding	replay	3	FSSFF	0	none
frontier-run-008187	five-decreasing-chain-k0-slack_three-3	colliding	replay	3	FSFSS	0	none
frontier-run-008188	five-decreasing-chain-k0-slack_three-3	colliding	replay	3	FSFSF	0	none
frontier-run-008189	five-decreasing-chain-k0-slack_three-3	colliding	replay	3	FSFFS	0	none
frontier-run-008190	five-decreasing-chain-k0-slack_three-3	colliding	replay	3	FFSSS	0	none
frontier-run-008191	five-decreasing-chain-k0-slack_three-3	colliding	replay	3	FFSSF	0	none
frontier-run-008192	five-decreasing-chain-k0-slack_three-3	colliding	replay	3	FFSFS	0	none
frontier-run-008193	five-decreasing-chain-k0-slack_three-3	colliding	replay	3	FFFSS	0	none
frontier-run-008194	five-decreasing-chain-k0-slack_three-3	distinct	concurrent	3	-	11	none
frontier-run-008195	five-decreasing-chain-k0-slack_three-3	distinct	concurrent	3	-	23	none
frontier-run-008196	five-decreasing-chain-k0-slack_three-3	colliding	concurrent	3	-	11	none
frontier-run-008197	five-decreasing-chain-k0-slack_three-3	colliding	concurrent	3	-	23	none
frontier-run-008198	five-decreasing-chain-k0-slack_two-0	distinct	replay	0	SSSSS	0	none
frontier-run-008199	five-decreasing-chain-k0-slack_two-0	colliding	replay	0	SSSSS	0	none
frontier-run-008200	five-decreasing-chain-k0-slack_two-0	distinct	replay	1	SSSSS	0	none
frontier-run-008201	five-decreasing-chain-k0-slack_two-0	distinct	replay	1	SSSSFS	0	none
frontier-run-008202	five-decreasing-chain-k0-slack_two-0	distinct	replay	1	SSSFSS	0	none
frontier-run-008203	five-decreasing-chain-k0-slack_two-0	distinct	replay	1	SSFSSS	0	none
frontier-run-008204	five-decreasing-chain-k0-slack_two-0	distinct	replay	1	SFSSSS	0	none
frontier-run-008205	five-decreasing-chain-k0-slack_two-0	distinct	replay	1	FSSSSS	0	none
frontier-run-008206	five-decreasing-chain-k0-slack_two-0	colliding	replay	1	SSSSS	0	none
frontier-run-008207	five-decreasing-chain-k0-slack_two-0	colliding	replay	1	SSSSFS	0	none
frontier-run-008208	five-decreasing-chain-k0-slack_two-0	colliding	replay	1	SSSFSS	0	none
frontier-run-008209	five-decreasing-chain-k0-slack_two-0	colliding	replay	1	SSFSSS	0	none
frontier-run-008210	five-decreasing-chain-k0-slack_two-0	colliding	replay	1	SFSSSS	0	none
frontier-run-008211	five-decreasing-chain-k0-slack_two-0	colliding	replay	1	FSSSSS	0	none
frontier-run-008212	five-decreasing-chain-k0-slack_two-0	distinct	replay	2	SSSSS	0	none
frontier-run-008213	five-decreasing-chain-k0-slack_two-0	distinct	replay	2	SSSSFS	0	none
frontier-run-008214	five-decreasing-chain-k0-slack_two-0	distinct	replay	2	SSSSFFS	0	none
frontier-run-008215	five-decreasing-chain-k0-slack_two-0	distinct	replay	2	SSSFSS	0	none
frontier-run-008216	five-decreasing-chain-k0-slack_two-0	distinct	replay	2	SSSFSFS	0	none
frontier-run-008217	five-decreasing-chain-k0-slack_two-0	distinct	replay	2	SSSFFSS	0	none
frontier-run-008218	five-decreasing-chain-k0-slack_two-0	distinct	replay	2	SSFSSS	0	none
frontier-run-008219	five-decreasing-chain-k0-slack_two-0	distinct	replay	2	SSFSSFS	0	none
frontier-run-008220	five-decreasing-chain-k0-slack_two-0	distinct	replay	2	SSFSFSS	0	none
frontier-run-008221	five-decreasing-chain-k0-slack_two-0	distinct	replay	2	SSFFSSS	0	none
frontier-run-008222	five-decreasing-chain-k0-slack_two-0	distinct	replay	2	SFSSSS	0	none
frontier-run-008223	five-decreasing-chain-k0-slack_two-0	distinct	replay	2	SFSSSFS	0	none
frontier-run-008224	five-decreasing-chain-k0-slack_two-0	distinct	replay	2	SFSSFSS	0	none
frontier-run-008225	five-decreasing-chain-k0-slack_two-0	distinct	replay	2	SFSFSSS	0	none
frontier-run-008226	five-decreasing-chain-k0-slack_two-0	distinct	replay	2	SFFSSSS	0	none
frontier-run-008227	five-decreasing-chain-k0-slack_two-0	distinct	replay	2	FSSSSS	0	none
frontier-run-008228	five-decreasing-chain-k0-slack_two-0	distinct	replay	2	FSSSSFS	0	none
frontier-run-008229	five-decreasing-chain-k0-slack_two-0	distinct	replay	2	FSSSFSS	0	none
frontier-run-008230	five-decreasing-chain-k0-slack_two-0	distinct	replay	2	FSSFSSS	0	none
frontier-run-008231	five-decreasing-chain-k0-slack_two-0	distinct	replay	2	FSFSSSS	0	none
frontier-run-008232	five-decreasing-chain-k0-slack_two-0	distinct	replay	2	FFSSSSS	0	none
frontier-run-008233	five-decreasing-chain-k0-slack_two-0	colliding	replay	2	SSSSS	0	none
frontier-run-008234	five-decreasing-chain-k0-slack_two-0	colliding	replay	2	SSSSFS	0	none
frontier-run-008235	five-decreasing-chain-k0-slack_two-0	colliding	replay	2	SSSSFFS	0	none
frontier-run-008236	five-decreasing-chain-k0-slack_two-0	colliding	replay	2	SSSFSS	0	none
frontier-run-008237	five-decreasing-chain-k0-slack_two-0	colliding	replay	2	SSSFSFS	0	none
frontier-run-008238	five-decreasing-chain-k0-slack_two-0	colliding	replay	2	SSSFFSS	0	none
frontier-run-008239	five-decreasing-chain-k0-slack_two-0	colliding	replay	2	SSFSSS	0	none
frontier-run-008240	five-decreasing-chain-k0-slack_two-0	colliding	replay	2	SSFSSFS	0	none
frontier-run-008241	five-decreasing-chain-k0-slack_two-0	colliding	replay	2	SSFSFSS	0	none
frontier-run-008242	five-decreasing-chain-k0-slack_two-0	colliding	replay	2	SSFFSSS	0	none
frontier-run-008243	five-decreasing-chain-k0-slack_two-0	colliding	replay	2	SFSSSS	0	none
frontier-run-008244	five-decreasing-chain-k0-slack_two-0	colliding	replay	2	SFSSSFS	0	none
frontier-run-008245	five-decreasing-chain-k0-slack_two-0	colliding	replay	2	SFSSFSS	0	none
frontier-run-008246	five-decreasing-chain-k0-slack_two-0	colliding	replay	2	SFSFSSS	0	none
frontier-run-008247	five-decreasing-chain-k0-slack_two-0	colliding	replay	2	SFFSSSS	0	none
frontier-run-008248	five-decreasing-chain-k0-slack_two-0	colliding	replay	2	FSSSSS	0	none
frontier-run-008249	five-decreasing-chain-k0-slack_two-0	colliding	replay	2	FSSSSFS	0	none
frontier-run-008250	five-decreasing-chain-k0-slack_two-0	colliding	replay	2	FSSSFSS	0	none
frontier-run-008251	five-decreasing-chain-k0-slack_two-0	colliding	replay	2	FSSFSSS	0	none
frontier-run-008252	five-decreasing-chain-k0-slack_two-0	colliding	replay	2	FSFSSSS	0	none
frontier-run-008253	five-decreasing-chain-k0-slack_two-0	colliding	replay	2	FFSSSSS	0	none
frontier-run-008254	five-decreasing-chain-k0-slack_two-0	distinct	replay	3	SSSSS	0	none
frontier-run-008255	five-decreasing-chain-k0-slack_two-0	distinct	replay	3	SSSSFS	0	none
frontier-run-008256	five-decreasing-chain-k0-slack_two-0	distinct	replay	3	SSSSFFS	0	none
frontier-run-008257	five-decreasing-chain-k0-slack_two-0	distinct	replay	3	SSSSFFFS	0	none
frontier-run-008258	five-decreasing-chain-k0-slack_two-0	distinct	replay	3	SSSFSS	0	none
frontier-run-008259	five-decreasing-chain-k0-slack_two-0	distinct	replay	3	SSSFSFS	0	none
frontier-run-008260	five-decreasing-chain-k0-slack_two-0	distinct	replay	3	SSSFSFFS	0	none
frontier-run-008261	five-decreasing-chain-k0-slack_two-0	distinct	replay	3	SSSFFSS	0	none
frontier-run-008262	five-decreasing-chain-k0-slack_two-0	distinct	replay	3	SSSFFSFS	0	none
frontier-run-008263	five-decreasing-chain-k0-slack_two-0	distinct	replay	3	SSSFFFSS	0	none
frontier-run-008264	five-decreasing-chain-k0-slack_two-0	distinct	replay	3	SSFSSS	0	none
frontier-run-008265	five-decreasing-chain-k0-slack_two-0	distinct	replay	3	SSFSSFS	0	none
frontier-run-008266	five-decreasing-chain-k0-slack_two-0	distinct	replay	3	SSFSSFFS	0	none
frontier-run-008267	five-decreasing-chain-k0-slack_two-0	distinct	replay	3	SSFSFSS	0	none
frontier-run-008268	five-decreasing-chain-k0-slack_two-0	distinct	replay	3	SSFSFSFS	0	none
frontier-run-008269	five-decreasing-chain-k0-slack_two-0	distinct	replay	3	SSFSFFSS	0	none
frontier-run-008270	five-decreasing-chain-k0-slack_two-0	distinct	replay	3	SSFFSSS	0	none
frontier-run-008271	five-decreasing-chain-k0-slack_two-0	distinct	replay	3	SSFFSSFS	0	none
frontier-run-008272	five-decreasing-chain-k0-slack_two-0	distinct	replay	3	SSFFSFSS	0	none
frontier-run-008273	five-decreasing-chain-k0-slack_two-0	distinct	replay	3	SSFFFSSS	0	none
frontier-run-008274	five-decreasing-chain-k0-slack_two-0	distinct	replay	3	SFSSSS	0	none
frontier-run-008275	five-decreasing-chain-k0-slack_two-0	distinct	replay	3	SFSSSFS	0	none
frontier-run-008276	five-decreasing-chain-k0-slack_two-0	distinct	replay	3	SFSSSFFS	0	none
frontier-run-008277	five-decreasing-chain-k0-slack_two-0	distinct	replay	3	SFSSFSS	0	none
frontier-run-008278	five-decreasing-chain-k0-slack_two-0	distinct	replay	3	SFSSFSFS	0	none
frontier-run-008279	five-decreasing-chain-k0-slack_two-0	distinct	replay	3	SFSSFFSS	0	none
frontier-run-008280	five-decreasing-chain-k0-slack_two-0	distinct	replay	3	SFSFSSS	0	none
frontier-run-008281	five-decreasing-chain-k0-slack_two-0	distinct	replay	3	SFSFSSFS	0	none
frontier-run-008282	five-decreasing-chain-k0-slack_two-0	distinct	replay	3	SFSFSFSS	0	none
frontier-run-008283	five-decreasing-chain-k0-slack_two-0	distinct	replay	3	SFSFFSSS	0	none
frontier-run-008284	five-decreasing-chain-k0-slack_two-0	distinct	replay	3	SFFSSSS	0	none
frontier-run-008285	five-decreasing-chain-k0-slack_two-0	distinct	replay	3	SFFSSSFS	0	none
frontier-run-008286	five-decreasing-chain-k0-slack_two-0	distinct	replay	3	SFFSSFSS	0	none
frontier-run-008287	five-decreasing-chain-k0-slack_two-0	distinct	replay	3	SFFSFSSS	0	none
frontier-run-008288	five-decreasing-chain-k0-slack_two-0	distinct	replay	3	SFFFSSSS	0	none
frontier-run-008289	five-decreasing-chain-k0-slack_two-0	distinct	replay	3	FSSSSS	0	none
frontier-run-008290	five-decreasing-chain-k0-slack_two-0	distinct	replay	3	FSSSSFS	0	none
frontier-run-008291	five-decreasing-chain-k0-slack_two-0	distinct	replay	3	FSSSSFFS	0	none
frontier-run-008292	five-decreasing-chain-k0-slack_two-0	distinct	replay	3	FSSSFSS	0	none
frontier-run-008293	five-decreasing-chain-k0-slack_two-0	distinct	replay	3	FSSSFSFS	0	none
frontier-run-008294	five-decreasing-chain-k0-slack_two-0	distinct	replay	3	FSSSFFSS	0	none
frontier-run-008295	five-decreasing-chain-k0-slack_two-0	distinct	replay	3	FSSFSSS	0	none
frontier-run-008296	five-decreasing-chain-k0-slack_two-0	distinct	replay	3	FSSFSSFS	0	none
frontier-run-008297	five-decreasing-chain-k0-slack_two-0	distinct	replay	3	FSSFSFSS	0	none
frontier-run-008298	five-decreasing-chain-k0-slack_two-0	distinct	replay	3	FSSFFSSS	0	none
frontier-run-008299	five-decreasing-chain-k0-slack_two-0	distinct	replay	3	FSFSSSS	0	none
frontier-run-008300	five-decreasing-chain-k0-slack_two-0	distinct	replay	3	FSFSSSFS	0	none
frontier-run-008301	five-decreasing-chain-k0-slack_two-0	distinct	replay	3	FSFSSFSS	0	none
frontier-run-008302	five-decreasing-chain-k0-slack_two-0	distinct	replay	3	FSFSFSSS	0	none
frontier-run-008303	five-decreasing-chain-k0-slack_two-0	distinct	replay	3	FSFFSSSS	0	none
frontier-run-008304	five-decreasing-chain-k0-slack_two-0	distinct	replay	3	FFSSSSS	0	none
frontier-run-008305	five-decreasing-chain-k0-slack_two-0	distinct	replay	3	FFSSSSFS	0	none
frontier-run-008306	five-decreasing-chain-k0-slack_two-0	distinct	replay	3	FFSSSFSS	0	none
frontier-run-008307	five-decreasing-chain-k0-slack_two-0	distinct	replay	3	FFSSFSSS	0	none
frontier-run-008308	five-decreasing-chain-k0-slack_two-0	distinct	replay	3	FFSFSSSS	0	none
frontier-run-008309	five-decreasing-chain-k0-slack_two-0	distinct	replay	3	FFFSSSSS	0	none
frontier-run-008310	five-decreasing-chain-k0-slack_two-0	colliding	replay	3	SSSSS	0	none
frontier-run-008311	five-decreasing-chain-k0-slack_two-0	colliding	replay	3	SSSSFS	0	none
frontier-run-008312	five-decreasing-chain-k0-slack_two-0	colliding	replay	3	SSSSFFS	0	none
frontier-run-008313	five-decreasing-chain-k0-slack_two-0	colliding	replay	3	SSSSFFFS	0	none
frontier-run-008314	five-decreasing-chain-k0-slack_two-0	colliding	replay	3	SSSFSS	0	none
frontier-run-008315	five-decreasing-chain-k0-slack_two-0	colliding	replay	3	SSSFSFS	0	none
frontier-run-008316	five-decreasing-chain-k0-slack_two-0	colliding	replay	3	SSSFSFFS	0	none
frontier-run-008317	five-decreasing-chain-k0-slack_two-0	colliding	replay	3	SSSFFSS	0	none
frontier-run-008318	five-decreasing-chain-k0-slack_two-0	colliding	replay	3	SSSFFSFS	0	none
frontier-run-008319	five-decreasing-chain-k0-slack_two-0	colliding	replay	3	SSSFFFSS	0	none
frontier-run-008320	five-decreasing-chain-k0-slack_two-0	colliding	replay	3	SSFSSS	0	none
frontier-run-008321	five-decreasing-chain-k0-slack_two-0	colliding	replay	3	SSFSSFS	0	none
frontier-run-008322	five-decreasing-chain-k0-slack_two-0	colliding	replay	3	SSFSSFFS	0	none
frontier-run-008323	five-decreasing-chain-k0-slack_two-0	colliding	replay	3	SSFSFSS	0	none
frontier-run-008324	five-decreasing-chain-k0-slack_two-0	colliding	replay	3	SSFSFSFS	0	none
frontier-run-008325	five-decreasing-chain-k0-slack_two-0	colliding	replay	3	SSFSFFSS	0	none
frontier-run-008326	five-decreasing-chain-k0-slack_two-0	colliding	replay	3	SSFFSSS	0	none
frontier-run-008327	five-decreasing-chain-k0-slack_two-0	colliding	replay	3	SSFFSSFS	0	none
frontier-run-008328	five-decreasing-chain-k0-slack_two-0	colliding	replay	3	SSFFSFSS	0	none
frontier-run-008329	five-decreasing-chain-k0-slack_two-0	colliding	replay	3	SSFFFSSS	0	none
frontier-run-008330	five-decreasing-chain-k0-slack_two-0	colliding	replay	3	SFSSSS	0	none
frontier-run-008331	five-decreasing-chain-k0-slack_two-0	colliding	replay	3	SFSSSFS	0	none
frontier-run-008332	five-decreasing-chain-k0-slack_two-0	colliding	replay	3	SFSSSFFS	0	none
frontier-run-008333	five-decreasing-chain-k0-slack_two-0	colliding	replay	3	SFSSFSS	0	none
frontier-run-008334	five-decreasing-chain-k0-slack_two-0	colliding	replay	3	SFSSFSFS	0	none
frontier-run-008335	five-decreasing-chain-k0-slack_two-0	colliding	replay	3	SFSSFFSS	0	none
frontier-run-008336	five-decreasing-chain-k0-slack_two-0	colliding	replay	3	SFSFSSS	0	none
frontier-run-008337	five-decreasing-chain-k0-slack_two-0	colliding	replay	3	SFSFSSFS	0	none
frontier-run-008338	five-decreasing-chain-k0-slack_two-0	colliding	replay	3	SFSFSFSS	0	none
frontier-run-008339	five-decreasing-chain-k0-slack_two-0	colliding	replay	3	SFSFFSSS	0	none
frontier-run-008340	five-decreasing-chain-k0-slack_two-0	colliding	replay	3	SFFSSSS	0	none
frontier-run-008341	five-decreasing-chain-k0-slack_two-0	colliding	replay	3	SFFSSSFS	0	none
frontier-run-008342	five-decreasing-chain-k0-slack_two-0	colliding	replay	3	SFFSSFSS	0	none
frontier-run-008343	five-decreasing-chain-k0-slack_two-0	colliding	replay	3	SFFSFSSS	0	none
frontier-run-008344	five-decreasing-chain-k0-slack_two-0	colliding	replay	3	SFFFSSSS	0	none
frontier-run-008345	five-decreasing-chain-k0-slack_two-0	colliding	replay	3	FSSSSS	0	none
frontier-run-008346	five-decreasing-chain-k0-slack_two-0	colliding	replay	3	FSSSSFS	0	none
frontier-run-008347	five-decreasing-chain-k0-slack_two-0	colliding	replay	3	FSSSSFFS	0	none
frontier-run-008348	five-decreasing-chain-k0-slack_two-0	colliding	replay	3	FSSSFSS	0	none
frontier-run-008349	five-decreasing-chain-k0-slack_two-0	colliding	replay	3	FSSSFSFS	0	none
frontier-run-008350	five-decreasing-chain-k0-slack_two-0	colliding	replay	3	FSSSFFSS	0	none
frontier-run-008351	five-decreasing-chain-k0-slack_two-0	colliding	replay	3	FSSFSSS	0	none
frontier-run-008352	five-decreasing-chain-k0-slack_two-0	colliding	replay	3	FSSFSSFS	0	none
frontier-run-008353	five-decreasing-chain-k0-slack_two-0	colliding	replay	3	FSSFSFSS	0	none
frontier-run-008354	five-decreasing-chain-k0-slack_two-0	colliding	replay	3	FSSFFSSS	0	none
frontier-run-008355	five-decreasing-chain-k0-slack_two-0	colliding	replay	3	FSFSSSS	0	none
frontier-run-008356	five-decreasing-chain-k0-slack_two-0	colliding	replay	3	FSFSSSFS	0	none
frontier-run-008357	five-decreasing-chain-k0-slack_two-0	colliding	replay	3	FSFSSFSS	0	none
frontier-run-008358	five-decreasing-chain-k0-slack_two-0	colliding	replay	3	FSFSFSSS	0	none
frontier-run-008359	five-decreasing-chain-k0-slack_two-0	colliding	replay	3	FSFFSSSS	0	none
frontier-run-008360	five-decreasing-chain-k0-slack_two-0	colliding	replay	3	FFSSSSS	0	none
frontier-run-008361	five-decreasing-chain-k0-slack_two-0	colliding	replay	3	FFSSSSFS	0	none
frontier-run-008362	five-decreasing-chain-k0-slack_two-0	colliding	replay	3	FFSSSFSS	0	none
frontier-run-008363	five-decreasing-chain-k0-slack_two-0	colliding	replay	3	FFSSFSSS	0	none
frontier-run-008364	five-decreasing-chain-k0-slack_two-0	colliding	replay	3	FFSFSSSS	0	none
frontier-run-008365	five-decreasing-chain-k0-slack_two-0	colliding	replay	3	FFFSSSSS	0	none
frontier-run-008366	five-decreasing-chain-k0-slack_two-0	distinct	concurrent	3	-	11	none
frontier-run-008367	five-decreasing-chain-k0-slack_two-0	distinct	concurrent	3	-	23	none
frontier-run-008368	five-decreasing-chain-k0-slack_two-0	colliding	concurrent	3	-	11	none
frontier-run-008369	five-decreasing-chain-k0-slack_two-0	colliding	concurrent	3	-	23	none
frontier-run-008370	five-decreasing-chain-k0-slack_two-1	distinct	replay	0	SSSSS	0	none
frontier-run-008371	five-decreasing-chain-k0-slack_two-1	colliding	replay	0	SSSSS	0	none
frontier-run-008372	five-decreasing-chain-k0-slack_two-1	distinct	replay	1	-	0	none
frontier-run-008373	five-decreasing-chain-k0-slack_two-1	colliding	replay	1	-	0	none
frontier-run-008374	five-decreasing-chain-k0-slack_two-1	distinct	replay	2	SSSSS	0	none
frontier-run-008375	five-decreasing-chain-k0-slack_two-1	distinct	replay	2	SSSSF	0	none
frontier-run-008376	five-decreasing-chain-k0-slack_two-1	distinct	replay	2	SSSF	0	none
frontier-run-008377	five-decreasing-chain-k0-slack_two-1	distinct	replay	2	SSF	0	none
frontier-run-008378	five-decreasing-chain-k0-slack_two-1	distinct	replay	2	SF	0	none
frontier-run-008379	five-decreasing-chain-k0-slack_two-1	distinct	replay	2	F	0	none
frontier-run-008380	five-decreasing-chain-k0-slack_two-1	colliding	replay	2	SSSSS	0	none
frontier-run-008381	five-decreasing-chain-k0-slack_two-1	colliding	replay	2	SSSSF	0	none
frontier-run-008382	five-decreasing-chain-k0-slack_two-1	colliding	replay	2	SSSF	0	none
frontier-run-008383	five-decreasing-chain-k0-slack_two-1	colliding	replay	2	SSF	0	none
frontier-run-008384	five-decreasing-chain-k0-slack_two-1	colliding	replay	2	SF	0	none
frontier-run-008385	five-decreasing-chain-k0-slack_two-1	colliding	replay	2	F	0	none
frontier-run-008386	five-decreasing-chain-k0-slack_two-1	distinct	replay	3	SSSSS	0	none
frontier-run-008387	five-decreasing-chain-k0-slack_two-1	distinct	replay	3	SSSSFS	0	none
frontier-run-008388	five-decreasing-chain-k0-slack_two-1	distinct	replay	3	SSSSFF	0	none
frontier-run-008389	five-decreasing-chain-k0-slack_two-1	distinct	replay	3	SSSFSS	0	none
frontier-run-008390	five-decreasing-chain-k0-slack_two-1	distinct	replay	3	SSSFSF	0	none
frontier-run-008391	five-decreasing-chain-k0-slack_two-1	distinct	replay	3	SSSFF	0	none
frontier-run-008392	five-decreasing-chain-k0-slack_two-1	distinct	replay	3	SSFSSS	0	none
frontier-run-008393	five-decreasing-chain-k0-slack_two-1	distinct	replay	3	SSFSSF	0	none
frontier-run-008394	five-decreasing-chain-k0-slack_two-1	distinct	replay	3	SSFSF	0	none
frontier-run-008395	five-decreasing-chain-k0-slack_two-1	distinct	replay	3	SSFF	0	none
frontier-run-008396	five-decreasing-chain-k0-slack_two-1	distinct	replay	3	SFSSSS	0	none
frontier-run-008397	five-decreasing-chain-k0-slack_two-1	distinct	replay	3	SFSSSF	0	none
frontier-run-008398	five-decreasing-chain-k0-slack_two-1	distinct	replay	3	SFSSF	0	none
frontier-run-008399	five-decreasing-chain-k0-slack_two-1	distinct	replay	3	SFSF	0	none
frontier-run-008400	five-decreasing-chain-k0-slack_two-1	distinct	replay	3	SFF	0	none
frontier-run-008401	five-decreasing-chain-k0-slack_two-1	distinct	replay	3	FSSSSS	0	none
frontier-run-008402	five-decreasing-chain-k0-slack_two-1	distinct	replay	3	FSSSSF	0	none
frontier-run-008403	five-decreasing-chain-k0-slack_two-1	distinct	replay	3	FSSSF	0	none
frontier-run-008404	five-decreasing-chain-k0-slack_two-1	distinct	replay	3	FSSF	0	none
frontier-run-008405	five-decreasing-chain-k0-slack_two-1	distinct	replay	3	FSF	0	none
frontier-run-008406	five-decreasing-chain-k0-slack_two-1	distinct	replay	3	FF	0	none
frontier-run-008407	five-decreasing-chain-k0-slack_two-1	colliding	replay	3	SSSSS	0	none
frontier-run-008408	five-decreasing-chain-k0-slack_two-1	colliding	replay	3	SSSSFS	0	none
frontier-run-008409	five-decreasing-chain-k0-slack_two-1	colliding	replay	3	SSSSFF	0	none
frontier-run-008410	five-decreasing-chain-k0-slack_two-1	colliding	replay	3	SSSFSS	0	none
frontier-run-008411	five-decreasing-chain-k0-slack_two-1	colliding	replay	3	SSSFSF	0	none
frontier-run-008412	five-decreasing-chain-k0-slack_two-1	colliding	replay	3	SSSFF	0	none
frontier-run-008413	five-decreasing-chain-k0-slack_two-1	colliding	replay	3	SSFSSS	0	none
frontier-run-008414	five-decreasing-chain-k0-slack_two-1	colliding	replay	3	SSFSSF	0	none
frontier-run-008415	five-decreasing-chain-k0-slack_two-1	colliding	replay	3	SSFSF	0	none
frontier-run-008416	five-decreasing-chain-k0-slack_two-1	colliding	replay	3	SSFF	0	none
frontier-run-008417	five-decreasing-chain-k0-slack_two-1	colliding	replay	3	SFSSSS	0	none
frontier-run-008418	five-decreasing-chain-k0-slack_two-1	colliding	replay	3	SFSSSF	0	none
frontier-run-008419	five-decreasing-chain-k0-slack_two-1	colliding	replay	3	SFSSF	0	none
frontier-run-008420	five-decreasing-chain-k0-slack_two-1	colliding	replay	3	SFSF	0	none
frontier-run-008421	five-decreasing-chain-k0-slack_two-1	colliding	replay	3	SFF	0	none
frontier-run-008422	five-decreasing-chain-k0-slack_two-1	colliding	replay	3	FSSSSS	0	none
frontier-run-008423	five-decreasing-chain-k0-slack_two-1	colliding	replay	3	FSSSSF	0	none
frontier-run-008424	five-decreasing-chain-k0-slack_two-1	colliding	replay	3	FSSSF	0	none
frontier-run-008425	five-decreasing-chain-k0-slack_two-1	colliding	replay	3	FSSF	0	none
frontier-run-008426	five-decreasing-chain-k0-slack_two-1	colliding	replay	3	FSF	0	none
frontier-run-008427	five-decreasing-chain-k0-slack_two-1	colliding	replay	3	FF	0	none
frontier-run-008428	five-decreasing-chain-k0-slack_two-1	distinct	concurrent	3	-	11	none
frontier-run-008429	five-decreasing-chain-k0-slack_two-1	distinct	concurrent	3	-	23	none
frontier-run-008430	five-decreasing-chain-k0-slack_two-1	colliding	concurrent	3	-	11	none
frontier-run-008431	five-decreasing-chain-k0-slack_two-1	colliding	concurrent	3	-	23	none
frontier-run-008432	five-decreasing-chain-k0-slack_two-2	distinct	replay	0	SSSSS	0	none
frontier-run-008433	five-decreasing-chain-k0-slack_two-2	colliding	replay	0	SSSSS	0	none
frontier-run-008434	five-decreasing-chain-k0-slack_two-2	distinct	replay	1	-	0	none
frontier-run-008435	five-decreasing-chain-k0-slack_two-2	colliding	replay	1	-	0	none
frontier-run-008436	five-decreasing-chain-k0-slack_two-2	distinct	replay	2	-	0	none
frontier-run-008437	five-decreasing-chain-k0-slack_two-2	colliding	replay	2	-	0	none
frontier-run-008438	five-decreasing-chain-k0-slack_two-2	distinct	replay	3	SSSSS	0	none
frontier-run-008439	five-decreasing-chain-k0-slack_two-2	distinct	replay	3	SSSSF	0	none
frontier-run-008440	five-decreasing-chain-k0-slack_two-2	distinct	replay	3	SSSF	0	none
frontier-run-008441	five-decreasing-chain-k0-slack_two-2	distinct	replay	3	SSF	0	none
frontier-run-008442	five-decreasing-chain-k0-slack_two-2	distinct	replay	3	SF	0	none
frontier-run-008443	five-decreasing-chain-k0-slack_two-2	distinct	replay	3	F	0	none
frontier-run-008444	five-decreasing-chain-k0-slack_two-2	colliding	replay	3	SSSSS	0	none
frontier-run-008445	five-decreasing-chain-k0-slack_two-2	colliding	replay	3	SSSSF	0	none
frontier-run-008446	five-decreasing-chain-k0-slack_two-2	colliding	replay	3	SSSF	0	none
frontier-run-008447	five-decreasing-chain-k0-slack_two-2	colliding	replay	3	SSF	0	none
frontier-run-008448	five-decreasing-chain-k0-slack_two-2	colliding	replay	3	SF	0	none
frontier-run-008449	five-decreasing-chain-k0-slack_two-2	colliding	replay	3	F	0	none
frontier-run-008450	five-decreasing-chain-k0-slack_two-2	distinct	concurrent	3	-	11	none
frontier-run-008451	five-decreasing-chain-k0-slack_two-2	distinct	concurrent	3	-	23	none
frontier-run-008452	five-decreasing-chain-k0-slack_two-2	colliding	concurrent	3	-	11	none
frontier-run-008453	five-decreasing-chain-k0-slack_two-2	colliding	concurrent	3	-	23	none
frontier-run-008454	five-decreasing-chain-k0-slack_two-3	distinct	replay	0	SSSSS	0	none
frontier-run-008455	five-decreasing-chain-k0-slack_two-3	colliding	replay	0	SSSSS	0	none
frontier-run-008456	five-decreasing-chain-k0-slack_two-3	distinct	replay	1	-	0	none
frontier-run-008457	five-decreasing-chain-k0-slack_two-3	colliding	replay	1	-	0	none
frontier-run-008458	five-decreasing-chain-k0-slack_two-3	distinct	replay	2	-	0	none
frontier-run-008459	five-decreasing-chain-k0-slack_two-3	colliding	replay	2	-	0	none
frontier-run-008460	five-decreasing-chain-k0-slack_two-3	distinct	replay	3	-	0	none
frontier-run-008461	five-decreasing-chain-k0-slack_two-3	colliding	replay	3	-	0	none
frontier-run-008462	five-decreasing-chain-k0-slack_two-3	distinct	concurrent	3	-	11	none
frontier-run-008463	five-decreasing-chain-k0-slack_two-3	distinct	concurrent	3	-	23	none
frontier-run-008464	five-decreasing-chain-k0-slack_two-3	colliding	concurrent	3	-	11	none
frontier-run-008465	five-decreasing-chain-k0-slack_two-3	colliding	concurrent	3	-	23	none
frontier-run-008466	five-decreasing-chain-k2-slack_three-0	distinct	replay	0	SSSSS	0	none
frontier-run-008467	five-decreasing-chain-k2-slack_three-0	colliding	replay	0	SSSSS	0	none
frontier-run-008468	five-decreasing-chain-k2-slack_three-0	distinct	replay	1	SSSSS	0	none
frontier-run-008469	five-decreasing-chain-k2-slack_three-0	distinct	replay	1	SSSSFS	0	none
frontier-run-008470	five-decreasing-chain-k2-slack_three-0	distinct	replay	1	SSSFSS	0	none
frontier-run-008471	five-decreasing-chain-k2-slack_three-0	distinct	replay	1	SSFSSS	0	none
frontier-run-008472	five-decreasing-chain-k2-slack_three-0	distinct	replay	1	SFSSSS	0	none
frontier-run-008473	five-decreasing-chain-k2-slack_three-0	distinct	replay	1	FSSSSS	0	none
frontier-run-008474	five-decreasing-chain-k2-slack_three-0	colliding	replay	1	SSSSS	0	none
frontier-run-008475	five-decreasing-chain-k2-slack_three-0	colliding	replay	1	SSSSFS	0	none
frontier-run-008476	five-decreasing-chain-k2-slack_three-0	colliding	replay	1	SSSFSS	0	none
frontier-run-008477	five-decreasing-chain-k2-slack_three-0	colliding	replay	1	SSFSSS	0	none
frontier-run-008478	five-decreasing-chain-k2-slack_three-0	colliding	replay	1	SFSSSS	0	none
frontier-run-008479	five-decreasing-chain-k2-slack_three-0	colliding	replay	1	FSSSSS	0	none
frontier-run-008480	five-decreasing-chain-k2-slack_three-0	distinct	replay	2	SSSSS	0	none
frontier-run-008481	five-decreasing-chain-k2-slack_three-0	distinct	replay	2	SSSSFS	0	none
frontier-run-008482	five-decreasing-chain-k2-slack_three-0	distinct	replay	2	SSSSFFS	0	none
frontier-run-008483	five-decreasing-chain-k2-slack_three-0	distinct	replay	2	SSSFSS	0	none
frontier-run-008484	five-decreasing-chain-k2-slack_three-0	distinct	replay	2	SSSFSFS	0	none
frontier-run-008485	five-decreasing-chain-k2-slack_three-0	distinct	replay	2	SSSFFSS	0	none
frontier-run-008486	five-decreasing-chain-k2-slack_three-0	distinct	replay	2	SSFSSS	0	none
frontier-run-008487	five-decreasing-chain-k2-slack_three-0	distinct	replay	2	SSFSSFS	0	none
frontier-run-008488	five-decreasing-chain-k2-slack_three-0	distinct	replay	2	SSFSFSS	0	none
frontier-run-008489	five-decreasing-chain-k2-slack_three-0	distinct	replay	2	SSFFSSS	0	none
frontier-run-008490	five-decreasing-chain-k2-slack_three-0	distinct	replay	2	SFSSSS	0	none
frontier-run-008491	five-decreasing-chain-k2-slack_three-0	distinct	replay	2	SFSSSFS	0	none
frontier-run-008492	five-decreasing-chain-k2-slack_three-0	distinct	replay	2	SFSSFSS	0	none
frontier-run-008493	five-decreasing-chain-k2-slack_three-0	distinct	replay	2	SFSFSSS	0	none
frontier-run-008494	five-decreasing-chain-k2-slack_three-0	distinct	replay	2	SFFSSSS	0	none
frontier-run-008495	five-decreasing-chain-k2-slack_three-0	distinct	replay	2	FSSSSS	0	none
frontier-run-008496	five-decreasing-chain-k2-slack_three-0	distinct	replay	2	FSSSSFS	0	none
frontier-run-008497	five-decreasing-chain-k2-slack_three-0	distinct	replay	2	FSSSFSS	0	none
frontier-run-008498	five-decreasing-chain-k2-slack_three-0	distinct	replay	2	FSSFSSS	0	none
frontier-run-008499	five-decreasing-chain-k2-slack_three-0	distinct	replay	2	FSFSSSS	0	none
frontier-run-008500	five-decreasing-chain-k2-slack_three-0	distinct	replay	2	FFSSSSS	0	none
frontier-run-008501	five-decreasing-chain-k2-slack_three-0	colliding	replay	2	SSSSS	0	none
frontier-run-008502	five-decreasing-chain-k2-slack_three-0	colliding	replay	2	SSSSFS	0	none
frontier-run-008503	five-decreasing-chain-k2-slack_three-0	colliding	replay	2	SSSSFFS	0	none
frontier-run-008504	five-decreasing-chain-k2-slack_three-0	colliding	replay	2	SSSFSS	0	none
frontier-run-008505	five-decreasing-chain-k2-slack_three-0	colliding	replay	2	SSSFSFS	0	none
frontier-run-008506	five-decreasing-chain-k2-slack_three-0	colliding	replay	2	SSSFFSS	0	none
frontier-run-008507	five-decreasing-chain-k2-slack_three-0	colliding	replay	2	SSFSSS	0	none
frontier-run-008508	five-decreasing-chain-k2-slack_three-0	colliding	replay	2	SSFSSFS	0	none
frontier-run-008509	five-decreasing-chain-k2-slack_three-0	colliding	replay	2	SSFSFSS	0	none
frontier-run-008510	five-decreasing-chain-k2-slack_three-0	colliding	replay	2	SSFFSSS	0	none
frontier-run-008511	five-decreasing-chain-k2-slack_three-0	colliding	replay	2	SFSSSS	0	none
frontier-run-008512	five-decreasing-chain-k2-slack_three-0	colliding	replay	2	SFSSSFS	0	none
frontier-run-008513	five-decreasing-chain-k2-slack_three-0	colliding	replay	2	SFSSFSS	0	none
frontier-run-008514	five-decreasing-chain-k2-slack_three-0	colliding	replay	2	SFSFSSS	0	none
frontier-run-008515	five-decreasing-chain-k2-slack_three-0	colliding	replay	2	SFFSSSS	0	none
frontier-run-008516	five-decreasing-chain-k2-slack_three-0	colliding	replay	2	FSSSSS	0	none
frontier-run-008517	five-decreasing-chain-k2-slack_three-0	colliding	replay	2	FSSSSFS	0	none
frontier-run-008518	five-decreasing-chain-k2-slack_three-0	colliding	replay	2	FSSSFSS	0	none
frontier-run-008519	five-decreasing-chain-k2-slack_three-0	colliding	replay	2	FSSFSSS	0	none
frontier-run-008520	five-decreasing-chain-k2-slack_three-0	colliding	replay	2	FSFSSSS	0	none
frontier-run-008521	five-decreasing-chain-k2-slack_three-0	colliding	replay	2	FFSSSSS	0	none
frontier-run-008522	five-decreasing-chain-k2-slack_three-0	distinct	replay	3	SSSSS	0	none
frontier-run-008523	five-decreasing-chain-k2-slack_three-0	distinct	replay	3	SSSSFS	0	none
frontier-run-008524	five-decreasing-chain-k2-slack_three-0	distinct	replay	3	SSSSFFS	0	none
frontier-run-008525	five-decreasing-chain-k2-slack_three-0	distinct	replay	3	SSSSFFFS	0	none
frontier-run-008526	five-decreasing-chain-k2-slack_three-0	distinct	replay	3	SSSFSS	0	none
frontier-run-008527	five-decreasing-chain-k2-slack_three-0	distinct	replay	3	SSSFSFS	0	none
frontier-run-008528	five-decreasing-chain-k2-slack_three-0	distinct	replay	3	SSSFSFFS	0	none
frontier-run-008529	five-decreasing-chain-k2-slack_three-0	distinct	replay	3	SSSFFSS	0	none
frontier-run-008530	five-decreasing-chain-k2-slack_three-0	distinct	replay	3	SSSFFSFS	0	none
frontier-run-008531	five-decreasing-chain-k2-slack_three-0	distinct	replay	3	SSSFFFSS	0	none
frontier-run-008532	five-decreasing-chain-k2-slack_three-0	distinct	replay	3	SSFSSS	0	none
frontier-run-008533	five-decreasing-chain-k2-slack_three-0	distinct	replay	3	SSFSSFS	0	none
frontier-run-008534	five-decreasing-chain-k2-slack_three-0	distinct	replay	3	SSFSSFFS	0	none
frontier-run-008535	five-decreasing-chain-k2-slack_three-0	distinct	replay	3	SSFSFSS	0	none
frontier-run-008536	five-decreasing-chain-k2-slack_three-0	distinct	replay	3	SSFSFSFS	0	none
frontier-run-008537	five-decreasing-chain-k2-slack_three-0	distinct	replay	3	SSFSFFSS	0	none
frontier-run-008538	five-decreasing-chain-k2-slack_three-0	distinct	replay	3	SSFFSSS	0	none
frontier-run-008539	five-decreasing-chain-k2-slack_three-0	distinct	replay	3	SSFFSSFS	0	none
frontier-run-008540	five-decreasing-chain-k2-slack_three-0	distinct	replay	3	SSFFSFSS	0	none
frontier-run-008541	five-decreasing-chain-k2-slack_three-0	distinct	replay	3	SSFFFSSS	0	none
frontier-run-008542	five-decreasing-chain-k2-slack_three-0	distinct	replay	3	SFSSSS	0	none
frontier-run-008543	five-decreasing-chain-k2-slack_three-0	distinct	replay	3	SFSSSFS	0	none
frontier-run-008544	five-decreasing-chain-k2-slack_three-0	distinct	replay	3	SFSSSFFS	0	none
frontier-run-008545	five-decreasing-chain-k2-slack_three-0	distinct	replay	3	SFSSFSS	0	none
frontier-run-008546	five-decreasing-chain-k2-slack_three-0	distinct	replay	3	SFSSFSFS	0	none
frontier-run-008547	five-decreasing-chain-k2-slack_three-0	distinct	replay	3	SFSSFFSS	0	none
frontier-run-008548	five-decreasing-chain-k2-slack_three-0	distinct	replay	3	SFSFSSS	0	none
frontier-run-008549	five-decreasing-chain-k2-slack_three-0	distinct	replay	3	SFSFSSFS	0	none
frontier-run-008550	five-decreasing-chain-k2-slack_three-0	distinct	replay	3	SFSFSFSS	0	none
frontier-run-008551	five-decreasing-chain-k2-slack_three-0	distinct	replay	3	SFSFFSSS	0	none
frontier-run-008552	five-decreasing-chain-k2-slack_three-0	distinct	replay	3	SFFSSSS	0	none
frontier-run-008553	five-decreasing-chain-k2-slack_three-0	distinct	replay	3	SFFSSSFS	0	none
frontier-run-008554	five-decreasing-chain-k2-slack_three-0	distinct	replay	3	SFFSSFSS	0	none
frontier-run-008555	five-decreasing-chain-k2-slack_three-0	distinct	replay	3	SFFSFSSS	0	none
frontier-run-008556	five-decreasing-chain-k2-slack_three-0	distinct	replay	3	SFFFSSSS	0	none
frontier-run-008557	five-decreasing-chain-k2-slack_three-0	distinct	replay	3	FSSSSS	0	none
frontier-run-008558	five-decreasing-chain-k2-slack_three-0	distinct	replay	3	FSSSSFS	0	none
frontier-run-008559	five-decreasing-chain-k2-slack_three-0	distinct	replay	3	FSSSSFFS	0	none
frontier-run-008560	five-decreasing-chain-k2-slack_three-0	distinct	replay	3	FSSSFSS	0	none
frontier-run-008561	five-decreasing-chain-k2-slack_three-0	distinct	replay	3	FSSSFSFS	0	none
frontier-run-008562	five-decreasing-chain-k2-slack_three-0	distinct	replay	3	FSSSFFSS	0	none
frontier-run-008563	five-decreasing-chain-k2-slack_three-0	distinct	replay	3	FSSFSSS	0	none
frontier-run-008564	five-decreasing-chain-k2-slack_three-0	distinct	replay	3	FSSFSSFS	0	none
frontier-run-008565	five-decreasing-chain-k2-slack_three-0	distinct	replay	3	FSSFSFSS	0	none
frontier-run-008566	five-decreasing-chain-k2-slack_three-0	distinct	replay	3	FSSFFSSS	0	none
frontier-run-008567	five-decreasing-chain-k2-slack_three-0	distinct	replay	3	FSFSSSS	0	none
frontier-run-008568	five-decreasing-chain-k2-slack_three-0	distinct	replay	3	FSFSSSFS	0	none
frontier-run-008569	five-decreasing-chain-k2-slack_three-0	distinct	replay	3	FSFSSFSS	0	none
frontier-run-008570	five-decreasing-chain-k2-slack_three-0	distinct	replay	3	FSFSFSSS	0	none
frontier-run-008571	five-decreasing-chain-k2-slack_three-0	distinct	replay	3	FSFFSSSS	0	none
frontier-run-008572	five-decreasing-chain-k2-slack_three-0	distinct	replay	3	FFSSSSS	0	none
frontier-run-008573	five-decreasing-chain-k2-slack_three-0	distinct	replay	3	FFSSSSFS	0	none
frontier-run-008574	five-decreasing-chain-k2-slack_three-0	distinct	replay	3	FFSSSFSS	0	none
frontier-run-008575	five-decreasing-chain-k2-slack_three-0	distinct	replay	3	FFSSFSSS	0	none
frontier-run-008576	five-decreasing-chain-k2-slack_three-0	distinct	replay	3	FFSFSSSS	0	none
frontier-run-008577	five-decreasing-chain-k2-slack_three-0	distinct	replay	3	FFFSSSSS	0	none
frontier-run-008578	five-decreasing-chain-k2-slack_three-0	colliding	replay	3	SSSSS	0	none
frontier-run-008579	five-decreasing-chain-k2-slack_three-0	colliding	replay	3	SSSSFS	0	none
frontier-run-008580	five-decreasing-chain-k2-slack_three-0	colliding	replay	3	SSSSFFS	0	none
frontier-run-008581	five-decreasing-chain-k2-slack_three-0	colliding	replay	3	SSSSFFFS	0	none
frontier-run-008582	five-decreasing-chain-k2-slack_three-0	colliding	replay	3	SSSFSS	0	none
frontier-run-008583	five-decreasing-chain-k2-slack_three-0	colliding	replay	3	SSSFSFS	0	none
frontier-run-008584	five-decreasing-chain-k2-slack_three-0	colliding	replay	3	SSSFSFFS	0	none
frontier-run-008585	five-decreasing-chain-k2-slack_three-0	colliding	replay	3	SSSFFSS	0	none
frontier-run-008586	five-decreasing-chain-k2-slack_three-0	colliding	replay	3	SSSFFSFS	0	none
frontier-run-008587	five-decreasing-chain-k2-slack_three-0	colliding	replay	3	SSSFFFSS	0	none
frontier-run-008588	five-decreasing-chain-k2-slack_three-0	colliding	replay	3	SSFSSS	0	none
frontier-run-008589	five-decreasing-chain-k2-slack_three-0	colliding	replay	3	SSFSSFS	0	none
frontier-run-008590	five-decreasing-chain-k2-slack_three-0	colliding	replay	3	SSFSSFFS	0	none
frontier-run-008591	five-decreasing-chain-k2-slack_three-0	colliding	replay	3	SSFSFSS	0	none
frontier-run-008592	five-decreasing-chain-k2-slack_three-0	colliding	replay	3	SSFSFSFS	0	none
frontier-run-008593	five-decreasing-chain-k2-slack_three-0	colliding	replay	3	SSFSFFSS	0	none
frontier-run-008594	five-decreasing-chain-k2-slack_three-0	colliding	replay	3	SSFFSSS	0	none
frontier-run-008595	five-decreasing-chain-k2-slack_three-0	colliding	replay	3	SSFFSSFS	0	none
frontier-run-008596	five-decreasing-chain-k2-slack_three-0	colliding	replay	3	SSFFSFSS	0	none
frontier-run-008597	five-decreasing-chain-k2-slack_three-0	colliding	replay	3	SSFFFSSS	0	none
frontier-run-008598	five-decreasing-chain-k2-slack_three-0	colliding	replay	3	SFSSSS	0	none
frontier-run-008599	five-decreasing-chain-k2-slack_three-0	colliding	replay	3	SFSSSFS	0	none
frontier-run-008600	five-decreasing-chain-k2-slack_three-0	colliding	replay	3	SFSSSFFS	0	none
frontier-run-008601	five-decreasing-chain-k2-slack_three-0	colliding	replay	3	SFSSFSS	0	none
frontier-run-008602	five-decreasing-chain-k2-slack_three-0	colliding	replay	3	SFSSFSFS	0	none
frontier-run-008603	five-decreasing-chain-k2-slack_three-0	colliding	replay	3	SFSSFFSS	0	none
frontier-run-008604	five-decreasing-chain-k2-slack_three-0	colliding	replay	3	SFSFSSS	0	none
frontier-run-008605	five-decreasing-chain-k2-slack_three-0	colliding	replay	3	SFSFSSFS	0	none
frontier-run-008606	five-decreasing-chain-k2-slack_three-0	colliding	replay	3	SFSFSFSS	0	none
frontier-run-008607	five-decreasing-chain-k2-slack_three-0	colliding	replay	3	SFSFFSSS	0	none
frontier-run-008608	five-decreasing-chain-k2-slack_three-0	colliding	replay	3	SFFSSSS	0	none
frontier-run-008609	five-decreasing-chain-k2-slack_three-0	colliding	replay	3	SFFSSSFS	0	none
frontier-run-008610	five-decreasing-chain-k2-slack_three-0	colliding	replay	3	SFFSSFSS	0	none
frontier-run-008611	five-decreasing-chain-k2-slack_three-0	colliding	replay	3	SFFSFSSS	0	none
frontier-run-008612	five-decreasing-chain-k2-slack_three-0	colliding	replay	3	SFFFSSSS	0	none
frontier-run-008613	five-decreasing-chain-k2-slack_three-0	colliding	replay	3	FSSSSS	0	none
frontier-run-008614	five-decreasing-chain-k2-slack_three-0	colliding	replay	3	FSSSSFS	0	none
frontier-run-008615	five-decreasing-chain-k2-slack_three-0	colliding	replay	3	FSSSSFFS	0	none
frontier-run-008616	five-decreasing-chain-k2-slack_three-0	colliding	replay	3	FSSSFSS	0	none
frontier-run-008617	five-decreasing-chain-k2-slack_three-0	colliding	replay	3	FSSSFSFS	0	none
frontier-run-008618	five-decreasing-chain-k2-slack_three-0	colliding	replay	3	FSSSFFSS	0	none
frontier-run-008619	five-decreasing-chain-k2-slack_three-0	colliding	replay	3	FSSFSSS	0	none
frontier-run-008620	five-decreasing-chain-k2-slack_three-0	colliding	replay	3	FSSFSSFS	0	none
frontier-run-008621	five-decreasing-chain-k2-slack_three-0	colliding	replay	3	FSSFSFSS	0	none
frontier-run-008622	five-decreasing-chain-k2-slack_three-0	colliding	replay	3	FSSFFSSS	0	none
frontier-run-008623	five-decreasing-chain-k2-slack_three-0	colliding	replay	3	FSFSSSS	0	none
frontier-run-008624	five-decreasing-chain-k2-slack_three-0	colliding	replay	3	FSFSSSFS	0	none
frontier-run-008625	five-decreasing-chain-k2-slack_three-0	colliding	replay	3	FSFSSFSS	0	none
frontier-run-008626	five-decreasing-chain-k2-slack_three-0	colliding	replay	3	FSFSFSSS	0	none
frontier-run-008627	five-decreasing-chain-k2-slack_three-0	colliding	replay	3	FSFFSSSS	0	none
frontier-run-008628	five-decreasing-chain-k2-slack_three-0	colliding	replay	3	FFSSSSS	0	none
frontier-run-008629	five-decreasing-chain-k2-slack_three-0	colliding	replay	3	FFSSSSFS	0	none
frontier-run-008630	five-decreasing-chain-k2-slack_three-0	colliding	replay	3	FFSSSFSS	0	none
frontier-run-008631	five-decreasing-chain-k2-slack_three-0	colliding	replay	3	FFSSFSSS	0	none
frontier-run-008632	five-decreasing-chain-k2-slack_three-0	colliding	replay	3	FFSFSSSS	0	none
frontier-run-008633	five-decreasing-chain-k2-slack_three-0	colliding	replay	3	FFFSSSSS	0	none
frontier-run-008634	five-decreasing-chain-k2-slack_three-0	distinct	concurrent	3	-	11	none
frontier-run-008635	five-decreasing-chain-k2-slack_three-0	distinct	concurrent	3	-	23	none
frontier-run-008636	five-decreasing-chain-k2-slack_three-0	colliding	concurrent	3	-	11	none
frontier-run-008637	five-decreasing-chain-k2-slack_three-0	colliding	concurrent	3	-	23	none
frontier-run-008638	five-decreasing-chain-k2-slack_three-1	distinct	replay	0	SSSSS	0	none
frontier-run-008639	five-decreasing-chain-k2-slack_three-1	colliding	replay	0	SSSSS	0	none
frontier-run-008640	five-decreasing-chain-k2-slack_three-1	distinct	replay	1	SSSSS	0	none
frontier-run-008641	five-decreasing-chain-k2-slack_three-1	distinct	replay	1	SSSSF	0	none
frontier-run-008642	five-decreasing-chain-k2-slack_three-1	distinct	replay	1	SSSFS	0	none
frontier-run-008643	five-decreasing-chain-k2-slack_three-1	distinct	replay	1	SSFSS	0	none
frontier-run-008644	five-decreasing-chain-k2-slack_three-1	distinct	replay	1	SFSSS	0	none
frontier-run-008645	five-decreasing-chain-k2-slack_three-1	distinct	replay	1	FSSSS	0	none
frontier-run-008646	five-decreasing-chain-k2-slack_three-1	colliding	replay	1	SSSSS	0	none
frontier-run-008647	five-decreasing-chain-k2-slack_three-1	colliding	replay	1	SSSSF	0	none
frontier-run-008648	five-decreasing-chain-k2-slack_three-1	colliding	replay	1	SSSFS	0	none
frontier-run-008649	five-decreasing-chain-k2-slack_three-1	colliding	replay	1	SSFSS	0	none
frontier-run-008650	five-decreasing-chain-k2-slack_three-1	colliding	replay	1	SFSSS	0	none
frontier-run-008651	five-decreasing-chain-k2-slack_three-1	colliding	replay	1	FSSSS	0	none
frontier-run-008652	five-decreasing-chain-k2-slack_three-1	distinct	replay	2	SSSSS	0	none
frontier-run-008653	five-decreasing-chain-k2-slack_three-1	distinct	replay	2	SSSSFS	0	none
frontier-run-008654	five-decreasing-chain-k2-slack_three-1	distinct	replay	2	SSSSFF	0	none
frontier-run-008655	five-decreasing-chain-k2-slack_three-1	distinct	replay	2	SSSFSS	0	none
frontier-run-008656	five-decreasing-chain-k2-slack_three-1	distinct	replay	2	SSSFSF	0	none
frontier-run-008657	five-decreasing-chain-k2-slack_three-1	distinct	replay	2	SSSFFS	0	none
frontier-run-008658	five-decreasing-chain-k2-slack_three-1	distinct	replay	2	SSFSSS	0	none
frontier-run-008659	five-decreasing-chain-k2-slack_three-1	distinct	replay	2	SSFSSF	0	none
frontier-run-008660	five-decreasing-chain-k2-slack_three-1	distinct	replay	2	SSFSFS	0	none
frontier-run-008661	five-decreasing-chain-k2-slack_three-1	distinct	replay	2	SSFFSS	0	none
frontier-run-008662	five-decreasing-chain-k2-slack_three-1	distinct	replay	2	SFSSSS	0	none
frontier-run-008663	five-decreasing-chain-k2-slack_three-1	distinct	replay	2	SFSSSF	0	none
frontier-run-008664	five-decreasing-chain-k2-slack_three-1	distinct	replay	2	SFSSFS	0	none
frontier-run-008665	five-decreasing-chain-k2-slack_three-1	distinct	replay	2	SFSFSS	0	none
frontier-run-008666	five-decreasing-chain-k2-slack_three-1	distinct	replay	2	SFFSSS	0	none
frontier-run-008667	five-decreasing-chain-k2-slack_three-1	distinct	replay	2	FSSSSS	0	none
frontier-run-008668	five-decreasing-chain-k2-slack_three-1	distinct	replay	2	FSSSSF	0	none
frontier-run-008669	five-decreasing-chain-k2-slack_three-1	distinct	replay	2	FSSSFS	0	none
frontier-run-008670	five-decreasing-chain-k2-slack_three-1	distinct	replay	2	FSSFSS	0	none
frontier-run-008671	five-decreasing-chain-k2-slack_three-1	distinct	replay	2	FSFSSS	0	none
frontier-run-008672	five-decreasing-chain-k2-slack_three-1	distinct	replay	2	FFSSSS	0	none
frontier-run-008673	five-decreasing-chain-k2-slack_three-1	colliding	replay	2	SSSSS	0	none
frontier-run-008674	five-decreasing-chain-k2-slack_three-1	colliding	replay	2	SSSSFS	0	none
frontier-run-008675	five-decreasing-chain-k2-slack_three-1	colliding	replay	2	SSSSFF	0	none
frontier-run-008676	five-decreasing-chain-k2-slack_three-1	colliding	replay	2	SSSFSS	0	none
frontier-run-008677	five-decreasing-chain-k2-slack_three-1	colliding	replay	2	SSSFSF	0	none
frontier-run-008678	five-decreasing-chain-k2-slack_three-1	colliding	replay	2	SSSFFS	0	none
frontier-run-008679	five-decreasing-chain-k2-slack_three-1	colliding	replay	2	SSFSSS	0	none
frontier-run-008680	five-decreasing-chain-k2-slack_three-1	colliding	replay	2	SSFSSF	0	none
frontier-run-008681	five-decreasing-chain-k2-slack_three-1	colliding	replay	2	SSFSFS	0	none
frontier-run-008682	five-decreasing-chain-k2-slack_three-1	colliding	replay	2	SSFFSS	0	none
frontier-run-008683	five-decreasing-chain-k2-slack_three-1	colliding	replay	2	SFSSSS	0	none
frontier-run-008684	five-decreasing-chain-k2-slack_three-1	colliding	replay	2	SFSSSF	0	none
frontier-run-008685	five-decreasing-chain-k2-slack_three-1	colliding	replay	2	SFSSFS	0	none
frontier-run-008686	five-decreasing-chain-k2-slack_three-1	colliding	replay	2	SFSFSS	0	none
frontier-run-008687	five-decreasing-chain-k2-slack_three-1	colliding	replay	2	SFFSSS	0	none
frontier-run-008688	five-decreasing-chain-k2-slack_three-1	colliding	replay	2	FSSSSS	0	none
frontier-run-008689	five-decreasing-chain-k2-slack_three-1	colliding	replay	2	FSSSSF	0	none
frontier-run-008690	five-decreasing-chain-k2-slack_three-1	colliding	replay	2	FSSSFS	0	none
frontier-run-008691	five-decreasing-chain-k2-slack_three-1	colliding	replay	2	FSSFSS	0	none
frontier-run-008692	five-decreasing-chain-k2-slack_three-1	colliding	replay	2	FSFSSS	0	none
frontier-run-008693	five-decreasing-chain-k2-slack_three-1	colliding	replay	2	FFSSSS	0	none
frontier-run-008694	five-decreasing-chain-k2-slack_three-1	distinct	replay	3	SSSSS	0	none
frontier-run-008695	five-decreasing-chain-k2-slack_three-1	distinct	replay	3	SSSSFS	0	none
frontier-run-008696	five-decreasing-chain-k2-slack_three-1	distinct	replay	3	SSSSFFS	0	none
frontier-run-008697	five-decreasing-chain-k2-slack_three-1	distinct	replay	3	SSSSFFF	0	none
frontier-run-008698	five-decreasing-chain-k2-slack_three-1	distinct	replay	3	SSSFSS	0	none
frontier-run-008699	five-decreasing-chain-k2-slack_three-1	distinct	replay	3	SSSFSFS	0	none
frontier-run-008700	five-decreasing-chain-k2-slack_three-1	distinct	replay	3	SSSFSFF	0	none
frontier-run-008701	five-decreasing-chain-k2-slack_three-1	distinct	replay	3	SSSFFSS	0	none
frontier-run-008702	five-decreasing-chain-k2-slack_three-1	distinct	replay	3	SSSFFSF	0	none
frontier-run-008703	five-decreasing-chain-k2-slack_three-1	distinct	replay	3	SSSFFFS	0	none
frontier-run-008704	five-decreasing-chain-k2-slack_three-1	distinct	replay	3	SSFSSS	0	none
frontier-run-008705	five-decreasing-chain-k2-slack_three-1	distinct	replay	3	SSFSSFS	0	none
frontier-run-008706	five-decreasing-chain-k2-slack_three-1	distinct	replay	3	SSFSSFF	0	none
frontier-run-008707	five-decreasing-chain-k2-slack_three-1	distinct	replay	3	SSFSFSS	0	none
frontier-run-008708	five-decreasing-chain-k2-slack_three-1	distinct	replay	3	SSFSFSF	0	none
frontier-run-008709	five-decreasing-chain-k2-slack_three-1	distinct	replay	3	SSFSFFS	0	none
frontier-run-008710	five-decreasing-chain-k2-slack_three-1	distinct	replay	3	SSFFSSS	0	none
frontier-run-008711	five-decreasing-chain-k2-slack_three-1	distinct	replay	3	SSFFSSF	0	none
frontier-run-008712	five-decreasing-chain-k2-slack_three-1	distinct	replay	3	SSFFSFS	0	none
frontier-run-008713	five-decreasing-chain-k2-slack_three-1	distinct	replay	3	SSFFFSS	0	none
frontier-run-008714	five-decreasing-chain-k2-slack_three-1	distinct	replay	3	SFSSSS	0	none
frontier-run-008715	five-decreasing-chain-k2-slack_three-1	distinct	replay	3	SFSSSFS	0	none
frontier-run-008716	five-decreasing-chain-k2-slack_three-1	distinct	replay	3	SFSSSFF	0	none
frontier-run-008717	five-decreasing-chain-k2-slack_three-1	distinct	replay	3	SFSSFSS	0	none
frontier-run-008718	five-decreasing-chain-k2-slack_three-1	distinct	replay	3	SFSSFSF	0	none
frontier-run-008719	five-decreasing-chain-k2-slack_three-1	distinct	replay	3	SFSSFFS	0	none
frontier-run-008720	five-decreasing-chain-k2-slack_three-1	distinct	replay	3	SFSFSSS	0	none
frontier-run-008721	five-decreasing-chain-k2-slack_three-1	distinct	replay	3	SFSFSSF	0	none
frontier-run-008722	five-decreasing-chain-k2-slack_three-1	distinct	replay	3	SFSFSFS	0	none
frontier-run-008723	five-decreasing-chain-k2-slack_three-1	distinct	replay	3	SFSFFSS	0	none
frontier-run-008724	five-decreasing-chain-k2-slack_three-1	distinct	replay	3	SFFSSSS	0	none
frontier-run-008725	five-decreasing-chain-k2-slack_three-1	distinct	replay	3	SFFSSSF	0	none
frontier-run-008726	five-decreasing-chain-k2-slack_three-1	distinct	replay	3	SFFSSFS	0	none
frontier-run-008727	five-decreasing-chain-k2-slack_three-1	distinct	replay	3	SFFSFSS	0	none
frontier-run-008728	five-decreasing-chain-k2-slack_three-1	distinct	replay	3	SFFFSSS	0	none
frontier-run-008729	five-decreasing-chain-k2-slack_three-1	distinct	replay	3	FSSSSS	0	none
frontier-run-008730	five-decreasing-chain-k2-slack_three-1	distinct	replay	3	FSSSSFS	0	none
frontier-run-008731	five-decreasing-chain-k2-slack_three-1	distinct	replay	3	FSSSSFF	0	none
frontier-run-008732	five-decreasing-chain-k2-slack_three-1	distinct	replay	3	FSSSFSS	0	none
frontier-run-008733	five-decreasing-chain-k2-slack_three-1	distinct	replay	3	FSSSFSF	0	none
frontier-run-008734	five-decreasing-chain-k2-slack_three-1	distinct	replay	3	FSSSFFS	0	none
frontier-run-008735	five-decreasing-chain-k2-slack_three-1	distinct	replay	3	FSSFSSS	0	none
frontier-run-008736	five-decreasing-chain-k2-slack_three-1	distinct	replay	3	FSSFSSF	0	none
frontier-run-008737	five-decreasing-chain-k2-slack_three-1	distinct	replay	3	FSSFSFS	0	none
frontier-run-008738	five-decreasing-chain-k2-slack_three-1	distinct	replay	3	FSSFFSS	0	none
frontier-run-008739	five-decreasing-chain-k2-slack_three-1	distinct	replay	3	FSFSSSS	0	none
frontier-run-008740	five-decreasing-chain-k2-slack_three-1	distinct	replay	3	FSFSSSF	0	none
frontier-run-008741	five-decreasing-chain-k2-slack_three-1	distinct	replay	3	FSFSSFS	0	none
frontier-run-008742	five-decreasing-chain-k2-slack_three-1	distinct	replay	3	FSFSFSS	0	none
frontier-run-008743	five-decreasing-chain-k2-slack_three-1	distinct	replay	3	FSFFSSS	0	none
frontier-run-008744	five-decreasing-chain-k2-slack_three-1	distinct	replay	3	FFSSSSS	0	none
frontier-run-008745	five-decreasing-chain-k2-slack_three-1	distinct	replay	3	FFSSSSF	0	none
frontier-run-008746	five-decreasing-chain-k2-slack_three-1	distinct	replay	3	FFSSSFS	0	none
frontier-run-008747	five-decreasing-chain-k2-slack_three-1	distinct	replay	3	FFSSFSS	0	none
frontier-run-008748	five-decreasing-chain-k2-slack_three-1	distinct	replay	3	FFSFSSS	0	none
frontier-run-008749	five-decreasing-chain-k2-slack_three-1	distinct	replay	3	FFFSSSS	0	none
frontier-run-008750	five-decreasing-chain-k2-slack_three-1	colliding	replay	3	SSSSS	0	none
frontier-run-008751	five-decreasing-chain-k2-slack_three-1	colliding	replay	3	SSSSFS	0	none
frontier-run-008752	five-decreasing-chain-k2-slack_three-1	colliding	replay	3	SSSSFFS	0	none
frontier-run-008753	five-decreasing-chain-k2-slack_three-1	colliding	replay	3	SSSSFFF	0	none
frontier-run-008754	five-decreasing-chain-k2-slack_three-1	colliding	replay	3	SSSFSS	0	none
frontier-run-008755	five-decreasing-chain-k2-slack_three-1	colliding	replay	3	SSSFSFS	0	none
frontier-run-008756	five-decreasing-chain-k2-slack_three-1	colliding	replay	3	SSSFSFF	0	none
frontier-run-008757	five-decreasing-chain-k2-slack_three-1	colliding	replay	3	SSSFFSS	0	none
frontier-run-008758	five-decreasing-chain-k2-slack_three-1	colliding	replay	3	SSSFFSF	0	none
frontier-run-008759	five-decreasing-chain-k2-slack_three-1	colliding	replay	3	SSSFFFS	0	none
frontier-run-008760	five-decreasing-chain-k2-slack_three-1	colliding	replay	3	SSFSSS	0	none
frontier-run-008761	five-decreasing-chain-k2-slack_three-1	colliding	replay	3	SSFSSFS	0	none
frontier-run-008762	five-decreasing-chain-k2-slack_three-1	colliding	replay	3	SSFSSFF	0	none
frontier-run-008763	five-decreasing-chain-k2-slack_three-1	colliding	replay	3	SSFSFSS	0	none
frontier-run-008764	five-decreasing-chain-k2-slack_three-1	colliding	replay	3	SSFSFSF	0	none
frontier-run-008765	five-decreasing-chain-k2-slack_three-1	colliding	replay	3	SSFSFFS	0	none
frontier-run-008766	five-decreasing-chain-k2-slack_three-1	colliding	replay	3	SSFFSSS	0	none
frontier-run-008767	five-decreasing-chain-k2-slack_three-1	colliding	replay	3	SSFFSSF	0	none
frontier-run-008768	five-decreasing-chain-k2-slack_three-1	colliding	replay	3	SSFFSFS	0	none
frontier-run-008769	five-decreasing-chain-k2-slack_three-1	colliding	replay	3	SSFFFSS	0	none
frontier-run-008770	five-decreasing-chain-k2-slack_three-1	colliding	replay	3	SFSSSS	0	none
frontier-run-008771	five-decreasing-chain-k2-slack_three-1	colliding	replay	3	SFSSSFS	0	none
frontier-run-008772	five-decreasing-chain-k2-slack_three-1	colliding	replay	3	SFSSSFF	0	none
frontier-run-008773	five-decreasing-chain-k2-slack_three-1	colliding	replay	3	SFSSFSS	0	none
frontier-run-008774	five-decreasing-chain-k2-slack_three-1	colliding	replay	3	SFSSFSF	0	none
frontier-run-008775	five-decreasing-chain-k2-slack_three-1	colliding	replay	3	SFSSFFS	0	none
frontier-run-008776	five-decreasing-chain-k2-slack_three-1	colliding	replay	3	SFSFSSS	0	none
frontier-run-008777	five-decreasing-chain-k2-slack_three-1	colliding	replay	3	SFSFSSF	0	none
frontier-run-008778	five-decreasing-chain-k2-slack_three-1	colliding	replay	3	SFSFSFS	0	none
frontier-run-008779	five-decreasing-chain-k2-slack_three-1	colliding	replay	3	SFSFFSS	0	none
frontier-run-008780	five-decreasing-chain-k2-slack_three-1	colliding	replay	3	SFFSSSS	0	none
frontier-run-008781	five-decreasing-chain-k2-slack_three-1	colliding	replay	3	SFFSSSF	0	none
frontier-run-008782	five-decreasing-chain-k2-slack_three-1	colliding	replay	3	SFFSSFS	0	none
frontier-run-008783	five-decreasing-chain-k2-slack_three-1	colliding	replay	3	SFFSFSS	0	none
frontier-run-008784	five-decreasing-chain-k2-slack_three-1	colliding	replay	3	SFFFSSS	0	none
frontier-run-008785	five-decreasing-chain-k2-slack_three-1	colliding	replay	3	FSSSSS	0	none
frontier-run-008786	five-decreasing-chain-k2-slack_three-1	colliding	replay	3	FSSSSFS	0	none
frontier-run-008787	five-decreasing-chain-k2-slack_three-1	colliding	replay	3	FSSSSFF	0	none
frontier-run-008788	five-decreasing-chain-k2-slack_three-1	colliding	replay	3	FSSSFSS	0	none
frontier-run-008789	five-decreasing-chain-k2-slack_three-1	colliding	replay	3	FSSSFSF	0	none
frontier-run-008790	five-decreasing-chain-k2-slack_three-1	colliding	replay	3	FSSSFFS	0	none
frontier-run-008791	five-decreasing-chain-k2-slack_three-1	colliding	replay	3	FSSFSSS	0	none
frontier-run-008792	five-decreasing-chain-k2-slack_three-1	colliding	replay	3	FSSFSSF	0	none
frontier-run-008793	five-decreasing-chain-k2-slack_three-1	colliding	replay	3	FSSFSFS	0	none
frontier-run-008794	five-decreasing-chain-k2-slack_three-1	colliding	replay	3	FSSFFSS	0	none
frontier-run-008795	five-decreasing-chain-k2-slack_three-1	colliding	replay	3	FSFSSSS	0	none
frontier-run-008796	five-decreasing-chain-k2-slack_three-1	colliding	replay	3	FSFSSSF	0	none
frontier-run-008797	five-decreasing-chain-k2-slack_three-1	colliding	replay	3	FSFSSFS	0	none
frontier-run-008798	five-decreasing-chain-k2-slack_three-1	colliding	replay	3	FSFSFSS	0	none
frontier-run-008799	five-decreasing-chain-k2-slack_three-1	colliding	replay	3	FSFFSSS	0	none
frontier-run-008800	five-decreasing-chain-k2-slack_three-1	colliding	replay	3	FFSSSSS	0	none
frontier-run-008801	five-decreasing-chain-k2-slack_three-1	colliding	replay	3	FFSSSSF	0	none
frontier-run-008802	five-decreasing-chain-k2-slack_three-1	colliding	replay	3	FFSSSFS	0	none
frontier-run-008803	five-decreasing-chain-k2-slack_three-1	colliding	replay	3	FFSSFSS	0	none
frontier-run-008804	five-decreasing-chain-k2-slack_three-1	colliding	replay	3	FFSFSSS	0	none
frontier-run-008805	five-decreasing-chain-k2-slack_three-1	colliding	replay	3	FFFSSSS	0	none
frontier-run-008806	five-decreasing-chain-k2-slack_three-1	distinct	concurrent	3	-	11	none
frontier-run-008807	five-decreasing-chain-k2-slack_three-1	distinct	concurrent	3	-	23	none
frontier-run-008808	five-decreasing-chain-k2-slack_three-1	colliding	concurrent	3	-	11	none
frontier-run-008809	five-decreasing-chain-k2-slack_three-1	colliding	concurrent	3	-	23	none
frontier-run-008810	five-decreasing-chain-k2-slack_three-2	distinct	replay	0	SSSSS	0	none
frontier-run-008811	five-decreasing-chain-k2-slack_three-2	colliding	replay	0	SSSSS	0	none
frontier-run-008812	five-decreasing-chain-k2-slack_three-2	distinct	replay	1	SSSSS	0	none
frontier-run-008813	five-decreasing-chain-k2-slack_three-2	distinct	replay	1	SSSSF	0	none
frontier-run-008814	five-decreasing-chain-k2-slack_three-2	distinct	replay	1	SSSFS	0	none
frontier-run-008815	five-decreasing-chain-k2-slack_three-2	distinct	replay	1	SSFSS	0	none
frontier-run-008816	five-decreasing-chain-k2-slack_three-2	distinct	replay	1	SFSSS	0	none
frontier-run-008817	five-decreasing-chain-k2-slack_three-2	distinct	replay	1	FSSSS	0	none
frontier-run-008818	five-decreasing-chain-k2-slack_three-2	colliding	replay	1	SSSSS	0	none
frontier-run-008819	five-decreasing-chain-k2-slack_three-2	colliding	replay	1	SSSSF	0	none
frontier-run-008820	five-decreasing-chain-k2-slack_three-2	colliding	replay	1	SSSFS	0	none
frontier-run-008821	five-decreasing-chain-k2-slack_three-2	colliding	replay	1	SSFSS	0	none
frontier-run-008822	five-decreasing-chain-k2-slack_three-2	colliding	replay	1	SFSSS	0	none
frontier-run-008823	five-decreasing-chain-k2-slack_three-2	colliding	replay	1	FSSSS	0	none
frontier-run-008824	five-decreasing-chain-k2-slack_three-2	distinct	replay	2	SSSSS	0	none
frontier-run-008825	five-decreasing-chain-k2-slack_three-2	distinct	replay	2	SSSSF	0	none
frontier-run-008826	five-decreasing-chain-k2-slack_three-2	distinct	replay	2	SSSFS	0	none
frontier-run-008827	five-decreasing-chain-k2-slack_three-2	distinct	replay	2	SSSFF	0	none
frontier-run-008828	five-decreasing-chain-k2-slack_three-2	distinct	replay	2	SSFSS	0	none
frontier-run-008829	five-decreasing-chain-k2-slack_three-2	distinct	replay	2	SSFSF	0	none
frontier-run-008830	five-decreasing-chain-k2-slack_three-2	distinct	replay	2	SSFFS	0	none
frontier-run-008831	five-decreasing-chain-k2-slack_three-2	distinct	replay	2	SFSSS	0	none
frontier-run-008832	five-decreasing-chain-k2-slack_three-2	distinct	replay	2	SFSSF	0	none
frontier-run-008833	five-decreasing-chain-k2-slack_three-2	distinct	replay	2	SFSFS	0	none
frontier-run-008834	five-decreasing-chain-k2-slack_three-2	distinct	replay	2	SFFSS	0	none
frontier-run-008835	five-decreasing-chain-k2-slack_three-2	distinct	replay	2	FSSSS	0	none
frontier-run-008836	five-decreasing-chain-k2-slack_three-2	distinct	replay	2	FSSSF	0	none
frontier-run-008837	five-decreasing-chain-k2-slack_three-2	distinct	replay	2	FSSFS	0	none
frontier-run-008838	five-decreasing-chain-k2-slack_three-2	distinct	replay	2	FSFSS	0	none
frontier-run-008839	five-decreasing-chain-k2-slack_three-2	distinct	replay	2	FFSSS	0	none
frontier-run-008840	five-decreasing-chain-k2-slack_three-2	colliding	replay	2	SSSSS	0	none
frontier-run-008841	five-decreasing-chain-k2-slack_three-2	colliding	replay	2	SSSSF	0	none
frontier-run-008842	five-decreasing-chain-k2-slack_three-2	colliding	replay	2	SSSFS	0	none
frontier-run-008843	five-decreasing-chain-k2-slack_three-2	colliding	replay	2	SSSFF	0	none
frontier-run-008844	five-decreasing-chain-k2-slack_three-2	colliding	replay	2	SSFSS	0	none
frontier-run-008845	five-decreasing-chain-k2-slack_three-2	colliding	replay	2	SSFSF	0	none
frontier-run-008846	five-decreasing-chain-k2-slack_three-2	colliding	replay	2	SSFFS	0	none
frontier-run-008847	five-decreasing-chain-k2-slack_three-2	colliding	replay	2	SFSSS	0	none
frontier-run-008848	five-decreasing-chain-k2-slack_three-2	colliding	replay	2	SFSSF	0	none
frontier-run-008849	five-decreasing-chain-k2-slack_three-2	colliding	replay	2	SFSFS	0	none
frontier-run-008850	five-decreasing-chain-k2-slack_three-2	colliding	replay	2	SFFSS	0	none
frontier-run-008851	five-decreasing-chain-k2-slack_three-2	colliding	replay	2	FSSSS	0	none
frontier-run-008852	five-decreasing-chain-k2-slack_three-2	colliding	replay	2	FSSSF	0	none
frontier-run-008853	five-decreasing-chain-k2-slack_three-2	colliding	replay	2	FSSFS	0	none
frontier-run-008854	five-decreasing-chain-k2-slack_three-2	colliding	replay	2	FSFSS	0	none
frontier-run-008855	five-decreasing-chain-k2-slack_three-2	colliding	replay	2	FFSSS	0	none
frontier-run-008856	five-decreasing-chain-k2-slack_three-2	distinct	replay	3	SSSSS	0	none
frontier-run-008857	five-decreasing-chain-k2-slack_three-2	distinct	replay	3	SSSSFS	0	none
frontier-run-008858	five-decreasing-chain-k2-slack_three-2	distinct	replay	3	SSSSFF	0	none
frontier-run-008859	five-decreasing-chain-k2-slack_three-2	distinct	replay	3	SSSFSS	0	none
frontier-run-008860	five-decreasing-chain-k2-slack_three-2	distinct	replay	3	SSSFSF	0	none
frontier-run-008861	five-decreasing-chain-k2-slack_three-2	distinct	replay	3	SSSFFS	0	none
frontier-run-008862	five-decreasing-chain-k2-slack_three-2	distinct	replay	3	SSSFFF	0	none
frontier-run-008863	five-decreasing-chain-k2-slack_three-2	distinct	replay	3	SSFSSS	0	none
frontier-run-008864	five-decreasing-chain-k2-slack_three-2	distinct	replay	3	SSFSSF	0	none
frontier-run-008865	five-decreasing-chain-k2-slack_three-2	distinct	replay	3	SSFSFS	0	none
frontier-run-008866	five-decreasing-chain-k2-slack_three-2	distinct	replay	3	SSFSFF	0	none
frontier-run-008867	five-decreasing-chain-k2-slack_three-2	distinct	replay	3	SSFFSS	0	none
frontier-run-008868	five-decreasing-chain-k2-slack_three-2	distinct	replay	3	SSFFSF	0	none
frontier-run-008869	five-decreasing-chain-k2-slack_three-2	distinct	replay	3	SSFFFS	0	none
frontier-run-008870	five-decreasing-chain-k2-slack_three-2	distinct	replay	3	SFSSSS	0	none
frontier-run-008871	five-decreasing-chain-k2-slack_three-2	distinct	replay	3	SFSSSF	0	none
frontier-run-008872	five-decreasing-chain-k2-slack_three-2	distinct	replay	3	SFSSFS	0	none
frontier-run-008873	five-decreasing-chain-k2-slack_three-2	distinct	replay	3	SFSSFF	0	none
frontier-run-008874	five-decreasing-chain-k2-slack_three-2	distinct	replay	3	SFSFSS	0	none
frontier-run-008875	five-decreasing-chain-k2-slack_three-2	distinct	replay	3	SFSFSF	0	none
frontier-run-008876	five-decreasing-chain-k2-slack_three-2	distinct	replay	3	SFSFFS	0	none
frontier-run-008877	five-decreasing-chain-k2-slack_three-2	distinct	replay	3	SFFSSS	0	none
frontier-run-008878	five-decreasing-chain-k2-slack_three-2	distinct	replay	3	SFFSSF	0	none
frontier-run-008879	five-decreasing-chain-k2-slack_three-2	distinct	replay	3	SFFSFS	0	none
frontier-run-008880	five-decreasing-chain-k2-slack_three-2	distinct	replay	3	SFFFSS	0	none
frontier-run-008881	five-decreasing-chain-k2-slack_three-2	distinct	replay	3	FSSSSS	0	none
frontier-run-008882	five-decreasing-chain-k2-slack_three-2	distinct	replay	3	FSSSSF	0	none
frontier-run-008883	five-decreasing-chain-k2-slack_three-2	distinct	replay	3	FSSSFS	0	none
frontier-run-008884	five-decreasing-chain-k2-slack_three-2	distinct	replay	3	FSSSFF	0	none
frontier-run-008885	five-decreasing-chain-k2-slack_three-2	distinct	replay	3	FSSFSS	0	none
frontier-run-008886	five-decreasing-chain-k2-slack_three-2	distinct	replay	3	FSSFSF	0	none
frontier-run-008887	five-decreasing-chain-k2-slack_three-2	distinct	replay	3	FSSFFS	0	none
frontier-run-008888	five-decreasing-chain-k2-slack_three-2	distinct	replay	3	FSFSSS	0	none
frontier-run-008889	five-decreasing-chain-k2-slack_three-2	distinct	replay	3	FSFSSF	0	none
frontier-run-008890	five-decreasing-chain-k2-slack_three-2	distinct	replay	3	FSFSFS	0	none
frontier-run-008891	five-decreasing-chain-k2-slack_three-2	distinct	replay	3	FSFFSS	0	none
frontier-run-008892	five-decreasing-chain-k2-slack_three-2	distinct	replay	3	FFSSSS	0	none
frontier-run-008893	five-decreasing-chain-k2-slack_three-2	distinct	replay	3	FFSSSF	0	none
frontier-run-008894	five-decreasing-chain-k2-slack_three-2	distinct	replay	3	FFSSFS	0	none
frontier-run-008895	five-decreasing-chain-k2-slack_three-2	distinct	replay	3	FFSFSS	0	none
frontier-run-008896	five-decreasing-chain-k2-slack_three-2	distinct	replay	3	FFFSSS	0	none
frontier-run-008897	five-decreasing-chain-k2-slack_three-2	colliding	replay	3	SSSSS	0	none
frontier-run-008898	five-decreasing-chain-k2-slack_three-2	colliding	replay	3	SSSSFS	0	none
frontier-run-008899	five-decreasing-chain-k2-slack_three-2	colliding	replay	3	SSSSFF	0	none
frontier-run-008900	five-decreasing-chain-k2-slack_three-2	colliding	replay	3	SSSFSS	0	none
frontier-run-008901	five-decreasing-chain-k2-slack_three-2	colliding	replay	3	SSSFSF	0	none
frontier-run-008902	five-decreasing-chain-k2-slack_three-2	colliding	replay	3	SSSFFS	0	none
frontier-run-008903	five-decreasing-chain-k2-slack_three-2	colliding	replay	3	SSSFFF	0	none
frontier-run-008904	five-decreasing-chain-k2-slack_three-2	colliding	replay	3	SSFSSS	0	none
frontier-run-008905	five-decreasing-chain-k2-slack_three-2	colliding	replay	3	SSFSSF	0	none
frontier-run-008906	five-decreasing-chain-k2-slack_three-2	colliding	replay	3	SSFSFS	0	none
frontier-run-008907	five-decreasing-chain-k2-slack_three-2	colliding	replay	3	SSFSFF	0	none
frontier-run-008908	five-decreasing-chain-k2-slack_three-2	colliding	replay	3	SSFFSS	0	none
frontier-run-008909	five-decreasing-chain-k2-slack_three-2	colliding	replay	3	SSFFSF	0	none
frontier-run-008910	five-decreasing-chain-k2-slack_three-2	colliding	replay	3	SSFFFS	0	none
frontier-run-008911	five-decreasing-chain-k2-slack_three-2	colliding	replay	3	SFSSSS	0	none
frontier-run-008912	five-decreasing-chain-k2-slack_three-2	colliding	replay	3	SFSSSF	0	none
frontier-run-008913	five-decreasing-chain-k2-slack_three-2	colliding	replay	3	SFSSFS	0	none
frontier-run-008914	five-decreasing-chain-k2-slack_three-2	colliding	replay	3	SFSSFF	0	none
frontier-run-008915	five-decreasing-chain-k2-slack_three-2	colliding	replay	3	SFSFSS	0	none
frontier-run-008916	five-decreasing-chain-k2-slack_three-2	colliding	replay	3	SFSFSF	0	none
frontier-run-008917	five-decreasing-chain-k2-slack_three-2	colliding	replay	3	SFSFFS	0	none
frontier-run-008918	five-decreasing-chain-k2-slack_three-2	colliding	replay	3	SFFSSS	0	none
frontier-run-008919	five-decreasing-chain-k2-slack_three-2	colliding	replay	3	SFFSSF	0	none
frontier-run-008920	five-decreasing-chain-k2-slack_three-2	colliding	replay	3	SFFSFS	0	none
frontier-run-008921	five-decreasing-chain-k2-slack_three-2	colliding	replay	3	SFFFSS	0	none
frontier-run-008922	five-decreasing-chain-k2-slack_three-2	colliding	replay	3	FSSSSS	0	none
frontier-run-008923	five-decreasing-chain-k2-slack_three-2	colliding	replay	3	FSSSSF	0	none
frontier-run-008924	five-decreasing-chain-k2-slack_three-2	colliding	replay	3	FSSSFS	0	none
frontier-run-008925	five-decreasing-chain-k2-slack_three-2	colliding	replay	3	FSSSFF	0	none
frontier-run-008926	five-decreasing-chain-k2-slack_three-2	colliding	replay	3	FSSFSS	0	none
frontier-run-008927	five-decreasing-chain-k2-slack_three-2	colliding	replay	3	FSSFSF	0	none
frontier-run-008928	five-decreasing-chain-k2-slack_three-2	colliding	replay	3	FSSFFS	0	none
frontier-run-008929	five-decreasing-chain-k2-slack_three-2	colliding	replay	3	FSFSSS	0	none
frontier-run-008930	five-decreasing-chain-k2-slack_three-2	colliding	replay	3	FSFSSF	0	none
frontier-run-008931	five-decreasing-chain-k2-slack_three-2	colliding	replay	3	FSFSFS	0	none
frontier-run-008932	five-decreasing-chain-k2-slack_three-2	colliding	replay	3	FSFFSS	0	none
frontier-run-008933	five-decreasing-chain-k2-slack_three-2	colliding	replay	3	FFSSSS	0	none
frontier-run-008934	five-decreasing-chain-k2-slack_three-2	colliding	replay	3	FFSSSF	0	none
frontier-run-008935	five-decreasing-chain-k2-slack_three-2	colliding	replay	3	FFSSFS	0	none
frontier-run-008936	five-decreasing-chain-k2-slack_three-2	colliding	replay	3	FFSFSS	0	none
frontier-run-008937	five-decreasing-chain-k2-slack_three-2	colliding	replay	3	FFFSSS	0	none
frontier-run-008938	five-decreasing-chain-k2-slack_three-2	distinct	concurrent	3	-	11	none
frontier-run-008939	five-decreasing-chain-k2-slack_three-2	distinct	concurrent	3	-	23	none
frontier-run-008940	five-decreasing-chain-k2-slack_three-2	colliding	concurrent	3	-	11	none
frontier-run-008941	five-decreasing-chain-k2-slack_three-2	colliding	concurrent	3	-	23	none
frontier-run-008942	five-decreasing-chain-k2-slack_three-3	distinct	replay	0	SSSSS	0	none
frontier-run-008943	five-decreasing-chain-k2-slack_three-3	colliding	replay	0	SSSSS	0	none
frontier-run-008944	five-decreasing-chain-k2-slack_three-3	distinct	replay	1	SSSSS	0	none
frontier-run-008945	five-decreasing-chain-k2-slack_three-3	distinct	replay	1	SSSSF	0	none
frontier-run-008946	five-decreasing-chain-k2-slack_three-3	distinct	replay	1	SSSFS	0	none
frontier-run-008947	five-decreasing-chain-k2-slack_three-3	distinct	replay	1	SSFSS	0	none
frontier-run-008948	five-decreasing-chain-k2-slack_three-3	distinct	replay	1	SFSSS	0	none
frontier-run-008949	five-decreasing-chain-k2-slack_three-3	distinct	replay	1	FSSSS	0	none
frontier-run-008950	five-decreasing-chain-k2-slack_three-3	colliding	replay	1	SSSSS	0	none
frontier-run-008951	five-decreasing-chain-k2-slack_three-3	colliding	replay	1	SSSSF	0	none
frontier-run-008952	five-decreasing-chain-k2-slack_three-3	colliding	replay	1	SSSFS	0	none
frontier-run-008953	five-decreasing-chain-k2-slack_three-3	colliding	replay	1	SSFSS	0	none
frontier-run-008954	five-decreasing-chain-k2-slack_three-3	colliding	replay	1	SFSSS	0	none
frontier-run-008955	five-decreasing-chain-k2-slack_three-3	colliding	replay	1	FSSSS	0	none
frontier-run-008956	five-decreasing-chain-k2-slack_three-3	distinct	replay	2	SSSSS	0	none
frontier-run-008957	five-decreasing-chain-k2-slack_three-3	distinct	replay	2	SSSSF	0	none
frontier-run-008958	five-decreasing-chain-k2-slack_three-3	distinct	replay	2	SSSFS	0	none
frontier-run-008959	five-decreasing-chain-k2-slack_three-3	distinct	replay	2	SSSFF	0	none
frontier-run-008960	five-decreasing-chain-k2-slack_three-3	distinct	replay	2	SSFSS	0	none
frontier-run-008961	five-decreasing-chain-k2-slack_three-3	distinct	replay	2	SSFSF	0	none
frontier-run-008962	five-decreasing-chain-k2-slack_three-3	distinct	replay	2	SSFFS	0	none
frontier-run-008963	five-decreasing-chain-k2-slack_three-3	distinct	replay	2	SFSSS	0	none
frontier-run-008964	five-decreasing-chain-k2-slack_three-3	distinct	replay	2	SFSSF	0	none
frontier-run-008965	five-decreasing-chain-k2-slack_three-3	distinct	replay	2	SFSFS	0	none
frontier-run-008966	five-decreasing-chain-k2-slack_three-3	distinct	replay	2	SFFSS	0	none
frontier-run-008967	five-decreasing-chain-k2-slack_three-3	distinct	replay	2	FSSSS	0	none
frontier-run-008968	five-decreasing-chain-k2-slack_three-3	distinct	replay	2	FSSSF	0	none
frontier-run-008969	five-decreasing-chain-k2-slack_three-3	distinct	replay	2	FSSFS	0	none
frontier-run-008970	five-decreasing-chain-k2-slack_three-3	distinct	replay	2	FSFSS	0	none
frontier-run-008971	five-decreasing-chain-k2-slack_three-3	distinct	replay	2	FFSSS	0	none
frontier-run-008972	five-decreasing-chain-k2-slack_three-3	colliding	replay	2	SSSSS	0	none
frontier-run-008973	five-decreasing-chain-k2-slack_three-3	colliding	replay	2	SSSSF	0	none
frontier-run-008974	five-decreasing-chain-k2-slack_three-3	colliding	replay	2	SSSFS	0	none
frontier-run-008975	five-decreasing-chain-k2-slack_three-3	colliding	replay	2	SSSFF	0	none
frontier-run-008976	five-decreasing-chain-k2-slack_three-3	colliding	replay	2	SSFSS	0	none
frontier-run-008977	five-decreasing-chain-k2-slack_three-3	colliding	replay	2	SSFSF	0	none
frontier-run-008978	five-decreasing-chain-k2-slack_three-3	colliding	replay	2	SSFFS	0	none
frontier-run-008979	five-decreasing-chain-k2-slack_three-3	colliding	replay	2	SFSSS	0	none
frontier-run-008980	five-decreasing-chain-k2-slack_three-3	colliding	replay	2	SFSSF	0	none
frontier-run-008981	five-decreasing-chain-k2-slack_three-3	colliding	replay	2	SFSFS	0	none
frontier-run-008982	five-decreasing-chain-k2-slack_three-3	colliding	replay	2	SFFSS	0	none
frontier-run-008983	five-decreasing-chain-k2-slack_three-3	colliding	replay	2	FSSSS	0	none
frontier-run-008984	five-decreasing-chain-k2-slack_three-3	colliding	replay	2	FSSSF	0	none
frontier-run-008985	five-decreasing-chain-k2-slack_three-3	colliding	replay	2	FSSFS	0	none
frontier-run-008986	five-decreasing-chain-k2-slack_three-3	colliding	replay	2	FSFSS	0	none
frontier-run-008987	five-decreasing-chain-k2-slack_three-3	colliding	replay	2	FFSSS	0	none
frontier-run-008988	five-decreasing-chain-k2-slack_three-3	distinct	replay	3	SSSSS	0	none
frontier-run-008989	five-decreasing-chain-k2-slack_three-3	distinct	replay	3	SSSSF	0	none
frontier-run-008990	five-decreasing-chain-k2-slack_three-3	distinct	replay	3	SSSFS	0	none
frontier-run-008991	five-decreasing-chain-k2-slack_three-3	distinct	replay	3	SSSFF	0	none
frontier-run-008992	five-decreasing-chain-k2-slack_three-3	distinct	replay	3	SSFSS	0	none
frontier-run-008993	five-decreasing-chain-k2-slack_three-3	distinct	replay	3	SSFSF	0	none
frontier-run-008994	five-decreasing-chain-k2-slack_three-3	distinct	replay	3	SSFFS	0	none
frontier-run-008995	five-decreasing-chain-k2-slack_three-3	distinct	replay	3	SSFFF	0	none
frontier-run-008996	five-decreasing-chain-k2-slack_three-3	distinct	replay	3	SFSSS	0	none
frontier-run-008997	five-decreasing-chain-k2-slack_three-3	distinct	replay	3	SFSSF	0	none
frontier-run-008998	five-decreasing-chain-k2-slack_three-3	distinct	replay	3	SFSFS	0	none
frontier-run-008999	five-decreasing-chain-k2-slack_three-3	distinct	replay	3	SFSFF	0	none
frontier-run-009000	five-decreasing-chain-k2-slack_three-3	distinct	replay	3	SFFSS	0	none
frontier-run-009001	five-decreasing-chain-k2-slack_three-3	distinct	replay	3	SFFSF	0	none
frontier-run-009002	five-decreasing-chain-k2-slack_three-3	distinct	replay	3	SFFFS	0	none
frontier-run-009003	five-decreasing-chain-k2-slack_three-3	distinct	replay	3	FSSSS	0	none
frontier-run-009004	five-decreasing-chain-k2-slack_three-3	distinct	replay	3	FSSSF	0	none
frontier-run-009005	five-decreasing-chain-k2-slack_three-3	distinct	replay	3	FSSFS	0	none
frontier-run-009006	five-decreasing-chain-k2-slack_three-3	distinct	replay	3	FSSFF	0	none
frontier-run-009007	five-decreasing-chain-k2-slack_three-3	distinct	replay	3	FSFSS	0	none
frontier-run-009008	five-decreasing-chain-k2-slack_three-3	distinct	replay	3	FSFSF	0	none
frontier-run-009009	five-decreasing-chain-k2-slack_three-3	distinct	replay	3	FSFFS	0	none
frontier-run-009010	five-decreasing-chain-k2-slack_three-3	distinct	replay	3	FFSSS	0	none
frontier-run-009011	five-decreasing-chain-k2-slack_three-3	distinct	replay	3	FFSSF	0	none
frontier-run-009012	five-decreasing-chain-k2-slack_three-3	distinct	replay	3	FFSFS	0	none
frontier-run-009013	five-decreasing-chain-k2-slack_three-3	distinct	replay	3	FFFSS	0	none
frontier-run-009014	five-decreasing-chain-k2-slack_three-3	colliding	replay	3	SSSSS	0	none
frontier-run-009015	five-decreasing-chain-k2-slack_three-3	colliding	replay	3	SSSSF	0	none
frontier-run-009016	five-decreasing-chain-k2-slack_three-3	colliding	replay	3	SSSFS	0	none
frontier-run-009017	five-decreasing-chain-k2-slack_three-3	colliding	replay	3	SSSFF	0	none
frontier-run-009018	five-decreasing-chain-k2-slack_three-3	colliding	replay	3	SSFSS	0	none
frontier-run-009019	five-decreasing-chain-k2-slack_three-3	colliding	replay	3	SSFSF	0	none
frontier-run-009020	five-decreasing-chain-k2-slack_three-3	colliding	replay	3	SSFFS	0	none
frontier-run-009021	five-decreasing-chain-k2-slack_three-3	colliding	replay	3	SSFFF	0	none
frontier-run-009022	five-decreasing-chain-k2-slack_three-3	colliding	replay	3	SFSSS	0	none
frontier-run-009023	five-decreasing-chain-k2-slack_three-3	colliding	replay	3	SFSSF	0	none
frontier-run-009024	five-decreasing-chain-k2-slack_three-3	colliding	replay	3	SFSFS	0	none
frontier-run-009025	five-decreasing-chain-k2-slack_three-3	colliding	replay	3	SFSFF	0	none
frontier-run-009026	five-decreasing-chain-k2-slack_three-3	colliding	replay	3	SFFSS	0	none
frontier-run-009027	five-decreasing-chain-k2-slack_three-3	colliding	replay	3	SFFSF	0	none
frontier-run-009028	five-decreasing-chain-k2-slack_three-3	colliding	replay	3	SFFFS	0	none
frontier-run-009029	five-decreasing-chain-k2-slack_three-3	colliding	replay	3	FSSSS	0	none
frontier-run-009030	five-decreasing-chain-k2-slack_three-3	colliding	replay	3	FSSSF	0	none
frontier-run-009031	five-decreasing-chain-k2-slack_three-3	colliding	replay	3	FSSFS	0	none
frontier-run-009032	five-decreasing-chain-k2-slack_three-3	colliding	replay	3	FSSFF	0	none
frontier-run-009033	five-decreasing-chain-k2-slack_three-3	colliding	replay	3	FSFSS	0	none
frontier-run-009034	five-decreasing-chain-k2-slack_three-3	colliding	replay	3	FSFSF	0	none
frontier-run-009035	five-decreasing-chain-k2-slack_three-3	colliding	replay	3	FSFFS	0	none
frontier-run-009036	five-decreasing-chain-k2-slack_three-3	colliding	replay	3	FFSSS	0	none
frontier-run-009037	five-decreasing-chain-k2-slack_three-3	colliding	replay	3	FFSSF	0	none
frontier-run-009038	five-decreasing-chain-k2-slack_three-3	colliding	replay	3	FFSFS	0	none
frontier-run-009039	five-decreasing-chain-k2-slack_three-3	colliding	replay	3	FFFSS	0	none
frontier-run-009040	five-decreasing-chain-k2-slack_three-3	distinct	concurrent	3	-	11	none
frontier-run-009041	five-decreasing-chain-k2-slack_three-3	distinct	concurrent	3	-	23	none
frontier-run-009042	five-decreasing-chain-k2-slack_three-3	colliding	concurrent	3	-	11	none
frontier-run-009043	five-decreasing-chain-k2-slack_three-3	colliding	concurrent	3	-	23	none
frontier-run-009044	five-decreasing-chain-k2-slack_two-0	distinct	replay	0	SSSSS	0	none
frontier-run-009045	five-decreasing-chain-k2-slack_two-0	colliding	replay	0	SSSSS	0	none
frontier-run-009046	five-decreasing-chain-k2-slack_two-0	distinct	replay	1	SSSSS	0	none
frontier-run-009047	five-decreasing-chain-k2-slack_two-0	distinct	replay	1	SSSSFS	0	none
frontier-run-009048	five-decreasing-chain-k2-slack_two-0	distinct	replay	1	SSSFSS	0	none
frontier-run-009049	five-decreasing-chain-k2-slack_two-0	distinct	replay	1	SSFSSS	0	none
frontier-run-009050	five-decreasing-chain-k2-slack_two-0	distinct	replay	1	SFSSSS	0	none
frontier-run-009051	five-decreasing-chain-k2-slack_two-0	distinct	replay	1	FSSSSS	0	none
frontier-run-009052	five-decreasing-chain-k2-slack_two-0	colliding	replay	1	SSSSS	0	none
frontier-run-009053	five-decreasing-chain-k2-slack_two-0	colliding	replay	1	SSSSFS	0	none
frontier-run-009054	five-decreasing-chain-k2-slack_two-0	colliding	replay	1	SSSFSS	0	none
frontier-run-009055	five-decreasing-chain-k2-slack_two-0	colliding	replay	1	SSFSSS	0	none
frontier-run-009056	five-decreasing-chain-k2-slack_two-0	colliding	replay	1	SFSSSS	0	none
frontier-run-009057	five-decreasing-chain-k2-slack_two-0	colliding	replay	1	FSSSSS	0	none
frontier-run-009058	five-decreasing-chain-k2-slack_two-0	distinct	replay	2	SSSSS	0	none
frontier-run-009059	five-decreasing-chain-k2-slack_two-0	distinct	replay	2	SSSSFS	0	none
frontier-run-009060	five-decreasing-chain-k2-slack_two-0	distinct	replay	2	SSSSFFS	0	none
frontier-run-009061	five-decreasing-chain-k2-slack_two-0	distinct	replay	2	SSSFSS	0	none
frontier-run-009062	five-decreasing-chain-k2-slack_two-0	distinct	replay	2	SSSFSFS	0	none
frontier-run-009063	five-decreasing-chain-k2-slack_two-0	distinct	replay	2	SSSFFSS	0	none
frontier-run-009064	five-decreasing-chain-k2-slack_two-0	distinct	replay	2	SSFSSS	0	none
frontier-run-009065	five-decreasing-chain-k2-slack_two-0	distinct	replay	2	SSFSSFS	0	none
frontier-run-009066	five-decreasing-chain-k2-slack_two-0	distinct	replay	2	SSFSFSS	0	none
frontier-run-009067	five-decreasing-chain-k2-slack_two-0	distinct	replay	2	SSFFSSS	0	none
frontier-run-009068	five-decreasing-chain-k2-slack_two-0	distinct	replay	2	SFSSSS	0	none
frontier-run-009069	five-decreasing-chain-k2-slack_two-0	distinct	replay	2	SFSSSFS	0	none
frontier-run-009070	five-decreasing-chain-k2-slack_two-0	distinct	replay	2	SFSSFSS	0	none
frontier-run-009071	five-decreasing-chain-k2-slack_two-0	distinct	replay	2	SFSFSSS	0	none
frontier-run-009072	five-decreasing-chain-k2-slack_two-0	distinct	replay	2	SFFSSSS	0	none
frontier-run-009073	five-decreasing-chain-k2-slack_two-0	distinct	replay	2	FSSSSS	0	none
frontier-run-009074	five-decreasing-chain-k2-slack_two-0	distinct	replay	2	FSSSSFS	0	none
frontier-run-009075	five-decreasing-chain-k2-slack_two-0	distinct	replay	2	FSSSFSS	0	none
frontier-run-009076	five-decreasing-chain-k2-slack_two-0	distinct	replay	2	FSSFSSS	0	none
frontier-run-009077	five-decreasing-chain-k2-slack_two-0	distinct	replay	2	FSFSSSS	0	none
frontier-run-009078	five-decreasing-chain-k2-slack_two-0	distinct	replay	2	FFSSSSS	0	none
frontier-run-009079	five-decreasing-chain-k2-slack_two-0	colliding	replay	2	SSSSS	0	none
frontier-run-009080	five-decreasing-chain-k2-slack_two-0	colliding	replay	2	SSSSFS	0	none
frontier-run-009081	five-decreasing-chain-k2-slack_two-0	colliding	replay	2	SSSSFFS	0	none
frontier-run-009082	five-decreasing-chain-k2-slack_two-0	colliding	replay	2	SSSFSS	0	none
frontier-run-009083	five-decreasing-chain-k2-slack_two-0	colliding	replay	2	SSSFSFS	0	none
frontier-run-009084	five-decreasing-chain-k2-slack_two-0	colliding	replay	2	SSSFFSS	0	none
frontier-run-009085	five-decreasing-chain-k2-slack_two-0	colliding	replay	2	SSFSSS	0	none
frontier-run-009086	five-decreasing-chain-k2-slack_two-0	colliding	replay	2	SSFSSFS	0	none
frontier-run-009087	five-decreasing-chain-k2-slack_two-0	colliding	replay	2	SSFSFSS	0	none
frontier-run-009088	five-decreasing-chain-k2-slack_two-0	colliding	replay	2	SSFFSSS	0	none
frontier-run-009089	five-decreasing-chain-k2-slack_two-0	colliding	replay	2	SFSSSS	0	none
frontier-run-009090	five-decreasing-chain-k2-slack_two-0	colliding	replay	2	SFSSSFS	0	none
frontier-run-009091	five-decreasing-chain-k2-slack_two-0	colliding	replay	2	SFSSFSS	0	none
frontier-run-009092	five-decreasing-chain-k2-slack_two-0	colliding	replay	2	SFSFSSS	0	none
frontier-run-009093	five-decreasing-chain-k2-slack_two-0	colliding	replay	2	SFFSSSS	0	none
frontier-run-009094	five-decreasing-chain-k2-slack_two-0	colliding	replay	2	FSSSSS	0	none
frontier-run-009095	five-decreasing-chain-k2-slack_two-0	colliding	replay	2	FSSSSFS	0	none
frontier-run-009096	five-decreasing-chain-k2-slack_two-0	colliding	replay	2	FSSSFSS	0	none
frontier-run-009097	five-decreasing-chain-k2-slack_two-0	colliding	replay	2	FSSFSSS	0	none
frontier-run-009098	five-decreasing-chain-k2-slack_two-0	colliding	replay	2	FSFSSSS	0	none
frontier-run-009099	five-decreasing-chain-k2-slack_two-0	colliding	replay	2	FFSSSSS	0	none
frontier-run-009100	five-decreasing-chain-k2-slack_two-0	distinct	replay	3	SSSSS	0	none
frontier-run-009101	five-decreasing-chain-k2-slack_two-0	distinct	replay	3	SSSSFS	0	none
frontier-run-009102	five-decreasing-chain-k2-slack_two-0	distinct	replay	3	SSSSFFS	0	none
frontier-run-009103	five-decreasing-chain-k2-slack_two-0	distinct	replay	3	SSSSFFFS	0	none
frontier-run-009104	five-decreasing-chain-k2-slack_two-0	distinct	replay	3	SSSFSS	0	none
frontier-run-009105	five-decreasing-chain-k2-slack_two-0	distinct	replay	3	SSSFSFS	0	none
frontier-run-009106	five-decreasing-chain-k2-slack_two-0	distinct	replay	3	SSSFSFFS	0	none
frontier-run-009107	five-decreasing-chain-k2-slack_two-0	distinct	replay	3	SSSFFSS	0	none
frontier-run-009108	five-decreasing-chain-k2-slack_two-0	distinct	replay	3	SSSFFSFS	0	none
frontier-run-009109	five-decreasing-chain-k2-slack_two-0	distinct	replay	3	SSSFFFSS	0	none
frontier-run-009110	five-decreasing-chain-k2-slack_two-0	distinct	replay	3	SSFSSS	0	none
frontier-run-009111	five-decreasing-chain-k2-slack_two-0	distinct	replay	3	SSFSSFS	0	none
frontier-run-009112	five-decreasing-chain-k2-slack_two-0	distinct	replay	3	SSFSSFFS	0	none
frontier-run-009113	five-decreasing-chain-k2-slack_two-0	distinct	replay	3	SSFSFSS	0	none
frontier-run-009114	five-decreasing-chain-k2-slack_two-0	distinct	replay	3	SSFSFSFS	0	none
frontier-run-009115	five-decreasing-chain-k2-slack_two-0	distinct	replay	3	SSFSFFSS	0	none
frontier-run-009116	five-decreasing-chain-k2-slack_two-0	distinct	replay	3	SSFFSSS	0	none
frontier-run-009117	five-decreasing-chain-k2-slack_two-0	distinct	replay	3	SSFFSSFS	0	none
frontier-run-009118	five-decreasing-chain-k2-slack_two-0	distinct	replay	3	SSFFSFSS	0	none
frontier-run-009119	five-decreasing-chain-k2-slack_two-0	distinct	replay	3	SSFFFSSS	0	none
frontier-run-009120	five-decreasing-chain-k2-slack_two-0	distinct	replay	3	SFSSSS	0	none
frontier-run-009121	five-decreasing-chain-k2-slack_two-0	distinct	replay	3	SFSSSFS	0	none
frontier-run-009122	five-decreasing-chain-k2-slack_two-0	distinct	replay	3	SFSSSFFS	0	none
frontier-run-009123	five-decreasing-chain-k2-slack_two-0	distinct	replay	3	SFSSFSS	0	none
frontier-run-009124	five-decreasing-chain-k2-slack_two-0	distinct	replay	3	SFSSFSFS	0	none
frontier-run-009125	five-decreasing-chain-k2-slack_two-0	distinct	replay	3	SFSSFFSS	0	none
frontier-run-009126	five-decreasing-chain-k2-slack_two-0	distinct	replay	3	SFSFSSS	0	none
frontier-run-009127	five-decreasing-chain-k2-slack_two-0	distinct	replay	3	SFSFSSFS	0	none
frontier-run-009128	five-decreasing-chain-k2-slack_two-0	distinct	replay	3	SFSFSFSS	0	none
frontier-run-009129	five-decreasing-chain-k2-slack_two-0	distinct	replay	3	SFSFFSSS	0	none
frontier-run-009130	five-decreasing-chain-k2-slack_two-0	distinct	replay	3	SFFSSSS	0	none
frontier-run-009131	five-decreasing-chain-k2-slack_two-0	distinct	replay	3	SFFSSSFS	0	none
frontier-run-009132	five-decreasing-chain-k2-slack_two-0	distinct	replay	3	SFFSSFSS	0	none
frontier-run-009133	five-decreasing-chain-k2-slack_two-0	distinct	replay	3	SFFSFSSS	0	none
frontier-run-009134	five-decreasing-chain-k2-slack_two-0	distinct	replay	3	SFFFSSSS	0	none
frontier-run-009135	five-decreasing-chain-k2-slack_two-0	distinct	replay	3	FSSSSS	0	none
frontier-run-009136	five-decreasing-chain-k2-slack_two-0	distinct	replay	3	FSSSSFS	0	none
frontier-run-009137	five-decreasing-chain-k2-slack_two-0	distinct	replay	3	FSSSSFFS	0	none
frontier-run-009138	five-decreasing-chain-k2-slack_two-0	distinct	replay	3	FSSSFSS	0	none
frontier-run-009139	five-decreasing-chain-k2-slack_two-0	distinct	replay	3	FSSSFSFS	0	none
frontier-run-009140	five-decreasing-chain-k2-slack_two-0	distinct	replay	3	FSSSFFSS	0	none
frontier-run-009141	five-decreasing-chain-k2-slack_two-0	distinct	replay	3	FSSFSSS	0	none
frontier-run-009142	five-decreasing-chain-k2-slack_two-0	distinct	replay	3	FSSFSSFS	0	none
frontier-run-009143	five-decreasing-chain-k2-slack_two-0	distinct	replay	3	FSSFSFSS	0	none
frontier-run-009144	five-decreasing-chain-k2-slack_two-0	distinct	replay	3	FSSFFSSS	0	none
frontier-run-009145	five-decreasing-chain-k2-slack_two-0	distinct	replay	3	FSFSSSS	0	none
frontier-run-009146	five-decreasing-chain-k2-slack_two-0	distinct	replay	3	FSFSSSFS	0	none
frontier-run-009147	five-decreasing-chain-k2-slack_two-0	distinct	replay	3	FSFSSFSS	0	none
frontier-run-009148	five-decreasing-chain-k2-slack_two-0	distinct	replay	3	FSFSFSSS	0	none
frontier-run-009149	five-decreasing-chain-k2-slack_two-0	distinct	replay	3	FSFFSSSS	0	none
frontier-run-009150	five-decreasing-chain-k2-slack_two-0	distinct	replay	3	FFSSSSS	0	none
frontier-run-009151	five-decreasing-chain-k2-slack_two-0	distinct	replay	3	FFSSSSFS	0	none
frontier-run-009152	five-decreasing-chain-k2-slack_two-0	distinct	replay	3	FFSSSFSS	0	none
frontier-run-009153	five-decreasing-chain-k2-slack_two-0	distinct	replay	3	FFSSFSSS	0	none
frontier-run-009154	five-decreasing-chain-k2-slack_two-0	distinct	replay	3	FFSFSSSS	0	none
frontier-run-009155	five-decreasing-chain-k2-slack_two-0	distinct	replay	3	FFFSSSSS	0	none
frontier-run-009156	five-decreasing-chain-k2-slack_two-0	colliding	replay	3	SSSSS	0	none
frontier-run-009157	five-decreasing-chain-k2-slack_two-0	colliding	replay	3	SSSSFS	0	none
frontier-run-009158	five-decreasing-chain-k2-slack_two-0	colliding	replay	3	SSSSFFS	0	none
frontier-run-009159	five-decreasing-chain-k2-slack_two-0	colliding	replay	3	SSSSFFFS	0	none
frontier-run-009160	five-decreasing-chain-k2-slack_two-0	colliding	replay	3	SSSFSS	0	none
frontier-run-009161	five-decreasing-chain-k2-slack_two-0	colliding	replay	3	SSSFSFS	0	none
frontier-run-009162	five-decreasing-chain-k2-slack_two-0	colliding	replay	3	SSSFSFFS	0	none
frontier-run-009163	five-decreasing-chain-k2-slack_two-0	colliding	replay	3	SSSFFSS	0	none
frontier-run-009164	five-decreasing-chain-k2-slack_two-0	colliding	replay	3	SSSFFSFS	0	none
frontier-run-009165	five-decreasing-chain-k2-slack_two-0	colliding	replay	3	SSSFFFSS	0	none
frontier-run-009166	five-decreasing-chain-k2-slack_two-0	colliding	replay	3	SSFSSS	0	none
frontier-run-009167	five-decreasing-chain-k2-slack_two-0	colliding	replay	3	SSFSSFS	0	none
frontier-run-009168	five-decreasing-chain-k2-slack_two-0	colliding	replay	3	SSFSSFFS	0	none
frontier-run-009169	five-decreasing-chain-k2-slack_two-0	colliding	replay	3	SSFSFSS	0	none
frontier-run-009170	five-decreasing-chain-k2-slack_two-0	colliding	replay	3	SSFSFSFS	0	none
frontier-run-009171	five-decreasing-chain-k2-slack_two-0	colliding	replay	3	SSFSFFSS	0	none
frontier-run-009172	five-decreasing-chain-k2-slack_two-0	colliding	replay	3	SSFFSSS	0	none
frontier-run-009173	five-decreasing-chain-k2-slack_two-0	colliding	replay	3	SSFFSSFS	0	none
frontier-run-009174	five-decreasing-chain-k2-slack_two-0	colliding	replay	3	SSFFSFSS	0	none
frontier-run-009175	five-decreasing-chain-k2-slack_two-0	colliding	replay	3	SSFFFSSS	0	none
frontier-run-009176	five-decreasing-chain-k2-slack_two-0	colliding	replay	3	SFSSSS	0	none
frontier-run-009177	five-decreasing-chain-k2-slack_two-0	colliding	replay	3	SFSSSFS	0	none
frontier-run-009178	five-decreasing-chain-k2-slack_two-0	colliding	replay	3	SFSSSFFS	0	none
frontier-run-009179	five-decreasing-chain-k2-slack_two-0	colliding	replay	3	SFSSFSS	0	none
frontier-run-009180	five-decreasing-chain-k2-slack_two-0	colliding	replay	3	SFSSFSFS	0	none
frontier-run-009181	five-decreasing-chain-k2-slack_two-0	colliding	replay	3	SFSSFFSS	0	none
frontier-run-009182	five-decreasing-chain-k2-slack_two-0	colliding	replay	3	SFSFSSS	0	none
frontier-run-009183	five-decreasing-chain-k2-slack_two-0	colliding	replay	3	SFSFSSFS	0	none
frontier-run-009184	five-decreasing-chain-k2-slack_two-0	colliding	replay	3	SFSFSFSS	0	none
frontier-run-009185	five-decreasing-chain-k2-slack_two-0	colliding	replay	3	SFSFFSSS	0	none
frontier-run-009186	five-decreasing-chain-k2-slack_two-0	colliding	replay	3	SFFSSSS	0	none
frontier-run-009187	five-decreasing-chain-k2-slack_two-0	colliding	replay	3	SFFSSSFS	0	none
frontier-run-009188	five-decreasing-chain-k2-slack_two-0	colliding	replay	3	SFFSSFSS	0	none
frontier-run-009189	five-decreasing-chain-k2-slack_two-0	colliding	replay	3	SFFSFSSS	0	none
frontier-run-009190	five-decreasing-chain-k2-slack_two-0	colliding	replay	3	SFFFSSSS	0	none
frontier-run-009191	five-decreasing-chain-k2-slack_two-0	colliding	replay	3	FSSSSS	0	none
frontier-run-009192	five-decreasing-chain-k2-slack_two-0	colliding	replay	3	FSSSSFS	0	none
frontier-run-009193	five-decreasing-chain-k2-slack_two-0	colliding	replay	3	FSSSSFFS	0	none
frontier-run-009194	five-decreasing-chain-k2-slack_two-0	colliding	replay	3	FSSSFSS	0	none
frontier-run-009195	five-decreasing-chain-k2-slack_two-0	colliding	replay	3	FSSSFSFS	0	none
frontier-run-009196	five-decreasing-chain-k2-slack_two-0	colliding	replay	3	FSSSFFSS	0	none
frontier-run-009197	five-decreasing-chain-k2-slack_two-0	colliding	replay	3	FSSFSSS	0	none
frontier-run-009198	five-decreasing-chain-k2-slack_two-0	colliding	replay	3	FSSFSSFS	0	none
frontier-run-009199	five-decreasing-chain-k2-slack_two-0	colliding	replay	3	FSSFSFSS	0	none
frontier-run-009200	five-decreasing-chain-k2-slack_two-0	colliding	replay	3	FSSFFSSS	0	none
frontier-run-009201	five-decreasing-chain-k2-slack_two-0	colliding	replay	3	FSFSSSS	0	none
frontier-run-009202	five-decreasing-chain-k2-slack_two-0	colliding	replay	3	FSFSSSFS	0	none
frontier-run-009203	five-decreasing-chain-k2-slack_two-0	colliding	replay	3	FSFSSFSS	0	none
frontier-run-009204	five-decreasing-chain-k2-slack_two-0	colliding	replay	3	FSFSFSSS	0	none
frontier-run-009205	five-decreasing-chain-k2-slack_two-0	colliding	replay	3	FSFFSSSS	0	none
frontier-run-009206	five-decreasing-chain-k2-slack_two-0	colliding	replay	3	FFSSSSS	0	none
frontier-run-009207	five-decreasing-chain-k2-slack_two-0	colliding	replay	3	FFSSSSFS	0	none
frontier-run-009208	five-decreasing-chain-k2-slack_two-0	colliding	replay	3	FFSSSFSS	0	none
frontier-run-009209	five-decreasing-chain-k2-slack_two-0	colliding	replay	3	FFSSFSSS	0	none
frontier-run-009210	five-decreasing-chain-k2-slack_two-0	colliding	replay	3	FFSFSSSS	0	none
frontier-run-009211	five-decreasing-chain-k2-slack_two-0	colliding	replay	3	FFFSSSSS	0	none
frontier-run-009212	five-decreasing-chain-k2-slack_two-0	distinct	concurrent	3	-	11	none
frontier-run-009213	five-decreasing-chain-k2-slack_two-0	distinct	concurrent	3	-	23	none
frontier-run-009214	five-decreasing-chain-k2-slack_two-0	colliding	concurrent	3	-	11	none
frontier-run-009215	five-decreasing-chain-k2-slack_two-0	colliding	concurrent	3	-	23	none
frontier-run-009216	five-decreasing-chain-k2-slack_two-1	distinct	replay	0	SSSSS	0	none
frontier-run-009217	five-decreasing-chain-k2-slack_two-1	colliding	replay	0	SSSSS	0	none
frontier-run-009218	five-decreasing-chain-k2-slack_two-1	distinct	replay	1	-	0	none
frontier-run-009219	five-decreasing-chain-k2-slack_two-1	colliding	replay	1	-	0	none
frontier-run-009220	five-decreasing-chain-k2-slack_two-1	distinct	replay	2	SSSSS	0	none
frontier-run-009221	five-decreasing-chain-k2-slack_two-1	distinct	replay	2	SSSSF	0	none
frontier-run-009222	five-decreasing-chain-k2-slack_two-1	distinct	replay	2	SSSF	0	none
frontier-run-009223	five-decreasing-chain-k2-slack_two-1	distinct	replay	2	SSF	0	none
frontier-run-009224	five-decreasing-chain-k2-slack_two-1	distinct	replay	2	SF	0	none
frontier-run-009225	five-decreasing-chain-k2-slack_two-1	distinct	replay	2	F	0	none
frontier-run-009226	five-decreasing-chain-k2-slack_two-1	colliding	replay	2	SSSSS	0	none
frontier-run-009227	five-decreasing-chain-k2-slack_two-1	colliding	replay	2	SSSSF	0	none
frontier-run-009228	five-decreasing-chain-k2-slack_two-1	colliding	replay	2	SSSF	0	none
frontier-run-009229	five-decreasing-chain-k2-slack_two-1	colliding	replay	2	SSF	0	none
frontier-run-009230	five-decreasing-chain-k2-slack_two-1	colliding	replay	2	SF	0	none
frontier-run-009231	five-decreasing-chain-k2-slack_two-1	colliding	replay	2	F	0	none
frontier-run-009232	five-decreasing-chain-k2-slack_two-1	distinct	replay	3	SSSSS	0	none
frontier-run-009233	five-decreasing-chain-k2-slack_two-1	distinct	replay	3	SSSSFS	0	none
frontier-run-009234	five-decreasing-chain-k2-slack_two-1	distinct	replay	3	SSSSFF	0	none
frontier-run-009235	five-decreasing-chain-k2-slack_two-1	distinct	replay	3	SSSFSS	0	none
frontier-run-009236	five-decreasing-chain-k2-slack_two-1	distinct	replay	3	SSSFSF	0	none
frontier-run-009237	five-decreasing-chain-k2-slack_two-1	distinct	replay	3	SSSFF	0	none
frontier-run-009238	five-decreasing-chain-k2-slack_two-1	distinct	replay	3	SSFSSS	0	none
frontier-run-009239	five-decreasing-chain-k2-slack_two-1	distinct	replay	3	SSFSSF	0	none
frontier-run-009240	five-decreasing-chain-k2-slack_two-1	distinct	replay	3	SSFSF	0	none
frontier-run-009241	five-decreasing-chain-k2-slack_two-1	distinct	replay	3	SSFF	0	none
frontier-run-009242	five-decreasing-chain-k2-slack_two-1	distinct	replay	3	SFSSSS	0	none
frontier-run-009243	five-decreasing-chain-k2-slack_two-1	distinct	replay	3	SFSSSF	0	none
frontier-run-009244	five-decreasing-chain-k2-slack_two-1	distinct	replay	3	SFSSF	0	none
frontier-run-009245	five-decreasing-chain-k2-slack_two-1	distinct	replay	3	SFSF	0	none
frontier-run-009246	five-decreasing-chain-k2-slack_two-1	distinct	replay	3	SFF	0	none
frontier-run-009247	five-decreasing-chain-k2-slack_two-1	distinct	replay	3	FSSSSS	0	none
frontier-run-009248	five-decreasing-chain-k2-slack_two-1	distinct	replay	3	FSSSSF	0	none
frontier-run-009249	five-decreasing-chain-k2-slack_two-1	distinct	replay	3	FSSSF	0	none
frontier-run-009250	five-decreasing-chain-k2-slack_two-1	distinct	replay	3	FSSF	0	none
frontier-run-009251	five-decreasing-chain-k2-slack_two-1	distinct	replay	3	FSF	0	none
frontier-run-009252	five-decreasing-chain-k2-slack_two-1	distinct	replay	3	FF	0	none
frontier-run-009253	five-decreasing-chain-k2-slack_two-1	colliding	replay	3	SSSSS	0	none
frontier-run-009254	five-decreasing-chain-k2-slack_two-1	colliding	replay	3	SSSSFS	0	none
frontier-run-009255	five-decreasing-chain-k2-slack_two-1	colliding	replay	3	SSSSFF	0	none
frontier-run-009256	five-decreasing-chain-k2-slack_two-1	colliding	replay	3	SSSFSS	0	none
frontier-run-009257	five-decreasing-chain-k2-slack_two-1	colliding	replay	3	SSSFSF	0	none
frontier-run-009258	five-decreasing-chain-k2-slack_two-1	colliding	replay	3	SSSFF	0	none
frontier-run-009259	five-decreasing-chain-k2-slack_two-1	colliding	replay	3	SSFSSS	0	none
frontier-run-009260	five-decreasing-chain-k2-slack_two-1	colliding	replay	3	SSFSSF	0	none
frontier-run-009261	five-decreasing-chain-k2-slack_two-1	colliding	replay	3	SSFSF	0	none
frontier-run-009262	five-decreasing-chain-k2-slack_two-1	colliding	replay	3	SSFF	0	none
frontier-run-009263	five-decreasing-chain-k2-slack_two-1	colliding	replay	3	SFSSSS	0	none
frontier-run-009264	five-decreasing-chain-k2-slack_two-1	colliding	replay	3	SFSSSF	0	none
frontier-run-009265	five-decreasing-chain-k2-slack_two-1	colliding	replay	3	SFSSF	0	none
frontier-run-009266	five-decreasing-chain-k2-slack_two-1	colliding	replay	3	SFSF	0	none
frontier-run-009267	five-decreasing-chain-k2-slack_two-1	colliding	replay	3	SFF	0	none
frontier-run-009268	five-decreasing-chain-k2-slack_two-1	colliding	replay	3	FSSSSS	0	none
frontier-run-009269	five-decreasing-chain-k2-slack_two-1	colliding	replay	3	FSSSSF	0	none
frontier-run-009270	five-decreasing-chain-k2-slack_two-1	colliding	replay	3	FSSSF	0	none
frontier-run-009271	five-decreasing-chain-k2-slack_two-1	colliding	replay	3	FSSF	0	none
frontier-run-009272	five-decreasing-chain-k2-slack_two-1	colliding	replay	3	FSF	0	none
frontier-run-009273	five-decreasing-chain-k2-slack_two-1	colliding	replay	3	FF	0	none
frontier-run-009274	five-decreasing-chain-k2-slack_two-1	distinct	concurrent	3	-	11	none
frontier-run-009275	five-decreasing-chain-k2-slack_two-1	distinct	concurrent	3	-	23	none
frontier-run-009276	five-decreasing-chain-k2-slack_two-1	colliding	concurrent	3	-	11	none
frontier-run-009277	five-decreasing-chain-k2-slack_two-1	colliding	concurrent	3	-	23	none
frontier-run-009278	five-decreasing-chain-k2-slack_two-2	distinct	replay	0	SSSSS	0	none
frontier-run-009279	five-decreasing-chain-k2-slack_two-2	colliding	replay	0	SSSSS	0	none
frontier-run-009280	five-decreasing-chain-k2-slack_two-2	distinct	replay	1	-	0	none
frontier-run-009281	five-decreasing-chain-k2-slack_two-2	colliding	replay	1	-	0	none
frontier-run-009282	five-decreasing-chain-k2-slack_two-2	distinct	replay	2	-	0	none
frontier-run-009283	five-decreasing-chain-k2-slack_two-2	colliding	replay	2	-	0	none
frontier-run-009284	five-decreasing-chain-k2-slack_two-2	distinct	replay	3	SSSSS	0	none
frontier-run-009285	five-decreasing-chain-k2-slack_two-2	distinct	replay	3	SSSSF	0	none
frontier-run-009286	five-decreasing-chain-k2-slack_two-2	distinct	replay	3	SSSF	0	none
frontier-run-009287	five-decreasing-chain-k2-slack_two-2	distinct	replay	3	SSF	0	none
frontier-run-009288	five-decreasing-chain-k2-slack_two-2	distinct	replay	3	SF	0	none
frontier-run-009289	five-decreasing-chain-k2-slack_two-2	distinct	replay	3	F	0	none
frontier-run-009290	five-decreasing-chain-k2-slack_two-2	colliding	replay	3	SSSSS	0	none
frontier-run-009291	five-decreasing-chain-k2-slack_two-2	colliding	replay	3	SSSSF	0	none
frontier-run-009292	five-decreasing-chain-k2-slack_two-2	colliding	replay	3	SSSF	0	none
frontier-run-009293	five-decreasing-chain-k2-slack_two-2	colliding	replay	3	SSF	0	none
frontier-run-009294	five-decreasing-chain-k2-slack_two-2	colliding	replay	3	SF	0	none
frontier-run-009295	five-decreasing-chain-k2-slack_two-2	colliding	replay	3	F	0	none
frontier-run-009296	five-decreasing-chain-k2-slack_two-2	distinct	concurrent	3	-	11	none
frontier-run-009297	five-decreasing-chain-k2-slack_two-2	distinct	concurrent	3	-	23	none
frontier-run-009298	five-decreasing-chain-k2-slack_two-2	colliding	concurrent	3	-	11	none
frontier-run-009299	five-decreasing-chain-k2-slack_two-2	colliding	concurrent	3	-	23	none
frontier-run-009300	five-decreasing-chain-k2-slack_two-3	distinct	replay	0	SSSSS	0	none
frontier-run-009301	five-decreasing-chain-k2-slack_two-3	colliding	replay	0	SSSSS	0	none
frontier-run-009302	five-decreasing-chain-k2-slack_two-3	distinct	replay	1	-	0	none
frontier-run-009303	five-decreasing-chain-k2-slack_two-3	colliding	replay	1	-	0	none
frontier-run-009304	five-decreasing-chain-k2-slack_two-3	distinct	replay	2	-	0	none
frontier-run-009305	five-decreasing-chain-k2-slack_two-3	colliding	replay	2	-	0	none
frontier-run-009306	five-decreasing-chain-k2-slack_two-3	distinct	replay	3	-	0	none
frontier-run-009307	five-decreasing-chain-k2-slack_two-3	colliding	replay	3	-	0	none
frontier-run-009308	five-decreasing-chain-k2-slack_two-3	distinct	concurrent	3	-	11	none
frontier-run-009309	five-decreasing-chain-k2-slack_two-3	distinct	concurrent	3	-	23	none
frontier-run-009310	five-decreasing-chain-k2-slack_two-3	colliding	concurrent	3	-	11	none
frontier-run-009311	five-decreasing-chain-k2-slack_two-3	colliding	concurrent	3	-	23	none
frontier-run-009312	common-two-chain-k2-slack_three-1	colliding	postwrite	1	SS	0	none
frontier-run-009313	common-two-chain-k2-slack_three-1	colliding	postwrite	1	SS	0	live_parent
